{"!":"com.github.javaparser.ast.CompilationUnit","range":{"beginLine":1,"beginColumn":1,"endLine":43,"endColumn":2},"tokenRange":{"beginToken":{"kind":19,"text":"class"},"endToken":{"kind":0,"text":""}},"imports":[],"types":[{"!":"com.github.javaparser.ast.body.ClassOrInterfaceDeclaration","range":{"beginLine":1,"beginColumn":1,"endLine":43,"endColumn":2},"tokenRange":{"beginToken":{"kind":19,"text":"class"},"endToken":{"kind":100,"text":"}"}},"extendedTypes":[],"implementedTypes":[],"isInterface":"false","typeParameters":[],"members":[{"!":"com.github.javaparser.ast.body.MethodDeclaration","range":{"beginLine":9,"beginColumn":5,"endLine":41,"endColumn":5},"tokenRange":{"beginToken":{"kind":107,"text":"@"},"endToken":{"kind":100,"text":"}"}},"body":{"!":"com.github.javaparser.ast.stmt.BlockStmt","range":{"beginLine":10,"beginColumn":39,"endLine":41,"endColumn":5},"tokenRange":{"beginToken":{"kind":99,"text":"{"},"endToken":{"kind":100,"text":"}"}},"statements":[{"!":"com.github.javaparser.ast.stmt.IfStmt","range":{"beginLine":11,"beginColumn":9,"endLine":13,"endColumn":9},"tokenRange":{"beginToken":{"kind":34,"text":"if"},"endToken":{"kind":100,"text":"}"}},"condition":{"!":"com.github.javaparser.ast.expr.BinaryExpr","range":{"beginLine":11,"beginColumn":13,"endLine":11,"endColumn":23},"tokenRange":{"beginToken":{"kind":94,"text":"obj"},"endToken":{"kind":56,"text":"this"}},"left":{"!":"com.github.javaparser.ast.expr.NameExpr","range":{"beginLine":11,"beginColumn":13,"endLine":11,"endColumn":15},"tokenRange":{"beginToken":{"kind":94,"text":"obj"},"endToken":{"kind":94,"text":"obj"}},"name":{"!":"com.github.javaparser.ast.expr.SimpleName","range":{"beginLine":11,"beginColumn":13,"endLine":11,"endColumn":15},"tokenRange":{"beginToken":{"kind":94,"text":"obj"},"endToken":{"kind":94,"text":"obj"}},"identifier":"obj"}},"operator":"EQUALS","right":{"!":"com.github.javaparser.ast.expr.ThisExpr","range":{"beginLine":11,"beginColumn":20,"endLine":11,"endColumn":23},"tokenRange":{"beginToken":{"kind":56,"text":"this"},"endToken":{"kind":56,"text":"this"}}}},"thenStmt":{"!":"com.github.javaparser.ast.stmt.BlockStmt","range":{"beginLine":11,"beginColumn":26,"endLine":13,"endColumn":9},"tokenRange":{"beginToken":{"kind":99,"text":"{"},"endToken":{"kind":100,"text":"}"}},"statements":[{"!":"com.github.javaparser.ast.stmt.ReturnStmt","range":{"beginLine":12,"beginColumn":13,"endLine":12,"endColumn":24},"tokenRange":{"beginToken":{"kind":49,"text":"return"},"endToken":{"kind":103,"text":";"}},"expression":{"!":"com.github.javaparser.ast.expr.BooleanLiteralExpr","range":{"beginLine":12,"beginColumn":20,"endLine":12,"endColumn":23},"tokenRange":{"beginToken":{"kind":60,"text":"true"},"endToken":{"kind":60,"text":"true"}},"value":"true"}}]}},{"!":"com.github.javaparser.ast.stmt.IfStmt","range":{"beginLine":14,"beginColumn":9,"endLine":16,"endColumn":9},"tokenRange":{"beginToken":{"kind":34,"text":"if"},"endToken":{"kind":100,"text":"}"}},"condition":{"!":"com.github.javaparser.ast.expr.UnaryExpr","range":{"beginLine":14,"beginColumn":13,"endLine":14,"endColumn":45},"tokenRange":{"beginToken":{"kind":111,"text":"!"},"endToken":{"kind":98,"text":")"}},"expression":{"!":"com.github.javaparser.ast.expr.EnclosedExpr","range":{"beginLine":14,"beginColumn":14,"endLine":14,"endColumn":45},"tokenRange":{"beginToken":{"kind":97,"text":"("},"endToken":{"kind":98,"text":")"}},"inner":{"!":"com.github.javaparser.ast.expr.InstanceOfExpr","range":{"beginLine":14,"beginColumn":15,"endLine":14,"endColumn":44},"tokenRange":{"beginToken":{"kind":94,"text":"obj"},"endToken":{"kind":94,"text":"CategoryDataset"}},"expression":{"!":"com.github.javaparser.ast.expr.NameExpr","range":{"beginLine":14,"beginColumn":15,"endLine":14,"endColumn":17},"tokenRange":{"beginToken":{"kind":94,"text":"obj"},"endToken":{"kind":94,"text":"obj"}},"name":{"!":"com.github.javaparser.ast.expr.SimpleName","range":{"beginLine":14,"beginColumn":15,"endLine":14,"endColumn":17},"tokenRange":{"beginToken":{"kind":94,"text":"obj"},"endToken":{"kind":94,"text":"obj"}},"identifier":"obj"}},"type":{"!":"com.github.javaparser.ast.type.ClassOrInterfaceType","range":{"beginLine":14,"beginColumn":30,"endLine":14,"endColumn":44},"tokenRange":{"beginToken":{"kind":94,"text":"CategoryDataset"},"endToken":{"kind":94,"text":"CategoryDataset"}},"name":{"!":"com.github.javaparser.ast.expr.SimpleName","range":{"beginLine":14,"beginColumn":30,"endLine":14,"endColumn":44},"tokenRange":{"beginToken":{"kind":94,"text":"CategoryDataset"},"endToken":{"kind":94,"text":"CategoryDataset"}},"identifier":"CategoryDataset"},"annotations":[]}}},"operator":"LOGICAL_COMPLEMENT"},"thenStmt":{"!":"com.github.javaparser.ast.stmt.BlockStmt","range":{"beginLine":14,"beginColumn":48,"endLine":16,"endColumn":9},"tokenRange":{"beginToken":{"kind":99,"text":"{"},"endToken":{"kind":100,"text":"}"}},"statements":[{"!":"com.github.javaparser.ast.stmt.ReturnStmt","range":{"beginLine":15,"beginColumn":13,"endLine":15,"endColumn":25},"tokenRange":{"beginToken":{"kind":49,"text":"return"},"endToken":{"kind":103,"text":";"}},"expression":{"!":"com.github.javaparser.ast.expr.BooleanLiteralExpr","range":{"beginLine":15,"beginColumn":20,"endLine":15,"endColumn":24},"tokenRange":{"beginToken":{"kind":28,"text":"false"},"endToken":{"kind":28,"text":"false"}},"value":"false"}}]}},{"!":"com.github.javaparser.ast.stmt.ExpressionStmt","range":{"beginLine":17,"beginColumn":9,"endLine":17,"endColumn":53},"tokenRange":{"beginToken":{"kind":94,"text":"CategoryDataset"},"endToken":{"kind":103,"text":";"}},"expression":{"!":"com.github.javaparser.ast.expr.VariableDeclarationExpr","range":{"beginLine":17,"beginColumn":9,"endLine":17,"endColumn":52},"tokenRange":{"beginToken":{"kind":94,"text":"CategoryDataset"},"endToken":{"kind":94,"text":"obj"}},"annotations":[],"modifiers":[],"variables":[{"!":"com.github.javaparser.ast.body.VariableDeclarator","range":{"beginLine":17,"beginColumn":25,"endLine":17,"endColumn":52},"tokenRange":{"beginToken":{"kind":94,"text":"that"},"endToken":{"kind":94,"text":"obj"}},"initializer":{"!":"com.github.javaparser.ast.expr.CastExpr","range":{"beginLine":17,"beginColumn":32,"endLine":17,"endColumn":52},"tokenRange":{"beginToken":{"kind":97,"text":"("},"endToken":{"kind":94,"text":"obj"}},"expression":{"!":"com.github.javaparser.ast.expr.NameExpr","range":{"beginLine":17,"beginColumn":50,"endLine":17,"endColumn":52},"tokenRange":{"beginToken":{"kind":94,"text":"obj"},"endToken":{"kind":94,"text":"obj"}},"name":{"!":"com.github.javaparser.ast.expr.SimpleName","range":{"beginLine":17,"beginColumn":50,"endLine":17,"endColumn":52},"tokenRange":{"beginToken":{"kind":94,"text":"obj"},"endToken":{"kind":94,"text":"obj"}},"identifier":"obj"}},"type":{"!":"com.github.javaparser.ast.type.ClassOrInterfaceType","range":{"beginLine":17,"beginColumn":33,"endLine":17,"endColumn":47},"tokenRange":{"beginToken":{"kind":94,"text":"CategoryDataset"},"endToken":{"kind":94,"text":"CategoryDataset"}},"name":{"!":"com.github.javaparser.ast.expr.SimpleName","range":{"beginLine":17,"beginColumn":33,"endLine":17,"endColumn":47},"tokenRange":{"beginToken":{"kind":94,"text":"CategoryDataset"},"endToken":{"kind":94,"text":"CategoryDataset"}},"identifier":"CategoryDataset"},"annotations":[]}},"name":{"!":"com.github.javaparser.ast.expr.SimpleName","range":{"beginLine":17,"beginColumn":25,"endLine":17,"endColumn":28},"tokenRange":{"beginToken":{"kind":94,"text":"that"},"endToken":{"kind":94,"text":"that"}},"identifier":"that"},"type":{"!":"com.github.javaparser.ast.type.ClassOrInterfaceType","range":{"beginLine":17,"beginColumn":9,"endLine":17,"endColumn":23},"tokenRange":{"beginToken":{"kind":94,"text":"CategoryDataset"},"endToken":{"kind":94,"text":"CategoryDataset"}},"name":{"!":"com.github.javaparser.ast.expr.SimpleName","range":{"beginLine":17,"beginColumn":9,"endLine":17,"endColumn":23},"tokenRange":{"beginToken":{"kind":94,"text":"CategoryDataset"},"endToken":{"kind":94,"text":"CategoryDataset"}},"identifier":"CategoryDataset"},"annotations":[]}}]}},{"!":"com.github.javaparser.ast.stmt.IfStmt","range":{"beginLine":18,"beginColumn":9,"endLine":20,"endColumn":9},"tokenRange":{"beginToken":{"kind":34,"text":"if"},"endToken":{"kind":100,"text":"}"}},"condition":{"!":"com.github.javaparser.ast.expr.UnaryExpr","range":{"beginLine":18,"beginColumn":13,"endLine":18,"endColumn":51},"tokenRange":{"beginToken":{"kind":111,"text":"!"},"endToken":{"kind":98,"text":")"}},"expression":{"!":"com.github.javaparser.ast.expr.MethodCallExpr","range":{"beginLine":18,"beginColumn":14,"endLine":18,"endColumn":51},"tokenRange":{"beginToken":{"kind":94,"text":"getRowKeys"},"endToken":{"kind":98,"text":")"}},"arguments":[{"!":"com.github.javaparser.ast.expr.MethodCallExpr","range":{"beginLine":18,"beginColumn":34,"endLine":18,"endColumn":50},"tokenRange":{"beginToken":{"kind":94,"text":"that"},"endToken":{"kind":98,"text":")"}},"arguments":[],"name":{"!":"com.github.javaparser.ast.expr.SimpleName","range":{"beginLine":18,"beginColumn":39,"endLine":18,"endColumn":48},"tokenRange":{"beginToken":{"kind":94,"text":"getRowKeys"},"endToken":{"kind":94,"text":"getRowKeys"}},"identifier":"getRowKeys"},"scope":{"!":"com.github.javaparser.ast.expr.NameExpr","range":{"beginLine":18,"beginColumn":34,"endLine":18,"endColumn":37},"tokenRange":{"beginToken":{"kind":94,"text":"that"},"endToken":{"kind":94,"text":"that"}},"name":{"!":"com.github.javaparser.ast.expr.SimpleName","range":{"beginLine":18,"beginColumn":34,"endLine":18,"endColumn":37},"tokenRange":{"beginToken":{"kind":94,"text":"that"},"endToken":{"kind":94,"text":"that"}},"identifier":"that"}}}],"name":{"!":"com.github.javaparser.ast.expr.SimpleName","range":{"beginLine":18,"beginColumn":27,"endLine":18,"endColumn":32},"tokenRange":{"beginToken":{"kind":94,"text":"equals"},"endToken":{"kind":94,"text":"equals"}},"identifier":"equals"},"scope":{"!":"com.github.javaparser.ast.expr.MethodCallExpr","range":{"beginLine":18,"beginColumn":14,"endLine":18,"endColumn":25},"tokenRange":{"beginToken":{"kind":94,"text":"getRowKeys"},"endToken":{"kind":98,"text":")"}},"arguments":[],"name":{"!":"com.github.javaparser.ast.expr.SimpleName","range":{"beginLine":18,"beginColumn":14,"endLine":18,"endColumn":23},"tokenRange":{"beginToken":{"kind":94,"text":"getRowKeys"},"endToken":{"kind":94,"text":"getRowKeys"}},"identifier":"getRowKeys"}}},"operator":"LOGICAL_COMPLEMENT"},"thenStmt":{"!":"com.github.javaparser.ast.stmt.BlockStmt","range":{"beginLine":18,"beginColumn":54,"endLine":20,"endColumn":9},"tokenRange":{"beginToken":{"kind":99,"text":"{"},"endToken":{"kind":100,"text":"}"}},"statements":[{"!":"com.github.javaparser.ast.stmt.ReturnStmt","range":{"beginLine":19,"beginColumn":13,"endLine":19,"endColumn":25},"tokenRange":{"beginToken":{"kind":49,"text":"return"},"endToken":{"kind":103,"text":";"}},"expression":{"!":"com.github.javaparser.ast.expr.BooleanLiteralExpr","range":{"beginLine":19,"beginColumn":20,"endLine":19,"endColumn":24},"tokenRange":{"beginToken":{"kind":28,"text":"false"},"endToken":{"kind":28,"text":"false"}},"value":"false"}}]}},{"!":"com.github.javaparser.ast.stmt.IfStmt","range":{"beginLine":21,"beginColumn":9,"endLine":23,"endColumn":9},"tokenRange":{"beginToken":{"kind":34,"text":"if"},"endToken":{"kind":100,"text":"}"}},"condition":{"!":"com.github.javaparser.ast.expr.UnaryExpr","range":{"beginLine":21,"beginColumn":13,"endLine":21,"endColumn":57},"tokenRange":{"beginToken":{"kind":111,"text":"!"},"endToken":{"kind":98,"text":")"}},"expression":{"!":"com.github.javaparser.ast.expr.MethodCallExpr","range":{"beginLine":21,"beginColumn":14,"endLine":21,"endColumn":57},"tokenRange":{"beginToken":{"kind":94,"text":"getColumnKeys"},"endToken":{"kind":98,"text":")"}},"arguments":[{"!":"com.github.javaparser.ast.expr.MethodCallExpr","range":{"beginLine":21,"beginColumn":37,"endLine":21,"endColumn":56},"tokenRange":{"beginToken":{"kind":94,"text":"that"},"endToken":{"kind":98,"text":")"}},"arguments":[],"name":{"!":"com.github.javaparser.ast.expr.SimpleName","range":{"beginLine":21,"beginColumn":42,"endLine":21,"endColumn":54},"tokenRange":{"beginToken":{"kind":94,"text":"getColumnKeys"},"endToken":{"kind":94,"text":"getColumnKeys"}},"identifier":"getColumnKeys"},"scope":{"!":"com.github.javaparser.ast.expr.NameExpr","range":{"beginLine":21,"beginColumn":37,"endLine":21,"endColumn":40},"tokenRange":{"beginToken":{"kind":94,"text":"that"},"endToken":{"kind":94,"text":"that"}},"name":{"!":"com.github.javaparser.ast.expr.SimpleName","range":{"beginLine":21,"beginColumn":37,"endLine":21,"endColumn":40},"tokenRange":{"beginToken":{"kind":94,"text":"that"},"endToken":{"kind":94,"text":"that"}},"identifier":"that"}}}],"name":{"!":"com.github.javaparser.ast.expr.SimpleName","range":{"beginLine":21,"beginColumn":30,"endLine":21,"endColumn":35},"tokenRange":{"beginToken":{"kind":94,"text":"equals"},"endToken":{"kind":94,"text":"equals"}},"identifier":"equals"},"scope":{"!":"com.github.javaparser.ast.expr.MethodCallExpr","range":{"beginLine":21,"beginColumn":14,"endLine":21,"endColumn":28},"tokenRange":{"beginToken":{"kind":94,"text":"getColumnKeys"},"endToken":{"kind":98,"text":")"}},"arguments":[],"name":{"!":"com.github.javaparser.ast.expr.SimpleName","range":{"beginLine":21,"beginColumn":14,"endLine":21,"endColumn":26},"tokenRange":{"beginToken":{"kind":94,"text":"getColumnKeys"},"endToken":{"kind":94,"text":"getColumnKeys"}},"identifier":"getColumnKeys"}}},"operator":"LOGICAL_COMPLEMENT"},"thenStmt":{"!":"com.github.javaparser.ast.stmt.BlockStmt","range":{"beginLine":21,"beginColumn":60,"endLine":23,"endColumn":9},"tokenRange":{"beginToken":{"kind":99,"text":"{"},"endToken":{"kind":100,"text":"}"}},"statements":[{"!":"com.github.javaparser.ast.stmt.ReturnStmt","range":{"beginLine":22,"beginColumn":13,"endLine":22,"endColumn":25},"tokenRange":{"beginToken":{"kind":49,"text":"return"},"endToken":{"kind":103,"text":";"}},"expression":{"!":"com.github.javaparser.ast.expr.BooleanLiteralExpr","range":{"beginLine":22,"beginColumn":20,"endLine":22,"endColumn":24},"tokenRange":{"beginToken":{"kind":28,"text":"false"},"endToken":{"kind":28,"text":"false"}},"value":"false"}}]}},{"!":"com.github.javaparser.ast.stmt.ExpressionStmt","range":{"beginLine":24,"beginColumn":9,"endLine":24,"endColumn":37},"tokenRange":{"beginToken":{"kind":38,"text":"int"},"endToken":{"kind":103,"text":";"}},"expression":{"!":"com.github.javaparser.ast.expr.VariableDeclarationExpr","range":{"beginLine":24,"beginColumn":9,"endLine":24,"endColumn":36},"tokenRange":{"beginToken":{"kind":38,"text":"int"},"endToken":{"kind":98,"text":")"}},"annotations":[],"modifiers":[],"variables":[{"!":"com.github.javaparser.ast.body.VariableDeclarator","range":{"beginLine":24,"beginColumn":13,"endLine":24,"endColumn":36},"tokenRange":{"beginToken":{"kind":94,"text":"rowCount"},"endToken":{"kind":98,"text":")"}},"initializer":{"!":"com.github.javaparser.ast.expr.MethodCallExpr","range":{"beginLine":24,"beginColumn":24,"endLine":24,"endColumn":36},"tokenRange":{"beginToken":{"kind":94,"text":"getRowCount"},"endToken":{"kind":98,"text":")"}},"arguments":[],"name":{"!":"com.github.javaparser.ast.expr.SimpleName","range":{"beginLine":24,"beginColumn":24,"endLine":24,"endColumn":34},"tokenRange":{"beginToken":{"kind":94,"text":"getRowCount"},"endToken":{"kind":94,"text":"getRowCount"}},"identifier":"getRowCount"}},"name":{"!":"com.github.javaparser.ast.expr.SimpleName","range":{"beginLine":24,"beginColumn":13,"endLine":24,"endColumn":20},"tokenRange":{"beginToken":{"kind":94,"text":"rowCount"},"endToken":{"kind":94,"text":"rowCount"}},"identifier":"rowCount"},"type":{"!":"com.github.javaparser.ast.type.PrimitiveType","range":{"beginLine":24,"beginColumn":9,"endLine":24,"endColumn":11},"tokenRange":{"beginToken":{"kind":38,"text":"int"},"endToken":{"kind":38,"text":"int"}},"type":"INT","annotations":[]}}]}},{"!":"com.github.javaparser.ast.stmt.ExpressionStmt","range":{"beginLine":25,"beginColumn":9,"endLine":25,"endColumn":40},"tokenRange":{"beginToken":{"kind":38,"text":"int"},"endToken":{"kind":103,"text":";"}},"expression":{"!":"com.github.javaparser.ast.expr.VariableDeclarationExpr","range":{"beginLine":25,"beginColumn":9,"endLine":25,"endColumn":39},"tokenRange":{"beginToken":{"kind":38,"text":"int"},"endToken":{"kind":98,"text":")"}},"annotations":[],"modifiers":[],"variables":[{"!":"com.github.javaparser.ast.body.VariableDeclarator","range":{"beginLine":25,"beginColumn":13,"endLine":25,"endColumn":39},"tokenRange":{"beginToken":{"kind":94,"text":"colCount"},"endToken":{"kind":98,"text":")"}},"initializer":{"!":"com.github.javaparser.ast.expr.MethodCallExpr","range":{"beginLine":25,"beginColumn":24,"endLine":25,"endColumn":39},"tokenRange":{"beginToken":{"kind":94,"text":"getColumnCount"},"endToken":{"kind":98,"text":")"}},"arguments":[],"name":{"!":"com.github.javaparser.ast.expr.SimpleName","range":{"beginLine":25,"beginColumn":24,"endLine":25,"endColumn":37},"tokenRange":{"beginToken":{"kind":94,"text":"getColumnCount"},"endToken":{"kind":94,"text":"getColumnCount"}},"identifier":"getColumnCount"}},"name":{"!":"com.github.javaparser.ast.expr.SimpleName","range":{"beginLine":25,"beginColumn":13,"endLine":25,"endColumn":20},"tokenRange":{"beginToken":{"kind":94,"text":"colCount"},"endToken":{"kind":94,"text":"colCount"}},"identifier":"colCount"},"type":{"!":"com.github.javaparser.ast.type.PrimitiveType","range":{"beginLine":25,"beginColumn":9,"endLine":25,"endColumn":11},"tokenRange":{"beginToken":{"kind":38,"text":"int"},"endToken":{"kind":38,"text":"int"}},"type":"INT","annotations":[]}}]}},{"!":"com.github.javaparser.ast.stmt.ForStmt","range":{"beginLine":26,"beginColumn":9,"endLine":39,"endColumn":9},"tokenRange":{"beginToken":{"kind":32,"text":"for"},"endToken":{"kind":100,"text":"}"}},"body":{"!":"com.github.javaparser.ast.stmt.BlockStmt","range":{"beginLine":26,"beginColumn":44,"endLine":39,"endColumn":9},"tokenRange":{"beginToken":{"kind":99,"text":"{"},"endToken":{"kind":100,"text":"}"}},"statements":[{"!":"com.github.javaparser.ast.stmt.ForStmt","range":{"beginLine":27,"beginColumn":13,"endLine":38,"endColumn":13},"tokenRange":{"beginToken":{"kind":32,"text":"for"},"endToken":{"kind":100,"text":"}"}},"body":{"!":"com.github.javaparser.ast.stmt.BlockStmt","range":{"beginLine":27,"beginColumn":48,"endLine":38,"endColumn":13},"tokenRange":{"beginToken":{"kind":99,"text":"{"},"endToken":{"kind":100,"text":"}"}},"statements":[{"!":"com.github.javaparser.ast.stmt.ExpressionStmt","range":{"beginLine":28,"beginColumn":17,"endLine":28,"endColumn":43},"tokenRange":{"beginToken":{"kind":94,"text":"Number"},"endToken":{"kind":103,"text":";"}},"expression":{"!":"com.github.javaparser.ast.expr.VariableDeclarationExpr","range":{"beginLine":28,"beginColumn":17,"endLine":28,"endColumn":42},"tokenRange":{"beginToken":{"kind":94,"text":"Number"},"endToken":{"kind":98,"text":")"}},"annotations":[],"modifiers":[],"variables":[{"!":"com.github.javaparser.ast.body.VariableDeclarator","range":{"beginLine":28,"beginColumn":24,"endLine":28,"endColumn":42},"tokenRange":{"beginToken":{"kind":94,"text":"v1"},"endToken":{"kind":98,"text":")"}},"initializer":{"!":"com.github.javaparser.ast.expr.MethodCallExpr","range":{"beginLine":28,"beginColumn":29,"endLine":28,"endColumn":42},"tokenRange":{"beginToken":{"kind":94,"text":"getValue"},"endToken":{"kind":98,"text":")"}},"arguments":[{"!":"com.github.javaparser.ast.expr.NameExpr","range":{"beginLine":28,"beginColumn":38,"endLine":28,"endColumn":38},"tokenRange":{"beginToken":{"kind":94,"text":"r"},"endToken":{"kind":94,"text":"r"}},"name":{"!":"com.github.javaparser.ast.expr.SimpleName","range":{"beginLine":28,"beginColumn":38,"endLine":28,"endColumn":38},"tokenRange":{"beginToken":{"kind":94,"text":"r"},"endToken":{"kind":94,"text":"r"}},"identifier":"r"}},{"!":"com.github.javaparser.ast.expr.NameExpr","range":{"beginLine":28,"beginColumn":41,"endLine":28,"endColumn":41},"tokenRange":{"beginToken":{"kind":94,"text":"c"},"endToken":{"kind":94,"text":"c"}},"name":{"!":"com.github.javaparser.ast.expr.SimpleName","range":{"beginLine":28,"beginColumn":41,"endLine":28,"endColumn":41},"tokenRange":{"beginToken":{"kind":94,"text":"c"},"endToken":{"kind":94,"text":"c"}},"identifier":"c"}}],"name":{"!":"com.github.javaparser.ast.expr.SimpleName","range":{"beginLine":28,"beginColumn":29,"endLine":28,"endColumn":36},"tokenRange":{"beginToken":{"kind":94,"text":"getValue"},"endToken":{"kind":94,"text":"getValue"}},"identifier":"getValue"}},"name":{"!":"com.github.javaparser.ast.expr.SimpleName","range":{"beginLine":28,"beginColumn":24,"endLine":28,"endColumn":25},"tokenRange":{"beginToken":{"kind":94,"text":"v1"},"endToken":{"kind":94,"text":"v1"}},"identifier":"v1"},"type":{"!":"com.github.javaparser.ast.type.ClassOrInterfaceType","range":{"beginLine":28,"beginColumn":17,"endLine":28,"endColumn":22},"tokenRange":{"beginToken":{"kind":94,"text":"Number"},"endToken":{"kind":94,"text":"Number"}},"name":{"!":"com.github.javaparser.ast.expr.SimpleName","range":{"beginLine":28,"beginColumn":17,"endLine":28,"endColumn":22},"tokenRange":{"beginToken":{"kind":94,"text":"Number"},"endToken":{"kind":94,"text":"Number"}},"identifier":"Number"},"annotations":[]}}]}},{"!":"com.github.javaparser.ast.stmt.ExpressionStmt","range":{"beginLine":29,"beginColumn":17,"endLine":29,"endColumn":48},"tokenRange":{"beginToken":{"kind":94,"text":"Number"},"endToken":{"kind":103,"text":";"}},"expression":{"!":"com.github.javaparser.ast.expr.VariableDeclarationExpr","range":{"beginLine":29,"beginColumn":17,"endLine":29,"endColumn":47},"tokenRange":{"beginToken":{"kind":94,"text":"Number"},"endToken":{"kind":98,"text":")"}},"annotations":[],"modifiers":[],"variables":[{"!":"com.github.javaparser.ast.body.VariableDeclarator","range":{"beginLine":29,"beginColumn":24,"endLine":29,"endColumn":47},"tokenRange":{"beginToken":{"kind":94,"text":"v2"},"endToken":{"kind":98,"text":")"}},"initializer":{"!":"com.github.javaparser.ast.expr.MethodCallExpr","range":{"beginLine":29,"beginColumn":29,"endLine":29,"endColumn":47},"tokenRange":{"beginToken":{"kind":94,"text":"that"},"endToken":{"kind":98,"text":")"}},"arguments":[{"!":"com.github.javaparser.ast.expr.NameExpr","range":{"beginLine":29,"beginColumn":43,"endLine":29,"endColumn":43},"tokenRange":{"beginToken":{"kind":94,"text":"r"},"endToken":{"kind":94,"text":"r"}},"name":{"!":"com.github.javaparser.ast.expr.SimpleName","range":{"beginLine":29,"beginColumn":43,"endLine":29,"endColumn":43},"tokenRange":{"beginToken":{"kind":94,"text":"r"},"endToken":{"kind":94,"text":"r"}},"identifier":"r"}},{"!":"com.github.javaparser.ast.expr.NameExpr","range":{"beginLine":29,"beginColumn":46,"endLine":29,"endColumn":46},"tokenRange":{"beginToken":{"kind":94,"text":"c"},"endToken":{"kind":94,"text":"c"}},"name":{"!":"com.github.javaparser.ast.expr.SimpleName","range":{"beginLine":29,"beginColumn":46,"endLine":29,"endColumn":46},"tokenRange":{"beginToken":{"kind":94,"text":"c"},"endToken":{"kind":94,"text":"c"}},"identifier":"c"}}],"name":{"!":"com.github.javaparser.ast.expr.SimpleName","range":{"beginLine":29,"beginColumn":34,"endLine":29,"endColumn":41},"tokenRange":{"beginToken":{"kind":94,"text":"getValue"},"endToken":{"kind":94,"text":"getValue"}},"identifier":"getValue"},"scope":{"!":"com.github.javaparser.ast.expr.NameExpr","range":{"beginLine":29,"beginColumn":29,"endLine":29,"endColumn":32},"tokenRange":{"beginToken":{"kind":94,"text":"that"},"endToken":{"kind":94,"text":"that"}},"name":{"!":"com.github.javaparser.ast.expr.SimpleName","range":{"beginLine":29,"beginColumn":29,"endLine":29,"endColumn":32},"tokenRange":{"beginToken":{"kind":94,"text":"that"},"endToken":{"kind":94,"text":"that"}},"identifier":"that"}}},"name":{"!":"com.github.javaparser.ast.expr.SimpleName","range":{"beginLine":29,"beginColumn":24,"endLine":29,"endColumn":25},"tokenRange":{"beginToken":{"kind":94,"text":"v2"},"endToken":{"kind":94,"text":"v2"}},"identifier":"v2"},"type":{"!":"com.github.javaparser.ast.type.ClassOrInterfaceType","range":{"beginLine":29,"beginColumn":17,"endLine":29,"endColumn":22},"tokenRange":{"beginToken":{"kind":94,"text":"Number"},"endToken":{"kind":94,"text":"Number"}},"name":{"!":"com.github.javaparser.ast.expr.SimpleName","range":{"beginLine":29,"beginColumn":17,"endLine":29,"endColumn":22},"tokenRange":{"beginToken":{"kind":94,"text":"Number"},"endToken":{"kind":94,"text":"Number"}},"identifier":"Number"},"annotations":[]}}]}},{"!":"com.github.javaparser.ast.stmt.IfStmt","range":{"beginLine":30,"beginColumn":17,"endLine":37,"endColumn":17},"tokenRange":{"beginToken":{"kind":34,"text":"if"},"endToken":{"kind":100,"text":"}"}},"condition":{"!":"com.github.javaparser.ast.expr.BinaryExpr","range":{"beginLine":30,"beginColumn":21,"endLine":30,"endColumn":30},"tokenRange":{"beginToken":{"kind":94,"text":"v1"},"endToken":{"kind":43,"text":"null"}},"left":{"!":"com.github.javaparser.ast.expr.NameExpr","range":{"beginLine":30,"beginColumn":21,"endLine":30,"endColumn":22},"tokenRange":{"beginToken":{"kind":94,"text":"v1"},"endToken":{"kind":94,"text":"v1"}},"name":{"!":"com.github.javaparser.ast.expr.SimpleName","range":{"beginLine":30,"beginColumn":21,"endLine":30,"endColumn":22},"tokenRange":{"beginToken":{"kind":94,"text":"v1"},"endToken":{"kind":94,"text":"v1"}},"identifier":"v1"}},"operator":"EQUALS","right":{"!":"com.github.javaparser.ast.expr.NullLiteralExpr","range":{"beginLine":30,"beginColumn":27,"endLine":30,"endColumn":30},"tokenRange":{"beginToken":{"kind":43,"text":"null"},"endToken":{"kind":43,"text":"null"}}}},"elseStmt":{"!":"com.github.javaparser.ast.stmt.IfStmt","range":{"beginLine":35,"beginColumn":22,"endLine":37,"endColumn":17},"tokenRange":{"beginToken":{"kind":34,"text":"if"},"endToken":{"kind":100,"text":"}"}},"condition":{"!":"com.github.javaparser.ast.expr.UnaryExpr","range":{"beginLine":35,"beginColumn":26,"endLine":35,"endColumn":39},"tokenRange":{"beginToken":{"kind":111,"text":"!"},"endToken":{"kind":98,"text":")"}},"expression":{"!":"com.github.javaparser.ast.expr.MethodCallExpr","range":{"beginLine":35,"beginColumn":27,"endLine":35,"endColumn":39},"tokenRange":{"beginToken":{"kind":94,"text":"v1"},"endToken":{"kind":98,"text":")"}},"arguments":[{"!":"com.github.javaparser.ast.expr.NameExpr","range":{"beginLine":35,"beginColumn":37,"endLine":35,"endColumn":38},"tokenRange":{"beginToken":{"kind":94,"text":"v2"},"endToken":{"kind":94,"text":"v2"}},"name":{"!":"com.github.javaparser.ast.expr.SimpleName","range":{"beginLine":35,"beginColumn":37,"endLine":35,"endColumn":38},"tokenRange":{"beginToken":{"kind":94,"text":"v2"},"endToken":{"kind":94,"text":"v2"}},"identifier":"v2"}}],"name":{"!":"com.github.javaparser.ast.expr.SimpleName","range":{"beginLine":35,"beginColumn":30,"endLine":35,"endColumn":35},"tokenRange":{"beginToken":{"kind":94,"text":"equals"},"endToken":{"kind":94,"text":"equals"}},"identifier":"equals"},"scope":{"!":"com.github.javaparser.ast.expr.NameExpr","range":{"beginLine":35,"beginColumn":27,"endLine":35,"endColumn":28},"tokenRange":{"beginToken":{"kind":94,"text":"v1"},"endToken":{"kind":94,"text":"v1"}},"name":{"!":"com.github.javaparser.ast.expr.SimpleName","range":{"beginLine":35,"beginColumn":27,"endLine":35,"endColumn":28},"tokenRange":{"beginToken":{"kind":94,"text":"v1"},"endToken":{"kind":94,"text":"v1"}},"identifier":"v1"}}},"operator":"LOGICAL_COMPLEMENT"},"thenStmt":{"!":"com.github.javaparser.ast.stmt.BlockStmt","range":{"beginLine":35,"beginColumn":42,"endLine":37,"endColumn":17},"tokenRange":{"beginToken":{"kind":99,"text":"{"},"endToken":{"kind":100,"text":"}"}},"statements":[{"!":"com.github.javaparser.ast.stmt.ReturnStmt","range":{"beginLine":36,"beginColumn":21,"endLine":36,"endColumn":33},"tokenRange":{"beginToken":{"kind":49,"text":"return"},"endToken":{"kind":103,"text":";"}},"expression":{"!":"com.github.javaparser.ast.expr.BooleanLiteralExpr","range":{"beginLine":36,"beginColumn":28,"endLine":36,"endColumn":32},"tokenRange":{"beginToken":{"kind":28,"text":"false"},"endToken":{"kind":28,"text":"false"}},"value":"false"}}]}},"thenStmt":{"!":"com.github.javaparser.ast.stmt.BlockStmt","range":{"beginLine":30,"beginColumn":33,"endLine":34,"endColumn":17},"tokenRange":{"beginToken":{"kind":99,"text":"{"},"endToken":{"kind":100,"text":"}"}},"statements":[{"!":"com.github.javaparser.ast.stmt.IfStmt","range":{"beginLine":31,"beginColumn":21,"endLine":33,"endColumn":21},"tokenRange":{"beginToken":{"kind":34,"text":"if"},"endToken":{"kind":100,"text":"}"}},"condition":{"!":"com.github.javaparser.ast.expr.BinaryExpr","range":{"beginLine":31,"beginColumn":25,"endLine":31,"endColumn":34},"tokenRange":{"beginToken":{"kind":94,"text":"v2"},"endToken":{"kind":43,"text":"null"}},"left":{"!":"com.github.javaparser.ast.expr.NameExpr","range":{"beginLine":31,"beginColumn":25,"endLine":31,"endColumn":26},"tokenRange":{"beginToken":{"kind":94,"text":"v2"},"endToken":{"kind":94,"text":"v2"}},"name":{"!":"com.github.javaparser.ast.expr.SimpleName","range":{"beginLine":31,"beginColumn":25,"endLine":31,"endColumn":26},"tokenRange":{"beginToken":{"kind":94,"text":"v2"},"endToken":{"kind":94,"text":"v2"}},"identifier":"v2"}},"operator":"NOT_EQUALS","right":{"!":"com.github.javaparser.ast.expr.NullLiteralExpr","range":{"beginLine":31,"beginColumn":31,"endLine":31,"endColumn":34},"tokenRange":{"beginToken":{"kind":43,"text":"null"},"endToken":{"kind":43,"text":"null"}}}},"thenStmt":{"!":"com.github.javaparser.ast.stmt.BlockStmt","range":{"beginLine":31,"beginColumn":37,"endLine":33,"endColumn":21},"tokenRange":{"beginToken":{"kind":99,"text":"{"},"endToken":{"kind":100,"text":"}"}},"statements":[{"!":"com.github.javaparser.ast.stmt.ReturnStmt","range":{"beginLine":32,"beginColumn":25,"endLine":32,"endColumn":37},"tokenRange":{"beginToken":{"kind":49,"text":"return"},"endToken":{"kind":103,"text":";"}},"expression":{"!":"com.github.javaparser.ast.expr.BooleanLiteralExpr","range":{"beginLine":32,"beginColumn":32,"endLine":32,"endColumn":36},"tokenRange":{"beginToken":{"kind":28,"text":"false"},"endToken":{"kind":28,"text":"false"}},"value":"false"}}]}}]}}]},"compare":{"!":"com.github.javaparser.ast.expr.BinaryExpr","range":{"beginLine":27,"beginColumn":29,"endLine":27,"endColumn":40},"tokenRange":{"beginToken":{"kind":94,"text":"c"},"endToken":{"kind":94,"text":"colCount"}},"left":{"!":"com.github.javaparser.ast.expr.NameExpr","range":{"beginLine":27,"beginColumn":29,"endLine":27,"endColumn":29},"tokenRange":{"beginToken":{"kind":94,"text":"c"},"endToken":{"kind":94,"text":"c"}},"name":{"!":"com.github.javaparser.ast.expr.SimpleName","range":{"beginLine":27,"beginColumn":29,"endLine":27,"endColumn":29},"tokenRange":{"beginToken":{"kind":94,"text":"c"},"endToken":{"kind":94,"text":"c"}},"identifier":"c"}},"operator":"LESS","right":{"!":"com.github.javaparser.ast.expr.NameExpr","range":{"beginLine":27,"beginColumn":33,"endLine":27,"endColumn":40},"tokenRange":{"beginToken":{"kind":94,"text":"colCount"},"endToken":{"kind":94,"text":"colCount"}},"name":{"!":"com.github.javaparser.ast.expr.SimpleName","range":{"beginLine":27,"beginColumn":33,"endLine":27,"endColumn":40},"tokenRange":{"beginToken":{"kind":94,"text":"colCount"},"endToken":{"kind":94,"text":"colCount"}},"identifier":"colCount"}}},"initialization":[{"!":"com.github.javaparser.ast.expr.VariableDeclarationExpr","range":{"beginLine":27,"beginColumn":18,"endLine":27,"endColumn":26},"tokenRange":{"beginToken":{"kind":38,"text":"int"},"endToken":{"kind":77,"text":"0"}},"annotations":[],"modifiers":[],"variables":[{"!":"com.github.javaparser.ast.body.VariableDeclarator","range":{"beginLine":27,"beginColumn":22,"endLine":27,"endColumn":26},"tokenRange":{"beginToken":{"kind":94,"text":"c"},"endToken":{"kind":77,"text":"0"}},"initializer":{"!":"com.github.javaparser.ast.expr.IntegerLiteralExpr","range":{"beginLine":27,"beginColumn":26,"endLine":27,"endColumn":26},"tokenRange":{"beginToken":{"kind":77,"text":"0"},"endToken":{"kind":77,"text":"0"}},"value":"0"},"name":{"!":"com.github.javaparser.ast.expr.SimpleName","range":{"beginLine":27,"beginColumn":22,"endLine":27,"endColumn":22},"tokenRange":{"beginToken":{"kind":94,"text":"c"},"endToken":{"kind":94,"text":"c"}},"identifier":"c"},"type":{"!":"com.github.javaparser.ast.type.PrimitiveType","range":{"beginLine":27,"beginColumn":18,"endLine":27,"endColumn":20},"tokenRange":{"beginToken":{"kind":38,"text":"int"},"endToken":{"kind":38,"text":"int"}},"type":"INT","annotations":[]}}]}],"update":[{"!":"com.github.javaparser.ast.expr.UnaryExpr","range":{"beginLine":27,"beginColumn":43,"endLine":27,"endColumn":45},"tokenRange":{"beginToken":{"kind":94,"text":"c"},"endToken":{"kind":122,"text":"++"}},"expression":{"!":"com.github.javaparser.ast.expr.NameExpr","range":{"beginLine":27,"beginColumn":43,"endLine":27,"endColumn":43},"tokenRange":{"beginToken":{"kind":94,"text":"c"},"endToken":{"kind":94,"text":"c"}},"name":{"!":"com.github.javaparser.ast.expr.SimpleName","range":{"beginLine":27,"beginColumn":43,"endLine":27,"endColumn":43},"tokenRange":{"beginToken":{"kind":94,"text":"c"},"endToken":{"kind":94,"text":"c"}},"identifier":"c"}},"operator":"POSTFIX_INCREMENT"}]}]},"compare":{"!":"com.github.javaparser.ast.expr.BinaryExpr","range":{"beginLine":26,"beginColumn":25,"endLine":26,"endColumn":36},"tokenRange":{"beginToken":{"kind":94,"text":"r"},"endToken":{"kind":94,"text":"rowCount"}},"left":{"!":"com.github.javaparser.ast.expr.NameExpr","range":{"beginLine":26,"beginColumn":25,"endLine":26,"endColumn":25},"tokenRange":{"beginToken":{"kind":94,"text":"r"},"endToken":{"kind":94,"text":"r"}},"name":{"!":"com.github.javaparser.ast.expr.SimpleName","range":{"beginLine":26,"beginColumn":25,"endLine":26,"endColumn":25},"tokenRange":{"beginToken":{"kind":94,"text":"r"},"endToken":{"kind":94,"text":"r"}},"identifier":"r"}},"operator":"LESS","right":{"!":"com.github.javaparser.ast.expr.NameExpr","range":{"beginLine":26,"beginColumn":29,"endLine":26,"endColumn":36},"tokenRange":{"beginToken":{"kind":94,"text":"rowCount"},"endToken":{"kind":94,"text":"rowCount"}},"name":{"!":"com.github.javaparser.ast.expr.SimpleName","range":{"beginLine":26,"beginColumn":29,"endLine":26,"endColumn":36},"tokenRange":{"beginToken":{"kind":94,"text":"rowCount"},"endToken":{"kind":94,"text":"rowCount"}},"identifier":"rowCount"}}},"initialization":[{"!":"com.github.javaparser.ast.expr.VariableDeclarationExpr","range":{"beginLine":26,"beginColumn":14,"endLine":26,"endColumn":22},"tokenRange":{"beginToken":{"kind":38,"text":"int"},"endToken":{"kind":77,"text":"0"}},"annotations":[],"modifiers":[],"variables":[{"!":"com.github.javaparser.ast.body.VariableDeclarator","range":{"beginLine":26,"beginColumn":18,"endLine":26,"endColumn":22},"tokenRange":{"beginToken":{"kind":94,"text":"r"},"endToken":{"kind":77,"text":"0"}},"initializer":{"!":"com.github.javaparser.ast.expr.IntegerLiteralExpr","range":{"beginLine":26,"beginColumn":22,"endLine":26,"endColumn":22},"tokenRange":{"beginToken":{"kind":77,"text":"0"},"endToken":{"kind":77,"text":"0"}},"value":"0"},"name":{"!":"com.github.javaparser.ast.expr.SimpleName","range":{"beginLine":26,"beginColumn":18,"endLine":26,"endColumn":18},"tokenRange":{"beginToken":{"kind":94,"text":"r"},"endToken":{"kind":94,"text":"r"}},"identifier":"r"},"type":{"!":"com.github.javaparser.ast.type.PrimitiveType","range":{"beginLine":26,"beginColumn":14,"endLine":26,"endColumn":16},"tokenRange":{"beginToken":{"kind":38,"text":"int"},"endToken":{"kind":38,"text":"int"}},"type":"INT","annotations":[]}}]}],"update":[{"!":"com.github.javaparser.ast.expr.UnaryExpr","range":{"beginLine":26,"beginColumn":39,"endLine":26,"endColumn":41},"tokenRange":{"beginToken":{"kind":94,"text":"r"},"endToken":{"kind":122,"text":"++"}},"expression":{"!":"com.github.javaparser.ast.expr.NameExpr","range":{"beginLine":26,"beginColumn":39,"endLine":26,"endColumn":39},"tokenRange":{"beginToken":{"kind":94,"text":"r"},"endToken":{"kind":94,"text":"r"}},"name":{"!":"com.github.javaparser.ast.expr.SimpleName","range":{"beginLine":26,"beginColumn":39,"endLine":26,"endColumn":39},"tokenRange":{"beginToken":{"kind":94,"text":"r"},"endToken":{"kind":94,"text":"r"}},"identifier":"r"}},"operator":"POSTFIX_INCREMENT"}]},{"!":"com.github.javaparser.ast.stmt.ReturnStmt","range":{"beginLine":40,"beginColumn":9,"endLine":40,"endColumn":20},"tokenRange":{"beginToken":{"kind":49,"text":"return"},"endToken":{"kind":103,"text":";"}},"expression":{"!":"com.github.javaparser.ast.expr.BooleanLiteralExpr","range":{"beginLine":40,"beginColumn":16,"endLine":40,"endColumn":19},"tokenRange":{"beginToken":{"kind":60,"text":"true"},"endToken":{"kind":60,"text":"true"}},"value":"true"}}]},"type":{"!":"com.github.javaparser.ast.type.PrimitiveType","range":{"beginLine":10,"beginColumn":12,"endLine":10,"endColumn":18},"tokenRange":{"beginToken":{"kind":13,"text":"boolean"},"endToken":{"kind":13,"text":"boolean"}},"type":"BOOLEAN","annotations":[]},"modifiers":[{"!":"com.github.javaparser.ast.Modifier","range":{"beginLine":10,"beginColumn":5,"endLine":10,"endColumn":10},"tokenRange":{"beginToken":{"kind":47,"text":"public"},"endToken":{"kind":47,"text":"public"}},"keyword":"PUBLIC"}],"name":{"!":"com.github.javaparser.ast.expr.SimpleName","range":{"beginLine":10,"beginColumn":20,"endLine":10,"endColumn":25},"tokenRange":{"beginToken":{"kind":94,"text":"equals"},"endToken":{"kind":94,"text":"equals"}},"identifier":"equals"},"parameters":[{"!":"com.github.javaparser.ast.body.Parameter","range":{"beginLine":10,"beginColumn":27,"endLine":10,"endColumn":36},"tokenRange":{"beginToken":{"kind":94,"text":"Object"},"endToken":{"kind":94,"text":"obj"}},"annotations":[],"isVarArgs":"false","modifiers":[],"name":{"!":"com.github.javaparser.ast.expr.SimpleName","range":{"beginLine":10,"beginColumn":34,"endLine":10,"endColumn":36},"tokenRange":{"beginToken":{"kind":94,"text":"obj"},"endToken":{"kind":94,"text":"obj"}},"identifier":"obj"},"type":{"!":"com.github.javaparser.ast.type.ClassOrInterfaceType","range":{"beginLine":10,"beginColumn":27,"endLine":10,"endColumn":32},"tokenRange":{"beginToken":{"kind":94,"text":"Object"},"endToken":{"kind":94,"text":"Object"}},"name":{"!":"com.github.javaparser.ast.expr.SimpleName","range":{"beginLine":10,"beginColumn":27,"endLine":10,"endColumn":32},"tokenRange":{"beginToken":{"kind":94,"text":"Object"},"endToken":{"kind":94,"text":"Object"}},"identifier":"Object"},"annotations":[]},"varArgsAnnotations":[]}],"thrownExceptions":[],"typeParameters":[],"annotations":[{"!":"com.github.javaparser.ast.expr.MarkerAnnotationExpr","range":{"beginLine":9,"beginColumn":5,"endLine":9,"endColumn":13},"tokenRange":{"beginToken":{"kind":107,"text":"@"},"endToken":{"kind":94,"text":"Override"}},"name":{"!":"com.github.javaparser.ast.expr.Name","range":{"beginLine":9,"beginColumn":6,"endLine":9,"endColumn":13},"tokenRange":{"beginToken":{"kind":94,"text":"Override"},"endToken":{"kind":94,"text":"Override"}},"identifier":"Override"}}],"comment":{"!":"com.github.javaparser.ast.comments.JavadocComment","range":{"beginLine":2,"beginColumn":5,"endLine":8,"endColumn":7},"tokenRange":{"beginToken":{"kind":8,"text":"/**\n     * Tests this dataset for equality with an arbitrary object.\n     *\n     * @param obj  the object (<code>null</code> permitted).\n     *\n     * @return A boolean.\n     */"},"endToken":{"kind":8,"text":"/**\n     * Tests this dataset for equality with an arbitrary object.\n     *\n     * @param obj  the object (<code>null</code> permitted).\n     *\n     * @return A boolean.\n     */"}},"content":"\n     * Tests this dataset for equality with an arbitrary object.\n     *\n     * @param obj  the object (<code>null</code> permitted).\n     *\n     * @return A boolean.\n     "}}],"modifiers":[],"name":{"!":"com.github.javaparser.ast.expr.SimpleName","range":{"beginLine":1,"beginColumn":7,"endLine":1,"endColumn":10},"tokenRange":{"beginToken":{"kind":94,"text":"Test"},"endToken":{"kind":94,"text":"Test"}},"identifier":"Test"},"annotations":[]}]}