{"!":"com.github.javaparser.ast.CompilationUnit","range":{"beginLine":1,"beginColumn":1,"endLine":37,"endColumn":2},"tokenRange":{"beginToken":{"kind":19,"text":"class"},"endToken":{"kind":0,"text":""}},"imports":[],"types":[{"!":"com.github.javaparser.ast.body.ClassOrInterfaceDeclaration","range":{"beginLine":1,"beginColumn":1,"endLine":37,"endColumn":2},"tokenRange":{"beginToken":{"kind":19,"text":"class"},"endToken":{"kind":100,"text":"}"}},"extendedTypes":[],"implementedTypes":[],"isInterface":"false","typeParameters":[],"members":[{"!":"com.github.javaparser.ast.body.MethodDeclaration","range":{"beginLine":3,"beginColumn":2,"endLine":35,"endColumn":2},"tokenRange":{"beginToken":{"kind":47,"text":"public"},"endToken":{"kind":100,"text":"}"}},"body":{"!":"com.github.javaparser.ast.stmt.BlockStmt","range":{"beginLine":3,"beginColumn":97,"endLine":35,"endColumn":2},"tokenRange":{"beginToken":{"kind":99,"text":"{"},"endToken":{"kind":100,"text":"}"}},"statements":[{"!":"com.github.javaparser.ast.stmt.ExpressionStmt","range":{"beginLine":4,"beginColumn":3,"endLine":4,"endColumn":37},"tokenRange":{"beginToken":{"kind":94,"text":"TestData"},"endToken":{"kind":103,"text":";"}},"expression":{"!":"com.github.javaparser.ast.expr.VariableDeclarationExpr","range":{"beginLine":4,"beginColumn":3,"endLine":4,"endColumn":36},"tokenRange":{"beginToken":{"kind":94,"text":"TestData"},"endToken":{"kind":98,"text":")"}},"annotations":[],"modifiers":[],"variables":[{"!":"com.github.javaparser.ast.body.VariableDeclarator","range":{"beginLine":4,"beginColumn":12,"endLine":4,"endColumn":36},"tokenRange":{"beginToken":{"kind":94,"text":"testData"},"endToken":{"kind":98,"text":")"}},"initializer":{"!":"com.github.javaparser.ast.expr.ObjectCreationExpr","range":{"beginLine":4,"beginColumn":23,"endLine":4,"endColumn":36},"tokenRange":{"beginToken":{"kind":42,"text":"new"},"endToken":{"kind":98,"text":")"}},"arguments":[],"type":{"!":"com.github.javaparser.ast.type.ClassOrInterfaceType","range":{"beginLine":4,"beginColumn":27,"endLine":4,"endColumn":34},"tokenRange":{"beginToken":{"kind":94,"text":"TestData"},"endToken":{"kind":94,"text":"TestData"}},"name":{"!":"com.github.javaparser.ast.expr.SimpleName","range":{"beginLine":4,"beginColumn":27,"endLine":4,"endColumn":34},"tokenRange":{"beginToken":{"kind":94,"text":"TestData"},"endToken":{"kind":94,"text":"TestData"}},"identifier":"TestData"},"annotations":[]}},"name":{"!":"com.github.javaparser.ast.expr.SimpleName","range":{"beginLine":4,"beginColumn":12,"endLine":4,"endColumn":19},"tokenRange":{"beginToken":{"kind":94,"text":"testData"},"endToken":{"kind":94,"text":"testData"}},"identifier":"testData"},"type":{"!":"com.github.javaparser.ast.type.ClassOrInterfaceType","range":{"beginLine":4,"beginColumn":3,"endLine":4,"endColumn":10},"tokenRange":{"beginToken":{"kind":94,"text":"TestData"},"endToken":{"kind":94,"text":"TestData"}},"name":{"!":"com.github.javaparser.ast.expr.SimpleName","range":{"beginLine":4,"beginColumn":3,"endLine":4,"endColumn":10},"tokenRange":{"beginToken":{"kind":94,"text":"TestData"},"endToken":{"kind":94,"text":"TestData"}},"identifier":"TestData"},"annotations":[]}}]}},{"!":"com.github.javaparser.ast.stmt.ExpressionStmt","range":{"beginLine":5,"beginColumn":3,"endLine":5,"endColumn":21},"tokenRange":{"beginToken":{"kind":94,"text":"testData"},"endToken":{"kind":103,"text":";"}},"expression":{"!":"com.github.javaparser.ast.expr.MethodCallExpr","range":{"beginLine":5,"beginColumn":3,"endLine":5,"endColumn":20},"tokenRange":{"beginToken":{"kind":94,"text":"testData"},"endToken":{"kind":98,"text":")"}},"arguments":[],"name":{"!":"com.github.javaparser.ast.expr.SimpleName","range":{"beginLine":5,"beginColumn":12,"endLine":5,"endColumn":18},"tokenRange":{"beginToken":{"kind":94,"text":"prepare"},"endToken":{"kind":94,"text":"prepare"}},"identifier":"prepare"},"scope":{"!":"com.github.javaparser.ast.expr.NameExpr","range":{"beginLine":5,"beginColumn":3,"endLine":5,"endColumn":10},"tokenRange":{"beginToken":{"kind":94,"text":"testData"},"endToken":{"kind":94,"text":"testData"}},"name":{"!":"com.github.javaparser.ast.expr.SimpleName","range":{"beginLine":5,"beginColumn":3,"endLine":5,"endColumn":10},"tokenRange":{"beginToken":{"kind":94,"text":"testData"},"endToken":{"kind":94,"text":"testData"}},"identifier":"testData"}}}},{"!":"com.github.javaparser.ast.stmt.ExpressionStmt","range":{"beginLine":7,"beginColumn":3,"endLine":7,"endColumn":34},"tokenRange":{"beginToken":{"kind":94,"text":"Session"},"endToken":{"kind":103,"text":";"}},"expression":{"!":"com.github.javaparser.ast.expr.VariableDeclarationExpr","range":{"beginLine":7,"beginColumn":3,"endLine":7,"endColumn":33},"tokenRange":{"beginToken":{"kind":94,"text":"Session"},"endToken":{"kind":98,"text":")"}},"annotations":[],"modifiers":[],"variables":[{"!":"com.github.javaparser.ast.body.VariableDeclarator","range":{"beginLine":7,"beginColumn":11,"endLine":7,"endColumn":33},"tokenRange":{"beginToken":{"kind":94,"text":"session"},"endToken":{"kind":98,"text":")"}},"initializer":{"!":"com.github.javaparser.ast.expr.MethodCallExpr","range":{"beginLine":7,"beginColumn":21,"endLine":7,"endColumn":33},"tokenRange":{"beginToken":{"kind":94,"text":"openSession"},"endToken":{"kind":98,"text":")"}},"arguments":[],"name":{"!":"com.github.javaparser.ast.expr.SimpleName","range":{"beginLine":7,"beginColumn":21,"endLine":7,"endColumn":31},"tokenRange":{"beginToken":{"kind":94,"text":"openSession"},"endToken":{"kind":94,"text":"openSession"}},"identifier":"openSession"}},"name":{"!":"com.github.javaparser.ast.expr.SimpleName","range":{"beginLine":7,"beginColumn":11,"endLine":7,"endColumn":17},"tokenRange":{"beginToken":{"kind":94,"text":"session"},"endToken":{"kind":94,"text":"session"}},"identifier":"session"},"type":{"!":"com.github.javaparser.ast.type.ClassOrInterfaceType","range":{"beginLine":7,"beginColumn":3,"endLine":7,"endColumn":9},"tokenRange":{"beginToken":{"kind":94,"text":"Session"},"endToken":{"kind":94,"text":"Session"}},"name":{"!":"com.github.javaparser.ast.expr.SimpleName","range":{"beginLine":7,"beginColumn":3,"endLine":7,"endColumn":9},"tokenRange":{"beginToken":{"kind":94,"text":"Session"},"endToken":{"kind":94,"text":"Session"}},"identifier":"Session"},"annotations":[]}}]}},{"!":"com.github.javaparser.ast.stmt.ExpressionStmt","range":{"beginLine":8,"beginColumn":3,"endLine":8,"endColumn":29},"tokenRange":{"beginToken":{"kind":94,"text":"session"},"endToken":{"kind":103,"text":";"}},"expression":{"!":"com.github.javaparser.ast.expr.MethodCallExpr","range":{"beginLine":8,"beginColumn":3,"endLine":8,"endColumn":28},"tokenRange":{"beginToken":{"kind":94,"text":"session"},"endToken":{"kind":98,"text":")"}},"arguments":[],"name":{"!":"com.github.javaparser.ast.expr.SimpleName","range":{"beginLine":8,"beginColumn":11,"endLine":8,"endColumn":26},"tokenRange":{"beginToken":{"kind":94,"text":"beginTransaction"},"endToken":{"kind":94,"text":"beginTransaction"}},"identifier":"beginTransaction"},"scope":{"!":"com.github.javaparser.ast.expr.NameExpr","range":{"beginLine":8,"beginColumn":3,"endLine":8,"endColumn":9},"tokenRange":{"beginToken":{"kind":94,"text":"session"},"endToken":{"kind":94,"text":"session"}},"name":{"!":"com.github.javaparser.ast.expr.SimpleName","range":{"beginLine":8,"beginColumn":3,"endLine":8,"endColumn":9},"tokenRange":{"beginToken":{"kind":94,"text":"session"},"endToken":{"kind":94,"text":"session"}},"identifier":"session"}}}},{"!":"com.github.javaparser.ast.stmt.ExpressionStmt","range":{"beginLine":10,"beginColumn":3,"endLine":10,"endColumn":94},"tokenRange":{"beginToken":{"kind":29,"text":"final"},"endToken":{"kind":103,"text":";"}},"expression":{"!":"com.github.javaparser.ast.expr.VariableDeclarationExpr","range":{"beginLine":10,"beginColumn":3,"endLine":10,"endColumn":93},"tokenRange":{"beginToken":{"kind":29,"text":"final"},"endToken":{"kind":90,"text":"\"from Order o where ? in ( select sp.name from Salesperson sp )\""}},"annotations":[],"modifiers":[{"!":"com.github.javaparser.ast.Modifier","range":{"beginLine":10,"beginColumn":3,"endLine":10,"endColumn":7},"tokenRange":{"beginToken":{"kind":29,"text":"final"},"endToken":{"kind":29,"text":"final"}},"keyword":"FINAL"}],"variables":[{"!":"com.github.javaparser.ast.body.VariableDeclarator","range":{"beginLine":10,"beginColumn":16,"endLine":10,"endColumn":93},"tokenRange":{"beginToken":{"kind":94,"text":"queryString"},"endToken":{"kind":90,"text":"\"from Order o where ? in ( select sp.name from Salesperson sp )\""}},"initializer":{"!":"com.github.javaparser.ast.expr.StringLiteralExpr","range":{"beginLine":10,"beginColumn":30,"endLine":10,"endColumn":93},"tokenRange":{"beginToken":{"kind":90,"text":"\"from Order o where ? in ( select sp.name from Salesperson sp )\""},"endToken":{"kind":90,"text":"\"from Order o where ? in ( select sp.name from Salesperson sp )\""}},"value":"from Order o where ? in ( select sp.name from Salesperson sp )"},"name":{"!":"com.github.javaparser.ast.expr.SimpleName","range":{"beginLine":10,"beginColumn":16,"endLine":10,"endColumn":26},"tokenRange":{"beginToken":{"kind":94,"text":"queryString"},"endToken":{"kind":94,"text":"queryString"}},"identifier":"queryString"},"type":{"!":"com.github.javaparser.ast.type.ClassOrInterfaceType","range":{"beginLine":10,"beginColumn":9,"endLine":10,"endColumn":14},"tokenRange":{"beginToken":{"kind":94,"text":"String"},"endToken":{"kind":94,"text":"String"}},"name":{"!":"com.github.javaparser.ast.expr.SimpleName","range":{"beginLine":10,"beginColumn":9,"endLine":10,"endColumn":14},"tokenRange":{"beginToken":{"kind":94,"text":"String"},"endToken":{"kind":94,"text":"String"}},"identifier":"String"},"annotations":[]}}]}},{"!":"com.github.javaparser.ast.stmt.ExpressionStmt","range":{"beginLine":13,"beginColumn":3,"endLine":13,"endColumn":85},"tokenRange":{"beginToken":{"kind":94,"text":"List"},"endToken":{"kind":103,"text":";"}},"expression":{"!":"com.github.javaparser.ast.expr.VariableDeclarationExpr","range":{"beginLine":13,"beginColumn":3,"endLine":13,"endColumn":84},"tokenRange":{"beginToken":{"kind":94,"text":"List"},"endToken":{"kind":98,"text":")"}},"annotations":[],"modifiers":[],"variables":[{"!":"com.github.javaparser.ast.body.VariableDeclarator","range":{"beginLine":13,"beginColumn":8,"endLine":13,"endColumn":84},"tokenRange":{"beginToken":{"kind":94,"text":"result"},"endToken":{"kind":98,"text":")"}},"initializer":{"!":"com.github.javaparser.ast.expr.MethodCallExpr","range":{"beginLine":13,"beginColumn":17,"endLine":13,"endColumn":84},"tokenRange":{"beginToken":{"kind":94,"text":"session"},"endToken":{"kind":98,"text":")"}},"arguments":[],"name":{"!":"com.github.javaparser.ast.expr.SimpleName","range":{"beginLine":13,"beginColumn":79,"endLine":13,"endColumn":82},"tokenRange":{"beginToken":{"kind":94,"text":"list"},"endToken":{"kind":94,"text":"list"}},"identifier":"list"},"scope":{"!":"com.github.javaparser.ast.expr.MethodCallExpr","range":{"beginLine":13,"beginColumn":17,"endLine":13,"endColumn":77},"tokenRange":{"beginToken":{"kind":94,"text":"session"},"endToken":{"kind":98,"text":")"}},"arguments":[{"!":"com.github.javaparser.ast.expr.IntegerLiteralExpr","range":{"beginLine":13,"beginColumn":66,"endLine":13,"endColumn":66},"tokenRange":{"beginToken":{"kind":77,"text":"0"},"endToken":{"kind":77,"text":"0"}},"value":"0"},{"!":"com.github.javaparser.ast.expr.StringLiteralExpr","range":{"beginLine":13,"beginColumn":69,"endLine":13,"endColumn":75},"tokenRange":{"beginToken":{"kind":90,"text":"\"steve\""},"endToken":{"kind":90,"text":"\"steve\""}},"value":"steve"}],"name":{"!":"com.github.javaparser.ast.expr.SimpleName","range":{"beginLine":13,"beginColumn":52,"endLine":13,"endColumn":63},"tokenRange":{"beginToken":{"kind":94,"text":"setParameter"},"endToken":{"kind":94,"text":"setParameter"}},"identifier":"setParameter"},"scope":{"!":"com.github.javaparser.ast.expr.MethodCallExpr","range":{"beginLine":13,"beginColumn":17,"endLine":13,"endColumn":50},"tokenRange":{"beginToken":{"kind":94,"text":"session"},"endToken":{"kind":98,"text":")"}},"arguments":[{"!":"com.github.javaparser.ast.expr.NameExpr","range":{"beginLine":13,"beginColumn":38,"endLine":13,"endColumn":48},"tokenRange":{"beginToken":{"kind":94,"text":"queryString"},"endToken":{"kind":94,"text":"queryString"}},"name":{"!":"com.github.javaparser.ast.expr.SimpleName","range":{"beginLine":13,"beginColumn":38,"endLine":13,"endColumn":48},"tokenRange":{"beginToken":{"kind":94,"text":"queryString"},"endToken":{"kind":94,"text":"queryString"}},"identifier":"queryString"}}],"name":{"!":"com.github.javaparser.ast.expr.SimpleName","range":{"beginLine":13,"beginColumn":25,"endLine":13,"endColumn":35},"tokenRange":{"beginToken":{"kind":94,"text":"createQuery"},"endToken":{"kind":94,"text":"createQuery"}},"identifier":"createQuery"},"scope":{"!":"com.github.javaparser.ast.expr.NameExpr","range":{"beginLine":13,"beginColumn":17,"endLine":13,"endColumn":23},"tokenRange":{"beginToken":{"kind":94,"text":"session"},"endToken":{"kind":94,"text":"session"}},"name":{"!":"com.github.javaparser.ast.expr.SimpleName","range":{"beginLine":13,"beginColumn":17,"endLine":13,"endColumn":23},"tokenRange":{"beginToken":{"kind":94,"text":"session"},"endToken":{"kind":94,"text":"session"}},"identifier":"session"}}}}},"name":{"!":"com.github.javaparser.ast.expr.SimpleName","range":{"beginLine":13,"beginColumn":8,"endLine":13,"endColumn":13},"tokenRange":{"beginToken":{"kind":94,"text":"result"},"endToken":{"kind":94,"text":"result"}},"identifier":"result"},"type":{"!":"com.github.javaparser.ast.type.ClassOrInterfaceType","range":{"beginLine":13,"beginColumn":3,"endLine":13,"endColumn":6},"tokenRange":{"beginToken":{"kind":94,"text":"List"},"endToken":{"kind":94,"text":"List"}},"name":{"!":"com.github.javaparser.ast.expr.SimpleName","range":{"beginLine":13,"beginColumn":3,"endLine":13,"endColumn":6},"tokenRange":{"beginToken":{"kind":94,"text":"List"},"endToken":{"kind":94,"text":"List"}},"identifier":"List"},"annotations":[]}}]},"comment":{"!":"com.github.javaparser.ast.comments.LineComment","range":{"beginLine":12,"beginColumn":3,"endLine":12,"endColumn":32},"tokenRange":{"beginToken":{"kind":5,"text":"// first a control-group query"},"endToken":{"kind":5,"text":"// first a control-group query"}},"content":" first a control-group query"}},{"!":"com.github.javaparser.ast.stmt.ExpressionStmt","range":{"beginLine":14,"beginColumn":3,"endLine":14,"endColumn":35},"tokenRange":{"beginToken":{"kind":94,"text":"assertEquals"},"endToken":{"kind":103,"text":";"}},"expression":{"!":"com.github.javaparser.ast.expr.MethodCallExpr","range":{"beginLine":14,"beginColumn":3,"endLine":14,"endColumn":34},"tokenRange":{"beginToken":{"kind":94,"text":"assertEquals"},"endToken":{"kind":98,"text":")"}},"arguments":[{"!":"com.github.javaparser.ast.expr.IntegerLiteralExpr","range":{"beginLine":14,"beginColumn":17,"endLine":14,"endColumn":17},"tokenRange":{"beginToken":{"kind":77,"text":"2"},"endToken":{"kind":77,"text":"2"}},"value":"2"},{"!":"com.github.javaparser.ast.expr.MethodCallExpr","range":{"beginLine":14,"beginColumn":20,"endLine":14,"endColumn":32},"tokenRange":{"beginToken":{"kind":94,"text":"result"},"endToken":{"kind":98,"text":")"}},"arguments":[],"name":{"!":"com.github.javaparser.ast.expr.SimpleName","range":{"beginLine":14,"beginColumn":27,"endLine":14,"endColumn":30},"tokenRange":{"beginToken":{"kind":94,"text":"size"},"endToken":{"kind":94,"text":"size"}},"identifier":"size"},"scope":{"!":"com.github.javaparser.ast.expr.NameExpr","range":{"beginLine":14,"beginColumn":20,"endLine":14,"endColumn":25},"tokenRange":{"beginToken":{"kind":94,"text":"result"},"endToken":{"kind":94,"text":"result"}},"name":{"!":"com.github.javaparser.ast.expr.SimpleName","range":{"beginLine":14,"beginColumn":20,"endLine":14,"endColumn":25},"tokenRange":{"beginToken":{"kind":94,"text":"result"},"endToken":{"kind":94,"text":"result"}},"identifier":"result"}}}],"name":{"!":"com.github.javaparser.ast.expr.SimpleName","range":{"beginLine":14,"beginColumn":3,"endLine":14,"endColumn":14},"tokenRange":{"beginToken":{"kind":94,"text":"assertEquals"},"endToken":{"kind":94,"text":"assertEquals"}},"identifier":"assertEquals"}}},{"!":"com.github.javaparser.ast.stmt.ExpressionStmt","range":{"beginLine":17,"beginColumn":3,"endLine":17,"endColumn":101},"tokenRange":{"beginToken":{"kind":94,"text":"session"},"endToken":{"kind":103,"text":";"}},"expression":{"!":"com.github.javaparser.ast.expr.MethodCallExpr","range":{"beginLine":17,"beginColumn":3,"endLine":17,"endColumn":100},"tokenRange":{"beginToken":{"kind":94,"text":"session"},"endToken":{"kind":98,"text":")"}},"arguments":[{"!":"com.github.javaparser.ast.expr.StringLiteralExpr","range":{"beginLine":17,"beginColumn":59,"endLine":17,"endColumn":68},"tokenRange":{"beginToken":{"kind":90,"text":"\"asOfDate\""},"endToken":{"kind":90,"text":"\"asOfDate\""}},"value":"asOfDate"},{"!":"com.github.javaparser.ast.expr.MethodCallExpr","range":{"beginLine":17,"beginColumn":71,"endLine":17,"endColumn":98},"tokenRange":{"beginToken":{"kind":94,"text":"testData"},"endToken":{"kind":98,"text":")"}},"arguments":[],"name":{"!":"com.github.javaparser.ast.expr.SimpleName","range":{"beginLine":17,"beginColumn":90,"endLine":17,"endColumn":96},"tokenRange":{"beginToken":{"kind":94,"text":"getTime"},"endToken":{"kind":94,"text":"getTime"}},"identifier":"getTime"},"scope":{"!":"com.github.javaparser.ast.expr.FieldAccessExpr","range":{"beginLine":17,"beginColumn":71,"endLine":17,"endColumn":88},"tokenRange":{"beginToken":{"kind":94,"text":"testData"},"endToken":{"kind":94,"text":"lastMonth"}},"name":{"!":"com.github.javaparser.ast.expr.SimpleName","range":{"beginLine":17,"beginColumn":80,"endLine":17,"endColumn":88},"tokenRange":{"beginToken":{"kind":94,"text":"lastMonth"},"endToken":{"kind":94,"text":"lastMonth"}},"identifier":"lastMonth"},"scope":{"!":"com.github.javaparser.ast.expr.NameExpr","range":{"beginLine":17,"beginColumn":71,"endLine":17,"endColumn":78},"tokenRange":{"beginToken":{"kind":94,"text":"testData"},"endToken":{"kind":94,"text":"testData"}},"name":{"!":"com.github.javaparser.ast.expr.SimpleName","range":{"beginLine":17,"beginColumn":71,"endLine":17,"endColumn":78},"tokenRange":{"beginToken":{"kind":94,"text":"testData"},"endToken":{"kind":94,"text":"testData"}},"identifier":"testData"}}}}],"name":{"!":"com.github.javaparser.ast.expr.SimpleName","range":{"beginLine":17,"beginColumn":45,"endLine":17,"endColumn":56},"tokenRange":{"beginToken":{"kind":94,"text":"setParameter"},"endToken":{"kind":94,"text":"setParameter"}},"identifier":"setParameter"},"scope":{"!":"com.github.javaparser.ast.expr.MethodCallExpr","range":{"beginLine":17,"beginColumn":3,"endLine":17,"endColumn":43},"tokenRange":{"beginToken":{"kind":94,"text":"session"},"endToken":{"kind":98,"text":")"}},"arguments":[{"!":"com.github.javaparser.ast.expr.StringLiteralExpr","range":{"beginLine":17,"beginColumn":25,"endLine":17,"endColumn":41},"tokenRange":{"beginToken":{"kind":90,"text":"\"fulfilledOrders\""},"endToken":{"kind":90,"text":"\"fulfilledOrders\""}},"value":"fulfilledOrders"}],"name":{"!":"com.github.javaparser.ast.expr.SimpleName","range":{"beginLine":17,"beginColumn":11,"endLine":17,"endColumn":22},"tokenRange":{"beginToken":{"kind":94,"text":"enableFilter"},"endToken":{"kind":94,"text":"enableFilter"}},"identifier":"enableFilter"},"scope":{"!":"com.github.javaparser.ast.expr.NameExpr","range":{"beginLine":17,"beginColumn":3,"endLine":17,"endColumn":9},"tokenRange":{"beginToken":{"kind":94,"text":"session"},"endToken":{"kind":94,"text":"session"}},"name":{"!":"com.github.javaparser.ast.expr.SimpleName","range":{"beginLine":17,"beginColumn":3,"endLine":17,"endColumn":9},"tokenRange":{"beginToken":{"kind":94,"text":"session"},"endToken":{"kind":94,"text":"session"}},"identifier":"session"}}}},"comment":{"!":"com.github.javaparser.ast.comments.LineComment","range":{"beginLine":16,"beginColumn":3,"endLine":16,"endColumn":40},"tokenRange":{"beginToken":{"kind":5,"text":"// now lets enable filters on Order..."},"endToken":{"kind":5,"text":"// now lets enable filters on Order..."}},"content":" now lets enable filters on Order..."}},{"!":"com.github.javaparser.ast.stmt.ExpressionStmt","range":{"beginLine":18,"beginColumn":3,"endLine":18,"endColumn":80},"tokenRange":{"beginToken":{"kind":94,"text":"result"},"endToken":{"kind":103,"text":";"}},"expression":{"!":"com.github.javaparser.ast.expr.AssignExpr","range":{"beginLine":18,"beginColumn":3,"endLine":18,"endColumn":79},"tokenRange":{"beginToken":{"kind":94,"text":"result"},"endToken":{"kind":98,"text":")"}},"operator":"ASSIGN","target":{"!":"com.github.javaparser.ast.expr.NameExpr","range":{"beginLine":18,"beginColumn":3,"endLine":18,"endColumn":8},"tokenRange":{"beginToken":{"kind":94,"text":"result"},"endToken":{"kind":94,"text":"result"}},"name":{"!":"com.github.javaparser.ast.expr.SimpleName","range":{"beginLine":18,"beginColumn":3,"endLine":18,"endColumn":8},"tokenRange":{"beginToken":{"kind":94,"text":"result"},"endToken":{"kind":94,"text":"result"}},"identifier":"result"}},"value":{"!":"com.github.javaparser.ast.expr.MethodCallExpr","range":{"beginLine":18,"beginColumn":12,"endLine":18,"endColumn":79},"tokenRange":{"beginToken":{"kind":94,"text":"session"},"endToken":{"kind":98,"text":")"}},"arguments":[],"name":{"!":"com.github.javaparser.ast.expr.SimpleName","range":{"beginLine":18,"beginColumn":74,"endLine":18,"endColumn":77},"tokenRange":{"beginToken":{"kind":94,"text":"list"},"endToken":{"kind":94,"text":"list"}},"identifier":"list"},"scope":{"!":"com.github.javaparser.ast.expr.MethodCallExpr","range":{"beginLine":18,"beginColumn":12,"endLine":18,"endColumn":72},"tokenRange":{"beginToken":{"kind":94,"text":"session"},"endToken":{"kind":98,"text":")"}},"arguments":[{"!":"com.github.javaparser.ast.expr.IntegerLiteralExpr","range":{"beginLine":18,"beginColumn":61,"endLine":18,"endColumn":61},"tokenRange":{"beginToken":{"kind":77,"text":"0"},"endToken":{"kind":77,"text":"0"}},"value":"0"},{"!":"com.github.javaparser.ast.expr.StringLiteralExpr","range":{"beginLine":18,"beginColumn":64,"endLine":18,"endColumn":70},"tokenRange":{"beginToken":{"kind":90,"text":"\"steve\""},"endToken":{"kind":90,"text":"\"steve\""}},"value":"steve"}],"name":{"!":"com.github.javaparser.ast.expr.SimpleName","range":{"beginLine":18,"beginColumn":47,"endLine":18,"endColumn":58},"tokenRange":{"beginToken":{"kind":94,"text":"setParameter"},"endToken":{"kind":94,"text":"setParameter"}},"identifier":"setParameter"},"scope":{"!":"com.github.javaparser.ast.expr.MethodCallExpr","range":{"beginLine":18,"beginColumn":12,"endLine":18,"endColumn":45},"tokenRange":{"beginToken":{"kind":94,"text":"session"},"endToken":{"kind":98,"text":")"}},"arguments":[{"!":"com.github.javaparser.ast.expr.NameExpr","range":{"beginLine":18,"beginColumn":33,"endLine":18,"endColumn":43},"tokenRange":{"beginToken":{"kind":94,"text":"queryString"},"endToken":{"kind":94,"text":"queryString"}},"name":{"!":"com.github.javaparser.ast.expr.SimpleName","range":{"beginLine":18,"beginColumn":33,"endLine":18,"endColumn":43},"tokenRange":{"beginToken":{"kind":94,"text":"queryString"},"endToken":{"kind":94,"text":"queryString"}},"identifier":"queryString"}}],"name":{"!":"com.github.javaparser.ast.expr.SimpleName","range":{"beginLine":18,"beginColumn":20,"endLine":18,"endColumn":30},"tokenRange":{"beginToken":{"kind":94,"text":"createQuery"},"endToken":{"kind":94,"text":"createQuery"}},"identifier":"createQuery"},"scope":{"!":"com.github.javaparser.ast.expr.NameExpr","range":{"beginLine":18,"beginColumn":12,"endLine":18,"endColumn":18},"tokenRange":{"beginToken":{"kind":94,"text":"session"},"endToken":{"kind":94,"text":"session"}},"name":{"!":"com.github.javaparser.ast.expr.SimpleName","range":{"beginLine":18,"beginColumn":12,"endLine":18,"endColumn":18},"tokenRange":{"beginToken":{"kind":94,"text":"session"},"endToken":{"kind":94,"text":"session"}},"identifier":"session"}}}}}}},{"!":"com.github.javaparser.ast.stmt.ExpressionStmt","range":{"beginLine":19,"beginColumn":3,"endLine":19,"endColumn":35},"tokenRange":{"beginToken":{"kind":94,"text":"assertEquals"},"endToken":{"kind":103,"text":";"}},"expression":{"!":"com.github.javaparser.ast.expr.MethodCallExpr","range":{"beginLine":19,"beginColumn":3,"endLine":19,"endColumn":34},"tokenRange":{"beginToken":{"kind":94,"text":"assertEquals"},"endToken":{"kind":98,"text":")"}},"arguments":[{"!":"com.github.javaparser.ast.expr.IntegerLiteralExpr","range":{"beginLine":19,"beginColumn":17,"endLine":19,"endColumn":17},"tokenRange":{"beginToken":{"kind":77,"text":"1"},"endToken":{"kind":77,"text":"1"}},"value":"1"},{"!":"com.github.javaparser.ast.expr.MethodCallExpr","range":{"beginLine":19,"beginColumn":20,"endLine":19,"endColumn":32},"tokenRange":{"beginToken":{"kind":94,"text":"result"},"endToken":{"kind":98,"text":")"}},"arguments":[],"name":{"!":"com.github.javaparser.ast.expr.SimpleName","range":{"beginLine":19,"beginColumn":27,"endLine":19,"endColumn":30},"tokenRange":{"beginToken":{"kind":94,"text":"size"},"endToken":{"kind":94,"text":"size"}},"identifier":"size"},"scope":{"!":"com.github.javaparser.ast.expr.NameExpr","range":{"beginLine":19,"beginColumn":20,"endLine":19,"endColumn":25},"tokenRange":{"beginToken":{"kind":94,"text":"result"},"endToken":{"kind":94,"text":"result"}},"name":{"!":"com.github.javaparser.ast.expr.SimpleName","range":{"beginLine":19,"beginColumn":20,"endLine":19,"endColumn":25},"tokenRange":{"beginToken":{"kind":94,"text":"result"},"endToken":{"kind":94,"text":"result"}},"identifier":"result"}}}],"name":{"!":"com.github.javaparser.ast.expr.SimpleName","range":{"beginLine":19,"beginColumn":3,"endLine":19,"endColumn":14},"tokenRange":{"beginToken":{"kind":94,"text":"assertEquals"},"endToken":{"kind":94,"text":"assertEquals"}},"identifier":"assertEquals"}}},{"!":"com.github.javaparser.ast.stmt.ExpressionStmt","range":{"beginLine":22,"beginColumn":3,"endLine":22,"endColumn":94},"tokenRange":{"beginToken":{"kind":94,"text":"session"},"endToken":{"kind":103,"text":";"}},"expression":{"!":"com.github.javaparser.ast.expr.MethodCallExpr","range":{"beginLine":22,"beginColumn":3,"endLine":22,"endColumn":93},"tokenRange":{"beginToken":{"kind":94,"text":"session"},"endToken":{"kind":98,"text":")"}},"arguments":[{"!":"com.github.javaparser.ast.expr.StringLiteralExpr","range":{"beginLine":22,"beginColumn":58,"endLine":22,"endColumn":66},"tokenRange":{"beginToken":{"kind":90,"text":"\"regions\""},"endToken":{"kind":90,"text":"\"regions\""}},"value":"regions"},{"!":"com.github.javaparser.ast.expr.ArrayCreationExpr","range":{"beginLine":22,"beginColumn":69,"endLine":22,"endColumn":91},"tokenRange":{"beginToken":{"kind":42,"text":"new"},"endToken":{"kind":100,"text":"}"}},"elementType":{"!":"com.github.javaparser.ast.type.ClassOrInterfaceType","range":{"beginLine":22,"beginColumn":73,"endLine":22,"endColumn":78},"tokenRange":{"beginToken":{"kind":94,"text":"String"},"endToken":{"kind":94,"text":"String"}},"name":{"!":"com.github.javaparser.ast.expr.SimpleName","range":{"beginLine":22,"beginColumn":73,"endLine":22,"endColumn":78},"tokenRange":{"beginToken":{"kind":94,"text":"String"},"endToken":{"kind":94,"text":"String"}},"identifier":"String"},"annotations":[]},"initializer":{"!":"com.github.javaparser.ast.expr.ArrayInitializerExpr","range":{"beginLine":22,"beginColumn":82,"endLine":22,"endColumn":91},"tokenRange":{"beginToken":{"kind":99,"text":"{"},"endToken":{"kind":100,"text":"}"}},"values":[{"!":"com.github.javaparser.ast.expr.StringLiteralExpr","range":{"beginLine":22,"beginColumn":84,"endLine":22,"endColumn":89},"tokenRange":{"beginToken":{"kind":90,"text":"\"APAC\""},"endToken":{"kind":90,"text":"\"APAC\""}},"value":"APAC"}]},"levels":[{"!":"com.github.javaparser.ast.ArrayCreationLevel","range":{"beginLine":22,"beginColumn":79,"endLine":22,"endColumn":80},"tokenRange":{"beginToken":{"kind":101,"text":"["},"endToken":{"kind":102,"text":"]"}},"annotations":[]}]}],"name":{"!":"com.github.javaparser.ast.expr.SimpleName","range":{"beginLine":22,"beginColumn":40,"endLine":22,"endColumn":55},"tokenRange":{"beginToken":{"kind":94,"text":"setParameterList"},"endToken":{"kind":94,"text":"setParameterList"}},"identifier":"setParameterList"},"scope":{"!":"com.github.javaparser.ast.expr.MethodCallExpr","range":{"beginLine":22,"beginColumn":3,"endLine":22,"endColumn":38},"tokenRange":{"beginToken":{"kind":94,"text":"session"},"endToken":{"kind":98,"text":")"}},"arguments":[{"!":"com.github.javaparser.ast.expr.StringLiteralExpr","range":{"beginLine":22,"beginColumn":25,"endLine":22,"endColumn":36},"tokenRange":{"beginToken":{"kind":90,"text":"\"regionlist\""},"endToken":{"kind":90,"text":"\"regionlist\""}},"value":"regionlist"}],"name":{"!":"com.github.javaparser.ast.expr.SimpleName","range":{"beginLine":22,"beginColumn":11,"endLine":22,"endColumn":22},"tokenRange":{"beginToken":{"kind":94,"text":"enableFilter"},"endToken":{"kind":94,"text":"enableFilter"}},"identifier":"enableFilter"},"scope":{"!":"com.github.javaparser.ast.expr.NameExpr","range":{"beginLine":22,"beginColumn":3,"endLine":22,"endColumn":9},"tokenRange":{"beginToken":{"kind":94,"text":"session"},"endToken":{"kind":94,"text":"session"}},"name":{"!":"com.github.javaparser.ast.expr.SimpleName","range":{"beginLine":22,"beginColumn":3,"endLine":22,"endColumn":9},"tokenRange":{"beginToken":{"kind":94,"text":"session"},"endToken":{"kind":94,"text":"session"}},"identifier":"session"}}}},"comment":{"!":"com.github.javaparser.ast.comments.LineComment","range":{"beginLine":21,"beginColumn":3,"endLine":21,"endColumn":79},"tokenRange":{"beginToken":{"kind":5,"text":"// now, lets additionally enable filter on Salesperson.  First a valid one..."},"endToken":{"kind":5,"text":"// now, lets additionally enable filter on Salesperson.  First a valid one..."}},"content":" now, lets additionally enable filter on Salesperson.  First a valid one..."}},{"!":"com.github.javaparser.ast.stmt.ExpressionStmt","range":{"beginLine":23,"beginColumn":3,"endLine":23,"endColumn":80},"tokenRange":{"beginToken":{"kind":94,"text":"result"},"endToken":{"kind":103,"text":";"}},"expression":{"!":"com.github.javaparser.ast.expr.AssignExpr","range":{"beginLine":23,"beginColumn":3,"endLine":23,"endColumn":79},"tokenRange":{"beginToken":{"kind":94,"text":"result"},"endToken":{"kind":98,"text":")"}},"operator":"ASSIGN","target":{"!":"com.github.javaparser.ast.expr.NameExpr","range":{"beginLine":23,"beginColumn":3,"endLine":23,"endColumn":8},"tokenRange":{"beginToken":{"kind":94,"text":"result"},"endToken":{"kind":94,"text":"result"}},"name":{"!":"com.github.javaparser.ast.expr.SimpleName","range":{"beginLine":23,"beginColumn":3,"endLine":23,"endColumn":8},"tokenRange":{"beginToken":{"kind":94,"text":"result"},"endToken":{"kind":94,"text":"result"}},"identifier":"result"}},"value":{"!":"com.github.javaparser.ast.expr.MethodCallExpr","range":{"beginLine":23,"beginColumn":12,"endLine":23,"endColumn":79},"tokenRange":{"beginToken":{"kind":94,"text":"session"},"endToken":{"kind":98,"text":")"}},"arguments":[],"name":{"!":"com.github.javaparser.ast.expr.SimpleName","range":{"beginLine":23,"beginColumn":74,"endLine":23,"endColumn":77},"tokenRange":{"beginToken":{"kind":94,"text":"list"},"endToken":{"kind":94,"text":"list"}},"identifier":"list"},"scope":{"!":"com.github.javaparser.ast.expr.MethodCallExpr","range":{"beginLine":23,"beginColumn":12,"endLine":23,"endColumn":72},"tokenRange":{"beginToken":{"kind":94,"text":"session"},"endToken":{"kind":98,"text":")"}},"arguments":[{"!":"com.github.javaparser.ast.expr.IntegerLiteralExpr","range":{"beginLine":23,"beginColumn":61,"endLine":23,"endColumn":61},"tokenRange":{"beginToken":{"kind":77,"text":"0"},"endToken":{"kind":77,"text":"0"}},"value":"0"},{"!":"com.github.javaparser.ast.expr.StringLiteralExpr","range":{"beginLine":23,"beginColumn":64,"endLine":23,"endColumn":70},"tokenRange":{"beginToken":{"kind":90,"text":"\"steve\""},"endToken":{"kind":90,"text":"\"steve\""}},"value":"steve"}],"name":{"!":"com.github.javaparser.ast.expr.SimpleName","range":{"beginLine":23,"beginColumn":47,"endLine":23,"endColumn":58},"tokenRange":{"beginToken":{"kind":94,"text":"setParameter"},"endToken":{"kind":94,"text":"setParameter"}},"identifier":"setParameter"},"scope":{"!":"com.github.javaparser.ast.expr.MethodCallExpr","range":{"beginLine":23,"beginColumn":12,"endLine":23,"endColumn":45},"tokenRange":{"beginToken":{"kind":94,"text":"session"},"endToken":{"kind":98,"text":")"}},"arguments":[{"!":"com.github.javaparser.ast.expr.NameExpr","range":{"beginLine":23,"beginColumn":33,"endLine":23,"endColumn":43},"tokenRange":{"beginToken":{"kind":94,"text":"queryString"},"endToken":{"kind":94,"text":"queryString"}},"name":{"!":"com.github.javaparser.ast.expr.SimpleName","range":{"beginLine":23,"beginColumn":33,"endLine":23,"endColumn":43},"tokenRange":{"beginToken":{"kind":94,"text":"queryString"},"endToken":{"kind":94,"text":"queryString"}},"identifier":"queryString"}}],"name":{"!":"com.github.javaparser.ast.expr.SimpleName","range":{"beginLine":23,"beginColumn":20,"endLine":23,"endColumn":30},"tokenRange":{"beginToken":{"kind":94,"text":"createQuery"},"endToken":{"kind":94,"text":"createQuery"}},"identifier":"createQuery"},"scope":{"!":"com.github.javaparser.ast.expr.NameExpr","range":{"beginLine":23,"beginColumn":12,"endLine":23,"endColumn":18},"tokenRange":{"beginToken":{"kind":94,"text":"session"},"endToken":{"kind":94,"text":"session"}},"name":{"!":"com.github.javaparser.ast.expr.SimpleName","range":{"beginLine":23,"beginColumn":12,"endLine":23,"endColumn":18},"tokenRange":{"beginToken":{"kind":94,"text":"session"},"endToken":{"kind":94,"text":"session"}},"identifier":"session"}}}}}}},{"!":"com.github.javaparser.ast.stmt.ExpressionStmt","range":{"beginLine":24,"beginColumn":3,"endLine":24,"endColumn":35},"tokenRange":{"beginToken":{"kind":94,"text":"assertEquals"},"endToken":{"kind":103,"text":";"}},"expression":{"!":"com.github.javaparser.ast.expr.MethodCallExpr","range":{"beginLine":24,"beginColumn":3,"endLine":24,"endColumn":34},"tokenRange":{"beginToken":{"kind":94,"text":"assertEquals"},"endToken":{"kind":98,"text":")"}},"arguments":[{"!":"com.github.javaparser.ast.expr.IntegerLiteralExpr","range":{"beginLine":24,"beginColumn":17,"endLine":24,"endColumn":17},"tokenRange":{"beginToken":{"kind":77,"text":"1"},"endToken":{"kind":77,"text":"1"}},"value":"1"},{"!":"com.github.javaparser.ast.expr.MethodCallExpr","range":{"beginLine":24,"beginColumn":20,"endLine":24,"endColumn":32},"tokenRange":{"beginToken":{"kind":94,"text":"result"},"endToken":{"kind":98,"text":")"}},"arguments":[],"name":{"!":"com.github.javaparser.ast.expr.SimpleName","range":{"beginLine":24,"beginColumn":27,"endLine":24,"endColumn":30},"tokenRange":{"beginToken":{"kind":94,"text":"size"},"endToken":{"kind":94,"text":"size"}},"identifier":"size"},"scope":{"!":"com.github.javaparser.ast.expr.NameExpr","range":{"beginLine":24,"beginColumn":20,"endLine":24,"endColumn":25},"tokenRange":{"beginToken":{"kind":94,"text":"result"},"endToken":{"kind":94,"text":"result"}},"name":{"!":"com.github.javaparser.ast.expr.SimpleName","range":{"beginLine":24,"beginColumn":20,"endLine":24,"endColumn":25},"tokenRange":{"beginToken":{"kind":94,"text":"result"},"endToken":{"kind":94,"text":"result"}},"identifier":"result"}}}],"name":{"!":"com.github.javaparser.ast.expr.SimpleName","range":{"beginLine":24,"beginColumn":3,"endLine":24,"endColumn":14},"tokenRange":{"beginToken":{"kind":94,"text":"assertEquals"},"endToken":{"kind":94,"text":"assertEquals"}},"identifier":"assertEquals"}}},{"!":"com.github.javaparser.ast.stmt.ExpressionStmt","range":{"beginLine":27,"beginColumn":3,"endLine":27,"endColumn":104},"tokenRange":{"beginToken":{"kind":94,"text":"session"},"endToken":{"kind":103,"text":";"}},"expression":{"!":"com.github.javaparser.ast.expr.MethodCallExpr","range":{"beginLine":27,"beginColumn":3,"endLine":27,"endColumn":103},"tokenRange":{"beginToken":{"kind":94,"text":"session"},"endToken":{"kind":98,"text":")"}},"arguments":[{"!":"com.github.javaparser.ast.expr.StringLiteralExpr","range":{"beginLine":27,"beginColumn":58,"endLine":27,"endColumn":66},"tokenRange":{"beginToken":{"kind":90,"text":"\"regions\""},"endToken":{"kind":90,"text":"\"regions\""}},"value":"regions"},{"!":"com.github.javaparser.ast.expr.ArrayCreationExpr","range":{"beginLine":27,"beginColumn":69,"endLine":27,"endColumn":101},"tokenRange":{"beginToken":{"kind":42,"text":"new"},"endToken":{"kind":100,"text":"}"}},"elementType":{"!":"com.github.javaparser.ast.type.ClassOrInterfaceType","range":{"beginLine":27,"beginColumn":73,"endLine":27,"endColumn":78},"tokenRange":{"beginToken":{"kind":94,"text":"String"},"endToken":{"kind":94,"text":"String"}},"name":{"!":"com.github.javaparser.ast.expr.SimpleName","range":{"beginLine":27,"beginColumn":73,"endLine":27,"endColumn":78},"tokenRange":{"beginToken":{"kind":94,"text":"String"},"endToken":{"kind":94,"text":"String"}},"identifier":"String"},"annotations":[]},"initializer":{"!":"com.github.javaparser.ast.expr.ArrayInitializerExpr","range":{"beginLine":27,"beginColumn":82,"endLine":27,"endColumn":101},"tokenRange":{"beginToken":{"kind":99,"text":"{"},"endToken":{"kind":100,"text":"}"}},"values":[{"!":"com.github.javaparser.ast.expr.StringLiteralExpr","range":{"beginLine":27,"beginColumn":84,"endLine":27,"endColumn":99},"tokenRange":{"beginToken":{"kind":90,"text":"\"gamma quadrant\""},"endToken":{"kind":90,"text":"\"gamma quadrant\""}},"value":"gamma quadrant"}]},"levels":[{"!":"com.github.javaparser.ast.ArrayCreationLevel","range":{"beginLine":27,"beginColumn":79,"endLine":27,"endColumn":80},"tokenRange":{"beginToken":{"kind":101,"text":"["},"endToken":{"kind":102,"text":"]"}},"annotations":[]}]}],"name":{"!":"com.github.javaparser.ast.expr.SimpleName","range":{"beginLine":27,"beginColumn":40,"endLine":27,"endColumn":55},"tokenRange":{"beginToken":{"kind":94,"text":"setParameterList"},"endToken":{"kind":94,"text":"setParameterList"}},"identifier":"setParameterList"},"scope":{"!":"com.github.javaparser.ast.expr.MethodCallExpr","range":{"beginLine":27,"beginColumn":3,"endLine":27,"endColumn":38},"tokenRange":{"beginToken":{"kind":94,"text":"session"},"endToken":{"kind":98,"text":")"}},"arguments":[{"!":"com.github.javaparser.ast.expr.StringLiteralExpr","range":{"beginLine":27,"beginColumn":25,"endLine":27,"endColumn":36},"tokenRange":{"beginToken":{"kind":90,"text":"\"regionlist\""},"endToken":{"kind":90,"text":"\"regionlist\""}},"value":"regionlist"}],"name":{"!":"com.github.javaparser.ast.expr.SimpleName","range":{"beginLine":27,"beginColumn":11,"endLine":27,"endColumn":22},"tokenRange":{"beginToken":{"kind":94,"text":"enableFilter"},"endToken":{"kind":94,"text":"enableFilter"}},"identifier":"enableFilter"},"scope":{"!":"com.github.javaparser.ast.expr.NameExpr","range":{"beginLine":27,"beginColumn":3,"endLine":27,"endColumn":9},"tokenRange":{"beginToken":{"kind":94,"text":"session"},"endToken":{"kind":94,"text":"session"}},"name":{"!":"com.github.javaparser.ast.expr.SimpleName","range":{"beginLine":27,"beginColumn":3,"endLine":27,"endColumn":9},"tokenRange":{"beginToken":{"kind":94,"text":"session"},"endToken":{"kind":94,"text":"session"}},"identifier":"session"}}}},"comment":{"!":"com.github.javaparser.ast.comments.LineComment","range":{"beginLine":26,"beginColumn":3,"endLine":26,"endColumn":28},"tokenRange":{"beginToken":{"kind":5,"text":"// ... then a silly one..."},"endToken":{"kind":5,"text":"// ... then a silly one..."}},"content":" ... then a silly one..."}},{"!":"com.github.javaparser.ast.stmt.ExpressionStmt","range":{"beginLine":28,"beginColumn":3,"endLine":28,"endColumn":80},"tokenRange":{"beginToken":{"kind":94,"text":"result"},"endToken":{"kind":103,"text":";"}},"expression":{"!":"com.github.javaparser.ast.expr.AssignExpr","range":{"beginLine":28,"beginColumn":3,"endLine":28,"endColumn":79},"tokenRange":{"beginToken":{"kind":94,"text":"result"},"endToken":{"kind":98,"text":")"}},"operator":"ASSIGN","target":{"!":"com.github.javaparser.ast.expr.NameExpr","range":{"beginLine":28,"beginColumn":3,"endLine":28,"endColumn":8},"tokenRange":{"beginToken":{"kind":94,"text":"result"},"endToken":{"kind":94,"text":"result"}},"name":{"!":"com.github.javaparser.ast.expr.SimpleName","range":{"beginLine":28,"beginColumn":3,"endLine":28,"endColumn":8},"tokenRange":{"beginToken":{"kind":94,"text":"result"},"endToken":{"kind":94,"text":"result"}},"identifier":"result"}},"value":{"!":"com.github.javaparser.ast.expr.MethodCallExpr","range":{"beginLine":28,"beginColumn":12,"endLine":28,"endColumn":79},"tokenRange":{"beginToken":{"kind":94,"text":"session"},"endToken":{"kind":98,"text":")"}},"arguments":[],"name":{"!":"com.github.javaparser.ast.expr.SimpleName","range":{"beginLine":28,"beginColumn":74,"endLine":28,"endColumn":77},"tokenRange":{"beginToken":{"kind":94,"text":"list"},"endToken":{"kind":94,"text":"list"}},"identifier":"list"},"scope":{"!":"com.github.javaparser.ast.expr.MethodCallExpr","range":{"beginLine":28,"beginColumn":12,"endLine":28,"endColumn":72},"tokenRange":{"beginToken":{"kind":94,"text":"session"},"endToken":{"kind":98,"text":")"}},"arguments":[{"!":"com.github.javaparser.ast.expr.IntegerLiteralExpr","range":{"beginLine":28,"beginColumn":61,"endLine":28,"endColumn":61},"tokenRange":{"beginToken":{"kind":77,"text":"0"},"endToken":{"kind":77,"text":"0"}},"value":"0"},{"!":"com.github.javaparser.ast.expr.StringLiteralExpr","range":{"beginLine":28,"beginColumn":64,"endLine":28,"endColumn":70},"tokenRange":{"beginToken":{"kind":90,"text":"\"steve\""},"endToken":{"kind":90,"text":"\"steve\""}},"value":"steve"}],"name":{"!":"com.github.javaparser.ast.expr.SimpleName","range":{"beginLine":28,"beginColumn":47,"endLine":28,"endColumn":58},"tokenRange":{"beginToken":{"kind":94,"text":"setParameter"},"endToken":{"kind":94,"text":"setParameter"}},"identifier":"setParameter"},"scope":{"!":"com.github.javaparser.ast.expr.MethodCallExpr","range":{"beginLine":28,"beginColumn":12,"endLine":28,"endColumn":45},"tokenRange":{"beginToken":{"kind":94,"text":"session"},"endToken":{"kind":98,"text":")"}},"arguments":[{"!":"com.github.javaparser.ast.expr.NameExpr","range":{"beginLine":28,"beginColumn":33,"endLine":28,"endColumn":43},"tokenRange":{"beginToken":{"kind":94,"text":"queryString"},"endToken":{"kind":94,"text":"queryString"}},"name":{"!":"com.github.javaparser.ast.expr.SimpleName","range":{"beginLine":28,"beginColumn":33,"endLine":28,"endColumn":43},"tokenRange":{"beginToken":{"kind":94,"text":"queryString"},"endToken":{"kind":94,"text":"queryString"}},"identifier":"queryString"}}],"name":{"!":"com.github.javaparser.ast.expr.SimpleName","range":{"beginLine":28,"beginColumn":20,"endLine":28,"endColumn":30},"tokenRange":{"beginToken":{"kind":94,"text":"createQuery"},"endToken":{"kind":94,"text":"createQuery"}},"identifier":"createQuery"},"scope":{"!":"com.github.javaparser.ast.expr.NameExpr","range":{"beginLine":28,"beginColumn":12,"endLine":28,"endColumn":18},"tokenRange":{"beginToken":{"kind":94,"text":"session"},"endToken":{"kind":94,"text":"session"}},"name":{"!":"com.github.javaparser.ast.expr.SimpleName","range":{"beginLine":28,"beginColumn":12,"endLine":28,"endColumn":18},"tokenRange":{"beginToken":{"kind":94,"text":"session"},"endToken":{"kind":94,"text":"session"}},"identifier":"session"}}}}}}},{"!":"com.github.javaparser.ast.stmt.ExpressionStmt","range":{"beginLine":29,"beginColumn":3,"endLine":29,"endColumn":35},"tokenRange":{"beginToken":{"kind":94,"text":"assertEquals"},"endToken":{"kind":103,"text":";"}},"expression":{"!":"com.github.javaparser.ast.expr.MethodCallExpr","range":{"beginLine":29,"beginColumn":3,"endLine":29,"endColumn":34},"tokenRange":{"beginToken":{"kind":94,"text":"assertEquals"},"endToken":{"kind":98,"text":")"}},"arguments":[{"!":"com.github.javaparser.ast.expr.IntegerLiteralExpr","range":{"beginLine":29,"beginColumn":17,"endLine":29,"endColumn":17},"tokenRange":{"beginToken":{"kind":77,"text":"0"},"endToken":{"kind":77,"text":"0"}},"value":"0"},{"!":"com.github.javaparser.ast.expr.MethodCallExpr","range":{"beginLine":29,"beginColumn":20,"endLine":29,"endColumn":32},"tokenRange":{"beginToken":{"kind":94,"text":"result"},"endToken":{"kind":98,"text":")"}},"arguments":[],"name":{"!":"com.github.javaparser.ast.expr.SimpleName","range":{"beginLine":29,"beginColumn":27,"endLine":29,"endColumn":30},"tokenRange":{"beginToken":{"kind":94,"text":"size"},"endToken":{"kind":94,"text":"size"}},"identifier":"size"},"scope":{"!":"com.github.javaparser.ast.expr.NameExpr","range":{"beginLine":29,"beginColumn":20,"endLine":29,"endColumn":25},"tokenRange":{"beginToken":{"kind":94,"text":"result"},"endToken":{"kind":94,"text":"result"}},"name":{"!":"com.github.javaparser.ast.expr.SimpleName","range":{"beginLine":29,"beginColumn":20,"endLine":29,"endColumn":25},"tokenRange":{"beginToken":{"kind":94,"text":"result"},"endToken":{"kind":94,"text":"result"}},"identifier":"result"}}}],"name":{"!":"com.github.javaparser.ast.expr.SimpleName","range":{"beginLine":29,"beginColumn":3,"endLine":29,"endColumn":14},"tokenRange":{"beginToken":{"kind":94,"text":"assertEquals"},"endToken":{"kind":94,"text":"assertEquals"}},"identifier":"assertEquals"}}},{"!":"com.github.javaparser.ast.stmt.ExpressionStmt","range":{"beginLine":31,"beginColumn":3,"endLine":31,"endColumn":36},"tokenRange":{"beginToken":{"kind":94,"text":"session"},"endToken":{"kind":103,"text":";"}},"expression":{"!":"com.github.javaparser.ast.expr.MethodCallExpr","range":{"beginLine":31,"beginColumn":3,"endLine":31,"endColumn":35},"tokenRange":{"beginToken":{"kind":94,"text":"session"},"endToken":{"kind":98,"text":")"}},"arguments":[],"name":{"!":"com.github.javaparser.ast.expr.SimpleName","range":{"beginLine":31,"beginColumn":28,"endLine":31,"endColumn":33},"tokenRange":{"beginToken":{"kind":94,"text":"commit"},"endToken":{"kind":94,"text":"commit"}},"identifier":"commit"},"scope":{"!":"com.github.javaparser.ast.expr.MethodCallExpr","range":{"beginLine":31,"beginColumn":3,"endLine":31,"endColumn":26},"tokenRange":{"beginToken":{"kind":94,"text":"session"},"endToken":{"kind":98,"text":")"}},"arguments":[],"name":{"!":"com.github.javaparser.ast.expr.SimpleName","range":{"beginLine":31,"beginColumn":11,"endLine":31,"endColumn":24},"tokenRange":{"beginToken":{"kind":94,"text":"getTransaction"},"endToken":{"kind":94,"text":"getTransaction"}},"identifier":"getTransaction"},"scope":{"!":"com.github.javaparser.ast.expr.NameExpr","range":{"beginLine":31,"beginColumn":3,"endLine":31,"endColumn":9},"tokenRange":{"beginToken":{"kind":94,"text":"session"},"endToken":{"kind":94,"text":"session"}},"name":{"!":"com.github.javaparser.ast.expr.SimpleName","range":{"beginLine":31,"beginColumn":3,"endLine":31,"endColumn":9},"tokenRange":{"beginToken":{"kind":94,"text":"session"},"endToken":{"kind":94,"text":"session"}},"identifier":"session"}}}}},{"!":"com.github.javaparser.ast.stmt.ExpressionStmt","range":{"beginLine":32,"beginColumn":3,"endLine":32,"endColumn":18},"tokenRange":{"beginToken":{"kind":94,"text":"session"},"endToken":{"kind":103,"text":";"}},"expression":{"!":"com.github.javaparser.ast.expr.MethodCallExpr","range":{"beginLine":32,"beginColumn":3,"endLine":32,"endColumn":17},"tokenRange":{"beginToken":{"kind":94,"text":"session"},"endToken":{"kind":98,"text":")"}},"arguments":[],"name":{"!":"com.github.javaparser.ast.expr.SimpleName","range":{"beginLine":32,"beginColumn":11,"endLine":32,"endColumn":15},"tokenRange":{"beginToken":{"kind":94,"text":"close"},"endToken":{"kind":94,"text":"close"}},"identifier":"close"},"scope":{"!":"com.github.javaparser.ast.expr.NameExpr","range":{"beginLine":32,"beginColumn":3,"endLine":32,"endColumn":9},"tokenRange":{"beginToken":{"kind":94,"text":"session"},"endToken":{"kind":94,"text":"session"}},"name":{"!":"com.github.javaparser.ast.expr.SimpleName","range":{"beginLine":32,"beginColumn":3,"endLine":32,"endColumn":9},"tokenRange":{"beginToken":{"kind":94,"text":"session"},"endToken":{"kind":94,"text":"session"}},"identifier":"session"}}}},{"!":"com.github.javaparser.ast.stmt.ExpressionStmt","range":{"beginLine":34,"beginColumn":3,"endLine":34,"endColumn":21},"tokenRange":{"beginToken":{"kind":94,"text":"testData"},"endToken":{"kind":103,"text":";"}},"expression":{"!":"com.github.javaparser.ast.expr.MethodCallExpr","range":{"beginLine":34,"beginColumn":3,"endLine":34,"endColumn":20},"tokenRange":{"beginToken":{"kind":94,"text":"testData"},"endToken":{"kind":98,"text":")"}},"arguments":[],"name":{"!":"com.github.javaparser.ast.expr.SimpleName","range":{"beginLine":34,"beginColumn":12,"endLine":34,"endColumn":18},"tokenRange":{"beginToken":{"kind":94,"text":"release"},"endToken":{"kind":94,"text":"release"}},"identifier":"release"},"scope":{"!":"com.github.javaparser.ast.expr.NameExpr","range":{"beginLine":34,"beginColumn":3,"endLine":34,"endColumn":10},"tokenRange":{"beginToken":{"kind":94,"text":"testData"},"endToken":{"kind":94,"text":"testData"}},"name":{"!":"com.github.javaparser.ast.expr.SimpleName","range":{"beginLine":34,"beginColumn":3,"endLine":34,"endColumn":10},"tokenRange":{"beginToken":{"kind":94,"text":"testData"},"endToken":{"kind":94,"text":"testData"}},"identifier":"testData"}}}}]},"type":{"!":"com.github.javaparser.ast.type.VoidType","range":{"beginLine":3,"beginColumn":9,"endLine":3,"endColumn":12},"tokenRange":{"beginToken":{"kind":62,"text":"void"},"endToken":{"kind":62,"text":"void"}},"annotations":[]},"modifiers":[{"!":"com.github.javaparser.ast.Modifier","range":{"beginLine":3,"beginColumn":2,"endLine":3,"endColumn":7},"tokenRange":{"beginToken":{"kind":47,"text":"public"},"endToken":{"kind":47,"text":"public"}},"keyword":"PUBLIC"}],"name":{"!":"com.github.javaparser.ast.expr.SimpleName","range":{"beginLine":3,"beginColumn":14,"endLine":3,"endColumn":93},"tokenRange":{"beginToken":{"kind":94,"text":"testFilterApplicationOnHqlQueryWithImplicitSubqueryContainingPositionalParameter"},"endToken":{"kind":94,"text":"testFilterApplicationOnHqlQueryWithImplicitSubqueryContainingPositionalParameter"}},"identifier":"testFilterApplicationOnHqlQueryWithImplicitSubqueryContainingPositionalParameter"},"parameters":[],"thrownExceptions":[],"typeParameters":[],"annotations":[]}],"modifiers":[],"name":{"!":"com.github.javaparser.ast.expr.SimpleName","range":{"beginLine":1,"beginColumn":7,"endLine":1,"endColumn":10},"tokenRange":{"beginToken":{"kind":94,"text":"Test"},"endToken":{"kind":94,"text":"Test"}},"identifier":"Test"},"annotations":[]}]}