{
  "!": "com.github.javaparser.ast.CompilationUnit",
  "range": {
    "beginLine": 1,
    "beginColumn": 1,
    "endLine": 27,
    "endColumn": 2
  },
  "tokenRange": {
    "beginToken": {
      "kind": 19,
      "text": "class"
    },
    "endToken": {
      "kind": 0,
      "text": ""
    }
  },
  "imports": [],
  "types": [
    {
      "!": "com.github.javaparser.ast.body.ClassOrInterfaceDeclaration",
      "range": {
        "beginLine": 1,
        "beginColumn": 1,
        "endLine": 27,
        "endColumn": 2
      },
      "tokenRange": {
        "beginToken": {
          "kind": 19,
          "text": "class"
        },
        "endToken": {
          "kind": 100,
          "text": "}"
        }
      },
      "extendedTypes": [],
      "implementedTypes": [],
      "isInterface": "false",
      "typeParameters": [],
      "members": [
        {
          "!": "com.github.javaparser.ast.body.ConstructorDeclaration",
          "range": {
            "beginLine": 7,
            "beginColumn": 5,
            "endLine": 25,
            "endColumn": 5
          },
          "tokenRange": {
            "beginToken": {
              "kind": 47,
              "text": "public"
            },
            "endToken": {
              "kind": 100,
              "text": "}"
            }
          },
          "body": {
            "!": "com.github.javaparser.ast.stmt.BlockStmt",
            "range": {
              "beginLine": 7,
              "beginColumn": 41,
              "endLine": 25,
              "endColumn": 5
            },
            "tokenRange": {
              "beginToken": {
                "kind": 99,
                "text": "{"
              },
              "endToken": {
                "kind": 100,
                "text": "}"
              }
            },
            "statements": [
              {
                "!": "com.github.javaparser.ast.stmt.ExplicitConstructorInvocationStmt",
                "range": {
                  "beginLine": 9,
                  "beginColumn": 9,
                  "endLine": 23,
                  "endColumn": 10
                },
                "tokenRange": {
                  "beginToken": {
                    "kind": 56,
                    "text": "this"
                  },
                  "endToken": {
                    "kind": 103,
                    "text": ";"
                  }
                },
                "arguments": [
                  {
                    "!": "com.github.javaparser.ast.expr.NameExpr",
                    "range": {
                      "beginLine": 10,
                      "beginColumn": 13,
                      "endLine": 10,
                      "endColumn": 17
                    },
                    "tokenRange": {
                      "beginToken": {
                        "kind": 94,
                        "text": "chart"
                      },
                      "endToken": {
                        "kind": 94,
                        "text": "chart"
                      }
                    },
                    "name": {
                      "!": "com.github.javaparser.ast.expr.SimpleName",
                      "range": {
                        "beginLine": 10,
                        "beginColumn": 13,
                        "endLine": 10,
                        "endColumn": 17
                      },
                      "tokenRange": {
                        "beginToken": {
                          "kind": 94,
                          "text": "chart"
                        },
                        "endToken": {
                          "kind": 94,
                          "text": "chart"
                        }
                      },
                      "identifier": "chart"
                    }
                  },
                  {
                    "!": "com.github.javaparser.ast.expr.NameExpr",
                    "range": {
                      "beginLine": 11,
                      "beginColumn": 13,
                      "endLine": 11,
                      "endColumn": 25
                    },
                    "tokenRange": {
                      "beginToken": {
                        "kind": 94,
                        "text": "DEFAULT_WIDTH"
                      },
                      "endToken": {
                        "kind": 94,
                        "text": "DEFAULT_WIDTH"
                      }
                    },
                    "name": {
                      "!": "com.github.javaparser.ast.expr.SimpleName",
                      "range": {
                        "beginLine": 11,
                        "beginColumn": 13,
                        "endLine": 11,
                        "endColumn": 25
                      },
                      "tokenRange": {
                        "beginToken": {
                          "kind": 94,
                          "text": "DEFAULT_WIDTH"
                        },
                        "endToken": {
                          "kind": 94,
                          "text": "DEFAULT_WIDTH"
                        }
                      },
                      "identifier": "DEFAULT_WIDTH"
                    }
                  },
                  {
                    "!": "com.github.javaparser.ast.expr.NameExpr",
                    "range": {
                      "beginLine": 12,
                      "beginColumn": 13,
                      "endLine": 12,
                      "endColumn": 26
                    },
                    "tokenRange": {
                      "beginToken": {
                        "kind": 94,
                        "text": "DEFAULT_HEIGHT"
                      },
                      "endToken": {
                        "kind": 94,
                        "text": "DEFAULT_HEIGHT"
                      }
                    },
                    "name": {
                      "!": "com.github.javaparser.ast.expr.SimpleName",
                      "range": {
                        "beginLine": 12,
                        "beginColumn": 13,
                        "endLine": 12,
                        "endColumn": 26
                      },
                      "tokenRange": {
                        "beginToken": {
                          "kind": 94,
                          "text": "DEFAULT_HEIGHT"
                        },
                        "endToken": {
                          "kind": 94,
                          "text": "DEFAULT_HEIGHT"
                        }
                      },
                      "identifier": "DEFAULT_HEIGHT"
                    }
                  },
                  {
                    "!": "com.github.javaparser.ast.expr.NameExpr",
                    "range": {
                      "beginLine": 13,
                      "beginColumn": 13,
                      "endLine": 13,
                      "endColumn": 38
                    },
                    "tokenRange": {
                      "beginToken": {
                        "kind": 94,
                        "text": "DEFAULT_MINIMUM_DRAW_WIDTH"
                      },
                      "endToken": {
                        "kind": 94,
                        "text": "DEFAULT_MINIMUM_DRAW_WIDTH"
                      }
                    },
                    "name": {
                      "!": "com.github.javaparser.ast.expr.SimpleName",
                      "range": {
                        "beginLine": 13,
                        "beginColumn": 13,
                        "endLine": 13,
                        "endColumn": 38
                      },
                      "tokenRange": {
                        "beginToken": {
                          "kind": 94,
                          "text": "DEFAULT_MINIMUM_DRAW_WIDTH"
                        },
                        "endToken": {
                          "kind": 94,
                          "text": "DEFAULT_MINIMUM_DRAW_WIDTH"
                        }
                      },
                      "identifier": "DEFAULT_MINIMUM_DRAW_WIDTH"
                    }
                  },
                  {
                    "!": "com.github.javaparser.ast.expr.NameExpr",
                    "range": {
                      "beginLine": 14,
                      "beginColumn": 13,
                      "endLine": 14,
                      "endColumn": 39
                    },
                    "tokenRange": {
                      "beginToken": {
                        "kind": 94,
                        "text": "DEFAULT_MINIMUM_DRAW_HEIGHT"
                      },
                      "endToken": {
                        "kind": 94,
                        "text": "DEFAULT_MINIMUM_DRAW_HEIGHT"
                      }
                    },
                    "name": {
                      "!": "com.github.javaparser.ast.expr.SimpleName",
                      "range": {
                        "beginLine": 14,
                        "beginColumn": 13,
                        "endLine": 14,
                        "endColumn": 39
                      },
                      "tokenRange": {
                        "beginToken": {
                          "kind": 94,
                          "text": "DEFAULT_MINIMUM_DRAW_HEIGHT"
                        },
                        "endToken": {
                          "kind": 94,
                          "text": "DEFAULT_MINIMUM_DRAW_HEIGHT"
                        }
                      },
                      "identifier": "DEFAULT_MINIMUM_DRAW_HEIGHT"
                    }
                  },
                  {
                    "!": "com.github.javaparser.ast.expr.NameExpr",
                    "range": {
                      "beginLine": 15,
                      "beginColumn": 13,
                      "endLine": 15,
                      "endColumn": 38
                    },
                    "tokenRange": {
                      "beginToken": {
                        "kind": 94,
                        "text": "DEFAULT_MAXIMUM_DRAW_WIDTH"
                      },
                      "endToken": {
                        "kind": 94,
                        "text": "DEFAULT_MAXIMUM_DRAW_WIDTH"
                      }
                    },
                    "name": {
                      "!": "com.github.javaparser.ast.expr.SimpleName",
                      "range": {
                        "beginLine": 15,
                        "beginColumn": 13,
                        "endLine": 15,
                        "endColumn": 38
                      },
                      "tokenRange": {
                        "beginToken": {
                          "kind": 94,
                          "text": "DEFAULT_MAXIMUM_DRAW_WIDTH"
                        },
                        "endToken": {
                          "kind": 94,
                          "text": "DEFAULT_MAXIMUM_DRAW_WIDTH"
                        }
                      },
                      "identifier": "DEFAULT_MAXIMUM_DRAW_WIDTH"
                    }
                  },
                  {
                    "!": "com.github.javaparser.ast.expr.NameExpr",
                    "range": {
                      "beginLine": 16,
                      "beginColumn": 13,
                      "endLine": 16,
                      "endColumn": 39
                    },
                    "tokenRange": {
                      "beginToken": {
                        "kind": 94,
                        "text": "DEFAULT_MAXIMUM_DRAW_HEIGHT"
                      },
                      "endToken": {
                        "kind": 94,
                        "text": "DEFAULT_MAXIMUM_DRAW_HEIGHT"
                      }
                    },
                    "name": {
                      "!": "com.github.javaparser.ast.expr.SimpleName",
                      "range": {
                        "beginLine": 16,
                        "beginColumn": 13,
                        "endLine": 16,
                        "endColumn": 39
                      },
                      "tokenRange": {
                        "beginToken": {
                          "kind": 94,
                          "text": "DEFAULT_MAXIMUM_DRAW_HEIGHT"
                        },
                        "endToken": {
                          "kind": 94,
                          "text": "DEFAULT_MAXIMUM_DRAW_HEIGHT"
                        }
                      },
                      "identifier": "DEFAULT_MAXIMUM_DRAW_HEIGHT"
                    }
                  },
                  {
                    "!": "com.github.javaparser.ast.expr.NameExpr",
                    "range": {
                      "beginLine": 17,
                      "beginColumn": 13,
                      "endLine": 17,
                      "endColumn": 31
                    },
                    "tokenRange": {
                      "beginToken": {
                        "kind": 94,
                        "text": "DEFAULT_BUFFER_USED"
                      },
                      "endToken": {
                        "kind": 94,
                        "text": "DEFAULT_BUFFER_USED"
                      }
                    },
                    "name": {
                      "!": "com.github.javaparser.ast.expr.SimpleName",
                      "range": {
                        "beginLine": 17,
                        "beginColumn": 13,
                        "endLine": 17,
                        "endColumn": 31
                      },
                      "tokenRange": {
                        "beginToken": {
                          "kind": 94,
                          "text": "DEFAULT_BUFFER_USED"
                        },
                        "endToken": {
                          "kind": 94,
                          "text": "DEFAULT_BUFFER_USED"
                        }
                      },
                      "identifier": "DEFAULT_BUFFER_USED"
                    }
                  },
                  {
                    "!": "com.github.javaparser.ast.expr.BooleanLiteralExpr",
                    "range": {
                      "beginLine": 18,
                      "beginColumn": 13,
                      "endLine": 18,
                      "endColumn": 16
                    },
                    "tokenRange": {
                      "beginToken": {
                        "kind": 60,
                        "text": "true"
                      },
                      "endToken": {
                        "kind": 60,
                        "text": "true"
                      }
                    },
                    "value": "true",
                    "comment": {
                      "!": "com.github.javaparser.ast.comments.LineComment",
                      "range": {
                        "beginLine": 18,
                        "beginColumn": 20,
                        "endLine": 18,
                        "endColumn": 32
                      },
                      "tokenRange": {
                        "beginToken": {
                          "kind": 5,
                          "text": "// properties"
                        },
                        "endToken": {
                          "kind": 5,
                          "text": "// properties"
                        }
                      },
                      "content": " properties"
                    }
                  },
                  {
                    "!": "com.github.javaparser.ast.expr.BooleanLiteralExpr",
                    "range": {
                      "beginLine": 19,
                      "beginColumn": 13,
                      "endLine": 19,
                      "endColumn": 16
                    },
                    "tokenRange": {
                      "beginToken": {
                        "kind": 60,
                        "text": "true"
                      },
                      "endToken": {
                        "kind": 60,
                        "text": "true"
                      }
                    },
                    "value": "true",
                    "comment": {
                      "!": "com.github.javaparser.ast.comments.LineComment",
                      "range": {
                        "beginLine": 19,
                        "beginColumn": 20,
                        "endLine": 19,
                        "endColumn": 26
                      },
                      "tokenRange": {
                        "beginToken": {
                          "kind": 5,
                          "text": "// save"
                        },
                        "endToken": {
                          "kind": 5,
                          "text": "// save"
                        }
                      },
                      "content": " save"
                    }
                  },
                  {
                    "!": "com.github.javaparser.ast.expr.BooleanLiteralExpr",
                    "range": {
                      "beginLine": 20,
                      "beginColumn": 13,
                      "endLine": 20,
                      "endColumn": 16
                    },
                    "tokenRange": {
                      "beginToken": {
                        "kind": 60,
                        "text": "true"
                      },
                      "endToken": {
                        "kind": 60,
                        "text": "true"
                      }
                    },
                    "value": "true",
                    "comment": {
                      "!": "com.github.javaparser.ast.comments.LineComment",
                      "range": {
                        "beginLine": 20,
                        "beginColumn": 20,
                        "endLine": 20,
                        "endColumn": 27
                      },
                      "tokenRange": {
                        "beginToken": {
                          "kind": 5,
                          "text": "// print"
                        },
                        "endToken": {
                          "kind": 5,
                          "text": "// print"
                        }
                      },
                      "content": " print"
                    }
                  },
                  {
                    "!": "com.github.javaparser.ast.expr.BooleanLiteralExpr",
                    "range": {
                      "beginLine": 21,
                      "beginColumn": 13,
                      "endLine": 21,
                      "endColumn": 16
                    },
                    "tokenRange": {
                      "beginToken": {
                        "kind": 60,
                        "text": "true"
                      },
                      "endToken": {
                        "kind": 60,
                        "text": "true"
                      }
                    },
                    "value": "true",
                    "comment": {
                      "!": "com.github.javaparser.ast.comments.LineComment",
                      "range": {
                        "beginLine": 21,
                        "beginColumn": 20,
                        "endLine": 21,
                        "endColumn": 26
                      },
                      "tokenRange": {
                        "beginToken": {
                          "kind": 5,
                          "text": "// zoom"
                        },
                        "endToken": {
                          "kind": 5,
                          "text": "// zoom"
                        }
                      },
                      "content": " zoom"
                    }
                  },
                  {
                    "!": "com.github.javaparser.ast.expr.BooleanLiteralExpr",
                    "range": {
                      "beginLine": 22,
                      "beginColumn": 13,
                      "endLine": 22,
                      "endColumn": 16
                    },
                    "tokenRange": {
                      "beginToken": {
                        "kind": 60,
                        "text": "true"
                      },
                      "endToken": {
                        "kind": 60,
                        "text": "true"
                      }
                    },
                    "value": "true",
                    "comment": {
                      "!": "com.github.javaparser.ast.comments.LineComment",
                      "range": {
                        "beginLine": 22,
                        "beginColumn": 20,
                        "endLine": 22,
                        "endColumn": 30
                      },
                      "tokenRange": {
                        "beginToken": {
                          "kind": 5,
                          "text": "// tooltips"
                        },
                        "endToken": {
                          "kind": 5,
                          "text": "// tooltips"
                        }
                      },
                      "content": " tooltips"
                    }
                  }
                ],
                "isThis": "true"
              }
            ]
          },
          "modifiers": [
            {
              "!": "com.github.javaparser.ast.Modifier",
              "range": {
                "beginLine": 7,
                "beginColumn": 5,
                "endLine": 7,
                "endColumn": 10
              },
              "tokenRange": {
                "beginToken": {
                  "kind": 47,
                  "text": "public"
                },
                "endToken": {
                  "kind": 47,
                  "text": "public"
                }
              },
              "keyword": "PUBLIC"
            }
          ],
          "name": {
            "!": "com.github.javaparser.ast.expr.SimpleName",
            "range": {
              "beginLine": 7,
              "beginColumn": 12,
              "endLine": 7,
              "endColumn": 21
            },
            "tokenRange": {
              "beginToken": {
                "kind": 94,
                "text": "ChartPanel"
              },
              "endToken": {
                "kind": 94,
                "text": "ChartPanel"
              }
            },
            "identifier": "ChartPanel"
          },
          "parameters": [
            {
              "!": "com.github.javaparser.ast.body.Parameter",
              "range": {
                "beginLine": 7,
                "beginColumn": 23,
                "endLine": 7,
                "endColumn": 38
              },
              "tokenRange": {
                "beginToken": {
                  "kind": 94,
                  "text": "JFreeChart"
                },
                "endToken": {
                  "kind": 94,
                  "text": "chart"
                }
              },
              "annotations": [],
              "isVarArgs": "false",
              "modifiers": [],
              "name": {
                "!": "com.github.javaparser.ast.expr.SimpleName",
                "range": {
                  "beginLine": 7,
                  "beginColumn": 34,
                  "endLine": 7,
                  "endColumn": 38
                },
                "tokenRange": {
                  "beginToken": {
                    "kind": 94,
                    "text": "chart"
                  },
                  "endToken": {
                    "kind": 94,
                    "text": "chart"
                  }
                },
                "identifier": "chart"
              },
              "type": {
                "!": "com.github.javaparser.ast.type.ClassOrInterfaceType",
                "range": {
                  "beginLine": 7,
                  "beginColumn": 23,
                  "endLine": 7,
                  "endColumn": 32
                },
                "tokenRange": {
                  "beginToken": {
                    "kind": 94,
                    "text": "JFreeChart"
                  },
                  "endToken": {
                    "kind": 94,
                    "text": "JFreeChart"
                  }
                },
                "name": {
                  "!": "com.github.javaparser.ast.expr.SimpleName",
                  "range": {
                    "beginLine": 7,
                    "beginColumn": 23,
                    "endLine": 7,
                    "endColumn": 32
                  },
                  "tokenRange": {
                    "beginToken": {
                      "kind": 94,
                      "text": "JFreeChart"
                    },
                    "endToken": {
                      "kind": 94,
                      "text": "JFreeChart"
                    }
                  },
                  "identifier": "JFreeChart"
                },
                "annotations": []
              },
              "varArgsAnnotations": []
            }
          ],
          "thrownExceptions": [],
          "typeParameters": [],
          "annotations": [],
          "comment": {
            "!": "com.github.javaparser.ast.comments.JavadocComment",
            "range": {
              "beginLine": 2,
              "beginColumn": 5,
              "endLine": 6,
              "endColumn": 7
            },
            "tokenRange": {
              "beginToken": {
                "kind": 8,
                "text": "/**\n     * Constructs a panel that displays the specified chart.\n     *\n     * @param chart  the chart.\n     */"
              },
              "endToken": {
                "kind": 8,
                "text": "/**\n     * Constructs a panel that displays the specified chart.\n     *\n     * @param chart  the chart.\n     */"
              }
            },
            "content": "\n     * Constructs a panel that displays the specified chart.\n     *\n     * @param chart  the chart.\n     "
          }
        }
      ],
      "modifiers": [],
      "name": {
        "!": "com.github.javaparser.ast.expr.SimpleName",
        "range": {
          "beginLine": 1,
          "beginColumn": 7,
          "endLine": 1,
          "endColumn": 10
        },
        "tokenRange": {
          "beginToken": {
            "kind": 94,
            "text": "Test"
          },
          "endToken": {
            "kind": 94,
            "text": "Test"
          }
        },
        "identifier": "Test"
      },
      "annotations": []
    }
  ]
}