{"!":"com.github.javaparser.ast.CompilationUnit","range":{"beginLine":1,"beginColumn":1,"endLine":23,"endColumn":2},"tokenRange":{"beginToken":{"kind":19,"text":"class"},"endToken":{"kind":0,"text":""}},"imports":[],"types":[{"!":"com.github.javaparser.ast.body.ClassOrInterfaceDeclaration","range":{"beginLine":1,"beginColumn":1,"endLine":23,"endColumn":2},"tokenRange":{"beginToken":{"kind":19,"text":"class"},"endToken":{"kind":100,"text":"}"}},"extendedTypes":[],"implementedTypes":[],"isInterface":"false","typeParameters":[],"members":[{"!":"com.github.javaparser.ast.body.MethodDeclaration","range":{"beginLine":5,"beginColumn":5,"endLine":21,"endColumn":5},"tokenRange":{"beginToken":{"kind":47,"text":"public"},"endToken":{"kind":100,"text":"}"}},"body":{"!":"com.github.javaparser.ast.stmt.BlockStmt","range":{"beginLine":5,"beginColumn":37,"endLine":21,"endColumn":5},"tokenRange":{"beginToken":{"kind":99,"text":"{"},"endToken":{"kind":100,"text":"}"}},"statements":[{"!":"com.github.javaparser.ast.stmt.IfStmt","range":{"beginLine":6,"beginColumn":9,"endLine":19,"endColumn":9},"tokenRange":{"beginToken":{"kind":34,"text":"if"},"endToken":{"kind":100,"text":"}"}},"condition":{"!":"com.github.javaparser.ast.expr.BinaryExpr","range":{"beginLine":6,"beginColumn":13,"endLine":6,"endColumn":25},"tokenRange":{"beginToken":{"kind":94,"text":"types"},"endToken":{"kind":43,"text":"null"}},"left":{"!":"com.github.javaparser.ast.expr.NameExpr","range":{"beginLine":6,"beginColumn":13,"endLine":6,"endColumn":17},"tokenRange":{"beginToken":{"kind":94,"text":"types"},"endToken":{"kind":94,"text":"types"}},"name":{"!":"com.github.javaparser.ast.expr.SimpleName","range":{"beginLine":6,"beginColumn":13,"endLine":6,"endColumn":17},"tokenRange":{"beginToken":{"kind":94,"text":"types"},"endToken":{"kind":94,"text":"types"}},"identifier":"types"}},"operator":"EQUALS","right":{"!":"com.github.javaparser.ast.expr.NullLiteralExpr","range":{"beginLine":6,"beginColumn":22,"endLine":6,"endColumn":25},"tokenRange":{"beginToken":{"kind":43,"text":"null"},"endToken":{"kind":43,"text":"null"}}}},"thenStmt":{"!":"com.github.javaparser.ast.stmt.BlockStmt","range":{"beginLine":6,"beginColumn":28,"endLine":19,"endColumn":9},"tokenRange":{"beginToken":{"kind":99,"text":"{"},"endToken":{"kind":100,"text":"}"}},"statements":[{"!":"com.github.javaparser.ast.stmt.ExpressionStmt","range":{"beginLine":7,"beginColumn":13,"endLine":7,"endColumn":33},"tokenRange":{"beginToken":{"kind":94,"text":"types"},"endToken":{"kind":103,"text":";"}},"expression":{"!":"com.github.javaparser.ast.expr.AssignExpr","range":{"beginLine":7,"beginColumn":13,"endLine":7,"endColumn":32},"tokenRange":{"beginToken":{"kind":94,"text":"types"},"endToken":{"kind":98,"text":")"}},"operator":"ASSIGN","target":{"!":"com.github.javaparser.ast.expr.NameExpr","range":{"beginLine":7,"beginColumn":13,"endLine":7,"endColumn":17},"tokenRange":{"beginToken":{"kind":94,"text":"types"},"endToken":{"kind":94,"text":"types"}},"name":{"!":"com.github.javaparser.ast.expr.SimpleName","range":{"beginLine":7,"beginColumn":13,"endLine":7,"endColumn":17},"tokenRange":{"beginToken":{"kind":94,"text":"types"},"endToken":{"kind":94,"text":"types"}},"identifier":"types"}},"value":{"!":"com.github.javaparser.ast.expr.ObjectCreationExpr","range":{"beginLine":7,"beginColumn":21,"endLine":7,"endColumn":32},"tokenRange":{"beginToken":{"kind":42,"text":"new"},"endToken":{"kind":98,"text":")"}},"arguments":[],"type":{"!":"com.github.javaparser.ast.type.ClassOrInterfaceType","range":{"beginLine":7,"beginColumn":25,"endLine":7,"endColumn":30},"tokenRange":{"beginToken":{"kind":94,"text":"Vector"},"endToken":{"kind":94,"text":"Vector"}},"name":{"!":"com.github.javaparser.ast.expr.SimpleName","range":{"beginLine":7,"beginColumn":25,"endLine":7,"endColumn":30},"tokenRange":{"beginToken":{"kind":94,"text":"Vector"},"endToken":{"kind":94,"text":"Vector"}},"identifier":"Vector"},"annotations":[]}}}},{"!":"com.github.javaparser.ast.stmt.ExpressionStmt","range":{"beginLine":8,"beginColumn":13,"endLine":8,"endColumn":73},"tokenRange":{"beginToken":{"kind":94,"text":"types"},"endToken":{"kind":103,"text":";"}},"expression":{"!":"com.github.javaparser.ast.expr.MethodCallExpr","range":{"beginLine":8,"beginColumn":13,"endLine":8,"endColumn":72},"tokenRange":{"beginToken":{"kind":94,"text":"types"},"endToken":{"kind":98,"text":")"}},"arguments":[{"!":"com.github.javaparser.ast.expr.ObjectCreationExpr","range":{"beginLine":8,"beginColumn":30,"endLine":8,"endColumn":71},"tokenRange":{"beginToken":{"kind":42,"text":"new"},"endToken":{"kind":98,"text":")"}},"arguments":[{"!":"com.github.javaparser.ast.expr.FieldAccessExpr","range":{"beginLine":8,"beginColumn":52,"endLine":8,"endColumn":70},"tokenRange":{"beginToken":{"kind":94,"text":"Critic"},"endToken":{"kind":94,"text":"KT_DESIGNERS"}},"name":{"!":"com.github.javaparser.ast.expr.SimpleName","range":{"beginLine":8,"beginColumn":59,"endLine":8,"endColumn":70},"tokenRange":{"beginToken":{"kind":94,"text":"KT_DESIGNERS"},"endToken":{"kind":94,"text":"KT_DESIGNERS"}},"identifier":"KT_DESIGNERS"},"scope":{"!":"com.github.javaparser.ast.expr.NameExpr","range":{"beginLine":8,"beginColumn":52,"endLine":8,"endColumn":57},"tokenRange":{"beginToken":{"kind":94,"text":"Critic"},"endToken":{"kind":94,"text":"Critic"}},"name":{"!":"com.github.javaparser.ast.expr.SimpleName","range":{"beginLine":8,"beginColumn":52,"endLine":8,"endColumn":57},"tokenRange":{"beginToken":{"kind":94,"text":"Critic"},"endToken":{"kind":94,"text":"Critic"}},"identifier":"Critic"}}}],"type":{"!":"com.github.javaparser.ast.type.ClassOrInterfaceType","range":{"beginLine":8,"beginColumn":34,"endLine":8,"endColumn":50},"tokenRange":{"beginToken":{"kind":94,"text":"KnowledgeTypeNode"},"endToken":{"kind":94,"text":"KnowledgeTypeNode"}},"name":{"!":"com.github.javaparser.ast.expr.SimpleName","range":{"beginLine":8,"beginColumn":34,"endLine":8,"endColumn":50},"tokenRange":{"beginToken":{"kind":94,"text":"KnowledgeTypeNode"},"endToken":{"kind":94,"text":"KnowledgeTypeNode"}},"identifier":"KnowledgeTypeNode"},"annotations":[]}}],"name":{"!":"com.github.javaparser.ast.expr.SimpleName","range":{"beginLine":8,"beginColumn":19,"endLine":8,"endColumn":28},"tokenRange":{"beginToken":{"kind":94,"text":"addElement"},"endToken":{"kind":94,"text":"addElement"}},"identifier":"addElement"},"scope":{"!":"com.github.javaparser.ast.expr.NameExpr","range":{"beginLine":8,"beginColumn":13,"endLine":8,"endColumn":17},"tokenRange":{"beginToken":{"kind":94,"text":"types"},"endToken":{"kind":94,"text":"types"}},"name":{"!":"com.github.javaparser.ast.expr.SimpleName","range":{"beginLine":8,"beginColumn":13,"endLine":8,"endColumn":17},"tokenRange":{"beginToken":{"kind":94,"text":"types"},"endToken":{"kind":94,"text":"types"}},"identifier":"types"}}}},{"!":"com.github.javaparser.ast.stmt.ExpressionStmt","range":{"beginLine":9,"beginColumn":13,"endLine":9,"endColumn":75},"tokenRange":{"beginToken":{"kind":94,"text":"types"},"endToken":{"kind":103,"text":";"}},"expression":{"!":"com.github.javaparser.ast.expr.MethodCallExpr","range":{"beginLine":9,"beginColumn":13,"endLine":9,"endColumn":74},"tokenRange":{"beginToken":{"kind":94,"text":"types"},"endToken":{"kind":98,"text":")"}},"arguments":[{"!":"com.github.javaparser.ast.expr.ObjectCreationExpr","range":{"beginLine":9,"beginColumn":30,"endLine":9,"endColumn":73},"tokenRange":{"beginToken":{"kind":42,"text":"new"},"endToken":{"kind":98,"text":")"}},"arguments":[{"!":"com.github.javaparser.ast.expr.FieldAccessExpr","range":{"beginLine":9,"beginColumn":52,"endLine":9,"endColumn":72},"tokenRange":{"beginToken":{"kind":94,"text":"Critic"},"endToken":{"kind":94,"text":"KT_CORRECTNESS"}},"name":{"!":"com.github.javaparser.ast.expr.SimpleName","range":{"beginLine":9,"beginColumn":59,"endLine":9,"endColumn":72},"tokenRange":{"beginToken":{"kind":94,"text":"KT_CORRECTNESS"},"endToken":{"kind":94,"text":"KT_CORRECTNESS"}},"identifier":"KT_CORRECTNESS"},"scope":{"!":"com.github.javaparser.ast.expr.NameExpr","range":{"beginLine":9,"beginColumn":52,"endLine":9,"endColumn":57},"tokenRange":{"beginToken":{"kind":94,"text":"Critic"},"endToken":{"kind":94,"text":"Critic"}},"name":{"!":"com.github.javaparser.ast.expr.SimpleName","range":{"beginLine":9,"beginColumn":52,"endLine":9,"endColumn":57},"tokenRange":{"beginToken":{"kind":94,"text":"Critic"},"endToken":{"kind":94,"text":"Critic"}},"identifier":"Critic"}}}],"type":{"!":"com.github.javaparser.ast.type.ClassOrInterfaceType","range":{"beginLine":9,"beginColumn":34,"endLine":9,"endColumn":50},"tokenRange":{"beginToken":{"kind":94,"text":"KnowledgeTypeNode"},"endToken":{"kind":94,"text":"KnowledgeTypeNode"}},"name":{"!":"com.github.javaparser.ast.expr.SimpleName","range":{"beginLine":9,"beginColumn":34,"endLine":9,"endColumn":50},"tokenRange":{"beginToken":{"kind":94,"text":"KnowledgeTypeNode"},"endToken":{"kind":94,"text":"KnowledgeTypeNode"}},"identifier":"KnowledgeTypeNode"},"annotations":[]}}],"name":{"!":"com.github.javaparser.ast.expr.SimpleName","range":{"beginLine":9,"beginColumn":19,"endLine":9,"endColumn":28},"tokenRange":{"beginToken":{"kind":94,"text":"addElement"},"endToken":{"kind":94,"text":"addElement"}},"identifier":"addElement"},"scope":{"!":"com.github.javaparser.ast.expr.NameExpr","range":{"beginLine":9,"beginColumn":13,"endLine":9,"endColumn":17},"tokenRange":{"beginToken":{"kind":94,"text":"types"},"endToken":{"kind":94,"text":"types"}},"name":{"!":"com.github.javaparser.ast.expr.SimpleName","range":{"beginLine":9,"beginColumn":13,"endLine":9,"endColumn":17},"tokenRange":{"beginToken":{"kind":94,"text":"types"},"endToken":{"kind":94,"text":"types"}},"identifier":"types"}}}},{"!":"com.github.javaparser.ast.stmt.ExpressionStmt","range":{"beginLine":10,"beginColumn":13,"endLine":10,"endColumn":76},"tokenRange":{"beginToken":{"kind":94,"text":"types"},"endToken":{"kind":103,"text":";"}},"expression":{"!":"com.github.javaparser.ast.expr.MethodCallExpr","range":{"beginLine":10,"beginColumn":13,"endLine":10,"endColumn":75},"tokenRange":{"beginToken":{"kind":94,"text":"types"},"endToken":{"kind":98,"text":")"}},"arguments":[{"!":"com.github.javaparser.ast.expr.ObjectCreationExpr","range":{"beginLine":10,"beginColumn":30,"endLine":10,"endColumn":74},"tokenRange":{"beginToken":{"kind":42,"text":"new"},"endToken":{"kind":98,"text":")"}},"arguments":[{"!":"com.github.javaparser.ast.expr.FieldAccessExpr","range":{"beginLine":10,"beginColumn":52,"endLine":10,"endColumn":73},"tokenRange":{"beginToken":{"kind":94,"text":"Critic"},"endToken":{"kind":94,"text":"KT_COMPLETENESS"}},"name":{"!":"com.github.javaparser.ast.expr.SimpleName","range":{"beginLine":10,"beginColumn":59,"endLine":10,"endColumn":73},"tokenRange":{"beginToken":{"kind":94,"text":"KT_COMPLETENESS"},"endToken":{"kind":94,"text":"KT_COMPLETENESS"}},"identifier":"KT_COMPLETENESS"},"scope":{"!":"com.github.javaparser.ast.expr.NameExpr","range":{"beginLine":10,"beginColumn":52,"endLine":10,"endColumn":57},"tokenRange":{"beginToken":{"kind":94,"text":"Critic"},"endToken":{"kind":94,"text":"Critic"}},"name":{"!":"com.github.javaparser.ast.expr.SimpleName","range":{"beginLine":10,"beginColumn":52,"endLine":10,"endColumn":57},"tokenRange":{"beginToken":{"kind":94,"text":"Critic"},"endToken":{"kind":94,"text":"Critic"}},"identifier":"Critic"}}}],"type":{"!":"com.github.javaparser.ast.type.ClassOrInterfaceType","range":{"beginLine":10,"beginColumn":34,"endLine":10,"endColumn":50},"tokenRange":{"beginToken":{"kind":94,"text":"KnowledgeTypeNode"},"endToken":{"kind":94,"text":"KnowledgeTypeNode"}},"name":{"!":"com.github.javaparser.ast.expr.SimpleName","range":{"beginLine":10,"beginColumn":34,"endLine":10,"endColumn":50},"tokenRange":{"beginToken":{"kind":94,"text":"KnowledgeTypeNode"},"endToken":{"kind":94,"text":"KnowledgeTypeNode"}},"identifier":"KnowledgeTypeNode"},"annotations":[]}}],"name":{"!":"com.github.javaparser.ast.expr.SimpleName","range":{"beginLine":10,"beginColumn":19,"endLine":10,"endColumn":28},"tokenRange":{"beginToken":{"kind":94,"text":"addElement"},"endToken":{"kind":94,"text":"addElement"}},"identifier":"addElement"},"scope":{"!":"com.github.javaparser.ast.expr.NameExpr","range":{"beginLine":10,"beginColumn":13,"endLine":10,"endColumn":17},"tokenRange":{"beginToken":{"kind":94,"text":"types"},"endToken":{"kind":94,"text":"types"}},"name":{"!":"com.github.javaparser.ast.expr.SimpleName","range":{"beginLine":10,"beginColumn":13,"endLine":10,"endColumn":17},"tokenRange":{"beginToken":{"kind":94,"text":"types"},"endToken":{"kind":94,"text":"types"}},"identifier":"types"}}}},{"!":"com.github.javaparser.ast.stmt.ExpressionStmt","range":{"beginLine":11,"beginColumn":13,"endLine":11,"endColumn":75},"tokenRange":{"beginToken":{"kind":94,"text":"types"},"endToken":{"kind":103,"text":";"}},"expression":{"!":"com.github.javaparser.ast.expr.MethodCallExpr","range":{"beginLine":11,"beginColumn":13,"endLine":11,"endColumn":74},"tokenRange":{"beginToken":{"kind":94,"text":"types"},"endToken":{"kind":98,"text":")"}},"arguments":[{"!":"com.github.javaparser.ast.expr.ObjectCreationExpr","range":{"beginLine":11,"beginColumn":30,"endLine":11,"endColumn":73},"tokenRange":{"beginToken":{"kind":42,"text":"new"},"endToken":{"kind":98,"text":")"}},"arguments":[{"!":"com.github.javaparser.ast.expr.FieldAccessExpr","range":{"beginLine":11,"beginColumn":52,"endLine":11,"endColumn":72},"tokenRange":{"beginToken":{"kind":94,"text":"Critic"},"endToken":{"kind":94,"text":"KT_CONSISTENCY"}},"name":{"!":"com.github.javaparser.ast.expr.SimpleName","range":{"beginLine":11,"beginColumn":59,"endLine":11,"endColumn":72},"tokenRange":{"beginToken":{"kind":94,"text":"KT_CONSISTENCY"},"endToken":{"kind":94,"text":"KT_CONSISTENCY"}},"identifier":"KT_CONSISTENCY"},"scope":{"!":"com.github.javaparser.ast.expr.NameExpr","range":{"beginLine":11,"beginColumn":52,"endLine":11,"endColumn":57},"tokenRange":{"beginToken":{"kind":94,"text":"Critic"},"endToken":{"kind":94,"text":"Critic"}},"name":{"!":"com.github.javaparser.ast.expr.SimpleName","range":{"beginLine":11,"beginColumn":52,"endLine":11,"endColumn":57},"tokenRange":{"beginToken":{"kind":94,"text":"Critic"},"endToken":{"kind":94,"text":"Critic"}},"identifier":"Critic"}}}],"type":{"!":"com.github.javaparser.ast.type.ClassOrInterfaceType","range":{"beginLine":11,"beginColumn":34,"endLine":11,"endColumn":50},"tokenRange":{"beginToken":{"kind":94,"text":"KnowledgeTypeNode"},"endToken":{"kind":94,"text":"KnowledgeTypeNode"}},"name":{"!":"com.github.javaparser.ast.expr.SimpleName","range":{"beginLine":11,"beginColumn":34,"endLine":11,"endColumn":50},"tokenRange":{"beginToken":{"kind":94,"text":"KnowledgeTypeNode"},"endToken":{"kind":94,"text":"KnowledgeTypeNode"}},"identifier":"KnowledgeTypeNode"},"annotations":[]}}],"name":{"!":"com.github.javaparser.ast.expr.SimpleName","range":{"beginLine":11,"beginColumn":19,"endLine":11,"endColumn":28},"tokenRange":{"beginToken":{"kind":94,"text":"addElement"},"endToken":{"kind":94,"text":"addElement"}},"identifier":"addElement"},"scope":{"!":"com.github.javaparser.ast.expr.NameExpr","range":{"beginLine":11,"beginColumn":13,"endLine":11,"endColumn":17},"tokenRange":{"beginToken":{"kind":94,"text":"types"},"endToken":{"kind":94,"text":"types"}},"name":{"!":"com.github.javaparser.ast.expr.SimpleName","range":{"beginLine":11,"beginColumn":13,"endLine":11,"endColumn":17},"tokenRange":{"beginToken":{"kind":94,"text":"types"},"endToken":{"kind":94,"text":"types"}},"identifier":"types"}}}},{"!":"com.github.javaparser.ast.stmt.ExpressionStmt","range":{"beginLine":12,"beginColumn":13,"endLine":12,"endColumn":70},"tokenRange":{"beginToken":{"kind":94,"text":"types"},"endToken":{"kind":103,"text":";"}},"expression":{"!":"com.github.javaparser.ast.expr.MethodCallExpr","range":{"beginLine":12,"beginColumn":13,"endLine":12,"endColumn":69},"tokenRange":{"beginToken":{"kind":94,"text":"types"},"endToken":{"kind":98,"text":")"}},"arguments":[{"!":"com.github.javaparser.ast.expr.ObjectCreationExpr","range":{"beginLine":12,"beginColumn":30,"endLine":12,"endColumn":68},"tokenRange":{"beginToken":{"kind":42,"text":"new"},"endToken":{"kind":98,"text":")"}},"arguments":[{"!":"com.github.javaparser.ast.expr.FieldAccessExpr","range":{"beginLine":12,"beginColumn":52,"endLine":12,"endColumn":67},"tokenRange":{"beginToken":{"kind":94,"text":"Critic"},"endToken":{"kind":94,"text":"KT_SYNTAX"}},"name":{"!":"com.github.javaparser.ast.expr.SimpleName","range":{"beginLine":12,"beginColumn":59,"endLine":12,"endColumn":67},"tokenRange":{"beginToken":{"kind":94,"text":"KT_SYNTAX"},"endToken":{"kind":94,"text":"KT_SYNTAX"}},"identifier":"KT_SYNTAX"},"scope":{"!":"com.github.javaparser.ast.expr.NameExpr","range":{"beginLine":12,"beginColumn":52,"endLine":12,"endColumn":57},"tokenRange":{"beginToken":{"kind":94,"text":"Critic"},"endToken":{"kind":94,"text":"Critic"}},"name":{"!":"com.github.javaparser.ast.expr.SimpleName","range":{"beginLine":12,"beginColumn":52,"endLine":12,"endColumn":57},"tokenRange":{"beginToken":{"kind":94,"text":"Critic"},"endToken":{"kind":94,"text":"Critic"}},"identifier":"Critic"}}}],"type":{"!":"com.github.javaparser.ast.type.ClassOrInterfaceType","range":{"beginLine":12,"beginColumn":34,"endLine":12,"endColumn":50},"tokenRange":{"beginToken":{"kind":94,"text":"KnowledgeTypeNode"},"endToken":{"kind":94,"text":"KnowledgeTypeNode"}},"name":{"!":"com.github.javaparser.ast.expr.SimpleName","range":{"beginLine":12,"beginColumn":34,"endLine":12,"endColumn":50},"tokenRange":{"beginToken":{"kind":94,"text":"KnowledgeTypeNode"},"endToken":{"kind":94,"text":"KnowledgeTypeNode"}},"identifier":"KnowledgeTypeNode"},"annotations":[]}}],"name":{"!":"com.github.javaparser.ast.expr.SimpleName","range":{"beginLine":12,"beginColumn":19,"endLine":12,"endColumn":28},"tokenRange":{"beginToken":{"kind":94,"text":"addElement"},"endToken":{"kind":94,"text":"addElement"}},"identifier":"addElement"},"scope":{"!":"com.github.javaparser.ast.expr.NameExpr","range":{"beginLine":12,"beginColumn":13,"endLine":12,"endColumn":17},"tokenRange":{"beginToken":{"kind":94,"text":"types"},"endToken":{"kind":94,"text":"types"}},"name":{"!":"com.github.javaparser.ast.expr.SimpleName","range":{"beginLine":12,"beginColumn":13,"endLine":12,"endColumn":17},"tokenRange":{"beginToken":{"kind":94,"text":"types"},"endToken":{"kind":94,"text":"types"}},"identifier":"types"}}}},{"!":"com.github.javaparser.ast.stmt.ExpressionStmt","range":{"beginLine":13,"beginColumn":13,"endLine":13,"endColumn":73},"tokenRange":{"beginToken":{"kind":94,"text":"types"},"endToken":{"kind":103,"text":";"}},"expression":{"!":"com.github.javaparser.ast.expr.MethodCallExpr","range":{"beginLine":13,"beginColumn":13,"endLine":13,"endColumn":72},"tokenRange":{"beginToken":{"kind":94,"text":"types"},"endToken":{"kind":98,"text":")"}},"arguments":[{"!":"com.github.javaparser.ast.expr.ObjectCreationExpr","range":{"beginLine":13,"beginColumn":30,"endLine":13,"endColumn":71},"tokenRange":{"beginToken":{"kind":42,"text":"new"},"endToken":{"kind":98,"text":")"}},"arguments":[{"!":"com.github.javaparser.ast.expr.FieldAccessExpr","range":{"beginLine":13,"beginColumn":52,"endLine":13,"endColumn":70},"tokenRange":{"beginToken":{"kind":94,"text":"Critic"},"endToken":{"kind":94,"text":"KT_SEMANTICS"}},"name":{"!":"com.github.javaparser.ast.expr.SimpleName","range":{"beginLine":13,"beginColumn":59,"endLine":13,"endColumn":70},"tokenRange":{"beginToken":{"kind":94,"text":"KT_SEMANTICS"},"endToken":{"kind":94,"text":"KT_SEMANTICS"}},"identifier":"KT_SEMANTICS"},"scope":{"!":"com.github.javaparser.ast.expr.NameExpr","range":{"beginLine":13,"beginColumn":52,"endLine":13,"endColumn":57},"tokenRange":{"beginToken":{"kind":94,"text":"Critic"},"endToken":{"kind":94,"text":"Critic"}},"name":{"!":"com.github.javaparser.ast.expr.SimpleName","range":{"beginLine":13,"beginColumn":52,"endLine":13,"endColumn":57},"tokenRange":{"beginToken":{"kind":94,"text":"Critic"},"endToken":{"kind":94,"text":"Critic"}},"identifier":"Critic"}}}],"type":{"!":"com.github.javaparser.ast.type.ClassOrInterfaceType","range":{"beginLine":13,"beginColumn":34,"endLine":13,"endColumn":50},"tokenRange":{"beginToken":{"kind":94,"text":"KnowledgeTypeNode"},"endToken":{"kind":94,"text":"KnowledgeTypeNode"}},"name":{"!":"com.github.javaparser.ast.expr.SimpleName","range":{"beginLine":13,"beginColumn":34,"endLine":13,"endColumn":50},"tokenRange":{"beginToken":{"kind":94,"text":"KnowledgeTypeNode"},"endToken":{"kind":94,"text":"KnowledgeTypeNode"}},"identifier":"KnowledgeTypeNode"},"annotations":[]}}],"name":{"!":"com.github.javaparser.ast.expr.SimpleName","range":{"beginLine":13,"beginColumn":19,"endLine":13,"endColumn":28},"tokenRange":{"beginToken":{"kind":94,"text":"addElement"},"endToken":{"kind":94,"text":"addElement"}},"identifier":"addElement"},"scope":{"!":"com.github.javaparser.ast.expr.NameExpr","range":{"beginLine":13,"beginColumn":13,"endLine":13,"endColumn":17},"tokenRange":{"beginToken":{"kind":94,"text":"types"},"endToken":{"kind":94,"text":"types"}},"name":{"!":"com.github.javaparser.ast.expr.SimpleName","range":{"beginLine":13,"beginColumn":13,"endLine":13,"endColumn":17},"tokenRange":{"beginToken":{"kind":94,"text":"types"},"endToken":{"kind":94,"text":"types"}},"identifier":"types"}}}},{"!":"com.github.javaparser.ast.stmt.ExpressionStmt","range":{"beginLine":14,"beginColumn":13,"endLine":14,"endColumn":76},"tokenRange":{"beginToken":{"kind":94,"text":"types"},"endToken":{"kind":103,"text":";"}},"expression":{"!":"com.github.javaparser.ast.expr.MethodCallExpr","range":{"beginLine":14,"beginColumn":13,"endLine":14,"endColumn":75},"tokenRange":{"beginToken":{"kind":94,"text":"types"},"endToken":{"kind":98,"text":")"}},"arguments":[{"!":"com.github.javaparser.ast.expr.ObjectCreationExpr","range":{"beginLine":14,"beginColumn":30,"endLine":14,"endColumn":74},"tokenRange":{"beginToken":{"kind":42,"text":"new"},"endToken":{"kind":98,"text":")"}},"arguments":[{"!":"com.github.javaparser.ast.expr.FieldAccessExpr","range":{"beginLine":14,"beginColumn":52,"endLine":14,"endColumn":73},"tokenRange":{"beginToken":{"kind":94,"text":"Critic"},"endToken":{"kind":94,"text":"KT_OPTIMIZATION"}},"name":{"!":"com.github.javaparser.ast.expr.SimpleName","range":{"beginLine":14,"beginColumn":59,"endLine":14,"endColumn":73},"tokenRange":{"beginToken":{"kind":94,"text":"KT_OPTIMIZATION"},"endToken":{"kind":94,"text":"KT_OPTIMIZATION"}},"identifier":"KT_OPTIMIZATION"},"scope":{"!":"com.github.javaparser.ast.expr.NameExpr","range":{"beginLine":14,"beginColumn":52,"endLine":14,"endColumn":57},"tokenRange":{"beginToken":{"kind":94,"text":"Critic"},"endToken":{"kind":94,"text":"Critic"}},"name":{"!":"com.github.javaparser.ast.expr.SimpleName","range":{"beginLine":14,"beginColumn":52,"endLine":14,"endColumn":57},"tokenRange":{"beginToken":{"kind":94,"text":"Critic"},"endToken":{"kind":94,"text":"Critic"}},"identifier":"Critic"}}}],"type":{"!":"com.github.javaparser.ast.type.ClassOrInterfaceType","range":{"beginLine":14,"beginColumn":34,"endLine":14,"endColumn":50},"tokenRange":{"beginToken":{"kind":94,"text":"KnowledgeTypeNode"},"endToken":{"kind":94,"text":"KnowledgeTypeNode"}},"name":{"!":"com.github.javaparser.ast.expr.SimpleName","range":{"beginLine":14,"beginColumn":34,"endLine":14,"endColumn":50},"tokenRange":{"beginToken":{"kind":94,"text":"KnowledgeTypeNode"},"endToken":{"kind":94,"text":"KnowledgeTypeNode"}},"identifier":"KnowledgeTypeNode"},"annotations":[]}}],"name":{"!":"com.github.javaparser.ast.expr.SimpleName","range":{"beginLine":14,"beginColumn":19,"endLine":14,"endColumn":28},"tokenRange":{"beginToken":{"kind":94,"text":"addElement"},"endToken":{"kind":94,"text":"addElement"}},"identifier":"addElement"},"scope":{"!":"com.github.javaparser.ast.expr.NameExpr","range":{"beginLine":14,"beginColumn":13,"endLine":14,"endColumn":17},"tokenRange":{"beginToken":{"kind":94,"text":"types"},"endToken":{"kind":94,"text":"types"}},"name":{"!":"com.github.javaparser.ast.expr.SimpleName","range":{"beginLine":14,"beginColumn":13,"endLine":14,"endColumn":17},"tokenRange":{"beginToken":{"kind":94,"text":"types"},"endToken":{"kind":94,"text":"types"}},"identifier":"types"}}}},{"!":"com.github.javaparser.ast.stmt.ExpressionStmt","range":{"beginLine":15,"beginColumn":13,"endLine":15,"endColumn":76},"tokenRange":{"beginToken":{"kind":94,"text":"types"},"endToken":{"kind":103,"text":";"}},"expression":{"!":"com.github.javaparser.ast.expr.MethodCallExpr","range":{"beginLine":15,"beginColumn":13,"endLine":15,"endColumn":75},"tokenRange":{"beginToken":{"kind":94,"text":"types"},"endToken":{"kind":98,"text":")"}},"arguments":[{"!":"com.github.javaparser.ast.expr.ObjectCreationExpr","range":{"beginLine":15,"beginColumn":30,"endLine":15,"endColumn":74},"tokenRange":{"beginToken":{"kind":42,"text":"new"},"endToken":{"kind":98,"text":")"}},"arguments":[{"!":"com.github.javaparser.ast.expr.FieldAccessExpr","range":{"beginLine":15,"beginColumn":52,"endLine":15,"endColumn":73},"tokenRange":{"beginToken":{"kind":94,"text":"Critic"},"endToken":{"kind":94,"text":"KT_PRESENTATION"}},"name":{"!":"com.github.javaparser.ast.expr.SimpleName","range":{"beginLine":15,"beginColumn":59,"endLine":15,"endColumn":73},"tokenRange":{"beginToken":{"kind":94,"text":"KT_PRESENTATION"},"endToken":{"kind":94,"text":"KT_PRESENTATION"}},"identifier":"KT_PRESENTATION"},"scope":{"!":"com.github.javaparser.ast.expr.NameExpr","range":{"beginLine":15,"beginColumn":52,"endLine":15,"endColumn":57},"tokenRange":{"beginToken":{"kind":94,"text":"Critic"},"endToken":{"kind":94,"text":"Critic"}},"name":{"!":"com.github.javaparser.ast.expr.SimpleName","range":{"beginLine":15,"beginColumn":52,"endLine":15,"endColumn":57},"tokenRange":{"beginToken":{"kind":94,"text":"Critic"},"endToken":{"kind":94,"text":"Critic"}},"identifier":"Critic"}}}],"type":{"!":"com.github.javaparser.ast.type.ClassOrInterfaceType","range":{"beginLine":15,"beginColumn":34,"endLine":15,"endColumn":50},"tokenRange":{"beginToken":{"kind":94,"text":"KnowledgeTypeNode"},"endToken":{"kind":94,"text":"KnowledgeTypeNode"}},"name":{"!":"com.github.javaparser.ast.expr.SimpleName","range":{"beginLine":15,"beginColumn":34,"endLine":15,"endColumn":50},"tokenRange":{"beginToken":{"kind":94,"text":"KnowledgeTypeNode"},"endToken":{"kind":94,"text":"KnowledgeTypeNode"}},"identifier":"KnowledgeTypeNode"},"annotations":[]}}],"name":{"!":"com.github.javaparser.ast.expr.SimpleName","range":{"beginLine":15,"beginColumn":19,"endLine":15,"endColumn":28},"tokenRange":{"beginToken":{"kind":94,"text":"addElement"},"endToken":{"kind":94,"text":"addElement"}},"identifier":"addElement"},"scope":{"!":"com.github.javaparser.ast.expr.NameExpr","range":{"beginLine":15,"beginColumn":13,"endLine":15,"endColumn":17},"tokenRange":{"beginToken":{"kind":94,"text":"types"},"endToken":{"kind":94,"text":"types"}},"name":{"!":"com.github.javaparser.ast.expr.SimpleName","range":{"beginLine":15,"beginColumn":13,"endLine":15,"endColumn":17},"tokenRange":{"beginToken":{"kind":94,"text":"types"},"endToken":{"kind":94,"text":"types"}},"identifier":"types"}}}},{"!":"com.github.javaparser.ast.stmt.ExpressionStmt","range":{"beginLine":16,"beginColumn":13,"endLine":16,"endColumn":78},"tokenRange":{"beginToken":{"kind":94,"text":"types"},"endToken":{"kind":103,"text":";"}},"expression":{"!":"com.github.javaparser.ast.expr.MethodCallExpr","range":{"beginLine":16,"beginColumn":13,"endLine":16,"endColumn":77},"tokenRange":{"beginToken":{"kind":94,"text":"types"},"endToken":{"kind":98,"text":")"}},"arguments":[{"!":"com.github.javaparser.ast.expr.ObjectCreationExpr","range":{"beginLine":16,"beginColumn":30,"endLine":16,"endColumn":76},"tokenRange":{"beginToken":{"kind":42,"text":"new"},"endToken":{"kind":98,"text":")"}},"arguments":[{"!":"com.github.javaparser.ast.expr.FieldAccessExpr","range":{"beginLine":16,"beginColumn":52,"endLine":16,"endColumn":75},"tokenRange":{"beginToken":{"kind":94,"text":"Critic"},"endToken":{"kind":94,"text":"KT_ORGANIZATIONAL"}},"name":{"!":"com.github.javaparser.ast.expr.SimpleName","range":{"beginLine":16,"beginColumn":59,"endLine":16,"endColumn":75},"tokenRange":{"beginToken":{"kind":94,"text":"KT_ORGANIZATIONAL"},"endToken":{"kind":94,"text":"KT_ORGANIZATIONAL"}},"identifier":"KT_ORGANIZATIONAL"},"scope":{"!":"com.github.javaparser.ast.expr.NameExpr","range":{"beginLine":16,"beginColumn":52,"endLine":16,"endColumn":57},"tokenRange":{"beginToken":{"kind":94,"text":"Critic"},"endToken":{"kind":94,"text":"Critic"}},"name":{"!":"com.github.javaparser.ast.expr.SimpleName","range":{"beginLine":16,"beginColumn":52,"endLine":16,"endColumn":57},"tokenRange":{"beginToken":{"kind":94,"text":"Critic"},"endToken":{"kind":94,"text":"Critic"}},"identifier":"Critic"}}}],"type":{"!":"com.github.javaparser.ast.type.ClassOrInterfaceType","range":{"beginLine":16,"beginColumn":34,"endLine":16,"endColumn":50},"tokenRange":{"beginToken":{"kind":94,"text":"KnowledgeTypeNode"},"endToken":{"kind":94,"text":"KnowledgeTypeNode"}},"name":{"!":"com.github.javaparser.ast.expr.SimpleName","range":{"beginLine":16,"beginColumn":34,"endLine":16,"endColumn":50},"tokenRange":{"beginToken":{"kind":94,"text":"KnowledgeTypeNode"},"endToken":{"kind":94,"text":"KnowledgeTypeNode"}},"identifier":"KnowledgeTypeNode"},"annotations":[]}}],"name":{"!":"com.github.javaparser.ast.expr.SimpleName","range":{"beginLine":16,"beginColumn":19,"endLine":16,"endColumn":28},"tokenRange":{"beginToken":{"kind":94,"text":"addElement"},"endToken":{"kind":94,"text":"addElement"}},"identifier":"addElement"},"scope":{"!":"com.github.javaparser.ast.expr.NameExpr","range":{"beginLine":16,"beginColumn":13,"endLine":16,"endColumn":17},"tokenRange":{"beginToken":{"kind":94,"text":"types"},"endToken":{"kind":94,"text":"types"}},"name":{"!":"com.github.javaparser.ast.expr.SimpleName","range":{"beginLine":16,"beginColumn":13,"endLine":16,"endColumn":17},"tokenRange":{"beginToken":{"kind":94,"text":"types"},"endToken":{"kind":94,"text":"types"}},"identifier":"types"}}}},{"!":"com.github.javaparser.ast.stmt.ExpressionStmt","range":{"beginLine":17,"beginColumn":13,"endLine":17,"endColumn":76},"tokenRange":{"beginToken":{"kind":94,"text":"types"},"endToken":{"kind":103,"text":";"}},"expression":{"!":"com.github.javaparser.ast.expr.MethodCallExpr","range":{"beginLine":17,"beginColumn":13,"endLine":17,"endColumn":75},"tokenRange":{"beginToken":{"kind":94,"text":"types"},"endToken":{"kind":98,"text":")"}},"arguments":[{"!":"com.github.javaparser.ast.expr.ObjectCreationExpr","range":{"beginLine":17,"beginColumn":30,"endLine":17,"endColumn":74},"tokenRange":{"beginToken":{"kind":42,"text":"new"},"endToken":{"kind":98,"text":")"}},"arguments":[{"!":"com.github.javaparser.ast.expr.FieldAccessExpr","range":{"beginLine":17,"beginColumn":52,"endLine":17,"endColumn":73},"tokenRange":{"beginToken":{"kind":94,"text":"Critic"},"endToken":{"kind":94,"text":"KT_EXPERIENCIAL"}},"name":{"!":"com.github.javaparser.ast.expr.SimpleName","range":{"beginLine":17,"beginColumn":59,"endLine":17,"endColumn":73},"tokenRange":{"beginToken":{"kind":94,"text":"KT_EXPERIENCIAL"},"endToken":{"kind":94,"text":"KT_EXPERIENCIAL"}},"identifier":"KT_EXPERIENCIAL"},"scope":{"!":"com.github.javaparser.ast.expr.NameExpr","range":{"beginLine":17,"beginColumn":52,"endLine":17,"endColumn":57},"tokenRange":{"beginToken":{"kind":94,"text":"Critic"},"endToken":{"kind":94,"text":"Critic"}},"name":{"!":"com.github.javaparser.ast.expr.SimpleName","range":{"beginLine":17,"beginColumn":52,"endLine":17,"endColumn":57},"tokenRange":{"beginToken":{"kind":94,"text":"Critic"},"endToken":{"kind":94,"text":"Critic"}},"identifier":"Critic"}}}],"type":{"!":"com.github.javaparser.ast.type.ClassOrInterfaceType","range":{"beginLine":17,"beginColumn":34,"endLine":17,"endColumn":50},"tokenRange":{"beginToken":{"kind":94,"text":"KnowledgeTypeNode"},"endToken":{"kind":94,"text":"KnowledgeTypeNode"}},"name":{"!":"com.github.javaparser.ast.expr.SimpleName","range":{"beginLine":17,"beginColumn":34,"endLine":17,"endColumn":50},"tokenRange":{"beginToken":{"kind":94,"text":"KnowledgeTypeNode"},"endToken":{"kind":94,"text":"KnowledgeTypeNode"}},"identifier":"KnowledgeTypeNode"},"annotations":[]}}],"name":{"!":"com.github.javaparser.ast.expr.SimpleName","range":{"beginLine":17,"beginColumn":19,"endLine":17,"endColumn":28},"tokenRange":{"beginToken":{"kind":94,"text":"addElement"},"endToken":{"kind":94,"text":"addElement"}},"identifier":"addElement"},"scope":{"!":"com.github.javaparser.ast.expr.NameExpr","range":{"beginLine":17,"beginColumn":13,"endLine":17,"endColumn":17},"tokenRange":{"beginToken":{"kind":94,"text":"types"},"endToken":{"kind":94,"text":"types"}},"name":{"!":"com.github.javaparser.ast.expr.SimpleName","range":{"beginLine":17,"beginColumn":13,"endLine":17,"endColumn":17},"tokenRange":{"beginToken":{"kind":94,"text":"types"},"endToken":{"kind":94,"text":"types"}},"identifier":"types"}}}},{"!":"com.github.javaparser.ast.stmt.ExpressionStmt","range":{"beginLine":18,"beginColumn":13,"endLine":18,"endColumn":68},"tokenRange":{"beginToken":{"kind":94,"text":"types"},"endToken":{"kind":103,"text":";"}},"expression":{"!":"com.github.javaparser.ast.expr.MethodCallExpr","range":{"beginLine":18,"beginColumn":13,"endLine":18,"endColumn":67},"tokenRange":{"beginToken":{"kind":94,"text":"types"},"endToken":{"kind":98,"text":")"}},"arguments":[{"!":"com.github.javaparser.ast.expr.ObjectCreationExpr","range":{"beginLine":18,"beginColumn":30,"endLine":18,"endColumn":66},"tokenRange":{"beginToken":{"kind":42,"text":"new"},"endToken":{"kind":98,"text":")"}},"arguments":[{"!":"com.github.javaparser.ast.expr.FieldAccessExpr","range":{"beginLine":18,"beginColumn":52,"endLine":18,"endColumn":65},"tokenRange":{"beginToken":{"kind":94,"text":"Critic"},"endToken":{"kind":94,"text":"KT_TOOL"}},"name":{"!":"com.github.javaparser.ast.expr.SimpleName","range":{"beginLine":18,"beginColumn":59,"endLine":18,"endColumn":65},"tokenRange":{"beginToken":{"kind":94,"text":"KT_TOOL"},"endToken":{"kind":94,"text":"KT_TOOL"}},"identifier":"KT_TOOL"},"scope":{"!":"com.github.javaparser.ast.expr.NameExpr","range":{"beginLine":18,"beginColumn":52,"endLine":18,"endColumn":57},"tokenRange":{"beginToken":{"kind":94,"text":"Critic"},"endToken":{"kind":94,"text":"Critic"}},"name":{"!":"com.github.javaparser.ast.expr.SimpleName","range":{"beginLine":18,"beginColumn":52,"endLine":18,"endColumn":57},"tokenRange":{"beginToken":{"kind":94,"text":"Critic"},"endToken":{"kind":94,"text":"Critic"}},"identifier":"Critic"}}}],"type":{"!":"com.github.javaparser.ast.type.ClassOrInterfaceType","range":{"beginLine":18,"beginColumn":34,"endLine":18,"endColumn":50},"tokenRange":{"beginToken":{"kind":94,"text":"KnowledgeTypeNode"},"endToken":{"kind":94,"text":"KnowledgeTypeNode"}},"name":{"!":"com.github.javaparser.ast.expr.SimpleName","range":{"beginLine":18,"beginColumn":34,"endLine":18,"endColumn":50},"tokenRange":{"beginToken":{"kind":94,"text":"KnowledgeTypeNode"},"endToken":{"kind":94,"text":"KnowledgeTypeNode"}},"identifier":"KnowledgeTypeNode"},"annotations":[]}}],"name":{"!":"com.github.javaparser.ast.expr.SimpleName","range":{"beginLine":18,"beginColumn":19,"endLine":18,"endColumn":28},"tokenRange":{"beginToken":{"kind":94,"text":"addElement"},"endToken":{"kind":94,"text":"addElement"}},"identifier":"addElement"},"scope":{"!":"com.github.javaparser.ast.expr.NameExpr","range":{"beginLine":18,"beginColumn":13,"endLine":18,"endColumn":17},"tokenRange":{"beginToken":{"kind":94,"text":"types"},"endToken":{"kind":94,"text":"types"}},"name":{"!":"com.github.javaparser.ast.expr.SimpleName","range":{"beginLine":18,"beginColumn":13,"endLine":18,"endColumn":17},"tokenRange":{"beginToken":{"kind":94,"text":"types"},"endToken":{"kind":94,"text":"types"}},"identifier":"types"}}}}]}},{"!":"com.github.javaparser.ast.stmt.ReturnStmt","range":{"beginLine":20,"beginColumn":9,"endLine":20,"endColumn":21},"tokenRange":{"beginToken":{"kind":49,"text":"return"},"endToken":{"kind":103,"text":";"}},"expression":{"!":"com.github.javaparser.ast.expr.NameExpr","range":{"beginLine":20,"beginColumn":16,"endLine":20,"endColumn":20},"tokenRange":{"beginToken":{"kind":94,"text":"types"},"endToken":{"kind":94,"text":"types"}},"name":{"!":"com.github.javaparser.ast.expr.SimpleName","range":{"beginLine":20,"beginColumn":16,"endLine":20,"endColumn":20},"tokenRange":{"beginToken":{"kind":94,"text":"types"},"endToken":{"kind":94,"text":"types"}},"identifier":"types"}}}]},"type":{"!":"com.github.javaparser.ast.type.ClassOrInterfaceType","range":{"beginLine":5,"beginColumn":19,"endLine":5,"endColumn":24},"tokenRange":{"beginToken":{"kind":94,"text":"Vector"},"endToken":{"kind":94,"text":"Vector"}},"name":{"!":"com.github.javaparser.ast.expr.SimpleName","range":{"beginLine":5,"beginColumn":19,"endLine":5,"endColumn":24},"tokenRange":{"beginToken":{"kind":94,"text":"Vector"},"endToken":{"kind":94,"text":"Vector"}},"identifier":"Vector"},"annotations":[]},"modifiers":[{"!":"com.github.javaparser.ast.Modifier","range":{"beginLine":5,"beginColumn":5,"endLine":5,"endColumn":10},"tokenRange":{"beginToken":{"kind":47,"text":"public"},"endToken":{"kind":47,"text":"public"}},"keyword":"PUBLIC"},{"!":"com.github.javaparser.ast.Modifier","range":{"beginLine":5,"beginColumn":12,"endLine":5,"endColumn":17},"tokenRange":{"beginToken":{"kind":51,"text":"static"},"endToken":{"kind":51,"text":"static"}},"keyword":"STATIC"}],"name":{"!":"com.github.javaparser.ast.expr.SimpleName","range":{"beginLine":5,"beginColumn":26,"endLine":5,"endColumn":33},"tokenRange":{"beginToken":{"kind":94,"text":"getTypes"},"endToken":{"kind":94,"text":"getTypes"}},"identifier":"getTypes"},"parameters":[],"thrownExceptions":[],"typeParameters":[],"annotations":[],"comment":{"!":"com.github.javaparser.ast.comments.JavadocComment","range":{"beginLine":2,"beginColumn":5,"endLine":4,"endColumn":7},"tokenRange":{"beginToken":{"kind":8,"text":"/**\n     * @return a list of all the types\n     */"},"endToken":{"kind":8,"text":"/**\n     * @return a list of all the types\n     */"}},"content":"\n     * @return a list of all the types\n     "}}],"modifiers":[],"name":{"!":"com.github.javaparser.ast.expr.SimpleName","range":{"beginLine":1,"beginColumn":7,"endLine":1,"endColumn":10},"tokenRange":{"beginToken":{"kind":94,"text":"Test"},"endToken":{"kind":94,"text":"Test"}},"identifier":"Test"},"annotations":[]}]}