{"!":"com.github.javaparser.ast.CompilationUnit","range":{"beginLine":1,"beginColumn":1,"endLine":25,"endColumn":2},"tokenRange":{"beginToken":{"kind":19,"text":"class"},"endToken":{"kind":0,"text":""}},"imports":[],"types":[{"!":"com.github.javaparser.ast.body.ClassOrInterfaceDeclaration","range":{"beginLine":1,"beginColumn":1,"endLine":25,"endColumn":2},"tokenRange":{"beginToken":{"kind":19,"text":"class"},"endToken":{"kind":100,"text":"}"}},"extendedTypes":[],"implementedTypes":[],"isInterface":"false","typeParameters":[],"members":[{"!":"com.github.javaparser.ast.body.MethodDeclaration","range":{"beginLine":2,"beginColumn":2,"endLine":23,"endColumn":2},"tokenRange":{"beginToken":{"kind":107,"text":"@"},"endToken":{"kind":100,"text":"}"}},"body":{"!":"com.github.javaparser.ast.stmt.BlockStmt","range":{"beginLine":3,"beginColumn":36,"endLine":23,"endColumn":2},"tokenRange":{"beginToken":{"kind":99,"text":"{"},"endToken":{"kind":100,"text":"}"}},"statements":[{"!":"com.github.javaparser.ast.stmt.IfStmt","range":{"beginLine":4,"beginColumn":3,"endLine":6,"endColumn":3},"tokenRange":{"beginToken":{"kind":34,"text":"if"},"endToken":{"kind":100,"text":"}"}},"condition":{"!":"com.github.javaparser.ast.expr.BinaryExpr","range":{"beginLine":4,"beginColumn":8,"endLine":4,"endColumn":18},"tokenRange":{"beginToken":{"kind":56,"text":"this"},"endToken":{"kind":94,"text":"obj"}},"left":{"!":"com.github.javaparser.ast.expr.ThisExpr","range":{"beginLine":4,"beginColumn":8,"endLine":4,"endColumn":11},"tokenRange":{"beginToken":{"kind":56,"text":"this"},"endToken":{"kind":56,"text":"this"}}},"operator":"EQUALS","right":{"!":"com.github.javaparser.ast.expr.NameExpr","range":{"beginLine":4,"beginColumn":16,"endLine":4,"endColumn":18},"tokenRange":{"beginToken":{"kind":94,"text":"obj"},"endToken":{"kind":94,"text":"obj"}},"name":{"!":"com.github.javaparser.ast.expr.SimpleName","range":{"beginLine":4,"beginColumn":16,"endLine":4,"endColumn":18},"tokenRange":{"beginToken":{"kind":94,"text":"obj"},"endToken":{"kind":94,"text":"obj"}},"identifier":"obj"}}},"thenStmt":{"!":"com.github.javaparser.ast.stmt.BlockStmt","range":{"beginLine":4,"beginColumn":22,"endLine":6,"endColumn":3},"tokenRange":{"beginToken":{"kind":99,"text":"{"},"endToken":{"kind":100,"text":"}"}},"statements":[{"!":"com.github.javaparser.ast.stmt.ReturnStmt","range":{"beginLine":5,"beginColumn":4,"endLine":5,"endColumn":15},"tokenRange":{"beginToken":{"kind":49,"text":"return"},"endToken":{"kind":103,"text":";"}},"expression":{"!":"com.github.javaparser.ast.expr.BooleanLiteralExpr","range":{"beginLine":5,"beginColumn":11,"endLine":5,"endColumn":14},"tokenRange":{"beginToken":{"kind":60,"text":"true"},"endToken":{"kind":60,"text":"true"}},"value":"true"}}]}},{"!":"com.github.javaparser.ast.stmt.IfStmt","range":{"beginLine":7,"beginColumn":3,"endLine":9,"endColumn":3},"tokenRange":{"beginToken":{"kind":34,"text":"if"},"endToken":{"kind":100,"text":"}"}},"condition":{"!":"com.github.javaparser.ast.expr.UnaryExpr","range":{"beginLine":7,"beginColumn":8,"endLine":7,"endColumn":27},"tokenRange":{"beginToken":{"kind":111,"text":"!"},"endToken":{"kind":98,"text":")"}},"expression":{"!":"com.github.javaparser.ast.expr.MethodCallExpr","range":{"beginLine":7,"beginColumn":9,"endLine":7,"endColumn":27},"tokenRange":{"beginToken":{"kind":53,"text":"super"},"endToken":{"kind":98,"text":")"}},"arguments":[{"!":"com.github.javaparser.ast.expr.NameExpr","range":{"beginLine":7,"beginColumn":23,"endLine":7,"endColumn":25},"tokenRange":{"beginToken":{"kind":94,"text":"obj"},"endToken":{"kind":94,"text":"obj"}},"name":{"!":"com.github.javaparser.ast.expr.SimpleName","range":{"beginLine":7,"beginColumn":23,"endLine":7,"endColumn":25},"tokenRange":{"beginToken":{"kind":94,"text":"obj"},"endToken":{"kind":94,"text":"obj"}},"identifier":"obj"}}],"name":{"!":"com.github.javaparser.ast.expr.SimpleName","range":{"beginLine":7,"beginColumn":15,"endLine":7,"endColumn":20},"tokenRange":{"beginToken":{"kind":94,"text":"equals"},"endToken":{"kind":94,"text":"equals"}},"identifier":"equals"},"scope":{"!":"com.github.javaparser.ast.expr.SuperExpr","range":{"beginLine":7,"beginColumn":9,"endLine":7,"endColumn":13},"tokenRange":{"beginToken":{"kind":53,"text":"super"},"endToken":{"kind":53,"text":"super"}}}},"operator":"LOGICAL_COMPLEMENT"},"thenStmt":{"!":"com.github.javaparser.ast.stmt.BlockStmt","range":{"beginLine":7,"beginColumn":31,"endLine":9,"endColumn":3},"tokenRange":{"beginToken":{"kind":99,"text":"{"},"endToken":{"kind":100,"text":"}"}},"statements":[{"!":"com.github.javaparser.ast.stmt.ReturnStmt","range":{"beginLine":8,"beginColumn":4,"endLine":8,"endColumn":16},"tokenRange":{"beginToken":{"kind":49,"text":"return"},"endToken":{"kind":103,"text":";"}},"expression":{"!":"com.github.javaparser.ast.expr.BooleanLiteralExpr","range":{"beginLine":8,"beginColumn":11,"endLine":8,"endColumn":15},"tokenRange":{"beginToken":{"kind":28,"text":"false"},"endToken":{"kind":28,"text":"false"}},"value":"false"}}]}},{"!":"com.github.javaparser.ast.stmt.IfStmt","range":{"beginLine":10,"beginColumn":3,"endLine":12,"endColumn":3},"tokenRange":{"beginToken":{"kind":34,"text":"if"},"endToken":{"kind":100,"text":"}"}},"condition":{"!":"com.github.javaparser.ast.expr.BinaryExpr","range":{"beginLine":10,"beginColumn":8,"endLine":10,"endColumn":35},"tokenRange":{"beginToken":{"kind":94,"text":"getClass"},"endToken":{"kind":98,"text":")"}},"left":{"!":"com.github.javaparser.ast.expr.MethodCallExpr","range":{"beginLine":10,"beginColumn":8,"endLine":10,"endColumn":17},"tokenRange":{"beginToken":{"kind":94,"text":"getClass"},"endToken":{"kind":98,"text":")"}},"arguments":[],"name":{"!":"com.github.javaparser.ast.expr.SimpleName","range":{"beginLine":10,"beginColumn":8,"endLine":10,"endColumn":15},"tokenRange":{"beginToken":{"kind":94,"text":"getClass"},"endToken":{"kind":94,"text":"getClass"}},"identifier":"getClass"}},"operator":"NOT_EQUALS","right":{"!":"com.github.javaparser.ast.expr.MethodCallExpr","range":{"beginLine":10,"beginColumn":22,"endLine":10,"endColumn":35},"tokenRange":{"beginToken":{"kind":94,"text":"obj"},"endToken":{"kind":98,"text":")"}},"arguments":[],"name":{"!":"com.github.javaparser.ast.expr.SimpleName","range":{"beginLine":10,"beginColumn":26,"endLine":10,"endColumn":33},"tokenRange":{"beginToken":{"kind":94,"text":"getClass"},"endToken":{"kind":94,"text":"getClass"}},"identifier":"getClass"},"scope":{"!":"com.github.javaparser.ast.expr.NameExpr","range":{"beginLine":10,"beginColumn":22,"endLine":10,"endColumn":24},"tokenRange":{"beginToken":{"kind":94,"text":"obj"},"endToken":{"kind":94,"text":"obj"}},"name":{"!":"com.github.javaparser.ast.expr.SimpleName","range":{"beginLine":10,"beginColumn":22,"endLine":10,"endColumn":24},"tokenRange":{"beginToken":{"kind":94,"text":"obj"},"endToken":{"kind":94,"text":"obj"}},"identifier":"obj"}}}},"thenStmt":{"!":"com.github.javaparser.ast.stmt.BlockStmt","range":{"beginLine":10,"beginColumn":39,"endLine":12,"endColumn":3},"tokenRange":{"beginToken":{"kind":99,"text":"{"},"endToken":{"kind":100,"text":"}"}},"statements":[{"!":"com.github.javaparser.ast.stmt.ReturnStmt","range":{"beginLine":11,"beginColumn":4,"endLine":11,"endColumn":16},"tokenRange":{"beginToken":{"kind":49,"text":"return"},"endToken":{"kind":103,"text":";"}},"expression":{"!":"com.github.javaparser.ast.expr.BooleanLiteralExpr","range":{"beginLine":11,"beginColumn":11,"endLine":11,"endColumn":15},"tokenRange":{"beginToken":{"kind":28,"text":"false"},"endToken":{"kind":28,"text":"false"}},"value":"false"}}]}},{"!":"com.github.javaparser.ast.stmt.ExpressionStmt","range":{"beginLine":13,"beginColumn":3,"endLine":13,"endColumn":100},"tokenRange":{"beginToken":{"kind":94,"text":"VersionsJoinTableRangeTestAlternateEntity"},"endToken":{"kind":103,"text":";"}},"expression":{"!":"com.github.javaparser.ast.expr.VariableDeclarationExpr","range":{"beginLine":13,"beginColumn":3,"endLine":13,"endColumn":99},"tokenRange":{"beginToken":{"kind":94,"text":"VersionsJoinTableRangeTestAlternateEntity"},"endToken":{"kind":94,"text":"obj"}},"annotations":[],"modifiers":[],"variables":[{"!":"com.github.javaparser.ast.body.VariableDeclarator","range":{"beginLine":13,"beginColumn":45,"endLine":13,"endColumn":99},"tokenRange":{"beginToken":{"kind":94,"text":"other"},"endToken":{"kind":94,"text":"obj"}},"initializer":{"!":"com.github.javaparser.ast.expr.CastExpr","range":{"beginLine":13,"beginColumn":53,"endLine":13,"endColumn":99},"tokenRange":{"beginToken":{"kind":97,"text":"("},"endToken":{"kind":94,"text":"obj"}},"expression":{"!":"com.github.javaparser.ast.expr.NameExpr","range":{"beginLine":13,"beginColumn":97,"endLine":13,"endColumn":99},"tokenRange":{"beginToken":{"kind":94,"text":"obj"},"endToken":{"kind":94,"text":"obj"}},"name":{"!":"com.github.javaparser.ast.expr.SimpleName","range":{"beginLine":13,"beginColumn":97,"endLine":13,"endColumn":99},"tokenRange":{"beginToken":{"kind":94,"text":"obj"},"endToken":{"kind":94,"text":"obj"}},"identifier":"obj"}},"type":{"!":"com.github.javaparser.ast.type.ClassOrInterfaceType","range":{"beginLine":13,"beginColumn":54,"endLine":13,"endColumn":94},"tokenRange":{"beginToken":{"kind":94,"text":"VersionsJoinTableRangeTestAlternateEntity"},"endToken":{"kind":94,"text":"VersionsJoinTableRangeTestAlternateEntity"}},"name":{"!":"com.github.javaparser.ast.expr.SimpleName","range":{"beginLine":13,"beginColumn":54,"endLine":13,"endColumn":94},"tokenRange":{"beginToken":{"kind":94,"text":"VersionsJoinTableRangeTestAlternateEntity"},"endToken":{"kind":94,"text":"VersionsJoinTableRangeTestAlternateEntity"}},"identifier":"VersionsJoinTableRangeTestAlternateEntity"},"annotations":[]}},"name":{"!":"com.github.javaparser.ast.expr.SimpleName","range":{"beginLine":13,"beginColumn":45,"endLine":13,"endColumn":49},"tokenRange":{"beginToken":{"kind":94,"text":"other"},"endToken":{"kind":94,"text":"other"}},"identifier":"other"},"type":{"!":"com.github.javaparser.ast.type.ClassOrInterfaceType","range":{"beginLine":13,"beginColumn":3,"endLine":13,"endColumn":43},"tokenRange":{"beginToken":{"kind":94,"text":"VersionsJoinTableRangeTestAlternateEntity"},"endToken":{"kind":94,"text":"VersionsJoinTableRangeTestAlternateEntity"}},"name":{"!":"com.github.javaparser.ast.expr.SimpleName","range":{"beginLine":13,"beginColumn":3,"endLine":13,"endColumn":43},"tokenRange":{"beginToken":{"kind":94,"text":"VersionsJoinTableRangeTestAlternateEntity"},"endToken":{"kind":94,"text":"VersionsJoinTableRangeTestAlternateEntity"}},"identifier":"VersionsJoinTableRangeTestAlternateEntity"},"annotations":[]}}]}},{"!":"com.github.javaparser.ast.stmt.IfStmt","range":{"beginLine":14,"beginColumn":3,"endLine":21,"endColumn":3},"tokenRange":{"beginToken":{"kind":34,"text":"if"},"endToken":{"kind":100,"text":"}"}},"condition":{"!":"com.github.javaparser.ast.expr.BinaryExpr","range":{"beginLine":14,"beginColumn":8,"endLine":14,"endColumn":29},"tokenRange":{"beginToken":{"kind":94,"text":"alternateValue"},"endToken":{"kind":43,"text":"null"}},"left":{"!":"com.github.javaparser.ast.expr.NameExpr","range":{"beginLine":14,"beginColumn":8,"endLine":14,"endColumn":21},"tokenRange":{"beginToken":{"kind":94,"text":"alternateValue"},"endToken":{"kind":94,"text":"alternateValue"}},"name":{"!":"com.github.javaparser.ast.expr.SimpleName","range":{"beginLine":14,"beginColumn":8,"endLine":14,"endColumn":21},"tokenRange":{"beginToken":{"kind":94,"text":"alternateValue"},"endToken":{"kind":94,"text":"alternateValue"}},"identifier":"alternateValue"}},"operator":"EQUALS","right":{"!":"com.github.javaparser.ast.expr.NullLiteralExpr","range":{"beginLine":14,"beginColumn":26,"endLine":14,"endColumn":29},"tokenRange":{"beginToken":{"kind":43,"text":"null"},"endToken":{"kind":43,"text":"null"}}}},"elseStmt":{"!":"com.github.javaparser.ast.stmt.IfStmt","range":{"beginLine":19,"beginColumn":8,"endLine":21,"endColumn":3},"tokenRange":{"beginToken":{"kind":34,"text":"if"},"endToken":{"kind":100,"text":"}"}},"condition":{"!":"com.github.javaparser.ast.expr.UnaryExpr","range":{"beginLine":19,"beginColumn":13,"endLine":19,"endColumn":58},"tokenRange":{"beginToken":{"kind":111,"text":"!"},"endToken":{"kind":98,"text":")"}},"expression":{"!":"com.github.javaparser.ast.expr.MethodCallExpr","range":{"beginLine":19,"beginColumn":14,"endLine":19,"endColumn":58},"tokenRange":{"beginToken":{"kind":94,"text":"alternateValue"},"endToken":{"kind":98,"text":")"}},"arguments":[{"!":"com.github.javaparser.ast.expr.FieldAccessExpr","range":{"beginLine":19,"beginColumn":37,"endLine":19,"endColumn":56},"tokenRange":{"beginToken":{"kind":94,"text":"other"},"endToken":{"kind":94,"text":"alternateValue"}},"name":{"!":"com.github.javaparser.ast.expr.SimpleName","range":{"beginLine":19,"beginColumn":43,"endLine":19,"endColumn":56},"tokenRange":{"beginToken":{"kind":94,"text":"alternateValue"},"endToken":{"kind":94,"text":"alternateValue"}},"identifier":"alternateValue"},"scope":{"!":"com.github.javaparser.ast.expr.NameExpr","range":{"beginLine":19,"beginColumn":37,"endLine":19,"endColumn":41},"tokenRange":{"beginToken":{"kind":94,"text":"other"},"endToken":{"kind":94,"text":"other"}},"name":{"!":"com.github.javaparser.ast.expr.SimpleName","range":{"beginLine":19,"beginColumn":37,"endLine":19,"endColumn":41},"tokenRange":{"beginToken":{"kind":94,"text":"other"},"endToken":{"kind":94,"text":"other"}},"identifier":"other"}}}],"name":{"!":"com.github.javaparser.ast.expr.SimpleName","range":{"beginLine":19,"beginColumn":29,"endLine":19,"endColumn":34},"tokenRange":{"beginToken":{"kind":94,"text":"equals"},"endToken":{"kind":94,"text":"equals"}},"identifier":"equals"},"scope":{"!":"com.github.javaparser.ast.expr.NameExpr","range":{"beginLine":19,"beginColumn":14,"endLine":19,"endColumn":27},"tokenRange":{"beginToken":{"kind":94,"text":"alternateValue"},"endToken":{"kind":94,"text":"alternateValue"}},"name":{"!":"com.github.javaparser.ast.expr.SimpleName","range":{"beginLine":19,"beginColumn":14,"endLine":19,"endColumn":27},"tokenRange":{"beginToken":{"kind":94,"text":"alternateValue"},"endToken":{"kind":94,"text":"alternateValue"}},"identifier":"alternateValue"}}},"operator":"LOGICAL_COMPLEMENT"},"thenStmt":{"!":"com.github.javaparser.ast.stmt.BlockStmt","range":{"beginLine":19,"beginColumn":62,"endLine":21,"endColumn":3},"tokenRange":{"beginToken":{"kind":99,"text":"{"},"endToken":{"kind":100,"text":"}"}},"statements":[{"!":"com.github.javaparser.ast.stmt.ReturnStmt","range":{"beginLine":20,"beginColumn":4,"endLine":20,"endColumn":16},"tokenRange":{"beginToken":{"kind":49,"text":"return"},"endToken":{"kind":103,"text":";"}},"expression":{"!":"com.github.javaparser.ast.expr.BooleanLiteralExpr","range":{"beginLine":20,"beginColumn":11,"endLine":20,"endColumn":15},"tokenRange":{"beginToken":{"kind":28,"text":"false"},"endToken":{"kind":28,"text":"false"}},"value":"false"}}]}},"thenStmt":{"!":"com.github.javaparser.ast.stmt.BlockStmt","range":{"beginLine":14,"beginColumn":33,"endLine":18,"endColumn":3},"tokenRange":{"beginToken":{"kind":99,"text":"{"},"endToken":{"kind":100,"text":"}"}},"statements":[{"!":"com.github.javaparser.ast.stmt.IfStmt","range":{"beginLine":15,"beginColumn":4,"endLine":17,"endColumn":4},"tokenRange":{"beginToken":{"kind":34,"text":"if"},"endToken":{"kind":100,"text":"}"}},"condition":{"!":"com.github.javaparser.ast.expr.BinaryExpr","range":{"beginLine":15,"beginColumn":9,"endLine":15,"endColumn":36},"tokenRange":{"beginToken":{"kind":94,"text":"other"},"endToken":{"kind":43,"text":"null"}},"left":{"!":"com.github.javaparser.ast.expr.FieldAccessExpr","range":{"beginLine":15,"beginColumn":9,"endLine":15,"endColumn":28},"tokenRange":{"beginToken":{"kind":94,"text":"other"},"endToken":{"kind":94,"text":"alternateValue"}},"name":{"!":"com.github.javaparser.ast.expr.SimpleName","range":{"beginLine":15,"beginColumn":15,"endLine":15,"endColumn":28},"tokenRange":{"beginToken":{"kind":94,"text":"alternateValue"},"endToken":{"kind":94,"text":"alternateValue"}},"identifier":"alternateValue"},"scope":{"!":"com.github.javaparser.ast.expr.NameExpr","range":{"beginLine":15,"beginColumn":9,"endLine":15,"endColumn":13},"tokenRange":{"beginToken":{"kind":94,"text":"other"},"endToken":{"kind":94,"text":"other"}},"name":{"!":"com.github.javaparser.ast.expr.SimpleName","range":{"beginLine":15,"beginColumn":9,"endLine":15,"endColumn":13},"tokenRange":{"beginToken":{"kind":94,"text":"other"},"endToken":{"kind":94,"text":"other"}},"identifier":"other"}}},"operator":"NOT_EQUALS","right":{"!":"com.github.javaparser.ast.expr.NullLiteralExpr","range":{"beginLine":15,"beginColumn":33,"endLine":15,"endColumn":36},"tokenRange":{"beginToken":{"kind":43,"text":"null"},"endToken":{"kind":43,"text":"null"}}}},"thenStmt":{"!":"com.github.javaparser.ast.stmt.BlockStmt","range":{"beginLine":15,"beginColumn":40,"endLine":17,"endColumn":4},"tokenRange":{"beginToken":{"kind":99,"text":"{"},"endToken":{"kind":100,"text":"}"}},"statements":[{"!":"com.github.javaparser.ast.stmt.ReturnStmt","range":{"beginLine":16,"beginColumn":5,"endLine":16,"endColumn":17},"tokenRange":{"beginToken":{"kind":49,"text":"return"},"endToken":{"kind":103,"text":";"}},"expression":{"!":"com.github.javaparser.ast.expr.BooleanLiteralExpr","range":{"beginLine":16,"beginColumn":12,"endLine":16,"endColumn":16},"tokenRange":{"beginToken":{"kind":28,"text":"false"},"endToken":{"kind":28,"text":"false"}},"value":"false"}}]}}]}},{"!":"com.github.javaparser.ast.stmt.ReturnStmt","range":{"beginLine":22,"beginColumn":3,"endLine":22,"endColumn":14},"tokenRange":{"beginToken":{"kind":49,"text":"return"},"endToken":{"kind":103,"text":";"}},"expression":{"!":"com.github.javaparser.ast.expr.BooleanLiteralExpr","range":{"beginLine":22,"beginColumn":10,"endLine":22,"endColumn":13},"tokenRange":{"beginToken":{"kind":60,"text":"true"},"endToken":{"kind":60,"text":"true"}},"value":"true"}}]},"type":{"!":"com.github.javaparser.ast.type.PrimitiveType","range":{"beginLine":3,"beginColumn":9,"endLine":3,"endColumn":15},"tokenRange":{"beginToken":{"kind":13,"text":"boolean"},"endToken":{"kind":13,"text":"boolean"}},"type":"BOOLEAN","annotations":[]},"modifiers":[{"!":"com.github.javaparser.ast.Modifier","range":{"beginLine":3,"beginColumn":2,"endLine":3,"endColumn":7},"tokenRange":{"beginToken":{"kind":47,"text":"public"},"endToken":{"kind":47,"text":"public"}},"keyword":"PUBLIC"}],"name":{"!":"com.github.javaparser.ast.expr.SimpleName","range":{"beginLine":3,"beginColumn":17,"endLine":3,"endColumn":22},"tokenRange":{"beginToken":{"kind":94,"text":"equals"},"endToken":{"kind":94,"text":"equals"}},"identifier":"equals"},"parameters":[{"!":"com.github.javaparser.ast.body.Parameter","range":{"beginLine":3,"beginColumn":24,"endLine":3,"endColumn":33},"tokenRange":{"beginToken":{"kind":94,"text":"Object"},"endToken":{"kind":94,"text":"obj"}},"annotations":[],"isVarArgs":"false","modifiers":[],"name":{"!":"com.github.javaparser.ast.expr.SimpleName","range":{"beginLine":3,"beginColumn":31,"endLine":3,"endColumn":33},"tokenRange":{"beginToken":{"kind":94,"text":"obj"},"endToken":{"kind":94,"text":"obj"}},"identifier":"obj"},"type":{"!":"com.github.javaparser.ast.type.ClassOrInterfaceType","range":{"beginLine":3,"beginColumn":24,"endLine":3,"endColumn":29},"tokenRange":{"beginToken":{"kind":94,"text":"Object"},"endToken":{"kind":94,"text":"Object"}},"name":{"!":"com.github.javaparser.ast.expr.SimpleName","range":{"beginLine":3,"beginColumn":24,"endLine":3,"endColumn":29},"tokenRange":{"beginToken":{"kind":94,"text":"Object"},"endToken":{"kind":94,"text":"Object"}},"identifier":"Object"},"annotations":[]},"varArgsAnnotations":[]}],"thrownExceptions":[],"typeParameters":[],"annotations":[{"!":"com.github.javaparser.ast.expr.MarkerAnnotationExpr","range":{"beginLine":2,"beginColumn":2,"endLine":2,"endColumn":10},"tokenRange":{"beginToken":{"kind":107,"text":"@"},"endToken":{"kind":94,"text":"Override"}},"name":{"!":"com.github.javaparser.ast.expr.Name","range":{"beginLine":2,"beginColumn":3,"endLine":2,"endColumn":10},"tokenRange":{"beginToken":{"kind":94,"text":"Override"},"endToken":{"kind":94,"text":"Override"}},"identifier":"Override"}}]}],"modifiers":[],"name":{"!":"com.github.javaparser.ast.expr.SimpleName","range":{"beginLine":1,"beginColumn":7,"endLine":1,"endColumn":10},"tokenRange":{"beginToken":{"kind":94,"text":"Test"},"endToken":{"kind":94,"text":"Test"}},"identifier":"Test"},"annotations":[]}]}