{"!":"com.github.javaparser.ast.CompilationUnit","range":{"beginLine":1,"beginColumn":1,"endLine":21,"endColumn":2},"tokenRange":{"beginToken":{"kind":19,"text":"class"},"endToken":{"kind":0,"text":""}},"imports":[],"types":[{"!":"com.github.javaparser.ast.body.ClassOrInterfaceDeclaration","range":{"beginLine":1,"beginColumn":1,"endLine":21,"endColumn":2},"tokenRange":{"beginToken":{"kind":19,"text":"class"},"endToken":{"kind":100,"text":"}"}},"extendedTypes":[],"implementedTypes":[],"isInterface":"false","typeParameters":[],"members":[{"!":"com.github.javaparser.ast.body.MethodDeclaration","range":{"beginLine":2,"beginColumn":2,"endLine":19,"endColumn":2},"tokenRange":{"beginToken":{"kind":107,"text":"@"},"endToken":{"kind":100,"text":"}"}},"body":{"!":"com.github.javaparser.ast.stmt.BlockStmt","range":{"beginLine":3,"beginColumn":43,"endLine":19,"endColumn":2},"tokenRange":{"beginToken":{"kind":99,"text":"{"},"endToken":{"kind":100,"text":"}"}},"statements":[{"!":"com.github.javaparser.ast.stmt.ExpressionStmt","range":{"beginLine":4,"beginColumn":3,"endLine":4,"endColumn":80},"tokenRange":{"beginToken":{"kind":94,"text":"transactionCoordinator"},"endToken":{"kind":103,"text":";"}},"expression":{"!":"com.github.javaparser.ast.expr.MethodCallExpr","range":{"beginLine":4,"beginColumn":3,"endLine":4,"endColumn":79},"tokenRange":{"beginToken":{"kind":94,"text":"transactionCoordinator"},"endToken":{"kind":98,"text":")"}},"arguments":[{"!":"com.github.javaparser.ast.expr.ThisExpr","range":{"beginLine":4,"beginColumn":74,"endLine":4,"endColumn":77},"tokenRange":{"beginToken":{"kind":56,"text":"this"},"endToken":{"kind":56,"text":"this"}}}],"name":{"!":"com.github.javaparser.ast.expr.SimpleName","range":{"beginLine":4,"beginColumn":28,"endLine":4,"endColumn":71},"tokenRange":{"beginToken":{"kind":94,"text":"sendBeforeTransactionCompletionNotifications"},"endToken":{"kind":94,"text":"sendBeforeTransactionCompletionNotifications"}},"identifier":"sendBeforeTransactionCompletionNotifications"},"scope":{"!":"com.github.javaparser.ast.expr.MethodCallExpr","range":{"beginLine":4,"beginColumn":3,"endLine":4,"endColumn":26},"tokenRange":{"beginToken":{"kind":94,"text":"transactionCoordinator"},"endToken":{"kind":98,"text":")"}},"arguments":[],"name":{"!":"com.github.javaparser.ast.expr.SimpleName","range":{"beginLine":4,"beginColumn":3,"endLine":4,"endColumn":24},"tokenRange":{"beginToken":{"kind":94,"text":"transactionCoordinator"},"endToken":{"kind":94,"text":"transactionCoordinator"}},"identifier":"transactionCoordinator"}}}},{"!":"com.github.javaparser.ast.stmt.ExpressionStmt","range":{"beginLine":6,"beginColumn":3,"endLine":7,"endColumn":104},"tokenRange":{"beginToken":{"kind":29,"text":"final"},"endToken":{"kind":103,"text":";"}},"expression":{"!":"com.github.javaparser.ast.expr.VariableDeclarationExpr","range":{"beginLine":6,"beginColumn":3,"endLine":7,"endColumn":103},"tokenRange":{"beginToken":{"kind":29,"text":"final"},"endToken":{"kind":98,"text":")"}},"annotations":[],"modifiers":[{"!":"com.github.javaparser.ast.Modifier","range":{"beginLine":6,"beginColumn":3,"endLine":6,"endColumn":7},"tokenRange":{"beginToken":{"kind":29,"text":"final"},"endToken":{"kind":29,"text":"final"}},"keyword":"FINAL"}],"variables":[{"!":"com.github.javaparser.ast.body.VariableDeclarator","range":{"beginLine":6,"beginColumn":17,"endLine":7,"endColumn":103},"tokenRange":{"beginToken":{"kind":94,"text":"flush"},"endToken":{"kind":98,"text":")"}},"initializer":{"!":"com.github.javaparser.ast.expr.BinaryExpr","range":{"beginLine":6,"beginColumn":25,"endLine":7,"endColumn":103},"tokenRange":{"beginToken":{"kind":111,"text":"!"},"endToken":{"kind":98,"text":")"}},"left":{"!":"com.github.javaparser.ast.expr.UnaryExpr","range":{"beginLine":6,"beginColumn":25,"endLine":6,"endColumn":93},"tokenRange":{"beginToken":{"kind":111,"text":"!"},"endToken":{"kind":98,"text":")"}},"expression":{"!":"com.github.javaparser.ast.expr.MethodCallExpr","range":{"beginLine":6,"beginColumn":27,"endLine":6,"endColumn":93},"tokenRange":{"beginToken":{"kind":94,"text":"transactionCoordinator"},"endToken":{"kind":98,"text":")"}},"arguments":[],"name":{"!":"com.github.javaparser.ast.expr.SimpleName","range":{"beginLine":6,"beginColumn":76,"endLine":6,"endColumn":91},"tokenRange":{"beginToken":{"kind":94,"text":"isFlushModeNever"},"endToken":{"kind":94,"text":"isFlushModeNever"}},"identifier":"isFlushModeNever"},"scope":{"!":"com.github.javaparser.ast.expr.MethodCallExpr","range":{"beginLine":6,"beginColumn":27,"endLine":6,"endColumn":74},"tokenRange":{"beginToken":{"kind":94,"text":"transactionCoordinator"},"endToken":{"kind":98,"text":")"}},"arguments":[],"name":{"!":"com.github.javaparser.ast.expr.SimpleName","range":{"beginLine":6,"beginColumn":52,"endLine":6,"endColumn":72},"tokenRange":{"beginToken":{"kind":94,"text":"getTransactionContext"},"endToken":{"kind":94,"text":"getTransactionContext"}},"identifier":"getTransactionContext"},"scope":{"!":"com.github.javaparser.ast.expr.MethodCallExpr","range":{"beginLine":6,"beginColumn":27,"endLine":6,"endColumn":50},"tokenRange":{"beginToken":{"kind":94,"text":"transactionCoordinator"},"endToken":{"kind":98,"text":")"}},"arguments":[],"name":{"!":"com.github.javaparser.ast.expr.SimpleName","range":{"beginLine":6,"beginColumn":27,"endLine":6,"endColumn":48},"tokenRange":{"beginToken":{"kind":94,"text":"transactionCoordinator"},"endToken":{"kind":94,"text":"transactionCoordinator"}},"identifier":"transactionCoordinator"}}}},"operator":"LOGICAL_COMPLEMENT"},"operator":"AND","right":{"!":"com.github.javaparser.ast.expr.EnclosedExpr","range":{"beginLine":7,"beginColumn":5,"endLine":7,"endColumn":103},"tokenRange":{"beginToken":{"kind":97,"text":"("},"endToken":{"kind":98,"text":")"}},"inner":{"!":"com.github.javaparser.ast.expr.BinaryExpr","range":{"beginLine":7,"beginColumn":7,"endLine":7,"endColumn":101},"tokenRange":{"beginToken":{"kind":94,"text":"isDriver"},"endToken":{"kind":98,"text":")"}},"left":{"!":"com.github.javaparser.ast.expr.NameExpr","range":{"beginLine":7,"beginColumn":7,"endLine":7,"endColumn":14},"tokenRange":{"beginToken":{"kind":94,"text":"isDriver"},"endToken":{"kind":94,"text":"isDriver"}},"name":{"!":"com.github.javaparser.ast.expr.SimpleName","range":{"beginLine":7,"beginColumn":7,"endLine":7,"endColumn":14},"tokenRange":{"beginToken":{"kind":94,"text":"isDriver"},"endToken":{"kind":94,"text":"isDriver"}},"identifier":"isDriver"}},"operator":"OR","right":{"!":"com.github.javaparser.ast.expr.UnaryExpr","range":{"beginLine":7,"beginColumn":19,"endLine":7,"endColumn":101},"tokenRange":{"beginToken":{"kind":111,"text":"!"},"endToken":{"kind":98,"text":")"}},"expression":{"!":"com.github.javaparser.ast.expr.MethodCallExpr","range":{"beginLine":7,"beginColumn":21,"endLine":7,"endColumn":101},"tokenRange":{"beginToken":{"kind":94,"text":"transactionCoordinator"},"endToken":{"kind":98,"text":")"}},"arguments":[],"name":{"!":"com.github.javaparser.ast.expr.SimpleName","range":{"beginLine":7,"beginColumn":70,"endLine":7,"endColumn":99},"tokenRange":{"beginToken":{"kind":94,"text":"isFlushBeforeCompletionEnabled"},"endToken":{"kind":94,"text":"isFlushBeforeCompletionEnabled"}},"identifier":"isFlushBeforeCompletionEnabled"},"scope":{"!":"com.github.javaparser.ast.expr.MethodCallExpr","range":{"beginLine":7,"beginColumn":21,"endLine":7,"endColumn":68},"tokenRange":{"beginToken":{"kind":94,"text":"transactionCoordinator"},"endToken":{"kind":98,"text":")"}},"arguments":[],"name":{"!":"com.github.javaparser.ast.expr.SimpleName","range":{"beginLine":7,"beginColumn":46,"endLine":7,"endColumn":66},"tokenRange":{"beginToken":{"kind":94,"text":"getTransactionContext"},"endToken":{"kind":94,"text":"getTransactionContext"}},"identifier":"getTransactionContext"},"scope":{"!":"com.github.javaparser.ast.expr.MethodCallExpr","range":{"beginLine":7,"beginColumn":21,"endLine":7,"endColumn":44},"tokenRange":{"beginToken":{"kind":94,"text":"transactionCoordinator"},"endToken":{"kind":98,"text":")"}},"arguments":[],"name":{"!":"com.github.javaparser.ast.expr.SimpleName","range":{"beginLine":7,"beginColumn":21,"endLine":7,"endColumn":42},"tokenRange":{"beginToken":{"kind":94,"text":"transactionCoordinator"},"endToken":{"kind":94,"text":"transactionCoordinator"}},"identifier":"transactionCoordinator"}}}},"operator":"LOGICAL_COMPLEMENT"}}}},"name":{"!":"com.github.javaparser.ast.expr.SimpleName","range":{"beginLine":6,"beginColumn":17,"endLine":6,"endColumn":21},"tokenRange":{"beginToken":{"kind":94,"text":"flush"},"endToken":{"kind":94,"text":"flush"}},"identifier":"flush"},"type":{"!":"com.github.javaparser.ast.type.PrimitiveType","range":{"beginLine":6,"beginColumn":9,"endLine":6,"endColumn":15},"tokenRange":{"beginToken":{"kind":13,"text":"boolean"},"endToken":{"kind":13,"text":"boolean"}},"type":"BOOLEAN","annotations":[]}}]}},{"!":"com.github.javaparser.ast.stmt.IfStmt","range":{"beginLine":9,"beginColumn":3,"endLine":12,"endColumn":3},"tokenRange":{"beginToken":{"kind":34,"text":"if"},"endToken":{"kind":100,"text":"}"}},"condition":{"!":"com.github.javaparser.ast.expr.NameExpr","range":{"beginLine":9,"beginColumn":8,"endLine":9,"endColumn":12},"tokenRange":{"beginToken":{"kind":94,"text":"flush"},"endToken":{"kind":94,"text":"flush"}},"name":{"!":"com.github.javaparser.ast.expr.SimpleName","range":{"beginLine":9,"beginColumn":8,"endLine":9,"endColumn":12},"tokenRange":{"beginToken":{"kind":94,"text":"flush"},"endToken":{"kind":94,"text":"flush"}},"identifier":"flush"}},"thenStmt":{"!":"com.github.javaparser.ast.stmt.BlockStmt","range":{"beginLine":9,"beginColumn":16,"endLine":12,"endColumn":3},"tokenRange":{"beginToken":{"kind":99,"text":"{"},"endToken":{"kind":100,"text":"}"}},"statements":[{"!":"com.github.javaparser.ast.stmt.ExpressionStmt","range":{"beginLine":11,"beginColumn":4,"endLine":11,"endColumn":67},"tokenRange":{"beginToken":{"kind":94,"text":"transactionCoordinator"},"endToken":{"kind":103,"text":";"}},"expression":{"!":"com.github.javaparser.ast.expr.MethodCallExpr","range":{"beginLine":11,"beginColumn":4,"endLine":11,"endColumn":66},"tokenRange":{"beginToken":{"kind":94,"text":"transactionCoordinator"},"endToken":{"kind":98,"text":")"}},"arguments":[],"name":{"!":"com.github.javaparser.ast.expr.SimpleName","range":{"beginLine":11,"beginColumn":53,"endLine":11,"endColumn":64},"tokenRange":{"beginToken":{"kind":94,"text":"managedFlush"},"endToken":{"kind":94,"text":"managedFlush"}},"identifier":"managedFlush"},"scope":{"!":"com.github.javaparser.ast.expr.MethodCallExpr","range":{"beginLine":11,"beginColumn":4,"endLine":11,"endColumn":51},"tokenRange":{"beginToken":{"kind":94,"text":"transactionCoordinator"},"endToken":{"kind":98,"text":")"}},"arguments":[],"name":{"!":"com.github.javaparser.ast.expr.SimpleName","range":{"beginLine":11,"beginColumn":29,"endLine":11,"endColumn":49},"tokenRange":{"beginToken":{"kind":94,"text":"getTransactionContext"},"endToken":{"kind":94,"text":"getTransactionContext"}},"identifier":"getTransactionContext"},"scope":{"!":"com.github.javaparser.ast.expr.MethodCallExpr","range":{"beginLine":11,"beginColumn":4,"endLine":11,"endColumn":27},"tokenRange":{"beginToken":{"kind":94,"text":"transactionCoordinator"},"endToken":{"kind":98,"text":")"}},"arguments":[],"name":{"!":"com.github.javaparser.ast.expr.SimpleName","range":{"beginLine":11,"beginColumn":4,"endLine":11,"endColumn":25},"tokenRange":{"beginToken":{"kind":94,"text":"transactionCoordinator"},"endToken":{"kind":94,"text":"transactionCoordinator"}},"identifier":"transactionCoordinator"}}}},"comment":{"!":"com.github.javaparser.ast.comments.LineComment","range":{"beginLine":10,"beginColumn":4,"endLine":10,"endColumn":68},"tokenRange":{"beginToken":{"kind":5,"text":"// if an exception occurs during flush, user must call rollback()"},"endToken":{"kind":5,"text":"// if an exception occurs during flush, user must call rollback()"}},"content":" if an exception occurs during flush, user must call rollback()"}}]}},{"!":"com.github.javaparser.ast.stmt.IfStmt","range":{"beginLine":14,"beginColumn":3,"endLine":16,"endColumn":3},"tokenRange":{"beginToken":{"kind":34,"text":"if"},"endToken":{"kind":100,"text":"}"}},"condition":{"!":"com.github.javaparser.ast.expr.BinaryExpr","range":{"beginLine":14,"beginColumn":8,"endLine":14,"endColumn":30},"tokenRange":{"beginToken":{"kind":94,"text":"isDriver"},"endToken":{"kind":94,"text":"isInitiator"}},"left":{"!":"com.github.javaparser.ast.expr.NameExpr","range":{"beginLine":14,"beginColumn":8,"endLine":14,"endColumn":15},"tokenRange":{"beginToken":{"kind":94,"text":"isDriver"},"endToken":{"kind":94,"text":"isDriver"}},"name":{"!":"com.github.javaparser.ast.expr.SimpleName","range":{"beginLine":14,"beginColumn":8,"endLine":14,"endColumn":15},"tokenRange":{"beginToken":{"kind":94,"text":"isDriver"},"endToken":{"kind":94,"text":"isDriver"}},"identifier":"isDriver"}},"operator":"AND","right":{"!":"com.github.javaparser.ast.expr.NameExpr","range":{"beginLine":14,"beginColumn":20,"endLine":14,"endColumn":30},"tokenRange":{"beginToken":{"kind":94,"text":"isInitiator"},"endToken":{"kind":94,"text":"isInitiator"}},"name":{"!":"com.github.javaparser.ast.expr.SimpleName","range":{"beginLine":14,"beginColumn":20,"endLine":14,"endColumn":30},"tokenRange":{"beginToken":{"kind":94,"text":"isInitiator"},"endToken":{"kind":94,"text":"isInitiator"}},"identifier":"isInitiator"}}},"thenStmt":{"!":"com.github.javaparser.ast.stmt.BlockStmt","range":{"beginLine":14,"beginColumn":34,"endLine":16,"endColumn":3},"tokenRange":{"beginToken":{"kind":99,"text":"{"},"endToken":{"kind":100,"text":"}"}},"statements":[{"!":"com.github.javaparser.ast.stmt.ExpressionStmt","range":{"beginLine":15,"beginColumn":4,"endLine":15,"endColumn":88},"tokenRange":{"beginToken":{"kind":94,"text":"transactionCoordinator"},"endToken":{"kind":103,"text":";"}},"expression":{"!":"com.github.javaparser.ast.expr.MethodCallExpr","range":{"beginLine":15,"beginColumn":4,"endLine":15,"endColumn":87},"tokenRange":{"beginToken":{"kind":94,"text":"transactionCoordinator"},"endToken":{"kind":98,"text":")"}},"arguments":[{"!":"com.github.javaparser.ast.expr.ThisExpr","range":{"beginLine":15,"beginColumn":82,"endLine":15,"endColumn":85},"tokenRange":{"beginToken":{"kind":56,"text":"this"},"endToken":{"kind":56,"text":"this"}}}],"name":{"!":"com.github.javaparser.ast.expr.SimpleName","range":{"beginLine":15,"beginColumn":53,"endLine":15,"endColumn":79},"tokenRange":{"beginToken":{"kind":94,"text":"beforeTransactionCompletion"},"endToken":{"kind":94,"text":"beforeTransactionCompletion"}},"identifier":"beforeTransactionCompletion"},"scope":{"!":"com.github.javaparser.ast.expr.MethodCallExpr","range":{"beginLine":15,"beginColumn":4,"endLine":15,"endColumn":51},"tokenRange":{"beginToken":{"kind":94,"text":"transactionCoordinator"},"endToken":{"kind":98,"text":")"}},"arguments":[],"name":{"!":"com.github.javaparser.ast.expr.SimpleName","range":{"beginLine":15,"beginColumn":29,"endLine":15,"endColumn":49},"tokenRange":{"beginToken":{"kind":94,"text":"getTransactionContext"},"endToken":{"kind":94,"text":"getTransactionContext"}},"identifier":"getTransactionContext"},"scope":{"!":"com.github.javaparser.ast.expr.MethodCallExpr","range":{"beginLine":15,"beginColumn":4,"endLine":15,"endColumn":27},"tokenRange":{"beginToken":{"kind":94,"text":"transactionCoordinator"},"endToken":{"kind":98,"text":")"}},"arguments":[],"name":{"!":"com.github.javaparser.ast.expr.SimpleName","range":{"beginLine":15,"beginColumn":4,"endLine":15,"endColumn":25},"tokenRange":{"beginToken":{"kind":94,"text":"transactionCoordinator"},"endToken":{"kind":94,"text":"transactionCoordinator"}},"identifier":"transactionCoordinator"}}}}}]}},{"!":"com.github.javaparser.ast.stmt.ExpressionStmt","range":{"beginLine":18,"beginColumn":3,"endLine":18,"endColumn":20},"tokenRange":{"beginToken":{"kind":94,"text":"closeIfRequired"},"endToken":{"kind":103,"text":";"}},"expression":{"!":"com.github.javaparser.ast.expr.MethodCallExpr","range":{"beginLine":18,"beginColumn":3,"endLine":18,"endColumn":19},"tokenRange":{"beginToken":{"kind":94,"text":"closeIfRequired"},"endToken":{"kind":98,"text":")"}},"arguments":[],"name":{"!":"com.github.javaparser.ast.expr.SimpleName","range":{"beginLine":18,"beginColumn":3,"endLine":18,"endColumn":17},"tokenRange":{"beginToken":{"kind":94,"text":"closeIfRequired"},"endToken":{"kind":94,"text":"closeIfRequired"}},"identifier":"closeIfRequired"}}}]},"type":{"!":"com.github.javaparser.ast.type.VoidType","range":{"beginLine":3,"beginColumn":12,"endLine":3,"endColumn":15},"tokenRange":{"beginToken":{"kind":62,"text":"void"},"endToken":{"kind":62,"text":"void"}},"annotations":[]},"modifiers":[{"!":"com.github.javaparser.ast.Modifier","range":{"beginLine":3,"beginColumn":2,"endLine":3,"endColumn":10},"tokenRange":{"beginToken":{"kind":46,"text":"protected"},"endToken":{"kind":46,"text":"protected"}},"keyword":"PROTECTED"}],"name":{"!":"com.github.javaparser.ast.expr.SimpleName","range":{"beginLine":3,"beginColumn":17,"endLine":3,"endColumn":39},"tokenRange":{"beginToken":{"kind":94,"text":"beforeTransactionCommit"},"endToken":{"kind":94,"text":"beforeTransactionCommit"}},"identifier":"beforeTransactionCommit"},"parameters":[],"thrownExceptions":[],"typeParameters":[],"annotations":[{"!":"com.github.javaparser.ast.expr.MarkerAnnotationExpr","range":{"beginLine":2,"beginColumn":2,"endLine":2,"endColumn":10},"tokenRange":{"beginToken":{"kind":107,"text":"@"},"endToken":{"kind":94,"text":"Override"}},"name":{"!":"com.github.javaparser.ast.expr.Name","range":{"beginLine":2,"beginColumn":3,"endLine":2,"endColumn":10},"tokenRange":{"beginToken":{"kind":94,"text":"Override"},"endToken":{"kind":94,"text":"Override"}},"identifier":"Override"}}]}],"modifiers":[],"name":{"!":"com.github.javaparser.ast.expr.SimpleName","range":{"beginLine":1,"beginColumn":7,"endLine":1,"endColumn":10},"tokenRange":{"beginToken":{"kind":94,"text":"Test"},"endToken":{"kind":94,"text":"Test"}},"identifier":"Test"},"annotations":[]}]}