{"!":"com.github.javaparser.ast.CompilationUnit","range":{"beginLine":1,"beginColumn":1,"endLine":22,"endColumn":2},"tokenRange":{"beginToken":{"kind":19,"text":"class"},"endToken":{"kind":0,"text":""}},"imports":[],"types":[{"!":"com.github.javaparser.ast.body.ClassOrInterfaceDeclaration","range":{"beginLine":1,"beginColumn":1,"endLine":22,"endColumn":2},"tokenRange":{"beginToken":{"kind":19,"text":"class"},"endToken":{"kind":100,"text":"}"}},"extendedTypes":[],"implementedTypes":[],"isInterface":"false","typeParameters":[],"members":[{"!":"com.github.javaparser.ast.body.MethodDeclaration","range":{"beginLine":9,"beginColumn":2,"endLine":20,"endColumn":2},"tokenRange":{"beginToken":{"kind":47,"text":"public"},"endToken":{"kind":100,"text":"}"}},"body":{"!":"com.github.javaparser.ast.stmt.BlockStmt","range":{"beginLine":9,"beginColumn":48,"endLine":20,"endColumn":2},"tokenRange":{"beginToken":{"kind":99,"text":"{"},"endToken":{"kind":100,"text":"}"}},"statements":[{"!":"com.github.javaparser.ast.stmt.ExpressionStmt","range":{"beginLine":10,"beginColumn":3,"endLine":10,"endColumn":29},"tokenRange":{"beginToken":{"kind":15,"text":"byte"},"endToken":{"kind":103,"text":";"}},"expression":{"!":"com.github.javaparser.ast.expr.VariableDeclarationExpr","range":{"beginLine":10,"beginColumn":3,"endLine":10,"endColumn":28},"tokenRange":{"beginToken":{"kind":15,"text":"byte"},"endToken":{"kind":102,"text":"]"}},"annotations":[],"modifiers":[],"variables":[{"!":"com.github.javaparser.ast.body.VariableDeclarator","range":{"beginLine":10,"beginColumn":10,"endLine":10,"endColumn":28},"tokenRange":{"beginToken":{"kind":94,"text":"bytes"},"endToken":{"kind":102,"text":"]"}},"initializer":{"!":"com.github.javaparser.ast.expr.ArrayCreationExpr","range":{"beginLine":10,"beginColumn":18,"endLine":10,"endColumn":28},"tokenRange":{"beginToken":{"kind":42,"text":"new"},"endToken":{"kind":102,"text":"]"}},"elementType":{"!":"com.github.javaparser.ast.type.PrimitiveType","range":{"beginLine":10,"beginColumn":22,"endLine":10,"endColumn":25},"tokenRange":{"beginToken":{"kind":15,"text":"byte"},"endToken":{"kind":15,"text":"byte"}},"type":"BYTE","annotations":[]},"levels":[{"!":"com.github.javaparser.ast.ArrayCreationLevel","range":{"beginLine":10,"beginColumn":26,"endLine":10,"endColumn":28},"tokenRange":{"beginToken":{"kind":101,"text":"["},"endToken":{"kind":102,"text":"]"}},"annotations":[],"dimension":{"!":"com.github.javaparser.ast.expr.IntegerLiteralExpr","range":{"beginLine":10,"beginColumn":27,"endLine":10,"endColumn":27},"tokenRange":{"beginToken":{"kind":77,"text":"8"},"endToken":{"kind":77,"text":"8"}},"value":"8"}}]},"name":{"!":"com.github.javaparser.ast.expr.SimpleName","range":{"beginLine":10,"beginColumn":10,"endLine":10,"endColumn":14},"tokenRange":{"beginToken":{"kind":94,"text":"bytes"},"endToken":{"kind":94,"text":"bytes"}},"identifier":"bytes"},"type":{"!":"com.github.javaparser.ast.type.ArrayType","range":{"beginLine":10,"beginColumn":3,"endLine":10,"endColumn":8},"tokenRange":{"beginToken":{"kind":15,"text":"byte"},"endToken":{"kind":102,"text":"]"}},"componentType":{"!":"com.github.javaparser.ast.type.PrimitiveType","range":{"beginLine":10,"beginColumn":3,"endLine":10,"endColumn":6},"tokenRange":{"beginToken":{"kind":15,"text":"byte"},"endToken":{"kind":15,"text":"byte"}},"type":"BYTE","annotations":[]},"origin":"TYPE","annotations":[]}}]}},{"!":"com.github.javaparser.ast.stmt.ExpressionStmt","range":{"beginLine":11,"beginColumn":3,"endLine":11,"endColumn":40},"tokenRange":{"beginToken":{"kind":94,"text":"bytes"},"endToken":{"kind":103,"text":";"}},"expression":{"!":"com.github.javaparser.ast.expr.AssignExpr","range":{"beginLine":11,"beginColumn":3,"endLine":11,"endColumn":39},"tokenRange":{"beginToken":{"kind":94,"text":"bytes"},"endToken":{"kind":98,"text":")"}},"operator":"ASSIGN","target":{"!":"com.github.javaparser.ast.expr.ArrayAccessExpr","range":{"beginLine":11,"beginColumn":3,"endLine":11,"endColumn":10},"tokenRange":{"beginToken":{"kind":94,"text":"bytes"},"endToken":{"kind":102,"text":"]"}},"index":{"!":"com.github.javaparser.ast.expr.IntegerLiteralExpr","range":{"beginLine":11,"beginColumn":9,"endLine":11,"endColumn":9},"tokenRange":{"beginToken":{"kind":77,"text":"0"},"endToken":{"kind":77,"text":"0"}},"value":"0"},"name":{"!":"com.github.javaparser.ast.expr.NameExpr","range":{"beginLine":11,"beginColumn":3,"endLine":11,"endColumn":7},"tokenRange":{"beginToken":{"kind":94,"text":"bytes"},"endToken":{"kind":94,"text":"bytes"}},"name":{"!":"com.github.javaparser.ast.expr.SimpleName","range":{"beginLine":11,"beginColumn":3,"endLine":11,"endColumn":7},"tokenRange":{"beginToken":{"kind":94,"text":"bytes"},"endToken":{"kind":94,"text":"bytes"}},"identifier":"bytes"}}},"value":{"!":"com.github.javaparser.ast.expr.CastExpr","range":{"beginLine":11,"beginColumn":14,"endLine":11,"endColumn":39},"tokenRange":{"beginToken":{"kind":97,"text":"("},"endToken":{"kind":98,"text":")"}},"expression":{"!":"com.github.javaparser.ast.expr.EnclosedExpr","range":{"beginLine":11,"beginColumn":21,"endLine":11,"endColumn":39},"tokenRange":{"beginToken":{"kind":97,"text":"("},"endToken":{"kind":98,"text":")"}},"inner":{"!":"com.github.javaparser.ast.expr.BinaryExpr","range":{"beginLine":11,"beginColumn":23,"endLine":11,"endColumn":37},"tokenRange":{"beginToken":{"kind":94,"text":"longValue"},"endToken":{"kind":77,"text":"56"}},"left":{"!":"com.github.javaparser.ast.expr.NameExpr","range":{"beginLine":11,"beginColumn":23,"endLine":11,"endColumn":31},"tokenRange":{"beginToken":{"kind":94,"text":"longValue"},"endToken":{"kind":94,"text":"longValue"}},"name":{"!":"com.github.javaparser.ast.expr.SimpleName","range":{"beginLine":11,"beginColumn":23,"endLine":11,"endColumn":31},"tokenRange":{"beginToken":{"kind":94,"text":"longValue"},"endToken":{"kind":94,"text":"longValue"}},"identifier":"longValue"}},"operator":"SIGNED_RIGHT_SHIFT","right":{"!":"com.github.javaparser.ast.expr.IntegerLiteralExpr","range":{"beginLine":11,"beginColumn":36,"endLine":11,"endColumn":37},"tokenRange":{"beginToken":{"kind":77,"text":"56"},"endToken":{"kind":77,"text":"56"}},"value":"56"}}},"type":{"!":"com.github.javaparser.ast.type.PrimitiveType","range":{"beginLine":11,"beginColumn":15,"endLine":11,"endColumn":18},"tokenRange":{"beginToken":{"kind":15,"text":"byte"},"endToken":{"kind":15,"text":"byte"}},"type":"BYTE","annotations":[]}}}},{"!":"com.github.javaparser.ast.stmt.ExpressionStmt","range":{"beginLine":12,"beginColumn":3,"endLine":12,"endColumn":49},"tokenRange":{"beginToken":{"kind":94,"text":"bytes"},"endToken":{"kind":103,"text":";"}},"expression":{"!":"com.github.javaparser.ast.expr.AssignExpr","range":{"beginLine":12,"beginColumn":3,"endLine":12,"endColumn":48},"tokenRange":{"beginToken":{"kind":94,"text":"bytes"},"endToken":{"kind":98,"text":")"}},"operator":"ASSIGN","target":{"!":"com.github.javaparser.ast.expr.ArrayAccessExpr","range":{"beginLine":12,"beginColumn":3,"endLine":12,"endColumn":10},"tokenRange":{"beginToken":{"kind":94,"text":"bytes"},"endToken":{"kind":102,"text":"]"}},"index":{"!":"com.github.javaparser.ast.expr.IntegerLiteralExpr","range":{"beginLine":12,"beginColumn":9,"endLine":12,"endColumn":9},"tokenRange":{"beginToken":{"kind":77,"text":"1"},"endToken":{"kind":77,"text":"1"}},"value":"1"},"name":{"!":"com.github.javaparser.ast.expr.NameExpr","range":{"beginLine":12,"beginColumn":3,"endLine":12,"endColumn":7},"tokenRange":{"beginToken":{"kind":94,"text":"bytes"},"endToken":{"kind":94,"text":"bytes"}},"name":{"!":"com.github.javaparser.ast.expr.SimpleName","range":{"beginLine":12,"beginColumn":3,"endLine":12,"endColumn":7},"tokenRange":{"beginToken":{"kind":94,"text":"bytes"},"endToken":{"kind":94,"text":"bytes"}},"identifier":"bytes"}}},"value":{"!":"com.github.javaparser.ast.expr.CastExpr","range":{"beginLine":12,"beginColumn":14,"endLine":12,"endColumn":48},"tokenRange":{"beginToken":{"kind":97,"text":"("},"endToken":{"kind":98,"text":")"}},"expression":{"!":"com.github.javaparser.ast.expr.EnclosedExpr","range":{"beginLine":12,"beginColumn":21,"endLine":12,"endColumn":48},"tokenRange":{"beginToken":{"kind":97,"text":"("},"endToken":{"kind":98,"text":")"}},"inner":{"!":"com.github.javaparser.ast.expr.BinaryExpr","range":{"beginLine":12,"beginColumn":23,"endLine":12,"endColumn":46},"tokenRange":{"beginToken":{"kind":97,"text":"("},"endToken":{"kind":77,"text":"56"}},"left":{"!":"com.github.javaparser.ast.expr.EnclosedExpr","range":{"beginLine":12,"beginColumn":23,"endLine":12,"endColumn":40},"tokenRange":{"beginToken":{"kind":97,"text":"("},"endToken":{"kind":98,"text":")"}},"inner":{"!":"com.github.javaparser.ast.expr.BinaryExpr","range":{"beginLine":12,"beginColumn":25,"endLine":12,"endColumn":38},"tokenRange":{"beginToken":{"kind":94,"text":"longValue"},"endToken":{"kind":77,"text":"8"}},"left":{"!":"com.github.javaparser.ast.expr.NameExpr","range":{"beginLine":12,"beginColumn":25,"endLine":12,"endColumn":33},"tokenRange":{"beginToken":{"kind":94,"text":"longValue"},"endToken":{"kind":94,"text":"longValue"}},"name":{"!":"com.github.javaparser.ast.expr.SimpleName","range":{"beginLine":12,"beginColumn":25,"endLine":12,"endColumn":33},"tokenRange":{"beginToken":{"kind":94,"text":"longValue"},"endToken":{"kind":94,"text":"longValue"}},"identifier":"longValue"}},"operator":"LEFT_SHIFT","right":{"!":"com.github.javaparser.ast.expr.IntegerLiteralExpr","range":{"beginLine":12,"beginColumn":38,"endLine":12,"endColumn":38},"tokenRange":{"beginToken":{"kind":77,"text":"8"},"endToken":{"kind":77,"text":"8"}},"value":"8"}}},"operator":"SIGNED_RIGHT_SHIFT","right":{"!":"com.github.javaparser.ast.expr.IntegerLiteralExpr","range":{"beginLine":12,"beginColumn":45,"endLine":12,"endColumn":46},"tokenRange":{"beginToken":{"kind":77,"text":"56"},"endToken":{"kind":77,"text":"56"}},"value":"56"}}},"type":{"!":"com.github.javaparser.ast.type.PrimitiveType","range":{"beginLine":12,"beginColumn":15,"endLine":12,"endColumn":18},"tokenRange":{"beginToken":{"kind":15,"text":"byte"},"endToken":{"kind":15,"text":"byte"}},"type":"BYTE","annotations":[]}}}},{"!":"com.github.javaparser.ast.stmt.ExpressionStmt","range":{"beginLine":13,"beginColumn":3,"endLine":13,"endColumn":50},"tokenRange":{"beginToken":{"kind":94,"text":"bytes"},"endToken":{"kind":103,"text":";"}},"expression":{"!":"com.github.javaparser.ast.expr.AssignExpr","range":{"beginLine":13,"beginColumn":3,"endLine":13,"endColumn":49},"tokenRange":{"beginToken":{"kind":94,"text":"bytes"},"endToken":{"kind":98,"text":")"}},"operator":"ASSIGN","target":{"!":"com.github.javaparser.ast.expr.ArrayAccessExpr","range":{"beginLine":13,"beginColumn":3,"endLine":13,"endColumn":10},"tokenRange":{"beginToken":{"kind":94,"text":"bytes"},"endToken":{"kind":102,"text":"]"}},"index":{"!":"com.github.javaparser.ast.expr.IntegerLiteralExpr","range":{"beginLine":13,"beginColumn":9,"endLine":13,"endColumn":9},"tokenRange":{"beginToken":{"kind":77,"text":"2"},"endToken":{"kind":77,"text":"2"}},"value":"2"},"name":{"!":"com.github.javaparser.ast.expr.NameExpr","range":{"beginLine":13,"beginColumn":3,"endLine":13,"endColumn":7},"tokenRange":{"beginToken":{"kind":94,"text":"bytes"},"endToken":{"kind":94,"text":"bytes"}},"name":{"!":"com.github.javaparser.ast.expr.SimpleName","range":{"beginLine":13,"beginColumn":3,"endLine":13,"endColumn":7},"tokenRange":{"beginToken":{"kind":94,"text":"bytes"},"endToken":{"kind":94,"text":"bytes"}},"identifier":"bytes"}}},"value":{"!":"com.github.javaparser.ast.expr.CastExpr","range":{"beginLine":13,"beginColumn":14,"endLine":13,"endColumn":49},"tokenRange":{"beginToken":{"kind":97,"text":"("},"endToken":{"kind":98,"text":")"}},"expression":{"!":"com.github.javaparser.ast.expr.EnclosedExpr","range":{"beginLine":13,"beginColumn":21,"endLine":13,"endColumn":49},"tokenRange":{"beginToken":{"kind":97,"text":"("},"endToken":{"kind":98,"text":")"}},"inner":{"!":"com.github.javaparser.ast.expr.BinaryExpr","range":{"beginLine":13,"beginColumn":23,"endLine":13,"endColumn":47},"tokenRange":{"beginToken":{"kind":97,"text":"("},"endToken":{"kind":77,"text":"56"}},"left":{"!":"com.github.javaparser.ast.expr.EnclosedExpr","range":{"beginLine":13,"beginColumn":23,"endLine":13,"endColumn":41},"tokenRange":{"beginToken":{"kind":97,"text":"("},"endToken":{"kind":98,"text":")"}},"inner":{"!":"com.github.javaparser.ast.expr.BinaryExpr","range":{"beginLine":13,"beginColumn":25,"endLine":13,"endColumn":39},"tokenRange":{"beginToken":{"kind":94,"text":"longValue"},"endToken":{"kind":77,"text":"16"}},"left":{"!":"com.github.javaparser.ast.expr.NameExpr","range":{"beginLine":13,"beginColumn":25,"endLine":13,"endColumn":33},"tokenRange":{"beginToken":{"kind":94,"text":"longValue"},"endToken":{"kind":94,"text":"longValue"}},"name":{"!":"com.github.javaparser.ast.expr.SimpleName","range":{"beginLine":13,"beginColumn":25,"endLine":13,"endColumn":33},"tokenRange":{"beginToken":{"kind":94,"text":"longValue"},"endToken":{"kind":94,"text":"longValue"}},"identifier":"longValue"}},"operator":"LEFT_SHIFT","right":{"!":"com.github.javaparser.ast.expr.IntegerLiteralExpr","range":{"beginLine":13,"beginColumn":38,"endLine":13,"endColumn":39},"tokenRange":{"beginToken":{"kind":77,"text":"16"},"endToken":{"kind":77,"text":"16"}},"value":"16"}}},"operator":"SIGNED_RIGHT_SHIFT","right":{"!":"com.github.javaparser.ast.expr.IntegerLiteralExpr","range":{"beginLine":13,"beginColumn":46,"endLine":13,"endColumn":47},"tokenRange":{"beginToken":{"kind":77,"text":"56"},"endToken":{"kind":77,"text":"56"}},"value":"56"}}},"type":{"!":"com.github.javaparser.ast.type.PrimitiveType","range":{"beginLine":13,"beginColumn":15,"endLine":13,"endColumn":18},"tokenRange":{"beginToken":{"kind":15,"text":"byte"},"endToken":{"kind":15,"text":"byte"}},"type":"BYTE","annotations":[]}}}},{"!":"com.github.javaparser.ast.stmt.ExpressionStmt","range":{"beginLine":14,"beginColumn":3,"endLine":14,"endColumn":50},"tokenRange":{"beginToken":{"kind":94,"text":"bytes"},"endToken":{"kind":103,"text":";"}},"expression":{"!":"com.github.javaparser.ast.expr.AssignExpr","range":{"beginLine":14,"beginColumn":3,"endLine":14,"endColumn":49},"tokenRange":{"beginToken":{"kind":94,"text":"bytes"},"endToken":{"kind":98,"text":")"}},"operator":"ASSIGN","target":{"!":"com.github.javaparser.ast.expr.ArrayAccessExpr","range":{"beginLine":14,"beginColumn":3,"endLine":14,"endColumn":10},"tokenRange":{"beginToken":{"kind":94,"text":"bytes"},"endToken":{"kind":102,"text":"]"}},"index":{"!":"com.github.javaparser.ast.expr.IntegerLiteralExpr","range":{"beginLine":14,"beginColumn":9,"endLine":14,"endColumn":9},"tokenRange":{"beginToken":{"kind":77,"text":"3"},"endToken":{"kind":77,"text":"3"}},"value":"3"},"name":{"!":"com.github.javaparser.ast.expr.NameExpr","range":{"beginLine":14,"beginColumn":3,"endLine":14,"endColumn":7},"tokenRange":{"beginToken":{"kind":94,"text":"bytes"},"endToken":{"kind":94,"text":"bytes"}},"name":{"!":"com.github.javaparser.ast.expr.SimpleName","range":{"beginLine":14,"beginColumn":3,"endLine":14,"endColumn":7},"tokenRange":{"beginToken":{"kind":94,"text":"bytes"},"endToken":{"kind":94,"text":"bytes"}},"identifier":"bytes"}}},"value":{"!":"com.github.javaparser.ast.expr.CastExpr","range":{"beginLine":14,"beginColumn":14,"endLine":14,"endColumn":49},"tokenRange":{"beginToken":{"kind":97,"text":"("},"endToken":{"kind":98,"text":")"}},"expression":{"!":"com.github.javaparser.ast.expr.EnclosedExpr","range":{"beginLine":14,"beginColumn":21,"endLine":14,"endColumn":49},"tokenRange":{"beginToken":{"kind":97,"text":"("},"endToken":{"kind":98,"text":")"}},"inner":{"!":"com.github.javaparser.ast.expr.BinaryExpr","range":{"beginLine":14,"beginColumn":23,"endLine":14,"endColumn":47},"tokenRange":{"beginToken":{"kind":97,"text":"("},"endToken":{"kind":77,"text":"56"}},"left":{"!":"com.github.javaparser.ast.expr.EnclosedExpr","range":{"beginLine":14,"beginColumn":23,"endLine":14,"endColumn":41},"tokenRange":{"beginToken":{"kind":97,"text":"("},"endToken":{"kind":98,"text":")"}},"inner":{"!":"com.github.javaparser.ast.expr.BinaryExpr","range":{"beginLine":14,"beginColumn":25,"endLine":14,"endColumn":39},"tokenRange":{"beginToken":{"kind":94,"text":"longValue"},"endToken":{"kind":77,"text":"24"}},"left":{"!":"com.github.javaparser.ast.expr.NameExpr","range":{"beginLine":14,"beginColumn":25,"endLine":14,"endColumn":33},"tokenRange":{"beginToken":{"kind":94,"text":"longValue"},"endToken":{"kind":94,"text":"longValue"}},"name":{"!":"com.github.javaparser.ast.expr.SimpleName","range":{"beginLine":14,"beginColumn":25,"endLine":14,"endColumn":33},"tokenRange":{"beginToken":{"kind":94,"text":"longValue"},"endToken":{"kind":94,"text":"longValue"}},"identifier":"longValue"}},"operator":"LEFT_SHIFT","right":{"!":"com.github.javaparser.ast.expr.IntegerLiteralExpr","range":{"beginLine":14,"beginColumn":38,"endLine":14,"endColumn":39},"tokenRange":{"beginToken":{"kind":77,"text":"24"},"endToken":{"kind":77,"text":"24"}},"value":"24"}}},"operator":"SIGNED_RIGHT_SHIFT","right":{"!":"com.github.javaparser.ast.expr.IntegerLiteralExpr","range":{"beginLine":14,"beginColumn":46,"endLine":14,"endColumn":47},"tokenRange":{"beginToken":{"kind":77,"text":"56"},"endToken":{"kind":77,"text":"56"}},"value":"56"}}},"type":{"!":"com.github.javaparser.ast.type.PrimitiveType","range":{"beginLine":14,"beginColumn":15,"endLine":14,"endColumn":18},"tokenRange":{"beginToken":{"kind":15,"text":"byte"},"endToken":{"kind":15,"text":"byte"}},"type":"BYTE","annotations":[]}}}},{"!":"com.github.javaparser.ast.stmt.ExpressionStmt","range":{"beginLine":15,"beginColumn":3,"endLine":15,"endColumn":50},"tokenRange":{"beginToken":{"kind":94,"text":"bytes"},"endToken":{"kind":103,"text":";"}},"expression":{"!":"com.github.javaparser.ast.expr.AssignExpr","range":{"beginLine":15,"beginColumn":3,"endLine":15,"endColumn":49},"tokenRange":{"beginToken":{"kind":94,"text":"bytes"},"endToken":{"kind":98,"text":")"}},"operator":"ASSIGN","target":{"!":"com.github.javaparser.ast.expr.ArrayAccessExpr","range":{"beginLine":15,"beginColumn":3,"endLine":15,"endColumn":10},"tokenRange":{"beginToken":{"kind":94,"text":"bytes"},"endToken":{"kind":102,"text":"]"}},"index":{"!":"com.github.javaparser.ast.expr.IntegerLiteralExpr","range":{"beginLine":15,"beginColumn":9,"endLine":15,"endColumn":9},"tokenRange":{"beginToken":{"kind":77,"text":"4"},"endToken":{"kind":77,"text":"4"}},"value":"4"},"name":{"!":"com.github.javaparser.ast.expr.NameExpr","range":{"beginLine":15,"beginColumn":3,"endLine":15,"endColumn":7},"tokenRange":{"beginToken":{"kind":94,"text":"bytes"},"endToken":{"kind":94,"text":"bytes"}},"name":{"!":"com.github.javaparser.ast.expr.SimpleName","range":{"beginLine":15,"beginColumn":3,"endLine":15,"endColumn":7},"tokenRange":{"beginToken":{"kind":94,"text":"bytes"},"endToken":{"kind":94,"text":"bytes"}},"identifier":"bytes"}}},"value":{"!":"com.github.javaparser.ast.expr.CastExpr","range":{"beginLine":15,"beginColumn":14,"endLine":15,"endColumn":49},"tokenRange":{"beginToken":{"kind":97,"text":"("},"endToken":{"kind":98,"text":")"}},"expression":{"!":"com.github.javaparser.ast.expr.EnclosedExpr","range":{"beginLine":15,"beginColumn":21,"endLine":15,"endColumn":49},"tokenRange":{"beginToken":{"kind":97,"text":"("},"endToken":{"kind":98,"text":")"}},"inner":{"!":"com.github.javaparser.ast.expr.BinaryExpr","range":{"beginLine":15,"beginColumn":23,"endLine":15,"endColumn":47},"tokenRange":{"beginToken":{"kind":97,"text":"("},"endToken":{"kind":77,"text":"56"}},"left":{"!":"com.github.javaparser.ast.expr.EnclosedExpr","range":{"beginLine":15,"beginColumn":23,"endLine":15,"endColumn":41},"tokenRange":{"beginToken":{"kind":97,"text":"("},"endToken":{"kind":98,"text":")"}},"inner":{"!":"com.github.javaparser.ast.expr.BinaryExpr","range":{"beginLine":15,"beginColumn":25,"endLine":15,"endColumn":39},"tokenRange":{"beginToken":{"kind":94,"text":"longValue"},"endToken":{"kind":77,"text":"32"}},"left":{"!":"com.github.javaparser.ast.expr.NameExpr","range":{"beginLine":15,"beginColumn":25,"endLine":15,"endColumn":33},"tokenRange":{"beginToken":{"kind":94,"text":"longValue"},"endToken":{"kind":94,"text":"longValue"}},"name":{"!":"com.github.javaparser.ast.expr.SimpleName","range":{"beginLine":15,"beginColumn":25,"endLine":15,"endColumn":33},"tokenRange":{"beginToken":{"kind":94,"text":"longValue"},"endToken":{"kind":94,"text":"longValue"}},"identifier":"longValue"}},"operator":"LEFT_SHIFT","right":{"!":"com.github.javaparser.ast.expr.IntegerLiteralExpr","range":{"beginLine":15,"beginColumn":38,"endLine":15,"endColumn":39},"tokenRange":{"beginToken":{"kind":77,"text":"32"},"endToken":{"kind":77,"text":"32"}},"value":"32"}}},"operator":"SIGNED_RIGHT_SHIFT","right":{"!":"com.github.javaparser.ast.expr.IntegerLiteralExpr","range":{"beginLine":15,"beginColumn":46,"endLine":15,"endColumn":47},"tokenRange":{"beginToken":{"kind":77,"text":"56"},"endToken":{"kind":77,"text":"56"}},"value":"56"}}},"type":{"!":"com.github.javaparser.ast.type.PrimitiveType","range":{"beginLine":15,"beginColumn":15,"endLine":15,"endColumn":18},"tokenRange":{"beginToken":{"kind":15,"text":"byte"},"endToken":{"kind":15,"text":"byte"}},"type":"BYTE","annotations":[]}}}},{"!":"com.github.javaparser.ast.stmt.ExpressionStmt","range":{"beginLine":16,"beginColumn":3,"endLine":16,"endColumn":50},"tokenRange":{"beginToken":{"kind":94,"text":"bytes"},"endToken":{"kind":103,"text":";"}},"expression":{"!":"com.github.javaparser.ast.expr.AssignExpr","range":{"beginLine":16,"beginColumn":3,"endLine":16,"endColumn":49},"tokenRange":{"beginToken":{"kind":94,"text":"bytes"},"endToken":{"kind":98,"text":")"}},"operator":"ASSIGN","target":{"!":"com.github.javaparser.ast.expr.ArrayAccessExpr","range":{"beginLine":16,"beginColumn":3,"endLine":16,"endColumn":10},"tokenRange":{"beginToken":{"kind":94,"text":"bytes"},"endToken":{"kind":102,"text":"]"}},"index":{"!":"com.github.javaparser.ast.expr.IntegerLiteralExpr","range":{"beginLine":16,"beginColumn":9,"endLine":16,"endColumn":9},"tokenRange":{"beginToken":{"kind":77,"text":"5"},"endToken":{"kind":77,"text":"5"}},"value":"5"},"name":{"!":"com.github.javaparser.ast.expr.NameExpr","range":{"beginLine":16,"beginColumn":3,"endLine":16,"endColumn":7},"tokenRange":{"beginToken":{"kind":94,"text":"bytes"},"endToken":{"kind":94,"text":"bytes"}},"name":{"!":"com.github.javaparser.ast.expr.SimpleName","range":{"beginLine":16,"beginColumn":3,"endLine":16,"endColumn":7},"tokenRange":{"beginToken":{"kind":94,"text":"bytes"},"endToken":{"kind":94,"text":"bytes"}},"identifier":"bytes"}}},"value":{"!":"com.github.javaparser.ast.expr.CastExpr","range":{"beginLine":16,"beginColumn":14,"endLine":16,"endColumn":49},"tokenRange":{"beginToken":{"kind":97,"text":"("},"endToken":{"kind":98,"text":")"}},"expression":{"!":"com.github.javaparser.ast.expr.EnclosedExpr","range":{"beginLine":16,"beginColumn":21,"endLine":16,"endColumn":49},"tokenRange":{"beginToken":{"kind":97,"text":"("},"endToken":{"kind":98,"text":")"}},"inner":{"!":"com.github.javaparser.ast.expr.BinaryExpr","range":{"beginLine":16,"beginColumn":23,"endLine":16,"endColumn":47},"tokenRange":{"beginToken":{"kind":97,"text":"("},"endToken":{"kind":77,"text":"56"}},"left":{"!":"com.github.javaparser.ast.expr.EnclosedExpr","range":{"beginLine":16,"beginColumn":23,"endLine":16,"endColumn":41},"tokenRange":{"beginToken":{"kind":97,"text":"("},"endToken":{"kind":98,"text":")"}},"inner":{"!":"com.github.javaparser.ast.expr.BinaryExpr","range":{"beginLine":16,"beginColumn":25,"endLine":16,"endColumn":39},"tokenRange":{"beginToken":{"kind":94,"text":"longValue"},"endToken":{"kind":77,"text":"40"}},"left":{"!":"com.github.javaparser.ast.expr.NameExpr","range":{"beginLine":16,"beginColumn":25,"endLine":16,"endColumn":33},"tokenRange":{"beginToken":{"kind":94,"text":"longValue"},"endToken":{"kind":94,"text":"longValue"}},"name":{"!":"com.github.javaparser.ast.expr.SimpleName","range":{"beginLine":16,"beginColumn":25,"endLine":16,"endColumn":33},"tokenRange":{"beginToken":{"kind":94,"text":"longValue"},"endToken":{"kind":94,"text":"longValue"}},"identifier":"longValue"}},"operator":"LEFT_SHIFT","right":{"!":"com.github.javaparser.ast.expr.IntegerLiteralExpr","range":{"beginLine":16,"beginColumn":38,"endLine":16,"endColumn":39},"tokenRange":{"beginToken":{"kind":77,"text":"40"},"endToken":{"kind":77,"text":"40"}},"value":"40"}}},"operator":"SIGNED_RIGHT_SHIFT","right":{"!":"com.github.javaparser.ast.expr.IntegerLiteralExpr","range":{"beginLine":16,"beginColumn":46,"endLine":16,"endColumn":47},"tokenRange":{"beginToken":{"kind":77,"text":"56"},"endToken":{"kind":77,"text":"56"}},"value":"56"}}},"type":{"!":"com.github.javaparser.ast.type.PrimitiveType","range":{"beginLine":16,"beginColumn":15,"endLine":16,"endColumn":18},"tokenRange":{"beginToken":{"kind":15,"text":"byte"},"endToken":{"kind":15,"text":"byte"}},"type":"BYTE","annotations":[]}}}},{"!":"com.github.javaparser.ast.stmt.ExpressionStmt","range":{"beginLine":17,"beginColumn":3,"endLine":17,"endColumn":50},"tokenRange":{"beginToken":{"kind":94,"text":"bytes"},"endToken":{"kind":103,"text":";"}},"expression":{"!":"com.github.javaparser.ast.expr.AssignExpr","range":{"beginLine":17,"beginColumn":3,"endLine":17,"endColumn":49},"tokenRange":{"beginToken":{"kind":94,"text":"bytes"},"endToken":{"kind":98,"text":")"}},"operator":"ASSIGN","target":{"!":"com.github.javaparser.ast.expr.ArrayAccessExpr","range":{"beginLine":17,"beginColumn":3,"endLine":17,"endColumn":10},"tokenRange":{"beginToken":{"kind":94,"text":"bytes"},"endToken":{"kind":102,"text":"]"}},"index":{"!":"com.github.javaparser.ast.expr.IntegerLiteralExpr","range":{"beginLine":17,"beginColumn":9,"endLine":17,"endColumn":9},"tokenRange":{"beginToken":{"kind":77,"text":"6"},"endToken":{"kind":77,"text":"6"}},"value":"6"},"name":{"!":"com.github.javaparser.ast.expr.NameExpr","range":{"beginLine":17,"beginColumn":3,"endLine":17,"endColumn":7},"tokenRange":{"beginToken":{"kind":94,"text":"bytes"},"endToken":{"kind":94,"text":"bytes"}},"name":{"!":"com.github.javaparser.ast.expr.SimpleName","range":{"beginLine":17,"beginColumn":3,"endLine":17,"endColumn":7},"tokenRange":{"beginToken":{"kind":94,"text":"bytes"},"endToken":{"kind":94,"text":"bytes"}},"identifier":"bytes"}}},"value":{"!":"com.github.javaparser.ast.expr.CastExpr","range":{"beginLine":17,"beginColumn":14,"endLine":17,"endColumn":49},"tokenRange":{"beginToken":{"kind":97,"text":"("},"endToken":{"kind":98,"text":")"}},"expression":{"!":"com.github.javaparser.ast.expr.EnclosedExpr","range":{"beginLine":17,"beginColumn":21,"endLine":17,"endColumn":49},"tokenRange":{"beginToken":{"kind":97,"text":"("},"endToken":{"kind":98,"text":")"}},"inner":{"!":"com.github.javaparser.ast.expr.BinaryExpr","range":{"beginLine":17,"beginColumn":23,"endLine":17,"endColumn":47},"tokenRange":{"beginToken":{"kind":97,"text":"("},"endToken":{"kind":77,"text":"56"}},"left":{"!":"com.github.javaparser.ast.expr.EnclosedExpr","range":{"beginLine":17,"beginColumn":23,"endLine":17,"endColumn":41},"tokenRange":{"beginToken":{"kind":97,"text":"("},"endToken":{"kind":98,"text":")"}},"inner":{"!":"com.github.javaparser.ast.expr.BinaryExpr","range":{"beginLine":17,"beginColumn":25,"endLine":17,"endColumn":39},"tokenRange":{"beginToken":{"kind":94,"text":"longValue"},"endToken":{"kind":77,"text":"48"}},"left":{"!":"com.github.javaparser.ast.expr.NameExpr","range":{"beginLine":17,"beginColumn":25,"endLine":17,"endColumn":33},"tokenRange":{"beginToken":{"kind":94,"text":"longValue"},"endToken":{"kind":94,"text":"longValue"}},"name":{"!":"com.github.javaparser.ast.expr.SimpleName","range":{"beginLine":17,"beginColumn":25,"endLine":17,"endColumn":33},"tokenRange":{"beginToken":{"kind":94,"text":"longValue"},"endToken":{"kind":94,"text":"longValue"}},"identifier":"longValue"}},"operator":"LEFT_SHIFT","right":{"!":"com.github.javaparser.ast.expr.IntegerLiteralExpr","range":{"beginLine":17,"beginColumn":38,"endLine":17,"endColumn":39},"tokenRange":{"beginToken":{"kind":77,"text":"48"},"endToken":{"kind":77,"text":"48"}},"value":"48"}}},"operator":"SIGNED_RIGHT_SHIFT","right":{"!":"com.github.javaparser.ast.expr.IntegerLiteralExpr","range":{"beginLine":17,"beginColumn":46,"endLine":17,"endColumn":47},"tokenRange":{"beginToken":{"kind":77,"text":"56"},"endToken":{"kind":77,"text":"56"}},"value":"56"}}},"type":{"!":"com.github.javaparser.ast.type.PrimitiveType","range":{"beginLine":17,"beginColumn":15,"endLine":17,"endColumn":18},"tokenRange":{"beginToken":{"kind":15,"text":"byte"},"endToken":{"kind":15,"text":"byte"}},"type":"BYTE","annotations":[]}}}},{"!":"com.github.javaparser.ast.stmt.ExpressionStmt","range":{"beginLine":18,"beginColumn":3,"endLine":18,"endColumn":50},"tokenRange":{"beginToken":{"kind":94,"text":"bytes"},"endToken":{"kind":103,"text":";"}},"expression":{"!":"com.github.javaparser.ast.expr.AssignExpr","range":{"beginLine":18,"beginColumn":3,"endLine":18,"endColumn":49},"tokenRange":{"beginToken":{"kind":94,"text":"bytes"},"endToken":{"kind":98,"text":")"}},"operator":"ASSIGN","target":{"!":"com.github.javaparser.ast.expr.ArrayAccessExpr","range":{"beginLine":18,"beginColumn":3,"endLine":18,"endColumn":10},"tokenRange":{"beginToken":{"kind":94,"text":"bytes"},"endToken":{"kind":102,"text":"]"}},"index":{"!":"com.github.javaparser.ast.expr.IntegerLiteralExpr","range":{"beginLine":18,"beginColumn":9,"endLine":18,"endColumn":9},"tokenRange":{"beginToken":{"kind":77,"text":"7"},"endToken":{"kind":77,"text":"7"}},"value":"7"},"name":{"!":"com.github.javaparser.ast.expr.NameExpr","range":{"beginLine":18,"beginColumn":3,"endLine":18,"endColumn":7},"tokenRange":{"beginToken":{"kind":94,"text":"bytes"},"endToken":{"kind":94,"text":"bytes"}},"name":{"!":"com.github.javaparser.ast.expr.SimpleName","range":{"beginLine":18,"beginColumn":3,"endLine":18,"endColumn":7},"tokenRange":{"beginToken":{"kind":94,"text":"bytes"},"endToken":{"kind":94,"text":"bytes"}},"identifier":"bytes"}}},"value":{"!":"com.github.javaparser.ast.expr.CastExpr","range":{"beginLine":18,"beginColumn":14,"endLine":18,"endColumn":49},"tokenRange":{"beginToken":{"kind":97,"text":"("},"endToken":{"kind":98,"text":")"}},"expression":{"!":"com.github.javaparser.ast.expr.EnclosedExpr","range":{"beginLine":18,"beginColumn":21,"endLine":18,"endColumn":49},"tokenRange":{"beginToken":{"kind":97,"text":"("},"endToken":{"kind":98,"text":")"}},"inner":{"!":"com.github.javaparser.ast.expr.BinaryExpr","range":{"beginLine":18,"beginColumn":23,"endLine":18,"endColumn":47},"tokenRange":{"beginToken":{"kind":97,"text":"("},"endToken":{"kind":77,"text":"56"}},"left":{"!":"com.github.javaparser.ast.expr.EnclosedExpr","range":{"beginLine":18,"beginColumn":23,"endLine":18,"endColumn":41},"tokenRange":{"beginToken":{"kind":97,"text":"("},"endToken":{"kind":98,"text":")"}},"inner":{"!":"com.github.javaparser.ast.expr.BinaryExpr","range":{"beginLine":18,"beginColumn":25,"endLine":18,"endColumn":39},"tokenRange":{"beginToken":{"kind":94,"text":"longValue"},"endToken":{"kind":77,"text":"56"}},"left":{"!":"com.github.javaparser.ast.expr.NameExpr","range":{"beginLine":18,"beginColumn":25,"endLine":18,"endColumn":33},"tokenRange":{"beginToken":{"kind":94,"text":"longValue"},"endToken":{"kind":94,"text":"longValue"}},"name":{"!":"com.github.javaparser.ast.expr.SimpleName","range":{"beginLine":18,"beginColumn":25,"endLine":18,"endColumn":33},"tokenRange":{"beginToken":{"kind":94,"text":"longValue"},"endToken":{"kind":94,"text":"longValue"}},"identifier":"longValue"}},"operator":"LEFT_SHIFT","right":{"!":"com.github.javaparser.ast.expr.IntegerLiteralExpr","range":{"beginLine":18,"beginColumn":38,"endLine":18,"endColumn":39},"tokenRange":{"beginToken":{"kind":77,"text":"56"},"endToken":{"kind":77,"text":"56"}},"value":"56"}}},"operator":"SIGNED_RIGHT_SHIFT","right":{"!":"com.github.javaparser.ast.expr.IntegerLiteralExpr","range":{"beginLine":18,"beginColumn":46,"endLine":18,"endColumn":47},"tokenRange":{"beginToken":{"kind":77,"text":"56"},"endToken":{"kind":77,"text":"56"}},"value":"56"}}},"type":{"!":"com.github.javaparser.ast.type.PrimitiveType","range":{"beginLine":18,"beginColumn":15,"endLine":18,"endColumn":18},"tokenRange":{"beginToken":{"kind":15,"text":"byte"},"endToken":{"kind":15,"text":"byte"}},"type":"BYTE","annotations":[]}}}},{"!":"com.github.javaparser.ast.stmt.ReturnStmt","range":{"beginLine":19,"beginColumn":3,"endLine":19,"endColumn":15},"tokenRange":{"beginToken":{"kind":49,"text":"return"},"endToken":{"kind":103,"text":";"}},"expression":{"!":"com.github.javaparser.ast.expr.NameExpr","range":{"beginLine":19,"beginColumn":10,"endLine":19,"endColumn":14},"tokenRange":{"beginToken":{"kind":94,"text":"bytes"},"endToken":{"kind":94,"text":"bytes"}},"name":{"!":"com.github.javaparser.ast.expr.SimpleName","range":{"beginLine":19,"beginColumn":10,"endLine":19,"endColumn":14},"tokenRange":{"beginToken":{"kind":94,"text":"bytes"},"endToken":{"kind":94,"text":"bytes"}},"identifier":"bytes"}}}]},"type":{"!":"com.github.javaparser.ast.type.ArrayType","range":{"beginLine":9,"beginColumn":16,"endLine":9,"endColumn":21},"tokenRange":{"beginToken":{"kind":15,"text":"byte"},"endToken":{"kind":102,"text":"]"}},"componentType":{"!":"com.github.javaparser.ast.type.PrimitiveType","range":{"beginLine":9,"beginColumn":16,"endLine":9,"endColumn":19},"tokenRange":{"beginToken":{"kind":15,"text":"byte"},"endToken":{"kind":15,"text":"byte"}},"type":"BYTE","annotations":[]},"origin":"TYPE","annotations":[]},"modifiers":[{"!":"com.github.javaparser.ast.Modifier","range":{"beginLine":9,"beginColumn":2,"endLine":9,"endColumn":7},"tokenRange":{"beginToken":{"kind":47,"text":"public"},"endToken":{"kind":47,"text":"public"}},"keyword":"PUBLIC"},{"!":"com.github.javaparser.ast.Modifier","range":{"beginLine":9,"beginColumn":9,"endLine":9,"endColumn":14},"tokenRange":{"beginToken":{"kind":51,"text":"static"},"endToken":{"kind":51,"text":"static"}},"keyword":"STATIC"}],"name":{"!":"com.github.javaparser.ast.expr.SimpleName","range":{"beginLine":9,"beginColumn":23,"endLine":9,"endColumn":30},"tokenRange":{"beginToken":{"kind":94,"text":"fromLong"},"endToken":{"kind":94,"text":"fromLong"}},"identifier":"fromLong"},"parameters":[{"!":"com.github.javaparser.ast.body.Parameter","range":{"beginLine":9,"beginColumn":32,"endLine":9,"endColumn":45},"tokenRange":{"beginToken":{"kind":40,"text":"long"},"endToken":{"kind":94,"text":"longValue"}},"annotations":[],"isVarArgs":"false","modifiers":[],"name":{"!":"com.github.javaparser.ast.expr.SimpleName","range":{"beginLine":9,"beginColumn":37,"endLine":9,"endColumn":45},"tokenRange":{"beginToken":{"kind":94,"text":"longValue"},"endToken":{"kind":94,"text":"longValue"}},"identifier":"longValue"},"type":{"!":"com.github.javaparser.ast.type.PrimitiveType","range":{"beginLine":9,"beginColumn":32,"endLine":9,"endColumn":35},"tokenRange":{"beginToken":{"kind":40,"text":"long"},"endToken":{"kind":40,"text":"long"}},"type":"LONG","annotations":[]},"varArgsAnnotations":[]}],"thrownExceptions":[],"typeParameters":[],"annotations":[],"comment":{"!":"com.github.javaparser.ast.comments.JavadocComment","range":{"beginLine":2,"beginColumn":2,"endLine":8,"endColumn":4},"tokenRange":{"beginToken":{"kind":8,"text":"/**\n\t * Interpret a long as its binary form\n\t *\n\t * @param longValue The long to interpret to binary\n\t *\n\t * @return The binary\n\t */"},"endToken":{"kind":8,"text":"/**\n\t * Interpret a long as its binary form\n\t *\n\t * @param longValue The long to interpret to binary\n\t *\n\t * @return The binary\n\t */"}},"content":"\n\t * Interpret a long as its binary form\n\t *\n\t * @param longValue The long to interpret to binary\n\t *\n\t * @return The binary\n\t "}}],"modifiers":[],"name":{"!":"com.github.javaparser.ast.expr.SimpleName","range":{"beginLine":1,"beginColumn":7,"endLine":1,"endColumn":10},"tokenRange":{"beginToken":{"kind":94,"text":"Test"},"endToken":{"kind":94,"text":"Test"}},"identifier":"Test"},"annotations":[]}]}