{"!":"com.github.javaparser.ast.CompilationUnit","range":{"beginLine":1,"beginColumn":1,"endLine":39,"endColumn":2},"tokenRange":{"beginToken":{"kind":19,"text":"class"},"endToken":{"kind":0,"text":""}},"imports":[],"types":[{"!":"com.github.javaparser.ast.body.ClassOrInterfaceDeclaration","range":{"beginLine":1,"beginColumn":1,"endLine":39,"endColumn":2},"tokenRange":{"beginToken":{"kind":19,"text":"class"},"endToken":{"kind":100,"text":"}"}},"extendedTypes":[],"implementedTypes":[],"isInterface":"false","typeParameters":[],"members":[{"!":"com.github.javaparser.ast.body.MethodDeclaration","range":{"beginLine":5,"beginColumn":5,"endLine":37,"endColumn":5},"tokenRange":{"beginToken":{"kind":47,"text":"public"},"endToken":{"kind":100,"text":"}"}},"body":{"!":"com.github.javaparser.ast.stmt.BlockStmt","range":{"beginLine":5,"beginColumn":39,"endLine":37,"endColumn":5},"tokenRange":{"beginToken":{"kind":99,"text":"{"},"endToken":{"kind":100,"text":"}"}},"statements":[{"!":"com.github.javaparser.ast.stmt.TryStmt","range":{"beginLine":6,"beginColumn":9,"endLine":36,"endColumn":9},"tokenRange":{"beginToken":{"kind":61,"text":"try"},"endToken":{"kind":100,"text":"}"}},"catchClauses":[{"!":"com.github.javaparser.ast.stmt.CatchClause","range":{"beginLine":34,"beginColumn":11,"endLine":36,"endColumn":9},"tokenRange":{"beginToken":{"kind":17,"text":"catch"},"endToken":{"kind":100,"text":"}"}},"body":{"!":"com.github.javaparser.ast.stmt.BlockStmt","range":{"beginLine":34,"beginColumn":33,"endLine":36,"endColumn":9},"tokenRange":{"beginToken":{"kind":99,"text":"{"},"endToken":{"kind":100,"text":"}"}},"statements":[{"!":"com.github.javaparser.ast.stmt.ExpressionStmt","range":{"beginLine":35,"beginColumn":13,"endLine":35,"endColumn":48},"tokenRange":{"beginToken":{"kind":94,"text":"LOG"},"endToken":{"kind":103,"text":";"}},"expression":{"!":"com.github.javaparser.ast.expr.MethodCallExpr","range":{"beginLine":35,"beginColumn":13,"endLine":35,"endColumn":47},"tokenRange":{"beginToken":{"kind":94,"text":"LOG"},"endToken":{"kind":98,"text":")"}},"arguments":[{"!":"com.github.javaparser.ast.expr.BinaryExpr","range":{"beginLine":35,"beginColumn":23,"endLine":35,"endColumn":46},"tokenRange":{"beginToken":{"kind":90,"text":"\"Error: \""},"endToken":{"kind":98,"text":")"}},"left":{"!":"com.github.javaparser.ast.expr.StringLiteralExpr","range":{"beginLine":35,"beginColumn":23,"endLine":35,"endColumn":31},"tokenRange":{"beginToken":{"kind":90,"text":"\"Error: \""},"endToken":{"kind":90,"text":"\"Error: \""}},"value":"Error: "},"operator":"PLUS","right":{"!":"com.github.javaparser.ast.expr.MethodCallExpr","range":{"beginLine":35,"beginColumn":35,"endLine":35,"endColumn":46},"tokenRange":{"beginToken":{"kind":94,"text":"e"},"endToken":{"kind":98,"text":")"}},"arguments":[],"name":{"!":"com.github.javaparser.ast.expr.SimpleName","range":{"beginLine":35,"beginColumn":37,"endLine":35,"endColumn":44},"tokenRange":{"beginToken":{"kind":94,"text":"toString"},"endToken":{"kind":94,"text":"toString"}},"identifier":"toString"},"scope":{"!":"com.github.javaparser.ast.expr.NameExpr","range":{"beginLine":35,"beginColumn":35,"endLine":35,"endColumn":35},"tokenRange":{"beginToken":{"kind":94,"text":"e"},"endToken":{"kind":94,"text":"e"}},"name":{"!":"com.github.javaparser.ast.expr.SimpleName","range":{"beginLine":35,"beginColumn":35,"endLine":35,"endColumn":35},"tokenRange":{"beginToken":{"kind":94,"text":"e"},"endToken":{"kind":94,"text":"e"}},"identifier":"e"}}}}],"name":{"!":"com.github.javaparser.ast.expr.SimpleName","range":{"beginLine":35,"beginColumn":17,"endLine":35,"endColumn":21},"tokenRange":{"beginToken":{"kind":94,"text":"error"},"endToken":{"kind":94,"text":"error"}},"identifier":"error"},"scope":{"!":"com.github.javaparser.ast.expr.NameExpr","range":{"beginLine":35,"beginColumn":13,"endLine":35,"endColumn":15},"tokenRange":{"beginToken":{"kind":94,"text":"LOG"},"endToken":{"kind":94,"text":"LOG"}},"name":{"!":"com.github.javaparser.ast.expr.SimpleName","range":{"beginLine":35,"beginColumn":13,"endLine":35,"endColumn":15},"tokenRange":{"beginToken":{"kind":94,"text":"LOG"},"endToken":{"kind":94,"text":"LOG"}},"identifier":"LOG"}}}}]},"parameter":{"!":"com.github.javaparser.ast.body.Parameter","range":{"beginLine":34,"beginColumn":18,"endLine":34,"endColumn":30},"tokenRange":{"beginToken":{"kind":94,"text":"IOException"},"endToken":{"kind":94,"text":"e"}},"annotations":[],"isVarArgs":"false","modifiers":[],"name":{"!":"com.github.javaparser.ast.expr.SimpleName","range":{"beginLine":34,"beginColumn":30,"endLine":34,"endColumn":30},"tokenRange":{"beginToken":{"kind":94,"text":"e"},"endToken":{"kind":94,"text":"e"}},"identifier":"e"},"type":{"!":"com.github.javaparser.ast.type.ClassOrInterfaceType","range":{"beginLine":34,"beginColumn":18,"endLine":34,"endColumn":28},"tokenRange":{"beginToken":{"kind":94,"text":"IOException"},"endToken":{"kind":94,"text":"IOException"}},"name":{"!":"com.github.javaparser.ast.expr.SimpleName","range":{"beginLine":34,"beginColumn":18,"endLine":34,"endColumn":28},"tokenRange":{"beginToken":{"kind":94,"text":"IOException"},"endToken":{"kind":94,"text":"IOException"}},"identifier":"IOException"},"annotations":[]},"varArgsAnnotations":[]}}],"resources":[],"tryBlock":{"!":"com.github.javaparser.ast.stmt.BlockStmt","range":{"beginLine":6,"beginColumn":13,"endLine":34,"endColumn":9},"tokenRange":{"beginToken":{"kind":99,"text":"{"},"endToken":{"kind":100,"text":"}"}},"statements":[{"!":"com.github.javaparser.ast.stmt.ExpressionStmt","range":{"beginLine":7,"beginColumn":13,"endLine":7,"endColumn":52},"tokenRange":{"beginToken":{"kind":94,"text":"FileReader"},"endToken":{"kind":103,"text":";"}},"expression":{"!":"com.github.javaparser.ast.expr.VariableDeclarationExpr","range":{"beginLine":7,"beginColumn":13,"endLine":7,"endColumn":51},"tokenRange":{"beginToken":{"kind":94,"text":"FileReader"},"endToken":{"kind":98,"text":")"}},"annotations":[],"modifiers":[],"variables":[{"!":"com.github.javaparser.ast.body.VariableDeclarator","range":{"beginLine":7,"beginColumn":24,"endLine":7,"endColumn":51},"tokenRange":{"beginToken":{"kind":94,"text":"f"},"endToken":{"kind":98,"text":")"}},"initializer":{"!":"com.github.javaparser.ast.expr.ObjectCreationExpr","range":{"beginLine":7,"beginColumn":28,"endLine":7,"endColumn":51},"tokenRange":{"beginToken":{"kind":42,"text":"new"},"endToken":{"kind":98,"text":")"}},"arguments":[{"!":"com.github.javaparser.ast.expr.NameExpr","range":{"beginLine":7,"beginColumn":43,"endLine":7,"endColumn":50},"tokenRange":{"beginToken":{"kind":94,"text":"filename"},"endToken":{"kind":94,"text":"filename"}},"name":{"!":"com.github.javaparser.ast.expr.SimpleName","range":{"beginLine":7,"beginColumn":43,"endLine":7,"endColumn":50},"tokenRange":{"beginToken":{"kind":94,"text":"filename"},"endToken":{"kind":94,"text":"filename"}},"identifier":"filename"}}],"type":{"!":"com.github.javaparser.ast.type.ClassOrInterfaceType","range":{"beginLine":7,"beginColumn":32,"endLine":7,"endColumn":41},"tokenRange":{"beginToken":{"kind":94,"text":"FileReader"},"endToken":{"kind":94,"text":"FileReader"}},"name":{"!":"com.github.javaparser.ast.expr.SimpleName","range":{"beginLine":7,"beginColumn":32,"endLine":7,"endColumn":41},"tokenRange":{"beginToken":{"kind":94,"text":"FileReader"},"endToken":{"kind":94,"text":"FileReader"}},"identifier":"FileReader"},"annotations":[]}},"name":{"!":"com.github.javaparser.ast.expr.SimpleName","range":{"beginLine":7,"beginColumn":24,"endLine":7,"endColumn":24},"tokenRange":{"beginToken":{"kind":94,"text":"f"},"endToken":{"kind":94,"text":"f"}},"identifier":"f"},"type":{"!":"com.github.javaparser.ast.type.ClassOrInterfaceType","range":{"beginLine":7,"beginColumn":13,"endLine":7,"endColumn":22},"tokenRange":{"beginToken":{"kind":94,"text":"FileReader"},"endToken":{"kind":94,"text":"FileReader"}},"name":{"!":"com.github.javaparser.ast.expr.SimpleName","range":{"beginLine":7,"beginColumn":13,"endLine":7,"endColumn":22},"tokenRange":{"beginToken":{"kind":94,"text":"FileReader"},"endToken":{"kind":94,"text":"FileReader"}},"identifier":"FileReader"},"annotations":[]}}]}},{"!":"com.github.javaparser.ast.stmt.ExpressionStmt","range":{"beginLine":8,"beginColumn":13,"endLine":8,"endColumn":54},"tokenRange":{"beginToken":{"kind":94,"text":"BufferedReader"},"endToken":{"kind":103,"text":";"}},"expression":{"!":"com.github.javaparser.ast.expr.VariableDeclarationExpr","range":{"beginLine":8,"beginColumn":13,"endLine":8,"endColumn":53},"tokenRange":{"beginToken":{"kind":94,"text":"BufferedReader"},"endToken":{"kind":98,"text":")"}},"annotations":[],"modifiers":[],"variables":[{"!":"com.github.javaparser.ast.body.VariableDeclarator","range":{"beginLine":8,"beginColumn":28,"endLine":8,"endColumn":53},"tokenRange":{"beginToken":{"kind":94,"text":"fr"},"endToken":{"kind":98,"text":")"}},"initializer":{"!":"com.github.javaparser.ast.expr.ObjectCreationExpr","range":{"beginLine":8,"beginColumn":33,"endLine":8,"endColumn":53},"tokenRange":{"beginToken":{"kind":42,"text":"new"},"endToken":{"kind":98,"text":")"}},"arguments":[{"!":"com.github.javaparser.ast.expr.NameExpr","range":{"beginLine":8,"beginColumn":52,"endLine":8,"endColumn":52},"tokenRange":{"beginToken":{"kind":94,"text":"f"},"endToken":{"kind":94,"text":"f"}},"name":{"!":"com.github.javaparser.ast.expr.SimpleName","range":{"beginLine":8,"beginColumn":52,"endLine":8,"endColumn":52},"tokenRange":{"beginToken":{"kind":94,"text":"f"},"endToken":{"kind":94,"text":"f"}},"identifier":"f"}}],"type":{"!":"com.github.javaparser.ast.type.ClassOrInterfaceType","range":{"beginLine":8,"beginColumn":37,"endLine":8,"endColumn":50},"tokenRange":{"beginToken":{"kind":94,"text":"BufferedReader"},"endToken":{"kind":94,"text":"BufferedReader"}},"name":{"!":"com.github.javaparser.ast.expr.SimpleName","range":{"beginLine":8,"beginColumn":37,"endLine":8,"endColumn":50},"tokenRange":{"beginToken":{"kind":94,"text":"BufferedReader"},"endToken":{"kind":94,"text":"BufferedReader"}},"identifier":"BufferedReader"},"annotations":[]}},"name":{"!":"com.github.javaparser.ast.expr.SimpleName","range":{"beginLine":8,"beginColumn":28,"endLine":8,"endColumn":29},"tokenRange":{"beginToken":{"kind":94,"text":"fr"},"endToken":{"kind":94,"text":"fr"}},"identifier":"fr"},"type":{"!":"com.github.javaparser.ast.type.ClassOrInterfaceType","range":{"beginLine":8,"beginColumn":13,"endLine":8,"endColumn":26},"tokenRange":{"beginToken":{"kind":94,"text":"BufferedReader"},"endToken":{"kind":94,"text":"BufferedReader"}},"name":{"!":"com.github.javaparser.ast.expr.SimpleName","range":{"beginLine":8,"beginColumn":13,"endLine":8,"endColumn":26},"tokenRange":{"beginToken":{"kind":94,"text":"BufferedReader"},"endToken":{"kind":94,"text":"BufferedReader"}},"identifier":"BufferedReader"},"annotations":[]}}]}},{"!":"com.github.javaparser.ast.stmt.ExpressionStmt","range":{"beginLine":10,"beginColumn":13,"endLine":10,"endColumn":29},"tokenRange":{"beginToken":{"kind":94,"text":"String"},"endToken":{"kind":103,"text":";"}},"expression":{"!":"com.github.javaparser.ast.expr.VariableDeclarationExpr","range":{"beginLine":10,"beginColumn":13,"endLine":10,"endColumn":28},"tokenRange":{"beginToken":{"kind":94,"text":"String"},"endToken":{"kind":90,"text":"\"\""}},"annotations":[],"modifiers":[],"variables":[{"!":"com.github.javaparser.ast.body.VariableDeclarator","range":{"beginLine":10,"beginColumn":20,"endLine":10,"endColumn":28},"tokenRange":{"beginToken":{"kind":94,"text":"line"},"endToken":{"kind":90,"text":"\"\""}},"initializer":{"!":"com.github.javaparser.ast.expr.StringLiteralExpr","range":{"beginLine":10,"beginColumn":27,"endLine":10,"endColumn":28},"tokenRange":{"beginToken":{"kind":90,"text":"\"\""},"endToken":{"kind":90,"text":"\"\""}},"value":""},"name":{"!":"com.github.javaparser.ast.expr.SimpleName","range":{"beginLine":10,"beginColumn":20,"endLine":10,"endColumn":23},"tokenRange":{"beginToken":{"kind":94,"text":"line"},"endToken":{"kind":94,"text":"line"}},"identifier":"line"},"type":{"!":"com.github.javaparser.ast.type.ClassOrInterfaceType","range":{"beginLine":10,"beginColumn":13,"endLine":10,"endColumn":18},"tokenRange":{"beginToken":{"kind":94,"text":"String"},"endToken":{"kind":94,"text":"String"}},"name":{"!":"com.github.javaparser.ast.expr.SimpleName","range":{"beginLine":10,"beginColumn":13,"endLine":10,"endColumn":18},"tokenRange":{"beginToken":{"kind":94,"text":"String"},"endToken":{"kind":94,"text":"String"}},"identifier":"String"},"annotations":[]}}]}},{"!":"com.github.javaparser.ast.stmt.ExpressionStmt","range":{"beginLine":11,"beginColumn":13,"endLine":11,"endColumn":32},"tokenRange":{"beginToken":{"kind":94,"text":"String"},"endToken":{"kind":103,"text":";"}},"expression":{"!":"com.github.javaparser.ast.expr.VariableDeclarationExpr","range":{"beginLine":11,"beginColumn":13,"endLine":11,"endColumn":31},"tokenRange":{"beginToken":{"kind":94,"text":"String"},"endToken":{"kind":90,"text":"\"\""}},"annotations":[],"modifiers":[],"variables":[{"!":"com.github.javaparser.ast.body.VariableDeclarator","range":{"beginLine":11,"beginColumn":20,"endLine":11,"endColumn":31},"tokenRange":{"beginToken":{"kind":94,"text":"content"},"endToken":{"kind":90,"text":"\"\""}},"initializer":{"!":"com.github.javaparser.ast.expr.StringLiteralExpr","range":{"beginLine":11,"beginColumn":30,"endLine":11,"endColumn":31},"tokenRange":{"beginToken":{"kind":90,"text":"\"\""},"endToken":{"kind":90,"text":"\"\""}},"value":""},"name":{"!":"com.github.javaparser.ast.expr.SimpleName","range":{"beginLine":11,"beginColumn":20,"endLine":11,"endColumn":26},"tokenRange":{"beginToken":{"kind":94,"text":"content"},"endToken":{"kind":94,"text":"content"}},"identifier":"content"},"type":{"!":"com.github.javaparser.ast.type.ClassOrInterfaceType","range":{"beginLine":11,"beginColumn":13,"endLine":11,"endColumn":18},"tokenRange":{"beginToken":{"kind":94,"text":"String"},"endToken":{"kind":94,"text":"String"}},"name":{"!":"com.github.javaparser.ast.expr.SimpleName","range":{"beginLine":11,"beginColumn":13,"endLine":11,"endColumn":18},"tokenRange":{"beginToken":{"kind":94,"text":"String"},"endToken":{"kind":94,"text":"String"}},"identifier":"String"},"annotations":[]}}]}},{"!":"com.github.javaparser.ast.stmt.ExpressionStmt","range":{"beginLine":12,"beginColumn":13,"endLine":12,"endColumn":38},"tokenRange":{"beginToken":{"kind":13,"text":"boolean"},"endToken":{"kind":103,"text":";"}},"expression":{"!":"com.github.javaparser.ast.expr.VariableDeclarationExpr","range":{"beginLine":12,"beginColumn":13,"endLine":12,"endColumn":37},"tokenRange":{"beginToken":{"kind":13,"text":"boolean"},"endToken":{"kind":28,"text":"false"}},"annotations":[],"modifiers":[],"variables":[{"!":"com.github.javaparser.ast.body.VariableDeclarator","range":{"beginLine":12,"beginColumn":21,"endLine":12,"endColumn":37},"tokenRange":{"beginToken":{"kind":94,"text":"inSection"},"endToken":{"kind":28,"text":"false"}},"initializer":{"!":"com.github.javaparser.ast.expr.BooleanLiteralExpr","range":{"beginLine":12,"beginColumn":33,"endLine":12,"endColumn":37},"tokenRange":{"beginToken":{"kind":28,"text":"false"},"endToken":{"kind":28,"text":"false"}},"value":"false"},"name":{"!":"com.github.javaparser.ast.expr.SimpleName","range":{"beginLine":12,"beginColumn":21,"endLine":12,"endColumn":29},"tokenRange":{"beginToken":{"kind":94,"text":"inSection"},"endToken":{"kind":94,"text":"inSection"}},"identifier":"inSection"},"type":{"!":"com.github.javaparser.ast.type.PrimitiveType","range":{"beginLine":12,"beginColumn":13,"endLine":12,"endColumn":19},"tokenRange":{"beginToken":{"kind":13,"text":"boolean"},"endToken":{"kind":13,"text":"boolean"}},"type":"BOOLEAN","annotations":[]}}]}},{"!":"com.github.javaparser.ast.stmt.WhileStmt","range":{"beginLine":13,"beginColumn":13,"endLine":32,"endColumn":13},"tokenRange":{"beginToken":{"kind":64,"text":"while"},"endToken":{"kind":100,"text":"}"}},"body":{"!":"com.github.javaparser.ast.stmt.BlockStmt","range":{"beginLine":13,"beginColumn":34,"endLine":32,"endColumn":13},"tokenRange":{"beginToken":{"kind":99,"text":"{"},"endToken":{"kind":100,"text":"}"}},"statements":[{"!":"com.github.javaparser.ast.stmt.ExpressionStmt","range":{"beginLine":14,"beginColumn":17,"endLine":14,"endColumn":37},"tokenRange":{"beginToken":{"kind":94,"text":"line"},"endToken":{"kind":103,"text":";"}},"expression":{"!":"com.github.javaparser.ast.expr.AssignExpr","range":{"beginLine":14,"beginColumn":17,"endLine":14,"endColumn":36},"tokenRange":{"beginToken":{"kind":94,"text":"line"},"endToken":{"kind":98,"text":")"}},"operator":"ASSIGN","target":{"!":"com.github.javaparser.ast.expr.NameExpr","range":{"beginLine":14,"beginColumn":17,"endLine":14,"endColumn":20},"tokenRange":{"beginToken":{"kind":94,"text":"line"},"endToken":{"kind":94,"text":"line"}},"name":{"!":"com.github.javaparser.ast.expr.SimpleName","range":{"beginLine":14,"beginColumn":17,"endLine":14,"endColumn":20},"tokenRange":{"beginToken":{"kind":94,"text":"line"},"endToken":{"kind":94,"text":"line"}},"identifier":"line"}},"value":{"!":"com.github.javaparser.ast.expr.MethodCallExpr","range":{"beginLine":14,"beginColumn":24,"endLine":14,"endColumn":36},"tokenRange":{"beginToken":{"kind":94,"text":"fr"},"endToken":{"kind":98,"text":")"}},"arguments":[],"name":{"!":"com.github.javaparser.ast.expr.SimpleName","range":{"beginLine":14,"beginColumn":27,"endLine":14,"endColumn":34},"tokenRange":{"beginToken":{"kind":94,"text":"readLine"},"endToken":{"kind":94,"text":"readLine"}},"identifier":"readLine"},"scope":{"!":"com.github.javaparser.ast.expr.NameExpr","range":{"beginLine":14,"beginColumn":24,"endLine":14,"endColumn":25},"tokenRange":{"beginToken":{"kind":94,"text":"fr"},"endToken":{"kind":94,"text":"fr"}},"name":{"!":"com.github.javaparser.ast.expr.SimpleName","range":{"beginLine":14,"beginColumn":24,"endLine":14,"endColumn":25},"tokenRange":{"beginToken":{"kind":94,"text":"fr"},"endToken":{"kind":94,"text":"fr"}},"identifier":"fr"}}}}},{"!":"com.github.javaparser.ast.stmt.IfStmt","range":{"beginLine":15,"beginColumn":17,"endLine":31,"endColumn":17},"tokenRange":{"beginToken":{"kind":34,"text":"if"},"endToken":{"kind":100,"text":"}"}},"condition":{"!":"com.github.javaparser.ast.expr.BinaryExpr","range":{"beginLine":15,"beginColumn":21,"endLine":15,"endColumn":32},"tokenRange":{"beginToken":{"kind":94,"text":"line"},"endToken":{"kind":43,"text":"null"}},"left":{"!":"com.github.javaparser.ast.expr.NameExpr","range":{"beginLine":15,"beginColumn":21,"endLine":15,"endColumn":24},"tokenRange":{"beginToken":{"kind":94,"text":"line"},"endToken":{"kind":94,"text":"line"}},"name":{"!":"com.github.javaparser.ast.expr.SimpleName","range":{"beginLine":15,"beginColumn":21,"endLine":15,"endColumn":24},"tokenRange":{"beginToken":{"kind":94,"text":"line"},"endToken":{"kind":94,"text":"line"}},"identifier":"line"}},"operator":"NOT_EQUALS","right":{"!":"com.github.javaparser.ast.expr.NullLiteralExpr","range":{"beginLine":15,"beginColumn":29,"endLine":15,"endColumn":32},"tokenRange":{"beginToken":{"kind":43,"text":"null"},"endToken":{"kind":43,"text":"null"}}}},"thenStmt":{"!":"com.github.javaparser.ast.stmt.BlockStmt","range":{"beginLine":15,"beginColumn":35,"endLine":31,"endColumn":17},"tokenRange":{"beginToken":{"kind":99,"text":"{"},"endToken":{"kind":100,"text":"}"}},"statements":[{"!":"com.github.javaparser.ast.stmt.IfStmt","range":{"beginLine":16,"beginColumn":21,"endLine":30,"endColumn":21},"tokenRange":{"beginToken":{"kind":34,"text":"if"},"endToken":{"kind":100,"text":"}"}},"condition":{"!":"com.github.javaparser.ast.expr.NameExpr","range":{"beginLine":16,"beginColumn":25,"endLine":16,"endColumn":33},"tokenRange":{"beginToken":{"kind":94,"text":"inSection"},"endToken":{"kind":94,"text":"inSection"}},"name":{"!":"com.github.javaparser.ast.expr.SimpleName","range":{"beginLine":16,"beginColumn":25,"endLine":16,"endColumn":33},"tokenRange":{"beginToken":{"kind":94,"text":"inSection"},"endToken":{"kind":94,"text":"inSection"}},"identifier":"inSection"}},"elseStmt":{"!":"com.github.javaparser.ast.stmt.BlockStmt","range":{"beginLine":25,"beginColumn":28,"endLine":30,"endColumn":21},"tokenRange":{"beginToken":{"kind":99,"text":"{"},"endToken":{"kind":100,"text":"}"}},"statements":[{"!":"com.github.javaparser.ast.stmt.ExpressionStmt","range":{"beginLine":26,"beginColumn":25,"endLine":26,"endColumn":59},"tokenRange":{"beginToken":{"kind":94,"text":"String"},"endToken":{"kind":103,"text":";"}},"expression":{"!":"com.github.javaparser.ast.expr.VariableDeclarationExpr","range":{"beginLine":26,"beginColumn":25,"endLine":26,"endColumn":58},"tokenRange":{"beginToken":{"kind":94,"text":"String"},"endToken":{"kind":98,"text":")"}},"annotations":[],"modifiers":[],"variables":[{"!":"com.github.javaparser.ast.body.VariableDeclarator","range":{"beginLine":26,"beginColumn":32,"endLine":26,"endColumn":58},"tokenRange":{"beginToken":{"kind":94,"text":"sectionId"},"endToken":{"kind":98,"text":")"}},"initializer":{"!":"com.github.javaparser.ast.expr.MethodCallExpr","range":{"beginLine":26,"beginColumn":44,"endLine":26,"endColumn":58},"tokenRange":{"beginToken":{"kind":94,"text":"getSectId"},"endToken":{"kind":98,"text":")"}},"arguments":[{"!":"com.github.javaparser.ast.expr.NameExpr","range":{"beginLine":26,"beginColumn":54,"endLine":26,"endColumn":57},"tokenRange":{"beginToken":{"kind":94,"text":"line"},"endToken":{"kind":94,"text":"line"}},"name":{"!":"com.github.javaparser.ast.expr.SimpleName","range":{"beginLine":26,"beginColumn":54,"endLine":26,"endColumn":57},"tokenRange":{"beginToken":{"kind":94,"text":"line"},"endToken":{"kind":94,"text":"line"}},"identifier":"line"}}],"name":{"!":"com.github.javaparser.ast.expr.SimpleName","range":{"beginLine":26,"beginColumn":44,"endLine":26,"endColumn":52},"tokenRange":{"beginToken":{"kind":94,"text":"getSectId"},"endToken":{"kind":94,"text":"getSectId"}},"identifier":"getSectId"}},"name":{"!":"com.github.javaparser.ast.expr.SimpleName","range":{"beginLine":26,"beginColumn":32,"endLine":26,"endColumn":40},"tokenRange":{"beginToken":{"kind":94,"text":"sectionId"},"endToken":{"kind":94,"text":"sectionId"}},"identifier":"sectionId"},"type":{"!":"com.github.javaparser.ast.type.ClassOrInterfaceType","range":{"beginLine":26,"beginColumn":25,"endLine":26,"endColumn":30},"tokenRange":{"beginToken":{"kind":94,"text":"String"},"endToken":{"kind":94,"text":"String"}},"name":{"!":"com.github.javaparser.ast.expr.SimpleName","range":{"beginLine":26,"beginColumn":25,"endLine":26,"endColumn":30},"tokenRange":{"beginToken":{"kind":94,"text":"String"},"endToken":{"kind":94,"text":"String"}},"identifier":"String"},"annotations":[]}}]}},{"!":"com.github.javaparser.ast.stmt.IfStmt","range":{"beginLine":27,"beginColumn":25,"endLine":29,"endColumn":25},"tokenRange":{"beginToken":{"kind":34,"text":"if"},"endToken":{"kind":100,"text":"}"}},"condition":{"!":"com.github.javaparser.ast.expr.BinaryExpr","range":{"beginLine":27,"beginColumn":29,"endLine":27,"endColumn":45},"tokenRange":{"beginToken":{"kind":94,"text":"sectionId"},"endToken":{"kind":43,"text":"null"}},"left":{"!":"com.github.javaparser.ast.expr.NameExpr","range":{"beginLine":27,"beginColumn":29,"endLine":27,"endColumn":37},"tokenRange":{"beginToken":{"kind":94,"text":"sectionId"},"endToken":{"kind":94,"text":"sectionId"}},"name":{"!":"com.github.javaparser.ast.expr.SimpleName","range":{"beginLine":27,"beginColumn":29,"endLine":27,"endColumn":37},"tokenRange":{"beginToken":{"kind":94,"text":"sectionId"},"endToken":{"kind":94,"text":"sectionId"}},"identifier":"sectionId"}},"operator":"NOT_EQUALS","right":{"!":"com.github.javaparser.ast.expr.NullLiteralExpr","range":{"beginLine":27,"beginColumn":42,"endLine":27,"endColumn":45},"tokenRange":{"beginToken":{"kind":43,"text":"null"},"endToken":{"kind":43,"text":"null"}}}},"thenStmt":{"!":"com.github.javaparser.ast.stmt.BlockStmt","range":{"beginLine":27,"beginColumn":48,"endLine":29,"endColumn":25},"tokenRange":{"beginToken":{"kind":99,"text":"{"},"endToken":{"kind":100,"text":"}"}},"statements":[{"!":"com.github.javaparser.ast.stmt.ExpressionStmt","range":{"beginLine":28,"beginColumn":29,"endLine":28,"endColumn":45},"tokenRange":{"beginToken":{"kind":94,"text":"inSection"},"endToken":{"kind":103,"text":";"}},"expression":{"!":"com.github.javaparser.ast.expr.AssignExpr","range":{"beginLine":28,"beginColumn":29,"endLine":28,"endColumn":44},"tokenRange":{"beginToken":{"kind":94,"text":"inSection"},"endToken":{"kind":60,"text":"true"}},"operator":"ASSIGN","target":{"!":"com.github.javaparser.ast.expr.NameExpr","range":{"beginLine":28,"beginColumn":29,"endLine":28,"endColumn":37},"tokenRange":{"beginToken":{"kind":94,"text":"inSection"},"endToken":{"kind":94,"text":"inSection"}},"name":{"!":"com.github.javaparser.ast.expr.SimpleName","range":{"beginLine":28,"beginColumn":29,"endLine":28,"endColumn":37},"tokenRange":{"beginToken":{"kind":94,"text":"inSection"},"endToken":{"kind":94,"text":"inSection"}},"identifier":"inSection"}},"value":{"!":"com.github.javaparser.ast.expr.BooleanLiteralExpr","range":{"beginLine":28,"beginColumn":41,"endLine":28,"endColumn":44},"tokenRange":{"beginToken":{"kind":60,"text":"true"},"endToken":{"kind":60,"text":"true"}},"value":"true"}}}]}}]},"thenStmt":{"!":"com.github.javaparser.ast.stmt.BlockStmt","range":{"beginLine":16,"beginColumn":36,"endLine":25,"endColumn":21},"tokenRange":{"beginToken":{"kind":99,"text":"{"},"endToken":{"kind":100,"text":"}"}},"statements":[{"!":"com.github.javaparser.ast.stmt.ExpressionStmt","range":{"beginLine":17,"beginColumn":25,"endLine":17,"endColumn":59},"tokenRange":{"beginToken":{"kind":94,"text":"String"},"endToken":{"kind":103,"text":";"}},"expression":{"!":"com.github.javaparser.ast.expr.VariableDeclarationExpr","range":{"beginLine":17,"beginColumn":25,"endLine":17,"endColumn":58},"tokenRange":{"beginToken":{"kind":94,"text":"String"},"endToken":{"kind":98,"text":")"}},"annotations":[],"modifiers":[],"variables":[{"!":"com.github.javaparser.ast.body.VariableDeclarator","range":{"beginLine":17,"beginColumn":32,"endLine":17,"endColumn":58},"tokenRange":{"beginToken":{"kind":94,"text":"sectionId"},"endToken":{"kind":98,"text":")"}},"initializer":{"!":"com.github.javaparser.ast.expr.MethodCallExpr","range":{"beginLine":17,"beginColumn":44,"endLine":17,"endColumn":58},"tokenRange":{"beginToken":{"kind":94,"text":"getSectId"},"endToken":{"kind":98,"text":")"}},"arguments":[{"!":"com.github.javaparser.ast.expr.NameExpr","range":{"beginLine":17,"beginColumn":54,"endLine":17,"endColumn":57},"tokenRange":{"beginToken":{"kind":94,"text":"line"},"endToken":{"kind":94,"text":"line"}},"name":{"!":"com.github.javaparser.ast.expr.SimpleName","range":{"beginLine":17,"beginColumn":54,"endLine":17,"endColumn":57},"tokenRange":{"beginToken":{"kind":94,"text":"line"},"endToken":{"kind":94,"text":"line"}},"identifier":"line"}}],"name":{"!":"com.github.javaparser.ast.expr.SimpleName","range":{"beginLine":17,"beginColumn":44,"endLine":17,"endColumn":52},"tokenRange":{"beginToken":{"kind":94,"text":"getSectId"},"endToken":{"kind":94,"text":"getSectId"}},"identifier":"getSectId"}},"name":{"!":"com.github.javaparser.ast.expr.SimpleName","range":{"beginLine":17,"beginColumn":32,"endLine":17,"endColumn":40},"tokenRange":{"beginToken":{"kind":94,"text":"sectionId"},"endToken":{"kind":94,"text":"sectionId"}},"identifier":"sectionId"},"type":{"!":"com.github.javaparser.ast.type.ClassOrInterfaceType","range":{"beginLine":17,"beginColumn":25,"endLine":17,"endColumn":30},"tokenRange":{"beginToken":{"kind":94,"text":"String"},"endToken":{"kind":94,"text":"String"}},"name":{"!":"com.github.javaparser.ast.expr.SimpleName","range":{"beginLine":17,"beginColumn":25,"endLine":17,"endColumn":30},"tokenRange":{"beginToken":{"kind":94,"text":"String"},"endToken":{"kind":94,"text":"String"}},"identifier":"String"},"annotations":[]}}]}},{"!":"com.github.javaparser.ast.stmt.IfStmt","range":{"beginLine":18,"beginColumn":25,"endLine":24,"endColumn":25},"tokenRange":{"beginToken":{"kind":34,"text":"if"},"endToken":{"kind":100,"text":"}"}},"condition":{"!":"com.github.javaparser.ast.expr.BinaryExpr","range":{"beginLine":18,"beginColumn":29,"endLine":18,"endColumn":45},"tokenRange":{"beginToken":{"kind":94,"text":"sectionId"},"endToken":{"kind":43,"text":"null"}},"left":{"!":"com.github.javaparser.ast.expr.NameExpr","range":{"beginLine":18,"beginColumn":29,"endLine":18,"endColumn":37},"tokenRange":{"beginToken":{"kind":94,"text":"sectionId"},"endToken":{"kind":94,"text":"sectionId"}},"name":{"!":"com.github.javaparser.ast.expr.SimpleName","range":{"beginLine":18,"beginColumn":29,"endLine":18,"endColumn":37},"tokenRange":{"beginToken":{"kind":94,"text":"sectionId"},"endToken":{"kind":94,"text":"sectionId"}},"identifier":"sectionId"}},"operator":"NOT_EQUALS","right":{"!":"com.github.javaparser.ast.expr.NullLiteralExpr","range":{"beginLine":18,"beginColumn":42,"endLine":18,"endColumn":45},"tokenRange":{"beginToken":{"kind":43,"text":"null"},"endToken":{"kind":43,"text":"null"}}}},"elseStmt":{"!":"com.github.javaparser.ast.stmt.BlockStmt","range":{"beginLine":22,"beginColumn":32,"endLine":24,"endColumn":25},"tokenRange":{"beginToken":{"kind":99,"text":"{"},"endToken":{"kind":100,"text":"}"}},"statements":[{"!":"com.github.javaparser.ast.stmt.ExpressionStmt","range":{"beginLine":23,"beginColumn":29,"endLine":23,"endColumn":61},"tokenRange":{"beginToken":{"kind":94,"text":"content"},"endToken":{"kind":103,"text":";"}},"expression":{"!":"com.github.javaparser.ast.expr.AssignExpr","range":{"beginLine":23,"beginColumn":29,"endLine":23,"endColumn":60},"tokenRange":{"beginToken":{"kind":94,"text":"content"},"endToken":{"kind":94,"text":"LINE_SEPARATOR"}},"operator":"PLUS","target":{"!":"com.github.javaparser.ast.expr.NameExpr","range":{"beginLine":23,"beginColumn":29,"endLine":23,"endColumn":35},"tokenRange":{"beginToken":{"kind":94,"text":"content"},"endToken":{"kind":94,"text":"content"}},"name":{"!":"com.github.javaparser.ast.expr.SimpleName","range":{"beginLine":23,"beginColumn":29,"endLine":23,"endColumn":35},"tokenRange":{"beginToken":{"kind":94,"text":"content"},"endToken":{"kind":94,"text":"content"}},"identifier":"content"}},"value":{"!":"com.github.javaparser.ast.expr.BinaryExpr","range":{"beginLine":23,"beginColumn":40,"endLine":23,"endColumn":60},"tokenRange":{"beginToken":{"kind":94,"text":"line"},"endToken":{"kind":94,"text":"LINE_SEPARATOR"}},"left":{"!":"com.github.javaparser.ast.expr.NameExpr","range":{"beginLine":23,"beginColumn":40,"endLine":23,"endColumn":43},"tokenRange":{"beginToken":{"kind":94,"text":"line"},"endToken":{"kind":94,"text":"line"}},"name":{"!":"com.github.javaparser.ast.expr.SimpleName","range":{"beginLine":23,"beginColumn":40,"endLine":23,"endColumn":43},"tokenRange":{"beginToken":{"kind":94,"text":"line"},"endToken":{"kind":94,"text":"line"}},"identifier":"line"}},"operator":"PLUS","right":{"!":"com.github.javaparser.ast.expr.NameExpr","range":{"beginLine":23,"beginColumn":47,"endLine":23,"endColumn":60},"tokenRange":{"beginToken":{"kind":94,"text":"LINE_SEPARATOR"},"endToken":{"kind":94,"text":"LINE_SEPARATOR"}},"name":{"!":"com.github.javaparser.ast.expr.SimpleName","range":{"beginLine":23,"beginColumn":47,"endLine":23,"endColumn":60},"tokenRange":{"beginToken":{"kind":94,"text":"LINE_SEPARATOR"},"endToken":{"kind":94,"text":"LINE_SEPARATOR"}},"identifier":"LINE_SEPARATOR"}}}}}]},"thenStmt":{"!":"com.github.javaparser.ast.stmt.BlockStmt","range":{"beginLine":18,"beginColumn":48,"endLine":22,"endColumn":25},"tokenRange":{"beginToken":{"kind":99,"text":"{"},"endToken":{"kind":100,"text":"}"}},"statements":[{"!":"com.github.javaparser.ast.stmt.ExpressionStmt","range":{"beginLine":19,"beginColumn":29,"endLine":19,"endColumn":46},"tokenRange":{"beginToken":{"kind":94,"text":"inSection"},"endToken":{"kind":103,"text":";"}},"expression":{"!":"com.github.javaparser.ast.expr.AssignExpr","range":{"beginLine":19,"beginColumn":29,"endLine":19,"endColumn":45},"tokenRange":{"beginToken":{"kind":94,"text":"inSection"},"endToken":{"kind":28,"text":"false"}},"operator":"ASSIGN","target":{"!":"com.github.javaparser.ast.expr.NameExpr","range":{"beginLine":19,"beginColumn":29,"endLine":19,"endColumn":37},"tokenRange":{"beginToken":{"kind":94,"text":"inSection"},"endToken":{"kind":94,"text":"inSection"}},"name":{"!":"com.github.javaparser.ast.expr.SimpleName","range":{"beginLine":19,"beginColumn":29,"endLine":19,"endColumn":37},"tokenRange":{"beginToken":{"kind":94,"text":"inSection"},"endToken":{"kind":94,"text":"inSection"}},"identifier":"inSection"}},"value":{"!":"com.github.javaparser.ast.expr.BooleanLiteralExpr","range":{"beginLine":19,"beginColumn":41,"endLine":19,"endColumn":45},"tokenRange":{"beginToken":{"kind":28,"text":"false"},"endToken":{"kind":28,"text":"false"}},"value":"false"}}},{"!":"com.github.javaparser.ast.stmt.ExpressionStmt","range":{"beginLine":20,"beginColumn":29,"endLine":20,"endColumn":57},"tokenRange":{"beginToken":{"kind":94,"text":"mAry"},"endToken":{"kind":103,"text":";"}},"expression":{"!":"com.github.javaparser.ast.expr.MethodCallExpr","range":{"beginLine":20,"beginColumn":29,"endLine":20,"endColumn":56},"tokenRange":{"beginToken":{"kind":94,"text":"mAry"},"endToken":{"kind":98,"text":")"}},"arguments":[{"!":"com.github.javaparser.ast.expr.NameExpr","range":{"beginLine":20,"beginColumn":38,"endLine":20,"endColumn":46},"tokenRange":{"beginToken":{"kind":94,"text":"sectionId"},"endToken":{"kind":94,"text":"sectionId"}},"name":{"!":"com.github.javaparser.ast.expr.SimpleName","range":{"beginLine":20,"beginColumn":38,"endLine":20,"endColumn":46},"tokenRange":{"beginToken":{"kind":94,"text":"sectionId"},"endToken":{"kind":94,"text":"sectionId"}},"identifier":"sectionId"}},{"!":"com.github.javaparser.ast.expr.NameExpr","range":{"beginLine":20,"beginColumn":49,"endLine":20,"endColumn":55},"tokenRange":{"beginToken":{"kind":94,"text":"content"},"endToken":{"kind":94,"text":"content"}},"name":{"!":"com.github.javaparser.ast.expr.SimpleName","range":{"beginLine":20,"beginColumn":49,"endLine":20,"endColumn":55},"tokenRange":{"beginToken":{"kind":94,"text":"content"},"endToken":{"kind":94,"text":"content"}},"identifier":"content"}}],"name":{"!":"com.github.javaparser.ast.expr.SimpleName","range":{"beginLine":20,"beginColumn":34,"endLine":20,"endColumn":36},"tokenRange":{"beginToken":{"kind":94,"text":"put"},"endToken":{"kind":94,"text":"put"}},"identifier":"put"},"scope":{"!":"com.github.javaparser.ast.expr.NameExpr","range":{"beginLine":20,"beginColumn":29,"endLine":20,"endColumn":32},"tokenRange":{"beginToken":{"kind":94,"text":"mAry"},"endToken":{"kind":94,"text":"mAry"}},"name":{"!":"com.github.javaparser.ast.expr.SimpleName","range":{"beginLine":20,"beginColumn":29,"endLine":20,"endColumn":32},"tokenRange":{"beginToken":{"kind":94,"text":"mAry"},"endToken":{"kind":94,"text":"mAry"}},"identifier":"mAry"}}}},{"!":"com.github.javaparser.ast.stmt.ExpressionStmt","range":{"beginLine":21,"beginColumn":29,"endLine":21,"endColumn":41},"tokenRange":{"beginToken":{"kind":94,"text":"content"},"endToken":{"kind":103,"text":";"}},"expression":{"!":"com.github.javaparser.ast.expr.AssignExpr","range":{"beginLine":21,"beginColumn":29,"endLine":21,"endColumn":40},"tokenRange":{"beginToken":{"kind":94,"text":"content"},"endToken":{"kind":90,"text":"\"\""}},"operator":"ASSIGN","target":{"!":"com.github.javaparser.ast.expr.NameExpr","range":{"beginLine":21,"beginColumn":29,"endLine":21,"endColumn":35},"tokenRange":{"beginToken":{"kind":94,"text":"content"},"endToken":{"kind":94,"text":"content"}},"name":{"!":"com.github.javaparser.ast.expr.SimpleName","range":{"beginLine":21,"beginColumn":29,"endLine":21,"endColumn":35},"tokenRange":{"beginToken":{"kind":94,"text":"content"},"endToken":{"kind":94,"text":"content"}},"identifier":"content"}},"value":{"!":"com.github.javaparser.ast.expr.StringLiteralExpr","range":{"beginLine":21,"beginColumn":39,"endLine":21,"endColumn":40},"tokenRange":{"beginToken":{"kind":90,"text":"\"\""},"endToken":{"kind":90,"text":"\"\""}},"value":""}}}]}}]}}]}}]},"condition":{"!":"com.github.javaparser.ast.expr.BinaryExpr","range":{"beginLine":13,"beginColumn":20,"endLine":13,"endColumn":31},"tokenRange":{"beginToken":{"kind":94,"text":"line"},"endToken":{"kind":43,"text":"null"}},"left":{"!":"com.github.javaparser.ast.expr.NameExpr","range":{"beginLine":13,"beginColumn":20,"endLine":13,"endColumn":23},"tokenRange":{"beginToken":{"kind":94,"text":"line"},"endToken":{"kind":94,"text":"line"}},"name":{"!":"com.github.javaparser.ast.expr.SimpleName","range":{"beginLine":13,"beginColumn":20,"endLine":13,"endColumn":23},"tokenRange":{"beginToken":{"kind":94,"text":"line"},"endToken":{"kind":94,"text":"line"}},"identifier":"line"}},"operator":"NOT_EQUALS","right":{"!":"com.github.javaparser.ast.expr.NullLiteralExpr","range":{"beginLine":13,"beginColumn":28,"endLine":13,"endColumn":31},"tokenRange":{"beginToken":{"kind":43,"text":"null"},"endToken":{"kind":43,"text":"null"}}}}},{"!":"com.github.javaparser.ast.stmt.ExpressionStmt","range":{"beginLine":33,"beginColumn":13,"endLine":33,"endColumn":23},"tokenRange":{"beginToken":{"kind":94,"text":"fr"},"endToken":{"kind":103,"text":";"}},"expression":{"!":"com.github.javaparser.ast.expr.MethodCallExpr","range":{"beginLine":33,"beginColumn":13,"endLine":33,"endColumn":22},"tokenRange":{"beginToken":{"kind":94,"text":"fr"},"endToken":{"kind":98,"text":")"}},"arguments":[],"name":{"!":"com.github.javaparser.ast.expr.SimpleName","range":{"beginLine":33,"beginColumn":16,"endLine":33,"endColumn":20},"tokenRange":{"beginToken":{"kind":94,"text":"close"},"endToken":{"kind":94,"text":"close"}},"identifier":"close"},"scope":{"!":"com.github.javaparser.ast.expr.NameExpr","range":{"beginLine":33,"beginColumn":13,"endLine":33,"endColumn":14},"tokenRange":{"beginToken":{"kind":94,"text":"fr"},"endToken":{"kind":94,"text":"fr"}},"name":{"!":"com.github.javaparser.ast.expr.SimpleName","range":{"beginLine":33,"beginColumn":13,"endLine":33,"endColumn":14},"tokenRange":{"beginToken":{"kind":94,"text":"fr"},"endToken":{"kind":94,"text":"fr"}},"identifier":"fr"}}}}]}}]},"type":{"!":"com.github.javaparser.ast.type.VoidType","range":{"beginLine":5,"beginColumn":12,"endLine":5,"endColumn":15},"tokenRange":{"beginToken":{"kind":62,"text":"void"},"endToken":{"kind":62,"text":"void"}},"annotations":[]},"modifiers":[{"!":"com.github.javaparser.ast.Modifier","range":{"beginLine":5,"beginColumn":5,"endLine":5,"endColumn":10},"tokenRange":{"beginToken":{"kind":47,"text":"public"},"endToken":{"kind":47,"text":"public"}},"keyword":"PUBLIC"}],"name":{"!":"com.github.javaparser.ast.expr.SimpleName","range":{"beginLine":5,"beginColumn":17,"endLine":5,"endColumn":20},"tokenRange":{"beginToken":{"kind":94,"text":"read"},"endToken":{"kind":94,"text":"read"}},"identifier":"read"},"parameters":[{"!":"com.github.javaparser.ast.body.Parameter","range":{"beginLine":5,"beginColumn":22,"endLine":5,"endColumn":36},"tokenRange":{"beginToken":{"kind":94,"text":"String"},"endToken":{"kind":94,"text":"filename"}},"annotations":[],"isVarArgs":"false","modifiers":[],"name":{"!":"com.github.javaparser.ast.expr.SimpleName","range":{"beginLine":5,"beginColumn":29,"endLine":5,"endColumn":36},"tokenRange":{"beginToken":{"kind":94,"text":"filename"},"endToken":{"kind":94,"text":"filename"}},"identifier":"filename"},"type":{"!":"com.github.javaparser.ast.type.ClassOrInterfaceType","range":{"beginLine":5,"beginColumn":22,"endLine":5,"endColumn":27},"tokenRange":{"beginToken":{"kind":94,"text":"String"},"endToken":{"kind":94,"text":"String"}},"name":{"!":"com.github.javaparser.ast.expr.SimpleName","range":{"beginLine":5,"beginColumn":22,"endLine":5,"endColumn":27},"tokenRange":{"beginToken":{"kind":94,"text":"String"},"endToken":{"kind":94,"text":"String"}},"identifier":"String"},"annotations":[]},"varArgsAnnotations":[]}],"thrownExceptions":[],"typeParameters":[],"annotations":[],"comment":{"!":"com.github.javaparser.ast.comments.JavadocComment","range":{"beginLine":2,"beginColumn":5,"endLine":4,"endColumn":7},"tokenRange":{"beginToken":{"kind":8,"text":"/**\n     * @param filename the filename to read from\n     */"},"endToken":{"kind":8,"text":"/**\n     * @param filename the filename to read from\n     */"}},"content":"\n     * @param filename the filename to read from\n     "}}],"modifiers":[],"name":{"!":"com.github.javaparser.ast.expr.SimpleName","range":{"beginLine":1,"beginColumn":7,"endLine":1,"endColumn":10},"tokenRange":{"beginToken":{"kind":94,"text":"Test"},"endToken":{"kind":94,"text":"Test"}},"identifier":"Test"},"annotations":[]}]}