{"!":"com.github.javaparser.ast.CompilationUnit","range":{"beginLine":1,"beginColumn":1,"endLine":38,"endColumn":2},"tokenRange":{"beginToken":{"kind":19,"text":"class"},"endToken":{"kind":0,"text":""}},"imports":[],"types":[{"!":"com.github.javaparser.ast.body.ClassOrInterfaceDeclaration","range":{"beginLine":1,"beginColumn":1,"endLine":38,"endColumn":2},"tokenRange":{"beginToken":{"kind":19,"text":"class"},"endToken":{"kind":100,"text":"}"}},"extendedTypes":[],"implementedTypes":[],"isInterface":"false","typeParameters":[],"members":[{"!":"com.github.javaparser.ast.body.MethodDeclaration","range":{"beginLine":2,"beginColumn":2,"endLine":36,"endColumn":2},"tokenRange":{"beginToken":{"kind":107,"text":"@"},"endToken":{"kind":100,"text":"}"}},"body":{"!":"com.github.javaparser.ast.stmt.BlockStmt","range":{"beginLine":3,"beginColumn":48,"endLine":36,"endColumn":2},"tokenRange":{"beginToken":{"kind":99,"text":"{"},"endToken":{"kind":100,"text":"}"}},"statements":[{"!":"com.github.javaparser.ast.stmt.ExpressionStmt","range":{"beginLine":4,"beginColumn":6,"endLine":4,"endColumn":31},"tokenRange":{"beginToken":{"kind":94,"text":"Session"},"endToken":{"kind":103,"text":";"}},"expression":{"!":"com.github.javaparser.ast.expr.VariableDeclarationExpr","range":{"beginLine":4,"beginColumn":6,"endLine":4,"endColumn":30},"tokenRange":{"beginToken":{"kind":94,"text":"Session"},"endToken":{"kind":98,"text":")"}},"annotations":[],"modifiers":[],"variables":[{"!":"com.github.javaparser.ast.body.VariableDeclarator","range":{"beginLine":4,"beginColumn":14,"endLine":4,"endColumn":30},"tokenRange":{"beginToken":{"kind":94,"text":"s"},"endToken":{"kind":98,"text":")"}},"initializer":{"!":"com.github.javaparser.ast.expr.MethodCallExpr","range":{"beginLine":4,"beginColumn":18,"endLine":4,"endColumn":30},"tokenRange":{"beginToken":{"kind":94,"text":"openSession"},"endToken":{"kind":98,"text":")"}},"arguments":[],"name":{"!":"com.github.javaparser.ast.expr.SimpleName","range":{"beginLine":4,"beginColumn":18,"endLine":4,"endColumn":28},"tokenRange":{"beginToken":{"kind":94,"text":"openSession"},"endToken":{"kind":94,"text":"openSession"}},"identifier":"openSession"}},"name":{"!":"com.github.javaparser.ast.expr.SimpleName","range":{"beginLine":4,"beginColumn":14,"endLine":4,"endColumn":14},"tokenRange":{"beginToken":{"kind":94,"text":"s"},"endToken":{"kind":94,"text":"s"}},"identifier":"s"},"type":{"!":"com.github.javaparser.ast.type.ClassOrInterfaceType","range":{"beginLine":4,"beginColumn":6,"endLine":4,"endColumn":12},"tokenRange":{"beginToken":{"kind":94,"text":"Session"},"endToken":{"kind":94,"text":"Session"}},"name":{"!":"com.github.javaparser.ast.expr.SimpleName","range":{"beginLine":4,"beginColumn":6,"endLine":4,"endColumn":12},"tokenRange":{"beginToken":{"kind":94,"text":"Session"},"endToken":{"kind":94,"text":"Session"}},"identifier":"Session"},"annotations":[]}}]}},{"!":"com.github.javaparser.ast.stmt.ExpressionStmt","range":{"beginLine":5,"beginColumn":6,"endLine":5,"endColumn":42},"tokenRange":{"beginToken":{"kind":94,"text":"Transaction"},"endToken":{"kind":103,"text":";"}},"expression":{"!":"com.github.javaparser.ast.expr.VariableDeclarationExpr","range":{"beginLine":5,"beginColumn":6,"endLine":5,"endColumn":41},"tokenRange":{"beginToken":{"kind":94,"text":"Transaction"},"endToken":{"kind":98,"text":")"}},"annotations":[],"modifiers":[],"variables":[{"!":"com.github.javaparser.ast.body.VariableDeclarator","range":{"beginLine":5,"beginColumn":18,"endLine":5,"endColumn":41},"tokenRange":{"beginToken":{"kind":94,"text":"t"},"endToken":{"kind":98,"text":")"}},"initializer":{"!":"com.github.javaparser.ast.expr.MethodCallExpr","range":{"beginLine":5,"beginColumn":22,"endLine":5,"endColumn":41},"tokenRange":{"beginToken":{"kind":94,"text":"s"},"endToken":{"kind":98,"text":")"}},"arguments":[],"name":{"!":"com.github.javaparser.ast.expr.SimpleName","range":{"beginLine":5,"beginColumn":24,"endLine":5,"endColumn":39},"tokenRange":{"beginToken":{"kind":94,"text":"beginTransaction"},"endToken":{"kind":94,"text":"beginTransaction"}},"identifier":"beginTransaction"},"scope":{"!":"com.github.javaparser.ast.expr.NameExpr","range":{"beginLine":5,"beginColumn":22,"endLine":5,"endColumn":22},"tokenRange":{"beginToken":{"kind":94,"text":"s"},"endToken":{"kind":94,"text":"s"}},"name":{"!":"com.github.javaparser.ast.expr.SimpleName","range":{"beginLine":5,"beginColumn":22,"endLine":5,"endColumn":22},"tokenRange":{"beginToken":{"kind":94,"text":"s"},"endToken":{"kind":94,"text":"s"}},"identifier":"s"}}},"name":{"!":"com.github.javaparser.ast.expr.SimpleName","range":{"beginLine":5,"beginColumn":18,"endLine":5,"endColumn":18},"tokenRange":{"beginToken":{"kind":94,"text":"t"},"endToken":{"kind":94,"text":"t"}},"identifier":"t"},"type":{"!":"com.github.javaparser.ast.type.ClassOrInterfaceType","range":{"beginLine":5,"beginColumn":6,"endLine":5,"endColumn":16},"tokenRange":{"beginToken":{"kind":94,"text":"Transaction"},"endToken":{"kind":94,"text":"Transaction"}},"name":{"!":"com.github.javaparser.ast.expr.SimpleName","range":{"beginLine":5,"beginColumn":6,"endLine":5,"endColumn":16},"tokenRange":{"beginToken":{"kind":94,"text":"Transaction"},"endToken":{"kind":94,"text":"Transaction"}},"identifier":"Transaction"},"annotations":[]}}]}},{"!":"com.github.javaparser.ast.stmt.ExpressionStmt","range":{"beginLine":6,"beginColumn":6,"endLine":6,"endColumn":47},"tokenRange":{"beginToken":{"kind":94,"text":"Child"},"endToken":{"kind":103,"text":";"}},"expression":{"!":"com.github.javaparser.ast.expr.VariableDeclarationExpr","range":{"beginLine":6,"beginColumn":6,"endLine":6,"endColumn":46},"tokenRange":{"beginToken":{"kind":94,"text":"Child"},"endToken":{"kind":98,"text":")"}},"annotations":[],"modifiers":[],"variables":[{"!":"com.github.javaparser.ast.body.VariableDeclarator","range":{"beginLine":6,"beginColumn":12,"endLine":6,"endColumn":46},"tokenRange":{"beginToken":{"kind":94,"text":"child_1_1"},"endToken":{"kind":98,"text":")"}},"initializer":{"!":"com.github.javaparser.ast.expr.ObjectCreationExpr","range":{"beginLine":6,"beginColumn":24,"endLine":6,"endColumn":46},"tokenRange":{"beginToken":{"kind":42,"text":"new"},"endToken":{"kind":98,"text":")"}},"arguments":[{"!":"com.github.javaparser.ast.expr.StringLiteralExpr","range":{"beginLine":6,"beginColumn":35,"endLine":6,"endColumn":45},"tokenRange":{"beginToken":{"kind":90,"text":"\"achild1-1\""},"endToken":{"kind":90,"text":"\"achild1-1\""}},"value":"achild1-1"}],"type":{"!":"com.github.javaparser.ast.type.ClassOrInterfaceType","range":{"beginLine":6,"beginColumn":28,"endLine":6,"endColumn":32},"tokenRange":{"beginToken":{"kind":94,"text":"Child"},"endToken":{"kind":94,"text":"Child"}},"name":{"!":"com.github.javaparser.ast.expr.SimpleName","range":{"beginLine":6,"beginColumn":28,"endLine":6,"endColumn":32},"tokenRange":{"beginToken":{"kind":94,"text":"Child"},"endToken":{"kind":94,"text":"Child"}},"identifier":"Child"},"annotations":[]}},"name":{"!":"com.github.javaparser.ast.expr.SimpleName","range":{"beginLine":6,"beginColumn":12,"endLine":6,"endColumn":20},"tokenRange":{"beginToken":{"kind":94,"text":"child_1_1"},"endToken":{"kind":94,"text":"child_1_1"}},"identifier":"child_1_1"},"type":{"!":"com.github.javaparser.ast.type.ClassOrInterfaceType","range":{"beginLine":6,"beginColumn":6,"endLine":6,"endColumn":10},"tokenRange":{"beginToken":{"kind":94,"text":"Child"},"endToken":{"kind":94,"text":"Child"}},"name":{"!":"com.github.javaparser.ast.expr.SimpleName","range":{"beginLine":6,"beginColumn":6,"endLine":6,"endColumn":10},"tokenRange":{"beginToken":{"kind":94,"text":"Child"},"endToken":{"kind":94,"text":"Child"}},"identifier":"Child"},"annotations":[]}}]}},{"!":"com.github.javaparser.ast.stmt.ExpressionStmt","range":{"beginLine":7,"beginColumn":6,"endLine":7,"endColumn":47},"tokenRange":{"beginToken":{"kind":94,"text":"Child"},"endToken":{"kind":103,"text":";"}},"expression":{"!":"com.github.javaparser.ast.expr.VariableDeclarationExpr","range":{"beginLine":7,"beginColumn":6,"endLine":7,"endColumn":46},"tokenRange":{"beginToken":{"kind":94,"text":"Child"},"endToken":{"kind":98,"text":")"}},"annotations":[],"modifiers":[],"variables":[{"!":"com.github.javaparser.ast.body.VariableDeclarator","range":{"beginLine":7,"beginColumn":12,"endLine":7,"endColumn":46},"tokenRange":{"beginToken":{"kind":94,"text":"child_1_2"},"endToken":{"kind":98,"text":")"}},"initializer":{"!":"com.github.javaparser.ast.expr.ObjectCreationExpr","range":{"beginLine":7,"beginColumn":24,"endLine":7,"endColumn":46},"tokenRange":{"beginToken":{"kind":42,"text":"new"},"endToken":{"kind":98,"text":")"}},"arguments":[{"!":"com.github.javaparser.ast.expr.StringLiteralExpr","range":{"beginLine":7,"beginColumn":35,"endLine":7,"endColumn":45},"tokenRange":{"beginToken":{"kind":90,"text":"\"ychild1-2\""},"endToken":{"kind":90,"text":"\"ychild1-2\""}},"value":"ychild1-2"}],"type":{"!":"com.github.javaparser.ast.type.ClassOrInterfaceType","range":{"beginLine":7,"beginColumn":28,"endLine":7,"endColumn":32},"tokenRange":{"beginToken":{"kind":94,"text":"Child"},"endToken":{"kind":94,"text":"Child"}},"name":{"!":"com.github.javaparser.ast.expr.SimpleName","range":{"beginLine":7,"beginColumn":28,"endLine":7,"endColumn":32},"tokenRange":{"beginToken":{"kind":94,"text":"Child"},"endToken":{"kind":94,"text":"Child"}},"identifier":"Child"},"annotations":[]}},"name":{"!":"com.github.javaparser.ast.expr.SimpleName","range":{"beginLine":7,"beginColumn":12,"endLine":7,"endColumn":20},"tokenRange":{"beginToken":{"kind":94,"text":"child_1_2"},"endToken":{"kind":94,"text":"child_1_2"}},"identifier":"child_1_2"},"type":{"!":"com.github.javaparser.ast.type.ClassOrInterfaceType","range":{"beginLine":7,"beginColumn":6,"endLine":7,"endColumn":10},"tokenRange":{"beginToken":{"kind":94,"text":"Child"},"endToken":{"kind":94,"text":"Child"}},"name":{"!":"com.github.javaparser.ast.expr.SimpleName","range":{"beginLine":7,"beginColumn":6,"endLine":7,"endColumn":10},"tokenRange":{"beginToken":{"kind":94,"text":"Child"},"endToken":{"kind":94,"text":"Child"}},"identifier":"Child"},"annotations":[]}}]}},{"!":"com.github.javaparser.ast.stmt.ExpressionStmt","range":{"beginLine":8,"beginColumn":6,"endLine":8,"endColumn":47},"tokenRange":{"beginToken":{"kind":94,"text":"Child"},"endToken":{"kind":103,"text":";"}},"expression":{"!":"com.github.javaparser.ast.expr.VariableDeclarationExpr","range":{"beginLine":8,"beginColumn":6,"endLine":8,"endColumn":46},"tokenRange":{"beginToken":{"kind":94,"text":"Child"},"endToken":{"kind":98,"text":")"}},"annotations":[],"modifiers":[],"variables":[{"!":"com.github.javaparser.ast.body.VariableDeclarator","range":{"beginLine":8,"beginColumn":12,"endLine":8,"endColumn":46},"tokenRange":{"beginToken":{"kind":94,"text":"child_1_3"},"endToken":{"kind":98,"text":")"}},"initializer":{"!":"com.github.javaparser.ast.expr.ObjectCreationExpr","range":{"beginLine":8,"beginColumn":24,"endLine":8,"endColumn":46},"tokenRange":{"beginToken":{"kind":42,"text":"new"},"endToken":{"kind":98,"text":")"}},"arguments":[{"!":"com.github.javaparser.ast.expr.StringLiteralExpr","range":{"beginLine":8,"beginColumn":35,"endLine":8,"endColumn":45},"tokenRange":{"beginToken":{"kind":90,"text":"\"dchild1-3\""},"endToken":{"kind":90,"text":"\"dchild1-3\""}},"value":"dchild1-3"}],"type":{"!":"com.github.javaparser.ast.type.ClassOrInterfaceType","range":{"beginLine":8,"beginColumn":28,"endLine":8,"endColumn":32},"tokenRange":{"beginToken":{"kind":94,"text":"Child"},"endToken":{"kind":94,"text":"Child"}},"name":{"!":"com.github.javaparser.ast.expr.SimpleName","range":{"beginLine":8,"beginColumn":28,"endLine":8,"endColumn":32},"tokenRange":{"beginToken":{"kind":94,"text":"Child"},"endToken":{"kind":94,"text":"Child"}},"identifier":"Child"},"annotations":[]}},"name":{"!":"com.github.javaparser.ast.expr.SimpleName","range":{"beginLine":8,"beginColumn":12,"endLine":8,"endColumn":20},"tokenRange":{"beginToken":{"kind":94,"text":"child_1_3"},"endToken":{"kind":94,"text":"child_1_3"}},"identifier":"child_1_3"},"type":{"!":"com.github.javaparser.ast.type.ClassOrInterfaceType","range":{"beginLine":8,"beginColumn":6,"endLine":8,"endColumn":10},"tokenRange":{"beginToken":{"kind":94,"text":"Child"},"endToken":{"kind":94,"text":"Child"}},"name":{"!":"com.github.javaparser.ast.expr.SimpleName","range":{"beginLine":8,"beginColumn":6,"endLine":8,"endColumn":10},"tokenRange":{"beginToken":{"kind":94,"text":"Child"},"endToken":{"kind":94,"text":"Child"}},"identifier":"Child"},"annotations":[]}}]}},{"!":"com.github.javaparser.ast.stmt.ExpressionStmt","range":{"beginLine":9,"beginColumn":6,"endLine":9,"endColumn":47},"tokenRange":{"beginToken":{"kind":94,"text":"Child"},"endToken":{"kind":103,"text":";"}},"expression":{"!":"com.github.javaparser.ast.expr.VariableDeclarationExpr","range":{"beginLine":9,"beginColumn":6,"endLine":9,"endColumn":46},"tokenRange":{"beginToken":{"kind":94,"text":"Child"},"endToken":{"kind":98,"text":")"}},"annotations":[],"modifiers":[],"variables":[{"!":"com.github.javaparser.ast.body.VariableDeclarator","range":{"beginLine":9,"beginColumn":12,"endLine":9,"endColumn":46},"tokenRange":{"beginToken":{"kind":94,"text":"child_2_1"},"endToken":{"kind":98,"text":")"}},"initializer":{"!":"com.github.javaparser.ast.expr.ObjectCreationExpr","range":{"beginLine":9,"beginColumn":24,"endLine":9,"endColumn":46},"tokenRange":{"beginToken":{"kind":42,"text":"new"},"endToken":{"kind":98,"text":")"}},"arguments":[{"!":"com.github.javaparser.ast.expr.StringLiteralExpr","range":{"beginLine":9,"beginColumn":35,"endLine":9,"endColumn":45},"tokenRange":{"beginToken":{"kind":90,"text":"\"bchild2-1\""},"endToken":{"kind":90,"text":"\"bchild2-1\""}},"value":"bchild2-1"}],"type":{"!":"com.github.javaparser.ast.type.ClassOrInterfaceType","range":{"beginLine":9,"beginColumn":28,"endLine":9,"endColumn":32},"tokenRange":{"beginToken":{"kind":94,"text":"Child"},"endToken":{"kind":94,"text":"Child"}},"name":{"!":"com.github.javaparser.ast.expr.SimpleName","range":{"beginLine":9,"beginColumn":28,"endLine":9,"endColumn":32},"tokenRange":{"beginToken":{"kind":94,"text":"Child"},"endToken":{"kind":94,"text":"Child"}},"identifier":"Child"},"annotations":[]}},"name":{"!":"com.github.javaparser.ast.expr.SimpleName","range":{"beginLine":9,"beginColumn":12,"endLine":9,"endColumn":20},"tokenRange":{"beginToken":{"kind":94,"text":"child_2_1"},"endToken":{"kind":94,"text":"child_2_1"}},"identifier":"child_2_1"},"type":{"!":"com.github.javaparser.ast.type.ClassOrInterfaceType","range":{"beginLine":9,"beginColumn":6,"endLine":9,"endColumn":10},"tokenRange":{"beginToken":{"kind":94,"text":"Child"},"endToken":{"kind":94,"text":"Child"}},"name":{"!":"com.github.javaparser.ast.expr.SimpleName","range":{"beginLine":9,"beginColumn":6,"endLine":9,"endColumn":10},"tokenRange":{"beginToken":{"kind":94,"text":"Child"},"endToken":{"kind":94,"text":"Child"}},"identifier":"Child"},"annotations":[]}}]}},{"!":"com.github.javaparser.ast.stmt.ExpressionStmt","range":{"beginLine":10,"beginColumn":6,"endLine":10,"endColumn":47},"tokenRange":{"beginToken":{"kind":94,"text":"Child"},"endToken":{"kind":103,"text":";"}},"expression":{"!":"com.github.javaparser.ast.expr.VariableDeclarationExpr","range":{"beginLine":10,"beginColumn":6,"endLine":10,"endColumn":46},"tokenRange":{"beginToken":{"kind":94,"text":"Child"},"endToken":{"kind":98,"text":")"}},"annotations":[],"modifiers":[],"variables":[{"!":"com.github.javaparser.ast.body.VariableDeclarator","range":{"beginLine":10,"beginColumn":12,"endLine":10,"endColumn":46},"tokenRange":{"beginToken":{"kind":94,"text":"child_2_2"},"endToken":{"kind":98,"text":")"}},"initializer":{"!":"com.github.javaparser.ast.expr.ObjectCreationExpr","range":{"beginLine":10,"beginColumn":24,"endLine":10,"endColumn":46},"tokenRange":{"beginToken":{"kind":42,"text":"new"},"endToken":{"kind":98,"text":")"}},"arguments":[{"!":"com.github.javaparser.ast.expr.StringLiteralExpr","range":{"beginLine":10,"beginColumn":35,"endLine":10,"endColumn":45},"tokenRange":{"beginToken":{"kind":90,"text":"\"cchild2-2\""},"endToken":{"kind":90,"text":"\"cchild2-2\""}},"value":"cchild2-2"}],"type":{"!":"com.github.javaparser.ast.type.ClassOrInterfaceType","range":{"beginLine":10,"beginColumn":28,"endLine":10,"endColumn":32},"tokenRange":{"beginToken":{"kind":94,"text":"Child"},"endToken":{"kind":94,"text":"Child"}},"name":{"!":"com.github.javaparser.ast.expr.SimpleName","range":{"beginLine":10,"beginColumn":28,"endLine":10,"endColumn":32},"tokenRange":{"beginToken":{"kind":94,"text":"Child"},"endToken":{"kind":94,"text":"Child"}},"identifier":"Child"},"annotations":[]}},"name":{"!":"com.github.javaparser.ast.expr.SimpleName","range":{"beginLine":10,"beginColumn":12,"endLine":10,"endColumn":20},"tokenRange":{"beginToken":{"kind":94,"text":"child_2_2"},"endToken":{"kind":94,"text":"child_2_2"}},"identifier":"child_2_2"},"type":{"!":"com.github.javaparser.ast.type.ClassOrInterfaceType","range":{"beginLine":10,"beginColumn":6,"endLine":10,"endColumn":10},"tokenRange":{"beginToken":{"kind":94,"text":"Child"},"endToken":{"kind":94,"text":"Child"}},"name":{"!":"com.github.javaparser.ast.expr.SimpleName","range":{"beginLine":10,"beginColumn":6,"endLine":10,"endColumn":10},"tokenRange":{"beginToken":{"kind":94,"text":"Child"},"endToken":{"kind":94,"text":"Child"}},"identifier":"Child"},"annotations":[]}}]}},{"!":"com.github.javaparser.ast.stmt.ExpressionStmt","range":{"beginLine":11,"beginColumn":6,"endLine":11,"endColumn":47},"tokenRange":{"beginToken":{"kind":94,"text":"Child"},"endToken":{"kind":103,"text":";"}},"expression":{"!":"com.github.javaparser.ast.expr.VariableDeclarationExpr","range":{"beginLine":11,"beginColumn":6,"endLine":11,"endColumn":46},"tokenRange":{"beginToken":{"kind":94,"text":"Child"},"endToken":{"kind":98,"text":")"}},"annotations":[],"modifiers":[],"variables":[{"!":"com.github.javaparser.ast.body.VariableDeclarator","range":{"beginLine":11,"beginColumn":12,"endLine":11,"endColumn":46},"tokenRange":{"beginToken":{"kind":94,"text":"child_2_3"},"endToken":{"kind":98,"text":")"}},"initializer":{"!":"com.github.javaparser.ast.expr.ObjectCreationExpr","range":{"beginLine":11,"beginColumn":24,"endLine":11,"endColumn":46},"tokenRange":{"beginToken":{"kind":42,"text":"new"},"endToken":{"kind":98,"text":")"}},"arguments":[{"!":"com.github.javaparser.ast.expr.StringLiteralExpr","range":{"beginLine":11,"beginColumn":35,"endLine":11,"endColumn":45},"tokenRange":{"beginToken":{"kind":90,"text":"\"zchild2-3\""},"endToken":{"kind":90,"text":"\"zchild2-3\""}},"value":"zchild2-3"}],"type":{"!":"com.github.javaparser.ast.type.ClassOrInterfaceType","range":{"beginLine":11,"beginColumn":28,"endLine":11,"endColumn":32},"tokenRange":{"beginToken":{"kind":94,"text":"Child"},"endToken":{"kind":94,"text":"Child"}},"name":{"!":"com.github.javaparser.ast.expr.SimpleName","range":{"beginLine":11,"beginColumn":28,"endLine":11,"endColumn":32},"tokenRange":{"beginToken":{"kind":94,"text":"Child"},"endToken":{"kind":94,"text":"Child"}},"identifier":"Child"},"annotations":[]}},"name":{"!":"com.github.javaparser.ast.expr.SimpleName","range":{"beginLine":11,"beginColumn":12,"endLine":11,"endColumn":20},"tokenRange":{"beginToken":{"kind":94,"text":"child_2_3"},"endToken":{"kind":94,"text":"child_2_3"}},"identifier":"child_2_3"},"type":{"!":"com.github.javaparser.ast.type.ClassOrInterfaceType","range":{"beginLine":11,"beginColumn":6,"endLine":11,"endColumn":10},"tokenRange":{"beginToken":{"kind":94,"text":"Child"},"endToken":{"kind":94,"text":"Child"}},"name":{"!":"com.github.javaparser.ast.expr.SimpleName","range":{"beginLine":11,"beginColumn":6,"endLine":11,"endColumn":10},"tokenRange":{"beginToken":{"kind":94,"text":"Child"},"endToken":{"kind":94,"text":"Child"}},"identifier":"Child"},"annotations":[]}}]}},{"!":"com.github.javaparser.ast.stmt.ExpressionStmt","range":{"beginLine":13,"beginColumn":6,"endLine":13,"endColumn":25},"tokenRange":{"beginToken":{"kind":94,"text":"s"},"endToken":{"kind":103,"text":";"}},"expression":{"!":"com.github.javaparser.ast.expr.MethodCallExpr","range":{"beginLine":13,"beginColumn":6,"endLine":13,"endColumn":24},"tokenRange":{"beginToken":{"kind":94,"text":"s"},"endToken":{"kind":98,"text":")"}},"arguments":[{"!":"com.github.javaparser.ast.expr.NameExpr","range":{"beginLine":13,"beginColumn":14,"endLine":13,"endColumn":22},"tokenRange":{"beginToken":{"kind":94,"text":"child_1_1"},"endToken":{"kind":94,"text":"child_1_1"}},"name":{"!":"com.github.javaparser.ast.expr.SimpleName","range":{"beginLine":13,"beginColumn":14,"endLine":13,"endColumn":22},"tokenRange":{"beginToken":{"kind":94,"text":"child_1_1"},"endToken":{"kind":94,"text":"child_1_1"}},"identifier":"child_1_1"}}],"name":{"!":"com.github.javaparser.ast.expr.SimpleName","range":{"beginLine":13,"beginColumn":8,"endLine":13,"endColumn":11},"tokenRange":{"beginToken":{"kind":94,"text":"save"},"endToken":{"kind":94,"text":"save"}},"identifier":"save"},"scope":{"!":"com.github.javaparser.ast.expr.NameExpr","range":{"beginLine":13,"beginColumn":6,"endLine":13,"endColumn":6},"tokenRange":{"beginToken":{"kind":94,"text":"s"},"endToken":{"kind":94,"text":"s"}},"name":{"!":"com.github.javaparser.ast.expr.SimpleName","range":{"beginLine":13,"beginColumn":6,"endLine":13,"endColumn":6},"tokenRange":{"beginToken":{"kind":94,"text":"s"},"endToken":{"kind":94,"text":"s"}},"identifier":"s"}}}},{"!":"com.github.javaparser.ast.stmt.ExpressionStmt","range":{"beginLine":14,"beginColumn":6,"endLine":14,"endColumn":25},"tokenRange":{"beginToken":{"kind":94,"text":"s"},"endToken":{"kind":103,"text":";"}},"expression":{"!":"com.github.javaparser.ast.expr.MethodCallExpr","range":{"beginLine":14,"beginColumn":6,"endLine":14,"endColumn":24},"tokenRange":{"beginToken":{"kind":94,"text":"s"},"endToken":{"kind":98,"text":")"}},"arguments":[{"!":"com.github.javaparser.ast.expr.NameExpr","range":{"beginLine":14,"beginColumn":14,"endLine":14,"endColumn":22},"tokenRange":{"beginToken":{"kind":94,"text":"child_2_1"},"endToken":{"kind":94,"text":"child_2_1"}},"name":{"!":"com.github.javaparser.ast.expr.SimpleName","range":{"beginLine":14,"beginColumn":14,"endLine":14,"endColumn":22},"tokenRange":{"beginToken":{"kind":94,"text":"child_2_1"},"endToken":{"kind":94,"text":"child_2_1"}},"identifier":"child_2_1"}}],"name":{"!":"com.github.javaparser.ast.expr.SimpleName","range":{"beginLine":14,"beginColumn":8,"endLine":14,"endColumn":11},"tokenRange":{"beginToken":{"kind":94,"text":"save"},"endToken":{"kind":94,"text":"save"}},"identifier":"save"},"scope":{"!":"com.github.javaparser.ast.expr.NameExpr","range":{"beginLine":14,"beginColumn":6,"endLine":14,"endColumn":6},"tokenRange":{"beginToken":{"kind":94,"text":"s"},"endToken":{"kind":94,"text":"s"}},"name":{"!":"com.github.javaparser.ast.expr.SimpleName","range":{"beginLine":14,"beginColumn":6,"endLine":14,"endColumn":6},"tokenRange":{"beginToken":{"kind":94,"text":"s"},"endToken":{"kind":94,"text":"s"}},"identifier":"s"}}}},{"!":"com.github.javaparser.ast.stmt.ExpressionStmt","range":{"beginLine":15,"beginColumn":6,"endLine":15,"endColumn":25},"tokenRange":{"beginToken":{"kind":94,"text":"s"},"endToken":{"kind":103,"text":";"}},"expression":{"!":"com.github.javaparser.ast.expr.MethodCallExpr","range":{"beginLine":15,"beginColumn":6,"endLine":15,"endColumn":24},"tokenRange":{"beginToken":{"kind":94,"text":"s"},"endToken":{"kind":98,"text":")"}},"arguments":[{"!":"com.github.javaparser.ast.expr.NameExpr","range":{"beginLine":15,"beginColumn":14,"endLine":15,"endColumn":22},"tokenRange":{"beginToken":{"kind":94,"text":"child_1_2"},"endToken":{"kind":94,"text":"child_1_2"}},"name":{"!":"com.github.javaparser.ast.expr.SimpleName","range":{"beginLine":15,"beginColumn":14,"endLine":15,"endColumn":22},"tokenRange":{"beginToken":{"kind":94,"text":"child_1_2"},"endToken":{"kind":94,"text":"child_1_2"}},"identifier":"child_1_2"}}],"name":{"!":"com.github.javaparser.ast.expr.SimpleName","range":{"beginLine":15,"beginColumn":8,"endLine":15,"endColumn":11},"tokenRange":{"beginToken":{"kind":94,"text":"save"},"endToken":{"kind":94,"text":"save"}},"identifier":"save"},"scope":{"!":"com.github.javaparser.ast.expr.NameExpr","range":{"beginLine":15,"beginColumn":6,"endLine":15,"endColumn":6},"tokenRange":{"beginToken":{"kind":94,"text":"s"},"endToken":{"kind":94,"text":"s"}},"name":{"!":"com.github.javaparser.ast.expr.SimpleName","range":{"beginLine":15,"beginColumn":6,"endLine":15,"endColumn":6},"tokenRange":{"beginToken":{"kind":94,"text":"s"},"endToken":{"kind":94,"text":"s"}},"identifier":"s"}}}},{"!":"com.github.javaparser.ast.stmt.ExpressionStmt","range":{"beginLine":16,"beginColumn":6,"endLine":16,"endColumn":25},"tokenRange":{"beginToken":{"kind":94,"text":"s"},"endToken":{"kind":103,"text":";"}},"expression":{"!":"com.github.javaparser.ast.expr.MethodCallExpr","range":{"beginLine":16,"beginColumn":6,"endLine":16,"endColumn":24},"tokenRange":{"beginToken":{"kind":94,"text":"s"},"endToken":{"kind":98,"text":")"}},"arguments":[{"!":"com.github.javaparser.ast.expr.NameExpr","range":{"beginLine":16,"beginColumn":14,"endLine":16,"endColumn":22},"tokenRange":{"beginToken":{"kind":94,"text":"child_2_2"},"endToken":{"kind":94,"text":"child_2_2"}},"name":{"!":"com.github.javaparser.ast.expr.SimpleName","range":{"beginLine":16,"beginColumn":14,"endLine":16,"endColumn":22},"tokenRange":{"beginToken":{"kind":94,"text":"child_2_2"},"endToken":{"kind":94,"text":"child_2_2"}},"identifier":"child_2_2"}}],"name":{"!":"com.github.javaparser.ast.expr.SimpleName","range":{"beginLine":16,"beginColumn":8,"endLine":16,"endColumn":11},"tokenRange":{"beginToken":{"kind":94,"text":"save"},"endToken":{"kind":94,"text":"save"}},"identifier":"save"},"scope":{"!":"com.github.javaparser.ast.expr.NameExpr","range":{"beginLine":16,"beginColumn":6,"endLine":16,"endColumn":6},"tokenRange":{"beginToken":{"kind":94,"text":"s"},"endToken":{"kind":94,"text":"s"}},"name":{"!":"com.github.javaparser.ast.expr.SimpleName","range":{"beginLine":16,"beginColumn":6,"endLine":16,"endColumn":6},"tokenRange":{"beginToken":{"kind":94,"text":"s"},"endToken":{"kind":94,"text":"s"}},"identifier":"s"}}}},{"!":"com.github.javaparser.ast.stmt.ExpressionStmt","range":{"beginLine":17,"beginColumn":6,"endLine":17,"endColumn":25},"tokenRange":{"beginToken":{"kind":94,"text":"s"},"endToken":{"kind":103,"text":";"}},"expression":{"!":"com.github.javaparser.ast.expr.MethodCallExpr","range":{"beginLine":17,"beginColumn":6,"endLine":17,"endColumn":24},"tokenRange":{"beginToken":{"kind":94,"text":"s"},"endToken":{"kind":98,"text":")"}},"arguments":[{"!":"com.github.javaparser.ast.expr.NameExpr","range":{"beginLine":17,"beginColumn":14,"endLine":17,"endColumn":22},"tokenRange":{"beginToken":{"kind":94,"text":"child_1_3"},"endToken":{"kind":94,"text":"child_1_3"}},"name":{"!":"com.github.javaparser.ast.expr.SimpleName","range":{"beginLine":17,"beginColumn":14,"endLine":17,"endColumn":22},"tokenRange":{"beginToken":{"kind":94,"text":"child_1_3"},"endToken":{"kind":94,"text":"child_1_3"}},"identifier":"child_1_3"}}],"name":{"!":"com.github.javaparser.ast.expr.SimpleName","range":{"beginLine":17,"beginColumn":8,"endLine":17,"endColumn":11},"tokenRange":{"beginToken":{"kind":94,"text":"save"},"endToken":{"kind":94,"text":"save"}},"identifier":"save"},"scope":{"!":"com.github.javaparser.ast.expr.NameExpr","range":{"beginLine":17,"beginColumn":6,"endLine":17,"endColumn":6},"tokenRange":{"beginToken":{"kind":94,"text":"s"},"endToken":{"kind":94,"text":"s"}},"name":{"!":"com.github.javaparser.ast.expr.SimpleName","range":{"beginLine":17,"beginColumn":6,"endLine":17,"endColumn":6},"tokenRange":{"beginToken":{"kind":94,"text":"s"},"endToken":{"kind":94,"text":"s"}},"identifier":"s"}}}},{"!":"com.github.javaparser.ast.stmt.ExpressionStmt","range":{"beginLine":18,"beginColumn":6,"endLine":18,"endColumn":25},"tokenRange":{"beginToken":{"kind":94,"text":"s"},"endToken":{"kind":103,"text":";"}},"expression":{"!":"com.github.javaparser.ast.expr.MethodCallExpr","range":{"beginLine":18,"beginColumn":6,"endLine":18,"endColumn":24},"tokenRange":{"beginToken":{"kind":94,"text":"s"},"endToken":{"kind":98,"text":")"}},"arguments":[{"!":"com.github.javaparser.ast.expr.NameExpr","range":{"beginLine":18,"beginColumn":14,"endLine":18,"endColumn":22},"tokenRange":{"beginToken":{"kind":94,"text":"child_2_3"},"endToken":{"kind":94,"text":"child_2_3"}},"name":{"!":"com.github.javaparser.ast.expr.SimpleName","range":{"beginLine":18,"beginColumn":14,"endLine":18,"endColumn":22},"tokenRange":{"beginToken":{"kind":94,"text":"child_2_3"},"endToken":{"kind":94,"text":"child_2_3"}},"identifier":"child_2_3"}}],"name":{"!":"com.github.javaparser.ast.expr.SimpleName","range":{"beginLine":18,"beginColumn":8,"endLine":18,"endColumn":11},"tokenRange":{"beginToken":{"kind":94,"text":"save"},"endToken":{"kind":94,"text":"save"}},"identifier":"save"},"scope":{"!":"com.github.javaparser.ast.expr.NameExpr","range":{"beginLine":18,"beginColumn":6,"endLine":18,"endColumn":6},"tokenRange":{"beginToken":{"kind":94,"text":"s"},"endToken":{"kind":94,"text":"s"}},"name":{"!":"com.github.javaparser.ast.expr.SimpleName","range":{"beginLine":18,"beginColumn":6,"endLine":18,"endColumn":6},"tokenRange":{"beginToken":{"kind":94,"text":"s"},"endToken":{"kind":94,"text":"s"}},"identifier":"s"}}}},{"!":"com.github.javaparser.ast.stmt.ExpressionStmt","range":{"beginLine":20,"beginColumn":6,"endLine":20,"endColumn":15},"tokenRange":{"beginToken":{"kind":94,"text":"s"},"endToken":{"kind":103,"text":";"}},"expression":{"!":"com.github.javaparser.ast.expr.MethodCallExpr","range":{"beginLine":20,"beginColumn":6,"endLine":20,"endColumn":14},"tokenRange":{"beginToken":{"kind":94,"text":"s"},"endToken":{"kind":98,"text":")"}},"arguments":[],"name":{"!":"com.github.javaparser.ast.expr.SimpleName","range":{"beginLine":20,"beginColumn":8,"endLine":20,"endColumn":12},"tokenRange":{"beginToken":{"kind":94,"text":"flush"},"endToken":{"kind":94,"text":"flush"}},"identifier":"flush"},"scope":{"!":"com.github.javaparser.ast.expr.NameExpr","range":{"beginLine":20,"beginColumn":6,"endLine":20,"endColumn":6},"tokenRange":{"beginToken":{"kind":94,"text":"s"},"endToken":{"kind":94,"text":"s"}},"name":{"!":"com.github.javaparser.ast.expr.SimpleName","range":{"beginLine":20,"beginColumn":6,"endLine":20,"endColumn":6},"tokenRange":{"beginToken":{"kind":94,"text":"s"},"endToken":{"kind":94,"text":"s"}},"identifier":"s"}}}},{"!":"com.github.javaparser.ast.stmt.ExpressionStmt","range":{"beginLine":22,"beginColumn":6,"endLine":22,"endColumn":41},"tokenRange":{"beginToken":{"kind":94,"text":"Parent"},"endToken":{"kind":103,"text":";"}},"expression":{"!":"com.github.javaparser.ast.expr.VariableDeclarationExpr","range":{"beginLine":22,"beginColumn":6,"endLine":22,"endColumn":40},"tokenRange":{"beginToken":{"kind":94,"text":"Parent"},"endToken":{"kind":98,"text":")"}},"annotations":[],"modifiers":[],"variables":[{"!":"com.github.javaparser.ast.body.VariableDeclarator","range":{"beginLine":22,"beginColumn":13,"endLine":22,"endColumn":40},"tokenRange":{"beginToken":{"kind":94,"text":"p1"},"endToken":{"kind":98,"text":")"}},"initializer":{"!":"com.github.javaparser.ast.expr.ObjectCreationExpr","range":{"beginLine":22,"beginColumn":18,"endLine":22,"endColumn":40},"tokenRange":{"beginToken":{"kind":42,"text":"new"},"endToken":{"kind":98,"text":")"}},"arguments":[{"!":"com.github.javaparser.ast.expr.StringLiteralExpr","range":{"beginLine":22,"beginColumn":30,"endLine":22,"endColumn":38},"tokenRange":{"beginToken":{"kind":90,"text":"\"parent1\""},"endToken":{"kind":90,"text":"\"parent1\""}},"value":"parent1"}],"type":{"!":"com.github.javaparser.ast.type.ClassOrInterfaceType","range":{"beginLine":22,"beginColumn":22,"endLine":22,"endColumn":27},"tokenRange":{"beginToken":{"kind":94,"text":"Parent"},"endToken":{"kind":94,"text":"Parent"}},"name":{"!":"com.github.javaparser.ast.expr.SimpleName","range":{"beginLine":22,"beginColumn":22,"endLine":22,"endColumn":27},"tokenRange":{"beginToken":{"kind":94,"text":"Parent"},"endToken":{"kind":94,"text":"Parent"}},"identifier":"Parent"},"annotations":[]}},"name":{"!":"com.github.javaparser.ast.expr.SimpleName","range":{"beginLine":22,"beginColumn":13,"endLine":22,"endColumn":14},"tokenRange":{"beginToken":{"kind":94,"text":"p1"},"endToken":{"kind":94,"text":"p1"}},"identifier":"p1"},"type":{"!":"com.github.javaparser.ast.type.ClassOrInterfaceType","range":{"beginLine":22,"beginColumn":6,"endLine":22,"endColumn":11},"tokenRange":{"beginToken":{"kind":94,"text":"Parent"},"endToken":{"kind":94,"text":"Parent"}},"name":{"!":"com.github.javaparser.ast.expr.SimpleName","range":{"beginLine":22,"beginColumn":6,"endLine":22,"endColumn":11},"tokenRange":{"beginToken":{"kind":94,"text":"Parent"},"endToken":{"kind":94,"text":"Parent"}},"identifier":"Parent"},"annotations":[]}}]}},{"!":"com.github.javaparser.ast.stmt.ExpressionStmt","range":{"beginLine":23,"beginColumn":6,"endLine":23,"endColumn":30},"tokenRange":{"beginToken":{"kind":94,"text":"p1"},"endToken":{"kind":103,"text":";"}},"expression":{"!":"com.github.javaparser.ast.expr.MethodCallExpr","range":{"beginLine":23,"beginColumn":6,"endLine":23,"endColumn":29},"tokenRange":{"beginToken":{"kind":94,"text":"p1"},"endToken":{"kind":98,"text":")"}},"arguments":[{"!":"com.github.javaparser.ast.expr.NameExpr","range":{"beginLine":23,"beginColumn":19,"endLine":23,"endColumn":27},"tokenRange":{"beginToken":{"kind":94,"text":"child_1_1"},"endToken":{"kind":94,"text":"child_1_1"}},"name":{"!":"com.github.javaparser.ast.expr.SimpleName","range":{"beginLine":23,"beginColumn":19,"endLine":23,"endColumn":27},"tokenRange":{"beginToken":{"kind":94,"text":"child_1_1"},"endToken":{"kind":94,"text":"child_1_1"}},"identifier":"child_1_1"}}],"name":{"!":"com.github.javaparser.ast.expr.SimpleName","range":{"beginLine":23,"beginColumn":9,"endLine":23,"endColumn":16},"tokenRange":{"beginToken":{"kind":94,"text":"addChild"},"endToken":{"kind":94,"text":"addChild"}},"identifier":"addChild"},"scope":{"!":"com.github.javaparser.ast.expr.NameExpr","range":{"beginLine":23,"beginColumn":6,"endLine":23,"endColumn":7},"tokenRange":{"beginToken":{"kind":94,"text":"p1"},"endToken":{"kind":94,"text":"p1"}},"name":{"!":"com.github.javaparser.ast.expr.SimpleName","range":{"beginLine":23,"beginColumn":6,"endLine":23,"endColumn":7},"tokenRange":{"beginToken":{"kind":94,"text":"p1"},"endToken":{"kind":94,"text":"p1"}},"identifier":"p1"}}}},{"!":"com.github.javaparser.ast.stmt.ExpressionStmt","range":{"beginLine":24,"beginColumn":6,"endLine":24,"endColumn":30},"tokenRange":{"beginToken":{"kind":94,"text":"p1"},"endToken":{"kind":103,"text":";"}},"expression":{"!":"com.github.javaparser.ast.expr.MethodCallExpr","range":{"beginLine":24,"beginColumn":6,"endLine":24,"endColumn":29},"tokenRange":{"beginToken":{"kind":94,"text":"p1"},"endToken":{"kind":98,"text":")"}},"arguments":[{"!":"com.github.javaparser.ast.expr.NameExpr","range":{"beginLine":24,"beginColumn":19,"endLine":24,"endColumn":27},"tokenRange":{"beginToken":{"kind":94,"text":"child_1_2"},"endToken":{"kind":94,"text":"child_1_2"}},"name":{"!":"com.github.javaparser.ast.expr.SimpleName","range":{"beginLine":24,"beginColumn":19,"endLine":24,"endColumn":27},"tokenRange":{"beginToken":{"kind":94,"text":"child_1_2"},"endToken":{"kind":94,"text":"child_1_2"}},"identifier":"child_1_2"}}],"name":{"!":"com.github.javaparser.ast.expr.SimpleName","range":{"beginLine":24,"beginColumn":9,"endLine":24,"endColumn":16},"tokenRange":{"beginToken":{"kind":94,"text":"addChild"},"endToken":{"kind":94,"text":"addChild"}},"identifier":"addChild"},"scope":{"!":"com.github.javaparser.ast.expr.NameExpr","range":{"beginLine":24,"beginColumn":6,"endLine":24,"endColumn":7},"tokenRange":{"beginToken":{"kind":94,"text":"p1"},"endToken":{"kind":94,"text":"p1"}},"name":{"!":"com.github.javaparser.ast.expr.SimpleName","range":{"beginLine":24,"beginColumn":6,"endLine":24,"endColumn":7},"tokenRange":{"beginToken":{"kind":94,"text":"p1"},"endToken":{"kind":94,"text":"p1"}},"identifier":"p1"}}}},{"!":"com.github.javaparser.ast.stmt.ExpressionStmt","range":{"beginLine":25,"beginColumn":6,"endLine":25,"endColumn":30},"tokenRange":{"beginToken":{"kind":94,"text":"p1"},"endToken":{"kind":103,"text":";"}},"expression":{"!":"com.github.javaparser.ast.expr.MethodCallExpr","range":{"beginLine":25,"beginColumn":6,"endLine":25,"endColumn":29},"tokenRange":{"beginToken":{"kind":94,"text":"p1"},"endToken":{"kind":98,"text":")"}},"arguments":[{"!":"com.github.javaparser.ast.expr.NameExpr","range":{"beginLine":25,"beginColumn":19,"endLine":25,"endColumn":27},"tokenRange":{"beginToken":{"kind":94,"text":"child_1_3"},"endToken":{"kind":94,"text":"child_1_3"}},"name":{"!":"com.github.javaparser.ast.expr.SimpleName","range":{"beginLine":25,"beginColumn":19,"endLine":25,"endColumn":27},"tokenRange":{"beginToken":{"kind":94,"text":"child_1_3"},"endToken":{"kind":94,"text":"child_1_3"}},"identifier":"child_1_3"}}],"name":{"!":"com.github.javaparser.ast.expr.SimpleName","range":{"beginLine":25,"beginColumn":9,"endLine":25,"endColumn":16},"tokenRange":{"beginToken":{"kind":94,"text":"addChild"},"endToken":{"kind":94,"text":"addChild"}},"identifier":"addChild"},"scope":{"!":"com.github.javaparser.ast.expr.NameExpr","range":{"beginLine":25,"beginColumn":6,"endLine":25,"endColumn":7},"tokenRange":{"beginToken":{"kind":94,"text":"p1"},"endToken":{"kind":94,"text":"p1"}},"name":{"!":"com.github.javaparser.ast.expr.SimpleName","range":{"beginLine":25,"beginColumn":6,"endLine":25,"endColumn":7},"tokenRange":{"beginToken":{"kind":94,"text":"p1"},"endToken":{"kind":94,"text":"p1"}},"identifier":"p1"}}}},{"!":"com.github.javaparser.ast.stmt.ExpressionStmt","range":{"beginLine":26,"beginColumn":6,"endLine":26,"endColumn":18},"tokenRange":{"beginToken":{"kind":94,"text":"s"},"endToken":{"kind":103,"text":";"}},"expression":{"!":"com.github.javaparser.ast.expr.MethodCallExpr","range":{"beginLine":26,"beginColumn":6,"endLine":26,"endColumn":17},"tokenRange":{"beginToken":{"kind":94,"text":"s"},"endToken":{"kind":98,"text":")"}},"arguments":[{"!":"com.github.javaparser.ast.expr.NameExpr","range":{"beginLine":26,"beginColumn":14,"endLine":26,"endColumn":15},"tokenRange":{"beginToken":{"kind":94,"text":"p1"},"endToken":{"kind":94,"text":"p1"}},"name":{"!":"com.github.javaparser.ast.expr.SimpleName","range":{"beginLine":26,"beginColumn":14,"endLine":26,"endColumn":15},"tokenRange":{"beginToken":{"kind":94,"text":"p1"},"endToken":{"kind":94,"text":"p1"}},"identifier":"p1"}}],"name":{"!":"com.github.javaparser.ast.expr.SimpleName","range":{"beginLine":26,"beginColumn":8,"endLine":26,"endColumn":11},"tokenRange":{"beginToken":{"kind":94,"text":"save"},"endToken":{"kind":94,"text":"save"}},"identifier":"save"},"scope":{"!":"com.github.javaparser.ast.expr.NameExpr","range":{"beginLine":26,"beginColumn":6,"endLine":26,"endColumn":6},"tokenRange":{"beginToken":{"kind":94,"text":"s"},"endToken":{"kind":94,"text":"s"}},"name":{"!":"com.github.javaparser.ast.expr.SimpleName","range":{"beginLine":26,"beginColumn":6,"endLine":26,"endColumn":6},"tokenRange":{"beginToken":{"kind":94,"text":"s"},"endToken":{"kind":94,"text":"s"}},"identifier":"s"}}}},{"!":"com.github.javaparser.ast.stmt.ExpressionStmt","range":{"beginLine":28,"beginColumn":6,"endLine":28,"endColumn":41},"tokenRange":{"beginToken":{"kind":94,"text":"Parent"},"endToken":{"kind":103,"text":";"}},"expression":{"!":"com.github.javaparser.ast.expr.VariableDeclarationExpr","range":{"beginLine":28,"beginColumn":6,"endLine":28,"endColumn":40},"tokenRange":{"beginToken":{"kind":94,"text":"Parent"},"endToken":{"kind":98,"text":")"}},"annotations":[],"modifiers":[],"variables":[{"!":"com.github.javaparser.ast.body.VariableDeclarator","range":{"beginLine":28,"beginColumn":13,"endLine":28,"endColumn":40},"tokenRange":{"beginToken":{"kind":94,"text":"p2"},"endToken":{"kind":98,"text":")"}},"initializer":{"!":"com.github.javaparser.ast.expr.ObjectCreationExpr","range":{"beginLine":28,"beginColumn":18,"endLine":28,"endColumn":40},"tokenRange":{"beginToken":{"kind":42,"text":"new"},"endToken":{"kind":98,"text":")"}},"arguments":[{"!":"com.github.javaparser.ast.expr.StringLiteralExpr","range":{"beginLine":28,"beginColumn":30,"endLine":28,"endColumn":38},"tokenRange":{"beginToken":{"kind":90,"text":"\"parent2\""},"endToken":{"kind":90,"text":"\"parent2\""}},"value":"parent2"}],"type":{"!":"com.github.javaparser.ast.type.ClassOrInterfaceType","range":{"beginLine":28,"beginColumn":22,"endLine":28,"endColumn":27},"tokenRange":{"beginToken":{"kind":94,"text":"Parent"},"endToken":{"kind":94,"text":"Parent"}},"name":{"!":"com.github.javaparser.ast.expr.SimpleName","range":{"beginLine":28,"beginColumn":22,"endLine":28,"endColumn":27},"tokenRange":{"beginToken":{"kind":94,"text":"Parent"},"endToken":{"kind":94,"text":"Parent"}},"identifier":"Parent"},"annotations":[]}},"name":{"!":"com.github.javaparser.ast.expr.SimpleName","range":{"beginLine":28,"beginColumn":13,"endLine":28,"endColumn":14},"tokenRange":{"beginToken":{"kind":94,"text":"p2"},"endToken":{"kind":94,"text":"p2"}},"identifier":"p2"},"type":{"!":"com.github.javaparser.ast.type.ClassOrInterfaceType","range":{"beginLine":28,"beginColumn":6,"endLine":28,"endColumn":11},"tokenRange":{"beginToken":{"kind":94,"text":"Parent"},"endToken":{"kind":94,"text":"Parent"}},"name":{"!":"com.github.javaparser.ast.expr.SimpleName","range":{"beginLine":28,"beginColumn":6,"endLine":28,"endColumn":11},"tokenRange":{"beginToken":{"kind":94,"text":"Parent"},"endToken":{"kind":94,"text":"Parent"}},"identifier":"Parent"},"annotations":[]}}]}},{"!":"com.github.javaparser.ast.stmt.ExpressionStmt","range":{"beginLine":29,"beginColumn":6,"endLine":29,"endColumn":30},"tokenRange":{"beginToken":{"kind":94,"text":"p2"},"endToken":{"kind":103,"text":";"}},"expression":{"!":"com.github.javaparser.ast.expr.MethodCallExpr","range":{"beginLine":29,"beginColumn":6,"endLine":29,"endColumn":29},"tokenRange":{"beginToken":{"kind":94,"text":"p2"},"endToken":{"kind":98,"text":")"}},"arguments":[{"!":"com.github.javaparser.ast.expr.NameExpr","range":{"beginLine":29,"beginColumn":19,"endLine":29,"endColumn":27},"tokenRange":{"beginToken":{"kind":94,"text":"child_2_1"},"endToken":{"kind":94,"text":"child_2_1"}},"name":{"!":"com.github.javaparser.ast.expr.SimpleName","range":{"beginLine":29,"beginColumn":19,"endLine":29,"endColumn":27},"tokenRange":{"beginToken":{"kind":94,"text":"child_2_1"},"endToken":{"kind":94,"text":"child_2_1"}},"identifier":"child_2_1"}}],"name":{"!":"com.github.javaparser.ast.expr.SimpleName","range":{"beginLine":29,"beginColumn":9,"endLine":29,"endColumn":16},"tokenRange":{"beginToken":{"kind":94,"text":"addChild"},"endToken":{"kind":94,"text":"addChild"}},"identifier":"addChild"},"scope":{"!":"com.github.javaparser.ast.expr.NameExpr","range":{"beginLine":29,"beginColumn":6,"endLine":29,"endColumn":7},"tokenRange":{"beginToken":{"kind":94,"text":"p2"},"endToken":{"kind":94,"text":"p2"}},"name":{"!":"com.github.javaparser.ast.expr.SimpleName","range":{"beginLine":29,"beginColumn":6,"endLine":29,"endColumn":7},"tokenRange":{"beginToken":{"kind":94,"text":"p2"},"endToken":{"kind":94,"text":"p2"}},"identifier":"p2"}}}},{"!":"com.github.javaparser.ast.stmt.ExpressionStmt","range":{"beginLine":30,"beginColumn":6,"endLine":30,"endColumn":30},"tokenRange":{"beginToken":{"kind":94,"text":"p2"},"endToken":{"kind":103,"text":";"}},"expression":{"!":"com.github.javaparser.ast.expr.MethodCallExpr","range":{"beginLine":30,"beginColumn":6,"endLine":30,"endColumn":29},"tokenRange":{"beginToken":{"kind":94,"text":"p2"},"endToken":{"kind":98,"text":")"}},"arguments":[{"!":"com.github.javaparser.ast.expr.NameExpr","range":{"beginLine":30,"beginColumn":19,"endLine":30,"endColumn":27},"tokenRange":{"beginToken":{"kind":94,"text":"child_2_2"},"endToken":{"kind":94,"text":"child_2_2"}},"name":{"!":"com.github.javaparser.ast.expr.SimpleName","range":{"beginLine":30,"beginColumn":19,"endLine":30,"endColumn":27},"tokenRange":{"beginToken":{"kind":94,"text":"child_2_2"},"endToken":{"kind":94,"text":"child_2_2"}},"identifier":"child_2_2"}}],"name":{"!":"com.github.javaparser.ast.expr.SimpleName","range":{"beginLine":30,"beginColumn":9,"endLine":30,"endColumn":16},"tokenRange":{"beginToken":{"kind":94,"text":"addChild"},"endToken":{"kind":94,"text":"addChild"}},"identifier":"addChild"},"scope":{"!":"com.github.javaparser.ast.expr.NameExpr","range":{"beginLine":30,"beginColumn":6,"endLine":30,"endColumn":7},"tokenRange":{"beginToken":{"kind":94,"text":"p2"},"endToken":{"kind":94,"text":"p2"}},"name":{"!":"com.github.javaparser.ast.expr.SimpleName","range":{"beginLine":30,"beginColumn":6,"endLine":30,"endColumn":7},"tokenRange":{"beginToken":{"kind":94,"text":"p2"},"endToken":{"kind":94,"text":"p2"}},"identifier":"p2"}}}},{"!":"com.github.javaparser.ast.stmt.ExpressionStmt","range":{"beginLine":31,"beginColumn":6,"endLine":31,"endColumn":30},"tokenRange":{"beginToken":{"kind":94,"text":"p2"},"endToken":{"kind":103,"text":";"}},"expression":{"!":"com.github.javaparser.ast.expr.MethodCallExpr","range":{"beginLine":31,"beginColumn":6,"endLine":31,"endColumn":29},"tokenRange":{"beginToken":{"kind":94,"text":"p2"},"endToken":{"kind":98,"text":")"}},"arguments":[{"!":"com.github.javaparser.ast.expr.NameExpr","range":{"beginLine":31,"beginColumn":19,"endLine":31,"endColumn":27},"tokenRange":{"beginToken":{"kind":94,"text":"child_2_3"},"endToken":{"kind":94,"text":"child_2_3"}},"name":{"!":"com.github.javaparser.ast.expr.SimpleName","range":{"beginLine":31,"beginColumn":19,"endLine":31,"endColumn":27},"tokenRange":{"beginToken":{"kind":94,"text":"child_2_3"},"endToken":{"kind":94,"text":"child_2_3"}},"identifier":"child_2_3"}}],"name":{"!":"com.github.javaparser.ast.expr.SimpleName","range":{"beginLine":31,"beginColumn":9,"endLine":31,"endColumn":16},"tokenRange":{"beginToken":{"kind":94,"text":"addChild"},"endToken":{"kind":94,"text":"addChild"}},"identifier":"addChild"},"scope":{"!":"com.github.javaparser.ast.expr.NameExpr","range":{"beginLine":31,"beginColumn":6,"endLine":31,"endColumn":7},"tokenRange":{"beginToken":{"kind":94,"text":"p2"},"endToken":{"kind":94,"text":"p2"}},"name":{"!":"com.github.javaparser.ast.expr.SimpleName","range":{"beginLine":31,"beginColumn":6,"endLine":31,"endColumn":7},"tokenRange":{"beginToken":{"kind":94,"text":"p2"},"endToken":{"kind":94,"text":"p2"}},"identifier":"p2"}}}},{"!":"com.github.javaparser.ast.stmt.ExpressionStmt","range":{"beginLine":32,"beginColumn":6,"endLine":32,"endColumn":18},"tokenRange":{"beginToken":{"kind":94,"text":"s"},"endToken":{"kind":103,"text":";"}},"expression":{"!":"com.github.javaparser.ast.expr.MethodCallExpr","range":{"beginLine":32,"beginColumn":6,"endLine":32,"endColumn":17},"tokenRange":{"beginToken":{"kind":94,"text":"s"},"endToken":{"kind":98,"text":")"}},"arguments":[{"!":"com.github.javaparser.ast.expr.NameExpr","range":{"beginLine":32,"beginColumn":14,"endLine":32,"endColumn":15},"tokenRange":{"beginToken":{"kind":94,"text":"p2"},"endToken":{"kind":94,"text":"p2"}},"name":{"!":"com.github.javaparser.ast.expr.SimpleName","range":{"beginLine":32,"beginColumn":14,"endLine":32,"endColumn":15},"tokenRange":{"beginToken":{"kind":94,"text":"p2"},"endToken":{"kind":94,"text":"p2"}},"identifier":"p2"}}],"name":{"!":"com.github.javaparser.ast.expr.SimpleName","range":{"beginLine":32,"beginColumn":8,"endLine":32,"endColumn":11},"tokenRange":{"beginToken":{"kind":94,"text":"save"},"endToken":{"kind":94,"text":"save"}},"identifier":"save"},"scope":{"!":"com.github.javaparser.ast.expr.NameExpr","range":{"beginLine":32,"beginColumn":6,"endLine":32,"endColumn":6},"tokenRange":{"beginToken":{"kind":94,"text":"s"},"endToken":{"kind":94,"text":"s"}},"name":{"!":"com.github.javaparser.ast.expr.SimpleName","range":{"beginLine":32,"beginColumn":6,"endLine":32,"endColumn":6},"tokenRange":{"beginToken":{"kind":94,"text":"s"},"endToken":{"kind":94,"text":"s"}},"identifier":"s"}}}},{"!":"com.github.javaparser.ast.stmt.ExpressionStmt","range":{"beginLine":34,"beginColumn":6,"endLine":34,"endColumn":16},"tokenRange":{"beginToken":{"kind":94,"text":"t"},"endToken":{"kind":103,"text":";"}},"expression":{"!":"com.github.javaparser.ast.expr.MethodCallExpr","range":{"beginLine":34,"beginColumn":6,"endLine":34,"endColumn":15},"tokenRange":{"beginToken":{"kind":94,"text":"t"},"endToken":{"kind":98,"text":")"}},"arguments":[],"name":{"!":"com.github.javaparser.ast.expr.SimpleName","range":{"beginLine":34,"beginColumn":8,"endLine":34,"endColumn":13},"tokenRange":{"beginToken":{"kind":94,"text":"commit"},"endToken":{"kind":94,"text":"commit"}},"identifier":"commit"},"scope":{"!":"com.github.javaparser.ast.expr.NameExpr","range":{"beginLine":34,"beginColumn":6,"endLine":34,"endColumn":6},"tokenRange":{"beginToken":{"kind":94,"text":"t"},"endToken":{"kind":94,"text":"t"}},"name":{"!":"com.github.javaparser.ast.expr.SimpleName","range":{"beginLine":34,"beginColumn":6,"endLine":34,"endColumn":6},"tokenRange":{"beginToken":{"kind":94,"text":"t"},"endToken":{"kind":94,"text":"t"}},"identifier":"t"}}}},{"!":"com.github.javaparser.ast.stmt.ExpressionStmt","range":{"beginLine":35,"beginColumn":6,"endLine":35,"endColumn":15},"tokenRange":{"beginToken":{"kind":94,"text":"s"},"endToken":{"kind":103,"text":";"}},"expression":{"!":"com.github.javaparser.ast.expr.MethodCallExpr","range":{"beginLine":35,"beginColumn":6,"endLine":35,"endColumn":14},"tokenRange":{"beginToken":{"kind":94,"text":"s"},"endToken":{"kind":98,"text":")"}},"arguments":[],"name":{"!":"com.github.javaparser.ast.expr.SimpleName","range":{"beginLine":35,"beginColumn":8,"endLine":35,"endColumn":12},"tokenRange":{"beginToken":{"kind":94,"text":"close"},"endToken":{"kind":94,"text":"close"}},"identifier":"close"},"scope":{"!":"com.github.javaparser.ast.expr.NameExpr","range":{"beginLine":35,"beginColumn":6,"endLine":35,"endColumn":6},"tokenRange":{"beginToken":{"kind":94,"text":"s"},"endToken":{"kind":94,"text":"s"}},"name":{"!":"com.github.javaparser.ast.expr.SimpleName","range":{"beginLine":35,"beginColumn":6,"endLine":35,"endColumn":6},"tokenRange":{"beginToken":{"kind":94,"text":"s"},"endToken":{"kind":94,"text":"s"}},"identifier":"s"}}}}]},"type":{"!":"com.github.javaparser.ast.type.VoidType","range":{"beginLine":3,"beginColumn":12,"endLine":3,"endColumn":15},"tokenRange":{"beginToken":{"kind":62,"text":"void"},"endToken":{"kind":62,"text":"void"}},"annotations":[]},"modifiers":[{"!":"com.github.javaparser.ast.Modifier","range":{"beginLine":3,"beginColumn":2,"endLine":3,"endColumn":10},"tokenRange":{"beginToken":{"kind":46,"text":"protected"},"endToken":{"kind":46,"text":"protected"}},"keyword":"PROTECTED"}],"name":{"!":"com.github.javaparser.ast.expr.SimpleName","range":{"beginLine":3,"beginColumn":17,"endLine":3,"endColumn":27},"tokenRange":{"beginToken":{"kind":94,"text":"prepareTest"},"endToken":{"kind":94,"text":"prepareTest"}},"identifier":"prepareTest"},"parameters":[],"thrownExceptions":[{"!":"com.github.javaparser.ast.type.ClassOrInterfaceType","range":{"beginLine":3,"beginColumn":38,"endLine":3,"endColumn":46},"tokenRange":{"beginToken":{"kind":94,"text":"Exception"},"endToken":{"kind":94,"text":"Exception"}},"name":{"!":"com.github.javaparser.ast.expr.SimpleName","range":{"beginLine":3,"beginColumn":38,"endLine":3,"endColumn":46},"tokenRange":{"beginToken":{"kind":94,"text":"Exception"},"endToken":{"kind":94,"text":"Exception"}},"identifier":"Exception"},"annotations":[]}],"typeParameters":[],"annotations":[{"!":"com.github.javaparser.ast.expr.MarkerAnnotationExpr","range":{"beginLine":2,"beginColumn":2,"endLine":2,"endColumn":10},"tokenRange":{"beginToken":{"kind":107,"text":"@"},"endToken":{"kind":94,"text":"Override"}},"name":{"!":"com.github.javaparser.ast.expr.Name","range":{"beginLine":2,"beginColumn":3,"endLine":2,"endColumn":10},"tokenRange":{"beginToken":{"kind":94,"text":"Override"},"endToken":{"kind":94,"text":"Override"}},"identifier":"Override"}}]}],"modifiers":[],"name":{"!":"com.github.javaparser.ast.expr.SimpleName","range":{"beginLine":1,"beginColumn":7,"endLine":1,"endColumn":10},"tokenRange":{"beginToken":{"kind":94,"text":"Test"},"endToken":{"kind":94,"text":"Test"}},"identifier":"Test"},"annotations":[]}]}