{"!":"com.github.javaparser.ast.CompilationUnit","range":{"beginLine":1,"beginColumn":1,"endLine":13,"endColumn":2},"tokenRange":{"beginToken":{"kind":19,"text":"class"},"endToken":{"kind":0,"text":""}},"imports":[],"types":[{"!":"com.github.javaparser.ast.body.ClassOrInterfaceDeclaration","range":{"beginLine":1,"beginColumn":1,"endLine":13,"endColumn":2},"tokenRange":{"beginToken":{"kind":19,"text":"class"},"endToken":{"kind":100,"text":"}"}},"extendedTypes":[],"implementedTypes":[],"isInterface":"false","typeParameters":[],"members":[{"!":"com.github.javaparser.ast.body.MethodDeclaration","range":{"beginLine":2,"beginColumn":5,"endLine":11,"endColumn":5},"tokenRange":{"beginToken":{"kind":107,"text":"@"},"endToken":{"kind":100,"text":"}"}},"body":{"!":"com.github.javaparser.ast.stmt.BlockStmt","range":{"beginLine":4,"beginColumn":30,"endLine":11,"endColumn":5},"tokenRange":{"beginToken":{"kind":99,"text":"{"},"endToken":{"kind":100,"text":"}"}},"statements":[{"!":"com.github.javaparser.ast.stmt.ExpressionStmt","range":{"beginLine":5,"beginColumn":9,"endLine":5,"endColumn":70},"tokenRange":{"beginToken":{"kind":94,"text":"thrown"},"endToken":{"kind":103,"text":";"}},"expression":{"!":"com.github.javaparser.ast.expr.MethodCallExpr","range":{"beginLine":5,"beginColumn":9,"endLine":5,"endColumn":69},"tokenRange":{"beginToken":{"kind":94,"text":"thrown"},"endToken":{"kind":98,"text":")"}},"arguments":[{"!":"com.github.javaparser.ast.expr.StringLiteralExpr","range":{"beginLine":5,"beginColumn":30,"endLine":5,"endColumn":68},"tokenRange":{"beginToken":{"kind":90,"text":"\"test timed out after 100 milliseconds\""},"endToken":{"kind":90,"text":"\"test timed out after 100 milliseconds\""}},"value":"test timed out after 100 milliseconds"}],"name":{"!":"com.github.javaparser.ast.expr.SimpleName","range":{"beginLine":5,"beginColumn":16,"endLine":5,"endColumn":28},"tokenRange":{"beginToken":{"kind":94,"text":"expectMessage"},"endToken":{"kind":94,"text":"expectMessage"}},"identifier":"expectMessage"},"scope":{"!":"com.github.javaparser.ast.expr.NameExpr","range":{"beginLine":5,"beginColumn":9,"endLine":5,"endColumn":14},"tokenRange":{"beginToken":{"kind":94,"text":"thrown"},"endToken":{"kind":94,"text":"thrown"}},"name":{"!":"com.github.javaparser.ast.expr.SimpleName","range":{"beginLine":5,"beginColumn":9,"endLine":5,"endColumn":14},"tokenRange":{"beginToken":{"kind":94,"text":"thrown"},"endToken":{"kind":94,"text":"thrown"}},"identifier":"thrown"}}}},{"!":"com.github.javaparser.ast.stmt.TryStmt","range":{"beginLine":6,"beginColumn":9,"endLine":9,"endColumn":9},"tokenRange":{"beginToken":{"kind":61,"text":"try"},"endToken":{"kind":100,"text":"}"}},"catchClauses":[{"!":"com.github.javaparser.ast.stmt.CatchClause","range":{"beginLine":8,"beginColumn":11,"endLine":9,"endColumn":9},"tokenRange":{"beginToken":{"kind":17,"text":"catch"},"endToken":{"kind":100,"text":"}"}},"body":{"!":"com.github.javaparser.ast.stmt.BlockStmt","range":{"beginLine":8,"beginColumn":38,"endLine":9,"endColumn":9},"tokenRange":{"beginToken":{"kind":99,"text":"{"},"endToken":{"kind":100,"text":"}"}},"statements":[]},"parameter":{"!":"com.github.javaparser.ast.body.Parameter","range":{"beginLine":8,"beginColumn":18,"endLine":8,"endColumn":35},"tokenRange":{"beginToken":{"kind":94,"text":"Throwable"},"endToken":{"kind":94,"text":"expected"}},"annotations":[],"isVarArgs":"false","modifiers":[],"name":{"!":"com.github.javaparser.ast.expr.SimpleName","range":{"beginLine":8,"beginColumn":28,"endLine":8,"endColumn":35},"tokenRange":{"beginToken":{"kind":94,"text":"expected"},"endToken":{"kind":94,"text":"expected"}},"identifier":"expected"},"type":{"!":"com.github.javaparser.ast.type.ClassOrInterfaceType","range":{"beginLine":8,"beginColumn":18,"endLine":8,"endColumn":26},"tokenRange":{"beginToken":{"kind":94,"text":"Throwable"},"endToken":{"kind":94,"text":"Throwable"}},"name":{"!":"com.github.javaparser.ast.expr.SimpleName","range":{"beginLine":8,"beginColumn":18,"endLine":8,"endColumn":26},"tokenRange":{"beginToken":{"kind":94,"text":"Throwable"},"endToken":{"kind":94,"text":"Throwable"}},"identifier":"Throwable"},"annotations":[]},"varArgsAnnotations":[]}}],"resources":[],"tryBlock":{"!":"com.github.javaparser.ast.stmt.BlockStmt","range":{"beginLine":6,"beginColumn":13,"endLine":8,"endColumn":9},"tokenRange":{"beginToken":{"kind":99,"text":"{"},"endToken":{"kind":100,"text":"}"}},"statements":[{"!":"com.github.javaparser.ast.stmt.ExpressionStmt","range":{"beginLine":7,"beginColumn":13,"endLine":7,"endColumn":58},"tokenRange":{"beginToken":{"kind":94,"text":"evaluateWithException"},"endToken":{"kind":103,"text":";"}},"expression":{"!":"com.github.javaparser.ast.expr.MethodCallExpr","range":{"beginLine":7,"beginColumn":13,"endLine":7,"endColumn":57},"tokenRange":{"beginToken":{"kind":94,"text":"evaluateWithException"},"endToken":{"kind":98,"text":")"}},"arguments":[{"!":"com.github.javaparser.ast.expr.ObjectCreationExpr","range":{"beginLine":7,"beginColumn":35,"endLine":7,"endColumn":56},"tokenRange":{"beginToken":{"kind":42,"text":"new"},"endToken":{"kind":98,"text":")"}},"arguments":[],"type":{"!":"com.github.javaparser.ast.type.ClassOrInterfaceType","range":{"beginLine":7,"beginColumn":39,"endLine":7,"endColumn":54},"tokenRange":{"beginToken":{"kind":94,"text":"RuntimeException"},"endToken":{"kind":94,"text":"RuntimeException"}},"name":{"!":"com.github.javaparser.ast.expr.SimpleName","range":{"beginLine":7,"beginColumn":39,"endLine":7,"endColumn":54},"tokenRange":{"beginToken":{"kind":94,"text":"RuntimeException"},"endToken":{"kind":94,"text":"RuntimeException"}},"identifier":"RuntimeException"},"annotations":[]}}],"name":{"!":"com.github.javaparser.ast.expr.SimpleName","range":{"beginLine":7,"beginColumn":13,"endLine":7,"endColumn":33},"tokenRange":{"beginToken":{"kind":94,"text":"evaluateWithException"},"endToken":{"kind":94,"text":"evaluateWithException"}},"identifier":"evaluateWithException"}}}]}},{"!":"com.github.javaparser.ast.stmt.ExpressionStmt","range":{"beginLine":10,"beginColumn":9,"endLine":10,"endColumn":47},"tokenRange":{"beginToken":{"kind":94,"text":"evaluateWithWaitDuration"},"endToken":{"kind":103,"text":";"}},"expression":{"!":"com.github.javaparser.ast.expr.MethodCallExpr","range":{"beginLine":10,"beginColumn":9,"endLine":10,"endColumn":46},"tokenRange":{"beginToken":{"kind":94,"text":"evaluateWithWaitDuration"},"endToken":{"kind":98,"text":")"}},"arguments":[{"!":"com.github.javaparser.ast.expr.BinaryExpr","range":{"beginLine":10,"beginColumn":34,"endLine":10,"endColumn":45},"tokenRange":{"beginToken":{"kind":94,"text":"TIMEOUT"},"endToken":{"kind":77,"text":"50"}},"left":{"!":"com.github.javaparser.ast.expr.NameExpr","range":{"beginLine":10,"beginColumn":34,"endLine":10,"endColumn":40},"tokenRange":{"beginToken":{"kind":94,"text":"TIMEOUT"},"endToken":{"kind":94,"text":"TIMEOUT"}},"name":{"!":"com.github.javaparser.ast.expr.SimpleName","range":{"beginLine":10,"beginColumn":34,"endLine":10,"endColumn":40},"tokenRange":{"beginToken":{"kind":94,"text":"TIMEOUT"},"endToken":{"kind":94,"text":"TIMEOUT"}},"identifier":"TIMEOUT"}},"operator":"PLUS","right":{"!":"com.github.javaparser.ast.expr.IntegerLiteralExpr","range":{"beginLine":10,"beginColumn":44,"endLine":10,"endColumn":45},"tokenRange":{"beginToken":{"kind":77,"text":"50"},"endToken":{"kind":77,"text":"50"}},"value":"50"}}],"name":{"!":"com.github.javaparser.ast.expr.SimpleName","range":{"beginLine":10,"beginColumn":9,"endLine":10,"endColumn":32},"tokenRange":{"beginToken":{"kind":94,"text":"evaluateWithWaitDuration"},"endToken":{"kind":94,"text":"evaluateWithWaitDuration"}},"identifier":"evaluateWithWaitDuration"}}}]},"type":{"!":"com.github.javaparser.ast.type.VoidType","range":{"beginLine":3,"beginColumn":12,"endLine":3,"endColumn":15},"tokenRange":{"beginToken":{"kind":62,"text":"void"},"endToken":{"kind":62,"text":"void"}},"annotations":[]},"modifiers":[{"!":"com.github.javaparser.ast.Modifier","range":{"beginLine":3,"beginColumn":5,"endLine":3,"endColumn":10},"tokenRange":{"beginToken":{"kind":47,"text":"public"},"endToken":{"kind":47,"text":"public"}},"keyword":"PUBLIC"}],"name":{"!":"com.github.javaparser.ast.expr.SimpleName","range":{"beginLine":3,"beginColumn":17,"endLine":3,"endColumn":81},"tokenRange":{"beginToken":{"kind":94,"text":"throwTimeoutExceptionOnSecondCallAlthoughFirstCallThrowsException"},"endToken":{"kind":94,"text":"throwTimeoutExceptionOnSecondCallAlthoughFirstCallThrowsException"}},"identifier":"throwTimeoutExceptionOnSecondCallAlthoughFirstCallThrowsException"},"parameters":[],"thrownExceptions":[{"!":"com.github.javaparser.ast.type.ClassOrInterfaceType","range":{"beginLine":4,"beginColumn":20,"endLine":4,"endColumn":28},"tokenRange":{"beginToken":{"kind":94,"text":"Throwable"},"endToken":{"kind":94,"text":"Throwable"}},"name":{"!":"com.github.javaparser.ast.expr.SimpleName","range":{"beginLine":4,"beginColumn":20,"endLine":4,"endColumn":28},"tokenRange":{"beginToken":{"kind":94,"text":"Throwable"},"endToken":{"kind":94,"text":"Throwable"}},"identifier":"Throwable"},"annotations":[]}],"typeParameters":[],"annotations":[{"!":"com.github.javaparser.ast.expr.MarkerAnnotationExpr","range":{"beginLine":2,"beginColumn":5,"endLine":2,"endColumn":9},"tokenRange":{"beginToken":{"kind":107,"text":"@"},"endToken":{"kind":94,"text":"Test"}},"name":{"!":"com.github.javaparser.ast.expr.Name","range":{"beginLine":2,"beginColumn":6,"endLine":2,"endColumn":9},"tokenRange":{"beginToken":{"kind":94,"text":"Test"},"endToken":{"kind":94,"text":"Test"}},"identifier":"Test"}}]}],"modifiers":[],"name":{"!":"com.github.javaparser.ast.expr.SimpleName","range":{"beginLine":1,"beginColumn":7,"endLine":1,"endColumn":10},"tokenRange":{"beginToken":{"kind":94,"text":"Test"},"endToken":{"kind":94,"text":"Test"}},"identifier":"Test"},"annotations":[]}]}