{"!":"com.github.javaparser.ast.CompilationUnit","range":{"beginLine":1,"beginColumn":1,"endLine":14,"endColumn":2},"tokenRange":{"beginToken":{"kind":19,"text":"class"},"endToken":{"kind":0,"text":""}},"imports":[],"types":[{"!":"com.github.javaparser.ast.body.ClassOrInterfaceDeclaration","range":{"beginLine":1,"beginColumn":1,"endLine":14,"endColumn":2},"tokenRange":{"beginToken":{"kind":19,"text":"class"},"endToken":{"kind":100,"text":"}"}},"extendedTypes":[],"implementedTypes":[],"isInterface":"false","typeParameters":[],"members":[{"!":"com.github.javaparser.ast.body.MethodDeclaration","range":{"beginLine":2,"beginColumn":2,"endLine":12,"endColumn":2},"tokenRange":{"beginToken":{"kind":107,"text":"@"},"endToken":{"kind":100,"text":"}"}},"body":{"!":"com.github.javaparser.ast.stmt.BlockStmt","range":{"beginLine":3,"beginColumn":38,"endLine":12,"endColumn":2},"tokenRange":{"beginToken":{"kind":99,"text":"{"},"endToken":{"kind":100,"text":"}"}},"statements":[{"!":"com.github.javaparser.ast.stmt.ExpressionStmt","range":{"beginLine":4,"beginColumn":3,"endLine":11,"endColumn":4},"tokenRange":{"beginToken":{"kind":94,"text":"assertEquals"},"endToken":{"kind":103,"text":";"}},"expression":{"!":"com.github.javaparser.ast.expr.MethodCallExpr","range":{"beginLine":4,"beginColumn":3,"endLine":11,"endColumn":3},"tokenRange":{"beginToken":{"kind":94,"text":"assertEquals"},"endToken":{"kind":98,"text":")"}},"arguments":[{"!":"com.github.javaparser.ast.expr.MethodCallExpr","range":{"beginLine":5,"beginColumn":5,"endLine":5,"endColumn":36},"tokenRange":{"beginToken":{"kind":94,"text":"TestTools"},"endToken":{"kind":98,"text":")"}},"arguments":[{"!":"com.github.javaparser.ast.expr.StringLiteralExpr","range":{"beginLine":5,"beginColumn":24,"endLine":5,"endColumn":34},"tokenRange":{"beginToken":{"kind":90,"text":"\"comp1_MOD\""},"endToken":{"kind":90,"text":"\"comp1_MOD\""}},"value":"comp1_MOD"}],"name":{"!":"com.github.javaparser.ast.expr.SimpleName","range":{"beginLine":5,"beginColumn":15,"endLine":5,"endColumn":21},"tokenRange":{"beginToken":{"kind":94,"text":"makeSet"},"endToken":{"kind":94,"text":"makeSet"}},"identifier":"makeSet"},"scope":{"!":"com.github.javaparser.ast.expr.NameExpr","range":{"beginLine":5,"beginColumn":5,"endLine":5,"endColumn":13},"tokenRange":{"beginToken":{"kind":94,"text":"TestTools"},"endToken":{"kind":94,"text":"TestTools"}},"name":{"!":"com.github.javaparser.ast.expr.SimpleName","range":{"beginLine":5,"beginColumn":5,"endLine":5,"endColumn":13},"tokenRange":{"beginToken":{"kind":94,"text":"TestTools"},"endToken":{"kind":94,"text":"TestTools"}},"identifier":"TestTools"}}},{"!":"com.github.javaparser.ast.expr.MethodCallExpr","range":{"beginLine":6,"beginColumn":5,"endLine":10,"endColumn":5},"tokenRange":{"beginToken":{"kind":94,"text":"TestTools"},"endToken":{"kind":98,"text":")"}},"arguments":[{"!":"com.github.javaparser.ast.expr.MethodCallExpr","range":{"beginLine":7,"beginColumn":7,"endLine":9,"endColumn":7},"tokenRange":{"beginToken":{"kind":94,"text":"getCfg"},"endToken":{"kind":98,"text":")"}},"arguments":[{"!":"com.github.javaparser.ast.expr.StringLiteralExpr","range":{"beginLine":8,"beginColumn":9,"endLine":8,"endColumn":79},"tokenRange":{"beginToken":{"kind":90,"text":"\"org.hibernate.envers.test.entities.components.ComponentTestEntity_AUD\""},"endToken":{"kind":90,"text":"\"org.hibernate.envers.test.entities.components.ComponentTestEntity_AUD\""}},"value":"org.hibernate.envers.test.entities.components.ComponentTestEntity_AUD"}],"name":{"!":"com.github.javaparser.ast.expr.SimpleName","range":{"beginLine":7,"beginColumn":16,"endLine":7,"endColumn":30},"tokenRange":{"beginToken":{"kind":94,"text":"getClassMapping"},"endToken":{"kind":94,"text":"getClassMapping"}},"identifier":"getClassMapping"},"scope":{"!":"com.github.javaparser.ast.expr.MethodCallExpr","range":{"beginLine":7,"beginColumn":7,"endLine":7,"endColumn":14},"tokenRange":{"beginToken":{"kind":94,"text":"getCfg"},"endToken":{"kind":98,"text":")"}},"arguments":[],"name":{"!":"com.github.javaparser.ast.expr.SimpleName","range":{"beginLine":7,"beginColumn":7,"endLine":7,"endColumn":12},"tokenRange":{"beginToken":{"kind":94,"text":"getCfg"},"endToken":{"kind":94,"text":"getCfg"}},"identifier":"getCfg"}}}],"name":{"!":"com.github.javaparser.ast.expr.SimpleName","range":{"beginLine":6,"beginColumn":15,"endLine":6,"endColumn":34},"tokenRange":{"beginToken":{"kind":94,"text":"extractModProperties"},"endToken":{"kind":94,"text":"extractModProperties"}},"identifier":"extractModProperties"},"scope":{"!":"com.github.javaparser.ast.expr.NameExpr","range":{"beginLine":6,"beginColumn":5,"endLine":6,"endColumn":13},"tokenRange":{"beginToken":{"kind":94,"text":"TestTools"},"endToken":{"kind":94,"text":"TestTools"}},"name":{"!":"com.github.javaparser.ast.expr.SimpleName","range":{"beginLine":6,"beginColumn":5,"endLine":6,"endColumn":13},"tokenRange":{"beginToken":{"kind":94,"text":"TestTools"},"endToken":{"kind":94,"text":"TestTools"}},"identifier":"TestTools"}}}],"name":{"!":"com.github.javaparser.ast.expr.SimpleName","range":{"beginLine":4,"beginColumn":3,"endLine":4,"endColumn":14},"tokenRange":{"beginToken":{"kind":94,"text":"assertEquals"},"endToken":{"kind":94,"text":"assertEquals"}},"identifier":"assertEquals"}}}]},"type":{"!":"com.github.javaparser.ast.type.VoidType","range":{"beginLine":3,"beginColumn":9,"endLine":3,"endColumn":12},"tokenRange":{"beginToken":{"kind":62,"text":"void"},"endToken":{"kind":62,"text":"void"}},"annotations":[]},"modifiers":[{"!":"com.github.javaparser.ast.Modifier","range":{"beginLine":3,"beginColumn":2,"endLine":3,"endColumn":7},"tokenRange":{"beginToken":{"kind":47,"text":"public"},"endToken":{"kind":47,"text":"public"}},"keyword":"PUBLIC"}],"name":{"!":"com.github.javaparser.ast.expr.SimpleName","range":{"beginLine":3,"beginColumn":14,"endLine":3,"endColumn":34},"tokenRange":{"beginToken":{"kind":94,"text":"testModFlagProperties"},"endToken":{"kind":94,"text":"testModFlagProperties"}},"identifier":"testModFlagProperties"},"parameters":[],"thrownExceptions":[],"typeParameters":[],"annotations":[{"!":"com.github.javaparser.ast.expr.MarkerAnnotationExpr","range":{"beginLine":2,"beginColumn":2,"endLine":2,"endColumn":6},"tokenRange":{"beginToken":{"kind":107,"text":"@"},"endToken":{"kind":94,"text":"Test"}},"name":{"!":"com.github.javaparser.ast.expr.Name","range":{"beginLine":2,"beginColumn":3,"endLine":2,"endColumn":6},"tokenRange":{"beginToken":{"kind":94,"text":"Test"},"endToken":{"kind":94,"text":"Test"}},"identifier":"Test"}}]}],"modifiers":[],"name":{"!":"com.github.javaparser.ast.expr.SimpleName","range":{"beginLine":1,"beginColumn":7,"endLine":1,"endColumn":10},"tokenRange":{"beginToken":{"kind":94,"text":"Test"},"endToken":{"kind":94,"text":"Test"}},"identifier":"Test"},"annotations":[]}]}