{"!":"com.github.javaparser.ast.CompilationUnit","range":{"beginLine":1,"beginColumn":1,"endLine":19,"endColumn":2},"tokenRange":{"beginToken":{"kind":19,"text":"class"},"endToken":{"kind":0,"text":""}},"imports":[],"types":[{"!":"com.github.javaparser.ast.body.ClassOrInterfaceDeclaration","range":{"beginLine":1,"beginColumn":1,"endLine":19,"endColumn":2},"tokenRange":{"beginToken":{"kind":19,"text":"class"},"endToken":{"kind":100,"text":"}"}},"extendedTypes":[],"implementedTypes":[],"isInterface":"false","typeParameters":[],"members":[{"!":"com.github.javaparser.ast.body.MethodDeclaration","range":{"beginLine":9,"beginColumn":3,"endLine":17,"endColumn":3},"tokenRange":{"beginToken":{"kind":47,"text":"public"},"endToken":{"kind":100,"text":"}"}},"body":{"!":"com.github.javaparser.ast.stmt.BlockStmt","range":{"beginLine":9,"beginColumn":98,"endLine":17,"endColumn":3},"tokenRange":{"beginToken":{"kind":99,"text":"{"},"endToken":{"kind":100,"text":"}"}},"statements":[{"!":"com.github.javaparser.ast.stmt.ReturnStmt","range":{"beginLine":10,"beginColumn":4,"endLine":16,"endColumn":5},"tokenRange":{"beginToken":{"kind":49,"text":"return"},"endToken":{"kind":103,"text":";"}},"expression":{"!":"com.github.javaparser.ast.expr.ObjectCreationExpr","range":{"beginLine":10,"beginColumn":11,"endLine":16,"endColumn":4},"tokenRange":{"beginToken":{"kind":42,"text":"new"},"endToken":{"kind":98,"text":")"}},"arguments":[{"!":"com.github.javaparser.ast.expr.MethodCallExpr","range":{"beginLine":11,"beginColumn":6,"endLine":11,"endColumn":31},"tokenRange":{"beginToken":{"kind":94,"text":"registration"},"endToken":{"kind":98,"text":")"}},"arguments":[],"name":{"!":"com.github.javaparser.ast.expr.SimpleName","range":{"beginLine":11,"beginColumn":19,"endLine":11,"endColumn":29},"tokenRange":{"beginToken":{"kind":94,"text":"getPosition"},"endToken":{"kind":94,"text":"getPosition"}},"identifier":"getPosition"},"scope":{"!":"com.github.javaparser.ast.expr.NameExpr","range":{"beginLine":11,"beginColumn":6,"endLine":11,"endColumn":17},"tokenRange":{"beginToken":{"kind":94,"text":"registration"},"endToken":{"kind":94,"text":"registration"}},"name":{"!":"com.github.javaparser.ast.expr.SimpleName","range":{"beginLine":11,"beginColumn":6,"endLine":11,"endColumn":17},"tokenRange":{"beginToken":{"kind":94,"text":"registration"},"endToken":{"kind":94,"text":"registration"}},"identifier":"registration"}}},{"!":"com.github.javaparser.ast.expr.MethodCallExpr","range":{"beginLine":12,"beginColumn":6,"endLine":12,"endColumn":27},"tokenRange":{"beginToken":{"kind":94,"text":"registration"},"endToken":{"kind":98,"text":")"}},"arguments":[],"name":{"!":"com.github.javaparser.ast.expr.SimpleName","range":{"beginLine":12,"beginColumn":19,"endLine":12,"endColumn":25},"tokenRange":{"beginToken":{"kind":94,"text":"getName"},"endToken":{"kind":94,"text":"getName"}},"identifier":"getName"},"scope":{"!":"com.github.javaparser.ast.expr.NameExpr","range":{"beginLine":12,"beginColumn":6,"endLine":12,"endColumn":17},"tokenRange":{"beginToken":{"kind":94,"text":"registration"},"endToken":{"kind":94,"text":"registration"}},"name":{"!":"com.github.javaparser.ast.expr.SimpleName","range":{"beginLine":12,"beginColumn":6,"endLine":12,"endColumn":17},"tokenRange":{"beginToken":{"kind":94,"text":"registration"},"endToken":{"kind":94,"text":"registration"}},"identifier":"registration"}}},{"!":"com.github.javaparser.ast.expr.MethodCallExpr","range":{"beginLine":13,"beginColumn":6,"endLine":13,"endColumn":27},"tokenRange":{"beginToken":{"kind":94,"text":"registration"},"endToken":{"kind":98,"text":")"}},"arguments":[],"name":{"!":"com.github.javaparser.ast.expr.SimpleName","range":{"beginLine":13,"beginColumn":19,"endLine":13,"endColumn":25},"tokenRange":{"beginToken":{"kind":94,"text":"getMode"},"endToken":{"kind":94,"text":"getMode"}},"identifier":"getMode"},"scope":{"!":"com.github.javaparser.ast.expr.NameExpr","range":{"beginLine":13,"beginColumn":6,"endLine":13,"endColumn":17},"tokenRange":{"beginToken":{"kind":94,"text":"registration"},"endToken":{"kind":94,"text":"registration"}},"name":{"!":"com.github.javaparser.ast.expr.SimpleName","range":{"beginLine":13,"beginColumn":6,"endLine":13,"endColumn":17},"tokenRange":{"beginToken":{"kind":94,"text":"registration"},"endToken":{"kind":94,"text":"registration"}},"identifier":"registration"}}},{"!":"com.github.javaparser.ast.expr.MethodCallExpr","range":{"beginLine":14,"beginColumn":6,"endLine":14,"endColumn":27},"tokenRange":{"beginToken":{"kind":94,"text":"registration"},"endToken":{"kind":98,"text":")"}},"arguments":[],"name":{"!":"com.github.javaparser.ast.expr.SimpleName","range":{"beginLine":14,"beginColumn":19,"endLine":14,"endColumn":25},"tokenRange":{"beginToken":{"kind":94,"text":"getType"},"endToken":{"kind":94,"text":"getType"}},"identifier":"getType"},"scope":{"!":"com.github.javaparser.ast.expr.NameExpr","range":{"beginLine":14,"beginColumn":6,"endLine":14,"endColumn":17},"tokenRange":{"beginToken":{"kind":94,"text":"registration"},"endToken":{"kind":94,"text":"registration"}},"name":{"!":"com.github.javaparser.ast.expr.SimpleName","range":{"beginLine":14,"beginColumn":6,"endLine":14,"endColumn":17},"tokenRange":{"beginToken":{"kind":94,"text":"registration"},"endToken":{"kind":94,"text":"registration"}},"identifier":"registration"}}},{"!":"com.github.javaparser.ast.expr.MethodCallExpr","range":{"beginLine":15,"beginColumn":6,"endLine":15,"endColumn":36},"tokenRange":{"beginToken":{"kind":94,"text":"registration"},"endToken":{"kind":98,"text":")"}},"arguments":[],"name":{"!":"com.github.javaparser.ast.expr.SimpleName","range":{"beginLine":15,"beginColumn":19,"endLine":15,"endColumn":34},"tokenRange":{"beginToken":{"kind":94,"text":"getHibernateType"},"endToken":{"kind":94,"text":"getHibernateType"}},"identifier":"getHibernateType"},"scope":{"!":"com.github.javaparser.ast.expr.NameExpr","range":{"beginLine":15,"beginColumn":6,"endLine":15,"endColumn":17},"tokenRange":{"beginToken":{"kind":94,"text":"registration"},"endToken":{"kind":94,"text":"registration"}},"name":{"!":"com.github.javaparser.ast.expr.SimpleName","range":{"beginLine":15,"beginColumn":6,"endLine":15,"endColumn":17},"tokenRange":{"beginToken":{"kind":94,"text":"registration"},"endToken":{"kind":94,"text":"registration"}},"identifier":"registration"}}}],"type":{"!":"com.github.javaparser.ast.type.ClassOrInterfaceType","range":{"beginLine":10,"beginColumn":15,"endLine":10,"endColumn":30},"tokenRange":{"beginToken":{"kind":94,"text":"ParameterMemento"},"endToken":{"kind":94,"text":"ParameterMemento"}},"name":{"!":"com.github.javaparser.ast.expr.SimpleName","range":{"beginLine":10,"beginColumn":15,"endLine":10,"endColumn":30},"tokenRange":{"beginToken":{"kind":94,"text":"ParameterMemento"},"endToken":{"kind":94,"text":"ParameterMemento"}},"identifier":"ParameterMemento"},"annotations":[]}}}]},"type":{"!":"com.github.javaparser.ast.type.ClassOrInterfaceType","range":{"beginLine":9,"beginColumn":17,"endLine":9,"endColumn":32},"tokenRange":{"beginToken":{"kind":94,"text":"ParameterMemento"},"endToken":{"kind":94,"text":"ParameterMemento"}},"name":{"!":"com.github.javaparser.ast.expr.SimpleName","range":{"beginLine":9,"beginColumn":17,"endLine":9,"endColumn":32},"tokenRange":{"beginToken":{"kind":94,"text":"ParameterMemento"},"endToken":{"kind":94,"text":"ParameterMemento"}},"identifier":"ParameterMemento"},"annotations":[]},"modifiers":[{"!":"com.github.javaparser.ast.Modifier","range":{"beginLine":9,"beginColumn":3,"endLine":9,"endColumn":8},"tokenRange":{"beginToken":{"kind":47,"text":"public"},"endToken":{"kind":47,"text":"public"}},"keyword":"PUBLIC"},{"!":"com.github.javaparser.ast.Modifier","range":{"beginLine":9,"beginColumn":10,"endLine":9,"endColumn":15},"tokenRange":{"beginToken":{"kind":51,"text":"static"},"endToken":{"kind":51,"text":"static"}},"keyword":"STATIC"}],"name":{"!":"com.github.javaparser.ast.expr.SimpleName","range":{"beginLine":9,"beginColumn":34,"endLine":9,"endColumn":49},"tokenRange":{"beginToken":{"kind":94,"text":"fromRegistration"},"endToken":{"kind":94,"text":"fromRegistration"}},"identifier":"fromRegistration"},"parameters":[{"!":"com.github.javaparser.ast.body.Parameter","range":{"beginLine":9,"beginColumn":51,"endLine":9,"endColumn":95},"tokenRange":{"beginToken":{"kind":94,"text":"ParameterRegistrationImplementor"},"endToken":{"kind":94,"text":"registration"}},"annotations":[],"isVarArgs":"false","modifiers":[],"name":{"!":"com.github.javaparser.ast.expr.SimpleName","range":{"beginLine":9,"beginColumn":84,"endLine":9,"endColumn":95},"tokenRange":{"beginToken":{"kind":94,"text":"registration"},"endToken":{"kind":94,"text":"registration"}},"identifier":"registration"},"type":{"!":"com.github.javaparser.ast.type.ClassOrInterfaceType","range":{"beginLine":9,"beginColumn":51,"endLine":9,"endColumn":82},"tokenRange":{"beginToken":{"kind":94,"text":"ParameterRegistrationImplementor"},"endToken":{"kind":94,"text":"ParameterRegistrationImplementor"}},"name":{"!":"com.github.javaparser.ast.expr.SimpleName","range":{"beginLine":9,"beginColumn":51,"endLine":9,"endColumn":82},"tokenRange":{"beginToken":{"kind":94,"text":"ParameterRegistrationImplementor"},"endToken":{"kind":94,"text":"ParameterRegistrationImplementor"}},"identifier":"ParameterRegistrationImplementor"},"annotations":[]},"varArgsAnnotations":[]}],"thrownExceptions":[],"typeParameters":[],"annotations":[],"comment":{"!":"com.github.javaparser.ast.comments.JavadocComment","range":{"beginLine":2,"beginColumn":3,"endLine":8,"endColumn":5},"tokenRange":{"beginToken":{"kind":8,"text":"/**\n\t\t * Build a ParameterMemento from the given parameter registration\n\t\t *\n\t\t * @param registration The parameter registration from a ProcedureCall\n\t\t *\n\t\t * @return The memento\n\t\t */"},"endToken":{"kind":8,"text":"/**\n\t\t * Build a ParameterMemento from the given parameter registration\n\t\t *\n\t\t * @param registration The parameter registration from a ProcedureCall\n\t\t *\n\t\t * @return The memento\n\t\t */"}},"content":"\n\t\t * Build a ParameterMemento from the given parameter registration\n\t\t *\n\t\t * @param registration The parameter registration from a ProcedureCall\n\t\t *\n\t\t * @return The memento\n\t\t "}}],"modifiers":[],"name":{"!":"com.github.javaparser.ast.expr.SimpleName","range":{"beginLine":1,"beginColumn":7,"endLine":1,"endColumn":10},"tokenRange":{"beginToken":{"kind":94,"text":"Test"},"endToken":{"kind":94,"text":"Test"}},"identifier":"Test"},"annotations":[]}]}