{"!":"com.github.javaparser.ast.CompilationUnit","range":{"beginLine":1,"beginColumn":1,"endLine":15,"endColumn":2},"tokenRange":{"beginToken":{"kind":19,"text":"class"},"endToken":{"kind":0,"text":""}},"imports":[],"types":[{"!":"com.github.javaparser.ast.body.ClassOrInterfaceDeclaration","range":{"beginLine":1,"beginColumn":1,"endLine":15,"endColumn":2},"tokenRange":{"beginToken":{"kind":19,"text":"class"},"endToken":{"kind":100,"text":"}"}},"extendedTypes":[],"implementedTypes":[],"isInterface":"false","typeParameters":[],"members":[{"!":"com.github.javaparser.ast.body.MethodDeclaration","range":{"beginLine":2,"beginColumn":2,"endLine":13,"endColumn":2},"tokenRange":{"beginToken":{"kind":45,"text":"private"},"endToken":{"kind":100,"text":"}"}},"body":{"!":"com.github.javaparser.ast.stmt.BlockStmt","range":{"beginLine":2,"beginColumn":68,"endLine":13,"endColumn":2},"tokenRange":{"beginToken":{"kind":99,"text":"{"},"endToken":{"kind":100,"text":"}"}},"statements":[{"!":"com.github.javaparser.ast.stmt.ExpressionStmt","range":{"beginLine":3,"beginColumn":3,"endLine":3,"endColumn":103},"tokenRange":{"beginToken":{"kind":94,"text":"System"},"endToken":{"kind":103,"text":";"}},"expression":{"!":"com.github.javaparser.ast.expr.MethodCallExpr","range":{"beginLine":3,"beginColumn":3,"endLine":3,"endColumn":102},"tokenRange":{"beginToken":{"kind":94,"text":"System"},"endToken":{"kind":98,"text":")"}},"arguments":[{"!":"com.github.javaparser.ast.expr.StringLiteralExpr","range":{"beginLine":3,"beginColumn":23,"endLine":3,"endColumn":100},"tokenRange":{"beginToken":{"kind":90,"text":"\"------ SQL -----------------------------------------------------------------\""},"endToken":{"kind":90,"text":"\"------ SQL -----------------------------------------------------------------\""}},"value":"------ SQL -----------------------------------------------------------------"}],"name":{"!":"com.github.javaparser.ast.expr.SimpleName","range":{"beginLine":3,"beginColumn":14,"endLine":3,"endColumn":20},"tokenRange":{"beginToken":{"kind":94,"text":"println"},"endToken":{"kind":94,"text":"println"}},"identifier":"println"},"scope":{"!":"com.github.javaparser.ast.expr.FieldAccessExpr","range":{"beginLine":3,"beginColumn":3,"endLine":3,"endColumn":12},"tokenRange":{"beginToken":{"kind":94,"text":"System"},"endToken":{"kind":94,"text":"out"}},"name":{"!":"com.github.javaparser.ast.expr.SimpleName","range":{"beginLine":3,"beginColumn":10,"endLine":3,"endColumn":12},"tokenRange":{"beginToken":{"kind":94,"text":"out"},"endToken":{"kind":94,"text":"out"}},"identifier":"out"},"scope":{"!":"com.github.javaparser.ast.expr.NameExpr","range":{"beginLine":3,"beginColumn":3,"endLine":3,"endColumn":8},"tokenRange":{"beginToken":{"kind":94,"text":"System"},"endToken":{"kind":94,"text":"System"}},"name":{"!":"com.github.javaparser.ast.expr.SimpleName","range":{"beginLine":3,"beginColumn":3,"endLine":3,"endColumn":8},"tokenRange":{"beginToken":{"kind":94,"text":"System"},"endToken":{"kind":94,"text":"System"}},"identifier":"System"}}}}},{"!":"com.github.javaparser.ast.stmt.ExpressionStmt","range":{"beginLine":4,"beginColumn":3,"endLine":4,"endColumn":63},"tokenRange":{"beginToken":{"kind":94,"text":"System"},"endToken":{"kind":103,"text":";"}},"expression":{"!":"com.github.javaparser.ast.expr.MethodCallExpr","range":{"beginLine":4,"beginColumn":3,"endLine":4,"endColumn":62},"tokenRange":{"beginToken":{"kind":94,"text":"System"},"endToken":{"kind":98,"text":")"}},"arguments":[{"!":"com.github.javaparser.ast.expr.BinaryExpr","range":{"beginLine":4,"beginColumn":23,"endLine":4,"endColumn":60},"tokenRange":{"beginToken":{"kind":90,"text":"\"WALKER    : \""},"endToken":{"kind":98,"text":")"}},"left":{"!":"com.github.javaparser.ast.expr.StringLiteralExpr","range":{"beginLine":4,"beginColumn":23,"endLine":4,"endColumn":36},"tokenRange":{"beginToken":{"kind":90,"text":"\"WALKER    : \""},"endToken":{"kind":90,"text":"\"WALKER    : \""}},"value":"WALKER    : "},"operator":"PLUS","right":{"!":"com.github.javaparser.ast.expr.MethodCallExpr","range":{"beginLine":4,"beginColumn":40,"endLine":4,"endColumn":60},"tokenRange":{"beginToken":{"kind":94,"text":"walker"},"endToken":{"kind":98,"text":")"}},"arguments":[],"name":{"!":"com.github.javaparser.ast.expr.SimpleName","range":{"beginLine":4,"beginColumn":47,"endLine":4,"endColumn":58},"tokenRange":{"beginToken":{"kind":94,"text":"getSQLString"},"endToken":{"kind":94,"text":"getSQLString"}},"identifier":"getSQLString"},"scope":{"!":"com.github.javaparser.ast.expr.NameExpr","range":{"beginLine":4,"beginColumn":40,"endLine":4,"endColumn":45},"tokenRange":{"beginToken":{"kind":94,"text":"walker"},"endToken":{"kind":94,"text":"walker"}},"name":{"!":"com.github.javaparser.ast.expr.SimpleName","range":{"beginLine":4,"beginColumn":40,"endLine":4,"endColumn":45},"tokenRange":{"beginToken":{"kind":94,"text":"walker"},"endToken":{"kind":94,"text":"walker"}},"identifier":"walker"}}}}],"name":{"!":"com.github.javaparser.ast.expr.SimpleName","range":{"beginLine":4,"beginColumn":14,"endLine":4,"endColumn":20},"tokenRange":{"beginToken":{"kind":94,"text":"println"},"endToken":{"kind":94,"text":"println"}},"identifier":"println"},"scope":{"!":"com.github.javaparser.ast.expr.FieldAccessExpr","range":{"beginLine":4,"beginColumn":3,"endLine":4,"endColumn":12},"tokenRange":{"beginToken":{"kind":94,"text":"System"},"endToken":{"kind":94,"text":"out"}},"name":{"!":"com.github.javaparser.ast.expr.SimpleName","range":{"beginLine":4,"beginColumn":10,"endLine":4,"endColumn":12},"tokenRange":{"beginToken":{"kind":94,"text":"out"},"endToken":{"kind":94,"text":"out"}},"identifier":"out"},"scope":{"!":"com.github.javaparser.ast.expr.NameExpr","range":{"beginLine":4,"beginColumn":3,"endLine":4,"endColumn":8},"tokenRange":{"beginToken":{"kind":94,"text":"System"},"endToken":{"kind":94,"text":"System"}},"name":{"!":"com.github.javaparser.ast.expr.SimpleName","range":{"beginLine":4,"beginColumn":3,"endLine":4,"endColumn":8},"tokenRange":{"beginToken":{"kind":94,"text":"System"},"endToken":{"kind":94,"text":"System"}},"identifier":"System"}}}}},{"!":"com.github.javaparser.ast.stmt.ExpressionStmt","range":{"beginLine":5,"beginColumn":3,"endLine":5,"endColumn":67},"tokenRange":{"beginToken":{"kind":94,"text":"System"},"endToken":{"kind":103,"text":";"}},"expression":{"!":"com.github.javaparser.ast.expr.MethodCallExpr","range":{"beginLine":5,"beginColumn":3,"endLine":5,"endColumn":66},"tokenRange":{"beginToken":{"kind":94,"text":"System"},"endToken":{"kind":98,"text":")"}},"arguments":[{"!":"com.github.javaparser.ast.expr.BinaryExpr","range":{"beginLine":5,"beginColumn":23,"endLine":5,"endColumn":64},"tokenRange":{"beginToken":{"kind":90,"text":"\"LOAD-PLAN : \""},"endToken":{"kind":98,"text":")"}},"left":{"!":"com.github.javaparser.ast.expr.StringLiteralExpr","range":{"beginLine":5,"beginColumn":23,"endLine":5,"endColumn":36},"tokenRange":{"beginToken":{"kind":90,"text":"\"LOAD-PLAN : \""},"endToken":{"kind":90,"text":"\"LOAD-PLAN : \""}},"value":"LOAD-PLAN : "},"operator":"PLUS","right":{"!":"com.github.javaparser.ast.expr.MethodCallExpr","range":{"beginLine":5,"beginColumn":40,"endLine":5,"endColumn":64},"tokenRange":{"beginToken":{"kind":94,"text":"details"},"endToken":{"kind":98,"text":")"}},"arguments":[],"name":{"!":"com.github.javaparser.ast.expr.SimpleName","range":{"beginLine":5,"beginColumn":48,"endLine":5,"endColumn":62},"tokenRange":{"beginToken":{"kind":94,"text":"getSqlStatement"},"endToken":{"kind":94,"text":"getSqlStatement"}},"identifier":"getSqlStatement"},"scope":{"!":"com.github.javaparser.ast.expr.NameExpr","range":{"beginLine":5,"beginColumn":40,"endLine":5,"endColumn":46},"tokenRange":{"beginToken":{"kind":94,"text":"details"},"endToken":{"kind":94,"text":"details"}},"name":{"!":"com.github.javaparser.ast.expr.SimpleName","range":{"beginLine":5,"beginColumn":40,"endLine":5,"endColumn":46},"tokenRange":{"beginToken":{"kind":94,"text":"details"},"endToken":{"kind":94,"text":"details"}},"identifier":"details"}}}}],"name":{"!":"com.github.javaparser.ast.expr.SimpleName","range":{"beginLine":5,"beginColumn":14,"endLine":5,"endColumn":20},"tokenRange":{"beginToken":{"kind":94,"text":"println"},"endToken":{"kind":94,"text":"println"}},"identifier":"println"},"scope":{"!":"com.github.javaparser.ast.expr.FieldAccessExpr","range":{"beginLine":5,"beginColumn":3,"endLine":5,"endColumn":12},"tokenRange":{"beginToken":{"kind":94,"text":"System"},"endToken":{"kind":94,"text":"out"}},"name":{"!":"com.github.javaparser.ast.expr.SimpleName","range":{"beginLine":5,"beginColumn":10,"endLine":5,"endColumn":12},"tokenRange":{"beginToken":{"kind":94,"text":"out"},"endToken":{"kind":94,"text":"out"}},"identifier":"out"},"scope":{"!":"com.github.javaparser.ast.expr.NameExpr","range":{"beginLine":5,"beginColumn":3,"endLine":5,"endColumn":8},"tokenRange":{"beginToken":{"kind":94,"text":"System"},"endToken":{"kind":94,"text":"System"}},"name":{"!":"com.github.javaparser.ast.expr.SimpleName","range":{"beginLine":5,"beginColumn":3,"endLine":5,"endColumn":8},"tokenRange":{"beginToken":{"kind":94,"text":"System"},"endToken":{"kind":94,"text":"System"}},"identifier":"System"}}}}},{"!":"com.github.javaparser.ast.stmt.ExpressionStmt","range":{"beginLine":6,"beginColumn":3,"endLine":6,"endColumn":103},"tokenRange":{"beginToken":{"kind":94,"text":"System"},"endToken":{"kind":103,"text":";"}},"expression":{"!":"com.github.javaparser.ast.expr.MethodCallExpr","range":{"beginLine":6,"beginColumn":3,"endLine":6,"endColumn":102},"tokenRange":{"beginToken":{"kind":94,"text":"System"},"endToken":{"kind":98,"text":")"}},"arguments":[{"!":"com.github.javaparser.ast.expr.StringLiteralExpr","range":{"beginLine":6,"beginColumn":23,"endLine":6,"endColumn":100},"tokenRange":{"beginToken":{"kind":90,"text":"\"----------------------------------------------------------------------------\""},"endToken":{"kind":90,"text":"\"----------------------------------------------------------------------------\""}},"value":"----------------------------------------------------------------------------"}],"name":{"!":"com.github.javaparser.ast.expr.SimpleName","range":{"beginLine":6,"beginColumn":14,"endLine":6,"endColumn":20},"tokenRange":{"beginToken":{"kind":94,"text":"println"},"endToken":{"kind":94,"text":"println"}},"identifier":"println"},"scope":{"!":"com.github.javaparser.ast.expr.FieldAccessExpr","range":{"beginLine":6,"beginColumn":3,"endLine":6,"endColumn":12},"tokenRange":{"beginToken":{"kind":94,"text":"System"},"endToken":{"kind":94,"text":"out"}},"name":{"!":"com.github.javaparser.ast.expr.SimpleName","range":{"beginLine":6,"beginColumn":10,"endLine":6,"endColumn":12},"tokenRange":{"beginToken":{"kind":94,"text":"out"},"endToken":{"kind":94,"text":"out"}},"identifier":"out"},"scope":{"!":"com.github.javaparser.ast.expr.NameExpr","range":{"beginLine":6,"beginColumn":3,"endLine":6,"endColumn":8},"tokenRange":{"beginToken":{"kind":94,"text":"System"},"endToken":{"kind":94,"text":"System"}},"name":{"!":"com.github.javaparser.ast.expr.SimpleName","range":{"beginLine":6,"beginColumn":3,"endLine":6,"endColumn":8},"tokenRange":{"beginToken":{"kind":94,"text":"System"},"endToken":{"kind":94,"text":"System"}},"identifier":"System"}}}}},{"!":"com.github.javaparser.ast.stmt.ExpressionStmt","range":{"beginLine":7,"beginColumn":3,"endLine":7,"endColumn":24},"tokenRange":{"beginToken":{"kind":94,"text":"System"},"endToken":{"kind":103,"text":";"}},"expression":{"!":"com.github.javaparser.ast.expr.MethodCallExpr","range":{"beginLine":7,"beginColumn":3,"endLine":7,"endColumn":23},"tokenRange":{"beginToken":{"kind":94,"text":"System"},"endToken":{"kind":98,"text":")"}},"arguments":[],"name":{"!":"com.github.javaparser.ast.expr.SimpleName","range":{"beginLine":7,"beginColumn":14,"endLine":7,"endColumn":20},"tokenRange":{"beginToken":{"kind":94,"text":"println"},"endToken":{"kind":94,"text":"println"}},"identifier":"println"},"scope":{"!":"com.github.javaparser.ast.expr.FieldAccessExpr","range":{"beginLine":7,"beginColumn":3,"endLine":7,"endColumn":12},"tokenRange":{"beginToken":{"kind":94,"text":"System"},"endToken":{"kind":94,"text":"out"}},"name":{"!":"com.github.javaparser.ast.expr.SimpleName","range":{"beginLine":7,"beginColumn":10,"endLine":7,"endColumn":12},"tokenRange":{"beginToken":{"kind":94,"text":"out"},"endToken":{"kind":94,"text":"out"}},"identifier":"out"},"scope":{"!":"com.github.javaparser.ast.expr.NameExpr","range":{"beginLine":7,"beginColumn":3,"endLine":7,"endColumn":8},"tokenRange":{"beginToken":{"kind":94,"text":"System"},"endToken":{"kind":94,"text":"System"}},"name":{"!":"com.github.javaparser.ast.expr.SimpleName","range":{"beginLine":7,"beginColumn":3,"endLine":7,"endColumn":8},"tokenRange":{"beginToken":{"kind":94,"text":"System"},"endToken":{"kind":94,"text":"System"}},"identifier":"System"}}}}},{"!":"com.github.javaparser.ast.stmt.ExpressionStmt","range":{"beginLine":8,"beginColumn":3,"endLine":8,"endColumn":103},"tokenRange":{"beginToken":{"kind":94,"text":"System"},"endToken":{"kind":103,"text":";"}},"expression":{"!":"com.github.javaparser.ast.expr.MethodCallExpr","range":{"beginLine":8,"beginColumn":3,"endLine":8,"endColumn":102},"tokenRange":{"beginToken":{"kind":94,"text":"System"},"endToken":{"kind":98,"text":")"}},"arguments":[{"!":"com.github.javaparser.ast.expr.StringLiteralExpr","range":{"beginLine":8,"beginColumn":23,"endLine":8,"endColumn":100},"tokenRange":{"beginToken":{"kind":90,"text":"\"------ SUFFIXES ------------------------------------------------------------\""},"endToken":{"kind":90,"text":"\"------ SUFFIXES ------------------------------------------------------------\""}},"value":"------ SUFFIXES ------------------------------------------------------------"}],"name":{"!":"com.github.javaparser.ast.expr.SimpleName","range":{"beginLine":8,"beginColumn":14,"endLine":8,"endColumn":20},"tokenRange":{"beginToken":{"kind":94,"text":"println"},"endToken":{"kind":94,"text":"println"}},"identifier":"println"},"scope":{"!":"com.github.javaparser.ast.expr.FieldAccessExpr","range":{"beginLine":8,"beginColumn":3,"endLine":8,"endColumn":12},"tokenRange":{"beginToken":{"kind":94,"text":"System"},"endToken":{"kind":94,"text":"out"}},"name":{"!":"com.github.javaparser.ast.expr.SimpleName","range":{"beginLine":8,"beginColumn":10,"endLine":8,"endColumn":12},"tokenRange":{"beginToken":{"kind":94,"text":"out"},"endToken":{"kind":94,"text":"out"}},"identifier":"out"},"scope":{"!":"com.github.javaparser.ast.expr.NameExpr","range":{"beginLine":8,"beginColumn":3,"endLine":8,"endColumn":8},"tokenRange":{"beginToken":{"kind":94,"text":"System"},"endToken":{"kind":94,"text":"System"}},"name":{"!":"com.github.javaparser.ast.expr.SimpleName","range":{"beginLine":8,"beginColumn":3,"endLine":8,"endColumn":8},"tokenRange":{"beginToken":{"kind":94,"text":"System"},"endToken":{"kind":94,"text":"System"}},"identifier":"System"}}}}},{"!":"com.github.javaparser.ast.stmt.ExpressionStmt","range":{"beginLine":9,"beginColumn":3,"endLine":10,"endColumn":71},"tokenRange":{"beginToken":{"kind":94,"text":"System"},"endToken":{"kind":103,"text":";"}},"expression":{"!":"com.github.javaparser.ast.expr.MethodCallExpr","range":{"beginLine":9,"beginColumn":3,"endLine":10,"endColumn":70},"tokenRange":{"beginToken":{"kind":94,"text":"System"},"endToken":{"kind":98,"text":")"}},"arguments":[{"!":"com.github.javaparser.ast.expr.BinaryExpr","range":{"beginLine":9,"beginColumn":23,"endLine":10,"endColumn":68},"tokenRange":{"beginToken":{"kind":90,"text":"\"WALKER    : \""},"endToken":{"kind":98,"text":")"}},"left":{"!":"com.github.javaparser.ast.expr.BinaryExpr","range":{"beginLine":9,"beginColumn":23,"endLine":9,"endColumn":95},"tokenRange":{"beginToken":{"kind":90,"text":"\"WALKER    : \""},"endToken":{"kind":90,"text":"\" : \""}},"left":{"!":"com.github.javaparser.ast.expr.BinaryExpr","range":{"beginLine":9,"beginColumn":23,"endLine":9,"endColumn":87},"tokenRange":{"beginToken":{"kind":90,"text":"\"WALKER    : \""},"endToken":{"kind":98,"text":")"}},"left":{"!":"com.github.javaparser.ast.expr.StringLiteralExpr","range":{"beginLine":9,"beginColumn":23,"endLine":9,"endColumn":36},"tokenRange":{"beginToken":{"kind":90,"text":"\"WALKER    : \""},"endToken":{"kind":90,"text":"\"WALKER    : \""}},"value":"WALKER    : "},"operator":"PLUS","right":{"!":"com.github.javaparser.ast.expr.MethodCallExpr","range":{"beginLine":9,"beginColumn":40,"endLine":9,"endColumn":87},"tokenRange":{"beginToken":{"kind":94,"text":"StringHelper"},"endToken":{"kind":98,"text":")"}},"arguments":[{"!":"com.github.javaparser.ast.expr.StringLiteralExpr","range":{"beginLine":9,"beginColumn":59,"endLine":9,"endColumn":62},"tokenRange":{"beginToken":{"kind":90,"text":"\", \""},"endToken":{"kind":90,"text":"\", \""}},"value":", "},{"!":"com.github.javaparser.ast.expr.MethodCallExpr","range":{"beginLine":9,"beginColumn":66,"endLine":9,"endColumn":85},"tokenRange":{"beginToken":{"kind":94,"text":"walker"},"endToken":{"kind":98,"text":")"}},"arguments":[],"name":{"!":"com.github.javaparser.ast.expr.SimpleName","range":{"beginLine":9,"beginColumn":73,"endLine":9,"endColumn":83},"tokenRange":{"beginToken":{"kind":94,"text":"getSuffixes"},"endToken":{"kind":94,"text":"getSuffixes"}},"identifier":"getSuffixes"},"scope":{"!":"com.github.javaparser.ast.expr.NameExpr","range":{"beginLine":9,"beginColumn":66,"endLine":9,"endColumn":71},"tokenRange":{"beginToken":{"kind":94,"text":"walker"},"endToken":{"kind":94,"text":"walker"}},"name":{"!":"com.github.javaparser.ast.expr.SimpleName","range":{"beginLine":9,"beginColumn":66,"endLine":9,"endColumn":71},"tokenRange":{"beginToken":{"kind":94,"text":"walker"},"endToken":{"kind":94,"text":"walker"}},"identifier":"walker"}}}],"name":{"!":"com.github.javaparser.ast.expr.SimpleName","range":{"beginLine":9,"beginColumn":53,"endLine":9,"endColumn":56},"tokenRange":{"beginToken":{"kind":94,"text":"join"},"endToken":{"kind":94,"text":"join"}},"identifier":"join"},"scope":{"!":"com.github.javaparser.ast.expr.NameExpr","range":{"beginLine":9,"beginColumn":40,"endLine":9,"endColumn":51},"tokenRange":{"beginToken":{"kind":94,"text":"StringHelper"},"endToken":{"kind":94,"text":"StringHelper"}},"name":{"!":"com.github.javaparser.ast.expr.SimpleName","range":{"beginLine":9,"beginColumn":40,"endLine":9,"endColumn":51},"tokenRange":{"beginToken":{"kind":94,"text":"StringHelper"},"endToken":{"kind":94,"text":"StringHelper"}},"identifier":"StringHelper"}}}},"operator":"PLUS","right":{"!":"com.github.javaparser.ast.expr.StringLiteralExpr","range":{"beginLine":9,"beginColumn":91,"endLine":9,"endColumn":95},"tokenRange":{"beginToken":{"kind":90,"text":"\" : \""},"endToken":{"kind":90,"text":"\" : \""}},"value":" : "}},"operator":"PLUS","right":{"!":"com.github.javaparser.ast.expr.MethodCallExpr","range":{"beginLine":10,"beginColumn":12,"endLine":10,"endColumn":68},"tokenRange":{"beginToken":{"kind":94,"text":"StringHelper"},"endToken":{"kind":98,"text":")"}},"arguments":[{"!":"com.github.javaparser.ast.expr.StringLiteralExpr","range":{"beginLine":10,"beginColumn":31,"endLine":10,"endColumn":34},"tokenRange":{"beginToken":{"kind":90,"text":"\", \""},"endToken":{"kind":90,"text":"\", \""}},"value":", "},{"!":"com.github.javaparser.ast.expr.MethodCallExpr","range":{"beginLine":10,"beginColumn":37,"endLine":10,"endColumn":66},"tokenRange":{"beginToken":{"kind":94,"text":"walker"},"endToken":{"kind":98,"text":")"}},"arguments":[],"name":{"!":"com.github.javaparser.ast.expr.SimpleName","range":{"beginLine":10,"beginColumn":44,"endLine":10,"endColumn":64},"tokenRange":{"beginToken":{"kind":94,"text":"getCollectionSuffixes"},"endToken":{"kind":94,"text":"getCollectionSuffixes"}},"identifier":"getCollectionSuffixes"},"scope":{"!":"com.github.javaparser.ast.expr.NameExpr","range":{"beginLine":10,"beginColumn":37,"endLine":10,"endColumn":42},"tokenRange":{"beginToken":{"kind":94,"text":"walker"},"endToken":{"kind":94,"text":"walker"}},"name":{"!":"com.github.javaparser.ast.expr.SimpleName","range":{"beginLine":10,"beginColumn":37,"endLine":10,"endColumn":42},"tokenRange":{"beginToken":{"kind":94,"text":"walker"},"endToken":{"kind":94,"text":"walker"}},"identifier":"walker"}}}],"name":{"!":"com.github.javaparser.ast.expr.SimpleName","range":{"beginLine":10,"beginColumn":25,"endLine":10,"endColumn":28},"tokenRange":{"beginToken":{"kind":94,"text":"join"},"endToken":{"kind":94,"text":"join"}},"identifier":"join"},"scope":{"!":"com.github.javaparser.ast.expr.NameExpr","range":{"beginLine":10,"beginColumn":12,"endLine":10,"endColumn":23},"tokenRange":{"beginToken":{"kind":94,"text":"StringHelper"},"endToken":{"kind":94,"text":"StringHelper"}},"name":{"!":"com.github.javaparser.ast.expr.SimpleName","range":{"beginLine":10,"beginColumn":12,"endLine":10,"endColumn":23},"tokenRange":{"beginToken":{"kind":94,"text":"StringHelper"},"endToken":{"kind":94,"text":"StringHelper"}},"identifier":"StringHelper"}}}}],"name":{"!":"com.github.javaparser.ast.expr.SimpleName","range":{"beginLine":9,"beginColumn":14,"endLine":9,"endColumn":20},"tokenRange":{"beginToken":{"kind":94,"text":"println"},"endToken":{"kind":94,"text":"println"}},"identifier":"println"},"scope":{"!":"com.github.javaparser.ast.expr.FieldAccessExpr","range":{"beginLine":9,"beginColumn":3,"endLine":9,"endColumn":12},"tokenRange":{"beginToken":{"kind":94,"text":"System"},"endToken":{"kind":94,"text":"out"}},"name":{"!":"com.github.javaparser.ast.expr.SimpleName","range":{"beginLine":9,"beginColumn":10,"endLine":9,"endColumn":12},"tokenRange":{"beginToken":{"kind":94,"text":"out"},"endToken":{"kind":94,"text":"out"}},"identifier":"out"},"scope":{"!":"com.github.javaparser.ast.expr.NameExpr","range":{"beginLine":9,"beginColumn":3,"endLine":9,"endColumn":8},"tokenRange":{"beginToken":{"kind":94,"text":"System"},"endToken":{"kind":94,"text":"System"}},"name":{"!":"com.github.javaparser.ast.expr.SimpleName","range":{"beginLine":9,"beginColumn":3,"endLine":9,"endColumn":8},"tokenRange":{"beginToken":{"kind":94,"text":"System"},"endToken":{"kind":94,"text":"System"}},"identifier":"System"}}}}},{"!":"com.github.javaparser.ast.stmt.ExpressionStmt","range":{"beginLine":11,"beginColumn":3,"endLine":11,"endColumn":103},"tokenRange":{"beginToken":{"kind":94,"text":"System"},"endToken":{"kind":103,"text":";"}},"expression":{"!":"com.github.javaparser.ast.expr.MethodCallExpr","range":{"beginLine":11,"beginColumn":3,"endLine":11,"endColumn":102},"tokenRange":{"beginToken":{"kind":94,"text":"System"},"endToken":{"kind":98,"text":")"}},"arguments":[{"!":"com.github.javaparser.ast.expr.StringLiteralExpr","range":{"beginLine":11,"beginColumn":23,"endLine":11,"endColumn":100},"tokenRange":{"beginToken":{"kind":90,"text":"\"----------------------------------------------------------------------------\""},"endToken":{"kind":90,"text":"\"----------------------------------------------------------------------------\""}},"value":"----------------------------------------------------------------------------"}],"name":{"!":"com.github.javaparser.ast.expr.SimpleName","range":{"beginLine":11,"beginColumn":14,"endLine":11,"endColumn":20},"tokenRange":{"beginToken":{"kind":94,"text":"println"},"endToken":{"kind":94,"text":"println"}},"identifier":"println"},"scope":{"!":"com.github.javaparser.ast.expr.FieldAccessExpr","range":{"beginLine":11,"beginColumn":3,"endLine":11,"endColumn":12},"tokenRange":{"beginToken":{"kind":94,"text":"System"},"endToken":{"kind":94,"text":"out"}},"name":{"!":"com.github.javaparser.ast.expr.SimpleName","range":{"beginLine":11,"beginColumn":10,"endLine":11,"endColumn":12},"tokenRange":{"beginToken":{"kind":94,"text":"out"},"endToken":{"kind":94,"text":"out"}},"identifier":"out"},"scope":{"!":"com.github.javaparser.ast.expr.NameExpr","range":{"beginLine":11,"beginColumn":3,"endLine":11,"endColumn":8},"tokenRange":{"beginToken":{"kind":94,"text":"System"},"endToken":{"kind":94,"text":"System"}},"name":{"!":"com.github.javaparser.ast.expr.SimpleName","range":{"beginLine":11,"beginColumn":3,"endLine":11,"endColumn":8},"tokenRange":{"beginToken":{"kind":94,"text":"System"},"endToken":{"kind":94,"text":"System"}},"identifier":"System"}}}}},{"!":"com.github.javaparser.ast.stmt.ExpressionStmt","range":{"beginLine":12,"beginColumn":3,"endLine":12,"endColumn":24},"tokenRange":{"beginToken":{"kind":94,"text":"System"},"endToken":{"kind":103,"text":";"}},"expression":{"!":"com.github.javaparser.ast.expr.MethodCallExpr","range":{"beginLine":12,"beginColumn":3,"endLine":12,"endColumn":23},"tokenRange":{"beginToken":{"kind":94,"text":"System"},"endToken":{"kind":98,"text":")"}},"arguments":[],"name":{"!":"com.github.javaparser.ast.expr.SimpleName","range":{"beginLine":12,"beginColumn":14,"endLine":12,"endColumn":20},"tokenRange":{"beginToken":{"kind":94,"text":"println"},"endToken":{"kind":94,"text":"println"}},"identifier":"println"},"scope":{"!":"com.github.javaparser.ast.expr.FieldAccessExpr","range":{"beginLine":12,"beginColumn":3,"endLine":12,"endColumn":12},"tokenRange":{"beginToken":{"kind":94,"text":"System"},"endToken":{"kind":94,"text":"out"}},"name":{"!":"com.github.javaparser.ast.expr.SimpleName","range":{"beginLine":12,"beginColumn":10,"endLine":12,"endColumn":12},"tokenRange":{"beginToken":{"kind":94,"text":"out"},"endToken":{"kind":94,"text":"out"}},"identifier":"out"},"scope":{"!":"com.github.javaparser.ast.expr.NameExpr","range":{"beginLine":12,"beginColumn":3,"endLine":12,"endColumn":8},"tokenRange":{"beginToken":{"kind":94,"text":"System"},"endToken":{"kind":94,"text":"System"}},"name":{"!":"com.github.javaparser.ast.expr.SimpleName","range":{"beginLine":12,"beginColumn":3,"endLine":12,"endColumn":8},"tokenRange":{"beginToken":{"kind":94,"text":"System"},"endToken":{"kind":94,"text":"System"}},"identifier":"System"}}}}}]},"type":{"!":"com.github.javaparser.ast.type.VoidType","range":{"beginLine":2,"beginColumn":10,"endLine":2,"endColumn":13},"tokenRange":{"beginToken":{"kind":62,"text":"void"},"endToken":{"kind":62,"text":"void"}},"annotations":[]},"modifiers":[{"!":"com.github.javaparser.ast.Modifier","range":{"beginLine":2,"beginColumn":2,"endLine":2,"endColumn":8},"tokenRange":{"beginToken":{"kind":45,"text":"private"},"endToken":{"kind":45,"text":"private"}},"keyword":"PRIVATE"}],"name":{"!":"com.github.javaparser.ast.expr.SimpleName","range":{"beginLine":2,"beginColumn":15,"endLine":2,"endColumn":21},"tokenRange":{"beginToken":{"kind":94,"text":"compare"},"endToken":{"kind":94,"text":"compare"}},"identifier":"compare"},"parameters":[{"!":"com.github.javaparser.ast.body.Parameter","range":{"beginLine":2,"beginColumn":23,"endLine":2,"endColumn":39},"tokenRange":{"beginToken":{"kind":94,"text":"JoinWalker"},"endToken":{"kind":94,"text":"walker"}},"annotations":[],"isVarArgs":"false","modifiers":[],"name":{"!":"com.github.javaparser.ast.expr.SimpleName","range":{"beginLine":2,"beginColumn":34,"endLine":2,"endColumn":39},"tokenRange":{"beginToken":{"kind":94,"text":"walker"},"endToken":{"kind":94,"text":"walker"}},"identifier":"walker"},"type":{"!":"com.github.javaparser.ast.type.ClassOrInterfaceType","range":{"beginLine":2,"beginColumn":23,"endLine":2,"endColumn":32},"tokenRange":{"beginToken":{"kind":94,"text":"JoinWalker"},"endToken":{"kind":94,"text":"JoinWalker"}},"name":{"!":"com.github.javaparser.ast.expr.SimpleName","range":{"beginLine":2,"beginColumn":23,"endLine":2,"endColumn":32},"tokenRange":{"beginToken":{"kind":94,"text":"JoinWalker"},"endToken":{"kind":94,"text":"JoinWalker"}},"identifier":"JoinWalker"},"annotations":[]},"varArgsAnnotations":[]},{"!":"com.github.javaparser.ast.body.Parameter","range":{"beginLine":2,"beginColumn":42,"endLine":2,"endColumn":65},"tokenRange":{"beginToken":{"kind":94,"text":"LoadQueryDetails"},"endToken":{"kind":94,"text":"details"}},"annotations":[],"isVarArgs":"false","modifiers":[],"name":{"!":"com.github.javaparser.ast.expr.SimpleName","range":{"beginLine":2,"beginColumn":59,"endLine":2,"endColumn":65},"tokenRange":{"beginToken":{"kind":94,"text":"details"},"endToken":{"kind":94,"text":"details"}},"identifier":"details"},"type":{"!":"com.github.javaparser.ast.type.ClassOrInterfaceType","range":{"beginLine":2,"beginColumn":42,"endLine":2,"endColumn":57},"tokenRange":{"beginToken":{"kind":94,"text":"LoadQueryDetails"},"endToken":{"kind":94,"text":"LoadQueryDetails"}},"name":{"!":"com.github.javaparser.ast.expr.SimpleName","range":{"beginLine":2,"beginColumn":42,"endLine":2,"endColumn":57},"tokenRange":{"beginToken":{"kind":94,"text":"LoadQueryDetails"},"endToken":{"kind":94,"text":"LoadQueryDetails"}},"identifier":"LoadQueryDetails"},"annotations":[]},"varArgsAnnotations":[]}],"thrownExceptions":[],"typeParameters":[],"annotations":[]}],"modifiers":[],"name":{"!":"com.github.javaparser.ast.expr.SimpleName","range":{"beginLine":1,"beginColumn":7,"endLine":1,"endColumn":10},"tokenRange":{"beginToken":{"kind":94,"text":"Test"},"endToken":{"kind":94,"text":"Test"}},"identifier":"Test"},"annotations":[]}]}