{"!":"com.github.javaparser.ast.CompilationUnit","range":{"beginLine":1,"beginColumn":1,"endLine":29,"endColumn":2},"tokenRange":{"beginToken":{"kind":19,"text":"class"},"endToken":{"kind":0,"text":""}},"imports":[],"types":[{"!":"com.github.javaparser.ast.body.ClassOrInterfaceDeclaration","range":{"beginLine":1,"beginColumn":1,"endLine":29,"endColumn":2},"tokenRange":{"beginToken":{"kind":19,"text":"class"},"endToken":{"kind":100,"text":"}"}},"extendedTypes":[],"implementedTypes":[],"isInterface":"false","typeParameters":[],"members":[{"!":"com.github.javaparser.ast.body.MethodDeclaration","range":{"beginLine":2,"beginColumn":2,"endLine":27,"endColumn":2},"tokenRange":{"beginToken":{"kind":47,"text":"public"},"endToken":{"kind":100,"text":"}"}},"body":{"!":"com.github.javaparser.ast.stmt.BlockStmt","range":{"beginLine":2,"beginColumn":52,"endLine":27,"endColumn":2},"tokenRange":{"beginToken":{"kind":99,"text":"{"},"endToken":{"kind":100,"text":"}"}},"statements":[{"!":"com.github.javaparser.ast.stmt.TryStmt","range":{"beginLine":3,"beginColumn":3,"endLine":26,"endColumn":3},"tokenRange":{"beginToken":{"kind":61,"text":"try"},"endToken":{"kind":100,"text":"}"}},"catchClauses":[],"finallyBlock":{"!":"com.github.javaparser.ast.stmt.BlockStmt","range":{"beginLine":24,"beginColumn":11,"endLine":26,"endColumn":3},"tokenRange":{"beginToken":{"kind":99,"text":"{"},"endToken":{"kind":100,"text":"}"}},"statements":[{"!":"com.github.javaparser.ast.stmt.ExpressionStmt","range":{"beginLine":25,"beginColumn":4,"endLine":25,"endColumn":17},"tokenRange":{"beginToken":{"kind":94,"text":"cleanupData"},"endToken":{"kind":103,"text":";"}},"expression":{"!":"com.github.javaparser.ast.expr.MethodCallExpr","range":{"beginLine":25,"beginColumn":4,"endLine":25,"endColumn":16},"tokenRange":{"beginToken":{"kind":94,"text":"cleanupData"},"endToken":{"kind":98,"text":")"}},"arguments":[],"name":{"!":"com.github.javaparser.ast.expr.SimpleName","range":{"beginLine":25,"beginColumn":4,"endLine":25,"endColumn":14},"tokenRange":{"beginToken":{"kind":94,"text":"cleanupData"},"endToken":{"kind":94,"text":"cleanupData"}},"identifier":"cleanupData"}}}]},"resources":[],"tryBlock":{"!":"com.github.javaparser.ast.stmt.BlockStmt","range":{"beginLine":3,"beginColumn":7,"endLine":23,"endColumn":3},"tokenRange":{"beginToken":{"kind":99,"text":"{"},"endToken":{"kind":100,"text":"}"}},"statements":[{"!":"com.github.javaparser.ast.stmt.ExpressionStmt","range":{"beginLine":4,"beginColumn":4,"endLine":4,"endColumn":29},"tokenRange":{"beginToken":{"kind":94,"text":"Session"},"endToken":{"kind":103,"text":";"}},"expression":{"!":"com.github.javaparser.ast.expr.VariableDeclarationExpr","range":{"beginLine":4,"beginColumn":4,"endLine":4,"endColumn":28},"tokenRange":{"beginToken":{"kind":94,"text":"Session"},"endToken":{"kind":98,"text":")"}},"annotations":[],"modifiers":[],"variables":[{"!":"com.github.javaparser.ast.body.VariableDeclarator","range":{"beginLine":4,"beginColumn":12,"endLine":4,"endColumn":28},"tokenRange":{"beginToken":{"kind":94,"text":"s"},"endToken":{"kind":98,"text":")"}},"initializer":{"!":"com.github.javaparser.ast.expr.MethodCallExpr","range":{"beginLine":4,"beginColumn":16,"endLine":4,"endColumn":28},"tokenRange":{"beginToken":{"kind":94,"text":"openSession"},"endToken":{"kind":98,"text":")"}},"arguments":[],"name":{"!":"com.github.javaparser.ast.expr.SimpleName","range":{"beginLine":4,"beginColumn":16,"endLine":4,"endColumn":26},"tokenRange":{"beginToken":{"kind":94,"text":"openSession"},"endToken":{"kind":94,"text":"openSession"}},"identifier":"openSession"}},"name":{"!":"com.github.javaparser.ast.expr.SimpleName","range":{"beginLine":4,"beginColumn":12,"endLine":4,"endColumn":12},"tokenRange":{"beginToken":{"kind":94,"text":"s"},"endToken":{"kind":94,"text":"s"}},"identifier":"s"},"type":{"!":"com.github.javaparser.ast.type.ClassOrInterfaceType","range":{"beginLine":4,"beginColumn":4,"endLine":4,"endColumn":10},"tokenRange":{"beginToken":{"kind":94,"text":"Session"},"endToken":{"kind":94,"text":"Session"}},"name":{"!":"com.github.javaparser.ast.expr.SimpleName","range":{"beginLine":4,"beginColumn":4,"endLine":4,"endColumn":10},"tokenRange":{"beginToken":{"kind":94,"text":"Session"},"endToken":{"kind":94,"text":"Session"}},"identifier":"Session"},"annotations":[]}}]}},{"!":"com.github.javaparser.ast.stmt.ExpressionStmt","range":{"beginLine":5,"beginColumn":4,"endLine":5,"endColumn":24},"tokenRange":{"beginToken":{"kind":94,"text":"s"},"endToken":{"kind":103,"text":";"}},"expression":{"!":"com.github.javaparser.ast.expr.MethodCallExpr","range":{"beginLine":5,"beginColumn":4,"endLine":5,"endColumn":23},"tokenRange":{"beginToken":{"kind":94,"text":"s"},"endToken":{"kind":98,"text":")"}},"arguments":[],"name":{"!":"com.github.javaparser.ast.expr.SimpleName","range":{"beginLine":5,"beginColumn":6,"endLine":5,"endColumn":21},"tokenRange":{"beginToken":{"kind":94,"text":"beginTransaction"},"endToken":{"kind":94,"text":"beginTransaction"}},"identifier":"beginTransaction"},"scope":{"!":"com.github.javaparser.ast.expr.NameExpr","range":{"beginLine":5,"beginColumn":4,"endLine":5,"endColumn":4},"tokenRange":{"beginToken":{"kind":94,"text":"s"},"endToken":{"kind":94,"text":"s"}},"name":{"!":"com.github.javaparser.ast.expr.SimpleName","range":{"beginLine":5,"beginColumn":4,"endLine":5,"endColumn":4},"tokenRange":{"beginToken":{"kind":94,"text":"s"},"endToken":{"kind":94,"text":"s"}},"identifier":"s"}}}},{"!":"com.github.javaparser.ast.stmt.ExpressionStmt","range":{"beginLine":6,"beginColumn":4,"endLine":6,"endColumn":32},"tokenRange":{"beginToken":{"kind":94,"text":"Child"},"endToken":{"kind":103,"text":";"}},"expression":{"!":"com.github.javaparser.ast.expr.VariableDeclarationExpr","range":{"beginLine":6,"beginColumn":4,"endLine":6,"endColumn":31},"tokenRange":{"beginToken":{"kind":94,"text":"Child"},"endToken":{"kind":98,"text":")"}},"annotations":[],"modifiers":[],"variables":[{"!":"com.github.javaparser.ast.body.VariableDeclarator","range":{"beginLine":6,"beginColumn":10,"endLine":6,"endColumn":31},"tokenRange":{"beginToken":{"kind":94,"text":"c2"},"endToken":{"kind":98,"text":")"}},"initializer":{"!":"com.github.javaparser.ast.expr.ObjectCreationExpr","range":{"beginLine":6,"beginColumn":15,"endLine":6,"endColumn":31},"tokenRange":{"beginToken":{"kind":42,"text":"new"},"endToken":{"kind":98,"text":")"}},"arguments":[{"!":"com.github.javaparser.ast.expr.StringLiteralExpr","range":{"beginLine":6,"beginColumn":26,"endLine":6,"endColumn":29},"tokenRange":{"beginToken":{"kind":90,"text":"\"c2\""},"endToken":{"kind":90,"text":"\"c2\""}},"value":"c2"}],"type":{"!":"com.github.javaparser.ast.type.ClassOrInterfaceType","range":{"beginLine":6,"beginColumn":19,"endLine":6,"endColumn":23},"tokenRange":{"beginToken":{"kind":94,"text":"Child"},"endToken":{"kind":94,"text":"Child"}},"name":{"!":"com.github.javaparser.ast.expr.SimpleName","range":{"beginLine":6,"beginColumn":19,"endLine":6,"endColumn":23},"tokenRange":{"beginToken":{"kind":94,"text":"Child"},"endToken":{"kind":94,"text":"Child"}},"identifier":"Child"},"annotations":[]}},"name":{"!":"com.github.javaparser.ast.expr.SimpleName","range":{"beginLine":6,"beginColumn":10,"endLine":6,"endColumn":11},"tokenRange":{"beginToken":{"kind":94,"text":"c2"},"endToken":{"kind":94,"text":"c2"}},"identifier":"c2"},"type":{"!":"com.github.javaparser.ast.type.ClassOrInterfaceType","range":{"beginLine":6,"beginColumn":4,"endLine":6,"endColumn":8},"tokenRange":{"beginToken":{"kind":94,"text":"Child"},"endToken":{"kind":94,"text":"Child"}},"name":{"!":"com.github.javaparser.ast.expr.SimpleName","range":{"beginLine":6,"beginColumn":4,"endLine":6,"endColumn":8},"tokenRange":{"beginToken":{"kind":94,"text":"Child"},"endToken":{"kind":94,"text":"Child"}},"identifier":"Child"},"annotations":[]}}]}},{"!":"com.github.javaparser.ast.stmt.ExpressionStmt","range":{"beginLine":7,"beginColumn":4,"endLine":7,"endColumn":54},"tokenRange":{"beginToken":{"kind":94,"text":"ChildInfo"},"endToken":{"kind":103,"text":";"}},"expression":{"!":"com.github.javaparser.ast.expr.VariableDeclarationExpr","range":{"beginLine":7,"beginColumn":4,"endLine":7,"endColumn":53},"tokenRange":{"beginToken":{"kind":94,"text":"ChildInfo"},"endToken":{"kind":98,"text":")"}},"annotations":[],"modifiers":[],"variables":[{"!":"com.github.javaparser.ast.body.VariableDeclarator","range":{"beginLine":7,"beginColumn":14,"endLine":7,"endColumn":53},"tokenRange":{"beginToken":{"kind":94,"text":"info"},"endToken":{"kind":98,"text":")"}},"initializer":{"!":"com.github.javaparser.ast.expr.ObjectCreationExpr","range":{"beginLine":7,"beginColumn":21,"endLine":7,"endColumn":53},"tokenRange":{"beginToken":{"kind":42,"text":"new"},"endToken":{"kind":98,"text":")"}},"arguments":[{"!":"com.github.javaparser.ast.expr.StringLiteralExpr","range":{"beginLine":7,"beginColumn":36,"endLine":7,"endColumn":51},"tokenRange":{"beginToken":{"kind":90,"text":"\"blah blah blah\""},"endToken":{"kind":90,"text":"\"blah blah blah\""}},"value":"blah blah blah"}],"type":{"!":"com.github.javaparser.ast.type.ClassOrInterfaceType","range":{"beginLine":7,"beginColumn":25,"endLine":7,"endColumn":33},"tokenRange":{"beginToken":{"kind":94,"text":"ChildInfo"},"endToken":{"kind":94,"text":"ChildInfo"}},"name":{"!":"com.github.javaparser.ast.expr.SimpleName","range":{"beginLine":7,"beginColumn":25,"endLine":7,"endColumn":33},"tokenRange":{"beginToken":{"kind":94,"text":"ChildInfo"},"endToken":{"kind":94,"text":"ChildInfo"}},"identifier":"ChildInfo"},"annotations":[]}},"name":{"!":"com.github.javaparser.ast.expr.SimpleName","range":{"beginLine":7,"beginColumn":14,"endLine":7,"endColumn":17},"tokenRange":{"beginToken":{"kind":94,"text":"info"},"endToken":{"kind":94,"text":"info"}},"identifier":"info"},"type":{"!":"com.github.javaparser.ast.type.ClassOrInterfaceType","range":{"beginLine":7,"beginColumn":4,"endLine":7,"endColumn":12},"tokenRange":{"beginToken":{"kind":94,"text":"ChildInfo"},"endToken":{"kind":94,"text":"ChildInfo"}},"name":{"!":"com.github.javaparser.ast.expr.SimpleName","range":{"beginLine":7,"beginColumn":4,"endLine":7,"endColumn":12},"tokenRange":{"beginToken":{"kind":94,"text":"ChildInfo"},"endToken":{"kind":94,"text":"ChildInfo"}},"identifier":"ChildInfo"},"annotations":[]}}]}},{"!":"com.github.javaparser.ast.stmt.ExpressionStmt","range":{"beginLine":8,"beginColumn":4,"endLine":8,"endColumn":22},"tokenRange":{"beginToken":{"kind":94,"text":"c2"},"endToken":{"kind":103,"text":";"}},"expression":{"!":"com.github.javaparser.ast.expr.MethodCallExpr","range":{"beginLine":8,"beginColumn":4,"endLine":8,"endColumn":21},"tokenRange":{"beginToken":{"kind":94,"text":"c2"},"endToken":{"kind":98,"text":")"}},"arguments":[{"!":"com.github.javaparser.ast.expr.NameExpr","range":{"beginLine":8,"beginColumn":16,"endLine":8,"endColumn":19},"tokenRange":{"beginToken":{"kind":94,"text":"info"},"endToken":{"kind":94,"text":"info"}},"name":{"!":"com.github.javaparser.ast.expr.SimpleName","range":{"beginLine":8,"beginColumn":16,"endLine":8,"endColumn":19},"tokenRange":{"beginToken":{"kind":94,"text":"info"},"endToken":{"kind":94,"text":"info"}},"identifier":"info"}}],"name":{"!":"com.github.javaparser.ast.expr.SimpleName","range":{"beginLine":8,"beginColumn":7,"endLine":8,"endColumn":13},"tokenRange":{"beginToken":{"kind":94,"text":"setInfo"},"endToken":{"kind":94,"text":"setInfo"}},"identifier":"setInfo"},"scope":{"!":"com.github.javaparser.ast.expr.NameExpr","range":{"beginLine":8,"beginColumn":4,"endLine":8,"endColumn":5},"tokenRange":{"beginToken":{"kind":94,"text":"c2"},"endToken":{"kind":94,"text":"c2"}},"name":{"!":"com.github.javaparser.ast.expr.SimpleName","range":{"beginLine":8,"beginColumn":4,"endLine":8,"endColumn":5},"tokenRange":{"beginToken":{"kind":94,"text":"c2"},"endToken":{"kind":94,"text":"c2"}},"identifier":"c2"}}}},{"!":"com.github.javaparser.ast.stmt.ExpressionStmt","range":{"beginLine":9,"beginColumn":4,"endLine":9,"endColumn":23},"tokenRange":{"beginToken":{"kind":94,"text":"info"},"endToken":{"kind":103,"text":";"}},"expression":{"!":"com.github.javaparser.ast.expr.MethodCallExpr","range":{"beginLine":9,"beginColumn":4,"endLine":9,"endColumn":22},"tokenRange":{"beginToken":{"kind":94,"text":"info"},"endToken":{"kind":98,"text":")"}},"arguments":[{"!":"com.github.javaparser.ast.expr.NameExpr","range":{"beginLine":9,"beginColumn":19,"endLine":9,"endColumn":20},"tokenRange":{"beginToken":{"kind":94,"text":"c2"},"endToken":{"kind":94,"text":"c2"}},"name":{"!":"com.github.javaparser.ast.expr.SimpleName","range":{"beginLine":9,"beginColumn":19,"endLine":9,"endColumn":20},"tokenRange":{"beginToken":{"kind":94,"text":"c2"},"endToken":{"kind":94,"text":"c2"}},"identifier":"c2"}}],"name":{"!":"com.github.javaparser.ast.expr.SimpleName","range":{"beginLine":9,"beginColumn":9,"endLine":9,"endColumn":16},"tokenRange":{"beginToken":{"kind":94,"text":"setOwner"},"endToken":{"kind":94,"text":"setOwner"}},"identifier":"setOwner"},"scope":{"!":"com.github.javaparser.ast.expr.NameExpr","range":{"beginLine":9,"beginColumn":4,"endLine":9,"endColumn":7},"tokenRange":{"beginToken":{"kind":94,"text":"info"},"endToken":{"kind":94,"text":"info"}},"name":{"!":"com.github.javaparser.ast.expr.SimpleName","range":{"beginLine":9,"beginColumn":4,"endLine":9,"endColumn":7},"tokenRange":{"beginToken":{"kind":94,"text":"info"},"endToken":{"kind":94,"text":"info"}},"identifier":"info"}}}},{"!":"com.github.javaparser.ast.stmt.ExpressionStmt","range":{"beginLine":10,"beginColumn":4,"endLine":10,"endColumn":19},"tokenRange":{"beginToken":{"kind":94,"text":"s"},"endToken":{"kind":103,"text":";"}},"expression":{"!":"com.github.javaparser.ast.expr.MethodCallExpr","range":{"beginLine":10,"beginColumn":4,"endLine":10,"endColumn":18},"tokenRange":{"beginToken":{"kind":94,"text":"s"},"endToken":{"kind":98,"text":")"}},"arguments":[{"!":"com.github.javaparser.ast.expr.NameExpr","range":{"beginLine":10,"beginColumn":15,"endLine":10,"endColumn":16},"tokenRange":{"beginToken":{"kind":94,"text":"c2"},"endToken":{"kind":94,"text":"c2"}},"name":{"!":"com.github.javaparser.ast.expr.SimpleName","range":{"beginLine":10,"beginColumn":15,"endLine":10,"endColumn":16},"tokenRange":{"beginToken":{"kind":94,"text":"c2"},"endToken":{"kind":94,"text":"c2"}},"identifier":"c2"}}],"name":{"!":"com.github.javaparser.ast.expr.SimpleName","range":{"beginLine":10,"beginColumn":6,"endLine":10,"endColumn":12},"tokenRange":{"beginToken":{"kind":94,"text":"persist"},"endToken":{"kind":94,"text":"persist"}},"identifier":"persist"},"scope":{"!":"com.github.javaparser.ast.expr.NameExpr","range":{"beginLine":10,"beginColumn":4,"endLine":10,"endColumn":4},"tokenRange":{"beginToken":{"kind":94,"text":"s"},"endToken":{"kind":94,"text":"s"}},"name":{"!":"com.github.javaparser.ast.expr.SimpleName","range":{"beginLine":10,"beginColumn":4,"endLine":10,"endColumn":4},"tokenRange":{"beginToken":{"kind":94,"text":"s"},"endToken":{"kind":94,"text":"s"}},"identifier":"s"}}}},{"!":"com.github.javaparser.ast.stmt.TryStmt","range":{"beginLine":11,"beginColumn":4,"endLine":22,"endColumn":4},"tokenRange":{"beginToken":{"kind":61,"text":"try"},"endToken":{"kind":100,"text":"}"}},"catchClauses":[{"!":"com.github.javaparser.ast.stmt.CatchClause","range":{"beginLine":15,"beginColumn":4,"endLine":19,"endColumn":4},"tokenRange":{"beginToken":{"kind":17,"text":"catch"},"endToken":{"kind":100,"text":"}"}},"body":{"!":"com.github.javaparser.ast.stmt.BlockStmt","range":{"beginLine":15,"beginColumn":40,"endLine":19,"endColumn":4},"tokenRange":{"beginToken":{"kind":99,"text":"{"},"endToken":{"kind":100,"text":"}"}},"statements":[{"!":"com.github.javaparser.ast.stmt.ExpressionStmt","range":{"beginLine":17,"beginColumn":5,"endLine":17,"endColumn":53},"tokenRange":{"beginToken":{"kind":94,"text":"log"},"endToken":{"kind":103,"text":";"}},"expression":{"!":"com.github.javaparser.ast.expr.MethodCallExpr","range":{"beginLine":17,"beginColumn":5,"endLine":17,"endColumn":52},"tokenRange":{"beginToken":{"kind":94,"text":"log"},"endToken":{"kind":98,"text":")"}},"arguments":[{"!":"com.github.javaparser.ast.expr.BinaryExpr","range":{"beginLine":17,"beginColumn":16,"endLine":17,"endColumn":50},"tokenRange":{"beginToken":{"kind":90,"text":"\"handled expected exception : \""},"endToken":{"kind":94,"text":"e"}},"left":{"!":"com.github.javaparser.ast.expr.StringLiteralExpr","range":{"beginLine":17,"beginColumn":16,"endLine":17,"endColumn":46},"tokenRange":{"beginToken":{"kind":90,"text":"\"handled expected exception : \""},"endToken":{"kind":90,"text":"\"handled expected exception : \""}},"value":"handled expected exception : "},"operator":"PLUS","right":{"!":"com.github.javaparser.ast.expr.NameExpr","range":{"beginLine":17,"beginColumn":50,"endLine":17,"endColumn":50},"tokenRange":{"beginToken":{"kind":94,"text":"e"},"endToken":{"kind":94,"text":"e"}},"name":{"!":"com.github.javaparser.ast.expr.SimpleName","range":{"beginLine":17,"beginColumn":50,"endLine":17,"endColumn":50},"tokenRange":{"beginToken":{"kind":94,"text":"e"},"endToken":{"kind":94,"text":"e"}},"identifier":"e"}}}],"name":{"!":"com.github.javaparser.ast.expr.SimpleName","range":{"beginLine":17,"beginColumn":9,"endLine":17,"endColumn":13},"tokenRange":{"beginToken":{"kind":94,"text":"trace"},"endToken":{"kind":94,"text":"trace"}},"identifier":"trace"},"scope":{"!":"com.github.javaparser.ast.expr.NameExpr","range":{"beginLine":17,"beginColumn":5,"endLine":17,"endColumn":7},"tokenRange":{"beginToken":{"kind":94,"text":"log"},"endToken":{"kind":94,"text":"log"}},"name":{"!":"com.github.javaparser.ast.expr.SimpleName","range":{"beginLine":17,"beginColumn":5,"endLine":17,"endColumn":7},"tokenRange":{"beginToken":{"kind":94,"text":"log"},"endToken":{"kind":94,"text":"log"}},"identifier":"log"}}},"comment":{"!":"com.github.javaparser.ast.comments.LineComment","range":{"beginLine":16,"beginColumn":5,"endLine":16,"endColumn":22},"tokenRange":{"beginToken":{"kind":5,"text":"// expected result"},"endToken":{"kind":5,"text":"// expected result"}},"content":" expected result"}},{"!":"com.github.javaparser.ast.stmt.ExpressionStmt","range":{"beginLine":18,"beginColumn":5,"endLine":18,"endColumn":34},"tokenRange":{"beginToken":{"kind":94,"text":"s"},"endToken":{"kind":103,"text":";"}},"expression":{"!":"com.github.javaparser.ast.expr.MethodCallExpr","range":{"beginLine":18,"beginColumn":5,"endLine":18,"endColumn":33},"tokenRange":{"beginToken":{"kind":94,"text":"s"},"endToken":{"kind":98,"text":")"}},"arguments":[],"name":{"!":"com.github.javaparser.ast.expr.SimpleName","range":{"beginLine":18,"beginColumn":24,"endLine":18,"endColumn":31},"tokenRange":{"beginToken":{"kind":94,"text":"rollback"},"endToken":{"kind":94,"text":"rollback"}},"identifier":"rollback"},"scope":{"!":"com.github.javaparser.ast.expr.MethodCallExpr","range":{"beginLine":18,"beginColumn":5,"endLine":18,"endColumn":22},"tokenRange":{"beginToken":{"kind":94,"text":"s"},"endToken":{"kind":98,"text":")"}},"arguments":[],"name":{"!":"com.github.javaparser.ast.expr.SimpleName","range":{"beginLine":18,"beginColumn":7,"endLine":18,"endColumn":20},"tokenRange":{"beginToken":{"kind":94,"text":"getTransaction"},"endToken":{"kind":94,"text":"getTransaction"}},"identifier":"getTransaction"},"scope":{"!":"com.github.javaparser.ast.expr.NameExpr","range":{"beginLine":18,"beginColumn":5,"endLine":18,"endColumn":5},"tokenRange":{"beginToken":{"kind":94,"text":"s"},"endToken":{"kind":94,"text":"s"}},"name":{"!":"com.github.javaparser.ast.expr.SimpleName","range":{"beginLine":18,"beginColumn":5,"endLine":18,"endColumn":5},"tokenRange":{"beginToken":{"kind":94,"text":"s"},"endToken":{"kind":94,"text":"s"}},"identifier":"s"}}}}}]},"parameter":{"!":"com.github.javaparser.ast.body.Parameter","range":{"beginLine":15,"beginColumn":11,"endLine":15,"endColumn":36},"tokenRange":{"beginToken":{"kind":94,"text":"TransientObjectException"},"endToken":{"kind":94,"text":"e"}},"annotations":[],"isVarArgs":"false","modifiers":[],"name":{"!":"com.github.javaparser.ast.expr.SimpleName","range":{"beginLine":15,"beginColumn":36,"endLine":15,"endColumn":36},"tokenRange":{"beginToken":{"kind":94,"text":"e"},"endToken":{"kind":94,"text":"e"}},"identifier":"e"},"type":{"!":"com.github.javaparser.ast.type.ClassOrInterfaceType","range":{"beginLine":15,"beginColumn":11,"endLine":15,"endColumn":34},"tokenRange":{"beginToken":{"kind":94,"text":"TransientObjectException"},"endToken":{"kind":94,"text":"TransientObjectException"}},"name":{"!":"com.github.javaparser.ast.expr.SimpleName","range":{"beginLine":15,"beginColumn":11,"endLine":15,"endColumn":34},"tokenRange":{"beginToken":{"kind":94,"text":"TransientObjectException"},"endToken":{"kind":94,"text":"TransientObjectException"}},"identifier":"TransientObjectException"},"annotations":[]},"varArgsAnnotations":[]}}],"finallyBlock":{"!":"com.github.javaparser.ast.stmt.BlockStmt","range":{"beginLine":20,"beginColumn":12,"endLine":22,"endColumn":4},"tokenRange":{"beginToken":{"kind":99,"text":"{"},"endToken":{"kind":100,"text":"}"}},"statements":[{"!":"com.github.javaparser.ast.stmt.ExpressionStmt","range":{"beginLine":21,"beginColumn":5,"endLine":21,"endColumn":14},"tokenRange":{"beginToken":{"kind":94,"text":"s"},"endToken":{"kind":103,"text":";"}},"expression":{"!":"com.github.javaparser.ast.expr.MethodCallExpr","range":{"beginLine":21,"beginColumn":5,"endLine":21,"endColumn":13},"tokenRange":{"beginToken":{"kind":94,"text":"s"},"endToken":{"kind":98,"text":")"}},"arguments":[],"name":{"!":"com.github.javaparser.ast.expr.SimpleName","range":{"beginLine":21,"beginColumn":7,"endLine":21,"endColumn":11},"tokenRange":{"beginToken":{"kind":94,"text":"close"},"endToken":{"kind":94,"text":"close"}},"identifier":"close"},"scope":{"!":"com.github.javaparser.ast.expr.NameExpr","range":{"beginLine":21,"beginColumn":5,"endLine":21,"endColumn":5},"tokenRange":{"beginToken":{"kind":94,"text":"s"},"endToken":{"kind":94,"text":"s"}},"name":{"!":"com.github.javaparser.ast.expr.SimpleName","range":{"beginLine":21,"beginColumn":5,"endLine":21,"endColumn":5},"tokenRange":{"beginToken":{"kind":94,"text":"s"},"endToken":{"kind":94,"text":"s"}},"identifier":"s"}}}}]},"resources":[],"tryBlock":{"!":"com.github.javaparser.ast.stmt.BlockStmt","range":{"beginLine":11,"beginColumn":8,"endLine":14,"endColumn":4},"tokenRange":{"beginToken":{"kind":99,"text":"{"},"endToken":{"kind":100,"text":"}"}},"statements":[{"!":"com.github.javaparser.ast.stmt.ExpressionStmt","range":{"beginLine":12,"beginColumn":5,"endLine":12,"endColumn":32},"tokenRange":{"beginToken":{"kind":94,"text":"s"},"endToken":{"kind":103,"text":";"}},"expression":{"!":"com.github.javaparser.ast.expr.MethodCallExpr","range":{"beginLine":12,"beginColumn":5,"endLine":12,"endColumn":31},"tokenRange":{"beginToken":{"kind":94,"text":"s"},"endToken":{"kind":98,"text":")"}},"arguments":[],"name":{"!":"com.github.javaparser.ast.expr.SimpleName","range":{"beginLine":12,"beginColumn":24,"endLine":12,"endColumn":29},"tokenRange":{"beginToken":{"kind":94,"text":"commit"},"endToken":{"kind":94,"text":"commit"}},"identifier":"commit"},"scope":{"!":"com.github.javaparser.ast.expr.MethodCallExpr","range":{"beginLine":12,"beginColumn":5,"endLine":12,"endColumn":22},"tokenRange":{"beginToken":{"kind":94,"text":"s"},"endToken":{"kind":98,"text":")"}},"arguments":[],"name":{"!":"com.github.javaparser.ast.expr.SimpleName","range":{"beginLine":12,"beginColumn":7,"endLine":12,"endColumn":20},"tokenRange":{"beginToken":{"kind":94,"text":"getTransaction"},"endToken":{"kind":94,"text":"getTransaction"}},"identifier":"getTransaction"},"scope":{"!":"com.github.javaparser.ast.expr.NameExpr","range":{"beginLine":12,"beginColumn":5,"endLine":12,"endColumn":5},"tokenRange":{"beginToken":{"kind":94,"text":"s"},"endToken":{"kind":94,"text":"s"}},"name":{"!":"com.github.javaparser.ast.expr.SimpleName","range":{"beginLine":12,"beginColumn":5,"endLine":12,"endColumn":5},"tokenRange":{"beginToken":{"kind":94,"text":"s"},"endToken":{"kind":94,"text":"s"}},"identifier":"s"}}}}},{"!":"com.github.javaparser.ast.stmt.ExpressionStmt","range":{"beginLine":13,"beginColumn":5,"endLine":13,"endColumn":58},"tokenRange":{"beginToken":{"kind":94,"text":"fail"},"endToken":{"kind":103,"text":";"}},"expression":{"!":"com.github.javaparser.ast.expr.MethodCallExpr","range":{"beginLine":13,"beginColumn":5,"endLine":13,"endColumn":57},"tokenRange":{"beginToken":{"kind":94,"text":"fail"},"endToken":{"kind":98,"text":")"}},"arguments":[{"!":"com.github.javaparser.ast.expr.StringLiteralExpr","range":{"beginLine":13,"beginColumn":11,"endLine":13,"endColumn":55},"tokenRange":{"beginToken":{"kind":90,"text":"\"expecting TransientObjectException on flush\""},"endToken":{"kind":90,"text":"\"expecting TransientObjectException on flush\""}},"value":"expecting TransientObjectException on flush"}],"name":{"!":"com.github.javaparser.ast.expr.SimpleName","range":{"beginLine":13,"beginColumn":5,"endLine":13,"endColumn":8},"tokenRange":{"beginToken":{"kind":94,"text":"fail"},"endToken":{"kind":94,"text":"fail"}},"identifier":"fail"}}}]}}]}}]},"type":{"!":"com.github.javaparser.ast.type.VoidType","range":{"beginLine":2,"beginColumn":9,"endLine":2,"endColumn":12},"tokenRange":{"beginToken":{"kind":62,"text":"void"},"endToken":{"kind":62,"text":"void"}},"annotations":[]},"modifiers":[{"!":"com.github.javaparser.ast.Modifier","range":{"beginLine":2,"beginColumn":2,"endLine":2,"endColumn":7},"tokenRange":{"beginToken":{"kind":47,"text":"public"},"endToken":{"kind":47,"text":"public"}},"keyword":"PUBLIC"}],"name":{"!":"com.github.javaparser.ast.expr.SimpleName","range":{"beginLine":2,"beginColumn":14,"endLine":2,"endColumn":48},"tokenRange":{"beginToken":{"kind":94,"text":"testOneToOnePropertyRefGeneratedIds"},"endToken":{"kind":94,"text":"testOneToOnePropertyRefGeneratedIds"}},"identifier":"testOneToOnePropertyRefGeneratedIds"},"parameters":[],"thrownExceptions":[],"typeParameters":[],"annotations":[]}],"modifiers":[],"name":{"!":"com.github.javaparser.ast.expr.SimpleName","range":{"beginLine":1,"beginColumn":7,"endLine":1,"endColumn":10},"tokenRange":{"beginToken":{"kind":94,"text":"Test"},"endToken":{"kind":94,"text":"Test"}},"identifier":"Test"},"annotations":[]}]}