{"!":"com.github.javaparser.ast.CompilationUnit","range":{"beginLine":1,"beginColumn":1,"endLine":16,"endColumn":2},"tokenRange":{"beginToken":{"kind":19,"text":"class"},"endToken":{"kind":0,"text":""}},"imports":[],"types":[{"!":"com.github.javaparser.ast.body.ClassOrInterfaceDeclaration","range":{"beginLine":1,"beginColumn":1,"endLine":16,"endColumn":2},"tokenRange":{"beginToken":{"kind":19,"text":"class"},"endToken":{"kind":100,"text":"}"}},"extendedTypes":[],"implementedTypes":[],"isInterface":"false","typeParameters":[],"members":[{"!":"com.github.javaparser.ast.body.MethodDeclaration","range":{"beginLine":6,"beginColumn":5,"endLine":14,"endColumn":5},"tokenRange":{"beginToken":{"kind":107,"text":"@"},"endToken":{"kind":100,"text":"}"}},"body":{"!":"com.github.javaparser.ast.stmt.BlockStmt","range":{"beginLine":7,"beginColumn":82,"endLine":14,"endColumn":5},"tokenRange":{"beginToken":{"kind":99,"text":"{"},"endToken":{"kind":100,"text":"}"}},"statements":[{"!":"com.github.javaparser.ast.stmt.ExpressionStmt","range":{"beginLine":8,"beginColumn":9,"endLine":13,"endColumn":17},"tokenRange":{"beginToken":{"kind":42,"text":"new"},"endToken":{"kind":103,"text":";"}},"expression":{"!":"com.github.javaparser.ast.expr.MethodCallExpr","range":{"beginLine":8,"beginColumn":9,"endLine":13,"endColumn":16},"tokenRange":{"beginToken":{"kind":42,"text":"new"},"endToken":{"kind":98,"text":")"}},"arguments":[],"name":{"!":"com.github.javaparser.ast.expr.SimpleName","range":{"beginLine":13,"beginColumn":11,"endLine":13,"endColumn":14},"tokenRange":{"beginToken":{"kind":94,"text":"test"},"endToken":{"kind":94,"text":"test"}},"identifier":"test"},"scope":{"!":"com.github.javaparser.ast.expr.ObjectCreationExpr","range":{"beginLine":8,"beginColumn":9,"endLine":13,"endColumn":9},"tokenRange":{"beginToken":{"kind":42,"text":"new"},"endToken":{"kind":100,"text":"}"}},"anonymousClassBody":[{"!":"com.github.javaparser.ast.body.MethodDeclaration","range":{"beginLine":9,"beginColumn":13,"endLine":12,"endColumn":13},"tokenRange":{"beginToken":{"kind":107,"text":"@"},"endToken":{"kind":100,"text":"}"}},"body":{"!":"com.github.javaparser.ast.stmt.BlockStmt","range":{"beginLine":10,"beginColumn":67,"endLine":12,"endColumn":13},"tokenRange":{"beginToken":{"kind":99,"text":"{"},"endToken":{"kind":100,"text":"}"}},"statements":[{"!":"com.github.javaparser.ast.stmt.ExpressionStmt","range":{"beginLine":11,"beginColumn":17,"endLine":11,"endColumn":53},"tokenRange":{"beginToken":{"kind":94,"text":"fNotifier"},"endToken":{"kind":103,"text":";"}},"expression":{"!":"com.github.javaparser.ast.expr.MethodCallExpr","range":{"beginLine":11,"beginColumn":17,"endLine":11,"endColumn":52},"tokenRange":{"beginToken":{"kind":94,"text":"fNotifier"},"endToken":{"kind":98,"text":")"}},"arguments":[{"!":"com.github.javaparser.ast.expr.NameExpr","range":{"beginLine":11,"beginColumn":44,"endLine":11,"endColumn":51},"tokenRange":{"beginToken":{"kind":94,"text":"listener"},"endToken":{"kind":94,"text":"listener"}},"name":{"!":"com.github.javaparser.ast.expr.SimpleName","range":{"beginLine":11,"beginColumn":44,"endLine":11,"endColumn":51},"tokenRange":{"beginToken":{"kind":94,"text":"listener"},"endToken":{"kind":94,"text":"listener"}},"identifier":"listener"}}],"name":{"!":"com.github.javaparser.ast.expr.SimpleName","range":{"beginLine":11,"beginColumn":27,"endLine":11,"endColumn":42},"tokenRange":{"beginToken":{"kind":94,"text":"addFirstListener"},"endToken":{"kind":94,"text":"addFirstListener"}},"identifier":"addFirstListener"},"scope":{"!":"com.github.javaparser.ast.expr.NameExpr","range":{"beginLine":11,"beginColumn":17,"endLine":11,"endColumn":25},"tokenRange":{"beginToken":{"kind":94,"text":"fNotifier"},"endToken":{"kind":94,"text":"fNotifier"}},"name":{"!":"com.github.javaparser.ast.expr.SimpleName","range":{"beginLine":11,"beginColumn":17,"endLine":11,"endColumn":25},"tokenRange":{"beginToken":{"kind":94,"text":"fNotifier"},"endToken":{"kind":94,"text":"fNotifier"}},"identifier":"fNotifier"}}}}]},"type":{"!":"com.github.javaparser.ast.type.VoidType","range":{"beginLine":10,"beginColumn":23,"endLine":10,"endColumn":26},"tokenRange":{"beginToken":{"kind":62,"text":"void"},"endToken":{"kind":62,"text":"void"}},"annotations":[]},"modifiers":[{"!":"com.github.javaparser.ast.Modifier","range":{"beginLine":10,"beginColumn":13,"endLine":10,"endColumn":21},"tokenRange":{"beginToken":{"kind":46,"text":"protected"},"endToken":{"kind":46,"text":"protected"}},"keyword":"PROTECTED"}],"name":{"!":"com.github.javaparser.ast.expr.SimpleName","range":{"beginLine":10,"beginColumn":28,"endLine":10,"endColumn":38},"tokenRange":{"beginToken":{"kind":94,"text":"addListener"},"endToken":{"kind":94,"text":"addListener"}},"identifier":"addListener"},"parameters":[{"!":"com.github.javaparser.ast.body.Parameter","range":{"beginLine":10,"beginColumn":40,"endLine":10,"endColumn":64},"tokenRange":{"beginToken":{"kind":94,"text":"ExaminedListener"},"endToken":{"kind":94,"text":"listener"}},"annotations":[],"isVarArgs":"false","modifiers":[],"name":{"!":"com.github.javaparser.ast.expr.SimpleName","range":{"beginLine":10,"beginColumn":57,"endLine":10,"endColumn":64},"tokenRange":{"beginToken":{"kind":94,"text":"listener"},"endToken":{"kind":94,"text":"listener"}},"identifier":"listener"},"type":{"!":"com.github.javaparser.ast.type.ClassOrInterfaceType","range":{"beginLine":10,"beginColumn":40,"endLine":10,"endColumn":55},"tokenRange":{"beginToken":{"kind":94,"text":"ExaminedListener"},"endToken":{"kind":94,"text":"ExaminedListener"}},"name":{"!":"com.github.javaparser.ast.expr.SimpleName","range":{"beginLine":10,"beginColumn":40,"endLine":10,"endColumn":55},"tokenRange":{"beginToken":{"kind":94,"text":"ExaminedListener"},"endToken":{"kind":94,"text":"ExaminedListener"}},"identifier":"ExaminedListener"},"annotations":[]},"varArgsAnnotations":[]}],"thrownExceptions":[],"typeParameters":[],"annotations":[{"!":"com.github.javaparser.ast.expr.MarkerAnnotationExpr","range":{"beginLine":9,"beginColumn":13,"endLine":9,"endColumn":21},"tokenRange":{"beginToken":{"kind":107,"text":"@"},"endToken":{"kind":94,"text":"Override"}},"name":{"!":"com.github.javaparser.ast.expr.Name","range":{"beginLine":9,"beginColumn":14,"endLine":9,"endColumn":21},"tokenRange":{"beginToken":{"kind":94,"text":"Override"},"endToken":{"kind":94,"text":"Override"}},"identifier":"Override"}}]}],"arguments":[],"type":{"!":"com.github.javaparser.ast.type.ClassOrInterfaceType","range":{"beginLine":8,"beginColumn":13,"endLine":8,"endColumn":42},"tokenRange":{"beginToken":{"kind":94,"text":"AbstractConcurrentFailuresTest"},"endToken":{"kind":94,"text":"AbstractConcurrentFailuresTest"}},"name":{"!":"com.github.javaparser.ast.expr.SimpleName","range":{"beginLine":8,"beginColumn":13,"endLine":8,"endColumn":42},"tokenRange":{"beginToken":{"kind":94,"text":"AbstractConcurrentFailuresTest"},"endToken":{"kind":94,"text":"AbstractConcurrentFailuresTest"}},"identifier":"AbstractConcurrentFailuresTest"},"annotations":[]}}}}]},"type":{"!":"com.github.javaparser.ast.type.VoidType","range":{"beginLine":7,"beginColumn":12,"endLine":7,"endColumn":15},"tokenRange":{"beginToken":{"kind":62,"text":"void"},"endToken":{"kind":62,"text":"void"}},"annotations":[]},"modifiers":[{"!":"com.github.javaparser.ast.Modifier","range":{"beginLine":7,"beginColumn":5,"endLine":7,"endColumn":10},"tokenRange":{"beginToken":{"kind":47,"text":"public"},"endToken":{"kind":47,"text":"public"}},"keyword":"PUBLIC"}],"name":{"!":"com.github.javaparser.ast.expr.SimpleName","range":{"beginLine":7,"beginColumn":17,"endLine":7,"endColumn":61},"tokenRange":{"beginToken":{"kind":94,"text":"reportConcurrentFailuresAfterAddFirstListener"},"endToken":{"kind":94,"text":"reportConcurrentFailuresAfterAddFirstListener"}},"identifier":"reportConcurrentFailuresAfterAddFirstListener"},"parameters":[],"thrownExceptions":[{"!":"com.github.javaparser.ast.type.ClassOrInterfaceType","range":{"beginLine":7,"beginColumn":72,"endLine":7,"endColumn":80},"tokenRange":{"beginToken":{"kind":94,"text":"Exception"},"endToken":{"kind":94,"text":"Exception"}},"name":{"!":"com.github.javaparser.ast.expr.SimpleName","range":{"beginLine":7,"beginColumn":72,"endLine":7,"endColumn":80},"tokenRange":{"beginToken":{"kind":94,"text":"Exception"},"endToken":{"kind":94,"text":"Exception"}},"identifier":"Exception"},"annotations":[]}],"typeParameters":[],"annotations":[{"!":"com.github.javaparser.ast.expr.MarkerAnnotationExpr","range":{"beginLine":6,"beginColumn":5,"endLine":6,"endColumn":9},"tokenRange":{"beginToken":{"kind":107,"text":"@"},"endToken":{"kind":94,"text":"Test"}},"name":{"!":"com.github.javaparser.ast.expr.Name","range":{"beginLine":6,"beginColumn":6,"endLine":6,"endColumn":9},"tokenRange":{"beginToken":{"kind":94,"text":"Test"},"endToken":{"kind":94,"text":"Test"}},"identifier":"Test"}}],"comment":{"!":"com.github.javaparser.ast.comments.JavadocComment","range":{"beginLine":2,"beginColumn":5,"endLine":5,"endColumn":7},"tokenRange":{"beginToken":{"kind":8,"text":"/**\n     * Verifies that listeners added with addFirstListener() while tests are run concurrently are\n     * notified about test failures.\n     */"},"endToken":{"kind":8,"text":"/**\n     * Verifies that listeners added with addFirstListener() while tests are run concurrently are\n     * notified about test failures.\n     */"}},"content":"\n     * Verifies that listeners added with addFirstListener() while tests are run concurrently are\n     * notified about test failures.\n     "}}],"modifiers":[],"name":{"!":"com.github.javaparser.ast.expr.SimpleName","range":{"beginLine":1,"beginColumn":7,"endLine":1,"endColumn":10},"tokenRange":{"beginToken":{"kind":94,"text":"Test"},"endToken":{"kind":94,"text":"Test"}},"identifier":"Test"},"annotations":[]}]}