{"!":"com.github.javaparser.ast.CompilationUnit","range":{"beginLine":1,"beginColumn":1,"endLine":17,"endColumn":2},"tokenRange":{"beginToken":{"kind":19,"text":"class"},"endToken":{"kind":0,"text":""}},"imports":[],"types":[{"!":"com.github.javaparser.ast.body.ClassOrInterfaceDeclaration","range":{"beginLine":1,"beginColumn":1,"endLine":17,"endColumn":2},"tokenRange":{"beginToken":{"kind":19,"text":"class"},"endToken":{"kind":100,"text":"}"}},"extendedTypes":[],"implementedTypes":[],"isInterface":"false","typeParameters":[],"members":[{"!":"com.github.javaparser.ast.body.MethodDeclaration","range":{"beginLine":2,"beginColumn":2,"endLine":15,"endColumn":2},"tokenRange":{"beginToken":{"kind":45,"text":"private"},"endToken":{"kind":100,"text":"}"}},"body":{"!":"com.github.javaparser.ast.stmt.BlockStmt","range":{"beginLine":2,"beginColumn":102,"endLine":15,"endColumn":2},"tokenRange":{"beginToken":{"kind":99,"text":"{"},"endToken":{"kind":100,"text":"}"}},"statements":[{"!":"com.github.javaparser.ast.stmt.ExpressionStmt","range":{"beginLine":3,"beginColumn":3,"endLine":3,"endColumn":22},"tokenRange":{"beginToken":{"kind":94,"text":"validateNotClosed"},"endToken":{"kind":103,"text":";"}},"expression":{"!":"com.github.javaparser.ast.expr.MethodCallExpr","range":{"beginLine":3,"beginColumn":3,"endLine":3,"endColumn":21},"tokenRange":{"beginToken":{"kind":94,"text":"validateNotClosed"},"endToken":{"kind":98,"text":")"}},"arguments":[],"name":{"!":"com.github.javaparser.ast.expr.SimpleName","range":{"beginLine":3,"beginColumn":3,"endLine":3,"endColumn":19},"tokenRange":{"beginToken":{"kind":94,"text":"validateNotClosed"},"endToken":{"kind":94,"text":"validateNotClosed"}},"identifier":"validateNotClosed"}}},{"!":"com.github.javaparser.ast.stmt.ReturnStmt","range":{"beginLine":6,"beginColumn":3,"endLine":14,"endColumn":4},"tokenRange":{"beginToken":{"kind":49,"text":"return"},"endToken":{"kind":103,"text":";"}},"expression":{"!":"com.github.javaparser.ast.expr.ObjectCreationExpr","range":{"beginLine":6,"beginColumn":10,"endLine":14,"endColumn":3},"tokenRange":{"beginToken":{"kind":42,"text":"new"},"endToken":{"kind":98,"text":")"}},"arguments":[{"!":"com.github.javaparser.ast.expr.ThisExpr","range":{"beginLine":7,"beginColumn":5,"endLine":7,"endColumn":8},"tokenRange":{"beginToken":{"kind":56,"text":"this"},"endToken":{"kind":56,"text":"this"}}},{"!":"com.github.javaparser.ast.expr.FieldAccessExpr","range":{"beginLine":8,"beginColumn":5,"endLine":8,"endColumn":35},"tokenRange":{"beginToken":{"kind":94,"text":"PersistenceContextType"},"endToken":{"kind":94,"text":"EXTENDED"}},"name":{"!":"com.github.javaparser.ast.expr.SimpleName","range":{"beginLine":8,"beginColumn":28,"endLine":8,"endColumn":35},"tokenRange":{"beginToken":{"kind":94,"text":"EXTENDED"},"endToken":{"kind":94,"text":"EXTENDED"}},"identifier":"EXTENDED"},"scope":{"!":"com.github.javaparser.ast.expr.NameExpr","range":{"beginLine":8,"beginColumn":5,"endLine":8,"endColumn":26},"tokenRange":{"beginToken":{"kind":94,"text":"PersistenceContextType"},"endToken":{"kind":94,"text":"PersistenceContextType"}},"name":{"!":"com.github.javaparser.ast.expr.SimpleName","range":{"beginLine":8,"beginColumn":5,"endLine":8,"endColumn":26},"tokenRange":{"beginToken":{"kind":94,"text":"PersistenceContextType"},"endToken":{"kind":94,"text":"PersistenceContextType"}},"identifier":"PersistenceContextType"}}},{"!":"com.github.javaparser.ast.expr.NameExpr","range":{"beginLine":9,"beginColumn":5,"endLine":9,"endColumn":23},"tokenRange":{"beginToken":{"kind":94,"text":"synchronizationType"},"endToken":{"kind":94,"text":"synchronizationType"}},"name":{"!":"com.github.javaparser.ast.expr.SimpleName","range":{"beginLine":9,"beginColumn":5,"endLine":9,"endColumn":23},"tokenRange":{"beginToken":{"kind":94,"text":"synchronizationType"},"endToken":{"kind":94,"text":"synchronizationType"}},"identifier":"synchronizationType"}},{"!":"com.github.javaparser.ast.expr.NameExpr","range":{"beginLine":10,"beginColumn":5,"endLine":10,"endColumn":19},"tokenRange":{"beginToken":{"kind":94,"text":"transactionType"},"endToken":{"kind":94,"text":"transactionType"}},"name":{"!":"com.github.javaparser.ast.expr.SimpleName","range":{"beginLine":10,"beginColumn":5,"endLine":10,"endColumn":19},"tokenRange":{"beginToken":{"kind":94,"text":"transactionType"},"endToken":{"kind":94,"text":"transactionType"}},"identifier":"transactionType"}},{"!":"com.github.javaparser.ast.expr.NameExpr","range":{"beginLine":11,"beginColumn":5,"endLine":11,"endColumn":18},"tokenRange":{"beginToken":{"kind":94,"text":"discardOnClose"},"endToken":{"kind":94,"text":"discardOnClose"}},"name":{"!":"com.github.javaparser.ast.expr.SimpleName","range":{"beginLine":11,"beginColumn":5,"endLine":11,"endColumn":18},"tokenRange":{"beginToken":{"kind":94,"text":"discardOnClose"},"endToken":{"kind":94,"text":"discardOnClose"}},"identifier":"discardOnClose"}},{"!":"com.github.javaparser.ast.expr.NameExpr","range":{"beginLine":12,"beginColumn":5,"endLine":12,"endColumn":27},"tokenRange":{"beginToken":{"kind":94,"text":"sessionInterceptorClass"},"endToken":{"kind":94,"text":"sessionInterceptorClass"}},"name":{"!":"com.github.javaparser.ast.expr.SimpleName","range":{"beginLine":12,"beginColumn":5,"endLine":12,"endColumn":27},"tokenRange":{"beginToken":{"kind":94,"text":"sessionInterceptorClass"},"endToken":{"kind":94,"text":"sessionInterceptorClass"}},"identifier":"sessionInterceptorClass"}},{"!":"com.github.javaparser.ast.expr.NameExpr","range":{"beginLine":13,"beginColumn":5,"endLine":13,"endColumn":7},"tokenRange":{"beginToken":{"kind":94,"text":"map"},"endToken":{"kind":94,"text":"map"}},"name":{"!":"com.github.javaparser.ast.expr.SimpleName","range":{"beginLine":13,"beginColumn":5,"endLine":13,"endColumn":7},"tokenRange":{"beginToken":{"kind":94,"text":"map"},"endToken":{"kind":94,"text":"map"}},"identifier":"map"}}],"type":{"!":"com.github.javaparser.ast.type.ClassOrInterfaceType","range":{"beginLine":6,"beginColumn":14,"endLine":6,"endColumn":30},"tokenRange":{"beginToken":{"kind":94,"text":"EntityManagerImpl"},"endToken":{"kind":94,"text":"EntityManagerImpl"}},"name":{"!":"com.github.javaparser.ast.expr.SimpleName","range":{"beginLine":6,"beginColumn":14,"endLine":6,"endColumn":30},"tokenRange":{"beginToken":{"kind":94,"text":"EntityManagerImpl"},"endToken":{"kind":94,"text":"EntityManagerImpl"}},"identifier":"EntityManagerImpl"},"annotations":[]}},"comment":{"!":"com.github.javaparser.ast.comments.LineComment","range":{"beginLine":5,"beginColumn":3,"endLine":5,"endColumn":70},"tokenRange":{"beginToken":{"kind":5,"text":"//TODO support discardOnClose, persistencecontexttype?, interceptor,"},"endToken":{"kind":5,"text":"//TODO support discardOnClose, persistencecontexttype?, interceptor,"}},"content":"TODO support discardOnClose, persistencecontexttype?, interceptor,"}}]},"type":{"!":"com.github.javaparser.ast.type.ClassOrInterfaceType","range":{"beginLine":2,"beginColumn":10,"endLine":2,"endColumn":22},"tokenRange":{"beginToken":{"kind":94,"text":"EntityManager"},"endToken":{"kind":94,"text":"EntityManager"}},"name":{"!":"com.github.javaparser.ast.expr.SimpleName","range":{"beginLine":2,"beginColumn":10,"endLine":2,"endColumn":22},"tokenRange":{"beginToken":{"kind":94,"text":"EntityManager"},"endToken":{"kind":94,"text":"EntityManager"}},"identifier":"EntityManager"},"annotations":[]},"modifiers":[{"!":"com.github.javaparser.ast.Modifier","range":{"beginLine":2,"beginColumn":2,"endLine":2,"endColumn":8},"tokenRange":{"beginToken":{"kind":45,"text":"private"},"endToken":{"kind":45,"text":"private"}},"keyword":"PRIVATE"}],"name":{"!":"com.github.javaparser.ast.expr.SimpleName","range":{"beginLine":2,"beginColumn":24,"endLine":2,"endColumn":50},"tokenRange":{"beginToken":{"kind":94,"text":"internalCreateEntityManager"},"endToken":{"kind":94,"text":"internalCreateEntityManager"}},"identifier":"internalCreateEntityManager"},"parameters":[{"!":"com.github.javaparser.ast.body.Parameter","range":{"beginLine":2,"beginColumn":52,"endLine":2,"endColumn":90},"tokenRange":{"beginToken":{"kind":94,"text":"SynchronizationType"},"endToken":{"kind":94,"text":"synchronizationType"}},"annotations":[],"isVarArgs":"false","modifiers":[],"name":{"!":"com.github.javaparser.ast.expr.SimpleName","range":{"beginLine":2,"beginColumn":72,"endLine":2,"endColumn":90},"tokenRange":{"beginToken":{"kind":94,"text":"synchronizationType"},"endToken":{"kind":94,"text":"synchronizationType"}},"identifier":"synchronizationType"},"type":{"!":"com.github.javaparser.ast.type.ClassOrInterfaceType","range":{"beginLine":2,"beginColumn":52,"endLine":2,"endColumn":70},"tokenRange":{"beginToken":{"kind":94,"text":"SynchronizationType"},"endToken":{"kind":94,"text":"SynchronizationType"}},"name":{"!":"com.github.javaparser.ast.expr.SimpleName","range":{"beginLine":2,"beginColumn":52,"endLine":2,"endColumn":70},"tokenRange":{"beginToken":{"kind":94,"text":"SynchronizationType"},"endToken":{"kind":94,"text":"SynchronizationType"}},"identifier":"SynchronizationType"},"annotations":[]},"varArgsAnnotations":[]},{"!":"com.github.javaparser.ast.body.Parameter","range":{"beginLine":2,"beginColumn":93,"endLine":2,"endColumn":99},"tokenRange":{"beginToken":{"kind":94,"text":"Map"},"endToken":{"kind":94,"text":"map"}},"annotations":[],"isVarArgs":"false","modifiers":[],"name":{"!":"com.github.javaparser.ast.expr.SimpleName","range":{"beginLine":2,"beginColumn":97,"endLine":2,"endColumn":99},"tokenRange":{"beginToken":{"kind":94,"text":"map"},"endToken":{"kind":94,"text":"map"}},"identifier":"map"},"type":{"!":"com.github.javaparser.ast.type.ClassOrInterfaceType","range":{"beginLine":2,"beginColumn":93,"endLine":2,"endColumn":95},"tokenRange":{"beginToken":{"kind":94,"text":"Map"},"endToken":{"kind":94,"text":"Map"}},"name":{"!":"com.github.javaparser.ast.expr.SimpleName","range":{"beginLine":2,"beginColumn":93,"endLine":2,"endColumn":95},"tokenRange":{"beginToken":{"kind":94,"text":"Map"},"endToken":{"kind":94,"text":"Map"}},"identifier":"Map"},"annotations":[]},"varArgsAnnotations":[]}],"thrownExceptions":[],"typeParameters":[],"annotations":[]}],"modifiers":[],"name":{"!":"com.github.javaparser.ast.expr.SimpleName","range":{"beginLine":1,"beginColumn":7,"endLine":1,"endColumn":10},"tokenRange":{"beginToken":{"kind":94,"text":"Test"},"endToken":{"kind":94,"text":"Test"}},"identifier":"Test"},"annotations":[]}]}