{"!":"com.github.javaparser.ast.CompilationUnit","range":{"beginLine":1,"beginColumn":1,"endLine":33,"endColumn":2},"tokenRange":{"beginToken":{"kind":19,"text":"class"},"endToken":{"kind":0,"text":""}},"imports":[],"types":[{"!":"com.github.javaparser.ast.body.ClassOrInterfaceDeclaration","range":{"beginLine":1,"beginColumn":1,"endLine":33,"endColumn":2},"tokenRange":{"beginToken":{"kind":19,"text":"class"},"endToken":{"kind":100,"text":"}"}},"extendedTypes":[],"implementedTypes":[],"isInterface":"false","typeParameters":[],"members":[{"!":"com.github.javaparser.ast.body.MethodDeclaration","range":{"beginLine":9,"beginColumn":5,"endLine":31,"endColumn":5},"tokenRange":{"beginToken":{"kind":107,"text":"@"},"endToken":{"kind":100,"text":"}"}},"body":{"!":"com.github.javaparser.ast.stmt.BlockStmt","range":{"beginLine":10,"beginColumn":39,"endLine":31,"endColumn":5},"tokenRange":{"beginToken":{"kind":99,"text":"{"},"endToken":{"kind":100,"text":"}"}},"statements":[{"!":"com.github.javaparser.ast.stmt.IfStmt","range":{"beginLine":11,"beginColumn":9,"endLine":13,"endColumn":9},"tokenRange":{"beginToken":{"kind":34,"text":"if"},"endToken":{"kind":100,"text":"}"}},"condition":{"!":"com.github.javaparser.ast.expr.BinaryExpr","range":{"beginLine":11,"beginColumn":13,"endLine":11,"endColumn":23},"tokenRange":{"beginToken":{"kind":94,"text":"obj"},"endToken":{"kind":56,"text":"this"}},"left":{"!":"com.github.javaparser.ast.expr.NameExpr","range":{"beginLine":11,"beginColumn":13,"endLine":11,"endColumn":15},"tokenRange":{"beginToken":{"kind":94,"text":"obj"},"endToken":{"kind":94,"text":"obj"}},"name":{"!":"com.github.javaparser.ast.expr.SimpleName","range":{"beginLine":11,"beginColumn":13,"endLine":11,"endColumn":15},"tokenRange":{"beginToken":{"kind":94,"text":"obj"},"endToken":{"kind":94,"text":"obj"}},"identifier":"obj"}},"operator":"EQUALS","right":{"!":"com.github.javaparser.ast.expr.ThisExpr","range":{"beginLine":11,"beginColumn":20,"endLine":11,"endColumn":23},"tokenRange":{"beginToken":{"kind":56,"text":"this"},"endToken":{"kind":56,"text":"this"}}}},"thenStmt":{"!":"com.github.javaparser.ast.stmt.BlockStmt","range":{"beginLine":11,"beginColumn":26,"endLine":13,"endColumn":9},"tokenRange":{"beginToken":{"kind":99,"text":"{"},"endToken":{"kind":100,"text":"}"}},"statements":[{"!":"com.github.javaparser.ast.stmt.ReturnStmt","range":{"beginLine":12,"beginColumn":13,"endLine":12,"endColumn":24},"tokenRange":{"beginToken":{"kind":49,"text":"return"},"endToken":{"kind":103,"text":";"}},"expression":{"!":"com.github.javaparser.ast.expr.BooleanLiteralExpr","range":{"beginLine":12,"beginColumn":20,"endLine":12,"endColumn":23},"tokenRange":{"beginToken":{"kind":60,"text":"true"},"endToken":{"kind":60,"text":"true"}},"value":"true"}}]}},{"!":"com.github.javaparser.ast.stmt.IfStmt","range":{"beginLine":14,"beginColumn":9,"endLine":16,"endColumn":9},"tokenRange":{"beginToken":{"kind":34,"text":"if"},"endToken":{"kind":100,"text":"}"}},"condition":{"!":"com.github.javaparser.ast.expr.UnaryExpr","range":{"beginLine":14,"beginColumn":13,"endLine":14,"endColumn":34},"tokenRange":{"beginToken":{"kind":111,"text":"!"},"endToken":{"kind":98,"text":")"}},"expression":{"!":"com.github.javaparser.ast.expr.EnclosedExpr","range":{"beginLine":14,"beginColumn":14,"endLine":14,"endColumn":34},"tokenRange":{"beginToken":{"kind":97,"text":"("},"endToken":{"kind":98,"text":")"}},"inner":{"!":"com.github.javaparser.ast.expr.InstanceOfExpr","range":{"beginLine":14,"beginColumn":15,"endLine":14,"endColumn":33},"tokenRange":{"beginToken":{"kind":94,"text":"obj"},"endToken":{"kind":94,"text":"OHLC"}},"expression":{"!":"com.github.javaparser.ast.expr.NameExpr","range":{"beginLine":14,"beginColumn":15,"endLine":14,"endColumn":17},"tokenRange":{"beginToken":{"kind":94,"text":"obj"},"endToken":{"kind":94,"text":"obj"}},"name":{"!":"com.github.javaparser.ast.expr.SimpleName","range":{"beginLine":14,"beginColumn":15,"endLine":14,"endColumn":17},"tokenRange":{"beginToken":{"kind":94,"text":"obj"},"endToken":{"kind":94,"text":"obj"}},"identifier":"obj"}},"type":{"!":"com.github.javaparser.ast.type.ClassOrInterfaceType","range":{"beginLine":14,"beginColumn":30,"endLine":14,"endColumn":33},"tokenRange":{"beginToken":{"kind":94,"text":"OHLC"},"endToken":{"kind":94,"text":"OHLC"}},"name":{"!":"com.github.javaparser.ast.expr.SimpleName","range":{"beginLine":14,"beginColumn":30,"endLine":14,"endColumn":33},"tokenRange":{"beginToken":{"kind":94,"text":"OHLC"},"endToken":{"kind":94,"text":"OHLC"}},"identifier":"OHLC"},"annotations":[]}}},"operator":"LOGICAL_COMPLEMENT"},"thenStmt":{"!":"com.github.javaparser.ast.stmt.BlockStmt","range":{"beginLine":14,"beginColumn":37,"endLine":16,"endColumn":9},"tokenRange":{"beginToken":{"kind":99,"text":"{"},"endToken":{"kind":100,"text":"}"}},"statements":[{"!":"com.github.javaparser.ast.stmt.ReturnStmt","range":{"beginLine":15,"beginColumn":13,"endLine":15,"endColumn":25},"tokenRange":{"beginToken":{"kind":49,"text":"return"},"endToken":{"kind":103,"text":";"}},"expression":{"!":"com.github.javaparser.ast.expr.BooleanLiteralExpr","range":{"beginLine":15,"beginColumn":20,"endLine":15,"endColumn":24},"tokenRange":{"beginToken":{"kind":28,"text":"false"},"endToken":{"kind":28,"text":"false"}},"value":"false"}}]}},{"!":"com.github.javaparser.ast.stmt.ExpressionStmt","range":{"beginLine":17,"beginColumn":9,"endLine":17,"endColumn":31},"tokenRange":{"beginToken":{"kind":94,"text":"OHLC"},"endToken":{"kind":103,"text":";"}},"expression":{"!":"com.github.javaparser.ast.expr.VariableDeclarationExpr","range":{"beginLine":17,"beginColumn":9,"endLine":17,"endColumn":30},"tokenRange":{"beginToken":{"kind":94,"text":"OHLC"},"endToken":{"kind":94,"text":"obj"}},"annotations":[],"modifiers":[],"variables":[{"!":"com.github.javaparser.ast.body.VariableDeclarator","range":{"beginLine":17,"beginColumn":14,"endLine":17,"endColumn":30},"tokenRange":{"beginToken":{"kind":94,"text":"that"},"endToken":{"kind":94,"text":"obj"}},"initializer":{"!":"com.github.javaparser.ast.expr.CastExpr","range":{"beginLine":17,"beginColumn":21,"endLine":17,"endColumn":30},"tokenRange":{"beginToken":{"kind":97,"text":"("},"endToken":{"kind":94,"text":"obj"}},"expression":{"!":"com.github.javaparser.ast.expr.NameExpr","range":{"beginLine":17,"beginColumn":28,"endLine":17,"endColumn":30},"tokenRange":{"beginToken":{"kind":94,"text":"obj"},"endToken":{"kind":94,"text":"obj"}},"name":{"!":"com.github.javaparser.ast.expr.SimpleName","range":{"beginLine":17,"beginColumn":28,"endLine":17,"endColumn":30},"tokenRange":{"beginToken":{"kind":94,"text":"obj"},"endToken":{"kind":94,"text":"obj"}},"identifier":"obj"}},"type":{"!":"com.github.javaparser.ast.type.ClassOrInterfaceType","range":{"beginLine":17,"beginColumn":22,"endLine":17,"endColumn":25},"tokenRange":{"beginToken":{"kind":94,"text":"OHLC"},"endToken":{"kind":94,"text":"OHLC"}},"name":{"!":"com.github.javaparser.ast.expr.SimpleName","range":{"beginLine":17,"beginColumn":22,"endLine":17,"endColumn":25},"tokenRange":{"beginToken":{"kind":94,"text":"OHLC"},"endToken":{"kind":94,"text":"OHLC"}},"identifier":"OHLC"},"annotations":[]}},"name":{"!":"com.github.javaparser.ast.expr.SimpleName","range":{"beginLine":17,"beginColumn":14,"endLine":17,"endColumn":17},"tokenRange":{"beginToken":{"kind":94,"text":"that"},"endToken":{"kind":94,"text":"that"}},"identifier":"that"},"type":{"!":"com.github.javaparser.ast.type.ClassOrInterfaceType","range":{"beginLine":17,"beginColumn":9,"endLine":17,"endColumn":12},"tokenRange":{"beginToken":{"kind":94,"text":"OHLC"},"endToken":{"kind":94,"text":"OHLC"}},"name":{"!":"com.github.javaparser.ast.expr.SimpleName","range":{"beginLine":17,"beginColumn":9,"endLine":17,"endColumn":12},"tokenRange":{"beginToken":{"kind":94,"text":"OHLC"},"endToken":{"kind":94,"text":"OHLC"}},"identifier":"OHLC"},"annotations":[]}}]}},{"!":"com.github.javaparser.ast.stmt.IfStmt","range":{"beginLine":18,"beginColumn":9,"endLine":20,"endColumn":9},"tokenRange":{"beginToken":{"kind":34,"text":"if"},"endToken":{"kind":100,"text":"}"}},"condition":{"!":"com.github.javaparser.ast.expr.BinaryExpr","range":{"beginLine":18,"beginColumn":13,"endLine":18,"endColumn":34},"tokenRange":{"beginToken":{"kind":56,"text":"this"},"endToken":{"kind":94,"text":"open"}},"left":{"!":"com.github.javaparser.ast.expr.FieldAccessExpr","range":{"beginLine":18,"beginColumn":13,"endLine":18,"endColumn":21},"tokenRange":{"beginToken":{"kind":56,"text":"this"},"endToken":{"kind":94,"text":"open"}},"name":{"!":"com.github.javaparser.ast.expr.SimpleName","range":{"beginLine":18,"beginColumn":18,"endLine":18,"endColumn":21},"tokenRange":{"beginToken":{"kind":94,"text":"open"},"endToken":{"kind":94,"text":"open"}},"identifier":"open"},"scope":{"!":"com.github.javaparser.ast.expr.ThisExpr","range":{"beginLine":18,"beginColumn":13,"endLine":18,"endColumn":16},"tokenRange":{"beginToken":{"kind":56,"text":"this"},"endToken":{"kind":56,"text":"this"}}}},"operator":"NOT_EQUALS","right":{"!":"com.github.javaparser.ast.expr.FieldAccessExpr","range":{"beginLine":18,"beginColumn":26,"endLine":18,"endColumn":34},"tokenRange":{"beginToken":{"kind":94,"text":"that"},"endToken":{"kind":94,"text":"open"}},"name":{"!":"com.github.javaparser.ast.expr.SimpleName","range":{"beginLine":18,"beginColumn":31,"endLine":18,"endColumn":34},"tokenRange":{"beginToken":{"kind":94,"text":"open"},"endToken":{"kind":94,"text":"open"}},"identifier":"open"},"scope":{"!":"com.github.javaparser.ast.expr.NameExpr","range":{"beginLine":18,"beginColumn":26,"endLine":18,"endColumn":29},"tokenRange":{"beginToken":{"kind":94,"text":"that"},"endToken":{"kind":94,"text":"that"}},"name":{"!":"com.github.javaparser.ast.expr.SimpleName","range":{"beginLine":18,"beginColumn":26,"endLine":18,"endColumn":29},"tokenRange":{"beginToken":{"kind":94,"text":"that"},"endToken":{"kind":94,"text":"that"}},"identifier":"that"}}}},"thenStmt":{"!":"com.github.javaparser.ast.stmt.BlockStmt","range":{"beginLine":18,"beginColumn":37,"endLine":20,"endColumn":9},"tokenRange":{"beginToken":{"kind":99,"text":"{"},"endToken":{"kind":100,"text":"}"}},"statements":[{"!":"com.github.javaparser.ast.stmt.ReturnStmt","range":{"beginLine":19,"beginColumn":13,"endLine":19,"endColumn":25},"tokenRange":{"beginToken":{"kind":49,"text":"return"},"endToken":{"kind":103,"text":";"}},"expression":{"!":"com.github.javaparser.ast.expr.BooleanLiteralExpr","range":{"beginLine":19,"beginColumn":20,"endLine":19,"endColumn":24},"tokenRange":{"beginToken":{"kind":28,"text":"false"},"endToken":{"kind":28,"text":"false"}},"value":"false"}}]}},{"!":"com.github.javaparser.ast.stmt.IfStmt","range":{"beginLine":21,"beginColumn":9,"endLine":23,"endColumn":9},"tokenRange":{"beginToken":{"kind":34,"text":"if"},"endToken":{"kind":100,"text":"}"}},"condition":{"!":"com.github.javaparser.ast.expr.BinaryExpr","range":{"beginLine":21,"beginColumn":13,"endLine":21,"endColumn":36},"tokenRange":{"beginToken":{"kind":56,"text":"this"},"endToken":{"kind":94,"text":"close"}},"left":{"!":"com.github.javaparser.ast.expr.FieldAccessExpr","range":{"beginLine":21,"beginColumn":13,"endLine":21,"endColumn":22},"tokenRange":{"beginToken":{"kind":56,"text":"this"},"endToken":{"kind":94,"text":"close"}},"name":{"!":"com.github.javaparser.ast.expr.SimpleName","range":{"beginLine":21,"beginColumn":18,"endLine":21,"endColumn":22},"tokenRange":{"beginToken":{"kind":94,"text":"close"},"endToken":{"kind":94,"text":"close"}},"identifier":"close"},"scope":{"!":"com.github.javaparser.ast.expr.ThisExpr","range":{"beginLine":21,"beginColumn":13,"endLine":21,"endColumn":16},"tokenRange":{"beginToken":{"kind":56,"text":"this"},"endToken":{"kind":56,"text":"this"}}}},"operator":"NOT_EQUALS","right":{"!":"com.github.javaparser.ast.expr.FieldAccessExpr","range":{"beginLine":21,"beginColumn":27,"endLine":21,"endColumn":36},"tokenRange":{"beginToken":{"kind":94,"text":"that"},"endToken":{"kind":94,"text":"close"}},"name":{"!":"com.github.javaparser.ast.expr.SimpleName","range":{"beginLine":21,"beginColumn":32,"endLine":21,"endColumn":36},"tokenRange":{"beginToken":{"kind":94,"text":"close"},"endToken":{"kind":94,"text":"close"}},"identifier":"close"},"scope":{"!":"com.github.javaparser.ast.expr.NameExpr","range":{"beginLine":21,"beginColumn":27,"endLine":21,"endColumn":30},"tokenRange":{"beginToken":{"kind":94,"text":"that"},"endToken":{"kind":94,"text":"that"}},"name":{"!":"com.github.javaparser.ast.expr.SimpleName","range":{"beginLine":21,"beginColumn":27,"endLine":21,"endColumn":30},"tokenRange":{"beginToken":{"kind":94,"text":"that"},"endToken":{"kind":94,"text":"that"}},"identifier":"that"}}}},"thenStmt":{"!":"com.github.javaparser.ast.stmt.BlockStmt","range":{"beginLine":21,"beginColumn":39,"endLine":23,"endColumn":9},"tokenRange":{"beginToken":{"kind":99,"text":"{"},"endToken":{"kind":100,"text":"}"}},"statements":[{"!":"com.github.javaparser.ast.stmt.ReturnStmt","range":{"beginLine":22,"beginColumn":13,"endLine":22,"endColumn":25},"tokenRange":{"beginToken":{"kind":49,"text":"return"},"endToken":{"kind":103,"text":";"}},"expression":{"!":"com.github.javaparser.ast.expr.BooleanLiteralExpr","range":{"beginLine":22,"beginColumn":20,"endLine":22,"endColumn":24},"tokenRange":{"beginToken":{"kind":28,"text":"false"},"endToken":{"kind":28,"text":"false"}},"value":"false"}}]}},{"!":"com.github.javaparser.ast.stmt.IfStmt","range":{"beginLine":24,"beginColumn":9,"endLine":26,"endColumn":9},"tokenRange":{"beginToken":{"kind":34,"text":"if"},"endToken":{"kind":100,"text":"}"}},"condition":{"!":"com.github.javaparser.ast.expr.BinaryExpr","range":{"beginLine":24,"beginColumn":13,"endLine":24,"endColumn":34},"tokenRange":{"beginToken":{"kind":56,"text":"this"},"endToken":{"kind":94,"text":"high"}},"left":{"!":"com.github.javaparser.ast.expr.FieldAccessExpr","range":{"beginLine":24,"beginColumn":13,"endLine":24,"endColumn":21},"tokenRange":{"beginToken":{"kind":56,"text":"this"},"endToken":{"kind":94,"text":"high"}},"name":{"!":"com.github.javaparser.ast.expr.SimpleName","range":{"beginLine":24,"beginColumn":18,"endLine":24,"endColumn":21},"tokenRange":{"beginToken":{"kind":94,"text":"high"},"endToken":{"kind":94,"text":"high"}},"identifier":"high"},"scope":{"!":"com.github.javaparser.ast.expr.ThisExpr","range":{"beginLine":24,"beginColumn":13,"endLine":24,"endColumn":16},"tokenRange":{"beginToken":{"kind":56,"text":"this"},"endToken":{"kind":56,"text":"this"}}}},"operator":"NOT_EQUALS","right":{"!":"com.github.javaparser.ast.expr.FieldAccessExpr","range":{"beginLine":24,"beginColumn":26,"endLine":24,"endColumn":34},"tokenRange":{"beginToken":{"kind":94,"text":"that"},"endToken":{"kind":94,"text":"high"}},"name":{"!":"com.github.javaparser.ast.expr.SimpleName","range":{"beginLine":24,"beginColumn":31,"endLine":24,"endColumn":34},"tokenRange":{"beginToken":{"kind":94,"text":"high"},"endToken":{"kind":94,"text":"high"}},"identifier":"high"},"scope":{"!":"com.github.javaparser.ast.expr.NameExpr","range":{"beginLine":24,"beginColumn":26,"endLine":24,"endColumn":29},"tokenRange":{"beginToken":{"kind":94,"text":"that"},"endToken":{"kind":94,"text":"that"}},"name":{"!":"com.github.javaparser.ast.expr.SimpleName","range":{"beginLine":24,"beginColumn":26,"endLine":24,"endColumn":29},"tokenRange":{"beginToken":{"kind":94,"text":"that"},"endToken":{"kind":94,"text":"that"}},"identifier":"that"}}}},"thenStmt":{"!":"com.github.javaparser.ast.stmt.BlockStmt","range":{"beginLine":24,"beginColumn":37,"endLine":26,"endColumn":9},"tokenRange":{"beginToken":{"kind":99,"text":"{"},"endToken":{"kind":100,"text":"}"}},"statements":[{"!":"com.github.javaparser.ast.stmt.ReturnStmt","range":{"beginLine":25,"beginColumn":13,"endLine":25,"endColumn":25},"tokenRange":{"beginToken":{"kind":49,"text":"return"},"endToken":{"kind":103,"text":";"}},"expression":{"!":"com.github.javaparser.ast.expr.BooleanLiteralExpr","range":{"beginLine":25,"beginColumn":20,"endLine":25,"endColumn":24},"tokenRange":{"beginToken":{"kind":28,"text":"false"},"endToken":{"kind":28,"text":"false"}},"value":"false"}}]}},{"!":"com.github.javaparser.ast.stmt.IfStmt","range":{"beginLine":27,"beginColumn":9,"endLine":29,"endColumn":9},"tokenRange":{"beginToken":{"kind":34,"text":"if"},"endToken":{"kind":100,"text":"}"}},"condition":{"!":"com.github.javaparser.ast.expr.BinaryExpr","range":{"beginLine":27,"beginColumn":13,"endLine":27,"endColumn":32},"tokenRange":{"beginToken":{"kind":56,"text":"this"},"endToken":{"kind":94,"text":"low"}},"left":{"!":"com.github.javaparser.ast.expr.FieldAccessExpr","range":{"beginLine":27,"beginColumn":13,"endLine":27,"endColumn":20},"tokenRange":{"beginToken":{"kind":56,"text":"this"},"endToken":{"kind":94,"text":"low"}},"name":{"!":"com.github.javaparser.ast.expr.SimpleName","range":{"beginLine":27,"beginColumn":18,"endLine":27,"endColumn":20},"tokenRange":{"beginToken":{"kind":94,"text":"low"},"endToken":{"kind":94,"text":"low"}},"identifier":"low"},"scope":{"!":"com.github.javaparser.ast.expr.ThisExpr","range":{"beginLine":27,"beginColumn":13,"endLine":27,"endColumn":16},"tokenRange":{"beginToken":{"kind":56,"text":"this"},"endToken":{"kind":56,"text":"this"}}}},"operator":"NOT_EQUALS","right":{"!":"com.github.javaparser.ast.expr.FieldAccessExpr","range":{"beginLine":27,"beginColumn":25,"endLine":27,"endColumn":32},"tokenRange":{"beginToken":{"kind":94,"text":"that"},"endToken":{"kind":94,"text":"low"}},"name":{"!":"com.github.javaparser.ast.expr.SimpleName","range":{"beginLine":27,"beginColumn":30,"endLine":27,"endColumn":32},"tokenRange":{"beginToken":{"kind":94,"text":"low"},"endToken":{"kind":94,"text":"low"}},"identifier":"low"},"scope":{"!":"com.github.javaparser.ast.expr.NameExpr","range":{"beginLine":27,"beginColumn":25,"endLine":27,"endColumn":28},"tokenRange":{"beginToken":{"kind":94,"text":"that"},"endToken":{"kind":94,"text":"that"}},"name":{"!":"com.github.javaparser.ast.expr.SimpleName","range":{"beginLine":27,"beginColumn":25,"endLine":27,"endColumn":28},"tokenRange":{"beginToken":{"kind":94,"text":"that"},"endToken":{"kind":94,"text":"that"}},"identifier":"that"}}}},"thenStmt":{"!":"com.github.javaparser.ast.stmt.BlockStmt","range":{"beginLine":27,"beginColumn":35,"endLine":29,"endColumn":9},"tokenRange":{"beginToken":{"kind":99,"text":"{"},"endToken":{"kind":100,"text":"}"}},"statements":[{"!":"com.github.javaparser.ast.stmt.ReturnStmt","range":{"beginLine":28,"beginColumn":13,"endLine":28,"endColumn":25},"tokenRange":{"beginToken":{"kind":49,"text":"return"},"endToken":{"kind":103,"text":";"}},"expression":{"!":"com.github.javaparser.ast.expr.BooleanLiteralExpr","range":{"beginLine":28,"beginColumn":20,"endLine":28,"endColumn":24},"tokenRange":{"beginToken":{"kind":28,"text":"false"},"endToken":{"kind":28,"text":"false"}},"value":"false"}}]}},{"!":"com.github.javaparser.ast.stmt.ReturnStmt","range":{"beginLine":30,"beginColumn":9,"endLine":30,"endColumn":20},"tokenRange":{"beginToken":{"kind":49,"text":"return"},"endToken":{"kind":103,"text":";"}},"expression":{"!":"com.github.javaparser.ast.expr.BooleanLiteralExpr","range":{"beginLine":30,"beginColumn":16,"endLine":30,"endColumn":19},"tokenRange":{"beginToken":{"kind":60,"text":"true"},"endToken":{"kind":60,"text":"true"}},"value":"true"}}]},"type":{"!":"com.github.javaparser.ast.type.PrimitiveType","range":{"beginLine":10,"beginColumn":12,"endLine":10,"endColumn":18},"tokenRange":{"beginToken":{"kind":13,"text":"boolean"},"endToken":{"kind":13,"text":"boolean"}},"type":"BOOLEAN","annotations":[]},"modifiers":[{"!":"com.github.javaparser.ast.Modifier","range":{"beginLine":10,"beginColumn":5,"endLine":10,"endColumn":10},"tokenRange":{"beginToken":{"kind":47,"text":"public"},"endToken":{"kind":47,"text":"public"}},"keyword":"PUBLIC"}],"name":{"!":"com.github.javaparser.ast.expr.SimpleName","range":{"beginLine":10,"beginColumn":20,"endLine":10,"endColumn":25},"tokenRange":{"beginToken":{"kind":94,"text":"equals"},"endToken":{"kind":94,"text":"equals"}},"identifier":"equals"},"parameters":[{"!":"com.github.javaparser.ast.body.Parameter","range":{"beginLine":10,"beginColumn":27,"endLine":10,"endColumn":36},"tokenRange":{"beginToken":{"kind":94,"text":"Object"},"endToken":{"kind":94,"text":"obj"}},"annotations":[],"isVarArgs":"false","modifiers":[],"name":{"!":"com.github.javaparser.ast.expr.SimpleName","range":{"beginLine":10,"beginColumn":34,"endLine":10,"endColumn":36},"tokenRange":{"beginToken":{"kind":94,"text":"obj"},"endToken":{"kind":94,"text":"obj"}},"identifier":"obj"},"type":{"!":"com.github.javaparser.ast.type.ClassOrInterfaceType","range":{"beginLine":10,"beginColumn":27,"endLine":10,"endColumn":32},"tokenRange":{"beginToken":{"kind":94,"text":"Object"},"endToken":{"kind":94,"text":"Object"}},"name":{"!":"com.github.javaparser.ast.expr.SimpleName","range":{"beginLine":10,"beginColumn":27,"endLine":10,"endColumn":32},"tokenRange":{"beginToken":{"kind":94,"text":"Object"},"endToken":{"kind":94,"text":"Object"}},"identifier":"Object"},"annotations":[]},"varArgsAnnotations":[]}],"thrownExceptions":[],"typeParameters":[],"annotations":[{"!":"com.github.javaparser.ast.expr.MarkerAnnotationExpr","range":{"beginLine":9,"beginColumn":5,"endLine":9,"endColumn":13},"tokenRange":{"beginToken":{"kind":107,"text":"@"},"endToken":{"kind":94,"text":"Override"}},"name":{"!":"com.github.javaparser.ast.expr.Name","range":{"beginLine":9,"beginColumn":6,"endLine":9,"endColumn":13},"tokenRange":{"beginToken":{"kind":94,"text":"Override"},"endToken":{"kind":94,"text":"Override"}},"identifier":"Override"}}],"comment":{"!":"com.github.javaparser.ast.comments.JavadocComment","range":{"beginLine":2,"beginColumn":5,"endLine":8,"endColumn":7},"tokenRange":{"beginToken":{"kind":8,"text":"/**\n     * Tests this instance for equality with an arbitrary object.\n     *\n     * @param obj  the object (<code>null</code> permitted).\n     *\n     * @return A boolean.\n     */"},"endToken":{"kind":8,"text":"/**\n     * Tests this instance for equality with an arbitrary object.\n     *\n     * @param obj  the object (<code>null</code> permitted).\n     *\n     * @return A boolean.\n     */"}},"content":"\n     * Tests this instance for equality with an arbitrary object.\n     *\n     * @param obj  the object (<code>null</code> permitted).\n     *\n     * @return A boolean.\n     "}}],"modifiers":[],"name":{"!":"com.github.javaparser.ast.expr.SimpleName","range":{"beginLine":1,"beginColumn":7,"endLine":1,"endColumn":10},"tokenRange":{"beginToken":{"kind":94,"text":"Test"},"endToken":{"kind":94,"text":"Test"}},"identifier":"Test"},"annotations":[]}]}