{"!":"com.github.javaparser.ast.CompilationUnit","range":{"beginLine":1,"beginColumn":1,"endLine":19,"endColumn":2},"tokenRange":{"beginToken":{"kind":19,"text":"class"},"endToken":{"kind":0,"text":""}},"imports":[],"types":[{"!":"com.github.javaparser.ast.body.ClassOrInterfaceDeclaration","range":{"beginLine":1,"beginColumn":1,"endLine":19,"endColumn":2},"tokenRange":{"beginToken":{"kind":19,"text":"class"},"endToken":{"kind":100,"text":"}"}},"extendedTypes":[],"implementedTypes":[],"isInterface":"false","typeParameters":[],"members":[{"!":"com.github.javaparser.ast.body.MethodDeclaration","range":{"beginLine":2,"beginColumn":2,"endLine":17,"endColumn":2},"tokenRange":{"beginToken":{"kind":107,"text":"@"},"endToken":{"kind":100,"text":"}"}},"body":{"!":"com.github.javaparser.ast.stmt.BlockStmt","range":{"beginLine":3,"beginColumn":48,"endLine":17,"endColumn":2},"tokenRange":{"beginToken":{"kind":99,"text":"{"},"endToken":{"kind":100,"text":"}"}},"statements":[{"!":"com.github.javaparser.ast.stmt.ExpressionStmt","range":{"beginLine":4,"beginColumn":3,"endLine":4,"endColumn":44},"tokenRange":{"beginToken":{"kind":29,"text":"final"},"endToken":{"kind":103,"text":";"}},"expression":{"!":"com.github.javaparser.ast.expr.VariableDeclarationExpr","range":{"beginLine":4,"beginColumn":3,"endLine":4,"endColumn":43},"tokenRange":{"beginToken":{"kind":29,"text":"final"},"endToken":{"kind":98,"text":")"}},"annotations":[],"modifiers":[{"!":"com.github.javaparser.ast.Modifier","range":{"beginLine":4,"beginColumn":3,"endLine":4,"endColumn":7},"tokenRange":{"beginToken":{"kind":29,"text":"final"},"endToken":{"kind":29,"text":"final"}},"keyword":"FINAL"}],"variables":[{"!":"com.github.javaparser.ast.body.VariableDeclarator","range":{"beginLine":4,"beginColumn":20,"endLine":4,"endColumn":43},"tokenRange":{"beginToken":{"kind":94,"text":"props"},"endToken":{"kind":98,"text":")"}},"initializer":{"!":"com.github.javaparser.ast.expr.ObjectCreationExpr","range":{"beginLine":4,"beginColumn":28,"endLine":4,"endColumn":43},"tokenRange":{"beginToken":{"kind":42,"text":"new"},"endToken":{"kind":98,"text":")"}},"arguments":[],"type":{"!":"com.github.javaparser.ast.type.ClassOrInterfaceType","range":{"beginLine":4,"beginColumn":32,"endLine":4,"endColumn":41},"tokenRange":{"beginToken":{"kind":94,"text":"Properties"},"endToken":{"kind":94,"text":"Properties"}},"name":{"!":"com.github.javaparser.ast.expr.SimpleName","range":{"beginLine":4,"beginColumn":32,"endLine":4,"endColumn":41},"tokenRange":{"beginToken":{"kind":94,"text":"Properties"},"endToken":{"kind":94,"text":"Properties"}},"identifier":"Properties"},"annotations":[]}},"name":{"!":"com.github.javaparser.ast.expr.SimpleName","range":{"beginLine":4,"beginColumn":20,"endLine":4,"endColumn":24},"tokenRange":{"beginToken":{"kind":94,"text":"props"},"endToken":{"kind":94,"text":"props"}},"identifier":"props"},"type":{"!":"com.github.javaparser.ast.type.ClassOrInterfaceType","range":{"beginLine":4,"beginColumn":9,"endLine":4,"endColumn":18},"tokenRange":{"beginToken":{"kind":94,"text":"Properties"},"endToken":{"kind":94,"text":"Properties"}},"name":{"!":"com.github.javaparser.ast.expr.SimpleName","range":{"beginLine":4,"beginColumn":9,"endLine":4,"endColumn":18},"tokenRange":{"beginToken":{"kind":94,"text":"Properties"},"endToken":{"kind":94,"text":"Properties"}},"identifier":"Properties"},"annotations":[]}}]}},{"!":"com.github.javaparser.ast.stmt.ExpressionStmt","range":{"beginLine":6,"beginColumn":3,"endLine":6,"endColumn":77},"tokenRange":{"beginToken":{"kind":94,"text":"props"},"endToken":{"kind":103,"text":";"}},"expression":{"!":"com.github.javaparser.ast.expr.MethodCallExpr","range":{"beginLine":6,"beginColumn":3,"endLine":6,"endColumn":76},"tokenRange":{"beginToken":{"kind":94,"text":"props"},"endToken":{"kind":98,"text":")"}},"arguments":[{"!":"com.github.javaparser.ast.expr.StringLiteralExpr","range":{"beginLine":6,"beginColumn":13,"endLine":6,"endColumn":37},"tokenRange":{"beginToken":{"kind":90,"text":"\"rpt.1.hibernate.dialect\""},"endToken":{"kind":90,"text":"\"rpt.1.hibernate.dialect\""}},"value":"rpt.1.hibernate.dialect"},{"!":"com.github.javaparser.ast.expr.StringLiteralExpr","range":{"beginLine":6,"beginColumn":40,"endLine":6,"endColumn":75},"tokenRange":{"beginToken":{"kind":90,"text":"\"org.hibernate.dialect.DerbyDialect\""},"endToken":{"kind":90,"text":"\"org.hibernate.dialect.DerbyDialect\""}},"value":"org.hibernate.dialect.DerbyDialect"}],"name":{"!":"com.github.javaparser.ast.expr.SimpleName","range":{"beginLine":6,"beginColumn":9,"endLine":6,"endColumn":11},"tokenRange":{"beginToken":{"kind":94,"text":"put"},"endToken":{"kind":94,"text":"put"}},"identifier":"put"},"scope":{"!":"com.github.javaparser.ast.expr.NameExpr","range":{"beginLine":6,"beginColumn":3,"endLine":6,"endColumn":7},"tokenRange":{"beginToken":{"kind":94,"text":"props"},"endToken":{"kind":94,"text":"props"}},"name":{"!":"com.github.javaparser.ast.expr.SimpleName","range":{"beginLine":6,"beginColumn":3,"endLine":6,"endColumn":7},"tokenRange":{"beginToken":{"kind":94,"text":"props"},"endToken":{"kind":94,"text":"props"}},"identifier":"props"}}}},{"!":"com.github.javaparser.ast.stmt.ExpressionStmt","range":{"beginLine":7,"beginColumn":3,"endLine":7,"endColumn":93},"tokenRange":{"beginToken":{"kind":94,"text":"props"},"endToken":{"kind":103,"text":";"}},"expression":{"!":"com.github.javaparser.ast.expr.MethodCallExpr","range":{"beginLine":7,"beginColumn":3,"endLine":7,"endColumn":92},"tokenRange":{"beginToken":{"kind":94,"text":"props"},"endToken":{"kind":98,"text":")"}},"arguments":[{"!":"com.github.javaparser.ast.expr.StringLiteralExpr","range":{"beginLine":7,"beginColumn":13,"endLine":7,"endColumn":53},"tokenRange":{"beginToken":{"kind":90,"text":"\"rpt.2.hibernate.connection.driver_class\""},"endToken":{"kind":90,"text":"\"rpt.2.hibernate.connection.driver_class\""}},"value":"rpt.2.hibernate.connection.driver_class"},{"!":"com.github.javaparser.ast.expr.StringLiteralExpr","range":{"beginLine":7,"beginColumn":56,"endLine":7,"endColumn":91},"tokenRange":{"beginToken":{"kind":90,"text":"\"org.apache.derby.jdbc.ClientDriver\""},"endToken":{"kind":90,"text":"\"org.apache.derby.jdbc.ClientDriver\""}},"value":"org.apache.derby.jdbc.ClientDriver"}],"name":{"!":"com.github.javaparser.ast.expr.SimpleName","range":{"beginLine":7,"beginColumn":9,"endLine":7,"endColumn":11},"tokenRange":{"beginToken":{"kind":94,"text":"put"},"endToken":{"kind":94,"text":"put"}},"identifier":"put"},"scope":{"!":"com.github.javaparser.ast.expr.NameExpr","range":{"beginLine":7,"beginColumn":3,"endLine":7,"endColumn":7},"tokenRange":{"beginToken":{"kind":94,"text":"props"},"endToken":{"kind":94,"text":"props"}},"name":{"!":"com.github.javaparser.ast.expr.SimpleName","range":{"beginLine":7,"beginColumn":3,"endLine":7,"endColumn":7},"tokenRange":{"beginToken":{"kind":94,"text":"props"},"endToken":{"kind":94,"text":"props"}},"identifier":"props"}}}},{"!":"com.github.javaparser.ast.stmt.ExpressionStmt","range":{"beginLine":8,"beginColumn":3,"endLine":8,"endColumn":91},"tokenRange":{"beginToken":{"kind":94,"text":"props"},"endToken":{"kind":103,"text":";"}},"expression":{"!":"com.github.javaparser.ast.expr.MethodCallExpr","range":{"beginLine":8,"beginColumn":3,"endLine":8,"endColumn":90},"tokenRange":{"beginToken":{"kind":94,"text":"props"},"endToken":{"kind":98,"text":")"}},"arguments":[{"!":"com.github.javaparser.ast.expr.StringLiteralExpr","range":{"beginLine":8,"beginColumn":13,"endLine":8,"endColumn":44},"tokenRange":{"beginToken":{"kind":90,"text":"\"rpt.3.hibernate.connection.url\""},"endToken":{"kind":90,"text":"\"rpt.3.hibernate.connection.url\""}},"value":"rpt.3.hibernate.connection.url"},{"!":"com.github.javaparser.ast.expr.StringLiteralExpr","range":{"beginLine":8,"beginColumn":47,"endLine":8,"endColumn":89},"tokenRange":{"beginToken":{"kind":90,"text":"\"jdbc:derby://localhost:1527/db/reports.db\""},"endToken":{"kind":90,"text":"\"jdbc:derby://localhost:1527/db/reports.db\""}},"value":"jdbc:derby://localhost:1527/db/reports.db"}],"name":{"!":"com.github.javaparser.ast.expr.SimpleName","range":{"beginLine":8,"beginColumn":9,"endLine":8,"endColumn":11},"tokenRange":{"beginToken":{"kind":94,"text":"put"},"endToken":{"kind":94,"text":"put"}},"identifier":"put"},"scope":{"!":"com.github.javaparser.ast.expr.NameExpr","range":{"beginLine":8,"beginColumn":3,"endLine":8,"endColumn":7},"tokenRange":{"beginToken":{"kind":94,"text":"props"},"endToken":{"kind":94,"text":"props"}},"name":{"!":"com.github.javaparser.ast.expr.SimpleName","range":{"beginLine":8,"beginColumn":3,"endLine":8,"endColumn":7},"tokenRange":{"beginToken":{"kind":94,"text":"props"},"endToken":{"kind":94,"text":"props"}},"identifier":"props"}}}},{"!":"com.github.javaparser.ast.stmt.ExpressionStmt","range":{"beginLine":9,"beginColumn":3,"endLine":9,"endColumn":57},"tokenRange":{"beginToken":{"kind":94,"text":"props"},"endToken":{"kind":103,"text":";"}},"expression":{"!":"com.github.javaparser.ast.expr.MethodCallExpr","range":{"beginLine":9,"beginColumn":3,"endLine":9,"endColumn":56},"tokenRange":{"beginToken":{"kind":94,"text":"props"},"endToken":{"kind":98,"text":")"}},"arguments":[{"!":"com.github.javaparser.ast.expr.StringLiteralExpr","range":{"beginLine":9,"beginColumn":13,"endLine":9,"endColumn":49},"tokenRange":{"beginToken":{"kind":90,"text":"\"rpt.4.hibernate.connection.username\""},"endToken":{"kind":90,"text":"\"rpt.4.hibernate.connection.username\""}},"value":"rpt.4.hibernate.connection.username"},{"!":"com.github.javaparser.ast.expr.StringLiteralExpr","range":{"beginLine":9,"beginColumn":52,"endLine":9,"endColumn":55},"tokenRange":{"beginToken":{"kind":90,"text":"\"sa\""},"endToken":{"kind":90,"text":"\"sa\""}},"value":"sa"}],"name":{"!":"com.github.javaparser.ast.expr.SimpleName","range":{"beginLine":9,"beginColumn":9,"endLine":9,"endColumn":11},"tokenRange":{"beginToken":{"kind":94,"text":"put"},"endToken":{"kind":94,"text":"put"}},"identifier":"put"},"scope":{"!":"com.github.javaparser.ast.expr.NameExpr","range":{"beginLine":9,"beginColumn":3,"endLine":9,"endColumn":7},"tokenRange":{"beginToken":{"kind":94,"text":"props"},"endToken":{"kind":94,"text":"props"}},"name":{"!":"com.github.javaparser.ast.expr.SimpleName","range":{"beginLine":9,"beginColumn":3,"endLine":9,"endColumn":7},"tokenRange":{"beginToken":{"kind":94,"text":"props"},"endToken":{"kind":94,"text":"props"}},"identifier":"props"}}}},{"!":"com.github.javaparser.ast.stmt.ExpressionStmt","range":{"beginLine":10,"beginColumn":3,"endLine":10,"endColumn":91},"tokenRange":{"beginToken":{"kind":94,"text":"props"},"endToken":{"kind":103,"text":";"}},"expression":{"!":"com.github.javaparser.ast.expr.MethodCallExpr","range":{"beginLine":10,"beginColumn":3,"endLine":10,"endColumn":90},"tokenRange":{"beginToken":{"kind":94,"text":"props"},"endToken":{"kind":98,"text":")"}},"arguments":[{"!":"com.github.javaparser.ast.expr.StringLiteralExpr","range":{"beginLine":10,"beginColumn":13,"endLine":10,"endColumn":53},"tokenRange":{"beginToken":{"kind":90,"text":"\"rpt.5.hibernate.connection.password_enc\""},"endToken":{"kind":90,"text":"\"rpt.5.hibernate.connection.password_enc\""}},"value":"rpt.5.hibernate.connection.password_enc"},{"!":"com.github.javaparser.ast.expr.StringLiteralExpr","range":{"beginLine":10,"beginColumn":56,"endLine":10,"endColumn":89},"tokenRange":{"beginToken":{"kind":90,"text":"\"76f271db3661fd50082e68d4b953fbee\""},"endToken":{"kind":90,"text":"\"76f271db3661fd50082e68d4b953fbee\""}},"value":"76f271db3661fd50082e68d4b953fbee"}],"name":{"!":"com.github.javaparser.ast.expr.SimpleName","range":{"beginLine":10,"beginColumn":9,"endLine":10,"endColumn":11},"tokenRange":{"beginToken":{"kind":94,"text":"put"},"endToken":{"kind":94,"text":"put"}},"identifier":"put"},"scope":{"!":"com.github.javaparser.ast.expr.NameExpr","range":{"beginLine":10,"beginColumn":3,"endLine":10,"endColumn":7},"tokenRange":{"beginToken":{"kind":94,"text":"props"},"endToken":{"kind":94,"text":"props"}},"name":{"!":"com.github.javaparser.ast.expr.SimpleName","range":{"beginLine":10,"beginColumn":3,"endLine":10,"endColumn":7},"tokenRange":{"beginToken":{"kind":94,"text":"props"},"endToken":{"kind":94,"text":"props"}},"identifier":"props"}}}},{"!":"com.github.javaparser.ast.stmt.ExpressionStmt","range":{"beginLine":11,"beginColumn":3,"endLine":11,"endColumn":91},"tokenRange":{"beginToken":{"kind":94,"text":"props"},"endToken":{"kind":103,"text":";"}},"expression":{"!":"com.github.javaparser.ast.expr.MethodCallExpr","range":{"beginLine":11,"beginColumn":3,"endLine":11,"endColumn":90},"tokenRange":{"beginToken":{"kind":94,"text":"props"},"endToken":{"kind":98,"text":")"}},"arguments":[{"!":"com.github.javaparser.ast.expr.StringLiteralExpr","range":{"beginLine":11,"beginColumn":13,"endLine":11,"endColumn":53},"tokenRange":{"beginToken":{"kind":90,"text":"\"rpt.6.hibernate.connection.password_enc\""},"endToken":{"kind":90,"text":"\"rpt.6.hibernate.connection.password_enc\""}},"value":"rpt.6.hibernate.connection.password_enc"},{"!":"com.github.javaparser.ast.expr.StringLiteralExpr","range":{"beginLine":11,"beginColumn":56,"endLine":11,"endColumn":89},"tokenRange":{"beginToken":{"kind":90,"text":"\"76f271db3661fd50082e68d4b953fbee\""},"endToken":{"kind":90,"text":"\"76f271db3661fd50082e68d4b953fbee\""}},"value":"76f271db3661fd50082e68d4b953fbee"}],"name":{"!":"com.github.javaparser.ast.expr.SimpleName","range":{"beginLine":11,"beginColumn":9,"endLine":11,"endColumn":11},"tokenRange":{"beginToken":{"kind":94,"text":"put"},"endToken":{"kind":94,"text":"put"}},"identifier":"put"},"scope":{"!":"com.github.javaparser.ast.expr.NameExpr","range":{"beginLine":11,"beginColumn":3,"endLine":11,"endColumn":7},"tokenRange":{"beginToken":{"kind":94,"text":"props"},"endToken":{"kind":94,"text":"props"}},"name":{"!":"com.github.javaparser.ast.expr.SimpleName","range":{"beginLine":11,"beginColumn":3,"endLine":11,"endColumn":7},"tokenRange":{"beginToken":{"kind":94,"text":"props"},"endToken":{"kind":94,"text":"props"}},"identifier":"props"}}}},{"!":"com.github.javaparser.ast.stmt.ExpressionStmt","range":{"beginLine":12,"beginColumn":3,"endLine":12,"endColumn":51},"tokenRange":{"beginToken":{"kind":94,"text":"props"},"endToken":{"kind":103,"text":";"}},"expression":{"!":"com.github.javaparser.ast.expr.MethodCallExpr","range":{"beginLine":12,"beginColumn":3,"endLine":12,"endColumn":50},"tokenRange":{"beginToken":{"kind":94,"text":"props"},"endToken":{"kind":98,"text":")"}},"arguments":[{"!":"com.github.javaparser.ast.expr.StringLiteralExpr","range":{"beginLine":12,"beginColumn":13,"endLine":12,"endColumn":41},"tokenRange":{"beginToken":{"kind":90,"text":"\"hibernate.connection.create\""},"endToken":{"kind":90,"text":"\"hibernate.connection.create\""}},"value":"hibernate.connection.create"},{"!":"com.github.javaparser.ast.expr.StringLiteralExpr","range":{"beginLine":12,"beginColumn":44,"endLine":12,"endColumn":49},"tokenRange":{"beginToken":{"kind":90,"text":"\"true\""},"endToken":{"kind":90,"text":"\"true\""}},"value":"true"}],"name":{"!":"com.github.javaparser.ast.expr.SimpleName","range":{"beginLine":12,"beginColumn":9,"endLine":12,"endColumn":11},"tokenRange":{"beginToken":{"kind":94,"text":"put"},"endToken":{"kind":94,"text":"put"}},"identifier":"put"},"scope":{"!":"com.github.javaparser.ast.expr.NameExpr","range":{"beginLine":12,"beginColumn":3,"endLine":12,"endColumn":7},"tokenRange":{"beginToken":{"kind":94,"text":"props"},"endToken":{"kind":94,"text":"props"}},"name":{"!":"com.github.javaparser.ast.expr.SimpleName","range":{"beginLine":12,"beginColumn":3,"endLine":12,"endColumn":7},"tokenRange":{"beginToken":{"kind":94,"text":"props"},"endToken":{"kind":94,"text":"props"}},"identifier":"props"}}}},{"!":"com.github.javaparser.ast.stmt.ExpressionStmt","range":{"beginLine":14,"beginColumn":3,"endLine":14,"endColumn":94},"tokenRange":{"beginToken":{"kind":29,"text":"final"},"endToken":{"kind":103,"text":";"}},"expression":{"!":"com.github.javaparser.ast.expr.VariableDeclarationExpr","range":{"beginLine":14,"beginColumn":3,"endLine":14,"endColumn":93},"tokenRange":{"beginToken":{"kind":29,"text":"final"},"endToken":{"kind":98,"text":")"}},"annotations":[],"modifiers":[{"!":"com.github.javaparser.ast.Modifier","range":{"beginLine":14,"beginColumn":3,"endLine":14,"endColumn":7},"tokenRange":{"beginToken":{"kind":29,"text":"final"},"endToken":{"kind":29,"text":"final"}},"keyword":"FINAL"}],"variables":[{"!":"com.github.javaparser.ast.body.VariableDeclarator","range":{"beginLine":14,"beginColumn":20,"endLine":14,"endColumn":93},"tokenRange":{"beginToken":{"kind":94,"text":"outputProps"},"endToken":{"kind":98,"text":")"}},"initializer":{"!":"com.github.javaparser.ast.expr.MethodCallExpr","range":{"beginLine":14,"beginColumn":34,"endLine":14,"endColumn":93},"tokenRange":{"beginToken":{"kind":94,"text":"ConnectionProviderInitiator"},"endToken":{"kind":98,"text":")"}},"arguments":[{"!":"com.github.javaparser.ast.expr.NameExpr","range":{"beginLine":14,"beginColumn":87,"endLine":14,"endColumn":91},"tokenRange":{"beginToken":{"kind":94,"text":"props"},"endToken":{"kind":94,"text":"props"}},"name":{"!":"com.github.javaparser.ast.expr.SimpleName","range":{"beginLine":14,"beginColumn":87,"endLine":14,"endColumn":91},"tokenRange":{"beginToken":{"kind":94,"text":"props"},"endToken":{"kind":94,"text":"props"}},"identifier":"props"}}],"name":{"!":"com.github.javaparser.ast.expr.SimpleName","range":{"beginLine":14,"beginColumn":62,"endLine":14,"endColumn":84},"tokenRange":{"beginToken":{"kind":94,"text":"getConnectionProperties"},"endToken":{"kind":94,"text":"getConnectionProperties"}},"identifier":"getConnectionProperties"},"scope":{"!":"com.github.javaparser.ast.expr.NameExpr","range":{"beginLine":14,"beginColumn":34,"endLine":14,"endColumn":60},"tokenRange":{"beginToken":{"kind":94,"text":"ConnectionProviderInitiator"},"endToken":{"kind":94,"text":"ConnectionProviderInitiator"}},"name":{"!":"com.github.javaparser.ast.expr.SimpleName","range":{"beginLine":14,"beginColumn":34,"endLine":14,"endColumn":60},"tokenRange":{"beginToken":{"kind":94,"text":"ConnectionProviderInitiator"},"endToken":{"kind":94,"text":"ConnectionProviderInitiator"}},"identifier":"ConnectionProviderInitiator"}}},"name":{"!":"com.github.javaparser.ast.expr.SimpleName","range":{"beginLine":14,"beginColumn":20,"endLine":14,"endColumn":30},"tokenRange":{"beginToken":{"kind":94,"text":"outputProps"},"endToken":{"kind":94,"text":"outputProps"}},"identifier":"outputProps"},"type":{"!":"com.github.javaparser.ast.type.ClassOrInterfaceType","range":{"beginLine":14,"beginColumn":9,"endLine":14,"endColumn":18},"tokenRange":{"beginToken":{"kind":94,"text":"Properties"},"endToken":{"kind":94,"text":"Properties"}},"name":{"!":"com.github.javaparser.ast.expr.SimpleName","range":{"beginLine":14,"beginColumn":9,"endLine":14,"endColumn":18},"tokenRange":{"beginToken":{"kind":94,"text":"Properties"},"endToken":{"kind":94,"text":"Properties"}},"identifier":"Properties"},"annotations":[]}}]}},{"!":"com.github.javaparser.ast.stmt.ExpressionStmt","range":{"beginLine":15,"beginColumn":3,"endLine":15,"endColumn":47},"tokenRange":{"beginToken":{"kind":94,"text":"Assert"},"endToken":{"kind":103,"text":";"}},"expression":{"!":"com.github.javaparser.ast.expr.MethodCallExpr","range":{"beginLine":15,"beginColumn":3,"endLine":15,"endColumn":46},"tokenRange":{"beginToken":{"kind":94,"text":"Assert"},"endToken":{"kind":98,"text":")"}},"arguments":[{"!":"com.github.javaparser.ast.expr.IntegerLiteralExpr","range":{"beginLine":15,"beginColumn":24,"endLine":15,"endColumn":24},"tokenRange":{"beginToken":{"kind":77,"text":"1"},"endToken":{"kind":77,"text":"1"}},"value":"1"},{"!":"com.github.javaparser.ast.expr.MethodCallExpr","range":{"beginLine":15,"beginColumn":27,"endLine":15,"endColumn":44},"tokenRange":{"beginToken":{"kind":94,"text":"outputProps"},"endToken":{"kind":98,"text":")"}},"arguments":[],"name":{"!":"com.github.javaparser.ast.expr.SimpleName","range":{"beginLine":15,"beginColumn":39,"endLine":15,"endColumn":42},"tokenRange":{"beginToken":{"kind":94,"text":"size"},"endToken":{"kind":94,"text":"size"}},"identifier":"size"},"scope":{"!":"com.github.javaparser.ast.expr.NameExpr","range":{"beginLine":15,"beginColumn":27,"endLine":15,"endColumn":37},"tokenRange":{"beginToken":{"kind":94,"text":"outputProps"},"endToken":{"kind":94,"text":"outputProps"}},"name":{"!":"com.github.javaparser.ast.expr.SimpleName","range":{"beginLine":15,"beginColumn":27,"endLine":15,"endColumn":37},"tokenRange":{"beginToken":{"kind":94,"text":"outputProps"},"endToken":{"kind":94,"text":"outputProps"}},"identifier":"outputProps"}}}],"name":{"!":"com.github.javaparser.ast.expr.SimpleName","range":{"beginLine":15,"beginColumn":10,"endLine":15,"endColumn":21},"tokenRange":{"beginToken":{"kind":94,"text":"assertEquals"},"endToken":{"kind":94,"text":"assertEquals"}},"identifier":"assertEquals"},"scope":{"!":"com.github.javaparser.ast.expr.NameExpr","range":{"beginLine":15,"beginColumn":3,"endLine":15,"endColumn":8},"tokenRange":{"beginToken":{"kind":94,"text":"Assert"},"endToken":{"kind":94,"text":"Assert"}},"name":{"!":"com.github.javaparser.ast.expr.SimpleName","range":{"beginLine":15,"beginColumn":3,"endLine":15,"endColumn":8},"tokenRange":{"beginToken":{"kind":94,"text":"Assert"},"endToken":{"kind":94,"text":"Assert"}},"identifier":"Assert"}}}},{"!":"com.github.javaparser.ast.stmt.ExpressionStmt","range":{"beginLine":16,"beginColumn":3,"endLine":16,"endColumn":61},"tokenRange":{"beginToken":{"kind":94,"text":"Assert"},"endToken":{"kind":103,"text":";"}},"expression":{"!":"com.github.javaparser.ast.expr.MethodCallExpr","range":{"beginLine":16,"beginColumn":3,"endLine":16,"endColumn":60},"tokenRange":{"beginToken":{"kind":94,"text":"Assert"},"endToken":{"kind":98,"text":")"}},"arguments":[{"!":"com.github.javaparser.ast.expr.StringLiteralExpr","range":{"beginLine":16,"beginColumn":24,"endLine":16,"endColumn":29},"tokenRange":{"beginToken":{"kind":90,"text":"\"true\""},"endToken":{"kind":90,"text":"\"true\""}},"value":"true"},{"!":"com.github.javaparser.ast.expr.MethodCallExpr","range":{"beginLine":16,"beginColumn":32,"endLine":16,"endColumn":58},"tokenRange":{"beginToken":{"kind":94,"text":"outputProps"},"endToken":{"kind":98,"text":")"}},"arguments":[{"!":"com.github.javaparser.ast.expr.StringLiteralExpr","range":{"beginLine":16,"beginColumn":49,"endLine":16,"endColumn":56},"tokenRange":{"beginToken":{"kind":90,"text":"\"create\""},"endToken":{"kind":90,"text":"\"create\""}},"value":"create"}],"name":{"!":"com.github.javaparser.ast.expr.SimpleName","range":{"beginLine":16,"beginColumn":44,"endLine":16,"endColumn":46},"tokenRange":{"beginToken":{"kind":94,"text":"get"},"endToken":{"kind":94,"text":"get"}},"identifier":"get"},"scope":{"!":"com.github.javaparser.ast.expr.NameExpr","range":{"beginLine":16,"beginColumn":32,"endLine":16,"endColumn":42},"tokenRange":{"beginToken":{"kind":94,"text":"outputProps"},"endToken":{"kind":94,"text":"outputProps"}},"name":{"!":"com.github.javaparser.ast.expr.SimpleName","range":{"beginLine":16,"beginColumn":32,"endLine":16,"endColumn":42},"tokenRange":{"beginToken":{"kind":94,"text":"outputProps"},"endToken":{"kind":94,"text":"outputProps"}},"identifier":"outputProps"}}}],"name":{"!":"com.github.javaparser.ast.expr.SimpleName","range":{"beginLine":16,"beginColumn":10,"endLine":16,"endColumn":21},"tokenRange":{"beginToken":{"kind":94,"text":"assertEquals"},"endToken":{"kind":94,"text":"assertEquals"}},"identifier":"assertEquals"},"scope":{"!":"com.github.javaparser.ast.expr.NameExpr","range":{"beginLine":16,"beginColumn":3,"endLine":16,"endColumn":8},"tokenRange":{"beginToken":{"kind":94,"text":"Assert"},"endToken":{"kind":94,"text":"Assert"}},"name":{"!":"com.github.javaparser.ast.expr.SimpleName","range":{"beginLine":16,"beginColumn":3,"endLine":16,"endColumn":8},"tokenRange":{"beginToken":{"kind":94,"text":"Assert"},"endToken":{"kind":94,"text":"Assert"}},"identifier":"Assert"}}}}]},"type":{"!":"com.github.javaparser.ast.type.VoidType","range":{"beginLine":3,"beginColumn":9,"endLine":3,"endColumn":12},"tokenRange":{"beginToken":{"kind":62,"text":"void"},"endToken":{"kind":62,"text":"void"}},"annotations":[]},"modifiers":[{"!":"com.github.javaparser.ast.Modifier","range":{"beginLine":3,"beginColumn":2,"endLine":3,"endColumn":7},"tokenRange":{"beginToken":{"kind":47,"text":"public"},"endToken":{"kind":47,"text":"public"}},"keyword":"PUBLIC"}],"name":{"!":"com.github.javaparser.ast.expr.SimpleName","range":{"beginLine":3,"beginColumn":14,"endLine":3,"endColumn":27},"tokenRange":{"beginToken":{"kind":94,"text":"testProperties"},"endToken":{"kind":94,"text":"testProperties"}},"identifier":"testProperties"},"parameters":[],"thrownExceptions":[{"!":"com.github.javaparser.ast.type.ClassOrInterfaceType","range":{"beginLine":3,"beginColumn":38,"endLine":3,"endColumn":46},"tokenRange":{"beginToken":{"kind":94,"text":"Exception"},"endToken":{"kind":94,"text":"Exception"}},"name":{"!":"com.github.javaparser.ast.expr.SimpleName","range":{"beginLine":3,"beginColumn":38,"endLine":3,"endColumn":46},"tokenRange":{"beginToken":{"kind":94,"text":"Exception"},"endToken":{"kind":94,"text":"Exception"}},"identifier":"Exception"},"annotations":[]}],"typeParameters":[],"annotations":[{"!":"com.github.javaparser.ast.expr.MarkerAnnotationExpr","range":{"beginLine":2,"beginColumn":2,"endLine":2,"endColumn":6},"tokenRange":{"beginToken":{"kind":107,"text":"@"},"endToken":{"kind":94,"text":"Test"}},"name":{"!":"com.github.javaparser.ast.expr.Name","range":{"beginLine":2,"beginColumn":3,"endLine":2,"endColumn":6},"tokenRange":{"beginToken":{"kind":94,"text":"Test"},"endToken":{"kind":94,"text":"Test"}},"identifier":"Test"}}]}],"modifiers":[],"name":{"!":"com.github.javaparser.ast.expr.SimpleName","range":{"beginLine":1,"beginColumn":7,"endLine":1,"endColumn":10},"tokenRange":{"beginToken":{"kind":94,"text":"Test"},"endToken":{"kind":94,"text":"Test"}},"identifier":"Test"},"annotations":[]}]}