{"!":"com.github.javaparser.ast.CompilationUnit","range":{"beginLine":1,"beginColumn":1,"endLine":15,"endColumn":2},"tokenRange":{"beginToken":{"kind":19,"text":"class"},"endToken":{"kind":0,"text":""}},"imports":[],"types":[{"!":"com.github.javaparser.ast.body.ClassOrInterfaceDeclaration","range":{"beginLine":1,"beginColumn":1,"endLine":15,"endColumn":2},"tokenRange":{"beginToken":{"kind":19,"text":"class"},"endToken":{"kind":100,"text":"}"}},"extendedTypes":[],"implementedTypes":[],"isInterface":"false","typeParameters":[],"members":[{"!":"com.github.javaparser.ast.body.MethodDeclaration","range":{"beginLine":2,"beginColumn":2,"endLine":13,"endColumn":2},"tokenRange":{"beginToken":{"kind":107,"text":"@"},"endToken":{"kind":100,"text":"}"}},"body":{"!":"com.github.javaparser.ast.stmt.BlockStmt","range":{"beginLine":4,"beginColumn":25,"endLine":13,"endColumn":2},"tokenRange":{"beginToken":{"kind":99,"text":"{"},"endToken":{"kind":100,"text":"}"}},"statements":[{"!":"com.github.javaparser.ast.stmt.ExpressionStmt","range":{"beginLine":5,"beginColumn":3,"endLine":5,"endColumn":40},"tokenRange":{"beginToken":{"kind":94,"text":"EntityManager"},"endToken":{"kind":103,"text":";"}},"expression":{"!":"com.github.javaparser.ast.expr.VariableDeclarationExpr","range":{"beginLine":5,"beginColumn":3,"endLine":5,"endColumn":39},"tokenRange":{"beginToken":{"kind":94,"text":"EntityManager"},"endToken":{"kind":98,"text":")"}},"annotations":[],"modifiers":[],"variables":[{"!":"com.github.javaparser.ast.body.VariableDeclarator","range":{"beginLine":5,"beginColumn":17,"endLine":5,"endColumn":39},"tokenRange":{"beginToken":{"kind":94,"text":"em"},"endToken":{"kind":98,"text":")"}},"initializer":{"!":"com.github.javaparser.ast.expr.MethodCallExpr","range":{"beginLine":5,"beginColumn":22,"endLine":5,"endColumn":39},"tokenRange":{"beginToken":{"kind":94,"text":"getEntityManager"},"endToken":{"kind":98,"text":")"}},"arguments":[],"name":{"!":"com.github.javaparser.ast.expr.SimpleName","range":{"beginLine":5,"beginColumn":22,"endLine":5,"endColumn":37},"tokenRange":{"beginToken":{"kind":94,"text":"getEntityManager"},"endToken":{"kind":94,"text":"getEntityManager"}},"identifier":"getEntityManager"}},"name":{"!":"com.github.javaparser.ast.expr.SimpleName","range":{"beginLine":5,"beginColumn":17,"endLine":5,"endColumn":18},"tokenRange":{"beginToken":{"kind":94,"text":"em"},"endToken":{"kind":94,"text":"em"}},"identifier":"em"},"type":{"!":"com.github.javaparser.ast.type.ClassOrInterfaceType","range":{"beginLine":5,"beginColumn":3,"endLine":5,"endColumn":15},"tokenRange":{"beginToken":{"kind":94,"text":"EntityManager"},"endToken":{"kind":94,"text":"EntityManager"}},"name":{"!":"com.github.javaparser.ast.expr.SimpleName","range":{"beginLine":5,"beginColumn":3,"endLine":5,"endColumn":15},"tokenRange":{"beginToken":{"kind":94,"text":"EntityManager"},"endToken":{"kind":94,"text":"EntityManager"}},"identifier":"EntityManager"},"annotations":[]}}]}},{"!":"com.github.javaparser.ast.stmt.ExpressionStmt","range":{"beginLine":8,"beginColumn":3,"endLine":8,"endColumn":30},"tokenRange":{"beginToken":{"kind":94,"text":"em"},"endToken":{"kind":103,"text":";"}},"expression":{"!":"com.github.javaparser.ast.expr.MethodCallExpr","range":{"beginLine":8,"beginColumn":3,"endLine":8,"endColumn":29},"tokenRange":{"beginToken":{"kind":94,"text":"em"},"endToken":{"kind":98,"text":")"}},"arguments":[],"name":{"!":"com.github.javaparser.ast.expr.SimpleName","range":{"beginLine":8,"beginColumn":23,"endLine":8,"endColumn":27},"tokenRange":{"beginToken":{"kind":94,"text":"begin"},"endToken":{"kind":94,"text":"begin"}},"identifier":"begin"},"scope":{"!":"com.github.javaparser.ast.expr.MethodCallExpr","range":{"beginLine":8,"beginColumn":3,"endLine":8,"endColumn":21},"tokenRange":{"beginToken":{"kind":94,"text":"em"},"endToken":{"kind":98,"text":")"}},"arguments":[],"name":{"!":"com.github.javaparser.ast.expr.SimpleName","range":{"beginLine":8,"beginColumn":6,"endLine":8,"endColumn":19},"tokenRange":{"beginToken":{"kind":94,"text":"getTransaction"},"endToken":{"kind":94,"text":"getTransaction"}},"identifier":"getTransaction"},"scope":{"!":"com.github.javaparser.ast.expr.NameExpr","range":{"beginLine":8,"beginColumn":3,"endLine":8,"endColumn":4},"tokenRange":{"beginToken":{"kind":94,"text":"em"},"endToken":{"kind":94,"text":"em"}},"name":{"!":"com.github.javaparser.ast.expr.SimpleName","range":{"beginLine":8,"beginColumn":3,"endLine":8,"endColumn":4},"tokenRange":{"beginToken":{"kind":94,"text":"em"},"endToken":{"kind":94,"text":"em"}},"identifier":"em"}}}},"comment":{"!":"com.github.javaparser.ast.comments.LineComment","range":{"beginLine":7,"beginColumn":3,"endLine":7,"endColumn":15},"tokenRange":{"beginToken":{"kind":5,"text":"// Revision 1"},"endToken":{"kind":5,"text":"// Revision 1"}},"content":" Revision 1"}},{"!":"com.github.javaparser.ast.stmt.ExpressionStmt","range":{"beginLine":9,"beginColumn":3,"endLine":9,"endColumn":41},"tokenRange":{"beginToken":{"kind":94,"text":"country"},"endToken":{"kind":103,"text":";"}},"expression":{"!":"com.github.javaparser.ast.expr.AssignExpr","range":{"beginLine":9,"beginColumn":3,"endLine":9,"endColumn":40},"tokenRange":{"beginToken":{"kind":94,"text":"country"},"endToken":{"kind":98,"text":")"}},"operator":"ASSIGN","target":{"!":"com.github.javaparser.ast.expr.NameExpr","range":{"beginLine":9,"beginColumn":3,"endLine":9,"endColumn":9},"tokenRange":{"beginToken":{"kind":94,"text":"country"},"endToken":{"kind":94,"text":"country"}},"name":{"!":"com.github.javaparser.ast.expr.SimpleName","range":{"beginLine":9,"beginColumn":3,"endLine":9,"endColumn":9},"tokenRange":{"beginToken":{"kind":94,"text":"country"},"endToken":{"kind":94,"text":"country"}},"identifier":"country"}},"value":{"!":"com.github.javaparser.ast.expr.MethodCallExpr","range":{"beginLine":9,"beginColumn":13,"endLine":9,"endColumn":40},"tokenRange":{"beginToken":{"kind":94,"text":"Country"},"endToken":{"kind":98,"text":")"}},"arguments":[{"!":"com.github.javaparser.ast.expr.IntegerLiteralExpr","range":{"beginLine":9,"beginColumn":25,"endLine":9,"endColumn":27},"tokenRange":{"beginToken":{"kind":77,"text":"123"},"endToken":{"kind":77,"text":"123"}},"value":"123"},{"!":"com.github.javaparser.ast.expr.StringLiteralExpr","range":{"beginLine":9,"beginColumn":30,"endLine":9,"endColumn":38},"tokenRange":{"beginToken":{"kind":90,"text":"\"Germany\""},"endToken":{"kind":90,"text":"\"Germany\""}},"value":"Germany"}],"name":{"!":"com.github.javaparser.ast.expr.SimpleName","range":{"beginLine":9,"beginColumn":21,"endLine":9,"endColumn":22},"tokenRange":{"beginToken":{"kind":94,"text":"of"},"endToken":{"kind":94,"text":"of"}},"identifier":"of"},"scope":{"!":"com.github.javaparser.ast.expr.NameExpr","range":{"beginLine":9,"beginColumn":13,"endLine":9,"endColumn":19},"tokenRange":{"beginToken":{"kind":94,"text":"Country"},"endToken":{"kind":94,"text":"Country"}},"name":{"!":"com.github.javaparser.ast.expr.SimpleName","range":{"beginLine":9,"beginColumn":13,"endLine":9,"endColumn":19},"tokenRange":{"beginToken":{"kind":94,"text":"Country"},"endToken":{"kind":94,"text":"Country"}},"identifier":"Country"}}}}},{"!":"com.github.javaparser.ast.stmt.ExpressionStmt","range":{"beginLine":10,"beginColumn":3,"endLine":10,"endColumn":24},"tokenRange":{"beginToken":{"kind":94,"text":"em"},"endToken":{"kind":103,"text":";"}},"expression":{"!":"com.github.javaparser.ast.expr.MethodCallExpr","range":{"beginLine":10,"beginColumn":3,"endLine":10,"endColumn":23},"tokenRange":{"beginToken":{"kind":94,"text":"em"},"endToken":{"kind":98,"text":")"}},"arguments":[{"!":"com.github.javaparser.ast.expr.NameExpr","range":{"beginLine":10,"beginColumn":15,"endLine":10,"endColumn":21},"tokenRange":{"beginToken":{"kind":94,"text":"country"},"endToken":{"kind":94,"text":"country"}},"name":{"!":"com.github.javaparser.ast.expr.SimpleName","range":{"beginLine":10,"beginColumn":15,"endLine":10,"endColumn":21},"tokenRange":{"beginToken":{"kind":94,"text":"country"},"endToken":{"kind":94,"text":"country"}},"identifier":"country"}}],"name":{"!":"com.github.javaparser.ast.expr.SimpleName","range":{"beginLine":10,"beginColumn":6,"endLine":10,"endColumn":12},"tokenRange":{"beginToken":{"kind":94,"text":"persist"},"endToken":{"kind":94,"text":"persist"}},"identifier":"persist"},"scope":{"!":"com.github.javaparser.ast.expr.NameExpr","range":{"beginLine":10,"beginColumn":3,"endLine":10,"endColumn":4},"tokenRange":{"beginToken":{"kind":94,"text":"em"},"endToken":{"kind":94,"text":"em"}},"name":{"!":"com.github.javaparser.ast.expr.SimpleName","range":{"beginLine":10,"beginColumn":3,"endLine":10,"endColumn":4},"tokenRange":{"beginToken":{"kind":94,"text":"em"},"endToken":{"kind":94,"text":"em"}},"identifier":"em"}}}},{"!":"com.github.javaparser.ast.stmt.ExpressionStmt","range":{"beginLine":11,"beginColumn":3,"endLine":11,"endColumn":31},"tokenRange":{"beginToken":{"kind":94,"text":"em"},"endToken":{"kind":103,"text":";"}},"expression":{"!":"com.github.javaparser.ast.expr.MethodCallExpr","range":{"beginLine":11,"beginColumn":3,"endLine":11,"endColumn":30},"tokenRange":{"beginToken":{"kind":94,"text":"em"},"endToken":{"kind":98,"text":")"}},"arguments":[],"name":{"!":"com.github.javaparser.ast.expr.SimpleName","range":{"beginLine":11,"beginColumn":23,"endLine":11,"endColumn":28},"tokenRange":{"beginToken":{"kind":94,"text":"commit"},"endToken":{"kind":94,"text":"commit"}},"identifier":"commit"},"scope":{"!":"com.github.javaparser.ast.expr.MethodCallExpr","range":{"beginLine":11,"beginColumn":3,"endLine":11,"endColumn":21},"tokenRange":{"beginToken":{"kind":94,"text":"em"},"endToken":{"kind":98,"text":")"}},"arguments":[],"name":{"!":"com.github.javaparser.ast.expr.SimpleName","range":{"beginLine":11,"beginColumn":6,"endLine":11,"endColumn":19},"tokenRange":{"beginToken":{"kind":94,"text":"getTransaction"},"endToken":{"kind":94,"text":"getTransaction"}},"identifier":"getTransaction"},"scope":{"!":"com.github.javaparser.ast.expr.NameExpr","range":{"beginLine":11,"beginColumn":3,"endLine":11,"endColumn":4},"tokenRange":{"beginToken":{"kind":94,"text":"em"},"endToken":{"kind":94,"text":"em"}},"name":{"!":"com.github.javaparser.ast.expr.SimpleName","range":{"beginLine":11,"beginColumn":3,"endLine":11,"endColumn":4},"tokenRange":{"beginToken":{"kind":94,"text":"em"},"endToken":{"kind":94,"text":"em"}},"identifier":"em"}}}}}]},"type":{"!":"com.github.javaparser.ast.type.VoidType","range":{"beginLine":4,"beginColumn":9,"endLine":4,"endColumn":12},"tokenRange":{"beginToken":{"kind":62,"text":"void"},"endToken":{"kind":62,"text":"void"}},"annotations":[]},"modifiers":[{"!":"com.github.javaparser.ast.Modifier","range":{"beginLine":4,"beginColumn":2,"endLine":4,"endColumn":7},"tokenRange":{"beginToken":{"kind":47,"text":"public"},"endToken":{"kind":47,"text":"public"}},"keyword":"PUBLIC"}],"name":{"!":"com.github.javaparser.ast.expr.SimpleName","range":{"beginLine":4,"beginColumn":14,"endLine":4,"endColumn":21},"tokenRange":{"beginToken":{"kind":94,"text":"initData"},"endToken":{"kind":94,"text":"initData"}},"identifier":"initData"},"parameters":[],"thrownExceptions":[],"typeParameters":[],"annotations":[{"!":"com.github.javaparser.ast.expr.MarkerAnnotationExpr","range":{"beginLine":2,"beginColumn":2,"endLine":2,"endColumn":6},"tokenRange":{"beginToken":{"kind":107,"text":"@"},"endToken":{"kind":94,"text":"Test"}},"name":{"!":"com.github.javaparser.ast.expr.Name","range":{"beginLine":2,"beginColumn":3,"endLine":2,"endColumn":6},"tokenRange":{"beginToken":{"kind":94,"text":"Test"},"endToken":{"kind":94,"text":"Test"}},"identifier":"Test"}},{"!":"com.github.javaparser.ast.expr.SingleMemberAnnotationExpr","range":{"beginLine":3,"beginColumn":2,"endLine":3,"endColumn":14},"tokenRange":{"beginToken":{"kind":107,"text":"@"},"endToken":{"kind":98,"text":")"}},"memberValue":{"!":"com.github.javaparser.ast.expr.IntegerLiteralExpr","range":{"beginLine":3,"beginColumn":12,"endLine":3,"endColumn":13},"tokenRange":{"beginToken":{"kind":77,"text":"10"},"endToken":{"kind":77,"text":"10"}},"value":"10"},"name":{"!":"com.github.javaparser.ast.expr.Name","range":{"beginLine":3,"beginColumn":3,"endLine":3,"endColumn":10},"tokenRange":{"beginToken":{"kind":94,"text":"Priority"},"endToken":{"kind":94,"text":"Priority"}},"identifier":"Priority"}}]}],"modifiers":[],"name":{"!":"com.github.javaparser.ast.expr.SimpleName","range":{"beginLine":1,"beginColumn":7,"endLine":1,"endColumn":10},"tokenRange":{"beginToken":{"kind":94,"text":"Test"},"endToken":{"kind":94,"text":"Test"}},"identifier":"Test"},"annotations":[]}]}