{"!":"com.github.javaparser.ast.CompilationUnit","range":{"beginLine":1,"beginColumn":1,"endLine":37,"endColumn":2},"tokenRange":{"beginToken":{"kind":19,"text":"class"},"endToken":{"kind":0,"text":""}},"imports":[],"types":[{"!":"com.github.javaparser.ast.body.ClassOrInterfaceDeclaration","range":{"beginLine":1,"beginColumn":1,"endLine":37,"endColumn":2},"tokenRange":{"beginToken":{"kind":19,"text":"class"},"endToken":{"kind":100,"text":"}"}},"extendedTypes":[],"implementedTypes":[],"isInterface":"false","typeParameters":[],"members":[{"!":"com.github.javaparser.ast.body.MethodDeclaration","range":{"beginLine":13,"beginColumn":5,"endLine":35,"endColumn":5},"tokenRange":{"beginToken":{"kind":107,"text":"@"},"endToken":{"kind":100,"text":"}"}},"body":{"!":"com.github.javaparser.ast.stmt.BlockStmt","range":{"beginLine":14,"beginColumn":39,"endLine":35,"endColumn":5},"tokenRange":{"beginToken":{"kind":99,"text":"{"},"endToken":{"kind":100,"text":"}"}},"statements":[{"!":"com.github.javaparser.ast.stmt.IfStmt","range":{"beginLine":15,"beginColumn":9,"endLine":17,"endColumn":9},"tokenRange":{"beginToken":{"kind":34,"text":"if"},"endToken":{"kind":100,"text":"}"}},"condition":{"!":"com.github.javaparser.ast.expr.BinaryExpr","range":{"beginLine":15,"beginColumn":13,"endLine":15,"endColumn":23},"tokenRange":{"beginToken":{"kind":94,"text":"obj"},"endToken":{"kind":56,"text":"this"}},"left":{"!":"com.github.javaparser.ast.expr.NameExpr","range":{"beginLine":15,"beginColumn":13,"endLine":15,"endColumn":15},"tokenRange":{"beginToken":{"kind":94,"text":"obj"},"endToken":{"kind":94,"text":"obj"}},"name":{"!":"com.github.javaparser.ast.expr.SimpleName","range":{"beginLine":15,"beginColumn":13,"endLine":15,"endColumn":15},"tokenRange":{"beginToken":{"kind":94,"text":"obj"},"endToken":{"kind":94,"text":"obj"}},"identifier":"obj"}},"operator":"EQUALS","right":{"!":"com.github.javaparser.ast.expr.ThisExpr","range":{"beginLine":15,"beginColumn":20,"endLine":15,"endColumn":23},"tokenRange":{"beginToken":{"kind":56,"text":"this"},"endToken":{"kind":56,"text":"this"}}}},"thenStmt":{"!":"com.github.javaparser.ast.stmt.BlockStmt","range":{"beginLine":15,"beginColumn":26,"endLine":17,"endColumn":9},"tokenRange":{"beginToken":{"kind":99,"text":"{"},"endToken":{"kind":100,"text":"}"}},"statements":[{"!":"com.github.javaparser.ast.stmt.ReturnStmt","range":{"beginLine":16,"beginColumn":13,"endLine":16,"endColumn":24},"tokenRange":{"beginToken":{"kind":49,"text":"return"},"endToken":{"kind":103,"text":";"}},"expression":{"!":"com.github.javaparser.ast.expr.BooleanLiteralExpr","range":{"beginLine":16,"beginColumn":20,"endLine":16,"endColumn":23},"tokenRange":{"beginToken":{"kind":60,"text":"true"},"endToken":{"kind":60,"text":"true"}},"value":"true"}}]}},{"!":"com.github.javaparser.ast.stmt.IfStmt","range":{"beginLine":18,"beginColumn":9,"endLine":20,"endColumn":9},"tokenRange":{"beginToken":{"kind":34,"text":"if"},"endToken":{"kind":100,"text":"}"}},"condition":{"!":"com.github.javaparser.ast.expr.UnaryExpr","range":{"beginLine":18,"beginColumn":13,"endLine":18,"endColumn":36},"tokenRange":{"beginToken":{"kind":111,"text":"!"},"endToken":{"kind":98,"text":")"}},"expression":{"!":"com.github.javaparser.ast.expr.EnclosedExpr","range":{"beginLine":18,"beginColumn":14,"endLine":18,"endColumn":36},"tokenRange":{"beginToken":{"kind":97,"text":"("},"endToken":{"kind":98,"text":")"}},"inner":{"!":"com.github.javaparser.ast.expr.InstanceOfExpr","range":{"beginLine":18,"beginColumn":15,"endLine":18,"endColumn":35},"tokenRange":{"beginToken":{"kind":94,"text":"obj"},"endToken":{"kind":94,"text":"Second"}},"expression":{"!":"com.github.javaparser.ast.expr.NameExpr","range":{"beginLine":18,"beginColumn":15,"endLine":18,"endColumn":17},"tokenRange":{"beginToken":{"kind":94,"text":"obj"},"endToken":{"kind":94,"text":"obj"}},"name":{"!":"com.github.javaparser.ast.expr.SimpleName","range":{"beginLine":18,"beginColumn":15,"endLine":18,"endColumn":17},"tokenRange":{"beginToken":{"kind":94,"text":"obj"},"endToken":{"kind":94,"text":"obj"}},"identifier":"obj"}},"type":{"!":"com.github.javaparser.ast.type.ClassOrInterfaceType","range":{"beginLine":18,"beginColumn":30,"endLine":18,"endColumn":35},"tokenRange":{"beginToken":{"kind":94,"text":"Second"},"endToken":{"kind":94,"text":"Second"}},"name":{"!":"com.github.javaparser.ast.expr.SimpleName","range":{"beginLine":18,"beginColumn":30,"endLine":18,"endColumn":35},"tokenRange":{"beginToken":{"kind":94,"text":"Second"},"endToken":{"kind":94,"text":"Second"}},"identifier":"Second"},"annotations":[]}}},"operator":"LOGICAL_COMPLEMENT"},"thenStmt":{"!":"com.github.javaparser.ast.stmt.BlockStmt","range":{"beginLine":18,"beginColumn":39,"endLine":20,"endColumn":9},"tokenRange":{"beginToken":{"kind":99,"text":"{"},"endToken":{"kind":100,"text":"}"}},"statements":[{"!":"com.github.javaparser.ast.stmt.ReturnStmt","range":{"beginLine":19,"beginColumn":13,"endLine":19,"endColumn":25},"tokenRange":{"beginToken":{"kind":49,"text":"return"},"endToken":{"kind":103,"text":";"}},"expression":{"!":"com.github.javaparser.ast.expr.BooleanLiteralExpr","range":{"beginLine":19,"beginColumn":20,"endLine":19,"endColumn":24},"tokenRange":{"beginToken":{"kind":28,"text":"false"},"endToken":{"kind":28,"text":"false"}},"value":"false"}}]}},{"!":"com.github.javaparser.ast.stmt.ExpressionStmt","range":{"beginLine":21,"beginColumn":9,"endLine":21,"endColumn":35},"tokenRange":{"beginToken":{"kind":94,"text":"Second"},"endToken":{"kind":103,"text":";"}},"expression":{"!":"com.github.javaparser.ast.expr.VariableDeclarationExpr","range":{"beginLine":21,"beginColumn":9,"endLine":21,"endColumn":34},"tokenRange":{"beginToken":{"kind":94,"text":"Second"},"endToken":{"kind":94,"text":"obj"}},"annotations":[],"modifiers":[],"variables":[{"!":"com.github.javaparser.ast.body.VariableDeclarator","range":{"beginLine":21,"beginColumn":16,"endLine":21,"endColumn":34},"tokenRange":{"beginToken":{"kind":94,"text":"that"},"endToken":{"kind":94,"text":"obj"}},"initializer":{"!":"com.github.javaparser.ast.expr.CastExpr","range":{"beginLine":21,"beginColumn":23,"endLine":21,"endColumn":34},"tokenRange":{"beginToken":{"kind":97,"text":"("},"endToken":{"kind":94,"text":"obj"}},"expression":{"!":"com.github.javaparser.ast.expr.NameExpr","range":{"beginLine":21,"beginColumn":32,"endLine":21,"endColumn":34},"tokenRange":{"beginToken":{"kind":94,"text":"obj"},"endToken":{"kind":94,"text":"obj"}},"name":{"!":"com.github.javaparser.ast.expr.SimpleName","range":{"beginLine":21,"beginColumn":32,"endLine":21,"endColumn":34},"tokenRange":{"beginToken":{"kind":94,"text":"obj"},"endToken":{"kind":94,"text":"obj"}},"identifier":"obj"}},"type":{"!":"com.github.javaparser.ast.type.ClassOrInterfaceType","range":{"beginLine":21,"beginColumn":24,"endLine":21,"endColumn":29},"tokenRange":{"beginToken":{"kind":94,"text":"Second"},"endToken":{"kind":94,"text":"Second"}},"name":{"!":"com.github.javaparser.ast.expr.SimpleName","range":{"beginLine":21,"beginColumn":24,"endLine":21,"endColumn":29},"tokenRange":{"beginToken":{"kind":94,"text":"Second"},"endToken":{"kind":94,"text":"Second"}},"identifier":"Second"},"annotations":[]}},"name":{"!":"com.github.javaparser.ast.expr.SimpleName","range":{"beginLine":21,"beginColumn":16,"endLine":21,"endColumn":19},"tokenRange":{"beginToken":{"kind":94,"text":"that"},"endToken":{"kind":94,"text":"that"}},"identifier":"that"},"type":{"!":"com.github.javaparser.ast.type.ClassOrInterfaceType","range":{"beginLine":21,"beginColumn":9,"endLine":21,"endColumn":14},"tokenRange":{"beginToken":{"kind":94,"text":"Second"},"endToken":{"kind":94,"text":"Second"}},"name":{"!":"com.github.javaparser.ast.expr.SimpleName","range":{"beginLine":21,"beginColumn":9,"endLine":21,"endColumn":14},"tokenRange":{"beginToken":{"kind":94,"text":"Second"},"endToken":{"kind":94,"text":"Second"}},"identifier":"Second"},"annotations":[]}}]}},{"!":"com.github.javaparser.ast.stmt.IfStmt","range":{"beginLine":22,"beginColumn":9,"endLine":24,"endColumn":9},"tokenRange":{"beginToken":{"kind":34,"text":"if"},"endToken":{"kind":100,"text":"}"}},"condition":{"!":"com.github.javaparser.ast.expr.BinaryExpr","range":{"beginLine":22,"beginColumn":13,"endLine":22,"endColumn":38},"tokenRange":{"beginToken":{"kind":56,"text":"this"},"endToken":{"kind":94,"text":"second"}},"left":{"!":"com.github.javaparser.ast.expr.FieldAccessExpr","range":{"beginLine":22,"beginColumn":13,"endLine":22,"endColumn":23},"tokenRange":{"beginToken":{"kind":56,"text":"this"},"endToken":{"kind":94,"text":"second"}},"name":{"!":"com.github.javaparser.ast.expr.SimpleName","range":{"beginLine":22,"beginColumn":18,"endLine":22,"endColumn":23},"tokenRange":{"beginToken":{"kind":94,"text":"second"},"endToken":{"kind":94,"text":"second"}},"identifier":"second"},"scope":{"!":"com.github.javaparser.ast.expr.ThisExpr","range":{"beginLine":22,"beginColumn":13,"endLine":22,"endColumn":16},"tokenRange":{"beginToken":{"kind":56,"text":"this"},"endToken":{"kind":56,"text":"this"}}}},"operator":"NOT_EQUALS","right":{"!":"com.github.javaparser.ast.expr.FieldAccessExpr","range":{"beginLine":22,"beginColumn":28,"endLine":22,"endColumn":38},"tokenRange":{"beginToken":{"kind":94,"text":"that"},"endToken":{"kind":94,"text":"second"}},"name":{"!":"com.github.javaparser.ast.expr.SimpleName","range":{"beginLine":22,"beginColumn":33,"endLine":22,"endColumn":38},"tokenRange":{"beginToken":{"kind":94,"text":"second"},"endToken":{"kind":94,"text":"second"}},"identifier":"second"},"scope":{"!":"com.github.javaparser.ast.expr.NameExpr","range":{"beginLine":22,"beginColumn":28,"endLine":22,"endColumn":31},"tokenRange":{"beginToken":{"kind":94,"text":"that"},"endToken":{"kind":94,"text":"that"}},"name":{"!":"com.github.javaparser.ast.expr.SimpleName","range":{"beginLine":22,"beginColumn":28,"endLine":22,"endColumn":31},"tokenRange":{"beginToken":{"kind":94,"text":"that"},"endToken":{"kind":94,"text":"that"}},"identifier":"that"}}}},"thenStmt":{"!":"com.github.javaparser.ast.stmt.BlockStmt","range":{"beginLine":22,"beginColumn":41,"endLine":24,"endColumn":9},"tokenRange":{"beginToken":{"kind":99,"text":"{"},"endToken":{"kind":100,"text":"}"}},"statements":[{"!":"com.github.javaparser.ast.stmt.ReturnStmt","range":{"beginLine":23,"beginColumn":13,"endLine":23,"endColumn":25},"tokenRange":{"beginToken":{"kind":49,"text":"return"},"endToken":{"kind":103,"text":";"}},"expression":{"!":"com.github.javaparser.ast.expr.BooleanLiteralExpr","range":{"beginLine":23,"beginColumn":20,"endLine":23,"endColumn":24},"tokenRange":{"beginToken":{"kind":28,"text":"false"},"endToken":{"kind":28,"text":"false"}},"value":"false"}}]}},{"!":"com.github.javaparser.ast.stmt.IfStmt","range":{"beginLine":25,"beginColumn":9,"endLine":27,"endColumn":9},"tokenRange":{"beginToken":{"kind":34,"text":"if"},"endToken":{"kind":100,"text":"}"}},"condition":{"!":"com.github.javaparser.ast.expr.BinaryExpr","range":{"beginLine":25,"beginColumn":13,"endLine":25,"endColumn":38},"tokenRange":{"beginToken":{"kind":56,"text":"this"},"endToken":{"kind":94,"text":"minute"}},"left":{"!":"com.github.javaparser.ast.expr.FieldAccessExpr","range":{"beginLine":25,"beginColumn":13,"endLine":25,"endColumn":23},"tokenRange":{"beginToken":{"kind":56,"text":"this"},"endToken":{"kind":94,"text":"minute"}},"name":{"!":"com.github.javaparser.ast.expr.SimpleName","range":{"beginLine":25,"beginColumn":18,"endLine":25,"endColumn":23},"tokenRange":{"beginToken":{"kind":94,"text":"minute"},"endToken":{"kind":94,"text":"minute"}},"identifier":"minute"},"scope":{"!":"com.github.javaparser.ast.expr.ThisExpr","range":{"beginLine":25,"beginColumn":13,"endLine":25,"endColumn":16},"tokenRange":{"beginToken":{"kind":56,"text":"this"},"endToken":{"kind":56,"text":"this"}}}},"operator":"NOT_EQUALS","right":{"!":"com.github.javaparser.ast.expr.FieldAccessExpr","range":{"beginLine":25,"beginColumn":28,"endLine":25,"endColumn":38},"tokenRange":{"beginToken":{"kind":94,"text":"that"},"endToken":{"kind":94,"text":"minute"}},"name":{"!":"com.github.javaparser.ast.expr.SimpleName","range":{"beginLine":25,"beginColumn":33,"endLine":25,"endColumn":38},"tokenRange":{"beginToken":{"kind":94,"text":"minute"},"endToken":{"kind":94,"text":"minute"}},"identifier":"minute"},"scope":{"!":"com.github.javaparser.ast.expr.NameExpr","range":{"beginLine":25,"beginColumn":28,"endLine":25,"endColumn":31},"tokenRange":{"beginToken":{"kind":94,"text":"that"},"endToken":{"kind":94,"text":"that"}},"name":{"!":"com.github.javaparser.ast.expr.SimpleName","range":{"beginLine":25,"beginColumn":28,"endLine":25,"endColumn":31},"tokenRange":{"beginToken":{"kind":94,"text":"that"},"endToken":{"kind":94,"text":"that"}},"identifier":"that"}}}},"thenStmt":{"!":"com.github.javaparser.ast.stmt.BlockStmt","range":{"beginLine":25,"beginColumn":41,"endLine":27,"endColumn":9},"tokenRange":{"beginToken":{"kind":99,"text":"{"},"endToken":{"kind":100,"text":"}"}},"statements":[{"!":"com.github.javaparser.ast.stmt.ReturnStmt","range":{"beginLine":26,"beginColumn":13,"endLine":26,"endColumn":25},"tokenRange":{"beginToken":{"kind":49,"text":"return"},"endToken":{"kind":103,"text":";"}},"expression":{"!":"com.github.javaparser.ast.expr.BooleanLiteralExpr","range":{"beginLine":26,"beginColumn":20,"endLine":26,"endColumn":24},"tokenRange":{"beginToken":{"kind":28,"text":"false"},"endToken":{"kind":28,"text":"false"}},"value":"false"}}]}},{"!":"com.github.javaparser.ast.stmt.IfStmt","range":{"beginLine":28,"beginColumn":9,"endLine":30,"endColumn":9},"tokenRange":{"beginToken":{"kind":34,"text":"if"},"endToken":{"kind":100,"text":"}"}},"condition":{"!":"com.github.javaparser.ast.expr.BinaryExpr","range":{"beginLine":28,"beginColumn":13,"endLine":28,"endColumn":34},"tokenRange":{"beginToken":{"kind":56,"text":"this"},"endToken":{"kind":94,"text":"hour"}},"left":{"!":"com.github.javaparser.ast.expr.FieldAccessExpr","range":{"beginLine":28,"beginColumn":13,"endLine":28,"endColumn":21},"tokenRange":{"beginToken":{"kind":56,"text":"this"},"endToken":{"kind":94,"text":"hour"}},"name":{"!":"com.github.javaparser.ast.expr.SimpleName","range":{"beginLine":28,"beginColumn":18,"endLine":28,"endColumn":21},"tokenRange":{"beginToken":{"kind":94,"text":"hour"},"endToken":{"kind":94,"text":"hour"}},"identifier":"hour"},"scope":{"!":"com.github.javaparser.ast.expr.ThisExpr","range":{"beginLine":28,"beginColumn":13,"endLine":28,"endColumn":16},"tokenRange":{"beginToken":{"kind":56,"text":"this"},"endToken":{"kind":56,"text":"this"}}}},"operator":"NOT_EQUALS","right":{"!":"com.github.javaparser.ast.expr.FieldAccessExpr","range":{"beginLine":28,"beginColumn":26,"endLine":28,"endColumn":34},"tokenRange":{"beginToken":{"kind":94,"text":"that"},"endToken":{"kind":94,"text":"hour"}},"name":{"!":"com.github.javaparser.ast.expr.SimpleName","range":{"beginLine":28,"beginColumn":31,"endLine":28,"endColumn":34},"tokenRange":{"beginToken":{"kind":94,"text":"hour"},"endToken":{"kind":94,"text":"hour"}},"identifier":"hour"},"scope":{"!":"com.github.javaparser.ast.expr.NameExpr","range":{"beginLine":28,"beginColumn":26,"endLine":28,"endColumn":29},"tokenRange":{"beginToken":{"kind":94,"text":"that"},"endToken":{"kind":94,"text":"that"}},"name":{"!":"com.github.javaparser.ast.expr.SimpleName","range":{"beginLine":28,"beginColumn":26,"endLine":28,"endColumn":29},"tokenRange":{"beginToken":{"kind":94,"text":"that"},"endToken":{"kind":94,"text":"that"}},"identifier":"that"}}}},"thenStmt":{"!":"com.github.javaparser.ast.stmt.BlockStmt","range":{"beginLine":28,"beginColumn":37,"endLine":30,"endColumn":9},"tokenRange":{"beginToken":{"kind":99,"text":"{"},"endToken":{"kind":100,"text":"}"}},"statements":[{"!":"com.github.javaparser.ast.stmt.ReturnStmt","range":{"beginLine":29,"beginColumn":13,"endLine":29,"endColumn":25},"tokenRange":{"beginToken":{"kind":49,"text":"return"},"endToken":{"kind":103,"text":";"}},"expression":{"!":"com.github.javaparser.ast.expr.BooleanLiteralExpr","range":{"beginLine":29,"beginColumn":20,"endLine":29,"endColumn":24},"tokenRange":{"beginToken":{"kind":28,"text":"false"},"endToken":{"kind":28,"text":"false"}},"value":"false"}}]}},{"!":"com.github.javaparser.ast.stmt.IfStmt","range":{"beginLine":31,"beginColumn":9,"endLine":33,"endColumn":9},"tokenRange":{"beginToken":{"kind":34,"text":"if"},"endToken":{"kind":100,"text":"}"}},"condition":{"!":"com.github.javaparser.ast.expr.UnaryExpr","range":{"beginLine":31,"beginColumn":13,"endLine":31,"endColumn":38},"tokenRange":{"beginToken":{"kind":111,"text":"!"},"endToken":{"kind":98,"text":")"}},"expression":{"!":"com.github.javaparser.ast.expr.MethodCallExpr","range":{"beginLine":31,"beginColumn":14,"endLine":31,"endColumn":38},"tokenRange":{"beginToken":{"kind":56,"text":"this"},"endToken":{"kind":98,"text":")"}},"arguments":[{"!":"com.github.javaparser.ast.expr.FieldAccessExpr","range":{"beginLine":31,"beginColumn":30,"endLine":31,"endColumn":37},"tokenRange":{"beginToken":{"kind":94,"text":"that"},"endToken":{"kind":94,"text":"day"}},"name":{"!":"com.github.javaparser.ast.expr.SimpleName","range":{"beginLine":31,"beginColumn":35,"endLine":31,"endColumn":37},"tokenRange":{"beginToken":{"kind":94,"text":"day"},"endToken":{"kind":94,"text":"day"}},"identifier":"day"},"scope":{"!":"com.github.javaparser.ast.expr.NameExpr","range":{"beginLine":31,"beginColumn":30,"endLine":31,"endColumn":33},"tokenRange":{"beginToken":{"kind":94,"text":"that"},"endToken":{"kind":94,"text":"that"}},"name":{"!":"com.github.javaparser.ast.expr.SimpleName","range":{"beginLine":31,"beginColumn":30,"endLine":31,"endColumn":33},"tokenRange":{"beginToken":{"kind":94,"text":"that"},"endToken":{"kind":94,"text":"that"}},"identifier":"that"}}}],"name":{"!":"com.github.javaparser.ast.expr.SimpleName","range":{"beginLine":31,"beginColumn":23,"endLine":31,"endColumn":28},"tokenRange":{"beginToken":{"kind":94,"text":"equals"},"endToken":{"kind":94,"text":"equals"}},"identifier":"equals"},"scope":{"!":"com.github.javaparser.ast.expr.FieldAccessExpr","range":{"beginLine":31,"beginColumn":14,"endLine":31,"endColumn":21},"tokenRange":{"beginToken":{"kind":56,"text":"this"},"endToken":{"kind":94,"text":"day"}},"name":{"!":"com.github.javaparser.ast.expr.SimpleName","range":{"beginLine":31,"beginColumn":19,"endLine":31,"endColumn":21},"tokenRange":{"beginToken":{"kind":94,"text":"day"},"endToken":{"kind":94,"text":"day"}},"identifier":"day"},"scope":{"!":"com.github.javaparser.ast.expr.ThisExpr","range":{"beginLine":31,"beginColumn":14,"endLine":31,"endColumn":17},"tokenRange":{"beginToken":{"kind":56,"text":"this"},"endToken":{"kind":56,"text":"this"}}}}},"operator":"LOGICAL_COMPLEMENT"},"thenStmt":{"!":"com.github.javaparser.ast.stmt.BlockStmt","range":{"beginLine":31,"beginColumn":41,"endLine":33,"endColumn":9},"tokenRange":{"beginToken":{"kind":99,"text":"{"},"endToken":{"kind":100,"text":"}"}},"statements":[{"!":"com.github.javaparser.ast.stmt.ReturnStmt","range":{"beginLine":32,"beginColumn":13,"endLine":32,"endColumn":25},"tokenRange":{"beginToken":{"kind":49,"text":"return"},"endToken":{"kind":103,"text":";"}},"expression":{"!":"com.github.javaparser.ast.expr.BooleanLiteralExpr","range":{"beginLine":32,"beginColumn":20,"endLine":32,"endColumn":24},"tokenRange":{"beginToken":{"kind":28,"text":"false"},"endToken":{"kind":28,"text":"false"}},"value":"false"}}]}},{"!":"com.github.javaparser.ast.stmt.ReturnStmt","range":{"beginLine":34,"beginColumn":9,"endLine":34,"endColumn":20},"tokenRange":{"beginToken":{"kind":49,"text":"return"},"endToken":{"kind":103,"text":";"}},"expression":{"!":"com.github.javaparser.ast.expr.BooleanLiteralExpr","range":{"beginLine":34,"beginColumn":16,"endLine":34,"endColumn":19},"tokenRange":{"beginToken":{"kind":60,"text":"true"},"endToken":{"kind":60,"text":"true"}},"value":"true"}}]},"type":{"!":"com.github.javaparser.ast.type.PrimitiveType","range":{"beginLine":14,"beginColumn":12,"endLine":14,"endColumn":18},"tokenRange":{"beginToken":{"kind":13,"text":"boolean"},"endToken":{"kind":13,"text":"boolean"}},"type":"BOOLEAN","annotations":[]},"modifiers":[{"!":"com.github.javaparser.ast.Modifier","range":{"beginLine":14,"beginColumn":5,"endLine":14,"endColumn":10},"tokenRange":{"beginToken":{"kind":47,"text":"public"},"endToken":{"kind":47,"text":"public"}},"keyword":"PUBLIC"}],"name":{"!":"com.github.javaparser.ast.expr.SimpleName","range":{"beginLine":14,"beginColumn":20,"endLine":14,"endColumn":25},"tokenRange":{"beginToken":{"kind":94,"text":"equals"},"endToken":{"kind":94,"text":"equals"}},"identifier":"equals"},"parameters":[{"!":"com.github.javaparser.ast.body.Parameter","range":{"beginLine":14,"beginColumn":27,"endLine":14,"endColumn":36},"tokenRange":{"beginToken":{"kind":94,"text":"Object"},"endToken":{"kind":94,"text":"obj"}},"annotations":[],"isVarArgs":"false","modifiers":[],"name":{"!":"com.github.javaparser.ast.expr.SimpleName","range":{"beginLine":14,"beginColumn":34,"endLine":14,"endColumn":36},"tokenRange":{"beginToken":{"kind":94,"text":"obj"},"endToken":{"kind":94,"text":"obj"}},"identifier":"obj"},"type":{"!":"com.github.javaparser.ast.type.ClassOrInterfaceType","range":{"beginLine":14,"beginColumn":27,"endLine":14,"endColumn":32},"tokenRange":{"beginToken":{"kind":94,"text":"Object"},"endToken":{"kind":94,"text":"Object"}},"name":{"!":"com.github.javaparser.ast.expr.SimpleName","range":{"beginLine":14,"beginColumn":27,"endLine":14,"endColumn":32},"tokenRange":{"beginToken":{"kind":94,"text":"Object"},"endToken":{"kind":94,"text":"Object"}},"identifier":"Object"},"annotations":[]},"varArgsAnnotations":[]}],"thrownExceptions":[],"typeParameters":[],"annotations":[{"!":"com.github.javaparser.ast.expr.MarkerAnnotationExpr","range":{"beginLine":13,"beginColumn":5,"endLine":13,"endColumn":13},"tokenRange":{"beginToken":{"kind":107,"text":"@"},"endToken":{"kind":94,"text":"Override"}},"name":{"!":"com.github.javaparser.ast.expr.Name","range":{"beginLine":13,"beginColumn":6,"endLine":13,"endColumn":13},"tokenRange":{"beginToken":{"kind":94,"text":"Override"},"endToken":{"kind":94,"text":"Override"}},"identifier":"Override"}}],"comment":{"!":"com.github.javaparser.ast.comments.JavadocComment","range":{"beginLine":2,"beginColumn":5,"endLine":12,"endColumn":7},"tokenRange":{"beginToken":{"kind":8,"text":"/**\n     * Tests the equality of this object against an arbitrary Object.\n     * <P>\n     * This method will return true ONLY if the object is a Second object\n     * representing the same second as this instance.\n     *\n     * @param obj  the object to compare (<code>null</code> permitted).\n     *\n     * @return <code>true</code> if second and minute of this and the object\n     *         are the same.\n     */"},"endToken":{"kind":8,"text":"/**\n     * Tests the equality of this object against an arbitrary Object.\n     * <P>\n     * This method will return true ONLY if the object is a Second object\n     * representing the same second as this instance.\n     *\n     * @param obj  the object to compare (<code>null</code> permitted).\n     *\n     * @return <code>true</code> if second and minute of this and the object\n     *         are the same.\n     */"}},"content":"\n     * Tests the equality of this object against an arbitrary Object.\n     * <P>\n     * This method will return true ONLY if the object is a Second object\n     * representing the same second as this instance.\n     *\n     * @param obj  the object to compare (<code>null</code> permitted).\n     *\n     * @return <code>true</code> if second and minute of this and the object\n     *         are the same.\n     "}}],"modifiers":[],"name":{"!":"com.github.javaparser.ast.expr.SimpleName","range":{"beginLine":1,"beginColumn":7,"endLine":1,"endColumn":10},"tokenRange":{"beginToken":{"kind":94,"text":"Test"},"endToken":{"kind":94,"text":"Test"}},"identifier":"Test"},"annotations":[]}]}