{"!":"com.github.javaparser.ast.CompilationUnit","range":{"beginLine":1,"beginColumn":1,"endLine":14,"endColumn":2},"tokenRange":{"beginToken":{"kind":19,"text":"class"},"endToken":{"kind":0,"text":""}},"imports":[],"types":[{"!":"com.github.javaparser.ast.body.ClassOrInterfaceDeclaration","range":{"beginLine":1,"beginColumn":1,"endLine":14,"endColumn":2},"tokenRange":{"beginToken":{"kind":19,"text":"class"},"endToken":{"kind":100,"text":"}"}},"extendedTypes":[],"implementedTypes":[],"isInterface":"false","typeParameters":[],"members":[{"!":"com.github.javaparser.ast.body.MethodDeclaration","range":{"beginLine":2,"beginColumn":2,"endLine":12,"endColumn":2},"tokenRange":{"beginToken":{"kind":107,"text":"@"},"endToken":{"kind":100,"text":"}"}},"body":{"!":"com.github.javaparser.ast.stmt.BlockStmt","range":{"beginLine":3,"beginColumn":43,"endLine":12,"endColumn":2},"tokenRange":{"beginToken":{"kind":99,"text":"{"},"endToken":{"kind":100,"text":"}"}},"statements":[{"!":"com.github.javaparser.ast.stmt.ExpressionStmt","range":{"beginLine":4,"beginColumn":3,"endLine":4,"endColumn":25},"tokenRange":{"beginToken":{"kind":53,"text":"super"},"endToken":{"kind":103,"text":";"}},"expression":{"!":"com.github.javaparser.ast.expr.MethodCallExpr","range":{"beginLine":4,"beginColumn":3,"endLine":4,"endColumn":24},"tokenRange":{"beginToken":{"kind":53,"text":"super"},"endToken":{"kind":98,"text":")"}},"arguments":[{"!":"com.github.javaparser.ast.expr.NameExpr","range":{"beginLine":4,"beginColumn":20,"endLine":4,"endColumn":22},"tokenRange":{"beginToken":{"kind":94,"text":"cfg"},"endToken":{"kind":94,"text":"cfg"}},"name":{"!":"com.github.javaparser.ast.expr.SimpleName","range":{"beginLine":4,"beginColumn":20,"endLine":4,"endColumn":22},"tokenRange":{"beginToken":{"kind":94,"text":"cfg"},"endToken":{"kind":94,"text":"cfg"}},"identifier":"cfg"}}],"name":{"!":"com.github.javaparser.ast.expr.SimpleName","range":{"beginLine":4,"beginColumn":9,"endLine":4,"endColumn":17},"tokenRange":{"beginToken":{"kind":94,"text":"configure"},"endToken":{"kind":94,"text":"configure"}},"identifier":"configure"},"scope":{"!":"com.github.javaparser.ast.expr.SuperExpr","range":{"beginLine":4,"beginColumn":3,"endLine":4,"endColumn":7},"tokenRange":{"beginToken":{"kind":53,"text":"super"},"endToken":{"kind":53,"text":"super"}}}}},{"!":"com.github.javaparser.ast.stmt.ExpressionStmt","range":{"beginLine":5,"beginColumn":3,"endLine":5,"endColumn":64},"tokenRange":{"beginToken":{"kind":94,"text":"cfg"},"endToken":{"kind":103,"text":";"}},"expression":{"!":"com.github.javaparser.ast.expr.MethodCallExpr","range":{"beginLine":5,"beginColumn":3,"endLine":5,"endColumn":63},"tokenRange":{"beginToken":{"kind":94,"text":"cfg"},"endToken":{"kind":98,"text":")"}},"arguments":[{"!":"com.github.javaparser.ast.expr.FieldAccessExpr","range":{"beginLine":5,"beginColumn":20,"endLine":5,"endColumn":53},"tokenRange":{"beginToken":{"kind":94,"text":"Environment"},"endToken":{"kind":94,"text":"USE_SECOND_LEVEL_CACHE"}},"name":{"!":"com.github.javaparser.ast.expr.SimpleName","range":{"beginLine":5,"beginColumn":32,"endLine":5,"endColumn":53},"tokenRange":{"beginToken":{"kind":94,"text":"USE_SECOND_LEVEL_CACHE"},"endToken":{"kind":94,"text":"USE_SECOND_LEVEL_CACHE"}},"identifier":"USE_SECOND_LEVEL_CACHE"},"scope":{"!":"com.github.javaparser.ast.expr.NameExpr","range":{"beginLine":5,"beginColumn":20,"endLine":5,"endColumn":30},"tokenRange":{"beginToken":{"kind":94,"text":"Environment"},"endToken":{"kind":94,"text":"Environment"}},"name":{"!":"com.github.javaparser.ast.expr.SimpleName","range":{"beginLine":5,"beginColumn":20,"endLine":5,"endColumn":30},"tokenRange":{"beginToken":{"kind":94,"text":"Environment"},"endToken":{"kind":94,"text":"Environment"}},"identifier":"Environment"}}},{"!":"com.github.javaparser.ast.expr.StringLiteralExpr","range":{"beginLine":5,"beginColumn":56,"endLine":5,"endColumn":61},"tokenRange":{"beginToken":{"kind":90,"text":"\"true\""},"endToken":{"kind":90,"text":"\"true\""}},"value":"true"}],"name":{"!":"com.github.javaparser.ast.expr.SimpleName","range":{"beginLine":5,"beginColumn":7,"endLine":5,"endColumn":17},"tokenRange":{"beginToken":{"kind":94,"text":"setProperty"},"endToken":{"kind":94,"text":"setProperty"}},"identifier":"setProperty"},"scope":{"!":"com.github.javaparser.ast.expr.NameExpr","range":{"beginLine":5,"beginColumn":3,"endLine":5,"endColumn":5},"tokenRange":{"beginToken":{"kind":94,"text":"cfg"},"endToken":{"kind":94,"text":"cfg"}},"name":{"!":"com.github.javaparser.ast.expr.SimpleName","range":{"beginLine":5,"beginColumn":3,"endLine":5,"endColumn":5},"tokenRange":{"beginToken":{"kind":94,"text":"cfg"},"endToken":{"kind":94,"text":"cfg"}},"identifier":"cfg"}}}},{"!":"com.github.javaparser.ast.stmt.ExpressionStmt","range":{"beginLine":6,"beginColumn":3,"endLine":6,"endColumn":61},"tokenRange":{"beginToken":{"kind":94,"text":"cfg"},"endToken":{"kind":103,"text":";"}},"expression":{"!":"com.github.javaparser.ast.expr.MethodCallExpr","range":{"beginLine":6,"beginColumn":3,"endLine":6,"endColumn":60},"tokenRange":{"beginToken":{"kind":94,"text":"cfg"},"endToken":{"kind":98,"text":")"}},"arguments":[{"!":"com.github.javaparser.ast.expr.FieldAccessExpr","range":{"beginLine":6,"beginColumn":20,"endLine":6,"endColumn":50},"tokenRange":{"beginToken":{"kind":94,"text":"Environment"},"endToken":{"kind":94,"text":"GENERATE_STATISTICS"}},"name":{"!":"com.github.javaparser.ast.expr.SimpleName","range":{"beginLine":6,"beginColumn":32,"endLine":6,"endColumn":50},"tokenRange":{"beginToken":{"kind":94,"text":"GENERATE_STATISTICS"},"endToken":{"kind":94,"text":"GENERATE_STATISTICS"}},"identifier":"GENERATE_STATISTICS"},"scope":{"!":"com.github.javaparser.ast.expr.NameExpr","range":{"beginLine":6,"beginColumn":20,"endLine":6,"endColumn":30},"tokenRange":{"beginToken":{"kind":94,"text":"Environment"},"endToken":{"kind":94,"text":"Environment"}},"name":{"!":"com.github.javaparser.ast.expr.SimpleName","range":{"beginLine":6,"beginColumn":20,"endLine":6,"endColumn":30},"tokenRange":{"beginToken":{"kind":94,"text":"Environment"},"endToken":{"kind":94,"text":"Environment"}},"identifier":"Environment"}}},{"!":"com.github.javaparser.ast.expr.StringLiteralExpr","range":{"beginLine":6,"beginColumn":53,"endLine":6,"endColumn":58},"tokenRange":{"beginToken":{"kind":90,"text":"\"true\""},"endToken":{"kind":90,"text":"\"true\""}},"value":"true"}],"name":{"!":"com.github.javaparser.ast.expr.SimpleName","range":{"beginLine":6,"beginColumn":7,"endLine":6,"endColumn":17},"tokenRange":{"beginToken":{"kind":94,"text":"setProperty"},"endToken":{"kind":94,"text":"setProperty"}},"identifier":"setProperty"},"scope":{"!":"com.github.javaparser.ast.expr.NameExpr","range":{"beginLine":6,"beginColumn":3,"endLine":6,"endColumn":5},"tokenRange":{"beginToken":{"kind":94,"text":"cfg"},"endToken":{"kind":94,"text":"cfg"}},"name":{"!":"com.github.javaparser.ast.expr.SimpleName","range":{"beginLine":6,"beginColumn":3,"endLine":6,"endColumn":5},"tokenRange":{"beginToken":{"kind":94,"text":"cfg"},"endToken":{"kind":94,"text":"cfg"}},"identifier":"cfg"}}}},{"!":"com.github.javaparser.ast.stmt.ExpressionStmt","range":{"beginLine":7,"beginColumn":3,"endLine":7,"endColumn":58},"tokenRange":{"beginToken":{"kind":94,"text":"cfg"},"endToken":{"kind":103,"text":";"}},"expression":{"!":"com.github.javaparser.ast.expr.MethodCallExpr","range":{"beginLine":7,"beginColumn":3,"endLine":7,"endColumn":57},"tokenRange":{"beginToken":{"kind":94,"text":"cfg"},"endToken":{"kind":98,"text":")"}},"arguments":[{"!":"com.github.javaparser.ast.expr.FieldAccessExpr","range":{"beginLine":7,"beginColumn":20,"endLine":7,"endColumn":46},"tokenRange":{"beginToken":{"kind":94,"text":"Environment"},"endToken":{"kind":94,"text":"USE_QUERY_CACHE"}},"name":{"!":"com.github.javaparser.ast.expr.SimpleName","range":{"beginLine":7,"beginColumn":32,"endLine":7,"endColumn":46},"tokenRange":{"beginToken":{"kind":94,"text":"USE_QUERY_CACHE"},"endToken":{"kind":94,"text":"USE_QUERY_CACHE"}},"identifier":"USE_QUERY_CACHE"},"scope":{"!":"com.github.javaparser.ast.expr.NameExpr","range":{"beginLine":7,"beginColumn":20,"endLine":7,"endColumn":30},"tokenRange":{"beginToken":{"kind":94,"text":"Environment"},"endToken":{"kind":94,"text":"Environment"}},"name":{"!":"com.github.javaparser.ast.expr.SimpleName","range":{"beginLine":7,"beginColumn":20,"endLine":7,"endColumn":30},"tokenRange":{"beginToken":{"kind":94,"text":"Environment"},"endToken":{"kind":94,"text":"Environment"}},"identifier":"Environment"}}},{"!":"com.github.javaparser.ast.expr.StringLiteralExpr","range":{"beginLine":7,"beginColumn":49,"endLine":7,"endColumn":55},"tokenRange":{"beginToken":{"kind":90,"text":"\"false\""},"endToken":{"kind":90,"text":"\"false\""}},"value":"false"}],"name":{"!":"com.github.javaparser.ast.expr.SimpleName","range":{"beginLine":7,"beginColumn":7,"endLine":7,"endColumn":17},"tokenRange":{"beginToken":{"kind":94,"text":"setProperty"},"endToken":{"kind":94,"text":"setProperty"}},"identifier":"setProperty"},"scope":{"!":"com.github.javaparser.ast.expr.NameExpr","range":{"beginLine":7,"beginColumn":3,"endLine":7,"endColumn":5},"tokenRange":{"beginToken":{"kind":94,"text":"cfg"},"endToken":{"kind":94,"text":"cfg"}},"name":{"!":"com.github.javaparser.ast.expr.SimpleName","range":{"beginLine":7,"beginColumn":3,"endLine":7,"endColumn":5},"tokenRange":{"beginToken":{"kind":94,"text":"cfg"},"endToken":{"kind":94,"text":"cfg"}},"identifier":"cfg"}}}},{"!":"com.github.javaparser.ast.stmt.ExpressionStmt","range":{"beginLine":8,"beginColumn":3,"endLine":8,"endColumn":89},"tokenRange":{"beginToken":{"kind":94,"text":"cfg"},"endToken":{"kind":103,"text":";"}},"expression":{"!":"com.github.javaparser.ast.expr.MethodCallExpr","range":{"beginLine":8,"beginColumn":3,"endLine":8,"endColumn":88},"tokenRange":{"beginToken":{"kind":94,"text":"cfg"},"endToken":{"kind":98,"text":")"}},"arguments":[{"!":"com.github.javaparser.ast.expr.FieldAccessExpr","range":{"beginLine":8,"beginColumn":20,"endLine":8,"endColumn":51},"tokenRange":{"beginToken":{"kind":94,"text":"Environment"},"endToken":{"kind":94,"text":"CACHE_REGION_FACTORY"}},"name":{"!":"com.github.javaparser.ast.expr.SimpleName","range":{"beginLine":8,"beginColumn":32,"endLine":8,"endColumn":51},"tokenRange":{"beginToken":{"kind":94,"text":"CACHE_REGION_FACTORY"},"endToken":{"kind":94,"text":"CACHE_REGION_FACTORY"}},"identifier":"CACHE_REGION_FACTORY"},"scope":{"!":"com.github.javaparser.ast.expr.NameExpr","range":{"beginLine":8,"beginColumn":20,"endLine":8,"endColumn":30},"tokenRange":{"beginToken":{"kind":94,"text":"Environment"},"endToken":{"kind":94,"text":"Environment"}},"name":{"!":"com.github.javaparser.ast.expr.SimpleName","range":{"beginLine":8,"beginColumn":20,"endLine":8,"endColumn":30},"tokenRange":{"beginToken":{"kind":94,"text":"Environment"},"endToken":{"kind":94,"text":"Environment"}},"identifier":"Environment"}}},{"!":"com.github.javaparser.ast.expr.MethodCallExpr","range":{"beginLine":8,"beginColumn":54,"endLine":8,"endColumn":86},"tokenRange":{"beginToken":{"kind":94,"text":"getCacheRegionFactory"},"endToken":{"kind":98,"text":")"}},"arguments":[],"name":{"!":"com.github.javaparser.ast.expr.SimpleName","range":{"beginLine":8,"beginColumn":78,"endLine":8,"endColumn":84},"tokenRange":{"beginToken":{"kind":94,"text":"getName"},"endToken":{"kind":94,"text":"getName"}},"identifier":"getName"},"scope":{"!":"com.github.javaparser.ast.expr.MethodCallExpr","range":{"beginLine":8,"beginColumn":54,"endLine":8,"endColumn":76},"tokenRange":{"beginToken":{"kind":94,"text":"getCacheRegionFactory"},"endToken":{"kind":98,"text":")"}},"arguments":[],"name":{"!":"com.github.javaparser.ast.expr.SimpleName","range":{"beginLine":8,"beginColumn":54,"endLine":8,"endColumn":74},"tokenRange":{"beginToken":{"kind":94,"text":"getCacheRegionFactory"},"endToken":{"kind":94,"text":"getCacheRegionFactory"}},"identifier":"getCacheRegionFactory"}}}],"name":{"!":"com.github.javaparser.ast.expr.SimpleName","range":{"beginLine":8,"beginColumn":7,"endLine":8,"endColumn":17},"tokenRange":{"beginToken":{"kind":94,"text":"setProperty"},"endToken":{"kind":94,"text":"setProperty"}},"identifier":"setProperty"},"scope":{"!":"com.github.javaparser.ast.expr.NameExpr","range":{"beginLine":8,"beginColumn":3,"endLine":8,"endColumn":5},"tokenRange":{"beginToken":{"kind":94,"text":"cfg"},"endToken":{"kind":94,"text":"cfg"}},"name":{"!":"com.github.javaparser.ast.expr.SimpleName","range":{"beginLine":8,"beginColumn":3,"endLine":8,"endColumn":5},"tokenRange":{"beginToken":{"kind":94,"text":"cfg"},"endToken":{"kind":94,"text":"cfg"}},"identifier":"cfg"}}}},{"!":"com.github.javaparser.ast.stmt.ExpressionStmt","range":{"beginLine":9,"beginColumn":3,"endLine":9,"endColumn":94},"tokenRange":{"beginToken":{"kind":94,"text":"cfg"},"endToken":{"kind":103,"text":";"}},"expression":{"!":"com.github.javaparser.ast.expr.MethodCallExpr","range":{"beginLine":9,"beginColumn":3,"endLine":9,"endColumn":93},"tokenRange":{"beginToken":{"kind":94,"text":"cfg"},"endToken":{"kind":98,"text":")"}},"arguments":[{"!":"com.github.javaparser.ast.expr.FieldAccessExpr","range":{"beginLine":9,"beginColumn":20,"endLine":9,"endColumn":51},"tokenRange":{"beginToken":{"kind":94,"text":"Environment"},"endToken":{"kind":94,"text":"TRANSACTION_STRATEGY"}},"name":{"!":"com.github.javaparser.ast.expr.SimpleName","range":{"beginLine":9,"beginColumn":32,"endLine":9,"endColumn":51},"tokenRange":{"beginToken":{"kind":94,"text":"TRANSACTION_STRATEGY"},"endToken":{"kind":94,"text":"TRANSACTION_STRATEGY"}},"identifier":"TRANSACTION_STRATEGY"},"scope":{"!":"com.github.javaparser.ast.expr.NameExpr","range":{"beginLine":9,"beginColumn":20,"endLine":9,"endColumn":30},"tokenRange":{"beginToken":{"kind":94,"text":"Environment"},"endToken":{"kind":94,"text":"Environment"}},"name":{"!":"com.github.javaparser.ast.expr.SimpleName","range":{"beginLine":9,"beginColumn":20,"endLine":9,"endColumn":30},"tokenRange":{"beginToken":{"kind":94,"text":"Environment"},"endToken":{"kind":94,"text":"Environment"}},"identifier":"Environment"}}},{"!":"com.github.javaparser.ast.expr.MethodCallExpr","range":{"beginLine":9,"beginColumn":54,"endLine":9,"endColumn":91},"tokenRange":{"beginToken":{"kind":94,"text":"getTransactionFactoryClass"},"endToken":{"kind":98,"text":")"}},"arguments":[],"name":{"!":"com.github.javaparser.ast.expr.SimpleName","range":{"beginLine":9,"beginColumn":83,"endLine":9,"endColumn":89},"tokenRange":{"beginToken":{"kind":94,"text":"getName"},"endToken":{"kind":94,"text":"getName"}},"identifier":"getName"},"scope":{"!":"com.github.javaparser.ast.expr.MethodCallExpr","range":{"beginLine":9,"beginColumn":54,"endLine":9,"endColumn":81},"tokenRange":{"beginToken":{"kind":94,"text":"getTransactionFactoryClass"},"endToken":{"kind":98,"text":")"}},"arguments":[],"name":{"!":"com.github.javaparser.ast.expr.SimpleName","range":{"beginLine":9,"beginColumn":54,"endLine":9,"endColumn":79},"tokenRange":{"beginToken":{"kind":94,"text":"getTransactionFactoryClass"},"endToken":{"kind":94,"text":"getTransactionFactoryClass"}},"identifier":"getTransactionFactoryClass"}}}],"name":{"!":"com.github.javaparser.ast.expr.SimpleName","range":{"beginLine":9,"beginColumn":7,"endLine":9,"endColumn":17},"tokenRange":{"beginToken":{"kind":94,"text":"setProperty"},"endToken":{"kind":94,"text":"setProperty"}},"identifier":"setProperty"},"scope":{"!":"com.github.javaparser.ast.expr.NameExpr","range":{"beginLine":9,"beginColumn":3,"endLine":9,"endColumn":5},"tokenRange":{"beginToken":{"kind":94,"text":"cfg"},"endToken":{"kind":94,"text":"cfg"}},"name":{"!":"com.github.javaparser.ast.expr.SimpleName","range":{"beginLine":9,"beginColumn":3,"endLine":9,"endColumn":5},"tokenRange":{"beginToken":{"kind":94,"text":"cfg"},"endToken":{"kind":94,"text":"cfg"}},"identifier":"cfg"}}}},{"!":"com.github.javaparser.ast.stmt.ExpressionStmt","range":{"beginLine":10,"beginColumn":3,"endLine":10,"endColumn":78},"tokenRange":{"beginToken":{"kind":94,"text":"cfg"},"endToken":{"kind":103,"text":";"}},"expression":{"!":"com.github.javaparser.ast.expr.MethodCallExpr","range":{"beginLine":10,"beginColumn":3,"endLine":10,"endColumn":77},"tokenRange":{"beginToken":{"kind":94,"text":"cfg"},"endToken":{"kind":98,"text":")"}},"arguments":[{"!":"com.github.javaparser.ast.expr.FieldAccessExpr","range":{"beginLine":10,"beginColumn":28,"endLine":10,"endColumn":57},"tokenRange":{"beginToken":{"kind":94,"text":"AvailableSettings"},"endToken":{"kind":94,"text":"JTA_PLATFORM"}},"name":{"!":"com.github.javaparser.ast.expr.SimpleName","range":{"beginLine":10,"beginColumn":46,"endLine":10,"endColumn":57},"tokenRange":{"beginToken":{"kind":94,"text":"JTA_PLATFORM"},"endToken":{"kind":94,"text":"JTA_PLATFORM"}},"identifier":"JTA_PLATFORM"},"scope":{"!":"com.github.javaparser.ast.expr.NameExpr","range":{"beginLine":10,"beginColumn":28,"endLine":10,"endColumn":44},"tokenRange":{"beginToken":{"kind":94,"text":"AvailableSettings"},"endToken":{"kind":94,"text":"AvailableSettings"}},"name":{"!":"com.github.javaparser.ast.expr.SimpleName","range":{"beginLine":10,"beginColumn":28,"endLine":10,"endColumn":44},"tokenRange":{"beginToken":{"kind":94,"text":"AvailableSettings"},"endToken":{"kind":94,"text":"AvailableSettings"}},"identifier":"AvailableSettings"}}},{"!":"com.github.javaparser.ast.expr.MethodCallExpr","range":{"beginLine":10,"beginColumn":60,"endLine":10,"endColumn":75},"tokenRange":{"beginToken":{"kind":94,"text":"getJtaPlatform"},"endToken":{"kind":98,"text":")"}},"arguments":[],"name":{"!":"com.github.javaparser.ast.expr.SimpleName","range":{"beginLine":10,"beginColumn":60,"endLine":10,"endColumn":73},"tokenRange":{"beginToken":{"kind":94,"text":"getJtaPlatform"},"endToken":{"kind":94,"text":"getJtaPlatform"}},"identifier":"getJtaPlatform"}}],"name":{"!":"com.github.javaparser.ast.expr.SimpleName","range":{"beginLine":10,"beginColumn":23,"endLine":10,"endColumn":25},"tokenRange":{"beginToken":{"kind":94,"text":"put"},"endToken":{"kind":94,"text":"put"}},"identifier":"put"},"scope":{"!":"com.github.javaparser.ast.expr.MethodCallExpr","range":{"beginLine":10,"beginColumn":3,"endLine":10,"endColumn":21},"tokenRange":{"beginToken":{"kind":94,"text":"cfg"},"endToken":{"kind":98,"text":")"}},"arguments":[],"name":{"!":"com.github.javaparser.ast.expr.SimpleName","range":{"beginLine":10,"beginColumn":7,"endLine":10,"endColumn":19},"tokenRange":{"beginToken":{"kind":94,"text":"getProperties"},"endToken":{"kind":94,"text":"getProperties"}},"identifier":"getProperties"},"scope":{"!":"com.github.javaparser.ast.expr.NameExpr","range":{"beginLine":10,"beginColumn":3,"endLine":10,"endColumn":5},"tokenRange":{"beginToken":{"kind":94,"text":"cfg"},"endToken":{"kind":94,"text":"cfg"}},"name":{"!":"com.github.javaparser.ast.expr.SimpleName","range":{"beginLine":10,"beginColumn":3,"endLine":10,"endColumn":5},"tokenRange":{"beginToken":{"kind":94,"text":"cfg"},"endToken":{"kind":94,"text":"cfg"}},"identifier":"cfg"}}}}},{"!":"com.github.javaparser.ast.stmt.ExpressionStmt","range":{"beginLine":11,"beginColumn":3,"endLine":11,"endColumn":93},"tokenRange":{"beginToken":{"kind":94,"text":"cfg"},"endToken":{"kind":103,"text":";"}},"expression":{"!":"com.github.javaparser.ast.expr.MethodCallExpr","range":{"beginLine":11,"beginColumn":3,"endLine":11,"endColumn":92},"tokenRange":{"beginToken":{"kind":94,"text":"cfg"},"endToken":{"kind":98,"text":")"}},"arguments":[{"!":"com.github.javaparser.ast.expr.FieldAccessExpr","range":{"beginLine":11,"beginColumn":20,"endLine":11,"endColumn":50},"tokenRange":{"beginToken":{"kind":94,"text":"Environment"},"endToken":{"kind":94,"text":"CONNECTION_PROVIDER"}},"name":{"!":"com.github.javaparser.ast.expr.SimpleName","range":{"beginLine":11,"beginColumn":32,"endLine":11,"endColumn":50},"tokenRange":{"beginToken":{"kind":94,"text":"CONNECTION_PROVIDER"},"endToken":{"kind":94,"text":"CONNECTION_PROVIDER"}},"identifier":"CONNECTION_PROVIDER"},"scope":{"!":"com.github.javaparser.ast.expr.NameExpr","range":{"beginLine":11,"beginColumn":20,"endLine":11,"endColumn":30},"tokenRange":{"beginToken":{"kind":94,"text":"Environment"},"endToken":{"kind":94,"text":"Environment"}},"name":{"!":"com.github.javaparser.ast.expr.SimpleName","range":{"beginLine":11,"beginColumn":20,"endLine":11,"endColumn":30},"tokenRange":{"beginToken":{"kind":94,"text":"Environment"},"endToken":{"kind":94,"text":"Environment"}},"identifier":"Environment"}}},{"!":"com.github.javaparser.ast.expr.MethodCallExpr","range":{"beginLine":11,"beginColumn":53,"endLine":11,"endColumn":90},"tokenRange":{"beginToken":{"kind":94,"text":"getConnectionProviderClass"},"endToken":{"kind":98,"text":")"}},"arguments":[],"name":{"!":"com.github.javaparser.ast.expr.SimpleName","range":{"beginLine":11,"beginColumn":82,"endLine":11,"endColumn":88},"tokenRange":{"beginToken":{"kind":94,"text":"getName"},"endToken":{"kind":94,"text":"getName"}},"identifier":"getName"},"scope":{"!":"com.github.javaparser.ast.expr.MethodCallExpr","range":{"beginLine":11,"beginColumn":53,"endLine":11,"endColumn":80},"tokenRange":{"beginToken":{"kind":94,"text":"getConnectionProviderClass"},"endToken":{"kind":98,"text":")"}},"arguments":[],"name":{"!":"com.github.javaparser.ast.expr.SimpleName","range":{"beginLine":11,"beginColumn":53,"endLine":11,"endColumn":78},"tokenRange":{"beginToken":{"kind":94,"text":"getConnectionProviderClass"},"endToken":{"kind":94,"text":"getConnectionProviderClass"}},"identifier":"getConnectionProviderClass"}}}],"name":{"!":"com.github.javaparser.ast.expr.SimpleName","range":{"beginLine":11,"beginColumn":7,"endLine":11,"endColumn":17},"tokenRange":{"beginToken":{"kind":94,"text":"setProperty"},"endToken":{"kind":94,"text":"setProperty"}},"identifier":"setProperty"},"scope":{"!":"com.github.javaparser.ast.expr.NameExpr","range":{"beginLine":11,"beginColumn":3,"endLine":11,"endColumn":5},"tokenRange":{"beginToken":{"kind":94,"text":"cfg"},"endToken":{"kind":94,"text":"cfg"}},"name":{"!":"com.github.javaparser.ast.expr.SimpleName","range":{"beginLine":11,"beginColumn":3,"endLine":11,"endColumn":5},"tokenRange":{"beginToken":{"kind":94,"text":"cfg"},"endToken":{"kind":94,"text":"cfg"}},"identifier":"cfg"}}}}]},"type":{"!":"com.github.javaparser.ast.type.VoidType","range":{"beginLine":3,"beginColumn":9,"endLine":3,"endColumn":12},"tokenRange":{"beginToken":{"kind":62,"text":"void"},"endToken":{"kind":62,"text":"void"}},"annotations":[]},"modifiers":[{"!":"com.github.javaparser.ast.Modifier","range":{"beginLine":3,"beginColumn":2,"endLine":3,"endColumn":7},"tokenRange":{"beginToken":{"kind":47,"text":"public"},"endToken":{"kind":47,"text":"public"}},"keyword":"PUBLIC"}],"name":{"!":"com.github.javaparser.ast.expr.SimpleName","range":{"beginLine":3,"beginColumn":14,"endLine":3,"endColumn":22},"tokenRange":{"beginToken":{"kind":94,"text":"configure"},"endToken":{"kind":94,"text":"configure"}},"identifier":"configure"},"parameters":[{"!":"com.github.javaparser.ast.body.Parameter","range":{"beginLine":3,"beginColumn":24,"endLine":3,"endColumn":40},"tokenRange":{"beginToken":{"kind":94,"text":"Configuration"},"endToken":{"kind":94,"text":"cfg"}},"annotations":[],"isVarArgs":"false","modifiers":[],"name":{"!":"com.github.javaparser.ast.expr.SimpleName","range":{"beginLine":3,"beginColumn":38,"endLine":3,"endColumn":40},"tokenRange":{"beginToken":{"kind":94,"text":"cfg"},"endToken":{"kind":94,"text":"cfg"}},"identifier":"cfg"},"type":{"!":"com.github.javaparser.ast.type.ClassOrInterfaceType","range":{"beginLine":3,"beginColumn":24,"endLine":3,"endColumn":36},"tokenRange":{"beginToken":{"kind":94,"text":"Configuration"},"endToken":{"kind":94,"text":"Configuration"}},"name":{"!":"com.github.javaparser.ast.expr.SimpleName","range":{"beginLine":3,"beginColumn":24,"endLine":3,"endColumn":36},"tokenRange":{"beginToken":{"kind":94,"text":"Configuration"},"endToken":{"kind":94,"text":"Configuration"}},"identifier":"Configuration"},"annotations":[]},"varArgsAnnotations":[]}],"thrownExceptions":[],"typeParameters":[],"annotations":[{"!":"com.github.javaparser.ast.expr.MarkerAnnotationExpr","range":{"beginLine":2,"beginColumn":2,"endLine":2,"endColumn":10},"tokenRange":{"beginToken":{"kind":107,"text":"@"},"endToken":{"kind":94,"text":"Override"}},"name":{"!":"com.github.javaparser.ast.expr.Name","range":{"beginLine":2,"beginColumn":3,"endLine":2,"endColumn":10},"tokenRange":{"beginToken":{"kind":94,"text":"Override"},"endToken":{"kind":94,"text":"Override"}},"identifier":"Override"}}]}],"modifiers":[],"name":{"!":"com.github.javaparser.ast.expr.SimpleName","range":{"beginLine":1,"beginColumn":7,"endLine":1,"endColumn":10},"tokenRange":{"beginToken":{"kind":94,"text":"Test"},"endToken":{"kind":94,"text":"Test"}},"identifier":"Test"},"annotations":[]}]}