{"!":"com.github.javaparser.ast.CompilationUnit","range":{"beginLine":1,"beginColumn":1,"endLine":24,"endColumn":2},"tokenRange":{"beginToken":{"kind":19,"text":"class"},"endToken":{"kind":0,"text":""}},"imports":[],"types":[{"!":"com.github.javaparser.ast.body.ClassOrInterfaceDeclaration","range":{"beginLine":1,"beginColumn":1,"endLine":24,"endColumn":2},"tokenRange":{"beginToken":{"kind":19,"text":"class"},"endToken":{"kind":100,"text":"}"}},"extendedTypes":[],"implementedTypes":[],"isInterface":"false","typeParameters":[],"members":[{"!":"com.github.javaparser.ast.body.MethodDeclaration","range":{"beginLine":11,"beginColumn":2,"endLine":22,"endColumn":2},"tokenRange":{"beginToken":{"kind":47,"text":"public"},"endToken":{"kind":100,"text":"}"}},"body":{"!":"com.github.javaparser.ast.stmt.BlockStmt","range":{"beginLine":11,"beginColumn":121,"endLine":22,"endColumn":2},"tokenRange":{"beginToken":{"kind":99,"text":"{"},"endToken":{"kind":100,"text":"}"}},"statements":[{"!":"com.github.javaparser.ast.stmt.IfStmt","range":{"beginLine":13,"beginColumn":6,"endLine":21,"endColumn":6},"tokenRange":{"beginToken":{"kind":34,"text":"if"},"endToken":{"kind":100,"text":"}"}},"condition":{"!":"com.github.javaparser.ast.expr.BinaryExpr","range":{"beginLine":13,"beginColumn":11,"endLine":13,"endColumn":56},"tokenRange":{"beginToken":{"kind":43,"text":"null"},"endToken":{"kind":98,"text":")"}},"left":{"!":"com.github.javaparser.ast.expr.BinaryExpr","range":{"beginLine":13,"beginColumn":11,"endLine":13,"endColumn":22},"tokenRange":{"beginToken":{"kind":43,"text":"null"},"endToken":{"kind":94,"text":"mode"}},"left":{"!":"com.github.javaparser.ast.expr.NullLiteralExpr","range":{"beginLine":13,"beginColumn":11,"endLine":13,"endColumn":14},"tokenRange":{"beginToken":{"kind":43,"text":"null"},"endToken":{"kind":43,"text":"null"}}},"operator":"EQUALS","right":{"!":"com.github.javaparser.ast.expr.NameExpr","range":{"beginLine":13,"beginColumn":19,"endLine":13,"endColumn":22},"tokenRange":{"beginToken":{"kind":94,"text":"mode"},"endToken":{"kind":94,"text":"mode"}},"name":{"!":"com.github.javaparser.ast.expr.SimpleName","range":{"beginLine":13,"beginColumn":19,"endLine":13,"endColumn":22},"tokenRange":{"beginToken":{"kind":94,"text":"mode"},"endToken":{"kind":94,"text":"mode"}},"identifier":"mode"}}},"operator":"OR","right":{"!":"com.github.javaparser.ast.expr.MethodCallExpr","range":{"beginLine":13,"beginColumn":27,"endLine":13,"endColumn":56},"tokenRange":{"beginToken":{"kind":94,"text":"EntityMode"},"endToken":{"kind":98,"text":")"}},"arguments":[{"!":"com.github.javaparser.ast.expr.NameExpr","range":{"beginLine":13,"beginColumn":51,"endLine":13,"endColumn":54},"tokenRange":{"beginToken":{"kind":94,"text":"mode"},"endToken":{"kind":94,"text":"mode"}},"name":{"!":"com.github.javaparser.ast.expr.SimpleName","range":{"beginLine":13,"beginColumn":51,"endLine":13,"endColumn":54},"tokenRange":{"beginToken":{"kind":94,"text":"mode"},"endToken":{"kind":94,"text":"mode"}},"identifier":"mode"}}],"name":{"!":"com.github.javaparser.ast.expr.SimpleName","range":{"beginLine":13,"beginColumn":43,"endLine":13,"endColumn":48},"tokenRange":{"beginToken":{"kind":94,"text":"equals"},"endToken":{"kind":94,"text":"equals"}},"identifier":"equals"},"scope":{"!":"com.github.javaparser.ast.expr.FieldAccessExpr","range":{"beginLine":13,"beginColumn":27,"endLine":13,"endColumn":41},"tokenRange":{"beginToken":{"kind":94,"text":"EntityMode"},"endToken":{"kind":94,"text":"POJO"}},"name":{"!":"com.github.javaparser.ast.expr.SimpleName","range":{"beginLine":13,"beginColumn":38,"endLine":13,"endColumn":41},"tokenRange":{"beginToken":{"kind":94,"text":"POJO"},"endToken":{"kind":94,"text":"POJO"}},"identifier":"POJO"},"scope":{"!":"com.github.javaparser.ast.expr.NameExpr","range":{"beginLine":13,"beginColumn":27,"endLine":13,"endColumn":36},"tokenRange":{"beginToken":{"kind":94,"text":"EntityMode"},"endToken":{"kind":94,"text":"EntityMode"}},"name":{"!":"com.github.javaparser.ast.expr.SimpleName","range":{"beginLine":13,"beginColumn":27,"endLine":13,"endColumn":36},"tokenRange":{"beginToken":{"kind":94,"text":"EntityMode"},"endToken":{"kind":94,"text":"EntityMode"}},"identifier":"EntityMode"}}}}},"elseStmt":{"!":"com.github.javaparser.ast.stmt.IfStmt","range":{"beginLine":16,"beginColumn":11,"endLine":21,"endColumn":6},"tokenRange":{"beginToken":{"kind":34,"text":"if"},"endToken":{"kind":100,"text":"}"}},"condition":{"!":"com.github.javaparser.ast.expr.MethodCallExpr","range":{"beginLine":16,"beginColumn":16,"endLine":16,"endColumn":44},"tokenRange":{"beginToken":{"kind":94,"text":"EntityMode"},"endToken":{"kind":98,"text":")"}},"arguments":[{"!":"com.github.javaparser.ast.expr.NameExpr","range":{"beginLine":16,"beginColumn":39,"endLine":16,"endColumn":42},"tokenRange":{"beginToken":{"kind":94,"text":"mode"},"endToken":{"kind":94,"text":"mode"}},"name":{"!":"com.github.javaparser.ast.expr.SimpleName","range":{"beginLine":16,"beginColumn":39,"endLine":16,"endColumn":42},"tokenRange":{"beginToken":{"kind":94,"text":"mode"},"endToken":{"kind":94,"text":"mode"}},"identifier":"mode"}}],"name":{"!":"com.github.javaparser.ast.expr.SimpleName","range":{"beginLine":16,"beginColumn":31,"endLine":16,"endColumn":36},"tokenRange":{"beginToken":{"kind":94,"text":"equals"},"endToken":{"kind":94,"text":"equals"}},"identifier":"equals"},"scope":{"!":"com.github.javaparser.ast.expr.FieldAccessExpr","range":{"beginLine":16,"beginColumn":16,"endLine":16,"endColumn":29},"tokenRange":{"beginToken":{"kind":94,"text":"EntityMode"},"endToken":{"kind":94,"text":"MAP"}},"name":{"!":"com.github.javaparser.ast.expr.SimpleName","range":{"beginLine":16,"beginColumn":27,"endLine":16,"endColumn":29},"tokenRange":{"beginToken":{"kind":94,"text":"MAP"},"endToken":{"kind":94,"text":"MAP"}},"identifier":"MAP"},"scope":{"!":"com.github.javaparser.ast.expr.NameExpr","range":{"beginLine":16,"beginColumn":16,"endLine":16,"endColumn":25},"tokenRange":{"beginToken":{"kind":94,"text":"EntityMode"},"endToken":{"kind":94,"text":"EntityMode"}},"name":{"!":"com.github.javaparser.ast.expr.SimpleName","range":{"beginLine":16,"beginColumn":16,"endLine":16,"endColumn":25},"tokenRange":{"beginToken":{"kind":94,"text":"EntityMode"},"endToken":{"kind":94,"text":"EntityMode"}},"identifier":"EntityMode"}}}},"elseStmt":{"!":"com.github.javaparser.ast.stmt.BlockStmt","range":{"beginLine":19,"beginColumn":11,"endLine":21,"endColumn":6},"tokenRange":{"beginToken":{"kind":99,"text":"{"},"endToken":{"kind":100,"text":"}"}},"statements":[{"!":"com.github.javaparser.ast.stmt.ThrowStmt","range":{"beginLine":20,"beginColumn":7,"endLine":20,"endColumn":73},"tokenRange":{"beginToken":{"kind":57,"text":"throw"},"endToken":{"kind":103,"text":";"}},"expression":{"!":"com.github.javaparser.ast.expr.ObjectCreationExpr","range":{"beginLine":20,"beginColumn":13,"endLine":20,"endColumn":72},"tokenRange":{"beginToken":{"kind":42,"text":"new"},"endToken":{"kind":98,"text":")"}},"arguments":[{"!":"com.github.javaparser.ast.expr.BinaryExpr","range":{"beginLine":20,"beginColumn":35,"endLine":20,"endColumn":70},"tokenRange":{"beginToken":{"kind":90,"text":"\"Unknown entity mode [\""},"endToken":{"kind":90,"text":"\"]\""}},"left":{"!":"com.github.javaparser.ast.expr.BinaryExpr","range":{"beginLine":20,"beginColumn":35,"endLine":20,"endColumn":64},"tokenRange":{"beginToken":{"kind":90,"text":"\"Unknown entity mode [\""},"endToken":{"kind":94,"text":"mode"}},"left":{"!":"com.github.javaparser.ast.expr.StringLiteralExpr","range":{"beginLine":20,"beginColumn":35,"endLine":20,"endColumn":57},"tokenRange":{"beginToken":{"kind":90,"text":"\"Unknown entity mode [\""},"endToken":{"kind":90,"text":"\"Unknown entity mode [\""}},"value":"Unknown entity mode ["},"operator":"PLUS","right":{"!":"com.github.javaparser.ast.expr.NameExpr","range":{"beginLine":20,"beginColumn":61,"endLine":20,"endColumn":64},"tokenRange":{"beginToken":{"kind":94,"text":"mode"},"endToken":{"kind":94,"text":"mode"}},"name":{"!":"com.github.javaparser.ast.expr.SimpleName","range":{"beginLine":20,"beginColumn":61,"endLine":20,"endColumn":64},"tokenRange":{"beginToken":{"kind":94,"text":"mode"},"endToken":{"kind":94,"text":"mode"}},"identifier":"mode"}}},"operator":"PLUS","right":{"!":"com.github.javaparser.ast.expr.StringLiteralExpr","range":{"beginLine":20,"beginColumn":68,"endLine":20,"endColumn":70},"tokenRange":{"beginToken":{"kind":90,"text":"\"]\""},"endToken":{"kind":90,"text":"\"]\""}},"value":"]"}}],"type":{"!":"com.github.javaparser.ast.type.ClassOrInterfaceType","range":{"beginLine":20,"beginColumn":17,"endLine":20,"endColumn":32},"tokenRange":{"beginToken":{"kind":94,"text":"MappingException"},"endToken":{"kind":94,"text":"MappingException"}},"name":{"!":"com.github.javaparser.ast.expr.SimpleName","range":{"beginLine":20,"beginColumn":17,"endLine":20,"endColumn":32},"tokenRange":{"beginToken":{"kind":94,"text":"MappingException"},"endToken":{"kind":94,"text":"MappingException"}},"identifier":"MappingException"},"annotations":[]}}}]},"thenStmt":{"!":"com.github.javaparser.ast.stmt.BlockStmt","range":{"beginLine":16,"beginColumn":48,"endLine":18,"endColumn":6},"tokenRange":{"beginToken":{"kind":99,"text":"{"},"endToken":{"kind":100,"text":"}"}},"statements":[{"!":"com.github.javaparser.ast.stmt.ReturnStmt","range":{"beginLine":17,"beginColumn":7,"endLine":17,"endColumn":45},"tokenRange":{"beginToken":{"kind":49,"text":"return"},"endToken":{"kind":103,"text":";"}},"expression":{"!":"com.github.javaparser.ast.expr.MethodCallExpr","range":{"beginLine":17,"beginColumn":14,"endLine":17,"endColumn":44},"tokenRange":{"beginToken":{"kind":94,"text":"getDynamicMapPropertyAccessor"},"endToken":{"kind":98,"text":")"}},"arguments":[],"name":{"!":"com.github.javaparser.ast.expr.SimpleName","range":{"beginLine":17,"beginColumn":14,"endLine":17,"endColumn":42},"tokenRange":{"beginToken":{"kind":94,"text":"getDynamicMapPropertyAccessor"},"endToken":{"kind":94,"text":"getDynamicMapPropertyAccessor"}},"identifier":"getDynamicMapPropertyAccessor"}}}]}},"thenStmt":{"!":"com.github.javaparser.ast.stmt.BlockStmt","range":{"beginLine":13,"beginColumn":60,"endLine":15,"endColumn":6},"tokenRange":{"beginToken":{"kind":99,"text":"{"},"endToken":{"kind":100,"text":"}"}},"statements":[{"!":"com.github.javaparser.ast.stmt.ReturnStmt","range":{"beginLine":14,"beginColumn":7,"endLine":14,"endColumn":75},"tokenRange":{"beginToken":{"kind":49,"text":"return"},"endToken":{"kind":103,"text":";"}},"expression":{"!":"com.github.javaparser.ast.expr.MethodCallExpr","range":{"beginLine":14,"beginColumn":14,"endLine":14,"endColumn":74},"tokenRange":{"beginToken":{"kind":94,"text":"getPojoPropertyAccessor"},"endToken":{"kind":98,"text":")"}},"arguments":[{"!":"com.github.javaparser.ast.expr.MethodCallExpr","range":{"beginLine":14,"beginColumn":39,"endLine":14,"endColumn":72},"tokenRange":{"beginToken":{"kind":94,"text":"property"},"endToken":{"kind":98,"text":")"}},"arguments":[],"name":{"!":"com.github.javaparser.ast.expr.SimpleName","range":{"beginLine":14,"beginColumn":48,"endLine":14,"endColumn":70},"tokenRange":{"beginToken":{"kind":94,"text":"getPropertyAccessorName"},"endToken":{"kind":94,"text":"getPropertyAccessorName"}},"identifier":"getPropertyAccessorName"},"scope":{"!":"com.github.javaparser.ast.expr.NameExpr","range":{"beginLine":14,"beginColumn":39,"endLine":14,"endColumn":46},"tokenRange":{"beginToken":{"kind":94,"text":"property"},"endToken":{"kind":94,"text":"property"}},"name":{"!":"com.github.javaparser.ast.expr.SimpleName","range":{"beginLine":14,"beginColumn":39,"endLine":14,"endColumn":46},"tokenRange":{"beginToken":{"kind":94,"text":"property"},"endToken":{"kind":94,"text":"property"}},"identifier":"property"}}}],"name":{"!":"com.github.javaparser.ast.expr.SimpleName","range":{"beginLine":14,"beginColumn":14,"endLine":14,"endColumn":36},"tokenRange":{"beginToken":{"kind":94,"text":"getPojoPropertyAccessor"},"endToken":{"kind":94,"text":"getPojoPropertyAccessor"}},"identifier":"getPojoPropertyAccessor"}}}]},"comment":{"!":"com.github.javaparser.ast.comments.LineComment","range":{"beginLine":12,"beginColumn":3,"endLine":12,"endColumn":102},"tokenRange":{"beginToken":{"kind":5,"text":"//TODO: this is temporary in that the end result will probably not take a Property reference per-se."},"endToken":{"kind":5,"text":"//TODO: this is temporary in that the end result will probably not take a Property reference per-se."}},"content":"TODO: this is temporary in that the end result will probably not take a Property reference per-se."}}]},"type":{"!":"com.github.javaparser.ast.type.ClassOrInterfaceType","range":{"beginLine":11,"beginColumn":16,"endLine":11,"endColumn":31},"tokenRange":{"beginToken":{"kind":94,"text":"PropertyAccessor"},"endToken":{"kind":94,"text":"PropertyAccessor"}},"name":{"!":"com.github.javaparser.ast.expr.SimpleName","range":{"beginLine":11,"beginColumn":16,"endLine":11,"endColumn":31},"tokenRange":{"beginToken":{"kind":94,"text":"PropertyAccessor"},"endToken":{"kind":94,"text":"PropertyAccessor"}},"identifier":"PropertyAccessor"},"annotations":[]},"modifiers":[{"!":"com.github.javaparser.ast.Modifier","range":{"beginLine":11,"beginColumn":2,"endLine":11,"endColumn":7},"tokenRange":{"beginToken":{"kind":47,"text":"public"},"endToken":{"kind":47,"text":"public"}},"keyword":"PUBLIC"},{"!":"com.github.javaparser.ast.Modifier","range":{"beginLine":11,"beginColumn":9,"endLine":11,"endColumn":14},"tokenRange":{"beginToken":{"kind":51,"text":"static"},"endToken":{"kind":51,"text":"static"}},"keyword":"STATIC"}],"name":{"!":"com.github.javaparser.ast.expr.SimpleName","range":{"beginLine":11,"beginColumn":33,"endLine":11,"endColumn":51},"tokenRange":{"beginToken":{"kind":94,"text":"getPropertyAccessor"},"endToken":{"kind":94,"text":"getPropertyAccessor"}},"identifier":"getPropertyAccessor"},"parameters":[{"!":"com.github.javaparser.ast.body.Parameter","range":{"beginLine":11,"beginColumn":53,"endLine":11,"endColumn":77},"tokenRange":{"beginToken":{"kind":94,"text":"AttributeBinding"},"endToken":{"kind":94,"text":"property"}},"annotations":[],"isVarArgs":"false","modifiers":[],"name":{"!":"com.github.javaparser.ast.expr.SimpleName","range":{"beginLine":11,"beginColumn":70,"endLine":11,"endColumn":77},"tokenRange":{"beginToken":{"kind":94,"text":"property"},"endToken":{"kind":94,"text":"property"}},"identifier":"property"},"type":{"!":"com.github.javaparser.ast.type.ClassOrInterfaceType","range":{"beginLine":11,"beginColumn":53,"endLine":11,"endColumn":68},"tokenRange":{"beginToken":{"kind":94,"text":"AttributeBinding"},"endToken":{"kind":94,"text":"AttributeBinding"}},"name":{"!":"com.github.javaparser.ast.expr.SimpleName","range":{"beginLine":11,"beginColumn":53,"endLine":11,"endColumn":68},"tokenRange":{"beginToken":{"kind":94,"text":"AttributeBinding"},"endToken":{"kind":94,"text":"AttributeBinding"}},"identifier":"AttributeBinding"},"annotations":[]},"varArgsAnnotations":[]},{"!":"com.github.javaparser.ast.body.Parameter","range":{"beginLine":11,"beginColumn":80,"endLine":11,"endColumn":94},"tokenRange":{"beginToken":{"kind":94,"text":"EntityMode"},"endToken":{"kind":94,"text":"mode"}},"annotations":[],"isVarArgs":"false","modifiers":[],"name":{"!":"com.github.javaparser.ast.expr.SimpleName","range":{"beginLine":11,"beginColumn":91,"endLine":11,"endColumn":94},"tokenRange":{"beginToken":{"kind":94,"text":"mode"},"endToken":{"kind":94,"text":"mode"}},"identifier":"mode"},"type":{"!":"com.github.javaparser.ast.type.ClassOrInterfaceType","range":{"beginLine":11,"beginColumn":80,"endLine":11,"endColumn":89},"tokenRange":{"beginToken":{"kind":94,"text":"EntityMode"},"endToken":{"kind":94,"text":"EntityMode"}},"name":{"!":"com.github.javaparser.ast.expr.SimpleName","range":{"beginLine":11,"beginColumn":80,"endLine":11,"endColumn":89},"tokenRange":{"beginToken":{"kind":94,"text":"EntityMode"},"endToken":{"kind":94,"text":"EntityMode"}},"identifier":"EntityMode"},"annotations":[]},"varArgsAnnotations":[]}],"thrownExceptions":[{"!":"com.github.javaparser.ast.type.ClassOrInterfaceType","range":{"beginLine":11,"beginColumn":104,"endLine":11,"endColumn":119},"tokenRange":{"beginToken":{"kind":94,"text":"MappingException"},"endToken":{"kind":94,"text":"MappingException"}},"name":{"!":"com.github.javaparser.ast.expr.SimpleName","range":{"beginLine":11,"beginColumn":104,"endLine":11,"endColumn":119},"tokenRange":{"beginToken":{"kind":94,"text":"MappingException"},"endToken":{"kind":94,"text":"MappingException"}},"identifier":"MappingException"},"annotations":[]}],"typeParameters":[],"annotations":[],"comment":{"!":"com.github.javaparser.ast.comments.JavadocComment","range":{"beginLine":2,"beginColumn":5,"endLine":10,"endColumn":7},"tokenRange":{"beginToken":{"kind":8,"text":"/**\n     * Retrieves a PropertyAccessor instance based on the given property definition and\n     * entity mode.\n     *\n     * @param property The property for which to retrieve an accessor.\n     * @param mode The mode for the resulting entity.\n     * @return An appropriate accessor.\n     * @throws MappingException\n     */"},"endToken":{"kind":8,"text":"/**\n     * Retrieves a PropertyAccessor instance based on the given property definition and\n     * entity mode.\n     *\n     * @param property The property for which to retrieve an accessor.\n     * @param mode The mode for the resulting entity.\n     * @return An appropriate accessor.\n     * @throws MappingException\n     */"}},"content":"\n     * Retrieves a PropertyAccessor instance based on the given property definition and\n     * entity mode.\n     *\n     * @param property The property for which to retrieve an accessor.\n     * @param mode The mode for the resulting entity.\n     * @return An appropriate accessor.\n     * @throws MappingException\n     "}}],"modifiers":[],"name":{"!":"com.github.javaparser.ast.expr.SimpleName","range":{"beginLine":1,"beginColumn":7,"endLine":1,"endColumn":10},"tokenRange":{"beginToken":{"kind":94,"text":"Test"},"endToken":{"kind":94,"text":"Test"}},"identifier":"Test"},"annotations":[]}]}