{"!":"com.github.javaparser.ast.CompilationUnit","range":{"beginLine":1,"beginColumn":1,"endLine":45,"endColumn":2},"tokenRange":{"beginToken":{"kind":19,"text":"class"},"endToken":{"kind":0,"text":""}},"imports":[],"types":[{"!":"com.github.javaparser.ast.body.ClassOrInterfaceDeclaration","range":{"beginLine":1,"beginColumn":1,"endLine":45,"endColumn":2},"tokenRange":{"beginToken":{"kind":19,"text":"class"},"endToken":{"kind":100,"text":"}"}},"extendedTypes":[],"implementedTypes":[],"isInterface":"false","typeParameters":[],"members":[{"!":"com.github.javaparser.ast.body.MethodDeclaration","range":{"beginLine":2,"beginColumn":5,"endLine":43,"endColumn":5},"tokenRange":{"beginToken":{"kind":47,"text":"public"},"endToken":{"kind":100,"text":"}"}},"body":{"!":"com.github.javaparser.ast.stmt.BlockStmt","range":{"beginLine":2,"beginColumn":57,"endLine":43,"endColumn":5},"tokenRange":{"beginToken":{"kind":99,"text":"{"},"endToken":{"kind":100,"text":"}"}},"statements":[{"!":"com.github.javaparser.ast.stmt.IfStmt","range":{"beginLine":3,"beginColumn":9,"endLine":42,"endColumn":9},"tokenRange":{"beginToken":{"kind":34,"text":"if"},"endToken":{"kind":100,"text":"}"}},"condition":{"!":"com.github.javaparser.ast.expr.MethodCallExpr","range":{"beginLine":3,"beginColumn":13,"endLine":3,"endColumn":56},"tokenRange":{"beginToken":{"kind":90,"text":"\"ownedElement\""},"endToken":{"kind":98,"text":")"}},"arguments":[{"!":"com.github.javaparser.ast.expr.MethodCallExpr","range":{"beginLine":3,"beginColumn":35,"endLine":3,"endColumn":55},"tokenRange":{"beginToken":{"kind":94,"text":"pce"},"endToken":{"kind":98,"text":")"}},"arguments":[],"name":{"!":"com.github.javaparser.ast.expr.SimpleName","range":{"beginLine":3,"beginColumn":39,"endLine":3,"endColumn":53},"tokenRange":{"beginToken":{"kind":94,"text":"getPropertyName"},"endToken":{"kind":94,"text":"getPropertyName"}},"identifier":"getPropertyName"},"scope":{"!":"com.github.javaparser.ast.expr.NameExpr","range":{"beginLine":3,"beginColumn":35,"endLine":3,"endColumn":37},"tokenRange":{"beginToken":{"kind":94,"text":"pce"},"endToken":{"kind":94,"text":"pce"}},"name":{"!":"com.github.javaparser.ast.expr.SimpleName","range":{"beginLine":3,"beginColumn":35,"endLine":3,"endColumn":37},"tokenRange":{"beginToken":{"kind":94,"text":"pce"},"endToken":{"kind":94,"text":"pce"}},"identifier":"pce"}}}],"name":{"!":"com.github.javaparser.ast.expr.SimpleName","range":{"beginLine":3,"beginColumn":28,"endLine":3,"endColumn":33},"tokenRange":{"beginToken":{"kind":94,"text":"equals"},"endToken":{"kind":94,"text":"equals"}},"identifier":"equals"},"scope":{"!":"com.github.javaparser.ast.expr.StringLiteralExpr","range":{"beginLine":3,"beginColumn":13,"endLine":3,"endColumn":26},"tokenRange":{"beginToken":{"kind":90,"text":"\"ownedElement\""},"endToken":{"kind":90,"text":"\"ownedElement\""}},"value":"ownedElement"}},"thenStmt":{"!":"com.github.javaparser.ast.stmt.BlockStmt","range":{"beginLine":3,"beginColumn":59,"endLine":42,"endColumn":9},"tokenRange":{"beginToken":{"kind":99,"text":"{"},"endToken":{"kind":100,"text":"}"}},"statements":[{"!":"com.github.javaparser.ast.stmt.ExpressionStmt","range":{"beginLine":4,"beginColumn":13,"endLine":4,"endColumn":57},"tokenRange":{"beginToken":{"kind":94,"text":"Vector"},"endToken":{"kind":103,"text":";"}},"expression":{"!":"com.github.javaparser.ast.expr.VariableDeclarationExpr","range":{"beginLine":4,"beginColumn":13,"endLine":4,"endColumn":56},"tokenRange":{"beginToken":{"kind":94,"text":"Vector"},"endToken":{"kind":98,"text":")"}},"annotations":[],"modifiers":[],"variables":[{"!":"com.github.javaparser.ast.body.VariableDeclarator","range":{"beginLine":4,"beginColumn":20,"endLine":4,"endColumn":56},"tokenRange":{"beginToken":{"kind":94,"text":"oldOwned"},"endToken":{"kind":98,"text":")"}},"initializer":{"!":"com.github.javaparser.ast.expr.CastExpr","range":{"beginLine":4,"beginColumn":31,"endLine":4,"endColumn":56},"tokenRange":{"beginToken":{"kind":97,"text":"("},"endToken":{"kind":98,"text":")"}},"expression":{"!":"com.github.javaparser.ast.expr.MethodCallExpr","range":{"beginLine":4,"beginColumn":40,"endLine":4,"endColumn":56},"tokenRange":{"beginToken":{"kind":94,"text":"pce"},"endToken":{"kind":98,"text":")"}},"arguments":[],"name":{"!":"com.github.javaparser.ast.expr.SimpleName","range":{"beginLine":4,"beginColumn":44,"endLine":4,"endColumn":54},"tokenRange":{"beginToken":{"kind":94,"text":"getOldValue"},"endToken":{"kind":94,"text":"getOldValue"}},"identifier":"getOldValue"},"scope":{"!":"com.github.javaparser.ast.expr.NameExpr","range":{"beginLine":4,"beginColumn":40,"endLine":4,"endColumn":42},"tokenRange":{"beginToken":{"kind":94,"text":"pce"},"endToken":{"kind":94,"text":"pce"}},"name":{"!":"com.github.javaparser.ast.expr.SimpleName","range":{"beginLine":4,"beginColumn":40,"endLine":4,"endColumn":42},"tokenRange":{"beginToken":{"kind":94,"text":"pce"},"endToken":{"kind":94,"text":"pce"}},"identifier":"pce"}}},"type":{"!":"com.github.javaparser.ast.type.ClassOrInterfaceType","range":{"beginLine":4,"beginColumn":32,"endLine":4,"endColumn":37},"tokenRange":{"beginToken":{"kind":94,"text":"Vector"},"endToken":{"kind":94,"text":"Vector"}},"name":{"!":"com.github.javaparser.ast.expr.SimpleName","range":{"beginLine":4,"beginColumn":32,"endLine":4,"endColumn":37},"tokenRange":{"beginToken":{"kind":94,"text":"Vector"},"endToken":{"kind":94,"text":"Vector"}},"identifier":"Vector"},"annotations":[]}},"name":{"!":"com.github.javaparser.ast.expr.SimpleName","range":{"beginLine":4,"beginColumn":20,"endLine":4,"endColumn":27},"tokenRange":{"beginToken":{"kind":94,"text":"oldOwned"},"endToken":{"kind":94,"text":"oldOwned"}},"identifier":"oldOwned"},"type":{"!":"com.github.javaparser.ast.type.ClassOrInterfaceType","range":{"beginLine":4,"beginColumn":13,"endLine":4,"endColumn":18},"tokenRange":{"beginToken":{"kind":94,"text":"Vector"},"endToken":{"kind":94,"text":"Vector"}},"name":{"!":"com.github.javaparser.ast.expr.SimpleName","range":{"beginLine":4,"beginColumn":13,"endLine":4,"endColumn":18},"tokenRange":{"beginToken":{"kind":94,"text":"Vector"},"endToken":{"kind":94,"text":"Vector"}},"identifier":"Vector"},"annotations":[]}}]}},{"!":"com.github.javaparser.ast.stmt.ExpressionStmt","range":{"beginLine":5,"beginColumn":13,"endLine":5,"endColumn":42},"tokenRange":{"beginToken":{"kind":94,"text":"Object"},"endToken":{"kind":103,"text":";"}},"expression":{"!":"com.github.javaparser.ast.expr.VariableDeclarationExpr","range":{"beginLine":5,"beginColumn":13,"endLine":5,"endColumn":41},"tokenRange":{"beginToken":{"kind":94,"text":"Object"},"endToken":{"kind":98,"text":")"}},"annotations":[],"modifiers":[],"variables":[{"!":"com.github.javaparser.ast.body.VariableDeclarator","range":{"beginLine":5,"beginColumn":20,"endLine":5,"endColumn":41},"tokenRange":{"beginToken":{"kind":94,"text":"eo"},"endToken":{"kind":98,"text":")"}},"initializer":{"!":"com.github.javaparser.ast.expr.MethodCallExpr","range":{"beginLine":5,"beginColumn":25,"endLine":5,"endColumn":41},"tokenRange":{"beginToken":{"kind":94,"text":"pce"},"endToken":{"kind":98,"text":")"}},"arguments":[],"name":{"!":"com.github.javaparser.ast.expr.SimpleName","range":{"beginLine":5,"beginColumn":29,"endLine":5,"endColumn":39},"tokenRange":{"beginToken":{"kind":94,"text":"getNewValue"},"endToken":{"kind":94,"text":"getNewValue"}},"identifier":"getNewValue"},"scope":{"!":"com.github.javaparser.ast.expr.NameExpr","range":{"beginLine":5,"beginColumn":25,"endLine":5,"endColumn":27},"tokenRange":{"beginToken":{"kind":94,"text":"pce"},"endToken":{"kind":94,"text":"pce"}},"name":{"!":"com.github.javaparser.ast.expr.SimpleName","range":{"beginLine":5,"beginColumn":25,"endLine":5,"endColumn":27},"tokenRange":{"beginToken":{"kind":94,"text":"pce"},"endToken":{"kind":94,"text":"pce"}},"identifier":"pce"}}},"name":{"!":"com.github.javaparser.ast.expr.SimpleName","range":{"beginLine":5,"beginColumn":20,"endLine":5,"endColumn":21},"tokenRange":{"beginToken":{"kind":94,"text":"eo"},"endToken":{"kind":94,"text":"eo"}},"identifier":"eo"},"type":{"!":"com.github.javaparser.ast.type.ClassOrInterfaceType","range":{"beginLine":5,"beginColumn":13,"endLine":5,"endColumn":18},"tokenRange":{"beginToken":{"kind":94,"text":"Object"},"endToken":{"kind":94,"text":"Object"}},"name":{"!":"com.github.javaparser.ast.expr.SimpleName","range":{"beginLine":5,"beginColumn":13,"endLine":5,"endColumn":18},"tokenRange":{"beginToken":{"kind":94,"text":"Object"},"endToken":{"kind":94,"text":"Object"}},"identifier":"Object"},"annotations":[]}}]}},{"!":"com.github.javaparser.ast.stmt.ExpressionStmt","range":{"beginLine":6,"beginColumn":13,"endLine":6,"endColumn":62},"tokenRange":{"beginToken":{"kind":94,"text":"Object"},"endToken":{"kind":103,"text":";"}},"expression":{"!":"com.github.javaparser.ast.expr.VariableDeclarationExpr","range":{"beginLine":6,"beginColumn":13,"endLine":6,"endColumn":61},"tokenRange":{"beginToken":{"kind":94,"text":"Object"},"endToken":{"kind":98,"text":")"}},"annotations":[],"modifiers":[],"variables":[{"!":"com.github.javaparser.ast.body.VariableDeclarator","range":{"beginLine":6,"beginColumn":20,"endLine":6,"endColumn":61},"tokenRange":{"beginToken":{"kind":94,"text":"me"},"endToken":{"kind":98,"text":")"}},"initializer":{"!":"com.github.javaparser.ast.expr.MethodCallExpr","range":{"beginLine":6,"beginColumn":25,"endLine":6,"endColumn":61},"tokenRange":{"beginToken":{"kind":94,"text":"Model"},"endToken":{"kind":98,"text":")"}},"arguments":[{"!":"com.github.javaparser.ast.expr.NameExpr","range":{"beginLine":6,"beginColumn":59,"endLine":6,"endColumn":60},"tokenRange":{"beginToken":{"kind":94,"text":"eo"},"endToken":{"kind":94,"text":"eo"}},"name":{"!":"com.github.javaparser.ast.expr.SimpleName","range":{"beginLine":6,"beginColumn":59,"endLine":6,"endColumn":60},"tokenRange":{"beginToken":{"kind":94,"text":"eo"},"endToken":{"kind":94,"text":"eo"}},"identifier":"eo"}}],"name":{"!":"com.github.javaparser.ast.expr.SimpleName","range":{"beginLine":6,"beginColumn":43,"endLine":6,"endColumn":57},"tokenRange":{"beginToken":{"kind":94,"text":"getModelElement"},"endToken":{"kind":94,"text":"getModelElement"}},"identifier":"getModelElement"},"scope":{"!":"com.github.javaparser.ast.expr.MethodCallExpr","range":{"beginLine":6,"beginColumn":25,"endLine":6,"endColumn":41},"tokenRange":{"beginToken":{"kind":94,"text":"Model"},"endToken":{"kind":98,"text":")"}},"arguments":[],"name":{"!":"com.github.javaparser.ast.expr.SimpleName","range":{"beginLine":6,"beginColumn":31,"endLine":6,"endColumn":39},"tokenRange":{"beginToken":{"kind":94,"text":"getFacade"},"endToken":{"kind":94,"text":"getFacade"}},"identifier":"getFacade"},"scope":{"!":"com.github.javaparser.ast.expr.NameExpr","range":{"beginLine":6,"beginColumn":25,"endLine":6,"endColumn":29},"tokenRange":{"beginToken":{"kind":94,"text":"Model"},"endToken":{"kind":94,"text":"Model"}},"name":{"!":"com.github.javaparser.ast.expr.SimpleName","range":{"beginLine":6,"beginColumn":25,"endLine":6,"endColumn":29},"tokenRange":{"beginToken":{"kind":94,"text":"Model"},"endToken":{"kind":94,"text":"Model"}},"identifier":"Model"}}}},"name":{"!":"com.github.javaparser.ast.expr.SimpleName","range":{"beginLine":6,"beginColumn":20,"endLine":6,"endColumn":21},"tokenRange":{"beginToken":{"kind":94,"text":"me"},"endToken":{"kind":94,"text":"me"}},"identifier":"me"},"type":{"!":"com.github.javaparser.ast.type.ClassOrInterfaceType","range":{"beginLine":6,"beginColumn":13,"endLine":6,"endColumn":18},"tokenRange":{"beginToken":{"kind":94,"text":"Object"},"endToken":{"kind":94,"text":"Object"}},"name":{"!":"com.github.javaparser.ast.expr.SimpleName","range":{"beginLine":6,"beginColumn":13,"endLine":6,"endColumn":18},"tokenRange":{"beginToken":{"kind":94,"text":"Object"},"endToken":{"kind":94,"text":"Object"}},"identifier":"Object"},"annotations":[]}}]}},{"!":"com.github.javaparser.ast.stmt.IfStmt","range":{"beginLine":7,"beginColumn":13,"endLine":41,"endColumn":13},"tokenRange":{"beginToken":{"kind":34,"text":"if"},"endToken":{"kind":100,"text":"}"}},"condition":{"!":"com.github.javaparser.ast.expr.MethodCallExpr","range":{"beginLine":7,"beginColumn":17,"endLine":7,"endColumn":37},"tokenRange":{"beginToken":{"kind":94,"text":"oldOwned"},"endToken":{"kind":98,"text":")"}},"arguments":[{"!":"com.github.javaparser.ast.expr.NameExpr","range":{"beginLine":7,"beginColumn":35,"endLine":7,"endColumn":36},"tokenRange":{"beginToken":{"kind":94,"text":"eo"},"endToken":{"kind":94,"text":"eo"}},"name":{"!":"com.github.javaparser.ast.expr.SimpleName","range":{"beginLine":7,"beginColumn":35,"endLine":7,"endColumn":36},"tokenRange":{"beginToken":{"kind":94,"text":"eo"},"endToken":{"kind":94,"text":"eo"}},"identifier":"eo"}}],"name":{"!":"com.github.javaparser.ast.expr.SimpleName","range":{"beginLine":7,"beginColumn":26,"endLine":7,"endColumn":33},"tokenRange":{"beginToken":{"kind":94,"text":"contains"},"endToken":{"kind":94,"text":"contains"}},"identifier":"contains"},"scope":{"!":"com.github.javaparser.ast.expr.NameExpr","range":{"beginLine":7,"beginColumn":17,"endLine":7,"endColumn":24},"tokenRange":{"beginToken":{"kind":94,"text":"oldOwned"},"endToken":{"kind":94,"text":"oldOwned"}},"name":{"!":"com.github.javaparser.ast.expr.SimpleName","range":{"beginLine":7,"beginColumn":17,"endLine":7,"endColumn":24},"tokenRange":{"beginToken":{"kind":94,"text":"oldOwned"},"endToken":{"kind":94,"text":"oldOwned"}},"identifier":"oldOwned"}}},"elseStmt":{"!":"com.github.javaparser.ast.stmt.BlockStmt","range":{"beginLine":39,"beginColumn":20,"endLine":41,"endColumn":13},"tokenRange":{"beginToken":{"kind":99,"text":"{"},"endToken":{"kind":100,"text":"}"}},"statements":[{"!":"com.github.javaparser.ast.stmt.ExpressionStmt","range":{"beginLine":40,"beginColumn":17,"endLine":40,"endColumn":47},"tokenRange":{"beginToken":{"kind":94,"text":"LOG"},"endToken":{"kind":103,"text":";"}},"expression":{"!":"com.github.javaparser.ast.expr.MethodCallExpr","range":{"beginLine":40,"beginColumn":17,"endLine":40,"endColumn":46},"tokenRange":{"beginToken":{"kind":94,"text":"LOG"},"endToken":{"kind":98,"text":")"}},"arguments":[{"!":"com.github.javaparser.ast.expr.BinaryExpr","range":{"beginLine":40,"beginColumn":27,"endLine":40,"endColumn":45},"tokenRange":{"beginToken":{"kind":90,"text":"\"model added \""},"endToken":{"kind":94,"text":"me"}},"left":{"!":"com.github.javaparser.ast.expr.StringLiteralExpr","range":{"beginLine":40,"beginColumn":27,"endLine":40,"endColumn":40},"tokenRange":{"beginToken":{"kind":90,"text":"\"model added \""},"endToken":{"kind":90,"text":"\"model added \""}},"value":"model added "},"operator":"PLUS","right":{"!":"com.github.javaparser.ast.expr.NameExpr","range":{"beginLine":40,"beginColumn":44,"endLine":40,"endColumn":45},"tokenRange":{"beginToken":{"kind":94,"text":"me"},"endToken":{"kind":94,"text":"me"}},"name":{"!":"com.github.javaparser.ast.expr.SimpleName","range":{"beginLine":40,"beginColumn":44,"endLine":40,"endColumn":45},"tokenRange":{"beginToken":{"kind":94,"text":"me"},"endToken":{"kind":94,"text":"me"}},"identifier":"me"}}}],"name":{"!":"com.github.javaparser.ast.expr.SimpleName","range":{"beginLine":40,"beginColumn":21,"endLine":40,"endColumn":25},"tokenRange":{"beginToken":{"kind":94,"text":"debug"},"endToken":{"kind":94,"text":"debug"}},"identifier":"debug"},"scope":{"!":"com.github.javaparser.ast.expr.NameExpr","range":{"beginLine":40,"beginColumn":17,"endLine":40,"endColumn":19},"tokenRange":{"beginToken":{"kind":94,"text":"LOG"},"endToken":{"kind":94,"text":"LOG"}},"name":{"!":"com.github.javaparser.ast.expr.SimpleName","range":{"beginLine":40,"beginColumn":17,"endLine":40,"endColumn":19},"tokenRange":{"beginToken":{"kind":94,"text":"LOG"},"endToken":{"kind":94,"text":"LOG"}},"identifier":"LOG"}}}}]},"thenStmt":{"!":"com.github.javaparser.ast.stmt.BlockStmt","range":{"beginLine":7,"beginColumn":40,"endLine":39,"endColumn":13},"tokenRange":{"beginToken":{"kind":99,"text":"{"},"endToken":{"kind":100,"text":"}"}},"statements":[{"!":"com.github.javaparser.ast.stmt.ExpressionStmt","range":{"beginLine":8,"beginColumn":17,"endLine":8,"endColumn":49},"tokenRange":{"beginToken":{"kind":94,"text":"LOG"},"endToken":{"kind":103,"text":";"}},"expression":{"!":"com.github.javaparser.ast.expr.MethodCallExpr","range":{"beginLine":8,"beginColumn":17,"endLine":8,"endColumn":48},"tokenRange":{"beginToken":{"kind":94,"text":"LOG"},"endToken":{"kind":98,"text":")"}},"arguments":[{"!":"com.github.javaparser.ast.expr.BinaryExpr","range":{"beginLine":8,"beginColumn":27,"endLine":8,"endColumn":47},"tokenRange":{"beginToken":{"kind":90,"text":"\"model removed \""},"endToken":{"kind":94,"text":"me"}},"left":{"!":"com.github.javaparser.ast.expr.StringLiteralExpr","range":{"beginLine":8,"beginColumn":27,"endLine":8,"endColumn":42},"tokenRange":{"beginToken":{"kind":90,"text":"\"model removed \""},"endToken":{"kind":90,"text":"\"model removed \""}},"value":"model removed "},"operator":"PLUS","right":{"!":"com.github.javaparser.ast.expr.NameExpr","range":{"beginLine":8,"beginColumn":46,"endLine":8,"endColumn":47},"tokenRange":{"beginToken":{"kind":94,"text":"me"},"endToken":{"kind":94,"text":"me"}},"name":{"!":"com.github.javaparser.ast.expr.SimpleName","range":{"beginLine":8,"beginColumn":46,"endLine":8,"endColumn":47},"tokenRange":{"beginToken":{"kind":94,"text":"me"},"endToken":{"kind":94,"text":"me"}},"identifier":"me"}}}],"name":{"!":"com.github.javaparser.ast.expr.SimpleName","range":{"beginLine":8,"beginColumn":21,"endLine":8,"endColumn":25},"tokenRange":{"beginToken":{"kind":94,"text":"debug"},"endToken":{"kind":94,"text":"debug"}},"identifier":"debug"},"scope":{"!":"com.github.javaparser.ast.expr.NameExpr","range":{"beginLine":8,"beginColumn":17,"endLine":8,"endColumn":19},"tokenRange":{"beginToken":{"kind":94,"text":"LOG"},"endToken":{"kind":94,"text":"LOG"}},"name":{"!":"com.github.javaparser.ast.expr.SimpleName","range":{"beginLine":8,"beginColumn":17,"endLine":8,"endColumn":19},"tokenRange":{"beginToken":{"kind":94,"text":"LOG"},"endToken":{"kind":94,"text":"LOG"}},"identifier":"LOG"}}}},{"!":"com.github.javaparser.ast.stmt.IfStmt","range":{"beginLine":9,"beginColumn":17,"endLine":11,"endColumn":17},"tokenRange":{"beginToken":{"kind":34,"text":"if"},"endToken":{"kind":100,"text":"}"}},"condition":{"!":"com.github.javaparser.ast.expr.MethodCallExpr","range":{"beginLine":9,"beginColumn":21,"endLine":9,"endColumn":49},"tokenRange":{"beginToken":{"kind":94,"text":"Model"},"endToken":{"kind":98,"text":")"}},"arguments":[{"!":"com.github.javaparser.ast.expr.NameExpr","range":{"beginLine":9,"beginColumn":47,"endLine":9,"endColumn":48},"tokenRange":{"beginToken":{"kind":94,"text":"me"},"endToken":{"kind":94,"text":"me"}},"name":{"!":"com.github.javaparser.ast.expr.SimpleName","range":{"beginLine":9,"beginColumn":47,"endLine":9,"endColumn":48},"tokenRange":{"beginToken":{"kind":94,"text":"me"},"endToken":{"kind":94,"text":"me"}},"identifier":"me"}}],"name":{"!":"com.github.javaparser.ast.expr.SimpleName","range":{"beginLine":9,"beginColumn":39,"endLine":9,"endColumn":45},"tokenRange":{"beginToken":{"kind":94,"text":"isANode"},"endToken":{"kind":94,"text":"isANode"}},"identifier":"isANode"},"scope":{"!":"com.github.javaparser.ast.expr.MethodCallExpr","range":{"beginLine":9,"beginColumn":21,"endLine":9,"endColumn":37},"tokenRange":{"beginToken":{"kind":94,"text":"Model"},"endToken":{"kind":98,"text":")"}},"arguments":[],"name":{"!":"com.github.javaparser.ast.expr.SimpleName","range":{"beginLine":9,"beginColumn":27,"endLine":9,"endColumn":35},"tokenRange":{"beginToken":{"kind":94,"text":"getFacade"},"endToken":{"kind":94,"text":"getFacade"}},"identifier":"getFacade"},"scope":{"!":"com.github.javaparser.ast.expr.NameExpr","range":{"beginLine":9,"beginColumn":21,"endLine":9,"endColumn":25},"tokenRange":{"beginToken":{"kind":94,"text":"Model"},"endToken":{"kind":94,"text":"Model"}},"name":{"!":"com.github.javaparser.ast.expr.SimpleName","range":{"beginLine":9,"beginColumn":21,"endLine":9,"endColumn":25},"tokenRange":{"beginToken":{"kind":94,"text":"Model"},"endToken":{"kind":94,"text":"Model"}},"identifier":"Model"}}}},"thenStmt":{"!":"com.github.javaparser.ast.stmt.BlockStmt","range":{"beginLine":9,"beginColumn":52,"endLine":11,"endColumn":17},"tokenRange":{"beginToken":{"kind":99,"text":"{"},"endToken":{"kind":100,"text":"}"}},"statements":[{"!":"com.github.javaparser.ast.stmt.ExpressionStmt","range":{"beginLine":10,"beginColumn":21,"endLine":10,"endColumn":35},"tokenRange":{"beginToken":{"kind":94,"text":"removeNode"},"endToken":{"kind":103,"text":";"}},"expression":{"!":"com.github.javaparser.ast.expr.MethodCallExpr","range":{"beginLine":10,"beginColumn":21,"endLine":10,"endColumn":34},"tokenRange":{"beginToken":{"kind":94,"text":"removeNode"},"endToken":{"kind":98,"text":")"}},"arguments":[{"!":"com.github.javaparser.ast.expr.NameExpr","range":{"beginLine":10,"beginColumn":32,"endLine":10,"endColumn":33},"tokenRange":{"beginToken":{"kind":94,"text":"me"},"endToken":{"kind":94,"text":"me"}},"name":{"!":"com.github.javaparser.ast.expr.SimpleName","range":{"beginLine":10,"beginColumn":32,"endLine":10,"endColumn":33},"tokenRange":{"beginToken":{"kind":94,"text":"me"},"endToken":{"kind":94,"text":"me"}},"identifier":"me"}}],"name":{"!":"com.github.javaparser.ast.expr.SimpleName","range":{"beginLine":10,"beginColumn":21,"endLine":10,"endColumn":30},"tokenRange":{"beginToken":{"kind":94,"text":"removeNode"},"endToken":{"kind":94,"text":"removeNode"}},"identifier":"removeNode"}}}]}},{"!":"com.github.javaparser.ast.stmt.IfStmt","range":{"beginLine":12,"beginColumn":17,"endLine":14,"endColumn":17},"tokenRange":{"beginToken":{"kind":34,"text":"if"},"endToken":{"kind":100,"text":"}"}},"condition":{"!":"com.github.javaparser.ast.expr.MethodCallExpr","range":{"beginLine":12,"beginColumn":21,"endLine":12,"endColumn":57},"tokenRange":{"beginToken":{"kind":94,"text":"Model"},"endToken":{"kind":98,"text":")"}},"arguments":[{"!":"com.github.javaparser.ast.expr.NameExpr","range":{"beginLine":12,"beginColumn":55,"endLine":12,"endColumn":56},"tokenRange":{"beginToken":{"kind":94,"text":"me"},"endToken":{"kind":94,"text":"me"}},"name":{"!":"com.github.javaparser.ast.expr.SimpleName","range":{"beginLine":12,"beginColumn":55,"endLine":12,"endColumn":56},"tokenRange":{"beginToken":{"kind":94,"text":"me"},"endToken":{"kind":94,"text":"me"}},"identifier":"me"}}],"name":{"!":"com.github.javaparser.ast.expr.SimpleName","range":{"beginLine":12,"beginColumn":39,"endLine":12,"endColumn":53},"tokenRange":{"beginToken":{"kind":94,"text":"isANodeInstance"},"endToken":{"kind":94,"text":"isANodeInstance"}},"identifier":"isANodeInstance"},"scope":{"!":"com.github.javaparser.ast.expr.MethodCallExpr","range":{"beginLine":12,"beginColumn":21,"endLine":12,"endColumn":37},"tokenRange":{"beginToken":{"kind":94,"text":"Model"},"endToken":{"kind":98,"text":")"}},"arguments":[],"name":{"!":"com.github.javaparser.ast.expr.SimpleName","range":{"beginLine":12,"beginColumn":27,"endLine":12,"endColumn":35},"tokenRange":{"beginToken":{"kind":94,"text":"getFacade"},"endToken":{"kind":94,"text":"getFacade"}},"identifier":"getFacade"},"scope":{"!":"com.github.javaparser.ast.expr.NameExpr","range":{"beginLine":12,"beginColumn":21,"endLine":12,"endColumn":25},"tokenRange":{"beginToken":{"kind":94,"text":"Model"},"endToken":{"kind":94,"text":"Model"}},"name":{"!":"com.github.javaparser.ast.expr.SimpleName","range":{"beginLine":12,"beginColumn":21,"endLine":12,"endColumn":25},"tokenRange":{"beginToken":{"kind":94,"text":"Model"},"endToken":{"kind":94,"text":"Model"}},"identifier":"Model"}}}},"thenStmt":{"!":"com.github.javaparser.ast.stmt.BlockStmt","range":{"beginLine":12,"beginColumn":60,"endLine":14,"endColumn":17},"tokenRange":{"beginToken":{"kind":99,"text":"{"},"endToken":{"kind":100,"text":"}"}},"statements":[{"!":"com.github.javaparser.ast.stmt.ExpressionStmt","range":{"beginLine":13,"beginColumn":21,"endLine":13,"endColumn":35},"tokenRange":{"beginToken":{"kind":94,"text":"removeNode"},"endToken":{"kind":103,"text":";"}},"expression":{"!":"com.github.javaparser.ast.expr.MethodCallExpr","range":{"beginLine":13,"beginColumn":21,"endLine":13,"endColumn":34},"tokenRange":{"beginToken":{"kind":94,"text":"removeNode"},"endToken":{"kind":98,"text":")"}},"arguments":[{"!":"com.github.javaparser.ast.expr.NameExpr","range":{"beginLine":13,"beginColumn":32,"endLine":13,"endColumn":33},"tokenRange":{"beginToken":{"kind":94,"text":"me"},"endToken":{"kind":94,"text":"me"}},"name":{"!":"com.github.javaparser.ast.expr.SimpleName","range":{"beginLine":13,"beginColumn":32,"endLine":13,"endColumn":33},"tokenRange":{"beginToken":{"kind":94,"text":"me"},"endToken":{"kind":94,"text":"me"}},"identifier":"me"}}],"name":{"!":"com.github.javaparser.ast.expr.SimpleName","range":{"beginLine":13,"beginColumn":21,"endLine":13,"endColumn":30},"tokenRange":{"beginToken":{"kind":94,"text":"removeNode"},"endToken":{"kind":94,"text":"removeNode"}},"identifier":"removeNode"}}}]}},{"!":"com.github.javaparser.ast.stmt.IfStmt","range":{"beginLine":15,"beginColumn":17,"endLine":17,"endColumn":17},"tokenRange":{"beginToken":{"kind":34,"text":"if"},"endToken":{"kind":100,"text":"}"}},"condition":{"!":"com.github.javaparser.ast.expr.MethodCallExpr","range":{"beginLine":15,"beginColumn":21,"endLine":15,"endColumn":54},"tokenRange":{"beginToken":{"kind":94,"text":"Model"},"endToken":{"kind":98,"text":")"}},"arguments":[{"!":"com.github.javaparser.ast.expr.NameExpr","range":{"beginLine":15,"beginColumn":52,"endLine":15,"endColumn":53},"tokenRange":{"beginToken":{"kind":94,"text":"me"},"endToken":{"kind":94,"text":"me"}},"name":{"!":"com.github.javaparser.ast.expr.SimpleName","range":{"beginLine":15,"beginColumn":52,"endLine":15,"endColumn":53},"tokenRange":{"beginToken":{"kind":94,"text":"me"},"endToken":{"kind":94,"text":"me"}},"identifier":"me"}}],"name":{"!":"com.github.javaparser.ast.expr.SimpleName","range":{"beginLine":15,"beginColumn":39,"endLine":15,"endColumn":50},"tokenRange":{"beginToken":{"kind":94,"text":"isAComponent"},"endToken":{"kind":94,"text":"isAComponent"}},"identifier":"isAComponent"},"scope":{"!":"com.github.javaparser.ast.expr.MethodCallExpr","range":{"beginLine":15,"beginColumn":21,"endLine":15,"endColumn":37},"tokenRange":{"beginToken":{"kind":94,"text":"Model"},"endToken":{"kind":98,"text":")"}},"arguments":[],"name":{"!":"com.github.javaparser.ast.expr.SimpleName","range":{"beginLine":15,"beginColumn":27,"endLine":15,"endColumn":35},"tokenRange":{"beginToken":{"kind":94,"text":"getFacade"},"endToken":{"kind":94,"text":"getFacade"}},"identifier":"getFacade"},"scope":{"!":"com.github.javaparser.ast.expr.NameExpr","range":{"beginLine":15,"beginColumn":21,"endLine":15,"endColumn":25},"tokenRange":{"beginToken":{"kind":94,"text":"Model"},"endToken":{"kind":94,"text":"Model"}},"name":{"!":"com.github.javaparser.ast.expr.SimpleName","range":{"beginLine":15,"beginColumn":21,"endLine":15,"endColumn":25},"tokenRange":{"beginToken":{"kind":94,"text":"Model"},"endToken":{"kind":94,"text":"Model"}},"identifier":"Model"}}}},"thenStmt":{"!":"com.github.javaparser.ast.stmt.BlockStmt","range":{"beginLine":15,"beginColumn":57,"endLine":17,"endColumn":17},"tokenRange":{"beginToken":{"kind":99,"text":"{"},"endToken":{"kind":100,"text":"}"}},"statements":[{"!":"com.github.javaparser.ast.stmt.ExpressionStmt","range":{"beginLine":16,"beginColumn":21,"endLine":16,"endColumn":35},"tokenRange":{"beginToken":{"kind":94,"text":"removeNode"},"endToken":{"kind":103,"text":";"}},"expression":{"!":"com.github.javaparser.ast.expr.MethodCallExpr","range":{"beginLine":16,"beginColumn":21,"endLine":16,"endColumn":34},"tokenRange":{"beginToken":{"kind":94,"text":"removeNode"},"endToken":{"kind":98,"text":")"}},"arguments":[{"!":"com.github.javaparser.ast.expr.NameExpr","range":{"beginLine":16,"beginColumn":32,"endLine":16,"endColumn":33},"tokenRange":{"beginToken":{"kind":94,"text":"me"},"endToken":{"kind":94,"text":"me"}},"name":{"!":"com.github.javaparser.ast.expr.SimpleName","range":{"beginLine":16,"beginColumn":32,"endLine":16,"endColumn":33},"tokenRange":{"beginToken":{"kind":94,"text":"me"},"endToken":{"kind":94,"text":"me"}},"identifier":"me"}}],"name":{"!":"com.github.javaparser.ast.expr.SimpleName","range":{"beginLine":16,"beginColumn":21,"endLine":16,"endColumn":30},"tokenRange":{"beginToken":{"kind":94,"text":"removeNode"},"endToken":{"kind":94,"text":"removeNode"}},"identifier":"removeNode"}}}]}},{"!":"com.github.javaparser.ast.stmt.IfStmt","range":{"beginLine":18,"beginColumn":17,"endLine":20,"endColumn":17},"tokenRange":{"beginToken":{"kind":34,"text":"if"},"endToken":{"kind":100,"text":"}"}},"condition":{"!":"com.github.javaparser.ast.expr.MethodCallExpr","range":{"beginLine":18,"beginColumn":21,"endLine":18,"endColumn":62},"tokenRange":{"beginToken":{"kind":94,"text":"Model"},"endToken":{"kind":98,"text":")"}},"arguments":[{"!":"com.github.javaparser.ast.expr.NameExpr","range":{"beginLine":18,"beginColumn":60,"endLine":18,"endColumn":61},"tokenRange":{"beginToken":{"kind":94,"text":"me"},"endToken":{"kind":94,"text":"me"}},"name":{"!":"com.github.javaparser.ast.expr.SimpleName","range":{"beginLine":18,"beginColumn":60,"endLine":18,"endColumn":61},"tokenRange":{"beginToken":{"kind":94,"text":"me"},"endToken":{"kind":94,"text":"me"}},"identifier":"me"}}],"name":{"!":"com.github.javaparser.ast.expr.SimpleName","range":{"beginLine":18,"beginColumn":39,"endLine":18,"endColumn":58},"tokenRange":{"beginToken":{"kind":94,"text":"isAComponentInstance"},"endToken":{"kind":94,"text":"isAComponentInstance"}},"identifier":"isAComponentInstance"},"scope":{"!":"com.github.javaparser.ast.expr.MethodCallExpr","range":{"beginLine":18,"beginColumn":21,"endLine":18,"endColumn":37},"tokenRange":{"beginToken":{"kind":94,"text":"Model"},"endToken":{"kind":98,"text":")"}},"arguments":[],"name":{"!":"com.github.javaparser.ast.expr.SimpleName","range":{"beginLine":18,"beginColumn":27,"endLine":18,"endColumn":35},"tokenRange":{"beginToken":{"kind":94,"text":"getFacade"},"endToken":{"kind":94,"text":"getFacade"}},"identifier":"getFacade"},"scope":{"!":"com.github.javaparser.ast.expr.NameExpr","range":{"beginLine":18,"beginColumn":21,"endLine":18,"endColumn":25},"tokenRange":{"beginToken":{"kind":94,"text":"Model"},"endToken":{"kind":94,"text":"Model"}},"name":{"!":"com.github.javaparser.ast.expr.SimpleName","range":{"beginLine":18,"beginColumn":21,"endLine":18,"endColumn":25},"tokenRange":{"beginToken":{"kind":94,"text":"Model"},"endToken":{"kind":94,"text":"Model"}},"identifier":"Model"}}}},"thenStmt":{"!":"com.github.javaparser.ast.stmt.BlockStmt","range":{"beginLine":18,"beginColumn":65,"endLine":20,"endColumn":17},"tokenRange":{"beginToken":{"kind":99,"text":"{"},"endToken":{"kind":100,"text":"}"}},"statements":[{"!":"com.github.javaparser.ast.stmt.ExpressionStmt","range":{"beginLine":19,"beginColumn":21,"endLine":19,"endColumn":35},"tokenRange":{"beginToken":{"kind":94,"text":"removeNode"},"endToken":{"kind":103,"text":";"}},"expression":{"!":"com.github.javaparser.ast.expr.MethodCallExpr","range":{"beginLine":19,"beginColumn":21,"endLine":19,"endColumn":34},"tokenRange":{"beginToken":{"kind":94,"text":"removeNode"},"endToken":{"kind":98,"text":")"}},"arguments":[{"!":"com.github.javaparser.ast.expr.NameExpr","range":{"beginLine":19,"beginColumn":32,"endLine":19,"endColumn":33},"tokenRange":{"beginToken":{"kind":94,"text":"me"},"endToken":{"kind":94,"text":"me"}},"name":{"!":"com.github.javaparser.ast.expr.SimpleName","range":{"beginLine":19,"beginColumn":32,"endLine":19,"endColumn":33},"tokenRange":{"beginToken":{"kind":94,"text":"me"},"endToken":{"kind":94,"text":"me"}},"identifier":"me"}}],"name":{"!":"com.github.javaparser.ast.expr.SimpleName","range":{"beginLine":19,"beginColumn":21,"endLine":19,"endColumn":30},"tokenRange":{"beginToken":{"kind":94,"text":"removeNode"},"endToken":{"kind":94,"text":"removeNode"}},"identifier":"removeNode"}}}]}},{"!":"com.github.javaparser.ast.stmt.IfStmt","range":{"beginLine":21,"beginColumn":17,"endLine":23,"endColumn":17},"tokenRange":{"beginToken":{"kind":34,"text":"if"},"endToken":{"kind":100,"text":"}"}},"condition":{"!":"com.github.javaparser.ast.expr.MethodCallExpr","range":{"beginLine":21,"beginColumn":21,"endLine":21,"endColumn":50},"tokenRange":{"beginToken":{"kind":94,"text":"Model"},"endToken":{"kind":98,"text":")"}},"arguments":[{"!":"com.github.javaparser.ast.expr.NameExpr","range":{"beginLine":21,"beginColumn":48,"endLine":21,"endColumn":49},"tokenRange":{"beginToken":{"kind":94,"text":"me"},"endToken":{"kind":94,"text":"me"}},"name":{"!":"com.github.javaparser.ast.expr.SimpleName","range":{"beginLine":21,"beginColumn":48,"endLine":21,"endColumn":49},"tokenRange":{"beginToken":{"kind":94,"text":"me"},"endToken":{"kind":94,"text":"me"}},"identifier":"me"}}],"name":{"!":"com.github.javaparser.ast.expr.SimpleName","range":{"beginLine":21,"beginColumn":39,"endLine":21,"endColumn":46},"tokenRange":{"beginToken":{"kind":94,"text":"isAClass"},"endToken":{"kind":94,"text":"isAClass"}},"identifier":"isAClass"},"scope":{"!":"com.github.javaparser.ast.expr.MethodCallExpr","range":{"beginLine":21,"beginColumn":21,"endLine":21,"endColumn":37},"tokenRange":{"beginToken":{"kind":94,"text":"Model"},"endToken":{"kind":98,"text":")"}},"arguments":[],"name":{"!":"com.github.javaparser.ast.expr.SimpleName","range":{"beginLine":21,"beginColumn":27,"endLine":21,"endColumn":35},"tokenRange":{"beginToken":{"kind":94,"text":"getFacade"},"endToken":{"kind":94,"text":"getFacade"}},"identifier":"getFacade"},"scope":{"!":"com.github.javaparser.ast.expr.NameExpr","range":{"beginLine":21,"beginColumn":21,"endLine":21,"endColumn":25},"tokenRange":{"beginToken":{"kind":94,"text":"Model"},"endToken":{"kind":94,"text":"Model"}},"name":{"!":"com.github.javaparser.ast.expr.SimpleName","range":{"beginLine":21,"beginColumn":21,"endLine":21,"endColumn":25},"tokenRange":{"beginToken":{"kind":94,"text":"Model"},"endToken":{"kind":94,"text":"Model"}},"identifier":"Model"}}}},"thenStmt":{"!":"com.github.javaparser.ast.stmt.BlockStmt","range":{"beginLine":21,"beginColumn":53,"endLine":23,"endColumn":17},"tokenRange":{"beginToken":{"kind":99,"text":"{"},"endToken":{"kind":100,"text":"}"}},"statements":[{"!":"com.github.javaparser.ast.stmt.ExpressionStmt","range":{"beginLine":22,"beginColumn":21,"endLine":22,"endColumn":35},"tokenRange":{"beginToken":{"kind":94,"text":"removeNode"},"endToken":{"kind":103,"text":";"}},"expression":{"!":"com.github.javaparser.ast.expr.MethodCallExpr","range":{"beginLine":22,"beginColumn":21,"endLine":22,"endColumn":34},"tokenRange":{"beginToken":{"kind":94,"text":"removeNode"},"endToken":{"kind":98,"text":")"}},"arguments":[{"!":"com.github.javaparser.ast.expr.NameExpr","range":{"beginLine":22,"beginColumn":32,"endLine":22,"endColumn":33},"tokenRange":{"beginToken":{"kind":94,"text":"me"},"endToken":{"kind":94,"text":"me"}},"name":{"!":"com.github.javaparser.ast.expr.SimpleName","range":{"beginLine":22,"beginColumn":32,"endLine":22,"endColumn":33},"tokenRange":{"beginToken":{"kind":94,"text":"me"},"endToken":{"kind":94,"text":"me"}},"identifier":"me"}}],"name":{"!":"com.github.javaparser.ast.expr.SimpleName","range":{"beginLine":22,"beginColumn":21,"endLine":22,"endColumn":30},"tokenRange":{"beginToken":{"kind":94,"text":"removeNode"},"endToken":{"kind":94,"text":"removeNode"}},"identifier":"removeNode"}}}]}},{"!":"com.github.javaparser.ast.stmt.IfStmt","range":{"beginLine":24,"beginColumn":17,"endLine":26,"endColumn":17},"tokenRange":{"beginToken":{"kind":34,"text":"if"},"endToken":{"kind":100,"text":"}"}},"condition":{"!":"com.github.javaparser.ast.expr.MethodCallExpr","range":{"beginLine":24,"beginColumn":21,"endLine":24,"endColumn":54},"tokenRange":{"beginToken":{"kind":94,"text":"Model"},"endToken":{"kind":98,"text":")"}},"arguments":[{"!":"com.github.javaparser.ast.expr.NameExpr","range":{"beginLine":24,"beginColumn":52,"endLine":24,"endColumn":53},"tokenRange":{"beginToken":{"kind":94,"text":"me"},"endToken":{"kind":94,"text":"me"}},"name":{"!":"com.github.javaparser.ast.expr.SimpleName","range":{"beginLine":24,"beginColumn":52,"endLine":24,"endColumn":53},"tokenRange":{"beginToken":{"kind":94,"text":"me"},"endToken":{"kind":94,"text":"me"}},"identifier":"me"}}],"name":{"!":"com.github.javaparser.ast.expr.SimpleName","range":{"beginLine":24,"beginColumn":39,"endLine":24,"endColumn":50},"tokenRange":{"beginToken":{"kind":94,"text":"isAInterface"},"endToken":{"kind":94,"text":"isAInterface"}},"identifier":"isAInterface"},"scope":{"!":"com.github.javaparser.ast.expr.MethodCallExpr","range":{"beginLine":24,"beginColumn":21,"endLine":24,"endColumn":37},"tokenRange":{"beginToken":{"kind":94,"text":"Model"},"endToken":{"kind":98,"text":")"}},"arguments":[],"name":{"!":"com.github.javaparser.ast.expr.SimpleName","range":{"beginLine":24,"beginColumn":27,"endLine":24,"endColumn":35},"tokenRange":{"beginToken":{"kind":94,"text":"getFacade"},"endToken":{"kind":94,"text":"getFacade"}},"identifier":"getFacade"},"scope":{"!":"com.github.javaparser.ast.expr.NameExpr","range":{"beginLine":24,"beginColumn":21,"endLine":24,"endColumn":25},"tokenRange":{"beginToken":{"kind":94,"text":"Model"},"endToken":{"kind":94,"text":"Model"}},"name":{"!":"com.github.javaparser.ast.expr.SimpleName","range":{"beginLine":24,"beginColumn":21,"endLine":24,"endColumn":25},"tokenRange":{"beginToken":{"kind":94,"text":"Model"},"endToken":{"kind":94,"text":"Model"}},"identifier":"Model"}}}},"thenStmt":{"!":"com.github.javaparser.ast.stmt.BlockStmt","range":{"beginLine":24,"beginColumn":57,"endLine":26,"endColumn":17},"tokenRange":{"beginToken":{"kind":99,"text":"{"},"endToken":{"kind":100,"text":"}"}},"statements":[{"!":"com.github.javaparser.ast.stmt.ExpressionStmt","range":{"beginLine":25,"beginColumn":21,"endLine":25,"endColumn":35},"tokenRange":{"beginToken":{"kind":94,"text":"removeNode"},"endToken":{"kind":103,"text":";"}},"expression":{"!":"com.github.javaparser.ast.expr.MethodCallExpr","range":{"beginLine":25,"beginColumn":21,"endLine":25,"endColumn":34},"tokenRange":{"beginToken":{"kind":94,"text":"removeNode"},"endToken":{"kind":98,"text":")"}},"arguments":[{"!":"com.github.javaparser.ast.expr.NameExpr","range":{"beginLine":25,"beginColumn":32,"endLine":25,"endColumn":33},"tokenRange":{"beginToken":{"kind":94,"text":"me"},"endToken":{"kind":94,"text":"me"}},"name":{"!":"com.github.javaparser.ast.expr.SimpleName","range":{"beginLine":25,"beginColumn":32,"endLine":25,"endColumn":33},"tokenRange":{"beginToken":{"kind":94,"text":"me"},"endToken":{"kind":94,"text":"me"}},"identifier":"me"}}],"name":{"!":"com.github.javaparser.ast.expr.SimpleName","range":{"beginLine":25,"beginColumn":21,"endLine":25,"endColumn":30},"tokenRange":{"beginToken":{"kind":94,"text":"removeNode"},"endToken":{"kind":94,"text":"removeNode"}},"identifier":"removeNode"}}}]}},{"!":"com.github.javaparser.ast.stmt.IfStmt","range":{"beginLine":27,"beginColumn":17,"endLine":29,"endColumn":17},"tokenRange":{"beginToken":{"kind":34,"text":"if"},"endToken":{"kind":100,"text":"}"}},"condition":{"!":"com.github.javaparser.ast.expr.MethodCallExpr","range":{"beginLine":27,"beginColumn":21,"endLine":27,"endColumn":51},"tokenRange":{"beginToken":{"kind":94,"text":"Model"},"endToken":{"kind":98,"text":")"}},"arguments":[{"!":"com.github.javaparser.ast.expr.NameExpr","range":{"beginLine":27,"beginColumn":49,"endLine":27,"endColumn":50},"tokenRange":{"beginToken":{"kind":94,"text":"me"},"endToken":{"kind":94,"text":"me"}},"name":{"!":"com.github.javaparser.ast.expr.SimpleName","range":{"beginLine":27,"beginColumn":49,"endLine":27,"endColumn":50},"tokenRange":{"beginToken":{"kind":94,"text":"me"},"endToken":{"kind":94,"text":"me"}},"identifier":"me"}}],"name":{"!":"com.github.javaparser.ast.expr.SimpleName","range":{"beginLine":27,"beginColumn":39,"endLine":27,"endColumn":47},"tokenRange":{"beginToken":{"kind":94,"text":"isAObject"},"endToken":{"kind":94,"text":"isAObject"}},"identifier":"isAObject"},"scope":{"!":"com.github.javaparser.ast.expr.MethodCallExpr","range":{"beginLine":27,"beginColumn":21,"endLine":27,"endColumn":37},"tokenRange":{"beginToken":{"kind":94,"text":"Model"},"endToken":{"kind":98,"text":")"}},"arguments":[],"name":{"!":"com.github.javaparser.ast.expr.SimpleName","range":{"beginLine":27,"beginColumn":27,"endLine":27,"endColumn":35},"tokenRange":{"beginToken":{"kind":94,"text":"getFacade"},"endToken":{"kind":94,"text":"getFacade"}},"identifier":"getFacade"},"scope":{"!":"com.github.javaparser.ast.expr.NameExpr","range":{"beginLine":27,"beginColumn":21,"endLine":27,"endColumn":25},"tokenRange":{"beginToken":{"kind":94,"text":"Model"},"endToken":{"kind":94,"text":"Model"}},"name":{"!":"com.github.javaparser.ast.expr.SimpleName","range":{"beginLine":27,"beginColumn":21,"endLine":27,"endColumn":25},"tokenRange":{"beginToken":{"kind":94,"text":"Model"},"endToken":{"kind":94,"text":"Model"}},"identifier":"Model"}}}},"thenStmt":{"!":"com.github.javaparser.ast.stmt.BlockStmt","range":{"beginLine":27,"beginColumn":54,"endLine":29,"endColumn":17},"tokenRange":{"beginToken":{"kind":99,"text":"{"},"endToken":{"kind":100,"text":"}"}},"statements":[{"!":"com.github.javaparser.ast.stmt.ExpressionStmt","range":{"beginLine":28,"beginColumn":21,"endLine":28,"endColumn":35},"tokenRange":{"beginToken":{"kind":94,"text":"removeNode"},"endToken":{"kind":103,"text":";"}},"expression":{"!":"com.github.javaparser.ast.expr.MethodCallExpr","range":{"beginLine":28,"beginColumn":21,"endLine":28,"endColumn":34},"tokenRange":{"beginToken":{"kind":94,"text":"removeNode"},"endToken":{"kind":98,"text":")"}},"arguments":[{"!":"com.github.javaparser.ast.expr.NameExpr","range":{"beginLine":28,"beginColumn":32,"endLine":28,"endColumn":33},"tokenRange":{"beginToken":{"kind":94,"text":"me"},"endToken":{"kind":94,"text":"me"}},"name":{"!":"com.github.javaparser.ast.expr.SimpleName","range":{"beginLine":28,"beginColumn":32,"endLine":28,"endColumn":33},"tokenRange":{"beginToken":{"kind":94,"text":"me"},"endToken":{"kind":94,"text":"me"}},"identifier":"me"}}],"name":{"!":"com.github.javaparser.ast.expr.SimpleName","range":{"beginLine":28,"beginColumn":21,"endLine":28,"endColumn":30},"tokenRange":{"beginToken":{"kind":94,"text":"removeNode"},"endToken":{"kind":94,"text":"removeNode"}},"identifier":"removeNode"}}}]}},{"!":"com.github.javaparser.ast.stmt.IfStmt","range":{"beginLine":30,"beginColumn":17,"endLine":32,"endColumn":17},"tokenRange":{"beginToken":{"kind":34,"text":"if"},"endToken":{"kind":100,"text":"}"}},"condition":{"!":"com.github.javaparser.ast.expr.MethodCallExpr","range":{"beginLine":30,"beginColumn":21,"endLine":30,"endColumn":56},"tokenRange":{"beginToken":{"kind":94,"text":"Model"},"endToken":{"kind":98,"text":")"}},"arguments":[{"!":"com.github.javaparser.ast.expr.NameExpr","range":{"beginLine":30,"beginColumn":54,"endLine":30,"endColumn":55},"tokenRange":{"beginToken":{"kind":94,"text":"me"},"endToken":{"kind":94,"text":"me"}},"name":{"!":"com.github.javaparser.ast.expr.SimpleName","range":{"beginLine":30,"beginColumn":54,"endLine":30,"endColumn":55},"tokenRange":{"beginToken":{"kind":94,"text":"me"},"endToken":{"kind":94,"text":"me"}},"identifier":"me"}}],"name":{"!":"com.github.javaparser.ast.expr.SimpleName","range":{"beginLine":30,"beginColumn":39,"endLine":30,"endColumn":52},"tokenRange":{"beginToken":{"kind":94,"text":"isAAssociation"},"endToken":{"kind":94,"text":"isAAssociation"}},"identifier":"isAAssociation"},"scope":{"!":"com.github.javaparser.ast.expr.MethodCallExpr","range":{"beginLine":30,"beginColumn":21,"endLine":30,"endColumn":37},"tokenRange":{"beginToken":{"kind":94,"text":"Model"},"endToken":{"kind":98,"text":")"}},"arguments":[],"name":{"!":"com.github.javaparser.ast.expr.SimpleName","range":{"beginLine":30,"beginColumn":27,"endLine":30,"endColumn":35},"tokenRange":{"beginToken":{"kind":94,"text":"getFacade"},"endToken":{"kind":94,"text":"getFacade"}},"identifier":"getFacade"},"scope":{"!":"com.github.javaparser.ast.expr.NameExpr","range":{"beginLine":30,"beginColumn":21,"endLine":30,"endColumn":25},"tokenRange":{"beginToken":{"kind":94,"text":"Model"},"endToken":{"kind":94,"text":"Model"}},"name":{"!":"com.github.javaparser.ast.expr.SimpleName","range":{"beginLine":30,"beginColumn":21,"endLine":30,"endColumn":25},"tokenRange":{"beginToken":{"kind":94,"text":"Model"},"endToken":{"kind":94,"text":"Model"}},"identifier":"Model"}}}},"thenStmt":{"!":"com.github.javaparser.ast.stmt.BlockStmt","range":{"beginLine":30,"beginColumn":59,"endLine":32,"endColumn":17},"tokenRange":{"beginToken":{"kind":99,"text":"{"},"endToken":{"kind":100,"text":"}"}},"statements":[{"!":"com.github.javaparser.ast.stmt.ExpressionStmt","range":{"beginLine":31,"beginColumn":21,"endLine":31,"endColumn":35},"tokenRange":{"beginToken":{"kind":94,"text":"removeEdge"},"endToken":{"kind":103,"text":";"}},"expression":{"!":"com.github.javaparser.ast.expr.MethodCallExpr","range":{"beginLine":31,"beginColumn":21,"endLine":31,"endColumn":34},"tokenRange":{"beginToken":{"kind":94,"text":"removeEdge"},"endToken":{"kind":98,"text":")"}},"arguments":[{"!":"com.github.javaparser.ast.expr.NameExpr","range":{"beginLine":31,"beginColumn":32,"endLine":31,"endColumn":33},"tokenRange":{"beginToken":{"kind":94,"text":"me"},"endToken":{"kind":94,"text":"me"}},"name":{"!":"com.github.javaparser.ast.expr.SimpleName","range":{"beginLine":31,"beginColumn":32,"endLine":31,"endColumn":33},"tokenRange":{"beginToken":{"kind":94,"text":"me"},"endToken":{"kind":94,"text":"me"}},"identifier":"me"}}],"name":{"!":"com.github.javaparser.ast.expr.SimpleName","range":{"beginLine":31,"beginColumn":21,"endLine":31,"endColumn":30},"tokenRange":{"beginToken":{"kind":94,"text":"removeEdge"},"endToken":{"kind":94,"text":"removeEdge"}},"identifier":"removeEdge"}}}]}},{"!":"com.github.javaparser.ast.stmt.IfStmt","range":{"beginLine":33,"beginColumn":17,"endLine":35,"endColumn":17},"tokenRange":{"beginToken":{"kind":34,"text":"if"},"endToken":{"kind":100,"text":"}"}},"condition":{"!":"com.github.javaparser.ast.expr.MethodCallExpr","range":{"beginLine":33,"beginColumn":21,"endLine":33,"endColumn":55},"tokenRange":{"beginToken":{"kind":94,"text":"Model"},"endToken":{"kind":98,"text":")"}},"arguments":[{"!":"com.github.javaparser.ast.expr.NameExpr","range":{"beginLine":33,"beginColumn":53,"endLine":33,"endColumn":54},"tokenRange":{"beginToken":{"kind":94,"text":"me"},"endToken":{"kind":94,"text":"me"}},"name":{"!":"com.github.javaparser.ast.expr.SimpleName","range":{"beginLine":33,"beginColumn":53,"endLine":33,"endColumn":54},"tokenRange":{"beginToken":{"kind":94,"text":"me"},"endToken":{"kind":94,"text":"me"}},"identifier":"me"}}],"name":{"!":"com.github.javaparser.ast.expr.SimpleName","range":{"beginLine":33,"beginColumn":39,"endLine":33,"endColumn":51},"tokenRange":{"beginToken":{"kind":94,"text":"isADependency"},"endToken":{"kind":94,"text":"isADependency"}},"identifier":"isADependency"},"scope":{"!":"com.github.javaparser.ast.expr.MethodCallExpr","range":{"beginLine":33,"beginColumn":21,"endLine":33,"endColumn":37},"tokenRange":{"beginToken":{"kind":94,"text":"Model"},"endToken":{"kind":98,"text":")"}},"arguments":[],"name":{"!":"com.github.javaparser.ast.expr.SimpleName","range":{"beginLine":33,"beginColumn":27,"endLine":33,"endColumn":35},"tokenRange":{"beginToken":{"kind":94,"text":"getFacade"},"endToken":{"kind":94,"text":"getFacade"}},"identifier":"getFacade"},"scope":{"!":"com.github.javaparser.ast.expr.NameExpr","range":{"beginLine":33,"beginColumn":21,"endLine":33,"endColumn":25},"tokenRange":{"beginToken":{"kind":94,"text":"Model"},"endToken":{"kind":94,"text":"Model"}},"name":{"!":"com.github.javaparser.ast.expr.SimpleName","range":{"beginLine":33,"beginColumn":21,"endLine":33,"endColumn":25},"tokenRange":{"beginToken":{"kind":94,"text":"Model"},"endToken":{"kind":94,"text":"Model"}},"identifier":"Model"}}}},"thenStmt":{"!":"com.github.javaparser.ast.stmt.BlockStmt","range":{"beginLine":33,"beginColumn":58,"endLine":35,"endColumn":17},"tokenRange":{"beginToken":{"kind":99,"text":"{"},"endToken":{"kind":100,"text":"}"}},"statements":[{"!":"com.github.javaparser.ast.stmt.ExpressionStmt","range":{"beginLine":34,"beginColumn":21,"endLine":34,"endColumn":35},"tokenRange":{"beginToken":{"kind":94,"text":"removeEdge"},"endToken":{"kind":103,"text":";"}},"expression":{"!":"com.github.javaparser.ast.expr.MethodCallExpr","range":{"beginLine":34,"beginColumn":21,"endLine":34,"endColumn":34},"tokenRange":{"beginToken":{"kind":94,"text":"removeEdge"},"endToken":{"kind":98,"text":")"}},"arguments":[{"!":"com.github.javaparser.ast.expr.NameExpr","range":{"beginLine":34,"beginColumn":32,"endLine":34,"endColumn":33},"tokenRange":{"beginToken":{"kind":94,"text":"me"},"endToken":{"kind":94,"text":"me"}},"name":{"!":"com.github.javaparser.ast.expr.SimpleName","range":{"beginLine":34,"beginColumn":32,"endLine":34,"endColumn":33},"tokenRange":{"beginToken":{"kind":94,"text":"me"},"endToken":{"kind":94,"text":"me"}},"identifier":"me"}}],"name":{"!":"com.github.javaparser.ast.expr.SimpleName","range":{"beginLine":34,"beginColumn":21,"endLine":34,"endColumn":30},"tokenRange":{"beginToken":{"kind":94,"text":"removeEdge"},"endToken":{"kind":94,"text":"removeEdge"}},"identifier":"removeEdge"}}}]}},{"!":"com.github.javaparser.ast.stmt.IfStmt","range":{"beginLine":36,"beginColumn":17,"endLine":38,"endColumn":17},"tokenRange":{"beginToken":{"kind":34,"text":"if"},"endToken":{"kind":100,"text":"}"}},"condition":{"!":"com.github.javaparser.ast.expr.MethodCallExpr","range":{"beginLine":36,"beginColumn":21,"endLine":36,"endColumn":49},"tokenRange":{"beginToken":{"kind":94,"text":"Model"},"endToken":{"kind":98,"text":")"}},"arguments":[{"!":"com.github.javaparser.ast.expr.NameExpr","range":{"beginLine":36,"beginColumn":47,"endLine":36,"endColumn":48},"tokenRange":{"beginToken":{"kind":94,"text":"me"},"endToken":{"kind":94,"text":"me"}},"name":{"!":"com.github.javaparser.ast.expr.SimpleName","range":{"beginLine":36,"beginColumn":47,"endLine":36,"endColumn":48},"tokenRange":{"beginToken":{"kind":94,"text":"me"},"endToken":{"kind":94,"text":"me"}},"identifier":"me"}}],"name":{"!":"com.github.javaparser.ast.expr.SimpleName","range":{"beginLine":36,"beginColumn":39,"endLine":36,"endColumn":45},"tokenRange":{"beginToken":{"kind":94,"text":"isALink"},"endToken":{"kind":94,"text":"isALink"}},"identifier":"isALink"},"scope":{"!":"com.github.javaparser.ast.expr.MethodCallExpr","range":{"beginLine":36,"beginColumn":21,"endLine":36,"endColumn":37},"tokenRange":{"beginToken":{"kind":94,"text":"Model"},"endToken":{"kind":98,"text":")"}},"arguments":[],"name":{"!":"com.github.javaparser.ast.expr.SimpleName","range":{"beginLine":36,"beginColumn":27,"endLine":36,"endColumn":35},"tokenRange":{"beginToken":{"kind":94,"text":"getFacade"},"endToken":{"kind":94,"text":"getFacade"}},"identifier":"getFacade"},"scope":{"!":"com.github.javaparser.ast.expr.NameExpr","range":{"beginLine":36,"beginColumn":21,"endLine":36,"endColumn":25},"tokenRange":{"beginToken":{"kind":94,"text":"Model"},"endToken":{"kind":94,"text":"Model"}},"name":{"!":"com.github.javaparser.ast.expr.SimpleName","range":{"beginLine":36,"beginColumn":21,"endLine":36,"endColumn":25},"tokenRange":{"beginToken":{"kind":94,"text":"Model"},"endToken":{"kind":94,"text":"Model"}},"identifier":"Model"}}}},"thenStmt":{"!":"com.github.javaparser.ast.stmt.BlockStmt","range":{"beginLine":36,"beginColumn":52,"endLine":38,"endColumn":17},"tokenRange":{"beginToken":{"kind":99,"text":"{"},"endToken":{"kind":100,"text":"}"}},"statements":[{"!":"com.github.javaparser.ast.stmt.ExpressionStmt","range":{"beginLine":37,"beginColumn":21,"endLine":37,"endColumn":35},"tokenRange":{"beginToken":{"kind":94,"text":"removeEdge"},"endToken":{"kind":103,"text":";"}},"expression":{"!":"com.github.javaparser.ast.expr.MethodCallExpr","range":{"beginLine":37,"beginColumn":21,"endLine":37,"endColumn":34},"tokenRange":{"beginToken":{"kind":94,"text":"removeEdge"},"endToken":{"kind":98,"text":")"}},"arguments":[{"!":"com.github.javaparser.ast.expr.NameExpr","range":{"beginLine":37,"beginColumn":32,"endLine":37,"endColumn":33},"tokenRange":{"beginToken":{"kind":94,"text":"me"},"endToken":{"kind":94,"text":"me"}},"name":{"!":"com.github.javaparser.ast.expr.SimpleName","range":{"beginLine":37,"beginColumn":32,"endLine":37,"endColumn":33},"tokenRange":{"beginToken":{"kind":94,"text":"me"},"endToken":{"kind":94,"text":"me"}},"identifier":"me"}}],"name":{"!":"com.github.javaparser.ast.expr.SimpleName","range":{"beginLine":37,"beginColumn":21,"endLine":37,"endColumn":30},"tokenRange":{"beginToken":{"kind":94,"text":"removeEdge"},"endToken":{"kind":94,"text":"removeEdge"}},"identifier":"removeEdge"}}}]}}]}}]}}]},"type":{"!":"com.github.javaparser.ast.type.VoidType","range":{"beginLine":2,"beginColumn":12,"endLine":2,"endColumn":15},"tokenRange":{"beginToken":{"kind":62,"text":"void"},"endToken":{"kind":62,"text":"void"}},"annotations":[]},"modifiers":[{"!":"com.github.javaparser.ast.Modifier","range":{"beginLine":2,"beginColumn":5,"endLine":2,"endColumn":10},"tokenRange":{"beginToken":{"kind":47,"text":"public"},"endToken":{"kind":47,"text":"public"}},"keyword":"PUBLIC"}],"name":{"!":"com.github.javaparser.ast.expr.SimpleName","range":{"beginLine":2,"beginColumn":17,"endLine":2,"endColumn":30},"tokenRange":{"beginToken":{"kind":94,"text":"vetoableChange"},"endToken":{"kind":94,"text":"vetoableChange"}},"identifier":"vetoableChange"},"parameters":[{"!":"com.github.javaparser.ast.body.Parameter","range":{"beginLine":2,"beginColumn":32,"endLine":2,"endColumn":54},"tokenRange":{"beginToken":{"kind":94,"text":"PropertyChangeEvent"},"endToken":{"kind":94,"text":"pce"}},"annotations":[],"isVarArgs":"false","modifiers":[],"name":{"!":"com.github.javaparser.ast.expr.SimpleName","range":{"beginLine":2,"beginColumn":52,"endLine":2,"endColumn":54},"tokenRange":{"beginToken":{"kind":94,"text":"pce"},"endToken":{"kind":94,"text":"pce"}},"identifier":"pce"},"type":{"!":"com.github.javaparser.ast.type.ClassOrInterfaceType","range":{"beginLine":2,"beginColumn":32,"endLine":2,"endColumn":50},"tokenRange":{"beginToken":{"kind":94,"text":"PropertyChangeEvent"},"endToken":{"kind":94,"text":"PropertyChangeEvent"}},"name":{"!":"com.github.javaparser.ast.expr.SimpleName","range":{"beginLine":2,"beginColumn":32,"endLine":2,"endColumn":50},"tokenRange":{"beginToken":{"kind":94,"text":"PropertyChangeEvent"},"endToken":{"kind":94,"text":"PropertyChangeEvent"}},"identifier":"PropertyChangeEvent"},"annotations":[]},"varArgsAnnotations":[]}],"thrownExceptions":[],"typeParameters":[],"annotations":[]}],"modifiers":[],"name":{"!":"com.github.javaparser.ast.expr.SimpleName","range":{"beginLine":1,"beginColumn":7,"endLine":1,"endColumn":10},"tokenRange":{"beginToken":{"kind":94,"text":"Test"},"endToken":{"kind":94,"text":"Test"}},"identifier":"Test"},"annotations":[]}]}