{"!":"com.github.javaparser.ast.CompilationUnit","range":{"beginLine":1,"beginColumn":1,"endLine":19,"endColumn":2},"tokenRange":{"beginToken":{"kind":19,"text":"class"},"endToken":{"kind":0,"text":""}},"imports":[],"types":[{"!":"com.github.javaparser.ast.body.ClassOrInterfaceDeclaration","range":{"beginLine":1,"beginColumn":1,"endLine":19,"endColumn":2},"tokenRange":{"beginToken":{"kind":19,"text":"class"},"endToken":{"kind":100,"text":"}"}},"extendedTypes":[],"implementedTypes":[],"isInterface":"false","typeParameters":[],"members":[{"!":"com.github.javaparser.ast.body.MethodDeclaration","range":{"beginLine":2,"beginColumn":5,"endLine":17,"endColumn":5},"tokenRange":{"beginToken":{"kind":47,"text":"public"},"endToken":{"kind":100,"text":"}"}},"body":{"!":"com.github.javaparser.ast.stmt.BlockStmt","range":{"beginLine":2,"beginColumn":47,"endLine":17,"endColumn":5},"tokenRange":{"beginToken":{"kind":99,"text":"{"},"endToken":{"kind":100,"text":"}"}},"statements":[{"!":"com.github.javaparser.ast.stmt.IfStmt","range":{"beginLine":3,"beginColumn":9,"endLine":14,"endColumn":2},"tokenRange":{"beginToken":{"kind":34,"text":"if"},"endToken":{"kind":100,"text":"}"}},"condition":{"!":"com.github.javaparser.ast.expr.MethodCallExpr","range":{"beginLine":3,"beginColumn":13,"endLine":3,"endColumn":46},"tokenRange":{"beginToken":{"kind":94,"text":"Model"},"endToken":{"kind":98,"text":")"}},"arguments":[{"!":"com.github.javaparser.ast.expr.NameExpr","range":{"beginLine":3,"beginColumn":40,"endLine":3,"endColumn":45},"tokenRange":{"beginToken":{"kind":94,"text":"parent"},"endToken":{"kind":94,"text":"parent"}},"name":{"!":"com.github.javaparser.ast.expr.SimpleName","range":{"beginLine":3,"beginColumn":40,"endLine":3,"endColumn":45},"tokenRange":{"beginToken":{"kind":94,"text":"parent"},"endToken":{"kind":94,"text":"parent"}},"identifier":"parent"}}],"name":{"!":"com.github.javaparser.ast.expr.SimpleName","range":{"beginLine":3,"beginColumn":31,"endLine":3,"endColumn":38},"tokenRange":{"beginToken":{"kind":94,"text":"isAClass"},"endToken":{"kind":94,"text":"isAClass"}},"identifier":"isAClass"},"scope":{"!":"com.github.javaparser.ast.expr.MethodCallExpr","range":{"beginLine":3,"beginColumn":13,"endLine":3,"endColumn":29},"tokenRange":{"beginToken":{"kind":94,"text":"Model"},"endToken":{"kind":98,"text":")"}},"arguments":[],"name":{"!":"com.github.javaparser.ast.expr.SimpleName","range":{"beginLine":3,"beginColumn":19,"endLine":3,"endColumn":27},"tokenRange":{"beginToken":{"kind":94,"text":"getFacade"},"endToken":{"kind":94,"text":"getFacade"}},"identifier":"getFacade"},"scope":{"!":"com.github.javaparser.ast.expr.NameExpr","range":{"beginLine":3,"beginColumn":13,"endLine":3,"endColumn":17},"tokenRange":{"beginToken":{"kind":94,"text":"Model"},"endToken":{"kind":94,"text":"Model"}},"name":{"!":"com.github.javaparser.ast.expr.SimpleName","range":{"beginLine":3,"beginColumn":13,"endLine":3,"endColumn":17},"tokenRange":{"beginToken":{"kind":94,"text":"Model"},"endToken":{"kind":94,"text":"Model"}},"identifier":"Model"}}}},"thenStmt":{"!":"com.github.javaparser.ast.stmt.BlockStmt","range":{"beginLine":3,"beginColumn":49,"endLine":14,"endColumn":2},"tokenRange":{"beginToken":{"kind":99,"text":"{"},"endToken":{"kind":100,"text":"}"}},"statements":[{"!":"com.github.javaparser.ast.stmt.ExpressionStmt","range":{"beginLine":4,"beginColumn":6,"endLine":4,"endColumn":29},"tokenRange":{"beginToken":{"kind":94,"text":"Set"},"endToken":{"kind":103,"text":";"}},"expression":{"!":"com.github.javaparser.ast.expr.VariableDeclarationExpr","range":{"beginLine":4,"beginColumn":6,"endLine":4,"endColumn":28},"tokenRange":{"beginToken":{"kind":94,"text":"Set"},"endToken":{"kind":98,"text":")"}},"annotations":[],"modifiers":[],"variables":[{"!":"com.github.javaparser.ast.body.VariableDeclarator","range":{"beginLine":4,"beginColumn":10,"endLine":4,"endColumn":28},"tokenRange":{"beginToken":{"kind":94,"text":"set"},"endToken":{"kind":98,"text":")"}},"initializer":{"!":"com.github.javaparser.ast.expr.ObjectCreationExpr","range":{"beginLine":4,"beginColumn":16,"endLine":4,"endColumn":28},"tokenRange":{"beginToken":{"kind":42,"text":"new"},"endToken":{"kind":98,"text":")"}},"arguments":[],"type":{"!":"com.github.javaparser.ast.type.ClassOrInterfaceType","range":{"beginLine":4,"beginColumn":20,"endLine":4,"endColumn":26},"tokenRange":{"beginToken":{"kind":94,"text":"HashSet"},"endToken":{"kind":94,"text":"HashSet"}},"name":{"!":"com.github.javaparser.ast.expr.SimpleName","range":{"beginLine":4,"beginColumn":20,"endLine":4,"endColumn":26},"tokenRange":{"beginToken":{"kind":94,"text":"HashSet"},"endToken":{"kind":94,"text":"HashSet"}},"identifier":"HashSet"},"annotations":[]}},"name":{"!":"com.github.javaparser.ast.expr.SimpleName","range":{"beginLine":4,"beginColumn":10,"endLine":4,"endColumn":12},"tokenRange":{"beginToken":{"kind":94,"text":"set"},"endToken":{"kind":94,"text":"set"}},"identifier":"set"},"type":{"!":"com.github.javaparser.ast.type.ClassOrInterfaceType","range":{"beginLine":4,"beginColumn":6,"endLine":4,"endColumn":8},"tokenRange":{"beginToken":{"kind":94,"text":"Set"},"endToken":{"kind":94,"text":"Set"}},"name":{"!":"com.github.javaparser.ast.expr.SimpleName","range":{"beginLine":4,"beginColumn":6,"endLine":4,"endColumn":8},"tokenRange":{"beginToken":{"kind":94,"text":"Set"},"endToken":{"kind":94,"text":"Set"}},"identifier":"Set"},"annotations":[]}}]}},{"!":"com.github.javaparser.ast.stmt.ExpressionStmt","range":{"beginLine":5,"beginColumn":6,"endLine":5,"endColumn":21},"tokenRange":{"beginToken":{"kind":94,"text":"set"},"endToken":{"kind":103,"text":";"}},"expression":{"!":"com.github.javaparser.ast.expr.MethodCallExpr","range":{"beginLine":5,"beginColumn":6,"endLine":5,"endColumn":20},"tokenRange":{"beginToken":{"kind":94,"text":"set"},"endToken":{"kind":98,"text":")"}},"arguments":[{"!":"com.github.javaparser.ast.expr.NameExpr","range":{"beginLine":5,"beginColumn":14,"endLine":5,"endColumn":19},"tokenRange":{"beginToken":{"kind":94,"text":"parent"},"endToken":{"kind":94,"text":"parent"}},"name":{"!":"com.github.javaparser.ast.expr.SimpleName","range":{"beginLine":5,"beginColumn":14,"endLine":5,"endColumn":19},"tokenRange":{"beginToken":{"kind":94,"text":"parent"},"endToken":{"kind":94,"text":"parent"}},"identifier":"parent"}}],"name":{"!":"com.github.javaparser.ast.expr.SimpleName","range":{"beginLine":5,"beginColumn":10,"endLine":5,"endColumn":12},"tokenRange":{"beginToken":{"kind":94,"text":"add"},"endToken":{"kind":94,"text":"add"}},"identifier":"add"},"scope":{"!":"com.github.javaparser.ast.expr.NameExpr","range":{"beginLine":5,"beginColumn":6,"endLine":5,"endColumn":8},"tokenRange":{"beginToken":{"kind":94,"text":"set"},"endToken":{"kind":94,"text":"set"}},"name":{"!":"com.github.javaparser.ast.expr.SimpleName","range":{"beginLine":5,"beginColumn":6,"endLine":5,"endColumn":8},"tokenRange":{"beginToken":{"kind":94,"text":"set"},"endToken":{"kind":94,"text":"set"}},"identifier":"set"}}}},{"!":"com.github.javaparser.ast.stmt.ExpressionStmt","range":{"beginLine":6,"beginColumn":6,"endLine":6,"endColumn":57},"tokenRange":{"beginToken":{"kind":94,"text":"set"},"endToken":{"kind":103,"text":";"}},"expression":{"!":"com.github.javaparser.ast.expr.MethodCallExpr","range":{"beginLine":6,"beginColumn":6,"endLine":6,"endColumn":56},"tokenRange":{"beginToken":{"kind":94,"text":"set"},"endToken":{"kind":98,"text":")"}},"arguments":[{"!":"com.github.javaparser.ast.expr.MethodCallExpr","range":{"beginLine":6,"beginColumn":17,"endLine":6,"endColumn":55},"tokenRange":{"beginToken":{"kind":94,"text":"Model"},"endToken":{"kind":98,"text":")"}},"arguments":[{"!":"com.github.javaparser.ast.expr.NameExpr","range":{"beginLine":6,"beginColumn":49,"endLine":6,"endColumn":54},"tokenRange":{"beginToken":{"kind":94,"text":"parent"},"endToken":{"kind":94,"text":"parent"}},"name":{"!":"com.github.javaparser.ast.expr.SimpleName","range":{"beginLine":6,"beginColumn":49,"endLine":6,"endColumn":54},"tokenRange":{"beginToken":{"kind":94,"text":"parent"},"endToken":{"kind":94,"text":"parent"}},"identifier":"parent"}}],"name":{"!":"com.github.javaparser.ast.expr.SimpleName","range":{"beginLine":6,"beginColumn":35,"endLine":6,"endColumn":47},"tokenRange":{"beginToken":{"kind":94,"text":"getAttributes"},"endToken":{"kind":94,"text":"getAttributes"}},"identifier":"getAttributes"},"scope":{"!":"com.github.javaparser.ast.expr.MethodCallExpr","range":{"beginLine":6,"beginColumn":17,"endLine":6,"endColumn":33},"tokenRange":{"beginToken":{"kind":94,"text":"Model"},"endToken":{"kind":98,"text":")"}},"arguments":[],"name":{"!":"com.github.javaparser.ast.expr.SimpleName","range":{"beginLine":6,"beginColumn":23,"endLine":6,"endColumn":31},"tokenRange":{"beginToken":{"kind":94,"text":"getFacade"},"endToken":{"kind":94,"text":"getFacade"}},"identifier":"getFacade"},"scope":{"!":"com.github.javaparser.ast.expr.NameExpr","range":{"beginLine":6,"beginColumn":17,"endLine":6,"endColumn":21},"tokenRange":{"beginToken":{"kind":94,"text":"Model"},"endToken":{"kind":94,"text":"Model"}},"name":{"!":"com.github.javaparser.ast.expr.SimpleName","range":{"beginLine":6,"beginColumn":17,"endLine":6,"endColumn":21},"tokenRange":{"beginToken":{"kind":94,"text":"Model"},"endToken":{"kind":94,"text":"Model"}},"identifier":"Model"}}}}],"name":{"!":"com.github.javaparser.ast.expr.SimpleName","range":{"beginLine":6,"beginColumn":10,"endLine":6,"endColumn":15},"tokenRange":{"beginToken":{"kind":94,"text":"addAll"},"endToken":{"kind":94,"text":"addAll"}},"identifier":"addAll"},"scope":{"!":"com.github.javaparser.ast.expr.NameExpr","range":{"beginLine":6,"beginColumn":6,"endLine":6,"endColumn":8},"tokenRange":{"beginToken":{"kind":94,"text":"set"},"endToken":{"kind":94,"text":"set"}},"name":{"!":"com.github.javaparser.ast.expr.SimpleName","range":{"beginLine":6,"beginColumn":6,"endLine":6,"endColumn":8},"tokenRange":{"beginToken":{"kind":94,"text":"set"},"endToken":{"kind":94,"text":"set"}},"identifier":"set"}}}},{"!":"com.github.javaparser.ast.stmt.ExpressionStmt","range":{"beginLine":7,"beginColumn":6,"endLine":7,"endColumn":57},"tokenRange":{"beginToken":{"kind":94,"text":"set"},"endToken":{"kind":103,"text":";"}},"expression":{"!":"com.github.javaparser.ast.expr.MethodCallExpr","range":{"beginLine":7,"beginColumn":6,"endLine":7,"endColumn":56},"tokenRange":{"beginToken":{"kind":94,"text":"set"},"endToken":{"kind":98,"text":")"}},"arguments":[{"!":"com.github.javaparser.ast.expr.MethodCallExpr","range":{"beginLine":7,"beginColumn":17,"endLine":7,"endColumn":55},"tokenRange":{"beginToken":{"kind":94,"text":"Model"},"endToken":{"kind":98,"text":")"}},"arguments":[{"!":"com.github.javaparser.ast.expr.NameExpr","range":{"beginLine":7,"beginColumn":49,"endLine":7,"endColumn":54},"tokenRange":{"beginToken":{"kind":94,"text":"parent"},"endToken":{"kind":94,"text":"parent"}},"name":{"!":"com.github.javaparser.ast.expr.SimpleName","range":{"beginLine":7,"beginColumn":49,"endLine":7,"endColumn":54},"tokenRange":{"beginToken":{"kind":94,"text":"parent"},"endToken":{"kind":94,"text":"parent"}},"identifier":"parent"}}],"name":{"!":"com.github.javaparser.ast.expr.SimpleName","range":{"beginLine":7,"beginColumn":35,"endLine":7,"endColumn":47},"tokenRange":{"beginToken":{"kind":94,"text":"getOperations"},"endToken":{"kind":94,"text":"getOperations"}},"identifier":"getOperations"},"scope":{"!":"com.github.javaparser.ast.expr.MethodCallExpr","range":{"beginLine":7,"beginColumn":17,"endLine":7,"endColumn":33},"tokenRange":{"beginToken":{"kind":94,"text":"Model"},"endToken":{"kind":98,"text":")"}},"arguments":[],"name":{"!":"com.github.javaparser.ast.expr.SimpleName","range":{"beginLine":7,"beginColumn":23,"endLine":7,"endColumn":31},"tokenRange":{"beginToken":{"kind":94,"text":"getFacade"},"endToken":{"kind":94,"text":"getFacade"}},"identifier":"getFacade"},"scope":{"!":"com.github.javaparser.ast.expr.NameExpr","range":{"beginLine":7,"beginColumn":17,"endLine":7,"endColumn":21},"tokenRange":{"beginToken":{"kind":94,"text":"Model"},"endToken":{"kind":94,"text":"Model"}},"name":{"!":"com.github.javaparser.ast.expr.SimpleName","range":{"beginLine":7,"beginColumn":17,"endLine":7,"endColumn":21},"tokenRange":{"beginToken":{"kind":94,"text":"Model"},"endToken":{"kind":94,"text":"Model"}},"identifier":"Model"}}}}],"name":{"!":"com.github.javaparser.ast.expr.SimpleName","range":{"beginLine":7,"beginColumn":10,"endLine":7,"endColumn":15},"tokenRange":{"beginToken":{"kind":94,"text":"addAll"},"endToken":{"kind":94,"text":"addAll"}},"identifier":"addAll"},"scope":{"!":"com.github.javaparser.ast.expr.NameExpr","range":{"beginLine":7,"beginColumn":6,"endLine":7,"endColumn":8},"tokenRange":{"beginToken":{"kind":94,"text":"set"},"endToken":{"kind":94,"text":"set"}},"name":{"!":"com.github.javaparser.ast.expr.SimpleName","range":{"beginLine":7,"beginColumn":6,"endLine":7,"endColumn":8},"tokenRange":{"beginToken":{"kind":94,"text":"set"},"endToken":{"kind":94,"text":"set"}},"identifier":"set"}}}},{"!":"com.github.javaparser.ast.stmt.ExpressionStmt","range":{"beginLine":8,"beginColumn":6,"endLine":8,"endColumn":62},"tokenRange":{"beginToken":{"kind":94,"text":"set"},"endToken":{"kind":103,"text":";"}},"expression":{"!":"com.github.javaparser.ast.expr.MethodCallExpr","range":{"beginLine":8,"beginColumn":6,"endLine":8,"endColumn":61},"tokenRange":{"beginToken":{"kind":94,"text":"set"},"endToken":{"kind":98,"text":")"}},"arguments":[{"!":"com.github.javaparser.ast.expr.MethodCallExpr","range":{"beginLine":8,"beginColumn":17,"endLine":8,"endColumn":60},"tokenRange":{"beginToken":{"kind":94,"text":"Model"},"endToken":{"kind":98,"text":")"}},"arguments":[{"!":"com.github.javaparser.ast.expr.NameExpr","range":{"beginLine":8,"beginColumn":54,"endLine":8,"endColumn":59},"tokenRange":{"beginToken":{"kind":94,"text":"parent"},"endToken":{"kind":94,"text":"parent"}},"name":{"!":"com.github.javaparser.ast.expr.SimpleName","range":{"beginLine":8,"beginColumn":54,"endLine":8,"endColumn":59},"tokenRange":{"beginToken":{"kind":94,"text":"parent"},"endToken":{"kind":94,"text":"parent"}},"identifier":"parent"}}],"name":{"!":"com.github.javaparser.ast.expr.SimpleName","range":{"beginLine":8,"beginColumn":35,"endLine":8,"endColumn":52},"tokenRange":{"beginToken":{"kind":94,"text":"getAssociationEnds"},"endToken":{"kind":94,"text":"getAssociationEnds"}},"identifier":"getAssociationEnds"},"scope":{"!":"com.github.javaparser.ast.expr.MethodCallExpr","range":{"beginLine":8,"beginColumn":17,"endLine":8,"endColumn":33},"tokenRange":{"beginToken":{"kind":94,"text":"Model"},"endToken":{"kind":98,"text":")"}},"arguments":[],"name":{"!":"com.github.javaparser.ast.expr.SimpleName","range":{"beginLine":8,"beginColumn":23,"endLine":8,"endColumn":31},"tokenRange":{"beginToken":{"kind":94,"text":"getFacade"},"endToken":{"kind":94,"text":"getFacade"}},"identifier":"getFacade"},"scope":{"!":"com.github.javaparser.ast.expr.NameExpr","range":{"beginLine":8,"beginColumn":17,"endLine":8,"endColumn":21},"tokenRange":{"beginToken":{"kind":94,"text":"Model"},"endToken":{"kind":94,"text":"Model"}},"name":{"!":"com.github.javaparser.ast.expr.SimpleName","range":{"beginLine":8,"beginColumn":17,"endLine":8,"endColumn":21},"tokenRange":{"beginToken":{"kind":94,"text":"Model"},"endToken":{"kind":94,"text":"Model"}},"identifier":"Model"}}}}],"name":{"!":"com.github.javaparser.ast.expr.SimpleName","range":{"beginLine":8,"beginColumn":10,"endLine":8,"endColumn":15},"tokenRange":{"beginToken":{"kind":94,"text":"addAll"},"endToken":{"kind":94,"text":"addAll"}},"identifier":"addAll"},"scope":{"!":"com.github.javaparser.ast.expr.NameExpr","range":{"beginLine":8,"beginColumn":6,"endLine":8,"endColumn":8},"tokenRange":{"beginToken":{"kind":94,"text":"set"},"endToken":{"kind":94,"text":"set"}},"name":{"!":"com.github.javaparser.ast.expr.SimpleName","range":{"beginLine":8,"beginColumn":6,"endLine":8,"endColumn":8},"tokenRange":{"beginToken":{"kind":94,"text":"set"},"endToken":{"kind":94,"text":"set"}},"identifier":"set"}}}},{"!":"com.github.javaparser.ast.stmt.ExpressionStmt","range":{"beginLine":9,"beginColumn":6,"endLine":9,"endColumn":67},"tokenRange":{"beginToken":{"kind":94,"text":"set"},"endToken":{"kind":103,"text":";"}},"expression":{"!":"com.github.javaparser.ast.expr.MethodCallExpr","range":{"beginLine":9,"beginColumn":6,"endLine":9,"endColumn":66},"tokenRange":{"beginToken":{"kind":94,"text":"set"},"endToken":{"kind":98,"text":")"}},"arguments":[{"!":"com.github.javaparser.ast.expr.MethodCallExpr","range":{"beginLine":9,"beginColumn":17,"endLine":9,"endColumn":65},"tokenRange":{"beginToken":{"kind":94,"text":"Model"},"endToken":{"kind":98,"text":")"}},"arguments":[{"!":"com.github.javaparser.ast.expr.NameExpr","range":{"beginLine":9,"beginColumn":59,"endLine":9,"endColumn":64},"tokenRange":{"beginToken":{"kind":94,"text":"parent"},"endToken":{"kind":94,"text":"parent"}},"name":{"!":"com.github.javaparser.ast.expr.SimpleName","range":{"beginLine":9,"beginColumn":59,"endLine":9,"endColumn":64},"tokenRange":{"beginToken":{"kind":94,"text":"parent"},"endToken":{"kind":94,"text":"parent"}},"identifier":"parent"}}],"name":{"!":"com.github.javaparser.ast.expr.SimpleName","range":{"beginLine":9,"beginColumn":35,"endLine":9,"endColumn":57},"tokenRange":{"beginToken":{"kind":94,"text":"getSupplierDependencies"},"endToken":{"kind":94,"text":"getSupplierDependencies"}},"identifier":"getSupplierDependencies"},"scope":{"!":"com.github.javaparser.ast.expr.MethodCallExpr","range":{"beginLine":9,"beginColumn":17,"endLine":9,"endColumn":33},"tokenRange":{"beginToken":{"kind":94,"text":"Model"},"endToken":{"kind":98,"text":")"}},"arguments":[],"name":{"!":"com.github.javaparser.ast.expr.SimpleName","range":{"beginLine":9,"beginColumn":23,"endLine":9,"endColumn":31},"tokenRange":{"beginToken":{"kind":94,"text":"getFacade"},"endToken":{"kind":94,"text":"getFacade"}},"identifier":"getFacade"},"scope":{"!":"com.github.javaparser.ast.expr.NameExpr","range":{"beginLine":9,"beginColumn":17,"endLine":9,"endColumn":21},"tokenRange":{"beginToken":{"kind":94,"text":"Model"},"endToken":{"kind":94,"text":"Model"}},"name":{"!":"com.github.javaparser.ast.expr.SimpleName","range":{"beginLine":9,"beginColumn":17,"endLine":9,"endColumn":21},"tokenRange":{"beginToken":{"kind":94,"text":"Model"},"endToken":{"kind":94,"text":"Model"}},"identifier":"Model"}}}}],"name":{"!":"com.github.javaparser.ast.expr.SimpleName","range":{"beginLine":9,"beginColumn":10,"endLine":9,"endColumn":15},"tokenRange":{"beginToken":{"kind":94,"text":"addAll"},"endToken":{"kind":94,"text":"addAll"}},"identifier":"addAll"},"scope":{"!":"com.github.javaparser.ast.expr.NameExpr","range":{"beginLine":9,"beginColumn":6,"endLine":9,"endColumn":8},"tokenRange":{"beginToken":{"kind":94,"text":"set"},"endToken":{"kind":94,"text":"set"}},"name":{"!":"com.github.javaparser.ast.expr.SimpleName","range":{"beginLine":9,"beginColumn":6,"endLine":9,"endColumn":8},"tokenRange":{"beginToken":{"kind":94,"text":"set"},"endToken":{"kind":94,"text":"set"}},"identifier":"set"}}}},{"!":"com.github.javaparser.ast.stmt.ExpressionStmt","range":{"beginLine":10,"beginColumn":6,"endLine":10,"endColumn":65},"tokenRange":{"beginToken":{"kind":94,"text":"set"},"endToken":{"kind":103,"text":";"}},"expression":{"!":"com.github.javaparser.ast.expr.MethodCallExpr","range":{"beginLine":10,"beginColumn":6,"endLine":10,"endColumn":64},"tokenRange":{"beginToken":{"kind":94,"text":"set"},"endToken":{"kind":98,"text":")"}},"arguments":[{"!":"com.github.javaparser.ast.expr.MethodCallExpr","range":{"beginLine":10,"beginColumn":17,"endLine":10,"endColumn":63},"tokenRange":{"beginToken":{"kind":94,"text":"Model"},"endToken":{"kind":98,"text":")"}},"arguments":[{"!":"com.github.javaparser.ast.expr.NameExpr","range":{"beginLine":10,"beginColumn":57,"endLine":10,"endColumn":62},"tokenRange":{"beginToken":{"kind":94,"text":"parent"},"endToken":{"kind":94,"text":"parent"}},"name":{"!":"com.github.javaparser.ast.expr.SimpleName","range":{"beginLine":10,"beginColumn":57,"endLine":10,"endColumn":62},"tokenRange":{"beginToken":{"kind":94,"text":"parent"},"endToken":{"kind":94,"text":"parent"}},"identifier":"parent"}}],"name":{"!":"com.github.javaparser.ast.expr.SimpleName","range":{"beginLine":10,"beginColumn":35,"endLine":10,"endColumn":55},"tokenRange":{"beginToken":{"kind":94,"text":"getClientDependencies"},"endToken":{"kind":94,"text":"getClientDependencies"}},"identifier":"getClientDependencies"},"scope":{"!":"com.github.javaparser.ast.expr.MethodCallExpr","range":{"beginLine":10,"beginColumn":17,"endLine":10,"endColumn":33},"tokenRange":{"beginToken":{"kind":94,"text":"Model"},"endToken":{"kind":98,"text":")"}},"arguments":[],"name":{"!":"com.github.javaparser.ast.expr.SimpleName","range":{"beginLine":10,"beginColumn":23,"endLine":10,"endColumn":31},"tokenRange":{"beginToken":{"kind":94,"text":"getFacade"},"endToken":{"kind":94,"text":"getFacade"}},"identifier":"getFacade"},"scope":{"!":"com.github.javaparser.ast.expr.NameExpr","range":{"beginLine":10,"beginColumn":17,"endLine":10,"endColumn":21},"tokenRange":{"beginToken":{"kind":94,"text":"Model"},"endToken":{"kind":94,"text":"Model"}},"name":{"!":"com.github.javaparser.ast.expr.SimpleName","range":{"beginLine":10,"beginColumn":17,"endLine":10,"endColumn":21},"tokenRange":{"beginToken":{"kind":94,"text":"Model"},"endToken":{"kind":94,"text":"Model"}},"identifier":"Model"}}}}],"name":{"!":"com.github.javaparser.ast.expr.SimpleName","range":{"beginLine":10,"beginColumn":10,"endLine":10,"endColumn":15},"tokenRange":{"beginToken":{"kind":94,"text":"addAll"},"endToken":{"kind":94,"text":"addAll"}},"identifier":"addAll"},"scope":{"!":"com.github.javaparser.ast.expr.NameExpr","range":{"beginLine":10,"beginColumn":6,"endLine":10,"endColumn":8},"tokenRange":{"beginToken":{"kind":94,"text":"set"},"endToken":{"kind":94,"text":"set"}},"name":{"!":"com.github.javaparser.ast.expr.SimpleName","range":{"beginLine":10,"beginColumn":6,"endLine":10,"endColumn":8},"tokenRange":{"beginToken":{"kind":94,"text":"set"},"endToken":{"kind":94,"text":"set"}},"identifier":"set"}}}},{"!":"com.github.javaparser.ast.stmt.ExpressionStmt","range":{"beginLine":11,"beginColumn":6,"endLine":11,"endColumn":62},"tokenRange":{"beginToken":{"kind":94,"text":"set"},"endToken":{"kind":103,"text":";"}},"expression":{"!":"com.github.javaparser.ast.expr.MethodCallExpr","range":{"beginLine":11,"beginColumn":6,"endLine":11,"endColumn":61},"tokenRange":{"beginToken":{"kind":94,"text":"set"},"endToken":{"kind":98,"text":")"}},"arguments":[{"!":"com.github.javaparser.ast.expr.MethodCallExpr","range":{"beginLine":11,"beginColumn":17,"endLine":11,"endColumn":60},"tokenRange":{"beginToken":{"kind":94,"text":"Model"},"endToken":{"kind":98,"text":")"}},"arguments":[{"!":"com.github.javaparser.ast.expr.NameExpr","range":{"beginLine":11,"beginColumn":54,"endLine":11,"endColumn":59},"tokenRange":{"beginToken":{"kind":94,"text":"parent"},"endToken":{"kind":94,"text":"parent"}},"name":{"!":"com.github.javaparser.ast.expr.SimpleName","range":{"beginLine":11,"beginColumn":54,"endLine":11,"endColumn":59},"tokenRange":{"beginToken":{"kind":94,"text":"parent"},"endToken":{"kind":94,"text":"parent"}},"identifier":"parent"}}],"name":{"!":"com.github.javaparser.ast.expr.SimpleName","range":{"beginLine":11,"beginColumn":35,"endLine":11,"endColumn":52},"tokenRange":{"beginToken":{"kind":94,"text":"getGeneralizations"},"endToken":{"kind":94,"text":"getGeneralizations"}},"identifier":"getGeneralizations"},"scope":{"!":"com.github.javaparser.ast.expr.MethodCallExpr","range":{"beginLine":11,"beginColumn":17,"endLine":11,"endColumn":33},"tokenRange":{"beginToken":{"kind":94,"text":"Model"},"endToken":{"kind":98,"text":")"}},"arguments":[],"name":{"!":"com.github.javaparser.ast.expr.SimpleName","range":{"beginLine":11,"beginColumn":23,"endLine":11,"endColumn":31},"tokenRange":{"beginToken":{"kind":94,"text":"getFacade"},"endToken":{"kind":94,"text":"getFacade"}},"identifier":"getFacade"},"scope":{"!":"com.github.javaparser.ast.expr.NameExpr","range":{"beginLine":11,"beginColumn":17,"endLine":11,"endColumn":21},"tokenRange":{"beginToken":{"kind":94,"text":"Model"},"endToken":{"kind":94,"text":"Model"}},"name":{"!":"com.github.javaparser.ast.expr.SimpleName","range":{"beginLine":11,"beginColumn":17,"endLine":11,"endColumn":21},"tokenRange":{"beginToken":{"kind":94,"text":"Model"},"endToken":{"kind":94,"text":"Model"}},"identifier":"Model"}}}}],"name":{"!":"com.github.javaparser.ast.expr.SimpleName","range":{"beginLine":11,"beginColumn":10,"endLine":11,"endColumn":15},"tokenRange":{"beginToken":{"kind":94,"text":"addAll"},"endToken":{"kind":94,"text":"addAll"}},"identifier":"addAll"},"scope":{"!":"com.github.javaparser.ast.expr.NameExpr","range":{"beginLine":11,"beginColumn":6,"endLine":11,"endColumn":8},"tokenRange":{"beginToken":{"kind":94,"text":"set"},"endToken":{"kind":94,"text":"set"}},"name":{"!":"com.github.javaparser.ast.expr.SimpleName","range":{"beginLine":11,"beginColumn":6,"endLine":11,"endColumn":8},"tokenRange":{"beginToken":{"kind":94,"text":"set"},"endToken":{"kind":94,"text":"set"}},"identifier":"set"}}}},{"!":"com.github.javaparser.ast.stmt.ExpressionStmt","range":{"beginLine":12,"beginColumn":6,"endLine":12,"endColumn":62},"tokenRange":{"beginToken":{"kind":94,"text":"set"},"endToken":{"kind":103,"text":";"}},"expression":{"!":"com.github.javaparser.ast.expr.MethodCallExpr","range":{"beginLine":12,"beginColumn":6,"endLine":12,"endColumn":61},"tokenRange":{"beginToken":{"kind":94,"text":"set"},"endToken":{"kind":98,"text":")"}},"arguments":[{"!":"com.github.javaparser.ast.expr.MethodCallExpr","range":{"beginLine":12,"beginColumn":17,"endLine":12,"endColumn":60},"tokenRange":{"beginToken":{"kind":94,"text":"Model"},"endToken":{"kind":98,"text":")"}},"arguments":[{"!":"com.github.javaparser.ast.expr.NameExpr","range":{"beginLine":12,"beginColumn":54,"endLine":12,"endColumn":59},"tokenRange":{"beginToken":{"kind":94,"text":"parent"},"endToken":{"kind":94,"text":"parent"}},"name":{"!":"com.github.javaparser.ast.expr.SimpleName","range":{"beginLine":12,"beginColumn":54,"endLine":12,"endColumn":59},"tokenRange":{"beginToken":{"kind":94,"text":"parent"},"endToken":{"kind":94,"text":"parent"}},"identifier":"parent"}}],"name":{"!":"com.github.javaparser.ast.expr.SimpleName","range":{"beginLine":12,"beginColumn":35,"endLine":12,"endColumn":52},"tokenRange":{"beginToken":{"kind":94,"text":"getSpecializations"},"endToken":{"kind":94,"text":"getSpecializations"}},"identifier":"getSpecializations"},"scope":{"!":"com.github.javaparser.ast.expr.MethodCallExpr","range":{"beginLine":12,"beginColumn":17,"endLine":12,"endColumn":33},"tokenRange":{"beginToken":{"kind":94,"text":"Model"},"endToken":{"kind":98,"text":")"}},"arguments":[],"name":{"!":"com.github.javaparser.ast.expr.SimpleName","range":{"beginLine":12,"beginColumn":23,"endLine":12,"endColumn":31},"tokenRange":{"beginToken":{"kind":94,"text":"getFacade"},"endToken":{"kind":94,"text":"getFacade"}},"identifier":"getFacade"},"scope":{"!":"com.github.javaparser.ast.expr.NameExpr","range":{"beginLine":12,"beginColumn":17,"endLine":12,"endColumn":21},"tokenRange":{"beginToken":{"kind":94,"text":"Model"},"endToken":{"kind":94,"text":"Model"}},"name":{"!":"com.github.javaparser.ast.expr.SimpleName","range":{"beginLine":12,"beginColumn":17,"endLine":12,"endColumn":21},"tokenRange":{"beginToken":{"kind":94,"text":"Model"},"endToken":{"kind":94,"text":"Model"}},"identifier":"Model"}}}}],"name":{"!":"com.github.javaparser.ast.expr.SimpleName","range":{"beginLine":12,"beginColumn":10,"endLine":12,"endColumn":15},"tokenRange":{"beginToken":{"kind":94,"text":"addAll"},"endToken":{"kind":94,"text":"addAll"}},"identifier":"addAll"},"scope":{"!":"com.github.javaparser.ast.expr.NameExpr","range":{"beginLine":12,"beginColumn":6,"endLine":12,"endColumn":8},"tokenRange":{"beginToken":{"kind":94,"text":"set"},"endToken":{"kind":94,"text":"set"}},"name":{"!":"com.github.javaparser.ast.expr.SimpleName","range":{"beginLine":12,"beginColumn":6,"endLine":12,"endColumn":8},"tokenRange":{"beginToken":{"kind":94,"text":"set"},"endToken":{"kind":94,"text":"set"}},"identifier":"set"}}}},{"!":"com.github.javaparser.ast.stmt.ReturnStmt","range":{"beginLine":13,"beginColumn":6,"endLine":13,"endColumn":16},"tokenRange":{"beginToken":{"kind":49,"text":"return"},"endToken":{"kind":103,"text":";"}},"expression":{"!":"com.github.javaparser.ast.expr.NameExpr","range":{"beginLine":13,"beginColumn":13,"endLine":13,"endColumn":15},"tokenRange":{"beginToken":{"kind":94,"text":"set"},"endToken":{"kind":94,"text":"set"}},"name":{"!":"com.github.javaparser.ast.expr.SimpleName","range":{"beginLine":13,"beginColumn":13,"endLine":13,"endColumn":15},"tokenRange":{"beginToken":{"kind":94,"text":"set"},"endToken":{"kind":94,"text":"set"}},"identifier":"set"}}}]}},{"!":"com.github.javaparser.ast.stmt.ReturnStmt","range":{"beginLine":16,"beginColumn":2,"endLine":16,"endColumn":13},"tokenRange":{"beginToken":{"kind":49,"text":"return"},"endToken":{"kind":103,"text":";"}},"expression":{"!":"com.github.javaparser.ast.expr.NullLiteralExpr","range":{"beginLine":16,"beginColumn":9,"endLine":16,"endColumn":12},"tokenRange":{"beginToken":{"kind":43,"text":"null"},"endToken":{"kind":43,"text":"null"}}}}]},"type":{"!":"com.github.javaparser.ast.type.ClassOrInterfaceType","range":{"beginLine":2,"beginColumn":12,"endLine":2,"endColumn":14},"tokenRange":{"beginToken":{"kind":94,"text":"Set"},"endToken":{"kind":94,"text":"Set"}},"name":{"!":"com.github.javaparser.ast.expr.SimpleName","range":{"beginLine":2,"beginColumn":12,"endLine":2,"endColumn":14},"tokenRange":{"beginToken":{"kind":94,"text":"Set"},"endToken":{"kind":94,"text":"Set"}},"identifier":"Set"},"annotations":[]},"modifiers":[{"!":"com.github.javaparser.ast.Modifier","range":{"beginLine":2,"beginColumn":5,"endLine":2,"endColumn":10},"tokenRange":{"beginToken":{"kind":47,"text":"public"},"endToken":{"kind":47,"text":"public"}},"keyword":"PUBLIC"}],"name":{"!":"com.github.javaparser.ast.expr.SimpleName","range":{"beginLine":2,"beginColumn":16,"endLine":2,"endColumn":30},"tokenRange":{"beginToken":{"kind":94,"text":"getDependencies"},"endToken":{"kind":94,"text":"getDependencies"}},"identifier":"getDependencies"},"parameters":[{"!":"com.github.javaparser.ast.body.Parameter","range":{"beginLine":2,"beginColumn":32,"endLine":2,"endColumn":44},"tokenRange":{"beginToken":{"kind":94,"text":"Object"},"endToken":{"kind":94,"text":"parent"}},"annotations":[],"isVarArgs":"false","modifiers":[],"name":{"!":"com.github.javaparser.ast.expr.SimpleName","range":{"beginLine":2,"beginColumn":39,"endLine":2,"endColumn":44},"tokenRange":{"beginToken":{"kind":94,"text":"parent"},"endToken":{"kind":94,"text":"parent"}},"identifier":"parent"},"type":{"!":"com.github.javaparser.ast.type.ClassOrInterfaceType","range":{"beginLine":2,"beginColumn":32,"endLine":2,"endColumn":37},"tokenRange":{"beginToken":{"kind":94,"text":"Object"},"endToken":{"kind":94,"text":"Object"}},"name":{"!":"com.github.javaparser.ast.expr.SimpleName","range":{"beginLine":2,"beginColumn":32,"endLine":2,"endColumn":37},"tokenRange":{"beginToken":{"kind":94,"text":"Object"},"endToken":{"kind":94,"text":"Object"}},"identifier":"Object"},"annotations":[]},"varArgsAnnotations":[]}],"thrownExceptions":[],"typeParameters":[],"annotations":[]}],"modifiers":[],"name":{"!":"com.github.javaparser.ast.expr.SimpleName","range":{"beginLine":1,"beginColumn":7,"endLine":1,"endColumn":10},"tokenRange":{"beginToken":{"kind":94,"text":"Test"},"endToken":{"kind":94,"text":"Test"}},"identifier":"Test"},"annotations":[]}]}