{
  "!": "com.github.javaparser.ast.CompilationUnit",
  "range": {
    "beginLine": 1,
    "beginColumn": 1,
    "endLine": 19,
    "endColumn": 2
  },
  "tokenRange": {
    "beginToken": {
      "kind": 19,
      "text": "class"
    },
    "endToken": {
      "kind": 0,
      "text": ""
    }
  },
  "imports": [],
  "types": [
    {
      "!": "com.github.javaparser.ast.body.ClassOrInterfaceDeclaration",
      "range": {
        "beginLine": 1,
        "beginColumn": 1,
        "endLine": 19,
        "endColumn": 2
      },
      "tokenRange": {
        "beginToken": {
          "kind": 19,
          "text": "class"
        },
        "endToken": {
          "kind": 100,
          "text": "}"
        }
      },
      "extendedTypes": [],
      "implementedTypes": [],
      "isInterface": "false",
      "typeParameters": [],
      "members": [
        {
          "!": "com.github.javaparser.ast.body.MethodDeclaration",
          "range": {
            "beginLine": 2,
            "beginColumn": 5,
            "endLine": 17,
            "endColumn": 5
          },
          "tokenRange": {
            "beginToken": {
              "kind": 107,
              "text": "@"
            },
            "endToken": {
              "kind": 100,
              "text": "}"
            }
          },
          "body": {
            "!": "com.github.javaparser.ast.stmt.BlockStmt",
            "range": {
              "beginLine": 3,
              "beginColumn": 67,
              "endLine": 17,
              "endColumn": 5
            },
            "tokenRange": {
              "beginToken": {
                "kind": 99,
                "text": "{"
              },
              "endToken": {
                "kind": 100,
                "text": "}"
              }
            },
            "statements": [
              {
                "!": "com.github.javaparser.ast.stmt.ExpressionStmt",
                "range": {
                  "beginLine": 4,
                  "beginColumn": 9,
                  "endLine": 15,
                  "endColumn": 10
                },
                "tokenRange": {
                  "beginToken": {
                    "kind": 94,
                    "text": "Thread"
                  },
                  "endToken": {
                    "kind": 103,
                    "text": ";"
                  }
                },
                "expression": {
                  "!": "com.github.javaparser.ast.expr.VariableDeclarationExpr",
                  "range": {
                    "beginLine": 4,
                    "beginColumn": 9,
                    "endLine": 15,
                    "endColumn": 9
                  },
                  "tokenRange": {
                    "beginToken": {
                      "kind": 94,
                      "text": "Thread"
                    },
                    "endToken": {
                      "kind": 100,
                      "text": "}"
                    }
                  },
                  "annotations": [],
                  "modifiers": [],
                  "variables": [
                    {
                      "!": "com.github.javaparser.ast.body.VariableDeclarator",
                      "range": {
                        "beginLine": 4,
                        "beginColumn": 16,
                        "endLine": 15,
                        "endColumn": 9
                      },
                      "tokenRange": {
                        "beginToken": {
                          "kind": 94,
                          "text": "t"
                        },
                        "endToken": {
                          "kind": 100,
                          "text": "}"
                        }
                      },
                      "initializer": {
                        "!": "com.github.javaparser.ast.expr.ObjectCreationExpr",
                        "range": {
                          "beginLine": 4,
                          "beginColumn": 20,
                          "endLine": 15,
                          "endColumn": 9
                        },
                        "tokenRange": {
                          "beginToken": {
                            "kind": 42,
                            "text": "new"
                          },
                          "endToken": {
                            "kind": 100,
                            "text": "}"
                          }
                        },
                        "anonymousClassBody": [
                          {
                            "!": "com.github.javaparser.ast.body.MethodDeclaration",
                            "range": {
                              "beginLine": 5,
                              "beginColumn": 13,
                              "endLine": 14,
                              "endColumn": 13
                            },
                            "tokenRange": {
                              "beginToken": {
                                "kind": 107,
                                "text": "@"
                              },
                              "endToken": {
                                "kind": 100,
                                "text": "}"
                              }
                            },
                            "body": {
                              "!": "com.github.javaparser.ast.stmt.BlockStmt",
                              "range": {
                                "beginLine": 6,
                                "beginColumn": 31,
                                "endLine": 14,
                                "endColumn": 13
                              },
                              "tokenRange": {
                                "beginToken": {
                                  "kind": 99,
                                  "text": "{"
                                },
                                "endToken": {
                                  "kind": 100,
                                  "text": "}"
                                }
                              },
                              "statements": [
                                {
                                  "!": "com.github.javaparser.ast.stmt.TryStmt",
                                  "range": {
                                    "beginLine": 7,
                                    "beginColumn": 17,
                                    "endLine": 13,
                                    "endColumn": 17
                                  },
                                  "tokenRange": {
                                    "beginToken": {
                                      "kind": 61,
                                      "text": "try"
                                    },
                                    "endToken": {
                                      "kind": 100,
                                      "text": "}"
                                    }
                                  },
                                  "catchClauses": [],
                                  "finallyBlock": {
                                    "!": "com.github.javaparser.ast.stmt.BlockStmt",
                                    "range": {
                                      "beginLine": 11,
                                      "beginColumn": 27,
                                      "endLine": 13,
                                      "endColumn": 17
                                    },
                                    "tokenRange": {
                                      "beginToken": {
                                        "kind": 99,
                                        "text": "{"
                                      },
                                      "endToken": {
                                        "kind": 100,
                                        "text": "}"
                                      }
                                    },
                                    "statements": [
                                      {
                                        "!": "com.github.javaparser.ast.stmt.ExpressionStmt",
                                        "range": {
                                          "beginLine": 12,
                                          "beginColumn": 21,
                                          "endLine": 12,
                                          "endColumn": 55
                                        },
                                        "tokenRange": {
                                          "beginToken": {
                                            "kind": 94,
                                            "text": "ActiveTestSuite"
                                          },
                                          "endToken": {
                                            "kind": 103,
                                            "text": ";"
                                          }
                                        },
                                        "expression": {
                                          "!": "com.github.javaparser.ast.expr.MethodCallExpr",
                                          "range": {
                                            "beginLine": 12,
                                            "beginColumn": 21,
                                            "endLine": 12,
                                            "endColumn": 54
                                          },
                                          "tokenRange": {
                                            "beginToken": {
                                              "kind": 94,
                                              "text": "ActiveTestSuite"
                                            },
                                            "endToken": {
                                              "kind": 98,
                                              "text": ")"
                                            }
                                          },
                                          "arguments": [],
                                          "name": {
                                            "!": "com.github.javaparser.ast.expr.SimpleName",
                                            "range": {
                                              "beginLine": 12,
                                              "beginColumn": 42,
                                              "endLine": 12,
                                              "endColumn": 52
                                            },
                                            "tokenRange": {
                                              "beginToken": {
                                                "kind": 94,
                                                "text": "runFinished"
                                              },
                                              "endToken": {
                                                "kind": 94,
                                                "text": "runFinished"
                                              }
                                            },
                                            "identifier": "runFinished"
                                          },
                                          "scope": {
                                            "!": "com.github.javaparser.ast.expr.ThisExpr",
                                            "range": {
                                              "beginLine": 12,
                                              "beginColumn": 21,
                                              "endLine": 12,
                                              "endColumn": 40
                                            },
                                            "tokenRange": {
                                              "beginToken": {
                                                "kind": 94,
                                                "text": "ActiveTestSuite"
                                              },
                                              "endToken": {
                                                "kind": 56,
                                                "text": "this"
                                              }
                                            },
                                            "typeName": {
                                              "!": "com.github.javaparser.ast.expr.Name",
                                              "range": {
                                                "beginLine": 12,
                                                "beginColumn": 21,
                                                "endLine": 12,
                                                "endColumn": 35
                                              },
                                              "tokenRange": {
                                                "beginToken": {
                                                  "kind": 94,
                                                  "text": "ActiveTestSuite"
                                                },
                                                "endToken": {
                                                  "kind": 94,
                                                  "text": "ActiveTestSuite"
                                                }
                                              },
                                              "identifier": "ActiveTestSuite"
                                            }
                                          }
                                        }
                                      }
                                    ]
                                  },
                                  "resources": [],
                                  "tryBlock": {
                                    "!": "com.github.javaparser.ast.stmt.BlockStmt",
                                    "range": {
                                      "beginLine": 7,
                                      "beginColumn": 21,
                                      "endLine": 11,
                                      "endColumn": 17
                                    },
                                    "tokenRange": {
                                      "beginToken": {
                                        "kind": 99,
                                        "text": "{"
                                      },
                                      "endToken": {
                                        "kind": 100,
                                        "text": "}"
                                      }
                                    },
                                    "statements": [
                                      {
                                        "!": "com.github.javaparser.ast.stmt.ExpressionStmt",
                                        "range": {
                                          "beginLine": 10,
                                          "beginColumn": 21,
                                          "endLine": 10,
                                          "endColumn": 37
                                        },
                                        "tokenRange": {
                                          "beginToken": {
                                            "kind": 94,
                                            "text": "test"
                                          },
                                          "endToken": {
                                            "kind": 103,
                                            "text": ";"
                                          }
                                        },
                                        "expression": {
                                          "!": "com.github.javaparser.ast.expr.MethodCallExpr",
                                          "range": {
                                            "beginLine": 10,
                                            "beginColumn": 21,
                                            "endLine": 10,
                                            "endColumn": 36
                                          },
                                          "tokenRange": {
                                            "beginToken": {
                                              "kind": 94,
                                              "text": "test"
                                            },
                                            "endToken": {
                                              "kind": 98,
                                              "text": ")"
                                            }
                                          },
                                          "arguments": [
                                            {
                                              "!": "com.github.javaparser.ast.expr.NameExpr",
                                              "range": {
                                                "beginLine": 10,
                                                "beginColumn": 30,
                                                "endLine": 10,
                                                "endColumn": 35
                                              },
                                              "tokenRange": {
                                                "beginToken": {
                                                  "kind": 94,
                                                  "text": "result"
                                                },
                                                "endToken": {
                                                  "kind": 94,
                                                  "text": "result"
                                                }
                                              },
                                              "name": {
                                                "!": "com.github.javaparser.ast.expr.SimpleName",
                                                "range": {
                                                  "beginLine": 10,
                                                  "beginColumn": 30,
                                                  "endLine": 10,
                                                  "endColumn": 35
                                                },
                                                "tokenRange": {
                                                  "beginToken": {
                                                    "kind": 94,
                                                    "text": "result"
                                                  },
                                                  "endToken": {
                                                    "kind": 94,
                                                    "text": "result"
                                                  }
                                                },
                                                "identifier": "result"
                                              }
                                            }
                                          ],
                                          "name": {
                                            "!": "com.github.javaparser.ast.expr.SimpleName",
                                            "range": {
                                              "beginLine": 10,
                                              "beginColumn": 26,
                                              "endLine": 10,
                                              "endColumn": 28
                                            },
                                            "tokenRange": {
                                              "beginToken": {
                                                "kind": 94,
                                                "text": "run"
                                              },
                                              "endToken": {
                                                "kind": 94,
                                                "text": "run"
                                              }
                                            },
                                            "identifier": "run"
                                          },
                                          "scope": {
                                            "!": "com.github.javaparser.ast.expr.NameExpr",
                                            "range": {
                                              "beginLine": 10,
                                              "beginColumn": 21,
                                              "endLine": 10,
                                              "endColumn": 24
                                            },
                                            "tokenRange": {
                                              "beginToken": {
                                                "kind": 94,
                                                "text": "test"
                                              },
                                              "endToken": {
                                                "kind": 94,
                                                "text": "test"
                                              }
                                            },
                                            "name": {
                                              "!": "com.github.javaparser.ast.expr.SimpleName",
                                              "range": {
                                                "beginLine": 10,
                                                "beginColumn": 21,
                                                "endLine": 10,
                                                "endColumn": 24
                                              },
                                              "tokenRange": {
                                                "beginToken": {
                                                  "kind": 94,
                                                  "text": "test"
                                                },
                                                "endToken": {
                                                  "kind": 94,
                                                  "text": "test"
                                                }
                                              },
                                              "identifier": "test"
                                            }
                                          }
                                        },
                                        "comment": [{
                                          "!": "com.github.javaparser.ast.comments.LineComment",
                                          "range": {
                                            "beginLine": 9,
                                            "beginColumn": 21,
                                            "endLine": 9,
                                            "endColumn": 66
                                          },
                                          "tokenRange": {
                                            "beginToken": {
                                              "kind": 5,
                                              "text": "//ActiveTestSuite.super.runTest(test, result);"
                                            },
                                            "endToken": {
                                              "kind": 5,
                                              "text": "//ActiveTestSuite.super.runTest(test, result);"
                                            }
                                          },
                                          "content": "ActiveTestSuite.super.runTest(test, result);"
                                        }, {
                                          "!": "com.github.javaparser.ast.comments.LineComment",
                                          "range": {
                                            "beginLine": 8,
                                            "beginColumn": 21,
                                            "endLine": 8,
                                            "endColumn": 59
                                          },
                                          "tokenRange": {
                                            "beginToken": {
                                              "kind": 5,
                                              "text": "//ActiveTestSuite.super.runTest(test, result);"
                                            },
                                            "endToken": {
                                              "kind": 5,
                                              "text": "//ActiveTestSuite.super.runTest(test, result);"
                                            }
                                          },
                                          "content": "ActiveTestSuite.super.runTest(test, result);"
                                        }]
                                      }
                                    ]
                                  }
                                }
                              ]
                            },
                            "type": {
                              "!": "com.github.javaparser.ast.type.VoidType",
                              "range": {
                                "beginLine": 6,
                                "beginColumn": 20,
                                "endLine": 6,
                                "endColumn": 23
                              },
                              "tokenRange": {
                                "beginToken": {
                                  "kind": 62,
                                  "text": "void"
                                },
                                "endToken": {
                                  "kind": 62,
                                  "text": "void"
                                }
                              },
                              "annotations": []
                            },
                            "modifiers": [
                              {
                                "!": "com.github.javaparser.ast.Modifier",
                                "range": {
                                  "beginLine": 6,
                                  "beginColumn": 13,
                                  "endLine": 6,
                                  "endColumn": 18
                                },
                                "tokenRange": {
                                  "beginToken": {
                                    "kind": 47,
                                    "text": "public"
                                  },
                                  "endToken": {
                                    "kind": 47,
                                    "text": "public"
                                  }
                                },
                                "keyword": "PUBLIC"
                              }
                            ],
                            "name": {
                              "!": "com.github.javaparser.ast.expr.SimpleName",
                              "range": {
                                "beginLine": 6,
                                "beginColumn": 25,
                                "endLine": 6,
                                "endColumn": 27
                              },
                              "tokenRange": {
                                "beginToken": {
                                  "kind": 94,
                                  "text": "run"
                                },
                                "endToken": {
                                  "kind": 94,
                                  "text": "run"
                                }
                              },
                              "identifier": "run"
                            },
                            "parameters": [],
                            "thrownExceptions": [],
                            "typeParameters": [],
                            "annotations": [
                              {
                                "!": "com.github.javaparser.ast.expr.MarkerAnnotationExpr",
                                "range": {
                                  "beginLine": 5,
                                  "beginColumn": 13,
                                  "endLine": 5,
                                  "endColumn": 21
                                },
                                "tokenRange": {
                                  "beginToken": {
                                    "kind": 107,
                                    "text": "@"
                                  },
                                  "endToken": {
                                    "kind": 94,
                                    "text": "Override"
                                  }
                                },
                                "name": {
                                  "!": "com.github.javaparser.ast.expr.Name",
                                  "range": {
                                    "beginLine": 5,
                                    "beginColumn": 14,
                                    "endLine": 5,
                                    "endColumn": 21
                                  },
                                  "tokenRange": {
                                    "beginToken": {
                                      "kind": 94,
                                      "text": "Override"
                                    },
                                    "endToken": {
                                      "kind": 94,
                                      "text": "Override"
                                    }
                                  },
                                  "identifier": "Override"
                                }
                              }
                            ]
                          }
                        ],
                        "arguments": [],
                        "type": {
                          "!": "com.github.javaparser.ast.type.ClassOrInterfaceType",
                          "range": {
                            "beginLine": 4,
                            "beginColumn": 24,
                            "endLine": 4,
                            "endColumn": 29
                          },
                          "tokenRange": {
                            "beginToken": {
                              "kind": 94,
                              "text": "Thread"
                            },
                            "endToken": {
                              "kind": 94,
                              "text": "Thread"
                            }
                          },
                          "name": {
                            "!": "com.github.javaparser.ast.expr.SimpleName",
                            "range": {
                              "beginLine": 4,
                              "beginColumn": 24,
                              "endLine": 4,
                              "endColumn": 29
                            },
                            "tokenRange": {
                              "beginToken": {
                                "kind": 94,
                                "text": "Thread"
                              },
                              "endToken": {
                                "kind": 94,
                                "text": "Thread"
                              }
                            },
                            "identifier": "Thread"
                          },
                          "annotations": []
                        }
                      },
                      "name": {
                        "!": "com.github.javaparser.ast.expr.SimpleName",
                        "range": {
                          "beginLine": 4,
                          "beginColumn": 16,
                          "endLine": 4,
                          "endColumn": 16
                        },
                        "tokenRange": {
                          "beginToken": {
                            "kind": 94,
                            "text": "t"
                          },
                          "endToken": {
                            "kind": 94,
                            "text": "t"
                          }
                        },
                        "identifier": "t"
                      },
                      "type": {
                        "!": "com.github.javaparser.ast.type.ClassOrInterfaceType",
                        "range": {
                          "beginLine": 4,
                          "beginColumn": 9,
                          "endLine": 4,
                          "endColumn": 14
                        },
                        "tokenRange": {
                          "beginToken": {
                            "kind": 94,
                            "text": "Thread"
                          },
                          "endToken": {
                            "kind": 94,
                            "text": "Thread"
                          }
                        },
                        "name": {
                          "!": "com.github.javaparser.ast.expr.SimpleName",
                          "range": {
                            "beginLine": 4,
                            "beginColumn": 9,
                            "endLine": 4,
                            "endColumn": 14
                          },
                          "tokenRange": {
                            "beginToken": {
                              "kind": 94,
                              "text": "Thread"
                            },
                            "endToken": {
                              "kind": 94,
                              "text": "Thread"
                            }
                          },
                          "identifier": "Thread"
                        },
                        "annotations": []
                      }
                    }
                  ]
                }
              },
              {
                "!": "com.github.javaparser.ast.stmt.ExpressionStmt",
                "range": {
                  "beginLine": 16,
                  "beginColumn": 9,
                  "endLine": 16,
                  "endColumn": 18
                },
                "tokenRange": {
                  "beginToken": {
                    "kind": 94,
                    "text": "t"
                  },
                  "endToken": {
                    "kind": 103,
                    "text": ";"
                  }
                },
                "expression": {
                  "!": "com.github.javaparser.ast.expr.MethodCallExpr",
                  "range": {
                    "beginLine": 16,
                    "beginColumn": 9,
                    "endLine": 16,
                    "endColumn": 17
                  },
                  "tokenRange": {
                    "beginToken": {
                      "kind": 94,
                      "text": "t"
                    },
                    "endToken": {
                      "kind": 98,
                      "text": ")"
                    }
                  },
                  "arguments": [],
                  "name": {
                    "!": "com.github.javaparser.ast.expr.SimpleName",
                    "range": {
                      "beginLine": 16,
                      "beginColumn": 11,
                      "endLine": 16,
                      "endColumn": 15
                    },
                    "tokenRange": {
                      "beginToken": {
                        "kind": 94,
                        "text": "start"
                      },
                      "endToken": {
                        "kind": 94,
                        "text": "start"
                      }
                    },
                    "identifier": "start"
                  },
                  "scope": {
                    "!": "com.github.javaparser.ast.expr.NameExpr",
                    "range": {
                      "beginLine": 16,
                      "beginColumn": 9,
                      "endLine": 16,
                      "endColumn": 9
                    },
                    "tokenRange": {
                      "beginToken": {
                        "kind": 94,
                        "text": "t"
                      },
                      "endToken": {
                        "kind": 94,
                        "text": "t"
                      }
                    },
                    "name": {
                      "!": "com.github.javaparser.ast.expr.SimpleName",
                      "range": {
                        "beginLine": 16,
                        "beginColumn": 9,
                        "endLine": 16,
                        "endColumn": 9
                      },
                      "tokenRange": {
                        "beginToken": {
                          "kind": 94,
                          "text": "t"
                        },
                        "endToken": {
                          "kind": 94,
                          "text": "t"
                        }
                      },
                      "identifier": "t"
                    }
                  }
                }
              }
            ]
          },
          "type": {
            "!": "com.github.javaparser.ast.type.VoidType",
            "range": {
              "beginLine": 3,
              "beginColumn": 12,
              "endLine": 3,
              "endColumn": 15
            },
            "tokenRange": {
              "beginToken": {
                "kind": 62,
                "text": "void"
              },
              "endToken": {
                "kind": 62,
                "text": "void"
              }
            },
            "annotations": []
          },
          "modifiers": [
            {
              "!": "com.github.javaparser.ast.Modifier",
              "range": {
                "beginLine": 3,
                "beginColumn": 5,
                "endLine": 3,
                "endColumn": 10
              },
              "tokenRange": {
                "beginToken": {
                  "kind": 47,
                  "text": "public"
                },
                "endToken": {
                  "kind": 47,
                  "text": "public"
                }
              },
              "keyword": "PUBLIC"
            }
          ],
          "name": {
            "!": "com.github.javaparser.ast.expr.SimpleName",
            "range": {
              "beginLine": 3,
              "beginColumn": 17,
              "endLine": 3,
              "endColumn": 23
            },
            "tokenRange": {
              "beginToken": {
                "kind": 94,
                "text": "runTest"
              },
              "endToken": {
                "kind": 94,
                "text": "runTest"
              }
            },
            "identifier": "runTest"
          },
          "parameters": [
            {
              "!": "com.github.javaparser.ast.body.Parameter",
              "range": {
                "beginLine": 3,
                "beginColumn": 25,
                "endLine": 3,
                "endColumn": 39
              },
              "tokenRange": {
                "beginToken": {
                  "kind": 29,
                  "text": "final"
                },
                "endToken": {
                  "kind": 94,
                  "text": "test"
                }
              },
              "annotations": [],
              "isVarArgs": "false",
              "modifiers": [
                {
                  "!": "com.github.javaparser.ast.Modifier",
                  "range": {
                    "beginLine": 3,
                    "beginColumn": 25,
                    "endLine": 3,
                    "endColumn": 29
                  },
                  "tokenRange": {
                    "beginToken": {
                      "kind": 29,
                      "text": "final"
                    },
                    "endToken": {
                      "kind": 29,
                      "text": "final"
                    }
                  },
                  "keyword": "FINAL"
                }
              ],
              "name": {
                "!": "com.github.javaparser.ast.expr.SimpleName",
                "range": {
                  "beginLine": 3,
                  "beginColumn": 36,
                  "endLine": 3,
                  "endColumn": 39
                },
                "tokenRange": {
                  "beginToken": {
                    "kind": 94,
                    "text": "test"
                  },
                  "endToken": {
                    "kind": 94,
                    "text": "test"
                  }
                },
                "identifier": "test"
              },
              "type": {
                "!": "com.github.javaparser.ast.type.ClassOrInterfaceType",
                "range": {
                  "beginLine": 3,
                  "beginColumn": 31,
                  "endLine": 3,
                  "endColumn": 34
                },
                "tokenRange": {
                  "beginToken": {
                    "kind": 94,
                    "text": "Test"
                  },
                  "endToken": {
                    "kind": 94,
                    "text": "Test"
                  }
                },
                "name": {
                  "!": "com.github.javaparser.ast.expr.SimpleName",
                  "range": {
                    "beginLine": 3,
                    "beginColumn": 31,
                    "endLine": 3,
                    "endColumn": 34
                  },
                  "tokenRange": {
                    "beginToken": {
                      "kind": 94,
                      "text": "Test"
                    },
                    "endToken": {
                      "kind": 94,
                      "text": "Test"
                    }
                  },
                  "identifier": "Test"
                },
                "annotations": []
              },
              "varArgsAnnotations": []
            },
            {
              "!": "com.github.javaparser.ast.body.Parameter",
              "range": {
                "beginLine": 3,
                "beginColumn": 42,
                "endLine": 3,
                "endColumn": 64
              },
              "tokenRange": {
                "beginToken": {
                  "kind": 29,
                  "text": "final"
                },
                "endToken": {
                  "kind": 94,
                  "text": "result"
                }
              },
              "annotations": [],
              "isVarArgs": "false",
              "modifiers": [
                {
                  "!": "com.github.javaparser.ast.Modifier",
                  "range": {
                    "beginLine": 3,
                    "beginColumn": 42,
                    "endLine": 3,
                    "endColumn": 46
                  },
                  "tokenRange": {
                    "beginToken": {
                      "kind": 29,
                      "text": "final"
                    },
                    "endToken": {
                      "kind": 29,
                      "text": "final"
                    }
                  },
                  "keyword": "FINAL"
                }
              ],
              "name": {
                "!": "com.github.javaparser.ast.expr.SimpleName",
                "range": {
                  "beginLine": 3,
                  "beginColumn": 59,
                  "endLine": 3,
                  "endColumn": 64
                },
                "tokenRange": {
                  "beginToken": {
                    "kind": 94,
                    "text": "result"
                  },
                  "endToken": {
                    "kind": 94,
                    "text": "result"
                  }
                },
                "identifier": "result"
              },
              "type": {
                "!": "com.github.javaparser.ast.type.ClassOrInterfaceType",
                "range": {
                  "beginLine": 3,
                  "beginColumn": 48,
                  "endLine": 3,
                  "endColumn": 57
                },
                "tokenRange": {
                  "beginToken": {
                    "kind": 94,
                    "text": "TestResult"
                  },
                  "endToken": {
                    "kind": 94,
                    "text": "TestResult"
                  }
                },
                "name": {
                  "!": "com.github.javaparser.ast.expr.SimpleName",
                  "range": {
                    "beginLine": 3,
                    "beginColumn": 48,
                    "endLine": 3,
                    "endColumn": 57
                  },
                  "tokenRange": {
                    "beginToken": {
                      "kind": 94,
                      "text": "TestResult"
                    },
                    "endToken": {
                      "kind": 94,
                      "text": "TestResult"
                    }
                  },
                  "identifier": "TestResult"
                },
                "annotations": []
              },
              "varArgsAnnotations": []
            }
          ],
          "thrownExceptions": [],
          "typeParameters": [],
          "annotations": [
            {
              "!": "com.github.javaparser.ast.expr.MarkerAnnotationExpr",
              "range": {
                "beginLine": 2,
                "beginColumn": 5,
                "endLine": 2,
                "endColumn": 13
              },
              "tokenRange": {
                "beginToken": {
                  "kind": 107,
                  "text": "@"
                },
                "endToken": {
                  "kind": 94,
                  "text": "Override"
                }
              },
              "name": {
                "!": "com.github.javaparser.ast.expr.Name",
                "range": {
                  "beginLine": 2,
                  "beginColumn": 6,
                  "endLine": 2,
                  "endColumn": 13
                },
                "tokenRange": {
                  "beginToken": {
                    "kind": 94,
                    "text": "Override"
                  },
                  "endToken": {
                    "kind": 94,
                    "text": "Override"
                  }
                },
                "identifier": "Override"
              }
            }
          ]
        }
      ],
      "modifiers": [],
      "name": {
        "!": "com.github.javaparser.ast.expr.SimpleName",
        "range": {
          "beginLine": 1,
          "beginColumn": 7,
          "endLine": 1,
          "endColumn": 10
        },
        "tokenRange": {
          "beginToken": {
            "kind": 94,
            "text": "Test"
          },
          "endToken": {
            "kind": 94,
            "text": "Test"
          }
        },
        "identifier": "Test"
      },
      "annotations": []
    }
  ]
}