{"!":"com.github.javaparser.ast.CompilationUnit","range":{"beginLine":1,"beginColumn":1,"endLine":45,"endColumn":2},"tokenRange":{"beginToken":{"kind":19,"text":"class"},"endToken":{"kind":0,"text":""}},"imports":[],"types":[{"!":"com.github.javaparser.ast.body.ClassOrInterfaceDeclaration","range":{"beginLine":1,"beginColumn":1,"endLine":45,"endColumn":2},"tokenRange":{"beginToken":{"kind":19,"text":"class"},"endToken":{"kind":100,"text":"}"}},"extendedTypes":[],"implementedTypes":[],"isInterface":"false","typeParameters":[],"members":[{"!":"com.github.javaparser.ast.body.MethodDeclaration","range":{"beginLine":11,"beginColumn":5,"endLine":43,"endColumn":5},"tokenRange":{"beginToken":{"kind":47,"text":"public"},"endToken":{"kind":100,"text":"}"}},"body":{"!":"com.github.javaparser.ast.stmt.BlockStmt","range":{"beginLine":12,"beginColumn":26,"endLine":43,"endColumn":5},"tokenRange":{"beginToken":{"kind":99,"text":"{"},"endToken":{"kind":100,"text":"}"}},"statements":[{"!":"com.github.javaparser.ast.stmt.ExpressionStmt","range":{"beginLine":13,"beginColumn":9,"endLine":13,"endColumn":57},"tokenRange":{"beginToken":{"kind":94,"text":"ParamChecks"},"endToken":{"kind":103,"text":";"}},"expression":{"!":"com.github.javaparser.ast.expr.MethodCallExpr","range":{"beginLine":13,"beginColumn":9,"endLine":13,"endColumn":56},"tokenRange":{"beginToken":{"kind":94,"text":"ParamChecks"},"endToken":{"kind":98,"text":")"}},"arguments":[{"!":"com.github.javaparser.ast.expr.NameExpr","range":{"beginLine":13,"beginColumn":38,"endLine":13,"endColumn":44},"tokenRange":{"beginToken":{"kind":94,"text":"dataset"},"endToken":{"kind":94,"text":"dataset"}},"name":{"!":"com.github.javaparser.ast.expr.SimpleName","range":{"beginLine":13,"beginColumn":38,"endLine":13,"endColumn":44},"tokenRange":{"beginToken":{"kind":94,"text":"dataset"},"endToken":{"kind":94,"text":"dataset"}},"identifier":"dataset"}},{"!":"com.github.javaparser.ast.expr.StringLiteralExpr","range":{"beginLine":13,"beginColumn":47,"endLine":13,"endColumn":55},"tokenRange":{"beginToken":{"kind":90,"text":"\"dataset\""},"endToken":{"kind":90,"text":"\"dataset\""}},"value":"dataset"}],"name":{"!":"com.github.javaparser.ast.expr.SimpleName","range":{"beginLine":13,"beginColumn":21,"endLine":13,"endColumn":36},"tokenRange":{"beginToken":{"kind":94,"text":"nullNotPermitted"},"endToken":{"kind":94,"text":"nullNotPermitted"}},"identifier":"nullNotPermitted"},"scope":{"!":"com.github.javaparser.ast.expr.NameExpr","range":{"beginLine":13,"beginColumn":9,"endLine":13,"endColumn":19},"tokenRange":{"beginToken":{"kind":94,"text":"ParamChecks"},"endToken":{"kind":94,"text":"ParamChecks"}},"name":{"!":"com.github.javaparser.ast.expr.SimpleName","range":{"beginLine":13,"beginColumn":9,"endLine":13,"endColumn":19},"tokenRange":{"beginToken":{"kind":94,"text":"ParamChecks"},"endToken":{"kind":94,"text":"ParamChecks"}},"identifier":"ParamChecks"}}}},{"!":"com.github.javaparser.ast.stmt.ExpressionStmt","range":{"beginLine":14,"beginColumn":9,"endLine":14,"endColumn":28},"tokenRange":{"beginToken":{"kind":94,"text":"Range"},"endToken":{"kind":103,"text":";"}},"expression":{"!":"com.github.javaparser.ast.expr.VariableDeclarationExpr","range":{"beginLine":14,"beginColumn":9,"endLine":14,"endColumn":27},"tokenRange":{"beginToken":{"kind":94,"text":"Range"},"endToken":{"kind":43,"text":"null"}},"annotations":[],"modifiers":[],"variables":[{"!":"com.github.javaparser.ast.body.VariableDeclarator","range":{"beginLine":14,"beginColumn":15,"endLine":14,"endColumn":27},"tokenRange":{"beginToken":{"kind":94,"text":"result"},"endToken":{"kind":43,"text":"null"}},"initializer":{"!":"com.github.javaparser.ast.expr.NullLiteralExpr","range":{"beginLine":14,"beginColumn":24,"endLine":14,"endColumn":27},"tokenRange":{"beginToken":{"kind":43,"text":"null"},"endToken":{"kind":43,"text":"null"}}},"name":{"!":"com.github.javaparser.ast.expr.SimpleName","range":{"beginLine":14,"beginColumn":15,"endLine":14,"endColumn":20},"tokenRange":{"beginToken":{"kind":94,"text":"result"},"endToken":{"kind":94,"text":"result"}},"identifier":"result"},"type":{"!":"com.github.javaparser.ast.type.ClassOrInterfaceType","range":{"beginLine":14,"beginColumn":9,"endLine":14,"endColumn":13},"tokenRange":{"beginToken":{"kind":94,"text":"Range"},"endToken":{"kind":94,"text":"Range"}},"name":{"!":"com.github.javaparser.ast.expr.SimpleName","range":{"beginLine":14,"beginColumn":9,"endLine":14,"endColumn":13},"tokenRange":{"beginToken":{"kind":94,"text":"Range"},"endToken":{"kind":94,"text":"Range"}},"identifier":"Range"},"annotations":[]}}]}},{"!":"com.github.javaparser.ast.stmt.ExpressionStmt","range":{"beginLine":15,"beginColumn":9,"endLine":15,"endColumn":50},"tokenRange":{"beginToken":{"kind":24,"text":"double"},"endToken":{"kind":103,"text":";"}},"expression":{"!":"com.github.javaparser.ast.expr.VariableDeclarationExpr","range":{"beginLine":15,"beginColumn":9,"endLine":15,"endColumn":49},"tokenRange":{"beginToken":{"kind":24,"text":"double"},"endToken":{"kind":94,"text":"POSITIVE_INFINITY"}},"annotations":[],"modifiers":[],"variables":[{"!":"com.github.javaparser.ast.body.VariableDeclarator","range":{"beginLine":15,"beginColumn":16,"endLine":15,"endColumn":49},"tokenRange":{"beginToken":{"kind":94,"text":"minimum"},"endToken":{"kind":94,"text":"POSITIVE_INFINITY"}},"initializer":{"!":"com.github.javaparser.ast.expr.FieldAccessExpr","range":{"beginLine":15,"beginColumn":26,"endLine":15,"endColumn":49},"tokenRange":{"beginToken":{"kind":94,"text":"Double"},"endToken":{"kind":94,"text":"POSITIVE_INFINITY"}},"name":{"!":"com.github.javaparser.ast.expr.SimpleName","range":{"beginLine":15,"beginColumn":33,"endLine":15,"endColumn":49},"tokenRange":{"beginToken":{"kind":94,"text":"POSITIVE_INFINITY"},"endToken":{"kind":94,"text":"POSITIVE_INFINITY"}},"identifier":"POSITIVE_INFINITY"},"scope":{"!":"com.github.javaparser.ast.expr.NameExpr","range":{"beginLine":15,"beginColumn":26,"endLine":15,"endColumn":31},"tokenRange":{"beginToken":{"kind":94,"text":"Double"},"endToken":{"kind":94,"text":"Double"}},"name":{"!":"com.github.javaparser.ast.expr.SimpleName","range":{"beginLine":15,"beginColumn":26,"endLine":15,"endColumn":31},"tokenRange":{"beginToken":{"kind":94,"text":"Double"},"endToken":{"kind":94,"text":"Double"}},"identifier":"Double"}}},"name":{"!":"com.github.javaparser.ast.expr.SimpleName","range":{"beginLine":15,"beginColumn":16,"endLine":15,"endColumn":22},"tokenRange":{"beginToken":{"kind":94,"text":"minimum"},"endToken":{"kind":94,"text":"minimum"}},"identifier":"minimum"},"type":{"!":"com.github.javaparser.ast.type.PrimitiveType","range":{"beginLine":15,"beginColumn":9,"endLine":15,"endColumn":14},"tokenRange":{"beginToken":{"kind":24,"text":"double"},"endToken":{"kind":24,"text":"double"}},"type":"DOUBLE","annotations":[]}}]}},{"!":"com.github.javaparser.ast.stmt.ExpressionStmt","range":{"beginLine":16,"beginColumn":9,"endLine":16,"endColumn":50},"tokenRange":{"beginToken":{"kind":24,"text":"double"},"endToken":{"kind":103,"text":";"}},"expression":{"!":"com.github.javaparser.ast.expr.VariableDeclarationExpr","range":{"beginLine":16,"beginColumn":9,"endLine":16,"endColumn":49},"tokenRange":{"beginToken":{"kind":24,"text":"double"},"endToken":{"kind":94,"text":"NEGATIVE_INFINITY"}},"annotations":[],"modifiers":[],"variables":[{"!":"com.github.javaparser.ast.body.VariableDeclarator","range":{"beginLine":16,"beginColumn":16,"endLine":16,"endColumn":49},"tokenRange":{"beginToken":{"kind":94,"text":"maximum"},"endToken":{"kind":94,"text":"NEGATIVE_INFINITY"}},"initializer":{"!":"com.github.javaparser.ast.expr.FieldAccessExpr","range":{"beginLine":16,"beginColumn":26,"endLine":16,"endColumn":49},"tokenRange":{"beginToken":{"kind":94,"text":"Double"},"endToken":{"kind":94,"text":"NEGATIVE_INFINITY"}},"name":{"!":"com.github.javaparser.ast.expr.SimpleName","range":{"beginLine":16,"beginColumn":33,"endLine":16,"endColumn":49},"tokenRange":{"beginToken":{"kind":94,"text":"NEGATIVE_INFINITY"},"endToken":{"kind":94,"text":"NEGATIVE_INFINITY"}},"identifier":"NEGATIVE_INFINITY"},"scope":{"!":"com.github.javaparser.ast.expr.NameExpr","range":{"beginLine":16,"beginColumn":26,"endLine":16,"endColumn":31},"tokenRange":{"beginToken":{"kind":94,"text":"Double"},"endToken":{"kind":94,"text":"Double"}},"name":{"!":"com.github.javaparser.ast.expr.SimpleName","range":{"beginLine":16,"beginColumn":26,"endLine":16,"endColumn":31},"tokenRange":{"beginToken":{"kind":94,"text":"Double"},"endToken":{"kind":94,"text":"Double"}},"identifier":"Double"}}},"name":{"!":"com.github.javaparser.ast.expr.SimpleName","range":{"beginLine":16,"beginColumn":16,"endLine":16,"endColumn":22},"tokenRange":{"beginToken":{"kind":94,"text":"maximum"},"endToken":{"kind":94,"text":"maximum"}},"identifier":"maximum"},"type":{"!":"com.github.javaparser.ast.type.PrimitiveType","range":{"beginLine":16,"beginColumn":9,"endLine":16,"endColumn":14},"tokenRange":{"beginToken":{"kind":24,"text":"double"},"endToken":{"kind":24,"text":"double"}},"type":"DOUBLE","annotations":[]}}]}},{"!":"com.github.javaparser.ast.stmt.ExpressionStmt","range":{"beginLine":17,"beginColumn":9,"endLine":17,"endColumn":53},"tokenRange":{"beginToken":{"kind":38,"text":"int"},"endToken":{"kind":103,"text":";"}},"expression":{"!":"com.github.javaparser.ast.expr.VariableDeclarationExpr","range":{"beginLine":17,"beginColumn":9,"endLine":17,"endColumn":52},"tokenRange":{"beginToken":{"kind":38,"text":"int"},"endToken":{"kind":98,"text":")"}},"annotations":[],"modifiers":[],"variables":[{"!":"com.github.javaparser.ast.body.VariableDeclarator","range":{"beginLine":17,"beginColumn":13,"endLine":17,"endColumn":52},"tokenRange":{"beginToken":{"kind":94,"text":"categoryCount"},"endToken":{"kind":98,"text":")"}},"initializer":{"!":"com.github.javaparser.ast.expr.MethodCallExpr","range":{"beginLine":17,"beginColumn":29,"endLine":17,"endColumn":52},"tokenRange":{"beginToken":{"kind":94,"text":"dataset"},"endToken":{"kind":98,"text":")"}},"arguments":[],"name":{"!":"com.github.javaparser.ast.expr.SimpleName","range":{"beginLine":17,"beginColumn":37,"endLine":17,"endColumn":50},"tokenRange":{"beginToken":{"kind":94,"text":"getColumnCount"},"endToken":{"kind":94,"text":"getColumnCount"}},"identifier":"getColumnCount"},"scope":{"!":"com.github.javaparser.ast.expr.NameExpr","range":{"beginLine":17,"beginColumn":29,"endLine":17,"endColumn":35},"tokenRange":{"beginToken":{"kind":94,"text":"dataset"},"endToken":{"kind":94,"text":"dataset"}},"name":{"!":"com.github.javaparser.ast.expr.SimpleName","range":{"beginLine":17,"beginColumn":29,"endLine":17,"endColumn":35},"tokenRange":{"beginToken":{"kind":94,"text":"dataset"},"endToken":{"kind":94,"text":"dataset"}},"identifier":"dataset"}}},"name":{"!":"com.github.javaparser.ast.expr.SimpleName","range":{"beginLine":17,"beginColumn":13,"endLine":17,"endColumn":25},"tokenRange":{"beginToken":{"kind":94,"text":"categoryCount"},"endToken":{"kind":94,"text":"categoryCount"}},"identifier":"categoryCount"},"type":{"!":"com.github.javaparser.ast.type.PrimitiveType","range":{"beginLine":17,"beginColumn":9,"endLine":17,"endColumn":11},"tokenRange":{"beginToken":{"kind":38,"text":"int"},"endToken":{"kind":38,"text":"int"}},"type":"INT","annotations":[]}}]}},{"!":"com.github.javaparser.ast.stmt.ForStmt","range":{"beginLine":18,"beginColumn":9,"endLine":37,"endColumn":9},"tokenRange":{"beginToken":{"kind":32,"text":"for"},"endToken":{"kind":100,"text":"}"}},"body":{"!":"com.github.javaparser.ast.stmt.BlockStmt","range":{"beginLine":18,"beginColumn":58,"endLine":37,"endColumn":9},"tokenRange":{"beginToken":{"kind":99,"text":"{"},"endToken":{"kind":100,"text":"}"}},"statements":[{"!":"com.github.javaparser.ast.stmt.ExpressionStmt","range":{"beginLine":19,"beginColumn":13,"endLine":19,"endColumn":35},"tokenRange":{"beginToken":{"kind":24,"text":"double"},"endToken":{"kind":103,"text":";"}},"expression":{"!":"com.github.javaparser.ast.expr.VariableDeclarationExpr","range":{"beginLine":19,"beginColumn":13,"endLine":19,"endColumn":34},"tokenRange":{"beginToken":{"kind":24,"text":"double"},"endToken":{"kind":94,"text":"base"}},"annotations":[],"modifiers":[],"variables":[{"!":"com.github.javaparser.ast.body.VariableDeclarator","range":{"beginLine":19,"beginColumn":20,"endLine":19,"endColumn":34},"tokenRange":{"beginToken":{"kind":94,"text":"positive"},"endToken":{"kind":94,"text":"base"}},"initializer":{"!":"com.github.javaparser.ast.expr.NameExpr","range":{"beginLine":19,"beginColumn":31,"endLine":19,"endColumn":34},"tokenRange":{"beginToken":{"kind":94,"text":"base"},"endToken":{"kind":94,"text":"base"}},"name":{"!":"com.github.javaparser.ast.expr.SimpleName","range":{"beginLine":19,"beginColumn":31,"endLine":19,"endColumn":34},"tokenRange":{"beginToken":{"kind":94,"text":"base"},"endToken":{"kind":94,"text":"base"}},"identifier":"base"}},"name":{"!":"com.github.javaparser.ast.expr.SimpleName","range":{"beginLine":19,"beginColumn":20,"endLine":19,"endColumn":27},"tokenRange":{"beginToken":{"kind":94,"text":"positive"},"endToken":{"kind":94,"text":"positive"}},"identifier":"positive"},"type":{"!":"com.github.javaparser.ast.type.PrimitiveType","range":{"beginLine":19,"beginColumn":13,"endLine":19,"endColumn":18},"tokenRange":{"beginToken":{"kind":24,"text":"double"},"endToken":{"kind":24,"text":"double"}},"type":"DOUBLE","annotations":[]}}]}},{"!":"com.github.javaparser.ast.stmt.ExpressionStmt","range":{"beginLine":20,"beginColumn":13,"endLine":20,"endColumn":35},"tokenRange":{"beginToken":{"kind":24,"text":"double"},"endToken":{"kind":103,"text":";"}},"expression":{"!":"com.github.javaparser.ast.expr.VariableDeclarationExpr","range":{"beginLine":20,"beginColumn":13,"endLine":20,"endColumn":34},"tokenRange":{"beginToken":{"kind":24,"text":"double"},"endToken":{"kind":94,"text":"base"}},"annotations":[],"modifiers":[],"variables":[{"!":"com.github.javaparser.ast.body.VariableDeclarator","range":{"beginLine":20,"beginColumn":20,"endLine":20,"endColumn":34},"tokenRange":{"beginToken":{"kind":94,"text":"negative"},"endToken":{"kind":94,"text":"base"}},"initializer":{"!":"com.github.javaparser.ast.expr.NameExpr","range":{"beginLine":20,"beginColumn":31,"endLine":20,"endColumn":34},"tokenRange":{"beginToken":{"kind":94,"text":"base"},"endToken":{"kind":94,"text":"base"}},"name":{"!":"com.github.javaparser.ast.expr.SimpleName","range":{"beginLine":20,"beginColumn":31,"endLine":20,"endColumn":34},"tokenRange":{"beginToken":{"kind":94,"text":"base"},"endToken":{"kind":94,"text":"base"}},"identifier":"base"}},"name":{"!":"com.github.javaparser.ast.expr.SimpleName","range":{"beginLine":20,"beginColumn":20,"endLine":20,"endColumn":27},"tokenRange":{"beginToken":{"kind":94,"text":"negative"},"endToken":{"kind":94,"text":"negative"}},"identifier":"negative"},"type":{"!":"com.github.javaparser.ast.type.PrimitiveType","range":{"beginLine":20,"beginColumn":13,"endLine":20,"endColumn":18},"tokenRange":{"beginToken":{"kind":24,"text":"double"},"endToken":{"kind":24,"text":"double"}},"type":"DOUBLE","annotations":[]}}]}},{"!":"com.github.javaparser.ast.stmt.ExpressionStmt","range":{"beginLine":21,"beginColumn":13,"endLine":21,"endColumn":52},"tokenRange":{"beginToken":{"kind":38,"text":"int"},"endToken":{"kind":103,"text":";"}},"expression":{"!":"com.github.javaparser.ast.expr.VariableDeclarationExpr","range":{"beginLine":21,"beginColumn":13,"endLine":21,"endColumn":51},"tokenRange":{"beginToken":{"kind":38,"text":"int"},"endToken":{"kind":98,"text":")"}},"annotations":[],"modifiers":[],"variables":[{"!":"com.github.javaparser.ast.body.VariableDeclarator","range":{"beginLine":21,"beginColumn":17,"endLine":21,"endColumn":51},"tokenRange":{"beginToken":{"kind":94,"text":"seriesCount"},"endToken":{"kind":98,"text":")"}},"initializer":{"!":"com.github.javaparser.ast.expr.MethodCallExpr","range":{"beginLine":21,"beginColumn":31,"endLine":21,"endColumn":51},"tokenRange":{"beginToken":{"kind":94,"text":"dataset"},"endToken":{"kind":98,"text":")"}},"arguments":[],"name":{"!":"com.github.javaparser.ast.expr.SimpleName","range":{"beginLine":21,"beginColumn":39,"endLine":21,"endColumn":49},"tokenRange":{"beginToken":{"kind":94,"text":"getRowCount"},"endToken":{"kind":94,"text":"getRowCount"}},"identifier":"getRowCount"},"scope":{"!":"com.github.javaparser.ast.expr.NameExpr","range":{"beginLine":21,"beginColumn":31,"endLine":21,"endColumn":37},"tokenRange":{"beginToken":{"kind":94,"text":"dataset"},"endToken":{"kind":94,"text":"dataset"}},"name":{"!":"com.github.javaparser.ast.expr.SimpleName","range":{"beginLine":21,"beginColumn":31,"endLine":21,"endColumn":37},"tokenRange":{"beginToken":{"kind":94,"text":"dataset"},"endToken":{"kind":94,"text":"dataset"}},"identifier":"dataset"}}},"name":{"!":"com.github.javaparser.ast.expr.SimpleName","range":{"beginLine":21,"beginColumn":17,"endLine":21,"endColumn":27},"tokenRange":{"beginToken":{"kind":94,"text":"seriesCount"},"endToken":{"kind":94,"text":"seriesCount"}},"identifier":"seriesCount"},"type":{"!":"com.github.javaparser.ast.type.PrimitiveType","range":{"beginLine":21,"beginColumn":13,"endLine":21,"endColumn":15},"tokenRange":{"beginToken":{"kind":38,"text":"int"},"endToken":{"kind":38,"text":"int"}},"type":"INT","annotations":[]}}]}},{"!":"com.github.javaparser.ast.stmt.ForStmt","range":{"beginLine":22,"beginColumn":13,"endLine":34,"endColumn":13},"tokenRange":{"beginToken":{"kind":32,"text":"for"},"endToken":{"kind":100,"text":"}"}},"body":{"!":"com.github.javaparser.ast.stmt.BlockStmt","range":{"beginLine":22,"beginColumn":66,"endLine":34,"endColumn":13},"tokenRange":{"beginToken":{"kind":99,"text":"{"},"endToken":{"kind":100,"text":"}"}},"statements":[{"!":"com.github.javaparser.ast.stmt.ExpressionStmt","range":{"beginLine":23,"beginColumn":17,"endLine":23,"endColumn":63},"tokenRange":{"beginToken":{"kind":94,"text":"Number"},"endToken":{"kind":103,"text":";"}},"expression":{"!":"com.github.javaparser.ast.expr.VariableDeclarationExpr","range":{"beginLine":23,"beginColumn":17,"endLine":23,"endColumn":62},"tokenRange":{"beginToken":{"kind":94,"text":"Number"},"endToken":{"kind":98,"text":")"}},"annotations":[],"modifiers":[],"variables":[{"!":"com.github.javaparser.ast.body.VariableDeclarator","range":{"beginLine":23,"beginColumn":24,"endLine":23,"endColumn":62},"tokenRange":{"beginToken":{"kind":94,"text":"number"},"endToken":{"kind":98,"text":")"}},"initializer":{"!":"com.github.javaparser.ast.expr.MethodCallExpr","range":{"beginLine":23,"beginColumn":33,"endLine":23,"endColumn":62},"tokenRange":{"beginToken":{"kind":94,"text":"dataset"},"endToken":{"kind":98,"text":")"}},"arguments":[{"!":"com.github.javaparser.ast.expr.NameExpr","range":{"beginLine":23,"beginColumn":50,"endLine":23,"endColumn":55},"tokenRange":{"beginToken":{"kind":94,"text":"series"},"endToken":{"kind":94,"text":"series"}},"name":{"!":"com.github.javaparser.ast.expr.SimpleName","range":{"beginLine":23,"beginColumn":50,"endLine":23,"endColumn":55},"tokenRange":{"beginToken":{"kind":94,"text":"series"},"endToken":{"kind":94,"text":"series"}},"identifier":"series"}},{"!":"com.github.javaparser.ast.expr.NameExpr","range":{"beginLine":23,"beginColumn":58,"endLine":23,"endColumn":61},"tokenRange":{"beginToken":{"kind":94,"text":"item"},"endToken":{"kind":94,"text":"item"}},"name":{"!":"com.github.javaparser.ast.expr.SimpleName","range":{"beginLine":23,"beginColumn":58,"endLine":23,"endColumn":61},"tokenRange":{"beginToken":{"kind":94,"text":"item"},"endToken":{"kind":94,"text":"item"}},"identifier":"item"}}],"name":{"!":"com.github.javaparser.ast.expr.SimpleName","range":{"beginLine":23,"beginColumn":41,"endLine":23,"endColumn":48},"tokenRange":{"beginToken":{"kind":94,"text":"getValue"},"endToken":{"kind":94,"text":"getValue"}},"identifier":"getValue"},"scope":{"!":"com.github.javaparser.ast.expr.NameExpr","range":{"beginLine":23,"beginColumn":33,"endLine":23,"endColumn":39},"tokenRange":{"beginToken":{"kind":94,"text":"dataset"},"endToken":{"kind":94,"text":"dataset"}},"name":{"!":"com.github.javaparser.ast.expr.SimpleName","range":{"beginLine":23,"beginColumn":33,"endLine":23,"endColumn":39},"tokenRange":{"beginToken":{"kind":94,"text":"dataset"},"endToken":{"kind":94,"text":"dataset"}},"identifier":"dataset"}}},"name":{"!":"com.github.javaparser.ast.expr.SimpleName","range":{"beginLine":23,"beginColumn":24,"endLine":23,"endColumn":29},"tokenRange":{"beginToken":{"kind":94,"text":"number"},"endToken":{"kind":94,"text":"number"}},"identifier":"number"},"type":{"!":"com.github.javaparser.ast.type.ClassOrInterfaceType","range":{"beginLine":23,"beginColumn":17,"endLine":23,"endColumn":22},"tokenRange":{"beginToken":{"kind":94,"text":"Number"},"endToken":{"kind":94,"text":"Number"}},"name":{"!":"com.github.javaparser.ast.expr.SimpleName","range":{"beginLine":23,"beginColumn":17,"endLine":23,"endColumn":22},"tokenRange":{"beginToken":{"kind":94,"text":"Number"},"endToken":{"kind":94,"text":"Number"}},"identifier":"Number"},"annotations":[]}}]}},{"!":"com.github.javaparser.ast.stmt.IfStmt","range":{"beginLine":24,"beginColumn":17,"endLine":33,"endColumn":17},"tokenRange":{"beginToken":{"kind":34,"text":"if"},"endToken":{"kind":100,"text":"}"}},"condition":{"!":"com.github.javaparser.ast.expr.BinaryExpr","range":{"beginLine":24,"beginColumn":21,"endLine":24,"endColumn":34},"tokenRange":{"beginToken":{"kind":94,"text":"number"},"endToken":{"kind":43,"text":"null"}},"left":{"!":"com.github.javaparser.ast.expr.NameExpr","range":{"beginLine":24,"beginColumn":21,"endLine":24,"endColumn":26},"tokenRange":{"beginToken":{"kind":94,"text":"number"},"endToken":{"kind":94,"text":"number"}},"name":{"!":"com.github.javaparser.ast.expr.SimpleName","range":{"beginLine":24,"beginColumn":21,"endLine":24,"endColumn":26},"tokenRange":{"beginToken":{"kind":94,"text":"number"},"endToken":{"kind":94,"text":"number"}},"identifier":"number"}},"operator":"NOT_EQUALS","right":{"!":"com.github.javaparser.ast.expr.NullLiteralExpr","range":{"beginLine":24,"beginColumn":31,"endLine":24,"endColumn":34},"tokenRange":{"beginToken":{"kind":43,"text":"null"},"endToken":{"kind":43,"text":"null"}}}},"thenStmt":{"!":"com.github.javaparser.ast.stmt.BlockStmt","range":{"beginLine":24,"beginColumn":37,"endLine":33,"endColumn":17},"tokenRange":{"beginToken":{"kind":99,"text":"{"},"endToken":{"kind":100,"text":"}"}},"statements":[{"!":"com.github.javaparser.ast.stmt.ExpressionStmt","range":{"beginLine":25,"beginColumn":21,"endLine":25,"endColumn":56},"tokenRange":{"beginToken":{"kind":24,"text":"double"},"endToken":{"kind":103,"text":";"}},"expression":{"!":"com.github.javaparser.ast.expr.VariableDeclarationExpr","range":{"beginLine":25,"beginColumn":21,"endLine":25,"endColumn":55},"tokenRange":{"beginToken":{"kind":24,"text":"double"},"endToken":{"kind":98,"text":")"}},"annotations":[],"modifiers":[],"variables":[{"!":"com.github.javaparser.ast.body.VariableDeclarator","range":{"beginLine":25,"beginColumn":28,"endLine":25,"endColumn":55},"tokenRange":{"beginToken":{"kind":94,"text":"value"},"endToken":{"kind":98,"text":")"}},"initializer":{"!":"com.github.javaparser.ast.expr.MethodCallExpr","range":{"beginLine":25,"beginColumn":36,"endLine":25,"endColumn":55},"tokenRange":{"beginToken":{"kind":94,"text":"number"},"endToken":{"kind":98,"text":")"}},"arguments":[],"name":{"!":"com.github.javaparser.ast.expr.SimpleName","range":{"beginLine":25,"beginColumn":43,"endLine":25,"endColumn":53},"tokenRange":{"beginToken":{"kind":94,"text":"doubleValue"},"endToken":{"kind":94,"text":"doubleValue"}},"identifier":"doubleValue"},"scope":{"!":"com.github.javaparser.ast.expr.NameExpr","range":{"beginLine":25,"beginColumn":36,"endLine":25,"endColumn":41},"tokenRange":{"beginToken":{"kind":94,"text":"number"},"endToken":{"kind":94,"text":"number"}},"name":{"!":"com.github.javaparser.ast.expr.SimpleName","range":{"beginLine":25,"beginColumn":36,"endLine":25,"endColumn":41},"tokenRange":{"beginToken":{"kind":94,"text":"number"},"endToken":{"kind":94,"text":"number"}},"identifier":"number"}}},"name":{"!":"com.github.javaparser.ast.expr.SimpleName","range":{"beginLine":25,"beginColumn":28,"endLine":25,"endColumn":32},"tokenRange":{"beginToken":{"kind":94,"text":"value"},"endToken":{"kind":94,"text":"value"}},"identifier":"value"},"type":{"!":"com.github.javaparser.ast.type.PrimitiveType","range":{"beginLine":25,"beginColumn":21,"endLine":25,"endColumn":26},"tokenRange":{"beginToken":{"kind":24,"text":"double"},"endToken":{"kind":24,"text":"double"}},"type":"DOUBLE","annotations":[]}}]}},{"!":"com.github.javaparser.ast.stmt.IfStmt","range":{"beginLine":26,"beginColumn":21,"endLine":28,"endColumn":21},"tokenRange":{"beginToken":{"kind":34,"text":"if"},"endToken":{"kind":100,"text":"}"}},"condition":{"!":"com.github.javaparser.ast.expr.BinaryExpr","range":{"beginLine":26,"beginColumn":25,"endLine":26,"endColumn":35},"tokenRange":{"beginToken":{"kind":94,"text":"value"},"endToken":{"kind":82,"text":"0.0"}},"left":{"!":"com.github.javaparser.ast.expr.NameExpr","range":{"beginLine":26,"beginColumn":25,"endLine":26,"endColumn":29},"tokenRange":{"beginToken":{"kind":94,"text":"value"},"endToken":{"kind":94,"text":"value"}},"name":{"!":"com.github.javaparser.ast.expr.SimpleName","range":{"beginLine":26,"beginColumn":25,"endLine":26,"endColumn":29},"tokenRange":{"beginToken":{"kind":94,"text":"value"},"endToken":{"kind":94,"text":"value"}},"identifier":"value"}},"operator":"GREATER","right":{"!":"com.github.javaparser.ast.expr.DoubleLiteralExpr","range":{"beginLine":26,"beginColumn":33,"endLine":26,"endColumn":35},"tokenRange":{"beginToken":{"kind":82,"text":"0.0"},"endToken":{"kind":82,"text":"0.0"}},"value":"0.0"}},"thenStmt":{"!":"com.github.javaparser.ast.stmt.BlockStmt","range":{"beginLine":26,"beginColumn":38,"endLine":28,"endColumn":21},"tokenRange":{"beginToken":{"kind":99,"text":"{"},"endToken":{"kind":100,"text":"}"}},"statements":[{"!":"com.github.javaparser.ast.stmt.ExpressionStmt","range":{"beginLine":27,"beginColumn":25,"endLine":27,"endColumn":52},"tokenRange":{"beginToken":{"kind":94,"text":"positive"},"endToken":{"kind":103,"text":";"}},"expression":{"!":"com.github.javaparser.ast.expr.AssignExpr","range":{"beginLine":27,"beginColumn":25,"endLine":27,"endColumn":51},"tokenRange":{"beginToken":{"kind":94,"text":"positive"},"endToken":{"kind":94,"text":"value"}},"operator":"ASSIGN","target":{"!":"com.github.javaparser.ast.expr.NameExpr","range":{"beginLine":27,"beginColumn":25,"endLine":27,"endColumn":32},"tokenRange":{"beginToken":{"kind":94,"text":"positive"},"endToken":{"kind":94,"text":"positive"}},"name":{"!":"com.github.javaparser.ast.expr.SimpleName","range":{"beginLine":27,"beginColumn":25,"endLine":27,"endColumn":32},"tokenRange":{"beginToken":{"kind":94,"text":"positive"},"endToken":{"kind":94,"text":"positive"}},"identifier":"positive"}},"value":{"!":"com.github.javaparser.ast.expr.BinaryExpr","range":{"beginLine":27,"beginColumn":36,"endLine":27,"endColumn":51},"tokenRange":{"beginToken":{"kind":94,"text":"positive"},"endToken":{"kind":94,"text":"value"}},"left":{"!":"com.github.javaparser.ast.expr.NameExpr","range":{"beginLine":27,"beginColumn":36,"endLine":27,"endColumn":43},"tokenRange":{"beginToken":{"kind":94,"text":"positive"},"endToken":{"kind":94,"text":"positive"}},"name":{"!":"com.github.javaparser.ast.expr.SimpleName","range":{"beginLine":27,"beginColumn":36,"endLine":27,"endColumn":43},"tokenRange":{"beginToken":{"kind":94,"text":"positive"},"endToken":{"kind":94,"text":"positive"}},"identifier":"positive"}},"operator":"PLUS","right":{"!":"com.github.javaparser.ast.expr.NameExpr","range":{"beginLine":27,"beginColumn":47,"endLine":27,"endColumn":51},"tokenRange":{"beginToken":{"kind":94,"text":"value"},"endToken":{"kind":94,"text":"value"}},"name":{"!":"com.github.javaparser.ast.expr.SimpleName","range":{"beginLine":27,"beginColumn":47,"endLine":27,"endColumn":51},"tokenRange":{"beginToken":{"kind":94,"text":"value"},"endToken":{"kind":94,"text":"value"}},"identifier":"value"}}}}}]}},{"!":"com.github.javaparser.ast.stmt.IfStmt","range":{"beginLine":29,"beginColumn":21,"endLine":32,"endColumn":21},"tokenRange":{"beginToken":{"kind":34,"text":"if"},"endToken":{"kind":100,"text":"}"}},"condition":{"!":"com.github.javaparser.ast.expr.BinaryExpr","range":{"beginLine":29,"beginColumn":25,"endLine":29,"endColumn":35},"tokenRange":{"beginToken":{"kind":94,"text":"value"},"endToken":{"kind":82,"text":"0.0"}},"left":{"!":"com.github.javaparser.ast.expr.NameExpr","range":{"beginLine":29,"beginColumn":25,"endLine":29,"endColumn":29},"tokenRange":{"beginToken":{"kind":94,"text":"value"},"endToken":{"kind":94,"text":"value"}},"name":{"!":"com.github.javaparser.ast.expr.SimpleName","range":{"beginLine":29,"beginColumn":25,"endLine":29,"endColumn":29},"tokenRange":{"beginToken":{"kind":94,"text":"value"},"endToken":{"kind":94,"text":"value"}},"identifier":"value"}},"operator":"LESS","right":{"!":"com.github.javaparser.ast.expr.DoubleLiteralExpr","range":{"beginLine":29,"beginColumn":33,"endLine":29,"endColumn":35},"tokenRange":{"beginToken":{"kind":82,"text":"0.0"},"endToken":{"kind":82,"text":"0.0"}},"value":"0.0"}},"thenStmt":{"!":"com.github.javaparser.ast.stmt.BlockStmt","range":{"beginLine":29,"beginColumn":38,"endLine":32,"endColumn":21},"tokenRange":{"beginToken":{"kind":99,"text":"{"},"endToken":{"kind":100,"text":"}"}},"statements":[{"!":"com.github.javaparser.ast.stmt.ExpressionStmt","range":{"beginLine":30,"beginColumn":25,"endLine":30,"endColumn":52},"tokenRange":{"beginToken":{"kind":94,"text":"negative"},"endToken":{"kind":103,"text":";"}},"expression":{"!":"com.github.javaparser.ast.expr.AssignExpr","range":{"beginLine":30,"beginColumn":25,"endLine":30,"endColumn":51},"tokenRange":{"beginToken":{"kind":94,"text":"negative"},"endToken":{"kind":94,"text":"value"}},"operator":"ASSIGN","target":{"!":"com.github.javaparser.ast.expr.NameExpr","range":{"beginLine":30,"beginColumn":25,"endLine":30,"endColumn":32},"tokenRange":{"beginToken":{"kind":94,"text":"negative"},"endToken":{"kind":94,"text":"negative"}},"name":{"!":"com.github.javaparser.ast.expr.SimpleName","range":{"beginLine":30,"beginColumn":25,"endLine":30,"endColumn":32},"tokenRange":{"beginToken":{"kind":94,"text":"negative"},"endToken":{"kind":94,"text":"negative"}},"identifier":"negative"}},"value":{"!":"com.github.javaparser.ast.expr.BinaryExpr","range":{"beginLine":30,"beginColumn":36,"endLine":30,"endColumn":51},"tokenRange":{"beginToken":{"kind":94,"text":"negative"},"endToken":{"kind":94,"text":"value"}},"left":{"!":"com.github.javaparser.ast.expr.NameExpr","range":{"beginLine":30,"beginColumn":36,"endLine":30,"endColumn":43},"tokenRange":{"beginToken":{"kind":94,"text":"negative"},"endToken":{"kind":94,"text":"negative"}},"name":{"!":"com.github.javaparser.ast.expr.SimpleName","range":{"beginLine":30,"beginColumn":36,"endLine":30,"endColumn":43},"tokenRange":{"beginToken":{"kind":94,"text":"negative"},"endToken":{"kind":94,"text":"negative"}},"identifier":"negative"}},"operator":"PLUS","right":{"!":"com.github.javaparser.ast.expr.NameExpr","range":{"beginLine":30,"beginColumn":47,"endLine":30,"endColumn":51},"tokenRange":{"beginToken":{"kind":94,"text":"value"},"endToken":{"kind":94,"text":"value"}},"name":{"!":"com.github.javaparser.ast.expr.SimpleName","range":{"beginLine":30,"beginColumn":47,"endLine":30,"endColumn":51},"tokenRange":{"beginToken":{"kind":94,"text":"value"},"endToken":{"kind":94,"text":"value"}},"identifier":"value"}}}}}]}}]}}]},"compare":{"!":"com.github.javaparser.ast.expr.BinaryExpr","range":{"beginLine":22,"beginColumn":34,"endLine":22,"endColumn":53},"tokenRange":{"beginToken":{"kind":94,"text":"series"},"endToken":{"kind":94,"text":"seriesCount"}},"left":{"!":"com.github.javaparser.ast.expr.NameExpr","range":{"beginLine":22,"beginColumn":34,"endLine":22,"endColumn":39},"tokenRange":{"beginToken":{"kind":94,"text":"series"},"endToken":{"kind":94,"text":"series"}},"name":{"!":"com.github.javaparser.ast.expr.SimpleName","range":{"beginLine":22,"beginColumn":34,"endLine":22,"endColumn":39},"tokenRange":{"beginToken":{"kind":94,"text":"series"},"endToken":{"kind":94,"text":"series"}},"identifier":"series"}},"operator":"LESS","right":{"!":"com.github.javaparser.ast.expr.NameExpr","range":{"beginLine":22,"beginColumn":43,"endLine":22,"endColumn":53},"tokenRange":{"beginToken":{"kind":94,"text":"seriesCount"},"endToken":{"kind":94,"text":"seriesCount"}},"name":{"!":"com.github.javaparser.ast.expr.SimpleName","range":{"beginLine":22,"beginColumn":43,"endLine":22,"endColumn":53},"tokenRange":{"beginToken":{"kind":94,"text":"seriesCount"},"endToken":{"kind":94,"text":"seriesCount"}},"identifier":"seriesCount"}}},"initialization":[{"!":"com.github.javaparser.ast.expr.VariableDeclarationExpr","range":{"beginLine":22,"beginColumn":18,"endLine":22,"endColumn":31},"tokenRange":{"beginToken":{"kind":38,"text":"int"},"endToken":{"kind":77,"text":"0"}},"annotations":[],"modifiers":[],"variables":[{"!":"com.github.javaparser.ast.body.VariableDeclarator","range":{"beginLine":22,"beginColumn":22,"endLine":22,"endColumn":31},"tokenRange":{"beginToken":{"kind":94,"text":"series"},"endToken":{"kind":77,"text":"0"}},"initializer":{"!":"com.github.javaparser.ast.expr.IntegerLiteralExpr","range":{"beginLine":22,"beginColumn":31,"endLine":22,"endColumn":31},"tokenRange":{"beginToken":{"kind":77,"text":"0"},"endToken":{"kind":77,"text":"0"}},"value":"0"},"name":{"!":"com.github.javaparser.ast.expr.SimpleName","range":{"beginLine":22,"beginColumn":22,"endLine":22,"endColumn":27},"tokenRange":{"beginToken":{"kind":94,"text":"series"},"endToken":{"kind":94,"text":"series"}},"identifier":"series"},"type":{"!":"com.github.javaparser.ast.type.PrimitiveType","range":{"beginLine":22,"beginColumn":18,"endLine":22,"endColumn":20},"tokenRange":{"beginToken":{"kind":38,"text":"int"},"endToken":{"kind":38,"text":"int"}},"type":"INT","annotations":[]}}]}],"update":[{"!":"com.github.javaparser.ast.expr.UnaryExpr","range":{"beginLine":22,"beginColumn":56,"endLine":22,"endColumn":63},"tokenRange":{"beginToken":{"kind":94,"text":"series"},"endToken":{"kind":122,"text":"++"}},"expression":{"!":"com.github.javaparser.ast.expr.NameExpr","range":{"beginLine":22,"beginColumn":56,"endLine":22,"endColumn":61},"tokenRange":{"beginToken":{"kind":94,"text":"series"},"endToken":{"kind":94,"text":"series"}},"name":{"!":"com.github.javaparser.ast.expr.SimpleName","range":{"beginLine":22,"beginColumn":56,"endLine":22,"endColumn":61},"tokenRange":{"beginToken":{"kind":94,"text":"series"},"endToken":{"kind":94,"text":"series"}},"identifier":"series"}},"operator":"POSTFIX_INCREMENT"}]},{"!":"com.github.javaparser.ast.stmt.ExpressionStmt","range":{"beginLine":35,"beginColumn":13,"endLine":35,"endColumn":50},"tokenRange":{"beginToken":{"kind":94,"text":"minimum"},"endToken":{"kind":103,"text":";"}},"expression":{"!":"com.github.javaparser.ast.expr.AssignExpr","range":{"beginLine":35,"beginColumn":13,"endLine":35,"endColumn":49},"tokenRange":{"beginToken":{"kind":94,"text":"minimum"},"endToken":{"kind":98,"text":")"}},"operator":"ASSIGN","target":{"!":"com.github.javaparser.ast.expr.NameExpr","range":{"beginLine":35,"beginColumn":13,"endLine":35,"endColumn":19},"tokenRange":{"beginToken":{"kind":94,"text":"minimum"},"endToken":{"kind":94,"text":"minimum"}},"name":{"!":"com.github.javaparser.ast.expr.SimpleName","range":{"beginLine":35,"beginColumn":13,"endLine":35,"endColumn":19},"tokenRange":{"beginToken":{"kind":94,"text":"minimum"},"endToken":{"kind":94,"text":"minimum"}},"identifier":"minimum"}},"value":{"!":"com.github.javaparser.ast.expr.MethodCallExpr","range":{"beginLine":35,"beginColumn":23,"endLine":35,"endColumn":49},"tokenRange":{"beginToken":{"kind":94,"text":"Math"},"endToken":{"kind":98,"text":")"}},"arguments":[{"!":"com.github.javaparser.ast.expr.NameExpr","range":{"beginLine":35,"beginColumn":32,"endLine":35,"endColumn":38},"tokenRange":{"beginToken":{"kind":94,"text":"minimum"},"endToken":{"kind":94,"text":"minimum"}},"name":{"!":"com.github.javaparser.ast.expr.SimpleName","range":{"beginLine":35,"beginColumn":32,"endLine":35,"endColumn":38},"tokenRange":{"beginToken":{"kind":94,"text":"minimum"},"endToken":{"kind":94,"text":"minimum"}},"identifier":"minimum"}},{"!":"com.github.javaparser.ast.expr.NameExpr","range":{"beginLine":35,"beginColumn":41,"endLine":35,"endColumn":48},"tokenRange":{"beginToken":{"kind":94,"text":"negative"},"endToken":{"kind":94,"text":"negative"}},"name":{"!":"com.github.javaparser.ast.expr.SimpleName","range":{"beginLine":35,"beginColumn":41,"endLine":35,"endColumn":48},"tokenRange":{"beginToken":{"kind":94,"text":"negative"},"endToken":{"kind":94,"text":"negative"}},"identifier":"negative"}}],"name":{"!":"com.github.javaparser.ast.expr.SimpleName","range":{"beginLine":35,"beginColumn":28,"endLine":35,"endColumn":30},"tokenRange":{"beginToken":{"kind":94,"text":"min"},"endToken":{"kind":94,"text":"min"}},"identifier":"min"},"scope":{"!":"com.github.javaparser.ast.expr.NameExpr","range":{"beginLine":35,"beginColumn":23,"endLine":35,"endColumn":26},"tokenRange":{"beginToken":{"kind":94,"text":"Math"},"endToken":{"kind":94,"text":"Math"}},"name":{"!":"com.github.javaparser.ast.expr.SimpleName","range":{"beginLine":35,"beginColumn":23,"endLine":35,"endColumn":26},"tokenRange":{"beginToken":{"kind":94,"text":"Math"},"endToken":{"kind":94,"text":"Math"}},"identifier":"Math"}}}}},{"!":"com.github.javaparser.ast.stmt.ExpressionStmt","range":{"beginLine":36,"beginColumn":13,"endLine":36,"endColumn":50},"tokenRange":{"beginToken":{"kind":94,"text":"maximum"},"endToken":{"kind":103,"text":";"}},"expression":{"!":"com.github.javaparser.ast.expr.AssignExpr","range":{"beginLine":36,"beginColumn":13,"endLine":36,"endColumn":49},"tokenRange":{"beginToken":{"kind":94,"text":"maximum"},"endToken":{"kind":98,"text":")"}},"operator":"ASSIGN","target":{"!":"com.github.javaparser.ast.expr.NameExpr","range":{"beginLine":36,"beginColumn":13,"endLine":36,"endColumn":19},"tokenRange":{"beginToken":{"kind":94,"text":"maximum"},"endToken":{"kind":94,"text":"maximum"}},"name":{"!":"com.github.javaparser.ast.expr.SimpleName","range":{"beginLine":36,"beginColumn":13,"endLine":36,"endColumn":19},"tokenRange":{"beginToken":{"kind":94,"text":"maximum"},"endToken":{"kind":94,"text":"maximum"}},"identifier":"maximum"}},"value":{"!":"com.github.javaparser.ast.expr.MethodCallExpr","range":{"beginLine":36,"beginColumn":23,"endLine":36,"endColumn":49},"tokenRange":{"beginToken":{"kind":94,"text":"Math"},"endToken":{"kind":98,"text":")"}},"arguments":[{"!":"com.github.javaparser.ast.expr.NameExpr","range":{"beginLine":36,"beginColumn":32,"endLine":36,"endColumn":38},"tokenRange":{"beginToken":{"kind":94,"text":"maximum"},"endToken":{"kind":94,"text":"maximum"}},"name":{"!":"com.github.javaparser.ast.expr.SimpleName","range":{"beginLine":36,"beginColumn":32,"endLine":36,"endColumn":38},"tokenRange":{"beginToken":{"kind":94,"text":"maximum"},"endToken":{"kind":94,"text":"maximum"}},"identifier":"maximum"}},{"!":"com.github.javaparser.ast.expr.NameExpr","range":{"beginLine":36,"beginColumn":41,"endLine":36,"endColumn":48},"tokenRange":{"beginToken":{"kind":94,"text":"positive"},"endToken":{"kind":94,"text":"positive"}},"name":{"!":"com.github.javaparser.ast.expr.SimpleName","range":{"beginLine":36,"beginColumn":41,"endLine":36,"endColumn":48},"tokenRange":{"beginToken":{"kind":94,"text":"positive"},"endToken":{"kind":94,"text":"positive"}},"identifier":"positive"}}],"name":{"!":"com.github.javaparser.ast.expr.SimpleName","range":{"beginLine":36,"beginColumn":28,"endLine":36,"endColumn":30},"tokenRange":{"beginToken":{"kind":94,"text":"max"},"endToken":{"kind":94,"text":"max"}},"identifier":"max"},"scope":{"!":"com.github.javaparser.ast.expr.NameExpr","range":{"beginLine":36,"beginColumn":23,"endLine":36,"endColumn":26},"tokenRange":{"beginToken":{"kind":94,"text":"Math"},"endToken":{"kind":94,"text":"Math"}},"name":{"!":"com.github.javaparser.ast.expr.SimpleName","range":{"beginLine":36,"beginColumn":23,"endLine":36,"endColumn":26},"tokenRange":{"beginToken":{"kind":94,"text":"Math"},"endToken":{"kind":94,"text":"Math"}},"identifier":"Math"}}}}}]},"compare":{"!":"com.github.javaparser.ast.expr.BinaryExpr","range":{"beginLine":18,"beginColumn":28,"endLine":18,"endColumn":47},"tokenRange":{"beginToken":{"kind":94,"text":"item"},"endToken":{"kind":94,"text":"categoryCount"}},"left":{"!":"com.github.javaparser.ast.expr.NameExpr","range":{"beginLine":18,"beginColumn":28,"endLine":18,"endColumn":31},"tokenRange":{"beginToken":{"kind":94,"text":"item"},"endToken":{"kind":94,"text":"item"}},"name":{"!":"com.github.javaparser.ast.expr.SimpleName","range":{"beginLine":18,"beginColumn":28,"endLine":18,"endColumn":31},"tokenRange":{"beginToken":{"kind":94,"text":"item"},"endToken":{"kind":94,"text":"item"}},"identifier":"item"}},"operator":"LESS","right":{"!":"com.github.javaparser.ast.expr.NameExpr","range":{"beginLine":18,"beginColumn":35,"endLine":18,"endColumn":47},"tokenRange":{"beginToken":{"kind":94,"text":"categoryCount"},"endToken":{"kind":94,"text":"categoryCount"}},"name":{"!":"com.github.javaparser.ast.expr.SimpleName","range":{"beginLine":18,"beginColumn":35,"endLine":18,"endColumn":47},"tokenRange":{"beginToken":{"kind":94,"text":"categoryCount"},"endToken":{"kind":94,"text":"categoryCount"}},"identifier":"categoryCount"}}},"initialization":[{"!":"com.github.javaparser.ast.expr.VariableDeclarationExpr","range":{"beginLine":18,"beginColumn":14,"endLine":18,"endColumn":25},"tokenRange":{"beginToken":{"kind":38,"text":"int"},"endToken":{"kind":77,"text":"0"}},"annotations":[],"modifiers":[],"variables":[{"!":"com.github.javaparser.ast.body.VariableDeclarator","range":{"beginLine":18,"beginColumn":18,"endLine":18,"endColumn":25},"tokenRange":{"beginToken":{"kind":94,"text":"item"},"endToken":{"kind":77,"text":"0"}},"initializer":{"!":"com.github.javaparser.ast.expr.IntegerLiteralExpr","range":{"beginLine":18,"beginColumn":25,"endLine":18,"endColumn":25},"tokenRange":{"beginToken":{"kind":77,"text":"0"},"endToken":{"kind":77,"text":"0"}},"value":"0"},"name":{"!":"com.github.javaparser.ast.expr.SimpleName","range":{"beginLine":18,"beginColumn":18,"endLine":18,"endColumn":21},"tokenRange":{"beginToken":{"kind":94,"text":"item"},"endToken":{"kind":94,"text":"item"}},"identifier":"item"},"type":{"!":"com.github.javaparser.ast.type.PrimitiveType","range":{"beginLine":18,"beginColumn":14,"endLine":18,"endColumn":16},"tokenRange":{"beginToken":{"kind":38,"text":"int"},"endToken":{"kind":38,"text":"int"}},"type":"INT","annotations":[]}}]}],"update":[{"!":"com.github.javaparser.ast.expr.UnaryExpr","range":{"beginLine":18,"beginColumn":50,"endLine":18,"endColumn":55},"tokenRange":{"beginToken":{"kind":94,"text":"item"},"endToken":{"kind":122,"text":"++"}},"expression":{"!":"com.github.javaparser.ast.expr.NameExpr","range":{"beginLine":18,"beginColumn":50,"endLine":18,"endColumn":53},"tokenRange":{"beginToken":{"kind":94,"text":"item"},"endToken":{"kind":94,"text":"item"}},"name":{"!":"com.github.javaparser.ast.expr.SimpleName","range":{"beginLine":18,"beginColumn":50,"endLine":18,"endColumn":53},"tokenRange":{"beginToken":{"kind":94,"text":"item"},"endToken":{"kind":94,"text":"item"}},"identifier":"item"}},"operator":"POSTFIX_INCREMENT"}]},{"!":"com.github.javaparser.ast.stmt.IfStmt","range":{"beginLine":38,"beginColumn":9,"endLine":40,"endColumn":9},"tokenRange":{"beginToken":{"kind":34,"text":"if"},"endToken":{"kind":100,"text":"}"}},"condition":{"!":"com.github.javaparser.ast.expr.BinaryExpr","range":{"beginLine":38,"beginColumn":13,"endLine":38,"endColumn":30},"tokenRange":{"beginToken":{"kind":94,"text":"minimum"},"endToken":{"kind":94,"text":"maximum"}},"left":{"!":"com.github.javaparser.ast.expr.NameExpr","range":{"beginLine":38,"beginColumn":13,"endLine":38,"endColumn":19},"tokenRange":{"beginToken":{"kind":94,"text":"minimum"},"endToken":{"kind":94,"text":"minimum"}},"name":{"!":"com.github.javaparser.ast.expr.SimpleName","range":{"beginLine":38,"beginColumn":13,"endLine":38,"endColumn":19},"tokenRange":{"beginToken":{"kind":94,"text":"minimum"},"endToken":{"kind":94,"text":"minimum"}},"identifier":"minimum"}},"operator":"LESS_EQUALS","right":{"!":"com.github.javaparser.ast.expr.NameExpr","range":{"beginLine":38,"beginColumn":24,"endLine":38,"endColumn":30},"tokenRange":{"beginToken":{"kind":94,"text":"maximum"},"endToken":{"kind":94,"text":"maximum"}},"name":{"!":"com.github.javaparser.ast.expr.SimpleName","range":{"beginLine":38,"beginColumn":24,"endLine":38,"endColumn":30},"tokenRange":{"beginToken":{"kind":94,"text":"maximum"},"endToken":{"kind":94,"text":"maximum"}},"identifier":"maximum"}}},"thenStmt":{"!":"com.github.javaparser.ast.stmt.BlockStmt","range":{"beginLine":38,"beginColumn":33,"endLine":40,"endColumn":9},"tokenRange":{"beginToken":{"kind":99,"text":"{"},"endToken":{"kind":100,"text":"}"}},"statements":[{"!":"com.github.javaparser.ast.stmt.ExpressionStmt","range":{"beginLine":39,"beginColumn":13,"endLine":39,"endColumn":49},"tokenRange":{"beginToken":{"kind":94,"text":"result"},"endToken":{"kind":103,"text":";"}},"expression":{"!":"com.github.javaparser.ast.expr.AssignExpr","range":{"beginLine":39,"beginColumn":13,"endLine":39,"endColumn":48},"tokenRange":{"beginToken":{"kind":94,"text":"result"},"endToken":{"kind":98,"text":")"}},"operator":"ASSIGN","target":{"!":"com.github.javaparser.ast.expr.NameExpr","range":{"beginLine":39,"beginColumn":13,"endLine":39,"endColumn":18},"tokenRange":{"beginToken":{"kind":94,"text":"result"},"endToken":{"kind":94,"text":"result"}},"name":{"!":"com.github.javaparser.ast.expr.SimpleName","range":{"beginLine":39,"beginColumn":13,"endLine":39,"endColumn":18},"tokenRange":{"beginToken":{"kind":94,"text":"result"},"endToken":{"kind":94,"text":"result"}},"identifier":"result"}},"value":{"!":"com.github.javaparser.ast.expr.ObjectCreationExpr","range":{"beginLine":39,"beginColumn":22,"endLine":39,"endColumn":48},"tokenRange":{"beginToken":{"kind":42,"text":"new"},"endToken":{"kind":98,"text":")"}},"arguments":[{"!":"com.github.javaparser.ast.expr.NameExpr","range":{"beginLine":39,"beginColumn":32,"endLine":39,"endColumn":38},"tokenRange":{"beginToken":{"kind":94,"text":"minimum"},"endToken":{"kind":94,"text":"minimum"}},"name":{"!":"com.github.javaparser.ast.expr.SimpleName","range":{"beginLine":39,"beginColumn":32,"endLine":39,"endColumn":38},"tokenRange":{"beginToken":{"kind":94,"text":"minimum"},"endToken":{"kind":94,"text":"minimum"}},"identifier":"minimum"}},{"!":"com.github.javaparser.ast.expr.NameExpr","range":{"beginLine":39,"beginColumn":41,"endLine":39,"endColumn":47},"tokenRange":{"beginToken":{"kind":94,"text":"maximum"},"endToken":{"kind":94,"text":"maximum"}},"name":{"!":"com.github.javaparser.ast.expr.SimpleName","range":{"beginLine":39,"beginColumn":41,"endLine":39,"endColumn":47},"tokenRange":{"beginToken":{"kind":94,"text":"maximum"},"endToken":{"kind":94,"text":"maximum"}},"identifier":"maximum"}}],"type":{"!":"com.github.javaparser.ast.type.ClassOrInterfaceType","range":{"beginLine":39,"beginColumn":26,"endLine":39,"endColumn":30},"tokenRange":{"beginToken":{"kind":94,"text":"Range"},"endToken":{"kind":94,"text":"Range"}},"name":{"!":"com.github.javaparser.ast.expr.SimpleName","range":{"beginLine":39,"beginColumn":26,"endLine":39,"endColumn":30},"tokenRange":{"beginToken":{"kind":94,"text":"Range"},"endToken":{"kind":94,"text":"Range"}},"identifier":"Range"},"annotations":[]}}}}]}},{"!":"com.github.javaparser.ast.stmt.ReturnStmt","range":{"beginLine":41,"beginColumn":9,"endLine":41,"endColumn":22},"tokenRange":{"beginToken":{"kind":49,"text":"return"},"endToken":{"kind":103,"text":";"}},"expression":{"!":"com.github.javaparser.ast.expr.NameExpr","range":{"beginLine":41,"beginColumn":16,"endLine":41,"endColumn":21},"tokenRange":{"beginToken":{"kind":94,"text":"result"},"endToken":{"kind":94,"text":"result"}},"name":{"!":"com.github.javaparser.ast.expr.SimpleName","range":{"beginLine":41,"beginColumn":16,"endLine":41,"endColumn":21},"tokenRange":{"beginToken":{"kind":94,"text":"result"},"endToken":{"kind":94,"text":"result"}},"identifier":"result"}}}]},"type":{"!":"com.github.javaparser.ast.type.ClassOrInterfaceType","range":{"beginLine":11,"beginColumn":19,"endLine":11,"endColumn":23},"tokenRange":{"beginToken":{"kind":94,"text":"Range"},"endToken":{"kind":94,"text":"Range"}},"name":{"!":"com.github.javaparser.ast.expr.SimpleName","range":{"beginLine":11,"beginColumn":19,"endLine":11,"endColumn":23},"tokenRange":{"beginToken":{"kind":94,"text":"Range"},"endToken":{"kind":94,"text":"Range"}},"identifier":"Range"},"annotations":[]},"modifiers":[{"!":"com.github.javaparser.ast.Modifier","range":{"beginLine":11,"beginColumn":5,"endLine":11,"endColumn":10},"tokenRange":{"beginToken":{"kind":47,"text":"public"},"endToken":{"kind":47,"text":"public"}},"keyword":"PUBLIC"},{"!":"com.github.javaparser.ast.Modifier","range":{"beginLine":11,"beginColumn":12,"endLine":11,"endColumn":17},"tokenRange":{"beginToken":{"kind":51,"text":"static"},"endToken":{"kind":51,"text":"static"}},"keyword":"STATIC"}],"name":{"!":"com.github.javaparser.ast.expr.SimpleName","range":{"beginLine":11,"beginColumn":25,"endLine":11,"endColumn":46},"tokenRange":{"beginToken":{"kind":94,"text":"findStackedRangeBounds"},"endToken":{"kind":94,"text":"findStackedRangeBounds"}},"identifier":"findStackedRangeBounds"},"parameters":[{"!":"com.github.javaparser.ast.body.Parameter","range":{"beginLine":11,"beginColumn":48,"endLine":11,"endColumn":70},"tokenRange":{"beginToken":{"kind":94,"text":"CategoryDataset"},"endToken":{"kind":94,"text":"dataset"}},"annotations":[],"isVarArgs":"false","modifiers":[],"name":{"!":"com.github.javaparser.ast.expr.SimpleName","range":{"beginLine":11,"beginColumn":64,"endLine":11,"endColumn":70},"tokenRange":{"beginToken":{"kind":94,"text":"dataset"},"endToken":{"kind":94,"text":"dataset"}},"identifier":"dataset"},"type":{"!":"com.github.javaparser.ast.type.ClassOrInterfaceType","range":{"beginLine":11,"beginColumn":48,"endLine":11,"endColumn":62},"tokenRange":{"beginToken":{"kind":94,"text":"CategoryDataset"},"endToken":{"kind":94,"text":"CategoryDataset"}},"name":{"!":"com.github.javaparser.ast.expr.SimpleName","range":{"beginLine":11,"beginColumn":48,"endLine":11,"endColumn":62},"tokenRange":{"beginToken":{"kind":94,"text":"CategoryDataset"},"endToken":{"kind":94,"text":"CategoryDataset"}},"identifier":"CategoryDataset"},"annotations":[]},"varArgsAnnotations":[]},{"!":"com.github.javaparser.ast.body.Parameter","range":{"beginLine":12,"beginColumn":13,"endLine":12,"endColumn":23},"tokenRange":{"beginToken":{"kind":24,"text":"double"},"endToken":{"kind":94,"text":"base"}},"annotations":[],"isVarArgs":"false","modifiers":[],"name":{"!":"com.github.javaparser.ast.expr.SimpleName","range":{"beginLine":12,"beginColumn":20,"endLine":12,"endColumn":23},"tokenRange":{"beginToken":{"kind":94,"text":"base"},"endToken":{"kind":94,"text":"base"}},"identifier":"base"},"type":{"!":"com.github.javaparser.ast.type.PrimitiveType","range":{"beginLine":12,"beginColumn":13,"endLine":12,"endColumn":18},"tokenRange":{"beginToken":{"kind":24,"text":"double"},"endToken":{"kind":24,"text":"double"}},"type":"DOUBLE","annotations":[]},"varArgsAnnotations":[]}],"thrownExceptions":[],"typeParameters":[],"annotations":[],"comment":{"!":"com.github.javaparser.ast.comments.JavadocComment","range":{"beginLine":2,"beginColumn":5,"endLine":10,"endColumn":7},"tokenRange":{"beginToken":{"kind":8,"text":"/**\n     * Returns the minimum and maximum values for the dataset's range\n     * (y-values), assuming that the series in one category are stacked.\n     *\n     * @param dataset  the dataset (<code>null</code> not permitted).\n     * @param base  the base value for the bars.\n     *\n     * @return The range (<code>null</code> if the dataset contains no values).\n     */"},"endToken":{"kind":8,"text":"/**\n     * Returns the minimum and maximum values for the dataset's range\n     * (y-values), assuming that the series in one category are stacked.\n     *\n     * @param dataset  the dataset (<code>null</code> not permitted).\n     * @param base  the base value for the bars.\n     *\n     * @return The range (<code>null</code> if the dataset contains no values).\n     */"}},"content":"\n     * Returns the minimum and maximum values for the dataset's range\n     * (y-values), assuming that the series in one category are stacked.\n     *\n     * @param dataset  the dataset (<code>null</code> not permitted).\n     * @param base  the base value for the bars.\n     *\n     * @return The range (<code>null</code> if the dataset contains no values).\n     "}}],"modifiers":[],"name":{"!":"com.github.javaparser.ast.expr.SimpleName","range":{"beginLine":1,"beginColumn":7,"endLine":1,"endColumn":10},"tokenRange":{"beginToken":{"kind":94,"text":"Test"},"endToken":{"kind":94,"text":"Test"}},"identifier":"Test"},"annotations":[]}]}