{
  "!": "com.github.javaparser.ast.CompilationUnit",
  "range": {
    "beginLine": 1,
    "beginColumn": 1,
    "endLine": 30,
    "endColumn": 2
  },
  "tokenRange": {
    "beginToken": {
      "kind": 19,
      "text": "class"
    },
    "endToken": {
      "kind": 0,
      "text": ""
    }
  },
  "imports": [],
  "types": [
    {
      "!": "com.github.javaparser.ast.body.ClassOrInterfaceDeclaration",
      "range": {
        "beginLine": 1,
        "beginColumn": 1,
        "endLine": 30,
        "endColumn": 2
      },
      "tokenRange": {
        "beginToken": {
          "kind": 19,
          "text": "class"
        },
        "endToken": {
          "kind": 100,
          "text": "}"
        }
      },
      "extendedTypes": [],
      "implementedTypes": [],
      "isInterface": "false",
      "typeParameters": [],
      "members": [
        {
          "!": "com.github.javaparser.ast.body.MethodDeclaration",
          "range": {
            "beginLine": 5,
            "beginColumn": 5,
            "endLine": 28,
            "endColumn": 5
          },
          "tokenRange": {
            "beginToken": {
              "kind": 51,
              "text": "static"
            },
            "endToken": {
              "kind": 100,
              "text": "}"
            }
          },
          "body": {
            "!": "com.github.javaparser.ast.stmt.BlockStmt",
            "range": {
              "beginLine": 5,
              "beginColumn": 24,
              "endLine": 28,
              "endColumn": 5
            },
            "tokenRange": {
              "beginToken": {
                "kind": 99,
                "text": "{"
              },
              "endToken": {
                "kind": 100,
                "text": "}"
              }
            },
            "statements": [
              {
                "!": "com.github.javaparser.ast.stmt.ExpressionStmt",
                "range": {
                  "beginLine": 6,
                  "beginColumn": 9,
                  "endLine": 6,
                  "endColumn": 78
                },
                "tokenRange": {
                  "beginToken": {
                    "kind": 94,
                    "text": "NotationProviderFactory2"
                  },
                  "endToken": {
                    "kind": 103,
                    "text": ";"
                  }
                },
                "expression": {
                  "!": "com.github.javaparser.ast.expr.VariableDeclarationExpr",
                  "range": {
                    "beginLine": 6,
                    "beginColumn": 9,
                    "endLine": 6,
                    "endColumn": 77
                  },
                  "tokenRange": {
                    "beginToken": {
                      "kind": 94,
                      "text": "NotationProviderFactory2"
                    },
                    "endToken": {
                      "kind": 98,
                      "text": ")"
                    }
                  },
                  "annotations": [],
                  "modifiers": [],
                  "variables": [
                    {
                      "!": "com.github.javaparser.ast.body.VariableDeclarator",
                      "range": {
                        "beginLine": 6,
                        "beginColumn": 34,
                        "endLine": 6,
                        "endColumn": 77
                      },
                      "tokenRange": {
                        "beginToken": {
                          "kind": 94,
                          "text": "npf"
                        },
                        "endToken": {
                          "kind": 98,
                          "text": ")"
                        }
                      },
                      "initializer": {
                        "!": "com.github.javaparser.ast.expr.MethodCallExpr",
                        "range": {
                          "beginLine": 6,
                          "beginColumn": 40,
                          "endLine": 6,
                          "endColumn": 77
                        },
                        "tokenRange": {
                          "beginToken": {
                            "kind": 94,
                            "text": "NotationProviderFactory2"
                          },
                          "endToken": {
                            "kind": 98,
                            "text": ")"
                          }
                        },
                        "arguments": [],
                        "name": {
                          "!": "com.github.javaparser.ast.expr.SimpleName",
                          "range": {
                            "beginLine": 6,
                            "beginColumn": 65,
                            "endLine": 6,
                            "endColumn": 75
                          },
                          "tokenRange": {
                            "beginToken": {
                              "kind": 94,
                              "text": "getInstance"
                            },
                            "endToken": {
                              "kind": 94,
                              "text": "getInstance"
                            }
                          },
                          "identifier": "getInstance"
                        },
                        "scope": {
                          "!": "com.github.javaparser.ast.expr.NameExpr",
                          "range": {
                            "beginLine": 6,
                            "beginColumn": 40,
                            "endLine": 6,
                            "endColumn": 63
                          },
                          "tokenRange": {
                            "beginToken": {
                              "kind": 94,
                              "text": "NotationProviderFactory2"
                            },
                            "endToken": {
                              "kind": 94,
                              "text": "NotationProviderFactory2"
                            }
                          },
                          "name": {
                            "!": "com.github.javaparser.ast.expr.SimpleName",
                            "range": {
                              "beginLine": 6,
                              "beginColumn": 40,
                              "endLine": 6,
                              "endColumn": 63
                            },
                            "tokenRange": {
                              "beginToken": {
                                "kind": 94,
                                "text": "NotationProviderFactory2"
                              },
                              "endToken": {
                                "kind": 94,
                                "text": "NotationProviderFactory2"
                              }
                            },
                            "identifier": "NotationProviderFactory2"
                          }
                        }
                      },
                      "name": {
                        "!": "com.github.javaparser.ast.expr.SimpleName",
                        "range": {
                          "beginLine": 6,
                          "beginColumn": 34,
                          "endLine": 6,
                          "endColumn": 36
                        },
                        "tokenRange": {
                          "beginToken": {
                            "kind": 94,
                            "text": "npf"
                          },
                          "endToken": {
                            "kind": 94,
                            "text": "npf"
                          }
                        },
                        "identifier": "npf"
                      },
                      "type": {
                        "!": "com.github.javaparser.ast.type.ClassOrInterfaceType",
                        "range": {
                          "beginLine": 6,
                          "beginColumn": 9,
                          "endLine": 6,
                          "endColumn": 32
                        },
                        "tokenRange": {
                          "beginToken": {
                            "kind": 94,
                            "text": "NotationProviderFactory2"
                          },
                          "endToken": {
                            "kind": 94,
                            "text": "NotationProviderFactory2"
                          }
                        },
                        "name": {
                          "!": "com.github.javaparser.ast.expr.SimpleName",
                          "range": {
                            "beginLine": 6,
                            "beginColumn": 9,
                            "endLine": 6,
                            "endColumn": 32
                          },
                          "tokenRange": {
                            "beginToken": {
                              "kind": 94,
                              "text": "NotationProviderFactory2"
                            },
                            "endToken": {
                              "kind": 94,
                              "text": "NotationProviderFactory2"
                            }
                          },
                          "identifier": "NotationProviderFactory2"
                        },
                        "annotations": []
                      }
                    }
                  ]
                }
              },
              {
                "!": "com.github.javaparser.ast.stmt.ExpressionStmt",
                "range": {
                  "beginLine": 7,
                  "beginColumn": 9,
                  "endLine": 11,
                  "endColumn": 78
                },
                "tokenRange": {
                  "beginToken": {
                    "kind": 94,
                    "text": "NotationName"
                  },
                  "endToken": {
                    "kind": 103,
                    "text": ";"
                  }
                },
                "expression": {
                  "!": "com.github.javaparser.ast.expr.VariableDeclarationExpr",
                  "range": {
                    "beginLine": 7,
                    "beginColumn": 9,
                    "endLine": 11,
                    "endColumn": 77
                  },
                  "tokenRange": {
                    "beginToken": {
                      "kind": 94,
                      "text": "NotationName"
                    },
                    "endToken": {
                      "kind": 98,
                      "text": ")"
                    }
                  },
                  "annotations": [],
                  "modifiers": [],
                  "variables": [
                    {
                      "!": "com.github.javaparser.ast.body.VariableDeclarator",
                      "range": {
                        "beginLine": 7,
                        "beginColumn": 22,
                        "endLine": 11,
                        "endColumn": 77
                      },
                      "tokenRange": {
                        "beginToken": {
                          "kind": 94,
                          "text": "name"
                        },
                        "endToken": {
                          "kind": 98,
                          "text": ")"
                        }
                      },
                      "initializer": {
                        "!": "com.github.javaparser.ast.expr.MethodCallExpr",
                        "range": {
                          "beginLine": 8,
                          "beginColumn": 13,
                          "endLine": 11,
                          "endColumn": 77
                        },
                        "tokenRange": {
                          "beginToken": {
                            "kind": 94,
                            "text": "Notation"
                          },
                          "endToken": {
                            "kind": 98,
                            "text": ")"
                          }
                        },
                        "arguments": [
                          {
                            "!": "com.github.javaparser.ast.expr.StringLiteralExpr",
                            "range": {
                              "beginLine": 9,
                              "beginColumn": 21,
                              "endLine": 9,
                              "endColumn": 26
                            },
                            "tokenRange": {
                              "beginToken": {
                                "kind": 90,
                                "text": "\"Java\""
                              },
                              "endToken": {
                                "kind": 90,
                                "text": "\"Java\""
                              }
                            },
                            "value": "Java"
                          },
                          {
                            "!": "com.github.javaparser.ast.expr.NullLiteralExpr",
                            "range": {
                              "beginLine": 10,
                              "beginColumn": 21,
                              "endLine": 10,
                              "endColumn": 24
                            },
                            "tokenRange": {
                              "beginToken": {
                                "kind": 43,
                                "text": "null"
                              },
                              "endToken": {
                                "kind": 43,
                                "text": "null"
                              }
                            }
                          },
                          {
                            "!": "com.github.javaparser.ast.expr.MethodCallExpr",
                            "range": {
                              "beginLine": 11,
                              "beginColumn": 21,
                              "endLine": 11,
                              "endColumn": 76
                            },
                            "tokenRange": {
                              "beginToken": {
                                "kind": 94,
                                "text": "ResourceLoaderWrapper"
                              },
                              "endToken": {
                                "kind": 98,
                                "text": ")"
                              }
                            },
                            "arguments": [
                              {
                                "!": "com.github.javaparser.ast.expr.StringLiteralExpr",
                                "range": {
                                  "beginLine": 11,
                                  "beginColumn": 62,
                                  "endLine": 11,
                                  "endColumn": 75
                                },
                                "tokenRange": {
                                  "beginToken": {
                                    "kind": 90,
                                    "text": "\"JavaNotation\""
                                  },
                                  "endToken": {
                                    "kind": 90,
                                    "text": "\"JavaNotation\""
                                  }
                                },
                                "value": "JavaNotation"
                              }
                            ],
                            "name": {
                              "!": "com.github.javaparser.ast.expr.SimpleName",
                              "range": {
                                "beginLine": 11,
                                "beginColumn": 43,
                                "endLine": 11,
                                "endColumn": 60
                              },
                              "tokenRange": {
                                "beginToken": {
                                  "kind": 94,
                                  "text": "lookupIconResource"
                                },
                                "endToken": {
                                  "kind": 94,
                                  "text": "lookupIconResource"
                                }
                              },
                              "identifier": "lookupIconResource"
                            },
                            "scope": {
                              "!": "com.github.javaparser.ast.expr.NameExpr",
                              "range": {
                                "beginLine": 11,
                                "beginColumn": 21,
                                "endLine": 11,
                                "endColumn": 41
                              },
                              "tokenRange": {
                                "beginToken": {
                                  "kind": 94,
                                  "text": "ResourceLoaderWrapper"
                                },
                                "endToken": {
                                  "kind": 94,
                                  "text": "ResourceLoaderWrapper"
                                }
                              },
                              "name": {
                                "!": "com.github.javaparser.ast.expr.SimpleName",
                                "range": {
                                  "beginLine": 11,
                                  "beginColumn": 21,
                                  "endLine": 11,
                                  "endColumn": 41
                                },
                                "tokenRange": {
                                  "beginToken": {
                                    "kind": 94,
                                    "text": "ResourceLoaderWrapper"
                                  },
                                  "endToken": {
                                    "kind": 94,
                                    "text": "ResourceLoaderWrapper"
                                  }
                                },
                                "identifier": "ResourceLoaderWrapper"
                              }
                            }
                          }
                        ],
                        "name": {
                          "!": "com.github.javaparser.ast.expr.SimpleName",
                          "range": {
                            "beginLine": 8,
                            "beginColumn": 22,
                            "endLine": 8,
                            "endColumn": 33
                          },
                          "tokenRange": {
                            "beginToken": {
                              "kind": 94,
                              "text": "makeNotation"
                            },
                            "endToken": {
                              "kind": 94,
                              "text": "makeNotation"
                            }
                          },
                          "identifier": "makeNotation"
                        },
                        "scope": {
                          "!": "com.github.javaparser.ast.expr.NameExpr",
                          "range": {
                            "beginLine": 8,
                            "beginColumn": 13,
                            "endLine": 8,
                            "endColumn": 20
                          },
                          "tokenRange": {
                            "beginToken": {
                              "kind": 94,
                              "text": "Notation"
                            },
                            "endToken": {
                              "kind": 94,
                              "text": "Notation"
                            }
                          },
                          "name": {
                            "!": "com.github.javaparser.ast.expr.SimpleName",
                            "range": {
                              "beginLine": 8,
                              "beginColumn": 13,
                              "endLine": 8,
                              "endColumn": 20
                            },
                            "tokenRange": {
                              "beginToken": {
                                "kind": 94,
                                "text": "Notation"
                              },
                              "endToken": {
                                "kind": 94,
                                "text": "Notation"
                              }
                            },
                            "identifier": "Notation"
                          }
                        },
                        "comment": {
                          "!": "com.github.javaparser.ast.comments.BlockComment",
                          "range": {
                            "beginLine": 7,
                            "beginColumn": 29,
                            "endLine": 7,
                            "endColumn": 62
                          },
                          "tokenRange": {
                            "beginToken": {
                              "kind": 9,
                              "text": "/*Notation.findNotation(\"Java\");*/"
                            },
                            "endToken": {
                              "kind": 9,
                              "text": "/*Notation.findNotation(\"Java\");*/"
                            }
                          },
                          "content": "Notation.findNotation(\"Java\");"
                        }
                      },
                      "name": {
                        "!": "com.github.javaparser.ast.expr.SimpleName",
                        "range": {
                          "beginLine": 7,
                          "beginColumn": 22,
                          "endLine": 7,
                          "endColumn": 25
                        },
                        "tokenRange": {
                          "beginToken": {
                            "kind": 94,
                            "text": "name"
                          },
                          "endToken": {
                            "kind": 94,
                            "text": "name"
                          }
                        },
                        "identifier": "name"
                      },
                      "type": {
                        "!": "com.github.javaparser.ast.type.ClassOrInterfaceType",
                        "range": {
                          "beginLine": 7,
                          "beginColumn": 9,
                          "endLine": 7,
                          "endColumn": 20
                        },
                        "tokenRange": {
                          "beginToken": {
                            "kind": 94,
                            "text": "NotationName"
                          },
                          "endToken": {
                            "kind": 94,
                            "text": "NotationName"
                          }
                        },
                        "name": {
                          "!": "com.github.javaparser.ast.expr.SimpleName",
                          "range": {
                            "beginLine": 7,
                            "beginColumn": 9,
                            "endLine": 7,
                            "endColumn": 20
                          },
                          "tokenRange": {
                            "beginToken": {
                              "kind": 94,
                              "text": "NotationName"
                            },
                            "endToken": {
                              "kind": 94,
                              "text": "NotationName"
                            }
                          },
                          "identifier": "NotationName"
                        },
                        "annotations": []
                      }
                    }
                  ]
                }
              },
              {
                "!": "com.github.javaparser.ast.stmt.ExpressionStmt",
                "range": {
                  "beginLine": 13,
                  "beginColumn": 9,
                  "endLine": 15,
                  "endColumn": 58
                },
                "tokenRange": {
                  "beginToken": {
                    "kind": 94,
                    "text": "npf"
                  },
                  "endToken": {
                    "kind": 103,
                    "text": ";"
                  }
                },
                "expression": {
                  "!": "com.github.javaparser.ast.expr.MethodCallExpr",
                  "range": {
                    "beginLine": 13,
                    "beginColumn": 9,
                    "endLine": 15,
                    "endColumn": 57
                  },
                  "tokenRange": {
                    "beginToken": {
                      "kind": 94,
                      "text": "npf"
                    },
                    "endToken": {
                      "kind": 98,
                      "text": ")"
                    }
                  },
                  "arguments": [
                    {
                      "!": "com.github.javaparser.ast.expr.FieldAccessExpr",
                      "range": {
                        "beginLine": 14,
                        "beginColumn": 17,
                        "endLine": 14,
                        "endColumn": 50
                      },
                      "tokenRange": {
                        "beginToken": {
                          "kind": 94,
                          "text": "NotationProviderFactory2"
                        },
                        "endToken": {
                          "kind": 94,
                          "text": "TYPE_NAME"
                        }
                      },
                      "name": {
                        "!": "com.github.javaparser.ast.expr.SimpleName",
                        "range": {
                          "beginLine": 14,
                          "beginColumn": 42,
                          "endLine": 14,
                          "endColumn": 50
                        },
                        "tokenRange": {
                          "beginToken": {
                            "kind": 94,
                            "text": "TYPE_NAME"
                          },
                          "endToken": {
                            "kind": 94,
                            "text": "TYPE_NAME"
                          }
                        },
                        "identifier": "TYPE_NAME"
                      },
                      "scope": {
                        "!": "com.github.javaparser.ast.expr.NameExpr",
                        "range": {
                          "beginLine": 14,
                          "beginColumn": 17,
                          "endLine": 14,
                          "endColumn": 40
                        },
                        "tokenRange": {
                          "beginToken": {
                            "kind": 94,
                            "text": "NotationProviderFactory2"
                          },
                          "endToken": {
                            "kind": 94,
                            "text": "NotationProviderFactory2"
                          }
                        },
                        "name": {
                          "!": "com.github.javaparser.ast.expr.SimpleName",
                          "range": {
                            "beginLine": 14,
                            "beginColumn": 17,
                            "endLine": 14,
                            "endColumn": 40
                          },
                          "tokenRange": {
                            "beginToken": {
                              "kind": 94,
                              "text": "NotationProviderFactory2"
                            },
                            "endToken": {
                              "kind": 94,
                              "text": "NotationProviderFactory2"
                            }
                          },
                          "identifier": "NotationProviderFactory2"
                        }
                      }
                    },
                    {
                      "!": "com.github.javaparser.ast.expr.NameExpr",
                      "range": {
                        "beginLine": 15,
                        "beginColumn": 17,
                        "endLine": 15,
                        "endColumn": 20
                      },
                      "tokenRange": {
                        "beginToken": {
                          "kind": 94,
                          "text": "name"
                        },
                        "endToken": {
                          "kind": 94,
                          "text": "name"
                        }
                      },
                      "name": {
                        "!": "com.github.javaparser.ast.expr.SimpleName",
                        "range": {
                          "beginLine": 15,
                          "beginColumn": 17,
                          "endLine": 15,
                          "endColumn": 20
                        },
                        "tokenRange": {
                          "beginToken": {
                            "kind": 94,
                            "text": "name"
                          },
                          "endToken": {
                            "kind": 94,
                            "text": "name"
                          }
                        },
                        "identifier": "name"
                      }
                    },
                    {
                      "!": "com.github.javaparser.ast.expr.ClassExpr",
                      "range": {
                        "beginLine": 15,
                        "beginColumn": 23,
                        "endLine": 15,
                        "endColumn": 56
                      },
                      "tokenRange": {
                        "beginToken": {
                          "kind": 94,
                          "text": "ModelElementNameNotationJava"
                        },
                        "endToken": {
                          "kind": 19,
                          "text": "class"
                        }
                      },
                      "type": {
                        "!": "com.github.javaparser.ast.type.ClassOrInterfaceType",
                        "range": {
                          "beginLine": 15,
                          "beginColumn": 23,
                          "endLine": 15,
                          "endColumn": 50
                        },
                        "tokenRange": {
                          "beginToken": {
                            "kind": 94,
                            "text": "ModelElementNameNotationJava"
                          },
                          "endToken": {
                            "kind": 94,
                            "text": "ModelElementNameNotationJava"
                          }
                        },
                        "name": {
                          "!": "com.github.javaparser.ast.expr.SimpleName",
                          "range": {
                            "beginLine": 15,
                            "beginColumn": 23,
                            "endLine": 15,
                            "endColumn": 50
                          },
                          "tokenRange": {
                            "beginToken": {
                              "kind": 94,
                              "text": "ModelElementNameNotationJava"
                            },
                            "endToken": {
                              "kind": 94,
                              "text": "ModelElementNameNotationJava"
                            }
                          },
                          "identifier": "ModelElementNameNotationJava"
                        },
                        "annotations": []
                      }
                    }
                  ],
                  "name": {
                    "!": "com.github.javaparser.ast.expr.SimpleName",
                    "range": {
                      "beginLine": 13,
                      "beginColumn": 13,
                      "endLine": 13,
                      "endColumn": 31
                    },
                    "tokenRange": {
                      "beginToken": {
                        "kind": 94,
                        "text": "addNotationProvider"
                      },
                      "endToken": {
                        "kind": 94,
                        "text": "addNotationProvider"
                      }
                    },
                    "identifier": "addNotationProvider"
                  },
                  "scope": {
                    "!": "com.github.javaparser.ast.expr.NameExpr",
                    "range": {
                      "beginLine": 13,
                      "beginColumn": 9,
                      "endLine": 13,
                      "endColumn": 11
                    },
                    "tokenRange": {
                      "beginToken": {
                        "kind": 94,
                        "text": "npf"
                      },
                      "endToken": {
                        "kind": 94,
                        "text": "npf"
                      }
                    },
                    "name": {
                      "!": "com.github.javaparser.ast.expr.SimpleName",
                      "range": {
                        "beginLine": 13,
                        "beginColumn": 9,
                        "endLine": 13,
                        "endColumn": 11
                      },
                      "tokenRange": {
                        "beginToken": {
                          "kind": 94,
                          "text": "npf"
                        },
                        "endToken": {
                          "kind": 94,
                          "text": "npf"
                        }
                      },
                      "identifier": "npf"
                    }
                  }
                }
              },
              {
                "!": "com.github.javaparser.ast.stmt.ExpressionStmt",
                "range": {
                  "beginLine": 16,
                  "beginColumn": 9,
                  "endLine": 18,
                  "endColumn": 51
                },
                "tokenRange": {
                  "beginToken": {
                    "kind": 94,
                    "text": "npf"
                  },
                  "endToken": {
                    "kind": 103,
                    "text": ";"
                  }
                },
                "expression": {
                  "!": "com.github.javaparser.ast.expr.MethodCallExpr",
                  "range": {
                    "beginLine": 16,
                    "beginColumn": 9,
                    "endLine": 18,
                    "endColumn": 50
                  },
                  "tokenRange": {
                    "beginToken": {
                      "kind": 94,
                      "text": "npf"
                    },
                    "endToken": {
                      "kind": 98,
                      "text": ")"
                    }
                  },
                  "arguments": [
                    {
                      "!": "com.github.javaparser.ast.expr.FieldAccessExpr",
                      "range": {
                        "beginLine": 17,
                        "beginColumn": 17,
                        "endLine": 17,
                        "endColumn": 55
                      },
                      "tokenRange": {
                        "beginToken": {
                          "kind": 94,
                          "text": "NotationProviderFactory2"
                        },
                        "endToken": {
                          "kind": 94,
                          "text": "TYPE_ATTRIBUTE"
                        }
                      },
                      "name": {
                        "!": "com.github.javaparser.ast.expr.SimpleName",
                        "range": {
                          "beginLine": 17,
                          "beginColumn": 42,
                          "endLine": 17,
                          "endColumn": 55
                        },
                        "tokenRange": {
                          "beginToken": {
                            "kind": 94,
                            "text": "TYPE_ATTRIBUTE"
                          },
                          "endToken": {
                            "kind": 94,
                            "text": "TYPE_ATTRIBUTE"
                          }
                        },
                        "identifier": "TYPE_ATTRIBUTE"
                      },
                      "scope": {
                        "!": "com.github.javaparser.ast.expr.NameExpr",
                        "range": {
                          "beginLine": 17,
                          "beginColumn": 17,
                          "endLine": 17,
                          "endColumn": 40
                        },
                        "tokenRange": {
                          "beginToken": {
                            "kind": 94,
                            "text": "NotationProviderFactory2"
                          },
                          "endToken": {
                            "kind": 94,
                            "text": "NotationProviderFactory2"
                          }
                        },
                        "name": {
                          "!": "com.github.javaparser.ast.expr.SimpleName",
                          "range": {
                            "beginLine": 17,
                            "beginColumn": 17,
                            "endLine": 17,
                            "endColumn": 40
                          },
                          "tokenRange": {
                            "beginToken": {
                              "kind": 94,
                              "text": "NotationProviderFactory2"
                            },
                            "endToken": {
                              "kind": 94,
                              "text": "NotationProviderFactory2"
                            }
                          },
                          "identifier": "NotationProviderFactory2"
                        }
                      }
                    },
                    {
                      "!": "com.github.javaparser.ast.expr.NameExpr",
                      "range": {
                        "beginLine": 18,
                        "beginColumn": 17,
                        "endLine": 18,
                        "endColumn": 20
                      },
                      "tokenRange": {
                        "beginToken": {
                          "kind": 94,
                          "text": "name"
                        },
                        "endToken": {
                          "kind": 94,
                          "text": "name"
                        }
                      },
                      "name": {
                        "!": "com.github.javaparser.ast.expr.SimpleName",
                        "range": {
                          "beginLine": 18,
                          "beginColumn": 17,
                          "endLine": 18,
                          "endColumn": 20
                        },
                        "tokenRange": {
                          "beginToken": {
                            "kind": 94,
                            "text": "name"
                          },
                          "endToken": {
                            "kind": 94,
                            "text": "name"
                          }
                        },
                        "identifier": "name"
                      }
                    },
                    {
                      "!": "com.github.javaparser.ast.expr.ClassExpr",
                      "range": {
                        "beginLine": 18,
                        "beginColumn": 23,
                        "endLine": 18,
                        "endColumn": 49
                      },
                      "tokenRange": {
                        "beginToken": {
                          "kind": 94,
                          "text": "AttributeNotationJava"
                        },
                        "endToken": {
                          "kind": 19,
                          "text": "class"
                        }
                      },
                      "type": {
                        "!": "com.github.javaparser.ast.type.ClassOrInterfaceType",
                        "range": {
                          "beginLine": 18,
                          "beginColumn": 23,
                          "endLine": 18,
                          "endColumn": 43
                        },
                        "tokenRange": {
                          "beginToken": {
                            "kind": 94,
                            "text": "AttributeNotationJava"
                          },
                          "endToken": {
                            "kind": 94,
                            "text": "AttributeNotationJava"
                          }
                        },
                        "name": {
                          "!": "com.github.javaparser.ast.expr.SimpleName",
                          "range": {
                            "beginLine": 18,
                            "beginColumn": 23,
                            "endLine": 18,
                            "endColumn": 43
                          },
                          "tokenRange": {
                            "beginToken": {
                              "kind": 94,
                              "text": "AttributeNotationJava"
                            },
                            "endToken": {
                              "kind": 94,
                              "text": "AttributeNotationJava"
                            }
                          },
                          "identifier": "AttributeNotationJava"
                        },
                        "annotations": []
                      }
                    }
                  ],
                  "name": {
                    "!": "com.github.javaparser.ast.expr.SimpleName",
                    "range": {
                      "beginLine": 16,
                      "beginColumn": 13,
                      "endLine": 16,
                      "endColumn": 31
                    },
                    "tokenRange": {
                      "beginToken": {
                        "kind": 94,
                        "text": "addNotationProvider"
                      },
                      "endToken": {
                        "kind": 94,
                        "text": "addNotationProvider"
                      }
                    },
                    "identifier": "addNotationProvider"
                  },
                  "scope": {
                    "!": "com.github.javaparser.ast.expr.NameExpr",
                    "range": {
                      "beginLine": 16,
                      "beginColumn": 9,
                      "endLine": 16,
                      "endColumn": 11
                    },
                    "tokenRange": {
                      "beginToken": {
                        "kind": 94,
                        "text": "npf"
                      },
                      "endToken": {
                        "kind": 94,
                        "text": "npf"
                      }
                    },
                    "name": {
                      "!": "com.github.javaparser.ast.expr.SimpleName",
                      "range": {
                        "beginLine": 16,
                        "beginColumn": 9,
                        "endLine": 16,
                        "endColumn": 11
                      },
                      "tokenRange": {
                        "beginToken": {
                          "kind": 94,
                          "text": "npf"
                        },
                        "endToken": {
                          "kind": 94,
                          "text": "npf"
                        }
                      },
                      "identifier": "npf"
                    }
                  }
                }
              },
              {
                "!": "com.github.javaparser.ast.stmt.ExpressionStmt",
                "range": {
                  "beginLine": 19,
                  "beginColumn": 9,
                  "endLine": 21,
                  "endColumn": 51
                },
                "tokenRange": {
                  "beginToken": {
                    "kind": 94,
                    "text": "npf"
                  },
                  "endToken": {
                    "kind": 103,
                    "text": ";"
                  }
                },
                "expression": {
                  "!": "com.github.javaparser.ast.expr.MethodCallExpr",
                  "range": {
                    "beginLine": 19,
                    "beginColumn": 9,
                    "endLine": 21,
                    "endColumn": 50
                  },
                  "tokenRange": {
                    "beginToken": {
                      "kind": 94,
                      "text": "npf"
                    },
                    "endToken": {
                      "kind": 98,
                      "text": ")"
                    }
                  },
                  "arguments": [
                    {
                      "!": "com.github.javaparser.ast.expr.FieldAccessExpr",
                      "range": {
                        "beginLine": 20,
                        "beginColumn": 17,
                        "endLine": 20,
                        "endColumn": 55
                      },
                      "tokenRange": {
                        "beginToken": {
                          "kind": 94,
                          "text": "NotationProviderFactory2"
                        },
                        "endToken": {
                          "kind": 94,
                          "text": "TYPE_OPERATION"
                        }
                      },
                      "name": {
                        "!": "com.github.javaparser.ast.expr.SimpleName",
                        "range": {
                          "beginLine": 20,
                          "beginColumn": 42,
                          "endLine": 20,
                          "endColumn": 55
                        },
                        "tokenRange": {
                          "beginToken": {
                            "kind": 94,
                            "text": "TYPE_OPERATION"
                          },
                          "endToken": {
                            "kind": 94,
                            "text": "TYPE_OPERATION"
                          }
                        },
                        "identifier": "TYPE_OPERATION"
                      },
                      "scope": {
                        "!": "com.github.javaparser.ast.expr.NameExpr",
                        "range": {
                          "beginLine": 20,
                          "beginColumn": 17,
                          "endLine": 20,
                          "endColumn": 40
                        },
                        "tokenRange": {
                          "beginToken": {
                            "kind": 94,
                            "text": "NotationProviderFactory2"
                          },
                          "endToken": {
                            "kind": 94,
                            "text": "NotationProviderFactory2"
                          }
                        },
                        "name": {
                          "!": "com.github.javaparser.ast.expr.SimpleName",
                          "range": {
                            "beginLine": 20,
                            "beginColumn": 17,
                            "endLine": 20,
                            "endColumn": 40
                          },
                          "tokenRange": {
                            "beginToken": {
                              "kind": 94,
                              "text": "NotationProviderFactory2"
                            },
                            "endToken": {
                              "kind": 94,
                              "text": "NotationProviderFactory2"
                            }
                          },
                          "identifier": "NotationProviderFactory2"
                        }
                      }
                    },
                    {
                      "!": "com.github.javaparser.ast.expr.NameExpr",
                      "range": {
                        "beginLine": 21,
                        "beginColumn": 17,
                        "endLine": 21,
                        "endColumn": 20
                      },
                      "tokenRange": {
                        "beginToken": {
                          "kind": 94,
                          "text": "name"
                        },
                        "endToken": {
                          "kind": 94,
                          "text": "name"
                        }
                      },
                      "name": {
                        "!": "com.github.javaparser.ast.expr.SimpleName",
                        "range": {
                          "beginLine": 21,
                          "beginColumn": 17,
                          "endLine": 21,
                          "endColumn": 20
                        },
                        "tokenRange": {
                          "beginToken": {
                            "kind": 94,
                            "text": "name"
                          },
                          "endToken": {
                            "kind": 94,
                            "text": "name"
                          }
                        },
                        "identifier": "name"
                      }
                    },
                    {
                      "!": "com.github.javaparser.ast.expr.ClassExpr",
                      "range": {
                        "beginLine": 21,
                        "beginColumn": 23,
                        "endLine": 21,
                        "endColumn": 49
                      },
                      "tokenRange": {
                        "beginToken": {
                          "kind": 94,
                          "text": "OperationNotationJava"
                        },
                        "endToken": {
                          "kind": 19,
                          "text": "class"
                        }
                      },
                      "type": {
                        "!": "com.github.javaparser.ast.type.ClassOrInterfaceType",
                        "range": {
                          "beginLine": 21,
                          "beginColumn": 23,
                          "endLine": 21,
                          "endColumn": 43
                        },
                        "tokenRange": {
                          "beginToken": {
                            "kind": 94,
                            "text": "OperationNotationJava"
                          },
                          "endToken": {
                            "kind": 94,
                            "text": "OperationNotationJava"
                          }
                        },
                        "name": {
                          "!": "com.github.javaparser.ast.expr.SimpleName",
                          "range": {
                            "beginLine": 21,
                            "beginColumn": 23,
                            "endLine": 21,
                            "endColumn": 43
                          },
                          "tokenRange": {
                            "beginToken": {
                              "kind": 94,
                              "text": "OperationNotationJava"
                            },
                            "endToken": {
                              "kind": 94,
                              "text": "OperationNotationJava"
                            }
                          },
                          "identifier": "OperationNotationJava"
                        },
                        "annotations": []
                      }
                    }
                  ],
                  "name": {
                    "!": "com.github.javaparser.ast.expr.SimpleName",
                    "range": {
                      "beginLine": 19,
                      "beginColumn": 13,
                      "endLine": 19,
                      "endColumn": 31
                    },
                    "tokenRange": {
                      "beginToken": {
                        "kind": 94,
                        "text": "addNotationProvider"
                      },
                      "endToken": {
                        "kind": 94,
                        "text": "addNotationProvider"
                      }
                    },
                    "identifier": "addNotationProvider"
                  },
                  "scope": {
                    "!": "com.github.javaparser.ast.expr.NameExpr",
                    "range": {
                      "beginLine": 19,
                      "beginColumn": 9,
                      "endLine": 19,
                      "endColumn": 11
                    },
                    "tokenRange": {
                      "beginToken": {
                        "kind": 94,
                        "text": "npf"
                      },
                      "endToken": {
                        "kind": 94,
                        "text": "npf"
                      }
                    },
                    "name": {
                      "!": "com.github.javaparser.ast.expr.SimpleName",
                      "range": {
                        "beginLine": 19,
                        "beginColumn": 9,
                        "endLine": 19,
                        "endColumn": 11
                      },
                      "tokenRange": {
                        "beginToken": {
                          "kind": 94,
                          "text": "npf"
                        },
                        "endToken": {
                          "kind": 94,
                          "text": "npf"
                        }
                      },
                      "identifier": "npf"
                    }
                  }
                }
              },
              {
                "!": "com.github.javaparser.ast.stmt.ExpressionStmt",
                "range": {
                  "beginLine": 22,
                  "beginColumn": 9,
                  "endLine": 24,
                  "endColumn": 60
                },
                "tokenRange": {
                  "beginToken": {
                    "kind": 94,
                    "text": "npf"
                  },
                  "endToken": {
                    "kind": 103,
                    "text": ";"
                  }
                },
                "expression": {
                  "!": "com.github.javaparser.ast.expr.MethodCallExpr",
                  "range": {
                    "beginLine": 22,
                    "beginColumn": 9,
                    "endLine": 24,
                    "endColumn": 59
                  },
                  "tokenRange": {
                    "beginToken": {
                      "kind": 94,
                      "text": "npf"
                    },
                    "endToken": {
                      "kind": 98,
                      "text": ")"
                    }
                  },
                  "arguments": [
                    {
                      "!": "com.github.javaparser.ast.expr.FieldAccessExpr",
                      "range": {
                        "beginLine": 23,
                        "beginColumn": 17,
                        "endLine": 23,
                        "endColumn": 66
                      },
                      "tokenRange": {
                        "beginToken": {
                          "kind": 94,
                          "text": "NotationProviderFactory2"
                        },
                        "endToken": {
                          "kind": 94,
                          "text": "TYPE_ASSOCIATION_END_NAME"
                        }
                      },
                      "name": {
                        "!": "com.github.javaparser.ast.expr.SimpleName",
                        "range": {
                          "beginLine": 23,
                          "beginColumn": 42,
                          "endLine": 23,
                          "endColumn": 66
                        },
                        "tokenRange": {
                          "beginToken": {
                            "kind": 94,
                            "text": "TYPE_ASSOCIATION_END_NAME"
                          },
                          "endToken": {
                            "kind": 94,
                            "text": "TYPE_ASSOCIATION_END_NAME"
                          }
                        },
                        "identifier": "TYPE_ASSOCIATION_END_NAME"
                      },
                      "scope": {
                        "!": "com.github.javaparser.ast.expr.NameExpr",
                        "range": {
                          "beginLine": 23,
                          "beginColumn": 17,
                          "endLine": 23,
                          "endColumn": 40
                        },
                        "tokenRange": {
                          "beginToken": {
                            "kind": 94,
                            "text": "NotationProviderFactory2"
                          },
                          "endToken": {
                            "kind": 94,
                            "text": "NotationProviderFactory2"
                          }
                        },
                        "name": {
                          "!": "com.github.javaparser.ast.expr.SimpleName",
                          "range": {
                            "beginLine": 23,
                            "beginColumn": 17,
                            "endLine": 23,
                            "endColumn": 40
                          },
                          "tokenRange": {
                            "beginToken": {
                              "kind": 94,
                              "text": "NotationProviderFactory2"
                            },
                            "endToken": {
                              "kind": 94,
                              "text": "NotationProviderFactory2"
                            }
                          },
                          "identifier": "NotationProviderFactory2"
                        }
                      }
                    },
                    {
                      "!": "com.github.javaparser.ast.expr.NameExpr",
                      "range": {
                        "beginLine": 24,
                        "beginColumn": 17,
                        "endLine": 24,
                        "endColumn": 20
                      },
                      "tokenRange": {
                        "beginToken": {
                          "kind": 94,
                          "text": "name"
                        },
                        "endToken": {
                          "kind": 94,
                          "text": "name"
                        }
                      },
                      "name": {
                        "!": "com.github.javaparser.ast.expr.SimpleName",
                        "range": {
                          "beginLine": 24,
                          "beginColumn": 17,
                          "endLine": 24,
                          "endColumn": 20
                        },
                        "tokenRange": {
                          "beginToken": {
                            "kind": 94,
                            "text": "name"
                          },
                          "endToken": {
                            "kind": 94,
                            "text": "name"
                          }
                        },
                        "identifier": "name"
                      }
                    },
                    {
                      "!": "com.github.javaparser.ast.expr.ClassExpr",
                      "range": {
                        "beginLine": 24,
                        "beginColumn": 23,
                        "endLine": 24,
                        "endColumn": 58
                      },
                      "tokenRange": {
                        "beginToken": {
                          "kind": 94,
                          "text": "AssociationEndNameNotationJava"
                        },
                        "endToken": {
                          "kind": 19,
                          "text": "class"
                        }
                      },
                      "type": {
                        "!": "com.github.javaparser.ast.type.ClassOrInterfaceType",
                        "range": {
                          "beginLine": 24,
                          "beginColumn": 23,
                          "endLine": 24,
                          "endColumn": 52
                        },
                        "tokenRange": {
                          "beginToken": {
                            "kind": 94,
                            "text": "AssociationEndNameNotationJava"
                          },
                          "endToken": {
                            "kind": 94,
                            "text": "AssociationEndNameNotationJava"
                          }
                        },
                        "name": {
                          "!": "com.github.javaparser.ast.expr.SimpleName",
                          "range": {
                            "beginLine": 24,
                            "beginColumn": 23,
                            "endLine": 24,
                            "endColumn": 52
                          },
                          "tokenRange": {
                            "beginToken": {
                              "kind": 94,
                              "text": "AssociationEndNameNotationJava"
                            },
                            "endToken": {
                              "kind": 94,
                              "text": "AssociationEndNameNotationJava"
                            }
                          },
                          "identifier": "AssociationEndNameNotationJava"
                        },
                        "annotations": []
                      }
                    }
                  ],
                  "name": {
                    "!": "com.github.javaparser.ast.expr.SimpleName",
                    "range": {
                      "beginLine": 22,
                      "beginColumn": 13,
                      "endLine": 22,
                      "endColumn": 31
                    },
                    "tokenRange": {
                      "beginToken": {
                        "kind": 94,
                        "text": "addNotationProvider"
                      },
                      "endToken": {
                        "kind": 94,
                        "text": "addNotationProvider"
                      }
                    },
                    "identifier": "addNotationProvider"
                  },
                  "scope": {
                    "!": "com.github.javaparser.ast.expr.NameExpr",
                    "range": {
                      "beginLine": 22,
                      "beginColumn": 9,
                      "endLine": 22,
                      "endColumn": 11
                    },
                    "tokenRange": {
                      "beginToken": {
                        "kind": 94,
                        "text": "npf"
                      },
                      "endToken": {
                        "kind": 94,
                        "text": "npf"
                      }
                    },
                    "name": {
                      "!": "com.github.javaparser.ast.expr.SimpleName",
                      "range": {
                        "beginLine": 22,
                        "beginColumn": 9,
                        "endLine": 22,
                        "endColumn": 11
                      },
                      "tokenRange": {
                        "beginToken": {
                          "kind": 94,
                          "text": "npf"
                        },
                        "endToken": {
                          "kind": 94,
                          "text": "npf"
                        }
                      },
                      "identifier": "npf"
                    }
                  }
                }
              },
              {
                "!": "com.github.javaparser.ast.stmt.ExpressionStmt",
                "range": {
                  "beginLine": 25,
                  "beginColumn": 9,
                  "endLine": 27,
                  "endColumn": 57
                },
                "tokenRange": {
                  "beginToken": {
                    "kind": 94,
                    "text": "npf"
                  },
                  "endToken": {
                    "kind": 103,
                    "text": ";"
                  }
                },
                "expression": {
                  "!": "com.github.javaparser.ast.expr.MethodCallExpr",
                  "range": {
                    "beginLine": 25,
                    "beginColumn": 9,
                    "endLine": 27,
                    "endColumn": 56
                  },
                  "tokenRange": {
                    "beginToken": {
                      "kind": 94,
                      "text": "npf"
                    },
                    "endToken": {
                      "kind": 98,
                      "text": ")"
                    }
                  },
                  "arguments": [
                    {
                      "!": "com.github.javaparser.ast.expr.FieldAccessExpr",
                      "range": {
                        "beginLine": 26,
                        "beginColumn": 17,
                        "endLine": 26,
                        "endColumn": 62
                      },
                      "tokenRange": {
                        "beginToken": {
                          "kind": 94,
                          "text": "NotationProviderFactory2"
                        },
                        "endToken": {
                          "kind": 94,
                          "text": "TYPE_ASSOCIATION_NAME"
                        }
                      },
                      "name": {
                        "!": "com.github.javaparser.ast.expr.SimpleName",
                        "range": {
                          "beginLine": 26,
                          "beginColumn": 42,
                          "endLine": 26,
                          "endColumn": 62
                        },
                        "tokenRange": {
                          "beginToken": {
                            "kind": 94,
                            "text": "TYPE_ASSOCIATION_NAME"
                          },
                          "endToken": {
                            "kind": 94,
                            "text": "TYPE_ASSOCIATION_NAME"
                          }
                        },
                        "identifier": "TYPE_ASSOCIATION_NAME"
                      },
                      "scope": {
                        "!": "com.github.javaparser.ast.expr.NameExpr",
                        "range": {
                          "beginLine": 26,
                          "beginColumn": 17,
                          "endLine": 26,
                          "endColumn": 40
                        },
                        "tokenRange": {
                          "beginToken": {
                            "kind": 94,
                            "text": "NotationProviderFactory2"
                          },
                          "endToken": {
                            "kind": 94,
                            "text": "NotationProviderFactory2"
                          }
                        },
                        "name": {
                          "!": "com.github.javaparser.ast.expr.SimpleName",
                          "range": {
                            "beginLine": 26,
                            "beginColumn": 17,
                            "endLine": 26,
                            "endColumn": 40
                          },
                          "tokenRange": {
                            "beginToken": {
                              "kind": 94,
                              "text": "NotationProviderFactory2"
                            },
                            "endToken": {
                              "kind": 94,
                              "text": "NotationProviderFactory2"
                            }
                          },
                          "identifier": "NotationProviderFactory2"
                        }
                      }
                    },
                    {
                      "!": "com.github.javaparser.ast.expr.NameExpr",
                      "range": {
                        "beginLine": 27,
                        "beginColumn": 17,
                        "endLine": 27,
                        "endColumn": 20
                      },
                      "tokenRange": {
                        "beginToken": {
                          "kind": 94,
                          "text": "name"
                        },
                        "endToken": {
                          "kind": 94,
                          "text": "name"
                        }
                      },
                      "name": {
                        "!": "com.github.javaparser.ast.expr.SimpleName",
                        "range": {
                          "beginLine": 27,
                          "beginColumn": 17,
                          "endLine": 27,
                          "endColumn": 20
                        },
                        "tokenRange": {
                          "beginToken": {
                            "kind": 94,
                            "text": "name"
                          },
                          "endToken": {
                            "kind": 94,
                            "text": "name"
                          }
                        },
                        "identifier": "name"
                      }
                    },
                    {
                      "!": "com.github.javaparser.ast.expr.ClassExpr",
                      "range": {
                        "beginLine": 27,
                        "beginColumn": 23,
                        "endLine": 27,
                        "endColumn": 55
                      },
                      "tokenRange": {
                        "beginToken": {
                          "kind": 94,
                          "text": "AssociationNameNotationJava"
                        },
                        "endToken": {
                          "kind": 19,
                          "text": "class"
                        }
                      },
                      "type": {
                        "!": "com.github.javaparser.ast.type.ClassOrInterfaceType",
                        "range": {
                          "beginLine": 27,
                          "beginColumn": 23,
                          "endLine": 27,
                          "endColumn": 49
                        },
                        "tokenRange": {
                          "beginToken": {
                            "kind": 94,
                            "text": "AssociationNameNotationJava"
                          },
                          "endToken": {
                            "kind": 94,
                            "text": "AssociationNameNotationJava"
                          }
                        },
                        "name": {
                          "!": "com.github.javaparser.ast.expr.SimpleName",
                          "range": {
                            "beginLine": 27,
                            "beginColumn": 23,
                            "endLine": 27,
                            "endColumn": 49
                          },
                          "tokenRange": {
                            "beginToken": {
                              "kind": 94,
                              "text": "AssociationNameNotationJava"
                            },
                            "endToken": {
                              "kind": 94,
                              "text": "AssociationNameNotationJava"
                            }
                          },
                          "identifier": "AssociationNameNotationJava"
                        },
                        "annotations": []
                      }
                    }
                  ],
                  "name": {
                    "!": "com.github.javaparser.ast.expr.SimpleName",
                    "range": {
                      "beginLine": 25,
                      "beginColumn": 13,
                      "endLine": 25,
                      "endColumn": 31
                    },
                    "tokenRange": {
                      "beginToken": {
                        "kind": 94,
                        "text": "addNotationProvider"
                      },
                      "endToken": {
                        "kind": 94,
                        "text": "addNotationProvider"
                      }
                    },
                    "identifier": "addNotationProvider"
                  },
                  "scope": {
                    "!": "com.github.javaparser.ast.expr.NameExpr",
                    "range": {
                      "beginLine": 25,
                      "beginColumn": 9,
                      "endLine": 25,
                      "endColumn": 11
                    },
                    "tokenRange": {
                      "beginToken": {
                        "kind": 94,
                        "text": "npf"
                      },
                      "endToken": {
                        "kind": 94,
                        "text": "npf"
                      }
                    },
                    "name": {
                      "!": "com.github.javaparser.ast.expr.SimpleName",
                      "range": {
                        "beginLine": 25,
                        "beginColumn": 9,
                        "endLine": 25,
                        "endColumn": 11
                      },
                      "tokenRange": {
                        "beginToken": {
                          "kind": 94,
                          "text": "npf"
                        },
                        "endToken": {
                          "kind": 94,
                          "text": "npf"
                        }
                      },
                      "identifier": "npf"
                    }
                  }
                }
              }
            ]
          },
          "type": {
            "!": "com.github.javaparser.ast.type.VoidType",
            "range": {
              "beginLine": 5,
              "beginColumn": 12,
              "endLine": 5,
              "endColumn": 15
            },
            "tokenRange": {
              "beginToken": {
                "kind": 62,
                "text": "void"
              },
              "endToken": {
                "kind": 62,
                "text": "void"
              }
            },
            "annotations": []
          },
          "modifiers": [
            {
              "!": "com.github.javaparser.ast.Modifier",
              "range": {
                "beginLine": 5,
                "beginColumn": 5,
                "endLine": 5,
                "endColumn": 10
              },
              "tokenRange": {
                "beginToken": {
                  "kind": 51,
                  "text": "static"
                },
                "endToken": {
                  "kind": 51,
                  "text": "static"
                }
              },
              "keyword": "STATIC"
            }
          ],
          "name": {
            "!": "com.github.javaparser.ast.expr.SimpleName",
            "range": {
              "beginLine": 5,
              "beginColumn": 17,
              "endLine": 5,
              "endColumn": 20
            },
            "tokenRange": {
              "beginToken": {
                "kind": 94,
                "text": "init"
              },
              "endToken": {
                "kind": 94,
                "text": "init"
              }
            },
            "identifier": "init"
          },
          "parameters": [],
          "thrownExceptions": [],
          "typeParameters": [],
          "annotations": [],
          "comment": {
            "!": "com.github.javaparser.ast.comments.JavadocComment",
            "range": {
              "beginLine": 2,
              "beginColumn": 5,
              "endLine": 4,
              "endColumn": 7
            },
            "tokenRange": {
              "beginToken": {
                "kind": 8,
                "text": "/**\n     * static initializer, register all appropriate notations.\n     */"
              },
              "endToken": {
                "kind": 8,
                "text": "/**\n     * static initializer, register all appropriate notations.\n     */"
              }
            },
            "content": "\n     * static initializer, register all appropriate notations.\n     "
          }
        }
      ],
      "modifiers": [],
      "name": {
        "!": "com.github.javaparser.ast.expr.SimpleName",
        "range": {
          "beginLine": 1,
          "beginColumn": 7,
          "endLine": 1,
          "endColumn": 10
        },
        "tokenRange": {
          "beginToken": {
            "kind": 94,
            "text": "Test"
          },
          "endToken": {
            "kind": 94,
            "text": "Test"
          }
        },
        "identifier": "Test"
      },
      "annotations": []
    }
  ]
}