{"!":"com.github.javaparser.ast.CompilationUnit","range":{"beginLine":1,"beginColumn":1,"endLine":18,"endColumn":2},"tokenRange":{"beginToken":{"kind":19,"text":"class"},"endToken":{"kind":0,"text":""}},"imports":[],"types":[{"!":"com.github.javaparser.ast.body.ClassOrInterfaceDeclaration","range":{"beginLine":1,"beginColumn":1,"endLine":18,"endColumn":2},"tokenRange":{"beginToken":{"kind":19,"text":"class"},"endToken":{"kind":100,"text":"}"}},"extendedTypes":[],"implementedTypes":[],"isInterface":"false","typeParameters":[],"members":[{"!":"com.github.javaparser.ast.body.MethodDeclaration","range":{"beginLine":2,"beginColumn":2,"endLine":16,"endColumn":2},"tokenRange":{"beginToken":{"kind":107,"text":"@"},"endToken":{"kind":100,"text":"}"}},"body":{"!":"com.github.javaparser.ast.stmt.BlockStmt","range":{"beginLine":4,"beginColumn":43,"endLine":16,"endColumn":2},"tokenRange":{"beginToken":{"kind":99,"text":"{"},"endToken":{"kind":100,"text":"}"}},"statements":[{"!":"com.github.javaparser.ast.stmt.ExpressionStmt","range":{"beginLine":5,"beginColumn":3,"endLine":5,"endColumn":17},"tokenRange":{"beginToken":{"kind":94,"text":"feedDatabase"},"endToken":{"kind":103,"text":";"}},"expression":{"!":"com.github.javaparser.ast.expr.MethodCallExpr","range":{"beginLine":5,"beginColumn":3,"endLine":5,"endColumn":16},"tokenRange":{"beginToken":{"kind":94,"text":"feedDatabase"},"endToken":{"kind":98,"text":")"}},"arguments":[],"name":{"!":"com.github.javaparser.ast.expr.SimpleName","range":{"beginLine":5,"beginColumn":3,"endLine":5,"endColumn":14},"tokenRange":{"beginToken":{"kind":94,"text":"feedDatabase"},"endToken":{"kind":94,"text":"feedDatabase"}},"identifier":"feedDatabase"}}},{"!":"com.github.javaparser.ast.stmt.ExpressionStmt","range":{"beginLine":7,"beginColumn":3,"endLine":7,"endColumn":28},"tokenRange":{"beginToken":{"kind":94,"text":"Session"},"endToken":{"kind":103,"text":";"}},"expression":{"!":"com.github.javaparser.ast.expr.VariableDeclarationExpr","range":{"beginLine":7,"beginColumn":3,"endLine":7,"endColumn":27},"tokenRange":{"beginToken":{"kind":94,"text":"Session"},"endToken":{"kind":98,"text":")"}},"annotations":[],"modifiers":[],"variables":[{"!":"com.github.javaparser.ast.body.VariableDeclarator","range":{"beginLine":7,"beginColumn":11,"endLine":7,"endColumn":27},"tokenRange":{"beginToken":{"kind":94,"text":"s"},"endToken":{"kind":98,"text":")"}},"initializer":{"!":"com.github.javaparser.ast.expr.MethodCallExpr","range":{"beginLine":7,"beginColumn":15,"endLine":7,"endColumn":27},"tokenRange":{"beginToken":{"kind":94,"text":"openSession"},"endToken":{"kind":98,"text":")"}},"arguments":[],"name":{"!":"com.github.javaparser.ast.expr.SimpleName","range":{"beginLine":7,"beginColumn":15,"endLine":7,"endColumn":25},"tokenRange":{"beginToken":{"kind":94,"text":"openSession"},"endToken":{"kind":94,"text":"openSession"}},"identifier":"openSession"}},"name":{"!":"com.github.javaparser.ast.expr.SimpleName","range":{"beginLine":7,"beginColumn":11,"endLine":7,"endColumn":11},"tokenRange":{"beginToken":{"kind":94,"text":"s"},"endToken":{"kind":94,"text":"s"}},"identifier":"s"},"type":{"!":"com.github.javaparser.ast.type.ClassOrInterfaceType","range":{"beginLine":7,"beginColumn":3,"endLine":7,"endColumn":9},"tokenRange":{"beginToken":{"kind":94,"text":"Session"},"endToken":{"kind":94,"text":"Session"}},"name":{"!":"com.github.javaparser.ast.expr.SimpleName","range":{"beginLine":7,"beginColumn":3,"endLine":7,"endColumn":9},"tokenRange":{"beginToken":{"kind":94,"text":"Session"},"endToken":{"kind":94,"text":"Session"}},"identifier":"Session"},"annotations":[]}}]}},{"!":"com.github.javaparser.ast.stmt.ExpressionStmt","range":{"beginLine":9,"beginColumn":3,"endLine":9,"endColumn":171},"tokenRange":{"beginToken":{"kind":94,"text":"List"},"endToken":{"kind":103,"text":";"}},"expression":{"!":"com.github.javaparser.ast.expr.VariableDeclarationExpr","range":{"beginLine":9,"beginColumn":3,"endLine":9,"endColumn":170},"tokenRange":{"beginToken":{"kind":94,"text":"List"},"endToken":{"kind":98,"text":")"}},"annotations":[],"modifiers":[],"variables":[{"!":"com.github.javaparser.ast.body.VariableDeclarator","range":{"beginLine":9,"beginColumn":15,"endLine":9,"endColumn":170},"tokenRange":{"beginToken":{"kind":94,"text":"entries"},"endToken":{"kind":98,"text":")"}},"initializer":{"!":"com.github.javaparser.ast.expr.MethodCallExpr","range":{"beginLine":9,"beginColumn":25,"endLine":9,"endColumn":170},"tokenRange":{"beginToken":{"kind":94,"text":"s"},"endToken":{"kind":98,"text":")"}},"arguments":[],"name":{"!":"com.github.javaparser.ast.expr.SimpleName","range":{"beginLine":9,"beginColumn":165,"endLine":9,"endColumn":168},"tokenRange":{"beginToken":{"kind":94,"text":"list"},"endToken":{"kind":94,"text":"list"}},"identifier":"list"},"scope":{"!":"com.github.javaparser.ast.expr.MethodCallExpr","range":{"beginLine":9,"beginColumn":25,"endLine":9,"endColumn":163},"tokenRange":{"beginToken":{"kind":94,"text":"s"},"endToken":{"kind":98,"text":")"}},"arguments":[{"!":"com.github.javaparser.ast.expr.IntegerLiteralExpr","range":{"beginLine":9,"beginColumn":162,"endLine":9,"endColumn":162},"tokenRange":{"beginToken":{"kind":77,"text":"5"},"endToken":{"kind":77,"text":"5"}},"value":"5"}],"name":{"!":"com.github.javaparser.ast.expr.SimpleName","range":{"beginLine":9,"beginColumn":148,"endLine":9,"endColumn":160},"tokenRange":{"beginToken":{"kind":94,"text":"setMaxResults"},"endToken":{"kind":94,"text":"setMaxResults"}},"identifier":"setMaxResults"},"scope":{"!":"com.github.javaparser.ast.expr.MethodCallExpr","range":{"beginLine":9,"beginColumn":25,"endLine":9,"endColumn":146},"tokenRange":{"beginToken":{"kind":94,"text":"s"},"endToken":{"kind":98,"text":")"}},"arguments":[{"!":"com.github.javaparser.ast.expr.IntegerLiteralExpr","range":{"beginLine":9,"beginColumn":144,"endLine":9,"endColumn":145},"tokenRange":{"beginToken":{"kind":77,"text":"10"},"endToken":{"kind":77,"text":"10"}},"value":"10"}],"name":{"!":"com.github.javaparser.ast.expr.SimpleName","range":{"beginLine":9,"beginColumn":129,"endLine":9,"endColumn":142},"tokenRange":{"beginToken":{"kind":94,"text":"setFirstResult"},"endToken":{"kind":94,"text":"setFirstResult"}},"identifier":"setFirstResult"},"scope":{"!":"com.github.javaparser.ast.expr.MethodCallExpr","range":{"beginLine":9,"beginColumn":25,"endLine":9,"endColumn":127},"tokenRange":{"beginToken":{"kind":94,"text":"s"},"endToken":{"kind":98,"text":")"}},"arguments":[{"!":"com.github.javaparser.ast.expr.StringLiteralExpr","range":{"beginLine":9,"beginColumn":39,"endLine":9,"endColumn":126},"tokenRange":{"beginToken":{"kind":90,"text":"\"select distinct e from Entry e join e.tags t where t.surrogate != null order by e.name\""},"endToken":{"kind":90,"text":"\"select distinct e from Entry e join e.tags t where t.surrogate != null order by e.name\""}},"value":"select distinct e from Entry e join e.tags t where t.surrogate != null order by e.name"}],"name":{"!":"com.github.javaparser.ast.expr.SimpleName","range":{"beginLine":9,"beginColumn":27,"endLine":9,"endColumn":37},"tokenRange":{"beginToken":{"kind":94,"text":"createQuery"},"endToken":{"kind":94,"text":"createQuery"}},"identifier":"createQuery"},"scope":{"!":"com.github.javaparser.ast.expr.NameExpr","range":{"beginLine":9,"beginColumn":25,"endLine":9,"endColumn":25},"tokenRange":{"beginToken":{"kind":94,"text":"s"},"endToken":{"kind":94,"text":"s"}},"name":{"!":"com.github.javaparser.ast.expr.SimpleName","range":{"beginLine":9,"beginColumn":25,"endLine":9,"endColumn":25},"tokenRange":{"beginToken":{"kind":94,"text":"s"},"endToken":{"kind":94,"text":"s"}},"identifier":"s"}}}}}},"name":{"!":"com.github.javaparser.ast.expr.SimpleName","range":{"beginLine":9,"beginColumn":15,"endLine":9,"endColumn":21},"tokenRange":{"beginToken":{"kind":94,"text":"entries"},"endToken":{"kind":94,"text":"entries"}},"identifier":"entries"},"type":{"!":"com.github.javaparser.ast.type.ClassOrInterfaceType","range":{"beginLine":9,"beginColumn":3,"endLine":9,"endColumn":13},"tokenRange":{"beginToken":{"kind":94,"text":"List"},"endToken":{"kind":146,"text":">"}},"name":{"!":"com.github.javaparser.ast.expr.SimpleName","range":{"beginLine":9,"beginColumn":3,"endLine":9,"endColumn":6},"tokenRange":{"beginToken":{"kind":94,"text":"List"},"endToken":{"kind":94,"text":"List"}},"identifier":"List"},"typeArguments":[{"!":"com.github.javaparser.ast.type.ClassOrInterfaceType","range":{"beginLine":9,"beginColumn":8,"endLine":9,"endColumn":12},"tokenRange":{"beginToken":{"kind":94,"text":"Entry"},"endToken":{"kind":94,"text":"Entry"}},"name":{"!":"com.github.javaparser.ast.expr.SimpleName","range":{"beginLine":9,"beginColumn":8,"endLine":9,"endColumn":12},"tokenRange":{"beginToken":{"kind":94,"text":"Entry"},"endToken":{"kind":94,"text":"Entry"}},"identifier":"Entry"},"annotations":[]}],"annotations":[]}}]}},{"!":"com.github.javaparser.ast.stmt.ExpressionStmt","range":{"beginLine":12,"beginColumn":3,"endLine":12,"endColumn":39},"tokenRange":{"beginToken":{"kind":94,"text":"Entry"},"endToken":{"kind":103,"text":";"}},"expression":{"!":"com.github.javaparser.ast.expr.VariableDeclarationExpr","range":{"beginLine":12,"beginColumn":3,"endLine":12,"endColumn":38},"tokenRange":{"beginToken":{"kind":94,"text":"Entry"},"endToken":{"kind":98,"text":")"}},"annotations":[],"modifiers":[],"variables":[{"!":"com.github.javaparser.ast.body.VariableDeclarator","range":{"beginLine":12,"beginColumn":9,"endLine":12,"endColumn":38},"tokenRange":{"beginToken":{"kind":94,"text":"firstEntry"},"endToken":{"kind":98,"text":")"}},"initializer":{"!":"com.github.javaparser.ast.expr.MethodCallExpr","range":{"beginLine":12,"beginColumn":22,"endLine":12,"endColumn":38},"tokenRange":{"beginToken":{"kind":94,"text":"entries"},"endToken":{"kind":98,"text":")"}},"arguments":[{"!":"com.github.javaparser.ast.expr.IntegerLiteralExpr","range":{"beginLine":12,"beginColumn":37,"endLine":12,"endColumn":37},"tokenRange":{"beginToken":{"kind":77,"text":"0"},"endToken":{"kind":77,"text":"0"}},"value":"0"}],"name":{"!":"com.github.javaparser.ast.expr.SimpleName","range":{"beginLine":12,"beginColumn":30,"endLine":12,"endColumn":35},"tokenRange":{"beginToken":{"kind":94,"text":"remove"},"endToken":{"kind":94,"text":"remove"}},"identifier":"remove"},"scope":{"!":"com.github.javaparser.ast.expr.NameExpr","range":{"beginLine":12,"beginColumn":22,"endLine":12,"endColumn":28},"tokenRange":{"beginToken":{"kind":94,"text":"entries"},"endToken":{"kind":94,"text":"entries"}},"name":{"!":"com.github.javaparser.ast.expr.SimpleName","range":{"beginLine":12,"beginColumn":22,"endLine":12,"endColumn":28},"tokenRange":{"beginToken":{"kind":94,"text":"entries"},"endToken":{"kind":94,"text":"entries"}},"identifier":"entries"}}},"name":{"!":"com.github.javaparser.ast.expr.SimpleName","range":{"beginLine":12,"beginColumn":9,"endLine":12,"endColumn":18},"tokenRange":{"beginToken":{"kind":94,"text":"firstEntry"},"endToken":{"kind":94,"text":"firstEntry"}},"identifier":"firstEntry"},"type":{"!":"com.github.javaparser.ast.type.ClassOrInterfaceType","range":{"beginLine":12,"beginColumn":3,"endLine":12,"endColumn":7},"tokenRange":{"beginToken":{"kind":94,"text":"Entry"},"endToken":{"kind":94,"text":"Entry"}},"name":{"!":"com.github.javaparser.ast.expr.SimpleName","range":{"beginLine":12,"beginColumn":3,"endLine":12,"endColumn":7},"tokenRange":{"beginToken":{"kind":94,"text":"Entry"},"endToken":{"kind":94,"text":"Entry"}},"identifier":"Entry"},"annotations":[]}}]},"comment":{"!":"com.github.javaparser.ast.comments.LineComment","range":{"beginLine":11,"beginColumn":3,"endLine":11,"endColumn":33},"tokenRange":{"beginToken":{"kind":5,"text":"// System.out.println(entries);"},"endToken":{"kind":5,"text":"// System.out.println(entries);"}},"content":" System.out.println(entries);"}},{"!":"com.github.javaparser.ast.stmt.ExpressionStmt","range":{"beginLine":13,"beginColumn":3,"endLine":13,"endColumn":143},"tokenRange":{"beginToken":{"kind":94,"text":"assertFalse"},"endToken":{"kind":103,"text":";"}},"expression":{"!":"com.github.javaparser.ast.expr.MethodCallExpr","range":{"beginLine":13,"beginColumn":3,"endLine":13,"endColumn":142},"tokenRange":{"beginToken":{"kind":94,"text":"assertFalse"},"endToken":{"kind":98,"text":")"}},"arguments":[{"!":"com.github.javaparser.ast.expr.StringLiteralExpr","range":{"beginLine":13,"beginColumn":15,"endLine":13,"endColumn":111},"tokenRange":{"beginToken":{"kind":90,"text":"\"The list of entries should not contain dublicated Entry objects as we've done a distinct select\""},"endToken":{"kind":90,"text":"\"The list of entries should not contain dublicated Entry objects as we've done a distinct select\""}},"value":"The list of entries should not contain dublicated Entry objects as we've done a distinct select"},{"!":"com.github.javaparser.ast.expr.MethodCallExpr","range":{"beginLine":13,"beginColumn":114,"endLine":13,"endColumn":141},"tokenRange":{"beginToken":{"kind":94,"text":"entries"},"endToken":{"kind":98,"text":")"}},"arguments":[{"!":"com.github.javaparser.ast.expr.NameExpr","range":{"beginLine":13,"beginColumn":131,"endLine":13,"endColumn":140},"tokenRange":{"beginToken":{"kind":94,"text":"firstEntry"},"endToken":{"kind":94,"text":"firstEntry"}},"name":{"!":"com.github.javaparser.ast.expr.SimpleName","range":{"beginLine":13,"beginColumn":131,"endLine":13,"endColumn":140},"tokenRange":{"beginToken":{"kind":94,"text":"firstEntry"},"endToken":{"kind":94,"text":"firstEntry"}},"identifier":"firstEntry"}}],"name":{"!":"com.github.javaparser.ast.expr.SimpleName","range":{"beginLine":13,"beginColumn":122,"endLine":13,"endColumn":129},"tokenRange":{"beginToken":{"kind":94,"text":"contains"},"endToken":{"kind":94,"text":"contains"}},"identifier":"contains"},"scope":{"!":"com.github.javaparser.ast.expr.NameExpr","range":{"beginLine":13,"beginColumn":114,"endLine":13,"endColumn":120},"tokenRange":{"beginToken":{"kind":94,"text":"entries"},"endToken":{"kind":94,"text":"entries"}},"name":{"!":"com.github.javaparser.ast.expr.SimpleName","range":{"beginLine":13,"beginColumn":114,"endLine":13,"endColumn":120},"tokenRange":{"beginToken":{"kind":94,"text":"entries"},"endToken":{"kind":94,"text":"entries"}},"identifier":"entries"}}}],"name":{"!":"com.github.javaparser.ast.expr.SimpleName","range":{"beginLine":13,"beginColumn":3,"endLine":13,"endColumn":13},"tokenRange":{"beginToken":{"kind":94,"text":"assertFalse"},"endToken":{"kind":94,"text":"assertFalse"}},"identifier":"assertFalse"}}},{"!":"com.github.javaparser.ast.stmt.ExpressionStmt","range":{"beginLine":15,"beginColumn":3,"endLine":15,"endColumn":12},"tokenRange":{"beginToken":{"kind":94,"text":"s"},"endToken":{"kind":103,"text":";"}},"expression":{"!":"com.github.javaparser.ast.expr.MethodCallExpr","range":{"beginLine":15,"beginColumn":3,"endLine":15,"endColumn":11},"tokenRange":{"beginToken":{"kind":94,"text":"s"},"endToken":{"kind":98,"text":")"}},"arguments":[],"name":{"!":"com.github.javaparser.ast.expr.SimpleName","range":{"beginLine":15,"beginColumn":5,"endLine":15,"endColumn":9},"tokenRange":{"beginToken":{"kind":94,"text":"close"},"endToken":{"kind":94,"text":"close"}},"identifier":"close"},"scope":{"!":"com.github.javaparser.ast.expr.NameExpr","range":{"beginLine":15,"beginColumn":3,"endLine":15,"endColumn":3},"tokenRange":{"beginToken":{"kind":94,"text":"s"},"endToken":{"kind":94,"text":"s"}},"name":{"!":"com.github.javaparser.ast.expr.SimpleName","range":{"beginLine":15,"beginColumn":3,"endLine":15,"endColumn":3},"tokenRange":{"beginToken":{"kind":94,"text":"s"},"endToken":{"kind":94,"text":"s"}},"identifier":"s"}}}}]},"type":{"!":"com.github.javaparser.ast.type.VoidType","range":{"beginLine":4,"beginColumn":9,"endLine":4,"endColumn":12},"tokenRange":{"beginToken":{"kind":62,"text":"void"},"endToken":{"kind":62,"text":"void"}},"annotations":[]},"modifiers":[{"!":"com.github.javaparser.ast.Modifier","range":{"beginLine":4,"beginColumn":2,"endLine":4,"endColumn":7},"tokenRange":{"beginToken":{"kind":47,"text":"public"},"endToken":{"kind":47,"text":"public"}},"keyword":"PUBLIC"}],"name":{"!":"com.github.javaparser.ast.expr.SimpleName","range":{"beginLine":4,"beginColumn":14,"endLine":4,"endColumn":39},"tokenRange":{"beginToken":{"kind":94,"text":"testDistinctSelectWithJoin"},"endToken":{"kind":94,"text":"testDistinctSelectWithJoin"}},"identifier":"testDistinctSelectWithJoin"},"parameters":[],"thrownExceptions":[],"typeParameters":[],"annotations":[{"!":"com.github.javaparser.ast.expr.SingleMemberAnnotationExpr","range":{"beginLine":2,"beginColumn":2,"endLine":2,"endColumn":34},"tokenRange":{"beginToken":{"kind":107,"text":"@"},"endToken":{"kind":98,"text":")"}},"memberValue":{"!":"com.github.javaparser.ast.expr.ArrayInitializerExpr","range":{"beginLine":2,"beginColumn":21,"endLine":2,"endColumn":33},"tokenRange":{"beginToken":{"kind":99,"text":"{"},"endToken":{"kind":100,"text":"}"}},"values":[{"!":"com.github.javaparser.ast.expr.StringLiteralExpr","range":{"beginLine":2,"beginColumn":22,"endLine":2,"endColumn":32},"tokenRange":{"beginToken":{"kind":90,"text":"\"unchecked\""},"endToken":{"kind":90,"text":"\"unchecked\""}},"value":"unchecked"}]},"name":{"!":"com.github.javaparser.ast.expr.Name","range":{"beginLine":2,"beginColumn":3,"endLine":2,"endColumn":18},"tokenRange":{"beginToken":{"kind":94,"text":"SuppressWarnings"},"endToken":{"kind":94,"text":"SuppressWarnings"}},"identifier":"SuppressWarnings"}},{"!":"com.github.javaparser.ast.expr.MarkerAnnotationExpr","range":{"beginLine":3,"beginColumn":2,"endLine":3,"endColumn":6},"tokenRange":{"beginToken":{"kind":107,"text":"@"},"endToken":{"kind":94,"text":"Test"}},"name":{"!":"com.github.javaparser.ast.expr.Name","range":{"beginLine":3,"beginColumn":3,"endLine":3,"endColumn":6},"tokenRange":{"beginToken":{"kind":94,"text":"Test"},"endToken":{"kind":94,"text":"Test"}},"identifier":"Test"}}]}],"modifiers":[],"name":{"!":"com.github.javaparser.ast.expr.SimpleName","range":{"beginLine":1,"beginColumn":7,"endLine":1,"endColumn":10},"tokenRange":{"beginToken":{"kind":94,"text":"Test"},"endToken":{"kind":94,"text":"Test"}},"identifier":"Test"},"annotations":[]}]}