{"!":"com.github.javaparser.ast.CompilationUnit","range":{"beginLine":1,"beginColumn":1,"endLine":26,"endColumn":2},"tokenRange":{"beginToken":{"kind":19,"text":"class"},"endToken":{"kind":0,"text":""}},"imports":[],"types":[{"!":"com.github.javaparser.ast.body.ClassOrInterfaceDeclaration","range":{"beginLine":1,"beginColumn":1,"endLine":26,"endColumn":2},"tokenRange":{"beginToken":{"kind":19,"text":"class"},"endToken":{"kind":100,"text":"}"}},"extendedTypes":[],"implementedTypes":[],"isInterface":"false","typeParameters":[],"members":[{"!":"com.github.javaparser.ast.body.ConstructorDeclaration","range":{"beginLine":5,"beginColumn":2,"endLine":24,"endColumn":2},"tokenRange":{"beginToken":{"kind":47,"text":"public"},"endToken":{"kind":100,"text":"}"}},"body":{"!":"com.github.javaparser.ast.stmt.BlockStmt","range":{"beginLine":5,"beginColumn":28,"endLine":24,"endColumn":2},"tokenRange":{"beginToken":{"kind":99,"text":"{"},"endToken":{"kind":100,"text":"}"}},"statements":[{"!":"com.github.javaparser.ast.stmt.ExplicitConstructorInvocationStmt","range":{"beginLine":6,"beginColumn":3,"endLine":6,"endColumn":10},"tokenRange":{"beginToken":{"kind":53,"text":"super"},"endToken":{"kind":103,"text":";"}},"arguments":[],"isThis":"false"},{"!":"com.github.javaparser.ast.stmt.ExpressionStmt","range":{"beginLine":8,"beginColumn":3,"endLine":8,"endColumn":41},"tokenRange":{"beginToken":{"kind":94,"text":"registerColumnType"},"endToken":{"kind":103,"text":";"}},"expression":{"!":"com.github.javaparser.ast.expr.MethodCallExpr","range":{"beginLine":8,"beginColumn":3,"endLine":8,"endColumn":40},"tokenRange":{"beginToken":{"kind":94,"text":"registerColumnType"},"endToken":{"kind":98,"text":")"}},"arguments":[{"!":"com.github.javaparser.ast.expr.FieldAccessExpr","range":{"beginLine":8,"beginColumn":23,"endLine":8,"endColumn":31},"tokenRange":{"beginToken":{"kind":94,"text":"Types"},"endToken":{"kind":94,"text":"BIT"}},"name":{"!":"com.github.javaparser.ast.expr.SimpleName","range":{"beginLine":8,"beginColumn":29,"endLine":8,"endColumn":31},"tokenRange":{"beginToken":{"kind":94,"text":"BIT"},"endToken":{"kind":94,"text":"BIT"}},"identifier":"BIT"},"scope":{"!":"com.github.javaparser.ast.expr.NameExpr","range":{"beginLine":8,"beginColumn":23,"endLine":8,"endColumn":27},"tokenRange":{"beginToken":{"kind":94,"text":"Types"},"endToken":{"kind":94,"text":"Types"}},"name":{"!":"com.github.javaparser.ast.expr.SimpleName","range":{"beginLine":8,"beginColumn":23,"endLine":8,"endColumn":27},"tokenRange":{"beginToken":{"kind":94,"text":"Types"},"endToken":{"kind":94,"text":"Types"}},"identifier":"Types"}}},{"!":"com.github.javaparser.ast.expr.StringLiteralExpr","range":{"beginLine":8,"beginColumn":34,"endLine":8,"endColumn":38},"tokenRange":{"beginToken":{"kind":90,"text":"\"bit\""},"endToken":{"kind":90,"text":"\"bit\""}},"value":"bit"}],"name":{"!":"com.github.javaparser.ast.expr.SimpleName","range":{"beginLine":8,"beginColumn":3,"endLine":8,"endColumn":20},"tokenRange":{"beginToken":{"kind":94,"text":"registerColumnType"},"endToken":{"kind":94,"text":"registerColumnType"}},"identifier":"registerColumnType"}}},{"!":"com.github.javaparser.ast.stmt.ExpressionStmt","range":{"beginLine":9,"beginColumn":3,"endLine":9,"endColumn":48},"tokenRange":{"beginToken":{"kind":94,"text":"registerColumnType"},"endToken":{"kind":103,"text":";"}},"expression":{"!":"com.github.javaparser.ast.expr.MethodCallExpr","range":{"beginLine":9,"beginColumn":3,"endLine":9,"endColumn":47},"tokenRange":{"beginToken":{"kind":94,"text":"registerColumnType"},"endToken":{"kind":98,"text":")"}},"arguments":[{"!":"com.github.javaparser.ast.expr.FieldAccessExpr","range":{"beginLine":9,"beginColumn":23,"endLine":9,"endColumn":34},"tokenRange":{"beginToken":{"kind":94,"text":"Types"},"endToken":{"kind":94,"text":"BIGINT"}},"name":{"!":"com.github.javaparser.ast.expr.SimpleName","range":{"beginLine":9,"beginColumn":29,"endLine":9,"endColumn":34},"tokenRange":{"beginToken":{"kind":94,"text":"BIGINT"},"endToken":{"kind":94,"text":"BIGINT"}},"identifier":"BIGINT"},"scope":{"!":"com.github.javaparser.ast.expr.NameExpr","range":{"beginLine":9,"beginColumn":23,"endLine":9,"endColumn":27},"tokenRange":{"beginToken":{"kind":94,"text":"Types"},"endToken":{"kind":94,"text":"Types"}},"name":{"!":"com.github.javaparser.ast.expr.SimpleName","range":{"beginLine":9,"beginColumn":23,"endLine":9,"endColumn":27},"tokenRange":{"beginToken":{"kind":94,"text":"Types"},"endToken":{"kind":94,"text":"Types"}},"identifier":"Types"}}},{"!":"com.github.javaparser.ast.expr.StringLiteralExpr","range":{"beginLine":9,"beginColumn":37,"endLine":9,"endColumn":45},"tokenRange":{"beginToken":{"kind":90,"text":"\"longint\""},"endToken":{"kind":90,"text":"\"longint\""}},"value":"longint"}],"name":{"!":"com.github.javaparser.ast.expr.SimpleName","range":{"beginLine":9,"beginColumn":3,"endLine":9,"endColumn":20},"tokenRange":{"beginToken":{"kind":94,"text":"registerColumnType"},"endToken":{"kind":94,"text":"registerColumnType"}},"identifier":"registerColumnType"}}},{"!":"com.github.javaparser.ast.stmt.ExpressionStmt","range":{"beginLine":10,"beginColumn":3,"endLine":10,"endColumn":51},"tokenRange":{"beginToken":{"kind":94,"text":"registerColumnType"},"endToken":{"kind":103,"text":";"}},"expression":{"!":"com.github.javaparser.ast.expr.MethodCallExpr","range":{"beginLine":10,"beginColumn":3,"endLine":10,"endColumn":50},"tokenRange":{"beginToken":{"kind":94,"text":"registerColumnType"},"endToken":{"kind":98,"text":")"}},"arguments":[{"!":"com.github.javaparser.ast.expr.FieldAccessExpr","range":{"beginLine":10,"beginColumn":23,"endLine":10,"endColumn":36},"tokenRange":{"beginToken":{"kind":94,"text":"Types"},"endToken":{"kind":94,"text":"SMALLINT"}},"name":{"!":"com.github.javaparser.ast.expr.SimpleName","range":{"beginLine":10,"beginColumn":29,"endLine":10,"endColumn":36},"tokenRange":{"beginToken":{"kind":94,"text":"SMALLINT"},"endToken":{"kind":94,"text":"SMALLINT"}},"identifier":"SMALLINT"},"scope":{"!":"com.github.javaparser.ast.expr.NameExpr","range":{"beginLine":10,"beginColumn":23,"endLine":10,"endColumn":27},"tokenRange":{"beginToken":{"kind":94,"text":"Types"},"endToken":{"kind":94,"text":"Types"}},"name":{"!":"com.github.javaparser.ast.expr.SimpleName","range":{"beginLine":10,"beginColumn":23,"endLine":10,"endColumn":27},"tokenRange":{"beginToken":{"kind":94,"text":"Types"},"endToken":{"kind":94,"text":"Types"}},"identifier":"Types"}}},{"!":"com.github.javaparser.ast.expr.StringLiteralExpr","range":{"beginLine":10,"beginColumn":39,"endLine":10,"endColumn":48},"tokenRange":{"beginToken":{"kind":90,"text":"\"smallint\""},"endToken":{"kind":90,"text":"\"smallint\""}},"value":"smallint"}],"name":{"!":"com.github.javaparser.ast.expr.SimpleName","range":{"beginLine":10,"beginColumn":3,"endLine":10,"endColumn":20},"tokenRange":{"beginToken":{"kind":94,"text":"registerColumnType"},"endToken":{"kind":94,"text":"registerColumnType"}},"identifier":"registerColumnType"}}},{"!":"com.github.javaparser.ast.stmt.ExpressionStmt","range":{"beginLine":11,"beginColumn":3,"endLine":11,"endColumn":49},"tokenRange":{"beginToken":{"kind":94,"text":"registerColumnType"},"endToken":{"kind":103,"text":";"}},"expression":{"!":"com.github.javaparser.ast.expr.MethodCallExpr","range":{"beginLine":11,"beginColumn":3,"endLine":11,"endColumn":48},"tokenRange":{"beginToken":{"kind":94,"text":"registerColumnType"},"endToken":{"kind":98,"text":")"}},"arguments":[{"!":"com.github.javaparser.ast.expr.FieldAccessExpr","range":{"beginLine":11,"beginColumn":23,"endLine":11,"endColumn":35},"tokenRange":{"beginToken":{"kind":94,"text":"Types"},"endToken":{"kind":94,"text":"TINYINT"}},"name":{"!":"com.github.javaparser.ast.expr.SimpleName","range":{"beginLine":11,"beginColumn":29,"endLine":11,"endColumn":35},"tokenRange":{"beginToken":{"kind":94,"text":"TINYINT"},"endToken":{"kind":94,"text":"TINYINT"}},"identifier":"TINYINT"},"scope":{"!":"com.github.javaparser.ast.expr.NameExpr","range":{"beginLine":11,"beginColumn":23,"endLine":11,"endColumn":27},"tokenRange":{"beginToken":{"kind":94,"text":"Types"},"endToken":{"kind":94,"text":"Types"}},"name":{"!":"com.github.javaparser.ast.expr.SimpleName","range":{"beginLine":11,"beginColumn":23,"endLine":11,"endColumn":27},"tokenRange":{"beginToken":{"kind":94,"text":"Types"},"endToken":{"kind":94,"text":"Types"}},"identifier":"Types"}}},{"!":"com.github.javaparser.ast.expr.StringLiteralExpr","range":{"beginLine":11,"beginColumn":38,"endLine":11,"endColumn":46},"tokenRange":{"beginToken":{"kind":90,"text":"\"tinyint\""},"endToken":{"kind":90,"text":"\"tinyint\""}},"value":"tinyint"}],"name":{"!":"com.github.javaparser.ast.expr.SimpleName","range":{"beginLine":11,"beginColumn":3,"endLine":11,"endColumn":20},"tokenRange":{"beginToken":{"kind":94,"text":"registerColumnType"},"endToken":{"kind":94,"text":"registerColumnType"}},"identifier":"registerColumnType"}}},{"!":"com.github.javaparser.ast.stmt.ExpressionStmt","range":{"beginLine":12,"beginColumn":3,"endLine":12,"endColumn":49},"tokenRange":{"beginToken":{"kind":94,"text":"registerColumnType"},"endToken":{"kind":103,"text":";"}},"expression":{"!":"com.github.javaparser.ast.expr.MethodCallExpr","range":{"beginLine":12,"beginColumn":3,"endLine":12,"endColumn":48},"tokenRange":{"beginToken":{"kind":94,"text":"registerColumnType"},"endToken":{"kind":98,"text":")"}},"arguments":[{"!":"com.github.javaparser.ast.expr.FieldAccessExpr","range":{"beginLine":12,"beginColumn":23,"endLine":12,"endColumn":35},"tokenRange":{"beginToken":{"kind":94,"text":"Types"},"endToken":{"kind":94,"text":"INTEGER"}},"name":{"!":"com.github.javaparser.ast.expr.SimpleName","range":{"beginLine":12,"beginColumn":29,"endLine":12,"endColumn":35},"tokenRange":{"beginToken":{"kind":94,"text":"INTEGER"},"endToken":{"kind":94,"text":"INTEGER"}},"identifier":"INTEGER"},"scope":{"!":"com.github.javaparser.ast.expr.NameExpr","range":{"beginLine":12,"beginColumn":23,"endLine":12,"endColumn":27},"tokenRange":{"beginToken":{"kind":94,"text":"Types"},"endToken":{"kind":94,"text":"Types"}},"name":{"!":"com.github.javaparser.ast.expr.SimpleName","range":{"beginLine":12,"beginColumn":23,"endLine":12,"endColumn":27},"tokenRange":{"beginToken":{"kind":94,"text":"Types"},"endToken":{"kind":94,"text":"Types"}},"identifier":"Types"}}},{"!":"com.github.javaparser.ast.expr.StringLiteralExpr","range":{"beginLine":12,"beginColumn":38,"endLine":12,"endColumn":46},"tokenRange":{"beginToken":{"kind":90,"text":"\"integer\""},"endToken":{"kind":90,"text":"\"integer\""}},"value":"integer"}],"name":{"!":"com.github.javaparser.ast.expr.SimpleName","range":{"beginLine":12,"beginColumn":3,"endLine":12,"endColumn":20},"tokenRange":{"beginToken":{"kind":94,"text":"registerColumnType"},"endToken":{"kind":94,"text":"registerColumnType"}},"identifier":"registerColumnType"}}},{"!":"com.github.javaparser.ast.stmt.ExpressionStmt","range":{"beginLine":13,"beginColumn":3,"endLine":13,"endColumn":46},"tokenRange":{"beginToken":{"kind":94,"text":"registerColumnType"},"endToken":{"kind":103,"text":";"}},"expression":{"!":"com.github.javaparser.ast.expr.MethodCallExpr","range":{"beginLine":13,"beginColumn":3,"endLine":13,"endColumn":45},"tokenRange":{"beginToken":{"kind":94,"text":"registerColumnType"},"endToken":{"kind":98,"text":")"}},"arguments":[{"!":"com.github.javaparser.ast.expr.FieldAccessExpr","range":{"beginLine":13,"beginColumn":23,"endLine":13,"endColumn":32},"tokenRange":{"beginToken":{"kind":94,"text":"Types"},"endToken":{"kind":94,"text":"CHAR"}},"name":{"!":"com.github.javaparser.ast.expr.SimpleName","range":{"beginLine":13,"beginColumn":29,"endLine":13,"endColumn":32},"tokenRange":{"beginToken":{"kind":94,"text":"CHAR"},"endToken":{"kind":94,"text":"CHAR"}},"identifier":"CHAR"},"scope":{"!":"com.github.javaparser.ast.expr.NameExpr","range":{"beginLine":13,"beginColumn":23,"endLine":13,"endColumn":27},"tokenRange":{"beginToken":{"kind":94,"text":"Types"},"endToken":{"kind":94,"text":"Types"}},"name":{"!":"com.github.javaparser.ast.expr.SimpleName","range":{"beginLine":13,"beginColumn":23,"endLine":13,"endColumn":27},"tokenRange":{"beginToken":{"kind":94,"text":"Types"},"endToken":{"kind":94,"text":"Types"}},"identifier":"Types"}}},{"!":"com.github.javaparser.ast.expr.StringLiteralExpr","range":{"beginLine":13,"beginColumn":35,"endLine":13,"endColumn":43},"tokenRange":{"beginToken":{"kind":90,"text":"\"char(1)\""},"endToken":{"kind":90,"text":"\"char(1)\""}},"value":"char(1)"}],"name":{"!":"com.github.javaparser.ast.expr.SimpleName","range":{"beginLine":13,"beginColumn":3,"endLine":13,"endColumn":20},"tokenRange":{"beginToken":{"kind":94,"text":"registerColumnType"},"endToken":{"kind":94,"text":"registerColumnType"}},"identifier":"registerColumnType"}}},{"!":"com.github.javaparser.ast.stmt.ExpressionStmt","range":{"beginLine":14,"beginColumn":3,"endLine":14,"endColumn":53},"tokenRange":{"beginToken":{"kind":94,"text":"registerColumnType"},"endToken":{"kind":103,"text":";"}},"expression":{"!":"com.github.javaparser.ast.expr.MethodCallExpr","range":{"beginLine":14,"beginColumn":3,"endLine":14,"endColumn":52},"tokenRange":{"beginToken":{"kind":94,"text":"registerColumnType"},"endToken":{"kind":98,"text":")"}},"arguments":[{"!":"com.github.javaparser.ast.expr.FieldAccessExpr","range":{"beginLine":14,"beginColumn":23,"endLine":14,"endColumn":35},"tokenRange":{"beginToken":{"kind":94,"text":"Types"},"endToken":{"kind":94,"text":"VARCHAR"}},"name":{"!":"com.github.javaparser.ast.expr.SimpleName","range":{"beginLine":14,"beginColumn":29,"endLine":14,"endColumn":35},"tokenRange":{"beginToken":{"kind":94,"text":"VARCHAR"},"endToken":{"kind":94,"text":"VARCHAR"}},"identifier":"VARCHAR"},"scope":{"!":"com.github.javaparser.ast.expr.NameExpr","range":{"beginLine":14,"beginColumn":23,"endLine":14,"endColumn":27},"tokenRange":{"beginToken":{"kind":94,"text":"Types"},"endToken":{"kind":94,"text":"Types"}},"name":{"!":"com.github.javaparser.ast.expr.SimpleName","range":{"beginLine":14,"beginColumn":23,"endLine":14,"endColumn":27},"tokenRange":{"beginToken":{"kind":94,"text":"Types"},"endToken":{"kind":94,"text":"Types"}},"identifier":"Types"}}},{"!":"com.github.javaparser.ast.expr.StringLiteralExpr","range":{"beginLine":14,"beginColumn":38,"endLine":14,"endColumn":50},"tokenRange":{"beginToken":{"kind":90,"text":"\"varchar($l)\""},"endToken":{"kind":90,"text":"\"varchar($l)\""}},"value":"varchar($l)"}],"name":{"!":"com.github.javaparser.ast.expr.SimpleName","range":{"beginLine":14,"beginColumn":3,"endLine":14,"endColumn":20},"tokenRange":{"beginToken":{"kind":94,"text":"registerColumnType"},"endToken":{"kind":94,"text":"registerColumnType"}},"identifier":"registerColumnType"}}},{"!":"com.github.javaparser.ast.stmt.ExpressionStmt","range":{"beginLine":15,"beginColumn":3,"endLine":15,"endColumn":45},"tokenRange":{"beginToken":{"kind":94,"text":"registerColumnType"},"endToken":{"kind":103,"text":";"}},"expression":{"!":"com.github.javaparser.ast.expr.MethodCallExpr","range":{"beginLine":15,"beginColumn":3,"endLine":15,"endColumn":44},"tokenRange":{"beginToken":{"kind":94,"text":"registerColumnType"},"endToken":{"kind":98,"text":")"}},"arguments":[{"!":"com.github.javaparser.ast.expr.FieldAccessExpr","range":{"beginLine":15,"beginColumn":23,"endLine":15,"endColumn":33},"tokenRange":{"beginToken":{"kind":94,"text":"Types"},"endToken":{"kind":94,"text":"FLOAT"}},"name":{"!":"com.github.javaparser.ast.expr.SimpleName","range":{"beginLine":15,"beginColumn":29,"endLine":15,"endColumn":33},"tokenRange":{"beginToken":{"kind":94,"text":"FLOAT"},"endToken":{"kind":94,"text":"FLOAT"}},"identifier":"FLOAT"},"scope":{"!":"com.github.javaparser.ast.expr.NameExpr","range":{"beginLine":15,"beginColumn":23,"endLine":15,"endColumn":27},"tokenRange":{"beginToken":{"kind":94,"text":"Types"},"endToken":{"kind":94,"text":"Types"}},"name":{"!":"com.github.javaparser.ast.expr.SimpleName","range":{"beginLine":15,"beginColumn":23,"endLine":15,"endColumn":27},"tokenRange":{"beginToken":{"kind":94,"text":"Types"},"endToken":{"kind":94,"text":"Types"}},"identifier":"Types"}}},{"!":"com.github.javaparser.ast.expr.StringLiteralExpr","range":{"beginLine":15,"beginColumn":36,"endLine":15,"endColumn":42},"tokenRange":{"beginToken":{"kind":90,"text":"\"float\""},"endToken":{"kind":90,"text":"\"float\""}},"value":"float"}],"name":{"!":"com.github.javaparser.ast.expr.SimpleName","range":{"beginLine":15,"beginColumn":3,"endLine":15,"endColumn":20},"tokenRange":{"beginToken":{"kind":94,"text":"registerColumnType"},"endToken":{"kind":94,"text":"registerColumnType"}},"identifier":"registerColumnType"}}},{"!":"com.github.javaparser.ast.stmt.ExpressionStmt","range":{"beginLine":16,"beginColumn":3,"endLine":16,"endColumn":57},"tokenRange":{"beginToken":{"kind":94,"text":"registerColumnType"},"endToken":{"kind":103,"text":";"}},"expression":{"!":"com.github.javaparser.ast.expr.MethodCallExpr","range":{"beginLine":16,"beginColumn":3,"endLine":16,"endColumn":56},"tokenRange":{"beginToken":{"kind":94,"text":"registerColumnType"},"endToken":{"kind":98,"text":")"}},"arguments":[{"!":"com.github.javaparser.ast.expr.FieldAccessExpr","range":{"beginLine":16,"beginColumn":23,"endLine":16,"endColumn":34},"tokenRange":{"beginToken":{"kind":94,"text":"Types"},"endToken":{"kind":94,"text":"DOUBLE"}},"name":{"!":"com.github.javaparser.ast.expr.SimpleName","range":{"beginLine":16,"beginColumn":29,"endLine":16,"endColumn":34},"tokenRange":{"beginToken":{"kind":94,"text":"DOUBLE"},"endToken":{"kind":94,"text":"DOUBLE"}},"identifier":"DOUBLE"},"scope":{"!":"com.github.javaparser.ast.expr.NameExpr","range":{"beginLine":16,"beginColumn":23,"endLine":16,"endColumn":27},"tokenRange":{"beginToken":{"kind":94,"text":"Types"},"endToken":{"kind":94,"text":"Types"}},"name":{"!":"com.github.javaparser.ast.expr.SimpleName","range":{"beginLine":16,"beginColumn":23,"endLine":16,"endColumn":27},"tokenRange":{"beginToken":{"kind":94,"text":"Types"},"endToken":{"kind":94,"text":"Types"}},"identifier":"Types"}}},{"!":"com.github.javaparser.ast.expr.StringLiteralExpr","range":{"beginLine":16,"beginColumn":37,"endLine":16,"endColumn":54},"tokenRange":{"beginToken":{"kind":90,"text":"\"double precision\""},"endToken":{"kind":90,"text":"\"double precision\""}},"value":"double precision"}],"name":{"!":"com.github.javaparser.ast.expr.SimpleName","range":{"beginLine":16,"beginColumn":3,"endLine":16,"endColumn":20},"tokenRange":{"beginToken":{"kind":94,"text":"registerColumnType"},"endToken":{"kind":94,"text":"registerColumnType"}},"identifier":"registerColumnType"}}},{"!":"com.github.javaparser.ast.stmt.ExpressionStmt","range":{"beginLine":17,"beginColumn":3,"endLine":17,"endColumn":43},"tokenRange":{"beginToken":{"kind":94,"text":"registerColumnType"},"endToken":{"kind":103,"text":";"}},"expression":{"!":"com.github.javaparser.ast.expr.MethodCallExpr","range":{"beginLine":17,"beginColumn":3,"endLine":17,"endColumn":42},"tokenRange":{"beginToken":{"kind":94,"text":"registerColumnType"},"endToken":{"kind":98,"text":")"}},"arguments":[{"!":"com.github.javaparser.ast.expr.FieldAccessExpr","range":{"beginLine":17,"beginColumn":23,"endLine":17,"endColumn":32},"tokenRange":{"beginToken":{"kind":94,"text":"Types"},"endToken":{"kind":94,"text":"DATE"}},"name":{"!":"com.github.javaparser.ast.expr.SimpleName","range":{"beginLine":17,"beginColumn":29,"endLine":17,"endColumn":32},"tokenRange":{"beginToken":{"kind":94,"text":"DATE"},"endToken":{"kind":94,"text":"DATE"}},"identifier":"DATE"},"scope":{"!":"com.github.javaparser.ast.expr.NameExpr","range":{"beginLine":17,"beginColumn":23,"endLine":17,"endColumn":27},"tokenRange":{"beginToken":{"kind":94,"text":"Types"},"endToken":{"kind":94,"text":"Types"}},"name":{"!":"com.github.javaparser.ast.expr.SimpleName","range":{"beginLine":17,"beginColumn":23,"endLine":17,"endColumn":27},"tokenRange":{"beginToken":{"kind":94,"text":"Types"},"endToken":{"kind":94,"text":"Types"}},"identifier":"Types"}}},{"!":"com.github.javaparser.ast.expr.StringLiteralExpr","range":{"beginLine":17,"beginColumn":35,"endLine":17,"endColumn":40},"tokenRange":{"beginToken":{"kind":90,"text":"\"date\""},"endToken":{"kind":90,"text":"\"date\""}},"value":"date"}],"name":{"!":"com.github.javaparser.ast.expr.SimpleName","range":{"beginLine":17,"beginColumn":3,"endLine":17,"endColumn":20},"tokenRange":{"beginToken":{"kind":94,"text":"registerColumnType"},"endToken":{"kind":94,"text":"registerColumnType"}},"identifier":"registerColumnType"}}},{"!":"com.github.javaparser.ast.stmt.ExpressionStmt","range":{"beginLine":18,"beginColumn":3,"endLine":18,"endColumn":43},"tokenRange":{"beginToken":{"kind":94,"text":"registerColumnType"},"endToken":{"kind":103,"text":";"}},"expression":{"!":"com.github.javaparser.ast.expr.MethodCallExpr","range":{"beginLine":18,"beginColumn":3,"endLine":18,"endColumn":42},"tokenRange":{"beginToken":{"kind":94,"text":"registerColumnType"},"endToken":{"kind":98,"text":")"}},"arguments":[{"!":"com.github.javaparser.ast.expr.FieldAccessExpr","range":{"beginLine":18,"beginColumn":23,"endLine":18,"endColumn":32},"tokenRange":{"beginToken":{"kind":94,"text":"Types"},"endToken":{"kind":94,"text":"TIME"}},"name":{"!":"com.github.javaparser.ast.expr.SimpleName","range":{"beginLine":18,"beginColumn":29,"endLine":18,"endColumn":32},"tokenRange":{"beginToken":{"kind":94,"text":"TIME"},"endToken":{"kind":94,"text":"TIME"}},"identifier":"TIME"},"scope":{"!":"com.github.javaparser.ast.expr.NameExpr","range":{"beginLine":18,"beginColumn":23,"endLine":18,"endColumn":27},"tokenRange":{"beginToken":{"kind":94,"text":"Types"},"endToken":{"kind":94,"text":"Types"}},"name":{"!":"com.github.javaparser.ast.expr.SimpleName","range":{"beginLine":18,"beginColumn":23,"endLine":18,"endColumn":27},"tokenRange":{"beginToken":{"kind":94,"text":"Types"},"endToken":{"kind":94,"text":"Types"}},"identifier":"Types"}}},{"!":"com.github.javaparser.ast.expr.StringLiteralExpr","range":{"beginLine":18,"beginColumn":35,"endLine":18,"endColumn":40},"tokenRange":{"beginToken":{"kind":90,"text":"\"time\""},"endToken":{"kind":90,"text":"\"time\""}},"value":"time"}],"name":{"!":"com.github.javaparser.ast.expr.SimpleName","range":{"beginLine":18,"beginColumn":3,"endLine":18,"endColumn":20},"tokenRange":{"beginToken":{"kind":94,"text":"registerColumnType"},"endToken":{"kind":94,"text":"registerColumnType"}},"identifier":"registerColumnType"}}},{"!":"com.github.javaparser.ast.stmt.ExpressionStmt","range":{"beginLine":19,"beginColumn":3,"endLine":19,"endColumn":53},"tokenRange":{"beginToken":{"kind":94,"text":"registerColumnType"},"endToken":{"kind":103,"text":";"}},"expression":{"!":"com.github.javaparser.ast.expr.MethodCallExpr","range":{"beginLine":19,"beginColumn":3,"endLine":19,"endColumn":52},"tokenRange":{"beginToken":{"kind":94,"text":"registerColumnType"},"endToken":{"kind":98,"text":")"}},"arguments":[{"!":"com.github.javaparser.ast.expr.FieldAccessExpr","range":{"beginLine":19,"beginColumn":23,"endLine":19,"endColumn":37},"tokenRange":{"beginToken":{"kind":94,"text":"Types"},"endToken":{"kind":94,"text":"TIMESTAMP"}},"name":{"!":"com.github.javaparser.ast.expr.SimpleName","range":{"beginLine":19,"beginColumn":29,"endLine":19,"endColumn":37},"tokenRange":{"beginToken":{"kind":94,"text":"TIMESTAMP"},"endToken":{"kind":94,"text":"TIMESTAMP"}},"identifier":"TIMESTAMP"},"scope":{"!":"com.github.javaparser.ast.expr.NameExpr","range":{"beginLine":19,"beginColumn":23,"endLine":19,"endColumn":27},"tokenRange":{"beginToken":{"kind":94,"text":"Types"},"endToken":{"kind":94,"text":"Types"}},"name":{"!":"com.github.javaparser.ast.expr.SimpleName","range":{"beginLine":19,"beginColumn":23,"endLine":19,"endColumn":27},"tokenRange":{"beginToken":{"kind":94,"text":"Types"},"endToken":{"kind":94,"text":"Types"}},"identifier":"Types"}}},{"!":"com.github.javaparser.ast.expr.StringLiteralExpr","range":{"beginLine":19,"beginColumn":40,"endLine":19,"endColumn":50},"tokenRange":{"beginToken":{"kind":90,"text":"\"timestamp\""},"endToken":{"kind":90,"text":"\"timestamp\""}},"value":"timestamp"}],"name":{"!":"com.github.javaparser.ast.expr.SimpleName","range":{"beginLine":19,"beginColumn":3,"endLine":19,"endColumn":20},"tokenRange":{"beginToken":{"kind":94,"text":"registerColumnType"},"endToken":{"kind":94,"text":"registerColumnType"}},"identifier":"registerColumnType"}}},{"!":"com.github.javaparser.ast.stmt.ExpressionStmt","range":{"beginLine":20,"beginColumn":3,"endLine":20,"endColumn":59},"tokenRange":{"beginToken":{"kind":94,"text":"registerColumnType"},"endToken":{"kind":103,"text":";"}},"expression":{"!":"com.github.javaparser.ast.expr.MethodCallExpr","range":{"beginLine":20,"beginColumn":3,"endLine":20,"endColumn":58},"tokenRange":{"beginToken":{"kind":94,"text":"registerColumnType"},"endToken":{"kind":98,"text":")"}},"arguments":[{"!":"com.github.javaparser.ast.expr.FieldAccessExpr","range":{"beginLine":20,"beginColumn":23,"endLine":20,"endColumn":37},"tokenRange":{"beginToken":{"kind":94,"text":"Types"},"endToken":{"kind":94,"text":"VARBINARY"}},"name":{"!":"com.github.javaparser.ast.expr.SimpleName","range":{"beginLine":20,"beginColumn":29,"endLine":20,"endColumn":37},"tokenRange":{"beginToken":{"kind":94,"text":"VARBINARY"},"endToken":{"kind":94,"text":"VARBINARY"}},"identifier":"VARBINARY"},"scope":{"!":"com.github.javaparser.ast.expr.NameExpr","range":{"beginLine":20,"beginColumn":23,"endLine":20,"endColumn":27},"tokenRange":{"beginToken":{"kind":94,"text":"Types"},"endToken":{"kind":94,"text":"Types"}},"name":{"!":"com.github.javaparser.ast.expr.SimpleName","range":{"beginLine":20,"beginColumn":23,"endLine":20,"endColumn":27},"tokenRange":{"beginToken":{"kind":94,"text":"Types"},"endToken":{"kind":94,"text":"Types"}},"identifier":"Types"}}},{"!":"com.github.javaparser.ast.expr.StringLiteralExpr","range":{"beginLine":20,"beginColumn":40,"endLine":20,"endColumn":56},"tokenRange":{"beginToken":{"kind":90,"text":"\"bit varying($l)\""},"endToken":{"kind":90,"text":"\"bit varying($l)\""}},"value":"bit varying($l)"}],"name":{"!":"com.github.javaparser.ast.expr.SimpleName","range":{"beginLine":20,"beginColumn":3,"endLine":20,"endColumn":20},"tokenRange":{"beginToken":{"kind":94,"text":"registerColumnType"},"endToken":{"kind":94,"text":"registerColumnType"}},"identifier":"registerColumnType"}}},{"!":"com.github.javaparser.ast.stmt.ExpressionStmt","range":{"beginLine":21,"beginColumn":3,"endLine":21,"endColumn":56},"tokenRange":{"beginToken":{"kind":94,"text":"registerColumnType"},"endToken":{"kind":103,"text":";"}},"expression":{"!":"com.github.javaparser.ast.expr.MethodCallExpr","range":{"beginLine":21,"beginColumn":3,"endLine":21,"endColumn":55},"tokenRange":{"beginToken":{"kind":94,"text":"registerColumnType"},"endToken":{"kind":98,"text":")"}},"arguments":[{"!":"com.github.javaparser.ast.expr.FieldAccessExpr","range":{"beginLine":21,"beginColumn":23,"endLine":21,"endColumn":35},"tokenRange":{"beginToken":{"kind":94,"text":"Types"},"endToken":{"kind":94,"text":"NUMERIC"}},"name":{"!":"com.github.javaparser.ast.expr.SimpleName","range":{"beginLine":21,"beginColumn":29,"endLine":21,"endColumn":35},"tokenRange":{"beginToken":{"kind":94,"text":"NUMERIC"},"endToken":{"kind":94,"text":"NUMERIC"}},"identifier":"NUMERIC"},"scope":{"!":"com.github.javaparser.ast.expr.NameExpr","range":{"beginLine":21,"beginColumn":23,"endLine":21,"endColumn":27},"tokenRange":{"beginToken":{"kind":94,"text":"Types"},"endToken":{"kind":94,"text":"Types"}},"name":{"!":"com.github.javaparser.ast.expr.SimpleName","range":{"beginLine":21,"beginColumn":23,"endLine":21,"endColumn":27},"tokenRange":{"beginToken":{"kind":94,"text":"Types"},"endToken":{"kind":94,"text":"Types"}},"identifier":"Types"}}},{"!":"com.github.javaparser.ast.expr.StringLiteralExpr","range":{"beginLine":21,"beginColumn":38,"endLine":21,"endColumn":53},"tokenRange":{"beginToken":{"kind":90,"text":"\"numeric($p,$s)\""},"endToken":{"kind":90,"text":"\"numeric($p,$s)\""}},"value":"numeric($p,$s)"}],"name":{"!":"com.github.javaparser.ast.expr.SimpleName","range":{"beginLine":21,"beginColumn":3,"endLine":21,"endColumn":20},"tokenRange":{"beginToken":{"kind":94,"text":"registerColumnType"},"endToken":{"kind":94,"text":"registerColumnType"}},"identifier":"registerColumnType"}}},{"!":"com.github.javaparser.ast.stmt.ExpressionStmt","range":{"beginLine":22,"beginColumn":3,"endLine":22,"endColumn":43},"tokenRange":{"beginToken":{"kind":94,"text":"registerColumnType"},"endToken":{"kind":103,"text":";"}},"expression":{"!":"com.github.javaparser.ast.expr.MethodCallExpr","range":{"beginLine":22,"beginColumn":3,"endLine":22,"endColumn":42},"tokenRange":{"beginToken":{"kind":94,"text":"registerColumnType"},"endToken":{"kind":98,"text":")"}},"arguments":[{"!":"com.github.javaparser.ast.expr.FieldAccessExpr","range":{"beginLine":22,"beginColumn":23,"endLine":22,"endColumn":32},"tokenRange":{"beginToken":{"kind":94,"text":"Types"},"endToken":{"kind":94,"text":"BLOB"}},"name":{"!":"com.github.javaparser.ast.expr.SimpleName","range":{"beginLine":22,"beginColumn":29,"endLine":22,"endColumn":32},"tokenRange":{"beginToken":{"kind":94,"text":"BLOB"},"endToken":{"kind":94,"text":"BLOB"}},"identifier":"BLOB"},"scope":{"!":"com.github.javaparser.ast.expr.NameExpr","range":{"beginLine":22,"beginColumn":23,"endLine":22,"endColumn":27},"tokenRange":{"beginToken":{"kind":94,"text":"Types"},"endToken":{"kind":94,"text":"Types"}},"name":{"!":"com.github.javaparser.ast.expr.SimpleName","range":{"beginLine":22,"beginColumn":23,"endLine":22,"endColumn":27},"tokenRange":{"beginToken":{"kind":94,"text":"Types"},"endToken":{"kind":94,"text":"Types"}},"identifier":"Types"}}},{"!":"com.github.javaparser.ast.expr.StringLiteralExpr","range":{"beginLine":22,"beginColumn":35,"endLine":22,"endColumn":40},"tokenRange":{"beginToken":{"kind":90,"text":"\"blob\""},"endToken":{"kind":90,"text":"\"blob\""}},"value":"blob"}],"name":{"!":"com.github.javaparser.ast.expr.SimpleName","range":{"beginLine":22,"beginColumn":3,"endLine":22,"endColumn":20},"tokenRange":{"beginToken":{"kind":94,"text":"registerColumnType"},"endToken":{"kind":94,"text":"registerColumnType"}},"identifier":"registerColumnType"}}},{"!":"com.github.javaparser.ast.stmt.ExpressionStmt","range":{"beginLine":23,"beginColumn":3,"endLine":23,"endColumn":43},"tokenRange":{"beginToken":{"kind":94,"text":"registerColumnType"},"endToken":{"kind":103,"text":";"}},"expression":{"!":"com.github.javaparser.ast.expr.MethodCallExpr","range":{"beginLine":23,"beginColumn":3,"endLine":23,"endColumn":42},"tokenRange":{"beginToken":{"kind":94,"text":"registerColumnType"},"endToken":{"kind":98,"text":")"}},"arguments":[{"!":"com.github.javaparser.ast.expr.FieldAccessExpr","range":{"beginLine":23,"beginColumn":23,"endLine":23,"endColumn":32},"tokenRange":{"beginToken":{"kind":94,"text":"Types"},"endToken":{"kind":94,"text":"CLOB"}},"name":{"!":"com.github.javaparser.ast.expr.SimpleName","range":{"beginLine":23,"beginColumn":29,"endLine":23,"endColumn":32},"tokenRange":{"beginToken":{"kind":94,"text":"CLOB"},"endToken":{"kind":94,"text":"CLOB"}},"identifier":"CLOB"},"scope":{"!":"com.github.javaparser.ast.expr.NameExpr","range":{"beginLine":23,"beginColumn":23,"endLine":23,"endColumn":27},"tokenRange":{"beginToken":{"kind":94,"text":"Types"},"endToken":{"kind":94,"text":"Types"}},"name":{"!":"com.github.javaparser.ast.expr.SimpleName","range":{"beginLine":23,"beginColumn":23,"endLine":23,"endColumn":27},"tokenRange":{"beginToken":{"kind":94,"text":"Types"},"endToken":{"kind":94,"text":"Types"}},"identifier":"Types"}}},{"!":"com.github.javaparser.ast.expr.StringLiteralExpr","range":{"beginLine":23,"beginColumn":35,"endLine":23,"endColumn":40},"tokenRange":{"beginToken":{"kind":90,"text":"\"clob\""},"endToken":{"kind":90,"text":"\"clob\""}},"value":"clob"}],"name":{"!":"com.github.javaparser.ast.expr.SimpleName","range":{"beginLine":23,"beginColumn":3,"endLine":23,"endColumn":20},"tokenRange":{"beginToken":{"kind":94,"text":"registerColumnType"},"endToken":{"kind":94,"text":"registerColumnType"}},"identifier":"registerColumnType"}}}]},"modifiers":[{"!":"com.github.javaparser.ast.Modifier","range":{"beginLine":5,"beginColumn":2,"endLine":5,"endColumn":7},"tokenRange":{"beginToken":{"kind":47,"text":"public"},"endToken":{"kind":47,"text":"public"}},"keyword":"PUBLIC"}],"name":{"!":"com.github.javaparser.ast.expr.SimpleName","range":{"beginLine":5,"beginColumn":9,"endLine":5,"endColumn":24},"tokenRange":{"beginToken":{"kind":94,"text":"FrontBaseDialect"},"endToken":{"kind":94,"text":"FrontBaseDialect"}},"identifier":"FrontBaseDialect"},"parameters":[],"thrownExceptions":[],"typeParameters":[],"annotations":[],"comment":{"!":"com.github.javaparser.ast.comments.JavadocComment","range":{"beginLine":2,"beginColumn":2,"endLine":4,"endColumn":4},"tokenRange":{"beginToken":{"kind":8,"text":"/**\n\t * Constructs a FrontBaseDialect\n\t */"},"endToken":{"kind":8,"text":"/**\n\t * Constructs a FrontBaseDialect\n\t */"}},"content":"\n\t * Constructs a FrontBaseDialect\n\t "}}],"modifiers":[],"name":{"!":"com.github.javaparser.ast.expr.SimpleName","range":{"beginLine":1,"beginColumn":7,"endLine":1,"endColumn":10},"tokenRange":{"beginToken":{"kind":94,"text":"Test"},"endToken":{"kind":94,"text":"Test"}},"identifier":"Test"},"annotations":[]}]}