{"!":"com.github.javaparser.ast.CompilationUnit","range":{"beginLine":1,"beginColumn":1,"endLine":25,"endColumn":2},"tokenRange":{"beginToken":{"kind":19,"text":"class"},"endToken":{"kind":0,"text":""}},"imports":[],"types":[{"!":"com.github.javaparser.ast.body.ClassOrInterfaceDeclaration","range":{"beginLine":1,"beginColumn":1,"endLine":25,"endColumn":2},"tokenRange":{"beginToken":{"kind":19,"text":"class"},"endToken":{"kind":100,"text":"}"}},"extendedTypes":[],"implementedTypes":[],"isInterface":"false","typeParameters":[],"members":[{"!":"com.github.javaparser.ast.body.MethodDeclaration","range":{"beginLine":2,"beginColumn":5,"endLine":23,"endColumn":5},"tokenRange":{"beginToken":{"kind":47,"text":"public"},"endToken":{"kind":100,"text":"}"}},"body":{"!":"com.github.javaparser.ast.stmt.BlockStmt","range":{"beginLine":2,"beginColumn":51,"endLine":23,"endColumn":5},"tokenRange":{"beginToken":{"kind":99,"text":"{"},"endToken":{"kind":100,"text":"}"}},"statements":[{"!":"com.github.javaparser.ast.stmt.ExpressionStmt","range":{"beginLine":3,"beginColumn":9,"endLine":3,"endColumn":34},"tokenRange":{"beginToken":{"kind":94,"text":"Rectangle"},"endToken":{"kind":103,"text":";"}},"expression":{"!":"com.github.javaparser.ast.expr.VariableDeclarationExpr","range":{"beginLine":3,"beginColumn":9,"endLine":3,"endColumn":33},"tokenRange":{"beginToken":{"kind":94,"text":"Rectangle"},"endToken":{"kind":98,"text":")"}},"annotations":[],"modifiers":[],"variables":[{"!":"com.github.javaparser.ast.body.VariableDeclarator","range":{"beginLine":3,"beginColumn":19,"endLine":3,"endColumn":33},"tokenRange":{"beginToken":{"kind":94,"text":"r"},"endToken":{"kind":98,"text":")"}},"initializer":{"!":"com.github.javaparser.ast.expr.MethodCallExpr","range":{"beginLine":3,"beginColumn":23,"endLine":3,"endColumn":33},"tokenRange":{"beginToken":{"kind":94,"text":"getBounds"},"endToken":{"kind":98,"text":")"}},"arguments":[],"name":{"!":"com.github.javaparser.ast.expr.SimpleName","range":{"beginLine":3,"beginColumn":23,"endLine":3,"endColumn":31},"tokenRange":{"beginToken":{"kind":94,"text":"getBounds"},"endToken":{"kind":94,"text":"getBounds"}},"identifier":"getBounds"}},"name":{"!":"com.github.javaparser.ast.expr.SimpleName","range":{"beginLine":3,"beginColumn":19,"endLine":3,"endColumn":19},"tokenRange":{"beginToken":{"kind":94,"text":"r"},"endToken":{"kind":94,"text":"r"}},"identifier":"r"},"type":{"!":"com.github.javaparser.ast.type.ClassOrInterfaceType","range":{"beginLine":3,"beginColumn":9,"endLine":3,"endColumn":17},"tokenRange":{"beginToken":{"kind":94,"text":"Rectangle"},"endToken":{"kind":94,"text":"Rectangle"}},"name":{"!":"com.github.javaparser.ast.expr.SimpleName","range":{"beginLine":3,"beginColumn":9,"endLine":3,"endColumn":17},"tokenRange":{"beginToken":{"kind":94,"text":"Rectangle"},"endToken":{"kind":94,"text":"Rectangle"}},"identifier":"Rectangle"},"annotations":[]}}]}},{"!":"com.github.javaparser.ast.stmt.ExpressionStmt","range":{"beginLine":4,"beginColumn":9,"endLine":9,"endColumn":10},"tokenRange":{"beginToken":{"kind":38,"text":"int"},"endToken":{"kind":103,"text":";"}},"expression":{"!":"com.github.javaparser.ast.expr.VariableDeclarationExpr","range":{"beginLine":4,"beginColumn":9,"endLine":9,"endColumn":9},"tokenRange":{"beginToken":{"kind":38,"text":"int"},"endToken":{"kind":100,"text":"}"}},"annotations":[],"modifiers":[],"variables":[{"!":"com.github.javaparser.ast.body.VariableDeclarator","range":{"beginLine":4,"beginColumn":15,"endLine":9,"endColumn":9},"tokenRange":{"beginToken":{"kind":94,"text":"xs"},"endToken":{"kind":100,"text":"}"}},"initializer":{"!":"com.github.javaparser.ast.expr.ArrayInitializerExpr","range":{"beginLine":4,"beginColumn":20,"endLine":9,"endColumn":9},"tokenRange":{"beginToken":{"kind":99,"text":"{"},"endToken":{"kind":100,"text":"}"}},"values":[{"!":"com.github.javaparser.ast.expr.BinaryExpr","range":{"beginLine":4,"beginColumn":21,"endLine":4,"endColumn":37},"tokenRange":{"beginToken":{"kind":94,"text":"r"},"endToken":{"kind":77,"text":"2"}},"left":{"!":"com.github.javaparser.ast.expr.FieldAccessExpr","range":{"beginLine":4,"beginColumn":21,"endLine":4,"endColumn":23},"tokenRange":{"beginToken":{"kind":94,"text":"r"},"endToken":{"kind":94,"text":"x"}},"name":{"!":"com.github.javaparser.ast.expr.SimpleName","range":{"beginLine":4,"beginColumn":23,"endLine":4,"endColumn":23},"tokenRange":{"beginToken":{"kind":94,"text":"x"},"endToken":{"kind":94,"text":"x"}},"identifier":"x"},"scope":{"!":"com.github.javaparser.ast.expr.NameExpr","range":{"beginLine":4,"beginColumn":21,"endLine":4,"endColumn":21},"tokenRange":{"beginToken":{"kind":94,"text":"r"},"endToken":{"kind":94,"text":"r"}},"name":{"!":"com.github.javaparser.ast.expr.SimpleName","range":{"beginLine":4,"beginColumn":21,"endLine":4,"endColumn":21},"tokenRange":{"beginToken":{"kind":94,"text":"r"},"endToken":{"kind":94,"text":"r"}},"identifier":"r"}}},"operator":"PLUS","right":{"!":"com.github.javaparser.ast.expr.BinaryExpr","range":{"beginLine":4,"beginColumn":27,"endLine":4,"endColumn":37},"tokenRange":{"beginToken":{"kind":94,"text":"r"},"endToken":{"kind":77,"text":"2"}},"left":{"!":"com.github.javaparser.ast.expr.FieldAccessExpr","range":{"beginLine":4,"beginColumn":27,"endLine":4,"endColumn":33},"tokenRange":{"beginToken":{"kind":94,"text":"r"},"endToken":{"kind":94,"text":"width"}},"name":{"!":"com.github.javaparser.ast.expr.SimpleName","range":{"beginLine":4,"beginColumn":29,"endLine":4,"endColumn":33},"tokenRange":{"beginToken":{"kind":94,"text":"width"},"endToken":{"kind":94,"text":"width"}},"identifier":"width"},"scope":{"!":"com.github.javaparser.ast.expr.NameExpr","range":{"beginLine":4,"beginColumn":27,"endLine":4,"endColumn":27},"tokenRange":{"beginToken":{"kind":94,"text":"r"},"endToken":{"kind":94,"text":"r"}},"name":{"!":"com.github.javaparser.ast.expr.SimpleName","range":{"beginLine":4,"beginColumn":27,"endLine":4,"endColumn":27},"tokenRange":{"beginToken":{"kind":94,"text":"r"},"endToken":{"kind":94,"text":"r"}},"identifier":"r"}}},"operator":"DIVIDE","right":{"!":"com.github.javaparser.ast.expr.IntegerLiteralExpr","range":{"beginLine":4,"beginColumn":37,"endLine":4,"endColumn":37},"tokenRange":{"beginToken":{"kind":77,"text":"2"},"endToken":{"kind":77,"text":"2"}},"value":"2"}}},{"!":"com.github.javaparser.ast.expr.BinaryExpr","range":{"beginLine":5,"beginColumn":21,"endLine":5,"endColumn":33},"tokenRange":{"beginToken":{"kind":94,"text":"r"},"endToken":{"kind":94,"text":"width"}},"left":{"!":"com.github.javaparser.ast.expr.FieldAccessExpr","range":{"beginLine":5,"beginColumn":21,"endLine":5,"endColumn":23},"tokenRange":{"beginToken":{"kind":94,"text":"r"},"endToken":{"kind":94,"text":"x"}},"name":{"!":"com.github.javaparser.ast.expr.SimpleName","range":{"beginLine":5,"beginColumn":23,"endLine":5,"endColumn":23},"tokenRange":{"beginToken":{"kind":94,"text":"x"},"endToken":{"kind":94,"text":"x"}},"identifier":"x"},"scope":{"!":"com.github.javaparser.ast.expr.NameExpr","range":{"beginLine":5,"beginColumn":21,"endLine":5,"endColumn":21},"tokenRange":{"beginToken":{"kind":94,"text":"r"},"endToken":{"kind":94,"text":"r"}},"name":{"!":"com.github.javaparser.ast.expr.SimpleName","range":{"beginLine":5,"beginColumn":21,"endLine":5,"endColumn":21},"tokenRange":{"beginToken":{"kind":94,"text":"r"},"endToken":{"kind":94,"text":"r"}},"identifier":"r"}}},"operator":"PLUS","right":{"!":"com.github.javaparser.ast.expr.FieldAccessExpr","range":{"beginLine":5,"beginColumn":27,"endLine":5,"endColumn":33},"tokenRange":{"beginToken":{"kind":94,"text":"r"},"endToken":{"kind":94,"text":"width"}},"name":{"!":"com.github.javaparser.ast.expr.SimpleName","range":{"beginLine":5,"beginColumn":29,"endLine":5,"endColumn":33},"tokenRange":{"beginToken":{"kind":94,"text":"width"},"endToken":{"kind":94,"text":"width"}},"identifier":"width"},"scope":{"!":"com.github.javaparser.ast.expr.NameExpr","range":{"beginLine":5,"beginColumn":27,"endLine":5,"endColumn":27},"tokenRange":{"beginToken":{"kind":94,"text":"r"},"endToken":{"kind":94,"text":"r"}},"name":{"!":"com.github.javaparser.ast.expr.SimpleName","range":{"beginLine":5,"beginColumn":27,"endLine":5,"endColumn":27},"tokenRange":{"beginToken":{"kind":94,"text":"r"},"endToken":{"kind":94,"text":"r"}},"identifier":"r"}}}},{"!":"com.github.javaparser.ast.expr.BinaryExpr","range":{"beginLine":6,"beginColumn":21,"endLine":6,"endColumn":37},"tokenRange":{"beginToken":{"kind":94,"text":"r"},"endToken":{"kind":77,"text":"2"}},"left":{"!":"com.github.javaparser.ast.expr.FieldAccessExpr","range":{"beginLine":6,"beginColumn":21,"endLine":6,"endColumn":23},"tokenRange":{"beginToken":{"kind":94,"text":"r"},"endToken":{"kind":94,"text":"x"}},"name":{"!":"com.github.javaparser.ast.expr.SimpleName","range":{"beginLine":6,"beginColumn":23,"endLine":6,"endColumn":23},"tokenRange":{"beginToken":{"kind":94,"text":"x"},"endToken":{"kind":94,"text":"x"}},"identifier":"x"},"scope":{"!":"com.github.javaparser.ast.expr.NameExpr","range":{"beginLine":6,"beginColumn":21,"endLine":6,"endColumn":21},"tokenRange":{"beginToken":{"kind":94,"text":"r"},"endToken":{"kind":94,"text":"r"}},"name":{"!":"com.github.javaparser.ast.expr.SimpleName","range":{"beginLine":6,"beginColumn":21,"endLine":6,"endColumn":21},"tokenRange":{"beginToken":{"kind":94,"text":"r"},"endToken":{"kind":94,"text":"r"}},"identifier":"r"}}},"operator":"PLUS","right":{"!":"com.github.javaparser.ast.expr.BinaryExpr","range":{"beginLine":6,"beginColumn":27,"endLine":6,"endColumn":37},"tokenRange":{"beginToken":{"kind":94,"text":"r"},"endToken":{"kind":77,"text":"2"}},"left":{"!":"com.github.javaparser.ast.expr.FieldAccessExpr","range":{"beginLine":6,"beginColumn":27,"endLine":6,"endColumn":33},"tokenRange":{"beginToken":{"kind":94,"text":"r"},"endToken":{"kind":94,"text":"width"}},"name":{"!":"com.github.javaparser.ast.expr.SimpleName","range":{"beginLine":6,"beginColumn":29,"endLine":6,"endColumn":33},"tokenRange":{"beginToken":{"kind":94,"text":"width"},"endToken":{"kind":94,"text":"width"}},"identifier":"width"},"scope":{"!":"com.github.javaparser.ast.expr.NameExpr","range":{"beginLine":6,"beginColumn":27,"endLine":6,"endColumn":27},"tokenRange":{"beginToken":{"kind":94,"text":"r"},"endToken":{"kind":94,"text":"r"}},"name":{"!":"com.github.javaparser.ast.expr.SimpleName","range":{"beginLine":6,"beginColumn":27,"endLine":6,"endColumn":27},"tokenRange":{"beginToken":{"kind":94,"text":"r"},"endToken":{"kind":94,"text":"r"}},"identifier":"r"}}},"operator":"DIVIDE","right":{"!":"com.github.javaparser.ast.expr.IntegerLiteralExpr","range":{"beginLine":6,"beginColumn":37,"endLine":6,"endColumn":37},"tokenRange":{"beginToken":{"kind":77,"text":"2"},"endToken":{"kind":77,"text":"2"}},"value":"2"}}},{"!":"com.github.javaparser.ast.expr.FieldAccessExpr","range":{"beginLine":7,"beginColumn":21,"endLine":7,"endColumn":23},"tokenRange":{"beginToken":{"kind":94,"text":"r"},"endToken":{"kind":94,"text":"x"}},"name":{"!":"com.github.javaparser.ast.expr.SimpleName","range":{"beginLine":7,"beginColumn":23,"endLine":7,"endColumn":23},"tokenRange":{"beginToken":{"kind":94,"text":"x"},"endToken":{"kind":94,"text":"x"}},"identifier":"x"},"scope":{"!":"com.github.javaparser.ast.expr.NameExpr","range":{"beginLine":7,"beginColumn":21,"endLine":7,"endColumn":21},"tokenRange":{"beginToken":{"kind":94,"text":"r"},"endToken":{"kind":94,"text":"r"}},"name":{"!":"com.github.javaparser.ast.expr.SimpleName","range":{"beginLine":7,"beginColumn":21,"endLine":7,"endColumn":21},"tokenRange":{"beginToken":{"kind":94,"text":"r"},"endToken":{"kind":94,"text":"r"}},"identifier":"r"}}},{"!":"com.github.javaparser.ast.expr.BinaryExpr","range":{"beginLine":8,"beginColumn":21,"endLine":8,"endColumn":37},"tokenRange":{"beginToken":{"kind":94,"text":"r"},"endToken":{"kind":77,"text":"2"}},"left":{"!":"com.github.javaparser.ast.expr.FieldAccessExpr","range":{"beginLine":8,"beginColumn":21,"endLine":8,"endColumn":23},"tokenRange":{"beginToken":{"kind":94,"text":"r"},"endToken":{"kind":94,"text":"x"}},"name":{"!":"com.github.javaparser.ast.expr.SimpleName","range":{"beginLine":8,"beginColumn":23,"endLine":8,"endColumn":23},"tokenRange":{"beginToken":{"kind":94,"text":"x"},"endToken":{"kind":94,"text":"x"}},"identifier":"x"},"scope":{"!":"com.github.javaparser.ast.expr.NameExpr","range":{"beginLine":8,"beginColumn":21,"endLine":8,"endColumn":21},"tokenRange":{"beginToken":{"kind":94,"text":"r"},"endToken":{"kind":94,"text":"r"}},"name":{"!":"com.github.javaparser.ast.expr.SimpleName","range":{"beginLine":8,"beginColumn":21,"endLine":8,"endColumn":21},"tokenRange":{"beginToken":{"kind":94,"text":"r"},"endToken":{"kind":94,"text":"r"}},"identifier":"r"}}},"operator":"PLUS","right":{"!":"com.github.javaparser.ast.expr.BinaryExpr","range":{"beginLine":8,"beginColumn":27,"endLine":8,"endColumn":37},"tokenRange":{"beginToken":{"kind":94,"text":"r"},"endToken":{"kind":77,"text":"2"}},"left":{"!":"com.github.javaparser.ast.expr.FieldAccessExpr","range":{"beginLine":8,"beginColumn":27,"endLine":8,"endColumn":33},"tokenRange":{"beginToken":{"kind":94,"text":"r"},"endToken":{"kind":94,"text":"width"}},"name":{"!":"com.github.javaparser.ast.expr.SimpleName","range":{"beginLine":8,"beginColumn":29,"endLine":8,"endColumn":33},"tokenRange":{"beginToken":{"kind":94,"text":"width"},"endToken":{"kind":94,"text":"width"}},"identifier":"width"},"scope":{"!":"com.github.javaparser.ast.expr.NameExpr","range":{"beginLine":8,"beginColumn":27,"endLine":8,"endColumn":27},"tokenRange":{"beginToken":{"kind":94,"text":"r"},"endToken":{"kind":94,"text":"r"}},"name":{"!":"com.github.javaparser.ast.expr.SimpleName","range":{"beginLine":8,"beginColumn":27,"endLine":8,"endColumn":27},"tokenRange":{"beginToken":{"kind":94,"text":"r"},"endToken":{"kind":94,"text":"r"}},"identifier":"r"}}},"operator":"DIVIDE","right":{"!":"com.github.javaparser.ast.expr.IntegerLiteralExpr","range":{"beginLine":8,"beginColumn":37,"endLine":8,"endColumn":37},"tokenRange":{"beginToken":{"kind":77,"text":"2"},"endToken":{"kind":77,"text":"2"}},"value":"2"}}}]},"name":{"!":"com.github.javaparser.ast.expr.SimpleName","range":{"beginLine":4,"beginColumn":15,"endLine":4,"endColumn":16},"tokenRange":{"beginToken":{"kind":94,"text":"xs"},"endToken":{"kind":94,"text":"xs"}},"identifier":"xs"},"type":{"!":"com.github.javaparser.ast.type.ArrayType","range":{"beginLine":4,"beginColumn":9,"endLine":4,"endColumn":13},"tokenRange":{"beginToken":{"kind":38,"text":"int"},"endToken":{"kind":102,"text":"]"}},"componentType":{"!":"com.github.javaparser.ast.type.PrimitiveType","range":{"beginLine":4,"beginColumn":9,"endLine":4,"endColumn":11},"tokenRange":{"beginToken":{"kind":38,"text":"int"},"endToken":{"kind":38,"text":"int"}},"type":"INT","annotations":[]},"origin":"TYPE","annotations":[]}}]}},{"!":"com.github.javaparser.ast.stmt.ExpressionStmt","range":{"beginLine":10,"beginColumn":9,"endLine":15,"endColumn":10},"tokenRange":{"beginToken":{"kind":38,"text":"int"},"endToken":{"kind":103,"text":";"}},"expression":{"!":"com.github.javaparser.ast.expr.VariableDeclarationExpr","range":{"beginLine":10,"beginColumn":9,"endLine":15,"endColumn":9},"tokenRange":{"beginToken":{"kind":38,"text":"int"},"endToken":{"kind":100,"text":"}"}},"annotations":[],"modifiers":[],"variables":[{"!":"com.github.javaparser.ast.body.VariableDeclarator","range":{"beginLine":10,"beginColumn":15,"endLine":15,"endColumn":9},"tokenRange":{"beginToken":{"kind":94,"text":"ys"},"endToken":{"kind":100,"text":"}"}},"initializer":{"!":"com.github.javaparser.ast.expr.ArrayInitializerExpr","range":{"beginLine":10,"beginColumn":20,"endLine":15,"endColumn":9},"tokenRange":{"beginToken":{"kind":99,"text":"{"},"endToken":{"kind":100,"text":"}"}},"values":[{"!":"com.github.javaparser.ast.expr.FieldAccessExpr","range":{"beginLine":10,"beginColumn":21,"endLine":10,"endColumn":23},"tokenRange":{"beginToken":{"kind":94,"text":"r"},"endToken":{"kind":94,"text":"y"}},"name":{"!":"com.github.javaparser.ast.expr.SimpleName","range":{"beginLine":10,"beginColumn":23,"endLine":10,"endColumn":23},"tokenRange":{"beginToken":{"kind":94,"text":"y"},"endToken":{"kind":94,"text":"y"}},"identifier":"y"},"scope":{"!":"com.github.javaparser.ast.expr.NameExpr","range":{"beginLine":10,"beginColumn":21,"endLine":10,"endColumn":21},"tokenRange":{"beginToken":{"kind":94,"text":"r"},"endToken":{"kind":94,"text":"r"}},"name":{"!":"com.github.javaparser.ast.expr.SimpleName","range":{"beginLine":10,"beginColumn":21,"endLine":10,"endColumn":21},"tokenRange":{"beginToken":{"kind":94,"text":"r"},"endToken":{"kind":94,"text":"r"}},"identifier":"r"}}},{"!":"com.github.javaparser.ast.expr.BinaryExpr","range":{"beginLine":11,"beginColumn":21,"endLine":11,"endColumn":38},"tokenRange":{"beginToken":{"kind":94,"text":"r"},"endToken":{"kind":77,"text":"2"}},"left":{"!":"com.github.javaparser.ast.expr.FieldAccessExpr","range":{"beginLine":11,"beginColumn":21,"endLine":11,"endColumn":23},"tokenRange":{"beginToken":{"kind":94,"text":"r"},"endToken":{"kind":94,"text":"y"}},"name":{"!":"com.github.javaparser.ast.expr.SimpleName","range":{"beginLine":11,"beginColumn":23,"endLine":11,"endColumn":23},"tokenRange":{"beginToken":{"kind":94,"text":"y"},"endToken":{"kind":94,"text":"y"}},"identifier":"y"},"scope":{"!":"com.github.javaparser.ast.expr.NameExpr","range":{"beginLine":11,"beginColumn":21,"endLine":11,"endColumn":21},"tokenRange":{"beginToken":{"kind":94,"text":"r"},"endToken":{"kind":94,"text":"r"}},"name":{"!":"com.github.javaparser.ast.expr.SimpleName","range":{"beginLine":11,"beginColumn":21,"endLine":11,"endColumn":21},"tokenRange":{"beginToken":{"kind":94,"text":"r"},"endToken":{"kind":94,"text":"r"}},"identifier":"r"}}},"operator":"PLUS","right":{"!":"com.github.javaparser.ast.expr.BinaryExpr","range":{"beginLine":11,"beginColumn":27,"endLine":11,"endColumn":38},"tokenRange":{"beginToken":{"kind":94,"text":"r"},"endToken":{"kind":77,"text":"2"}},"left":{"!":"com.github.javaparser.ast.expr.FieldAccessExpr","range":{"beginLine":11,"beginColumn":27,"endLine":11,"endColumn":34},"tokenRange":{"beginToken":{"kind":94,"text":"r"},"endToken":{"kind":94,"text":"height"}},"name":{"!":"com.github.javaparser.ast.expr.SimpleName","range":{"beginLine":11,"beginColumn":29,"endLine":11,"endColumn":34},"tokenRange":{"beginToken":{"kind":94,"text":"height"},"endToken":{"kind":94,"text":"height"}},"identifier":"height"},"scope":{"!":"com.github.javaparser.ast.expr.NameExpr","range":{"beginLine":11,"beginColumn":27,"endLine":11,"endColumn":27},"tokenRange":{"beginToken":{"kind":94,"text":"r"},"endToken":{"kind":94,"text":"r"}},"name":{"!":"com.github.javaparser.ast.expr.SimpleName","range":{"beginLine":11,"beginColumn":27,"endLine":11,"endColumn":27},"tokenRange":{"beginToken":{"kind":94,"text":"r"},"endToken":{"kind":94,"text":"r"}},"identifier":"r"}}},"operator":"DIVIDE","right":{"!":"com.github.javaparser.ast.expr.IntegerLiteralExpr","range":{"beginLine":11,"beginColumn":38,"endLine":11,"endColumn":38},"tokenRange":{"beginToken":{"kind":77,"text":"2"},"endToken":{"kind":77,"text":"2"}},"value":"2"}}},{"!":"com.github.javaparser.ast.expr.BinaryExpr","range":{"beginLine":12,"beginColumn":21,"endLine":12,"endColumn":34},"tokenRange":{"beginToken":{"kind":94,"text":"r"},"endToken":{"kind":94,"text":"height"}},"left":{"!":"com.github.javaparser.ast.expr.FieldAccessExpr","range":{"beginLine":12,"beginColumn":21,"endLine":12,"endColumn":23},"tokenRange":{"beginToken":{"kind":94,"text":"r"},"endToken":{"kind":94,"text":"y"}},"name":{"!":"com.github.javaparser.ast.expr.SimpleName","range":{"beginLine":12,"beginColumn":23,"endLine":12,"endColumn":23},"tokenRange":{"beginToken":{"kind":94,"text":"y"},"endToken":{"kind":94,"text":"y"}},"identifier":"y"},"scope":{"!":"com.github.javaparser.ast.expr.NameExpr","range":{"beginLine":12,"beginColumn":21,"endLine":12,"endColumn":21},"tokenRange":{"beginToken":{"kind":94,"text":"r"},"endToken":{"kind":94,"text":"r"}},"name":{"!":"com.github.javaparser.ast.expr.SimpleName","range":{"beginLine":12,"beginColumn":21,"endLine":12,"endColumn":21},"tokenRange":{"beginToken":{"kind":94,"text":"r"},"endToken":{"kind":94,"text":"r"}},"identifier":"r"}}},"operator":"PLUS","right":{"!":"com.github.javaparser.ast.expr.FieldAccessExpr","range":{"beginLine":12,"beginColumn":27,"endLine":12,"endColumn":34},"tokenRange":{"beginToken":{"kind":94,"text":"r"},"endToken":{"kind":94,"text":"height"}},"name":{"!":"com.github.javaparser.ast.expr.SimpleName","range":{"beginLine":12,"beginColumn":29,"endLine":12,"endColumn":34},"tokenRange":{"beginToken":{"kind":94,"text":"height"},"endToken":{"kind":94,"text":"height"}},"identifier":"height"},"scope":{"!":"com.github.javaparser.ast.expr.NameExpr","range":{"beginLine":12,"beginColumn":27,"endLine":12,"endColumn":27},"tokenRange":{"beginToken":{"kind":94,"text":"r"},"endToken":{"kind":94,"text":"r"}},"name":{"!":"com.github.javaparser.ast.expr.SimpleName","range":{"beginLine":12,"beginColumn":27,"endLine":12,"endColumn":27},"tokenRange":{"beginToken":{"kind":94,"text":"r"},"endToken":{"kind":94,"text":"r"}},"identifier":"r"}}}},{"!":"com.github.javaparser.ast.expr.BinaryExpr","range":{"beginLine":13,"beginColumn":21,"endLine":13,"endColumn":38},"tokenRange":{"beginToken":{"kind":94,"text":"r"},"endToken":{"kind":77,"text":"2"}},"left":{"!":"com.github.javaparser.ast.expr.FieldAccessExpr","range":{"beginLine":13,"beginColumn":21,"endLine":13,"endColumn":23},"tokenRange":{"beginToken":{"kind":94,"text":"r"},"endToken":{"kind":94,"text":"y"}},"name":{"!":"com.github.javaparser.ast.expr.SimpleName","range":{"beginLine":13,"beginColumn":23,"endLine":13,"endColumn":23},"tokenRange":{"beginToken":{"kind":94,"text":"y"},"endToken":{"kind":94,"text":"y"}},"identifier":"y"},"scope":{"!":"com.github.javaparser.ast.expr.NameExpr","range":{"beginLine":13,"beginColumn":21,"endLine":13,"endColumn":21},"tokenRange":{"beginToken":{"kind":94,"text":"r"},"endToken":{"kind":94,"text":"r"}},"name":{"!":"com.github.javaparser.ast.expr.SimpleName","range":{"beginLine":13,"beginColumn":21,"endLine":13,"endColumn":21},"tokenRange":{"beginToken":{"kind":94,"text":"r"},"endToken":{"kind":94,"text":"r"}},"identifier":"r"}}},"operator":"PLUS","right":{"!":"com.github.javaparser.ast.expr.BinaryExpr","range":{"beginLine":13,"beginColumn":27,"endLine":13,"endColumn":38},"tokenRange":{"beginToken":{"kind":94,"text":"r"},"endToken":{"kind":77,"text":"2"}},"left":{"!":"com.github.javaparser.ast.expr.FieldAccessExpr","range":{"beginLine":13,"beginColumn":27,"endLine":13,"endColumn":34},"tokenRange":{"beginToken":{"kind":94,"text":"r"},"endToken":{"kind":94,"text":"height"}},"name":{"!":"com.github.javaparser.ast.expr.SimpleName","range":{"beginLine":13,"beginColumn":29,"endLine":13,"endColumn":34},"tokenRange":{"beginToken":{"kind":94,"text":"height"},"endToken":{"kind":94,"text":"height"}},"identifier":"height"},"scope":{"!":"com.github.javaparser.ast.expr.NameExpr","range":{"beginLine":13,"beginColumn":27,"endLine":13,"endColumn":27},"tokenRange":{"beginToken":{"kind":94,"text":"r"},"endToken":{"kind":94,"text":"r"}},"name":{"!":"com.github.javaparser.ast.expr.SimpleName","range":{"beginLine":13,"beginColumn":27,"endLine":13,"endColumn":27},"tokenRange":{"beginToken":{"kind":94,"text":"r"},"endToken":{"kind":94,"text":"r"}},"identifier":"r"}}},"operator":"DIVIDE","right":{"!":"com.github.javaparser.ast.expr.IntegerLiteralExpr","range":{"beginLine":13,"beginColumn":38,"endLine":13,"endColumn":38},"tokenRange":{"beginToken":{"kind":77,"text":"2"},"endToken":{"kind":77,"text":"2"}},"value":"2"}}},{"!":"com.github.javaparser.ast.expr.FieldAccessExpr","range":{"beginLine":14,"beginColumn":21,"endLine":14,"endColumn":23},"tokenRange":{"beginToken":{"kind":94,"text":"r"},"endToken":{"kind":94,"text":"y"}},"name":{"!":"com.github.javaparser.ast.expr.SimpleName","range":{"beginLine":14,"beginColumn":23,"endLine":14,"endColumn":23},"tokenRange":{"beginToken":{"kind":94,"text":"y"},"endToken":{"kind":94,"text":"y"}},"identifier":"y"},"scope":{"!":"com.github.javaparser.ast.expr.NameExpr","range":{"beginLine":14,"beginColumn":21,"endLine":14,"endColumn":21},"tokenRange":{"beginToken":{"kind":94,"text":"r"},"endToken":{"kind":94,"text":"r"}},"name":{"!":"com.github.javaparser.ast.expr.SimpleName","range":{"beginLine":14,"beginColumn":21,"endLine":14,"endColumn":21},"tokenRange":{"beginToken":{"kind":94,"text":"r"},"endToken":{"kind":94,"text":"r"}},"identifier":"r"}}}]},"name":{"!":"com.github.javaparser.ast.expr.SimpleName","range":{"beginLine":10,"beginColumn":15,"endLine":10,"endColumn":16},"tokenRange":{"beginToken":{"kind":94,"text":"ys"},"endToken":{"kind":94,"text":"ys"}},"identifier":"ys"},"type":{"!":"com.github.javaparser.ast.type.ArrayType","range":{"beginLine":10,"beginColumn":9,"endLine":10,"endColumn":13},"tokenRange":{"beginToken":{"kind":38,"text":"int"},"endToken":{"kind":102,"text":"]"}},"componentType":{"!":"com.github.javaparser.ast.type.PrimitiveType","range":{"beginLine":10,"beginColumn":9,"endLine":10,"endColumn":11},"tokenRange":{"beginToken":{"kind":38,"text":"int"},"endToken":{"kind":38,"text":"int"}},"type":"INT","annotations":[]},"origin":"TYPE","annotations":[]}}]}},{"!":"com.github.javaparser.ast.stmt.ExpressionStmt","range":{"beginLine":16,"beginColumn":9,"endLine":21,"endColumn":27},"tokenRange":{"beginToken":{"kind":94,"text":"Point"},"endToken":{"kind":103,"text":";"}},"expression":{"!":"com.github.javaparser.ast.expr.VariableDeclarationExpr","range":{"beginLine":16,"beginColumn":9,"endLine":21,"endColumn":26},"tokenRange":{"beginToken":{"kind":94,"text":"Point"},"endToken":{"kind":98,"text":")"}},"annotations":[],"modifiers":[],"variables":[{"!":"com.github.javaparser.ast.body.VariableDeclarator","range":{"beginLine":16,"beginColumn":15,"endLine":21,"endColumn":26},"tokenRange":{"beginToken":{"kind":94,"text":"p"},"endToken":{"kind":98,"text":")"}},"initializer":{"!":"com.github.javaparser.ast.expr.MethodCallExpr","range":{"beginLine":17,"beginColumn":13,"endLine":21,"endColumn":26},"tokenRange":{"beginToken":{"kind":94,"text":"Geometry"},"endToken":{"kind":98,"text":")"}},"arguments":[{"!":"com.github.javaparser.ast.expr.NameExpr","range":{"beginLine":18,"beginColumn":17,"endLine":18,"endColumn":18},"tokenRange":{"beginToken":{"kind":94,"text":"xs"},"endToken":{"kind":94,"text":"xs"}},"name":{"!":"com.github.javaparser.ast.expr.SimpleName","range":{"beginLine":18,"beginColumn":17,"endLine":18,"endColumn":18},"tokenRange":{"beginToken":{"kind":94,"text":"xs"},"endToken":{"kind":94,"text":"xs"}},"identifier":"xs"}},{"!":"com.github.javaparser.ast.expr.NameExpr","range":{"beginLine":19,"beginColumn":17,"endLine":19,"endColumn":18},"tokenRange":{"beginToken":{"kind":94,"text":"ys"},"endToken":{"kind":94,"text":"ys"}},"name":{"!":"com.github.javaparser.ast.expr.SimpleName","range":{"beginLine":19,"beginColumn":17,"endLine":19,"endColumn":18},"tokenRange":{"beginToken":{"kind":94,"text":"ys"},"endToken":{"kind":94,"text":"ys"}},"identifier":"ys"}},{"!":"com.github.javaparser.ast.expr.IntegerLiteralExpr","range":{"beginLine":20,"beginColumn":17,"endLine":20,"endColumn":17},"tokenRange":{"beginToken":{"kind":77,"text":"5"},"endToken":{"kind":77,"text":"5"}},"value":"5"},{"!":"com.github.javaparser.ast.expr.NameExpr","range":{"beginLine":21,"beginColumn":17,"endLine":21,"endColumn":25},"tokenRange":{"beginToken":{"kind":94,"text":"anotherPt"},"endToken":{"kind":94,"text":"anotherPt"}},"name":{"!":"com.github.javaparser.ast.expr.SimpleName","range":{"beginLine":21,"beginColumn":17,"endLine":21,"endColumn":25},"tokenRange":{"beginToken":{"kind":94,"text":"anotherPt"},"endToken":{"kind":94,"text":"anotherPt"}},"identifier":"anotherPt"}}],"name":{"!":"com.github.javaparser.ast.expr.SimpleName","range":{"beginLine":17,"beginColumn":22,"endLine":17,"endColumn":32},"tokenRange":{"beginToken":{"kind":94,"text":"ptClosestTo"},"endToken":{"kind":94,"text":"ptClosestTo"}},"identifier":"ptClosestTo"},"scope":{"!":"com.github.javaparser.ast.expr.NameExpr","range":{"beginLine":17,"beginColumn":13,"endLine":17,"endColumn":20},"tokenRange":{"beginToken":{"kind":94,"text":"Geometry"},"endToken":{"kind":94,"text":"Geometry"}},"name":{"!":"com.github.javaparser.ast.expr.SimpleName","range":{"beginLine":17,"beginColumn":13,"endLine":17,"endColumn":20},"tokenRange":{"beginToken":{"kind":94,"text":"Geometry"},"endToken":{"kind":94,"text":"Geometry"}},"identifier":"Geometry"}}},"name":{"!":"com.github.javaparser.ast.expr.SimpleName","range":{"beginLine":16,"beginColumn":15,"endLine":16,"endColumn":15},"tokenRange":{"beginToken":{"kind":94,"text":"p"},"endToken":{"kind":94,"text":"p"}},"identifier":"p"},"type":{"!":"com.github.javaparser.ast.type.ClassOrInterfaceType","range":{"beginLine":16,"beginColumn":9,"endLine":16,"endColumn":13},"tokenRange":{"beginToken":{"kind":94,"text":"Point"},"endToken":{"kind":94,"text":"Point"}},"name":{"!":"com.github.javaparser.ast.expr.SimpleName","range":{"beginLine":16,"beginColumn":9,"endLine":16,"endColumn":13},"tokenRange":{"beginToken":{"kind":94,"text":"Point"},"endToken":{"kind":94,"text":"Point"}},"identifier":"Point"},"annotations":[]}}]}},{"!":"com.github.javaparser.ast.stmt.ReturnStmt","range":{"beginLine":22,"beginColumn":9,"endLine":22,"endColumn":17},"tokenRange":{"beginToken":{"kind":49,"text":"return"},"endToken":{"kind":103,"text":";"}},"expression":{"!":"com.github.javaparser.ast.expr.NameExpr","range":{"beginLine":22,"beginColumn":16,"endLine":22,"endColumn":16},"tokenRange":{"beginToken":{"kind":94,"text":"p"},"endToken":{"kind":94,"text":"p"}},"name":{"!":"com.github.javaparser.ast.expr.SimpleName","range":{"beginLine":22,"beginColumn":16,"endLine":22,"endColumn":16},"tokenRange":{"beginToken":{"kind":94,"text":"p"},"endToken":{"kind":94,"text":"p"}},"identifier":"p"}}}]},"type":{"!":"com.github.javaparser.ast.type.ClassOrInterfaceType","range":{"beginLine":2,"beginColumn":12,"endLine":2,"endColumn":16},"tokenRange":{"beginToken":{"kind":94,"text":"Point"},"endToken":{"kind":94,"text":"Point"}},"name":{"!":"com.github.javaparser.ast.expr.SimpleName","range":{"beginLine":2,"beginColumn":12,"endLine":2,"endColumn":16},"tokenRange":{"beginToken":{"kind":94,"text":"Point"},"endToken":{"kind":94,"text":"Point"}},"identifier":"Point"},"annotations":[]},"modifiers":[{"!":"com.github.javaparser.ast.Modifier","range":{"beginLine":2,"beginColumn":5,"endLine":2,"endColumn":10},"tokenRange":{"beginToken":{"kind":47,"text":"public"},"endToken":{"kind":47,"text":"public"}},"keyword":"PUBLIC"}],"name":{"!":"com.github.javaparser.ast.expr.SimpleName","range":{"beginLine":2,"beginColumn":18,"endLine":2,"endColumn":32},"tokenRange":{"beginToken":{"kind":94,"text":"getClosestPoint"},"endToken":{"kind":94,"text":"getClosestPoint"}},"identifier":"getClosestPoint"},"parameters":[{"!":"com.github.javaparser.ast.body.Parameter","range":{"beginLine":2,"beginColumn":34,"endLine":2,"endColumn":48},"tokenRange":{"beginToken":{"kind":94,"text":"Point"},"endToken":{"kind":94,"text":"anotherPt"}},"annotations":[],"isVarArgs":"false","modifiers":[],"name":{"!":"com.github.javaparser.ast.expr.SimpleName","range":{"beginLine":2,"beginColumn":40,"endLine":2,"endColumn":48},"tokenRange":{"beginToken":{"kind":94,"text":"anotherPt"},"endToken":{"kind":94,"text":"anotherPt"}},"identifier":"anotherPt"},"type":{"!":"com.github.javaparser.ast.type.ClassOrInterfaceType","range":{"beginLine":2,"beginColumn":34,"endLine":2,"endColumn":38},"tokenRange":{"beginToken":{"kind":94,"text":"Point"},"endToken":{"kind":94,"text":"Point"}},"name":{"!":"com.github.javaparser.ast.expr.SimpleName","range":{"beginLine":2,"beginColumn":34,"endLine":2,"endColumn":38},"tokenRange":{"beginToken":{"kind":94,"text":"Point"},"endToken":{"kind":94,"text":"Point"}},"identifier":"Point"},"annotations":[]},"varArgsAnnotations":[]}],"thrownExceptions":[],"typeParameters":[],"annotations":[]}],"modifiers":[],"name":{"!":"com.github.javaparser.ast.expr.SimpleName","range":{"beginLine":1,"beginColumn":7,"endLine":1,"endColumn":10},"tokenRange":{"beginToken":{"kind":94,"text":"Test"},"endToken":{"kind":94,"text":"Test"}},"identifier":"Test"},"annotations":[]}]}