{"!":"com.github.javaparser.ast.CompilationUnit","range":{"beginLine":1,"beginColumn":1,"endLine":15,"endColumn":2},"tokenRange":{"beginToken":{"kind":19,"text":"class"},"endToken":{"kind":0,"text":""}},"imports":[],"types":[{"!":"com.github.javaparser.ast.body.ClassOrInterfaceDeclaration","range":{"beginLine":1,"beginColumn":1,"endLine":15,"endColumn":2},"tokenRange":{"beginToken":{"kind":19,"text":"class"},"endToken":{"kind":100,"text":"}"}},"extendedTypes":[],"implementedTypes":[],"isInterface":"false","typeParameters":[],"members":[{"!":"com.github.javaparser.ast.body.MethodDeclaration","range":{"beginLine":2,"beginColumn":5,"endLine":13,"endColumn":5},"tokenRange":{"beginToken":{"kind":47,"text":"public"},"endToken":{"kind":100,"text":"}"}},"body":{"!":"com.github.javaparser.ast.stmt.BlockStmt","range":{"beginLine":2,"beginColumn":27,"endLine":13,"endColumn":5},"tokenRange":{"beginToken":{"kind":99,"text":"{"},"endToken":{"kind":100,"text":"}"}},"statements":[{"!":"com.github.javaparser.ast.stmt.ExpressionStmt","range":{"beginLine":3,"beginColumn":9,"endLine":3,"endColumn":29},"tokenRange":{"beginToken":{"kind":29,"text":"final"},"endToken":{"kind":103,"text":";"}},"expression":{"!":"com.github.javaparser.ast.expr.VariableDeclarationExpr","range":{"beginLine":3,"beginColumn":9,"endLine":3,"endColumn":28},"tokenRange":{"beginToken":{"kind":29,"text":"final"},"endToken":{"kind":77,"text":"31"}},"annotations":[],"modifiers":[{"!":"com.github.javaparser.ast.Modifier","range":{"beginLine":3,"beginColumn":9,"endLine":3,"endColumn":13},"tokenRange":{"beginToken":{"kind":29,"text":"final"},"endToken":{"kind":29,"text":"final"}},"keyword":"FINAL"}],"variables":[{"!":"com.github.javaparser.ast.body.VariableDeclarator","range":{"beginLine":3,"beginColumn":19,"endLine":3,"endColumn":28},"tokenRange":{"beginToken":{"kind":94,"text":"PRIME"},"endToken":{"kind":77,"text":"31"}},"initializer":{"!":"com.github.javaparser.ast.expr.IntegerLiteralExpr","range":{"beginLine":3,"beginColumn":27,"endLine":3,"endColumn":28},"tokenRange":{"beginToken":{"kind":77,"text":"31"},"endToken":{"kind":77,"text":"31"}},"value":"31"},"name":{"!":"com.github.javaparser.ast.expr.SimpleName","range":{"beginLine":3,"beginColumn":19,"endLine":3,"endColumn":23},"tokenRange":{"beginToken":{"kind":94,"text":"PRIME"},"endToken":{"kind":94,"text":"PRIME"}},"identifier":"PRIME"},"type":{"!":"com.github.javaparser.ast.type.PrimitiveType","range":{"beginLine":3,"beginColumn":15,"endLine":3,"endColumn":17},"tokenRange":{"beginToken":{"kind":38,"text":"int"},"endToken":{"kind":38,"text":"int"}},"type":"INT","annotations":[]}}]}},{"!":"com.github.javaparser.ast.stmt.ExpressionStmt","range":{"beginLine":4,"beginColumn":9,"endLine":4,"endColumn":23},"tokenRange":{"beginToken":{"kind":38,"text":"int"},"endToken":{"kind":103,"text":";"}},"expression":{"!":"com.github.javaparser.ast.expr.VariableDeclarationExpr","range":{"beginLine":4,"beginColumn":9,"endLine":4,"endColumn":22},"tokenRange":{"beginToken":{"kind":38,"text":"int"},"endToken":{"kind":77,"text":"1"}},"annotations":[],"modifiers":[],"variables":[{"!":"com.github.javaparser.ast.body.VariableDeclarator","range":{"beginLine":4,"beginColumn":13,"endLine":4,"endColumn":22},"tokenRange":{"beginToken":{"kind":94,"text":"result"},"endToken":{"kind":77,"text":"1"}},"initializer":{"!":"com.github.javaparser.ast.expr.IntegerLiteralExpr","range":{"beginLine":4,"beginColumn":22,"endLine":4,"endColumn":22},"tokenRange":{"beginToken":{"kind":77,"text":"1"},"endToken":{"kind":77,"text":"1"}},"value":"1"},"name":{"!":"com.github.javaparser.ast.expr.SimpleName","range":{"beginLine":4,"beginColumn":13,"endLine":4,"endColumn":18},"tokenRange":{"beginToken":{"kind":94,"text":"result"},"endToken":{"kind":94,"text":"result"}},"identifier":"result"},"type":{"!":"com.github.javaparser.ast.type.PrimitiveType","range":{"beginLine":4,"beginColumn":9,"endLine":4,"endColumn":11},"tokenRange":{"beginToken":{"kind":38,"text":"int"},"endToken":{"kind":38,"text":"int"}},"type":"INT","annotations":[]}}]}},{"!":"com.github.javaparser.ast.stmt.IfStmt","range":{"beginLine":5,"beginColumn":9,"endLine":7,"endColumn":9},"tokenRange":{"beginToken":{"kind":34,"text":"if"},"endToken":{"kind":100,"text":"}"}},"condition":{"!":"com.github.javaparser.ast.expr.BinaryExpr","range":{"beginLine":5,"beginColumn":14,"endLine":5,"endColumn":25},"tokenRange":{"beginToken":{"kind":94,"text":"name"},"endToken":{"kind":43,"text":"null"}},"left":{"!":"com.github.javaparser.ast.expr.NameExpr","range":{"beginLine":5,"beginColumn":14,"endLine":5,"endColumn":17},"tokenRange":{"beginToken":{"kind":94,"text":"name"},"endToken":{"kind":94,"text":"name"}},"name":{"!":"com.github.javaparser.ast.expr.SimpleName","range":{"beginLine":5,"beginColumn":14,"endLine":5,"endColumn":17},"tokenRange":{"beginToken":{"kind":94,"text":"name"},"endToken":{"kind":94,"text":"name"}},"identifier":"name"}},"operator":"NOT_EQUALS","right":{"!":"com.github.javaparser.ast.expr.NullLiteralExpr","range":{"beginLine":5,"beginColumn":22,"endLine":5,"endColumn":25},"tokenRange":{"beginToken":{"kind":43,"text":"null"},"endToken":{"kind":43,"text":"null"}}}},"thenStmt":{"!":"com.github.javaparser.ast.stmt.BlockStmt","range":{"beginLine":5,"beginColumn":29,"endLine":7,"endColumn":9},"tokenRange":{"beginToken":{"kind":99,"text":"{"},"endToken":{"kind":100,"text":"}"}},"statements":[{"!":"com.github.javaparser.ast.stmt.ExpressionStmt","range":{"beginLine":6,"beginColumn":13,"endLine":6,"endColumn":38},"tokenRange":{"beginToken":{"kind":94,"text":"result"},"endToken":{"kind":103,"text":";"}},"expression":{"!":"com.github.javaparser.ast.expr.AssignExpr","range":{"beginLine":6,"beginColumn":13,"endLine":6,"endColumn":37},"tokenRange":{"beginToken":{"kind":94,"text":"result"},"endToken":{"kind":98,"text":")"}},"operator":"PLUS","target":{"!":"com.github.javaparser.ast.expr.NameExpr","range":{"beginLine":6,"beginColumn":13,"endLine":6,"endColumn":18},"tokenRange":{"beginToken":{"kind":94,"text":"result"},"endToken":{"kind":94,"text":"result"}},"name":{"!":"com.github.javaparser.ast.expr.SimpleName","range":{"beginLine":6,"beginColumn":13,"endLine":6,"endColumn":18},"tokenRange":{"beginToken":{"kind":94,"text":"result"},"endToken":{"kind":94,"text":"result"}},"identifier":"result"}},"value":{"!":"com.github.javaparser.ast.expr.MethodCallExpr","range":{"beginLine":6,"beginColumn":23,"endLine":6,"endColumn":37},"tokenRange":{"beginToken":{"kind":94,"text":"name"},"endToken":{"kind":98,"text":")"}},"arguments":[],"name":{"!":"com.github.javaparser.ast.expr.SimpleName","range":{"beginLine":6,"beginColumn":28,"endLine":6,"endColumn":35},"tokenRange":{"beginToken":{"kind":94,"text":"hashCode"},"endToken":{"kind":94,"text":"hashCode"}},"identifier":"hashCode"},"scope":{"!":"com.github.javaparser.ast.expr.NameExpr","range":{"beginLine":6,"beginColumn":23,"endLine":6,"endColumn":26},"tokenRange":{"beginToken":{"kind":94,"text":"name"},"endToken":{"kind":94,"text":"name"}},"name":{"!":"com.github.javaparser.ast.expr.SimpleName","range":{"beginLine":6,"beginColumn":23,"endLine":6,"endColumn":26},"tokenRange":{"beginToken":{"kind":94,"text":"name"},"endToken":{"kind":94,"text":"name"}},"identifier":"name"}}}}}]}},{"!":"com.github.javaparser.ast.stmt.ExpressionStmt","range":{"beginLine":8,"beginColumn":9,"endLine":8,"endColumn":24},"tokenRange":{"beginToken":{"kind":94,"text":"result"},"endToken":{"kind":103,"text":";"}},"expression":{"!":"com.github.javaparser.ast.expr.AssignExpr","range":{"beginLine":8,"beginColumn":9,"endLine":8,"endColumn":23},"tokenRange":{"beginToken":{"kind":94,"text":"result"},"endToken":{"kind":94,"text":"PRIME"}},"operator":"MULTIPLY","target":{"!":"com.github.javaparser.ast.expr.NameExpr","range":{"beginLine":8,"beginColumn":9,"endLine":8,"endColumn":14},"tokenRange":{"beginToken":{"kind":94,"text":"result"},"endToken":{"kind":94,"text":"result"}},"name":{"!":"com.github.javaparser.ast.expr.SimpleName","range":{"beginLine":8,"beginColumn":9,"endLine":8,"endColumn":14},"tokenRange":{"beginToken":{"kind":94,"text":"result"},"endToken":{"kind":94,"text":"result"}},"identifier":"result"}},"value":{"!":"com.github.javaparser.ast.expr.NameExpr","range":{"beginLine":8,"beginColumn":19,"endLine":8,"endColumn":23},"tokenRange":{"beginToken":{"kind":94,"text":"PRIME"},"endToken":{"kind":94,"text":"PRIME"}},"name":{"!":"com.github.javaparser.ast.expr.SimpleName","range":{"beginLine":8,"beginColumn":19,"endLine":8,"endColumn":23},"tokenRange":{"beginToken":{"kind":94,"text":"PRIME"},"endToken":{"kind":94,"text":"PRIME"}},"identifier":"PRIME"}}}},{"!":"com.github.javaparser.ast.stmt.IfStmt","range":{"beginLine":9,"beginColumn":9,"endLine":11,"endColumn":9},"tokenRange":{"beginToken":{"kind":34,"text":"if"},"endToken":{"kind":100,"text":"}"}},"condition":{"!":"com.github.javaparser.ast.expr.BinaryExpr","range":{"beginLine":9,"beginColumn":14,"endLine":9,"endColumn":24},"tokenRange":{"beginToken":{"kind":94,"text":"num"},"endToken":{"kind":43,"text":"null"}},"left":{"!":"com.github.javaparser.ast.expr.NameExpr","range":{"beginLine":9,"beginColumn":14,"endLine":9,"endColumn":16},"tokenRange":{"beginToken":{"kind":94,"text":"num"},"endToken":{"kind":94,"text":"num"}},"name":{"!":"com.github.javaparser.ast.expr.SimpleName","range":{"beginLine":9,"beginColumn":14,"endLine":9,"endColumn":16},"tokenRange":{"beginToken":{"kind":94,"text":"num"},"endToken":{"kind":94,"text":"num"}},"identifier":"num"}},"operator":"NOT_EQUALS","right":{"!":"com.github.javaparser.ast.expr.NullLiteralExpr","range":{"beginLine":9,"beginColumn":21,"endLine":9,"endColumn":24},"tokenRange":{"beginToken":{"kind":43,"text":"null"},"endToken":{"kind":43,"text":"null"}}}},"thenStmt":{"!":"com.github.javaparser.ast.stmt.BlockStmt","range":{"beginLine":9,"beginColumn":28,"endLine":11,"endColumn":9},"tokenRange":{"beginToken":{"kind":99,"text":"{"},"endToken":{"kind":100,"text":"}"}},"statements":[{"!":"com.github.javaparser.ast.stmt.ExpressionStmt","range":{"beginLine":10,"beginColumn":13,"endLine":10,"endColumn":37},"tokenRange":{"beginToken":{"kind":94,"text":"result"},"endToken":{"kind":103,"text":";"}},"expression":{"!":"com.github.javaparser.ast.expr.AssignExpr","range":{"beginLine":10,"beginColumn":13,"endLine":10,"endColumn":36},"tokenRange":{"beginToken":{"kind":94,"text":"result"},"endToken":{"kind":98,"text":")"}},"operator":"PLUS","target":{"!":"com.github.javaparser.ast.expr.NameExpr","range":{"beginLine":10,"beginColumn":13,"endLine":10,"endColumn":18},"tokenRange":{"beginToken":{"kind":94,"text":"result"},"endToken":{"kind":94,"text":"result"}},"name":{"!":"com.github.javaparser.ast.expr.SimpleName","range":{"beginLine":10,"beginColumn":13,"endLine":10,"endColumn":18},"tokenRange":{"beginToken":{"kind":94,"text":"result"},"endToken":{"kind":94,"text":"result"}},"identifier":"result"}},"value":{"!":"com.github.javaparser.ast.expr.MethodCallExpr","range":{"beginLine":10,"beginColumn":23,"endLine":10,"endColumn":36},"tokenRange":{"beginToken":{"kind":94,"text":"num"},"endToken":{"kind":98,"text":")"}},"arguments":[],"name":{"!":"com.github.javaparser.ast.expr.SimpleName","range":{"beginLine":10,"beginColumn":27,"endLine":10,"endColumn":34},"tokenRange":{"beginToken":{"kind":94,"text":"hashCode"},"endToken":{"kind":94,"text":"hashCode"}},"identifier":"hashCode"},"scope":{"!":"com.github.javaparser.ast.expr.NameExpr","range":{"beginLine":10,"beginColumn":23,"endLine":10,"endColumn":25},"tokenRange":{"beginToken":{"kind":94,"text":"num"},"endToken":{"kind":94,"text":"num"}},"name":{"!":"com.github.javaparser.ast.expr.SimpleName","range":{"beginLine":10,"beginColumn":23,"endLine":10,"endColumn":25},"tokenRange":{"beginToken":{"kind":94,"text":"num"},"endToken":{"kind":94,"text":"num"}},"identifier":"num"}}}}}]}},{"!":"com.github.javaparser.ast.stmt.ReturnStmt","range":{"beginLine":12,"beginColumn":9,"endLine":12,"endColumn":22},"tokenRange":{"beginToken":{"kind":49,"text":"return"},"endToken":{"kind":103,"text":";"}},"expression":{"!":"com.github.javaparser.ast.expr.NameExpr","range":{"beginLine":12,"beginColumn":16,"endLine":12,"endColumn":21},"tokenRange":{"beginToken":{"kind":94,"text":"result"},"endToken":{"kind":94,"text":"result"}},"name":{"!":"com.github.javaparser.ast.expr.SimpleName","range":{"beginLine":12,"beginColumn":16,"endLine":12,"endColumn":21},"tokenRange":{"beginToken":{"kind":94,"text":"result"},"endToken":{"kind":94,"text":"result"}},"identifier":"result"}}}]},"type":{"!":"com.github.javaparser.ast.type.PrimitiveType","range":{"beginLine":2,"beginColumn":12,"endLine":2,"endColumn":14},"tokenRange":{"beginToken":{"kind":38,"text":"int"},"endToken":{"kind":38,"text":"int"}},"type":"INT","annotations":[]},"modifiers":[{"!":"com.github.javaparser.ast.Modifier","range":{"beginLine":2,"beginColumn":5,"endLine":2,"endColumn":10},"tokenRange":{"beginToken":{"kind":47,"text":"public"},"endToken":{"kind":47,"text":"public"}},"keyword":"PUBLIC"}],"name":{"!":"com.github.javaparser.ast.expr.SimpleName","range":{"beginLine":2,"beginColumn":16,"endLine":2,"endColumn":23},"tokenRange":{"beginToken":{"kind":94,"text":"hashCode"},"endToken":{"kind":94,"text":"hashCode"}},"identifier":"hashCode"},"parameters":[],"thrownExceptions":[],"typeParameters":[],"annotations":[]}],"modifiers":[],"name":{"!":"com.github.javaparser.ast.expr.SimpleName","range":{"beginLine":1,"beginColumn":7,"endLine":1,"endColumn":10},"tokenRange":{"beginToken":{"kind":94,"text":"Test"},"endToken":{"kind":94,"text":"Test"}},"identifier":"Test"},"annotations":[]}]}