{"!":"com.github.javaparser.ast.CompilationUnit","range":{"beginLine":1,"beginColumn":1,"endLine":44,"endColumn":2},"tokenRange":{"beginToken":{"kind":19,"text":"class"},"endToken":{"kind":0,"text":""}},"imports":[],"types":[{"!":"com.github.javaparser.ast.body.ClassOrInterfaceDeclaration","range":{"beginLine":1,"beginColumn":1,"endLine":44,"endColumn":2},"tokenRange":{"beginToken":{"kind":19,"text":"class"},"endToken":{"kind":100,"text":"}"}},"extendedTypes":[],"implementedTypes":[],"isInterface":"false","typeParameters":[],"members":[{"!":"com.github.javaparser.ast.body.MethodDeclaration","range":{"beginLine":2,"beginColumn":2,"endLine":42,"endColumn":2},"tokenRange":{"beginToken":{"kind":107,"text":"@"},"endToken":{"kind":100,"text":"}"}},"body":{"!":"com.github.javaparser.ast.stmt.BlockStmt","range":{"beginLine":3,"beginColumn":65,"endLine":42,"endColumn":2},"tokenRange":{"beginToken":{"kind":99,"text":"{"},"endToken":{"kind":100,"text":"}"}},"statements":[{"!":"com.github.javaparser.ast.stmt.ExpressionStmt","range":{"beginLine":4,"beginColumn":3,"endLine":4,"endColumn":38},"tokenRange":{"beginToken":{"kind":94,"text":"XMLEvent"},"endToken":{"kind":103,"text":";"}},"expression":{"!":"com.github.javaparser.ast.expr.VariableDeclarationExpr","range":{"beginLine":4,"beginColumn":3,"endLine":4,"endColumn":37},"tokenRange":{"beginToken":{"kind":94,"text":"XMLEvent"},"endToken":{"kind":94,"text":"previousEvent"}},"annotations":[],"modifiers":[],"variables":[{"!":"com.github.javaparser.ast.body.VariableDeclarator","range":{"beginLine":4,"beginColumn":12,"endLine":4,"endColumn":37},"tokenRange":{"beginToken":{"kind":94,"text":"event"},"endToken":{"kind":94,"text":"previousEvent"}},"initializer":{"!":"com.github.javaparser.ast.expr.FieldAccessExpr","range":{"beginLine":4,"beginColumn":20,"endLine":4,"endColumn":37},"tokenRange":{"beginToken":{"kind":56,"text":"this"},"endToken":{"kind":94,"text":"previousEvent"}},"name":{"!":"com.github.javaparser.ast.expr.SimpleName","range":{"beginLine":4,"beginColumn":25,"endLine":4,"endColumn":37},"tokenRange":{"beginToken":{"kind":94,"text":"previousEvent"},"endToken":{"kind":94,"text":"previousEvent"}},"identifier":"previousEvent"},"scope":{"!":"com.github.javaparser.ast.expr.ThisExpr","range":{"beginLine":4,"beginColumn":20,"endLine":4,"endColumn":23},"tokenRange":{"beginToken":{"kind":56,"text":"this"},"endToken":{"kind":56,"text":"this"}}}},"name":{"!":"com.github.javaparser.ast.expr.SimpleName","range":{"beginLine":4,"beginColumn":12,"endLine":4,"endColumn":16},"tokenRange":{"beginToken":{"kind":94,"text":"event"},"endToken":{"kind":94,"text":"event"}},"identifier":"event"},"type":{"!":"com.github.javaparser.ast.type.ClassOrInterfaceType","range":{"beginLine":4,"beginColumn":3,"endLine":4,"endColumn":10},"tokenRange":{"beginToken":{"kind":94,"text":"XMLEvent"},"endToken":{"kind":94,"text":"XMLEvent"}},"name":{"!":"com.github.javaparser.ast.expr.SimpleName","range":{"beginLine":4,"beginColumn":3,"endLine":4,"endColumn":10},"tokenRange":{"beginToken":{"kind":94,"text":"XMLEvent"},"endToken":{"kind":94,"text":"XMLEvent"}},"identifier":"XMLEvent"},"annotations":[]}}]}},{"!":"com.github.javaparser.ast.stmt.IfStmt","range":{"beginLine":5,"beginColumn":3,"endLine":7,"endColumn":3},"tokenRange":{"beginToken":{"kind":34,"text":"if"},"endToken":{"kind":100,"text":"}"}},"condition":{"!":"com.github.javaparser.ast.expr.BinaryExpr","range":{"beginLine":5,"beginColumn":7,"endLine":5,"endColumn":19},"tokenRange":{"beginToken":{"kind":94,"text":"event"},"endToken":{"kind":43,"text":"null"}},"left":{"!":"com.github.javaparser.ast.expr.NameExpr","range":{"beginLine":5,"beginColumn":7,"endLine":5,"endColumn":11},"tokenRange":{"beginToken":{"kind":94,"text":"event"},"endToken":{"kind":94,"text":"event"}},"name":{"!":"com.github.javaparser.ast.expr.SimpleName","range":{"beginLine":5,"beginColumn":7,"endLine":5,"endColumn":11},"tokenRange":{"beginToken":{"kind":94,"text":"event"},"endToken":{"kind":94,"text":"event"}},"identifier":"event"}},"operator":"EQUALS","right":{"!":"com.github.javaparser.ast.expr.NullLiteralExpr","range":{"beginLine":5,"beginColumn":16,"endLine":5,"endColumn":19},"tokenRange":{"beginToken":{"kind":43,"text":"null"},"endToken":{"kind":43,"text":"null"}}}},"thenStmt":{"!":"com.github.javaparser.ast.stmt.BlockStmt","range":{"beginLine":5,"beginColumn":22,"endLine":7,"endColumn":3},"tokenRange":{"beginToken":{"kind":99,"text":"{"},"endToken":{"kind":100,"text":"}"}},"statements":[{"!":"com.github.javaparser.ast.stmt.ThrowStmt","range":{"beginLine":6,"beginColumn":4,"endLine":6,"endColumn":96},"tokenRange":{"beginToken":{"kind":57,"text":"throw"},"endToken":{"kind":103,"text":";"}},"expression":{"!":"com.github.javaparser.ast.expr.ObjectCreationExpr","range":{"beginLine":6,"beginColumn":10,"endLine":6,"endColumn":95},"tokenRange":{"beginToken":{"kind":42,"text":"new"},"endToken":{"kind":98,"text":")"}},"arguments":[{"!":"com.github.javaparser.ast.expr.StringLiteralExpr","range":{"beginLine":6,"beginColumn":33,"endLine":6,"endColumn":94},"tokenRange":{"beginToken":{"kind":90,"text":"\"Must be on START_ELEMENT to read next text, element was null\""},"endToken":{"kind":90,"text":"\"Must be on START_ELEMENT to read next text, element was null\""}},"value":"Must be on START_ELEMENT to read next text, element was null"}],"type":{"!":"com.github.javaparser.ast.type.ClassOrInterfaceType","range":{"beginLine":6,"beginColumn":14,"endLine":6,"endColumn":31},"tokenRange":{"beginToken":{"kind":94,"text":"XMLStreamException"},"endToken":{"kind":94,"text":"XMLStreamException"}},"name":{"!":"com.github.javaparser.ast.expr.SimpleName","range":{"beginLine":6,"beginColumn":14,"endLine":6,"endColumn":31},"tokenRange":{"beginToken":{"kind":94,"text":"XMLStreamException"},"endToken":{"kind":94,"text":"XMLStreamException"}},"identifier":"XMLStreamException"},"annotations":[]}}}]}},{"!":"com.github.javaparser.ast.stmt.IfStmt","range":{"beginLine":8,"beginColumn":3,"endLine":10,"endColumn":3},"tokenRange":{"beginToken":{"kind":34,"text":"if"},"endToken":{"kind":100,"text":"}"}},"condition":{"!":"com.github.javaparser.ast.expr.UnaryExpr","range":{"beginLine":8,"beginColumn":7,"endLine":8,"endColumn":29},"tokenRange":{"beginToken":{"kind":111,"text":"!"},"endToken":{"kind":98,"text":")"}},"expression":{"!":"com.github.javaparser.ast.expr.MethodCallExpr","range":{"beginLine":8,"beginColumn":8,"endLine":8,"endColumn":29},"tokenRange":{"beginToken":{"kind":94,"text":"event"},"endToken":{"kind":98,"text":")"}},"arguments":[],"name":{"!":"com.github.javaparser.ast.expr.SimpleName","range":{"beginLine":8,"beginColumn":14,"endLine":8,"endColumn":27},"tokenRange":{"beginToken":{"kind":94,"text":"isStartElement"},"endToken":{"kind":94,"text":"isStartElement"}},"identifier":"isStartElement"},"scope":{"!":"com.github.javaparser.ast.expr.NameExpr","range":{"beginLine":8,"beginColumn":8,"endLine":8,"endColumn":12},"tokenRange":{"beginToken":{"kind":94,"text":"event"},"endToken":{"kind":94,"text":"event"}},"name":{"!":"com.github.javaparser.ast.expr.SimpleName","range":{"beginLine":8,"beginColumn":8,"endLine":8,"endColumn":12},"tokenRange":{"beginToken":{"kind":94,"text":"event"},"endToken":{"kind":94,"text":"event"}},"identifier":"event"}}},"operator":"LOGICAL_COMPLEMENT"},"thenStmt":{"!":"com.github.javaparser.ast.stmt.BlockStmt","range":{"beginLine":8,"beginColumn":32,"endLine":10,"endColumn":3},"tokenRange":{"beginToken":{"kind":99,"text":"{"},"endToken":{"kind":100,"text":"}"}},"statements":[{"!":"com.github.javaparser.ast.stmt.ThrowStmt","range":{"beginLine":9,"beginColumn":4,"endLine":9,"endColumn":99},"tokenRange":{"beginToken":{"kind":57,"text":"throw"},"endToken":{"kind":103,"text":";"}},"expression":{"!":"com.github.javaparser.ast.expr.ObjectCreationExpr","range":{"beginLine":9,"beginColumn":10,"endLine":9,"endColumn":98},"tokenRange":{"beginToken":{"kind":42,"text":"new"},"endToken":{"kind":98,"text":")"}},"arguments":[{"!":"com.github.javaparser.ast.expr.StringLiteralExpr","range":{"beginLine":9,"beginColumn":33,"endLine":9,"endColumn":76},"tokenRange":{"beginToken":{"kind":90,"text":"\"Must be on START_ELEMENT to read next text\""},"endToken":{"kind":90,"text":"\"Must be on START_ELEMENT to read next text\""}},"value":"Must be on START_ELEMENT to read next text"},{"!":"com.github.javaparser.ast.expr.MethodCallExpr","range":{"beginLine":9,"beginColumn":79,"endLine":9,"endColumn":97},"tokenRange":{"beginToken":{"kind":94,"text":"event"},"endToken":{"kind":98,"text":")"}},"arguments":[],"name":{"!":"com.github.javaparser.ast.expr.SimpleName","range":{"beginLine":9,"beginColumn":85,"endLine":9,"endColumn":95},"tokenRange":{"beginToken":{"kind":94,"text":"getLocation"},"endToken":{"kind":94,"text":"getLocation"}},"identifier":"getLocation"},"scope":{"!":"com.github.javaparser.ast.expr.NameExpr","range":{"beginLine":9,"beginColumn":79,"endLine":9,"endColumn":83},"tokenRange":{"beginToken":{"kind":94,"text":"event"},"endToken":{"kind":94,"text":"event"}},"name":{"!":"com.github.javaparser.ast.expr.SimpleName","range":{"beginLine":9,"beginColumn":79,"endLine":9,"endColumn":83},"tokenRange":{"beginToken":{"kind":94,"text":"event"},"endToken":{"kind":94,"text":"event"}},"identifier":"event"}}}],"type":{"!":"com.github.javaparser.ast.type.ClassOrInterfaceType","range":{"beginLine":9,"beginColumn":14,"endLine":9,"endColumn":31},"tokenRange":{"beginToken":{"kind":94,"text":"XMLStreamException"},"endToken":{"kind":94,"text":"XMLStreamException"}},"name":{"!":"com.github.javaparser.ast.expr.SimpleName","range":{"beginLine":9,"beginColumn":14,"endLine":9,"endColumn":31},"tokenRange":{"beginToken":{"kind":94,"text":"XMLStreamException"},"endToken":{"kind":94,"text":"XMLStreamException"}},"identifier":"XMLStreamException"},"annotations":[]}}}]}},{"!":"com.github.javaparser.ast.stmt.ExpressionStmt","range":{"beginLine":12,"beginColumn":3,"endLine":12,"endColumn":49},"tokenRange":{"beginToken":{"kind":29,"text":"final"},"endToken":{"kind":103,"text":";"}},"expression":{"!":"com.github.javaparser.ast.expr.VariableDeclarationExpr","range":{"beginLine":12,"beginColumn":3,"endLine":12,"endColumn":48},"tokenRange":{"beginToken":{"kind":29,"text":"final"},"endToken":{"kind":98,"text":")"}},"annotations":[],"modifiers":[{"!":"com.github.javaparser.ast.Modifier","range":{"beginLine":12,"beginColumn":3,"endLine":12,"endColumn":7},"tokenRange":{"beginToken":{"kind":29,"text":"final"},"endToken":{"kind":29,"text":"final"}},"keyword":"FINAL"}],"variables":[{"!":"com.github.javaparser.ast.body.VariableDeclarator","range":{"beginLine":12,"beginColumn":23,"endLine":12,"endColumn":48},"tokenRange":{"beginToken":{"kind":94,"text":"text"},"endToken":{"kind":98,"text":")"}},"initializer":{"!":"com.github.javaparser.ast.expr.ObjectCreationExpr","range":{"beginLine":12,"beginColumn":30,"endLine":12,"endColumn":48},"tokenRange":{"beginToken":{"kind":42,"text":"new"},"endToken":{"kind":98,"text":")"}},"arguments":[],"type":{"!":"com.github.javaparser.ast.type.ClassOrInterfaceType","range":{"beginLine":12,"beginColumn":34,"endLine":12,"endColumn":46},"tokenRange":{"beginToken":{"kind":94,"text":"StringBuilder"},"endToken":{"kind":94,"text":"StringBuilder"}},"name":{"!":"com.github.javaparser.ast.expr.SimpleName","range":{"beginLine":12,"beginColumn":34,"endLine":12,"endColumn":46},"tokenRange":{"beginToken":{"kind":94,"text":"StringBuilder"},"endToken":{"kind":94,"text":"StringBuilder"}},"identifier":"StringBuilder"},"annotations":[]}},"name":{"!":"com.github.javaparser.ast.expr.SimpleName","range":{"beginLine":12,"beginColumn":23,"endLine":12,"endColumn":26},"tokenRange":{"beginToken":{"kind":94,"text":"text"},"endToken":{"kind":94,"text":"text"}},"identifier":"text"},"type":{"!":"com.github.javaparser.ast.type.ClassOrInterfaceType","range":{"beginLine":12,"beginColumn":9,"endLine":12,"endColumn":21},"tokenRange":{"beginToken":{"kind":94,"text":"StringBuilder"},"endToken":{"kind":94,"text":"StringBuilder"}},"name":{"!":"com.github.javaparser.ast.expr.SimpleName","range":{"beginLine":12,"beginColumn":9,"endLine":12,"endColumn":21},"tokenRange":{"beginToken":{"kind":94,"text":"StringBuilder"},"endToken":{"kind":94,"text":"StringBuilder"}},"identifier":"StringBuilder"},"annotations":[]}}]}},{"!":"com.github.javaparser.ast.stmt.WhileStmt","range":{"beginLine":13,"beginColumn":3,"endLine":39,"endColumn":3},"tokenRange":{"beginToken":{"kind":64,"text":"while"},"endToken":{"kind":100,"text":"}"}},"body":{"!":"com.github.javaparser.ast.stmt.BlockStmt","range":{"beginLine":13,"beginColumn":34,"endLine":39,"endColumn":3},"tokenRange":{"beginToken":{"kind":99,"text":"{"},"endToken":{"kind":100,"text":"}"}},"statements":[{"!":"com.github.javaparser.ast.stmt.SwitchStmt","range":{"beginLine":14,"beginColumn":4,"endLine":36,"endColumn":4},"tokenRange":{"beginToken":{"kind":54,"text":"switch"},"endToken":{"kind":100,"text":"}"}},"entries":[{"!":"com.github.javaparser.ast.stmt.SwitchEntry","range":{"beginLine":15,"beginColumn":5,"endLine":15,"endColumn":39},"tokenRange":{"beginToken":{"kind":16,"text":"case"},"endToken":{"kind":114,"text":":"}},"labels":[{"!":"com.github.javaparser.ast.expr.FieldAccessExpr","range":{"beginLine":15,"beginColumn":10,"endLine":15,"endColumn":38},"tokenRange":{"beginToken":{"kind":94,"text":"XMLStreamConstants"},"endToken":{"kind":94,"text":"CHARACTERS"}},"name":{"!":"com.github.javaparser.ast.expr.SimpleName","range":{"beginLine":15,"beginColumn":29,"endLine":15,"endColumn":38},"tokenRange":{"beginToken":{"kind":94,"text":"CHARACTERS"},"endToken":{"kind":94,"text":"CHARACTERS"}},"identifier":"CHARACTERS"},"scope":{"!":"com.github.javaparser.ast.expr.NameExpr","range":{"beginLine":15,"beginColumn":10,"endLine":15,"endColumn":27},"tokenRange":{"beginToken":{"kind":94,"text":"XMLStreamConstants"},"endToken":{"kind":94,"text":"XMLStreamConstants"}},"name":{"!":"com.github.javaparser.ast.expr.SimpleName","range":{"beginLine":15,"beginColumn":10,"endLine":15,"endColumn":27},"tokenRange":{"beginToken":{"kind":94,"text":"XMLStreamConstants"},"endToken":{"kind":94,"text":"XMLStreamConstants"}},"identifier":"XMLStreamConstants"}}}],"statements":[],"type":"STATEMENT_GROUP"},{"!":"com.github.javaparser.ast.stmt.SwitchEntry","range":{"beginLine":16,"beginColumn":5,"endLine":16,"endColumn":34},"tokenRange":{"beginToken":{"kind":16,"text":"case"},"endToken":{"kind":114,"text":":"}},"labels":[{"!":"com.github.javaparser.ast.expr.FieldAccessExpr","range":{"beginLine":16,"beginColumn":10,"endLine":16,"endColumn":33},"tokenRange":{"beginToken":{"kind":94,"text":"XMLStreamConstants"},"endToken":{"kind":94,"text":"SPACE"}},"name":{"!":"com.github.javaparser.ast.expr.SimpleName","range":{"beginLine":16,"beginColumn":29,"endLine":16,"endColumn":33},"tokenRange":{"beginToken":{"kind":94,"text":"SPACE"},"endToken":{"kind":94,"text":"SPACE"}},"identifier":"SPACE"},"scope":{"!":"com.github.javaparser.ast.expr.NameExpr","range":{"beginLine":16,"beginColumn":10,"endLine":16,"endColumn":27},"tokenRange":{"beginToken":{"kind":94,"text":"XMLStreamConstants"},"endToken":{"kind":94,"text":"XMLStreamConstants"}},"name":{"!":"com.github.javaparser.ast.expr.SimpleName","range":{"beginLine":16,"beginColumn":10,"endLine":16,"endColumn":27},"tokenRange":{"beginToken":{"kind":94,"text":"XMLStreamConstants"},"endToken":{"kind":94,"text":"XMLStreamConstants"}},"identifier":"XMLStreamConstants"}}}],"statements":[],"type":"STATEMENT_GROUP"},{"!":"com.github.javaparser.ast.stmt.SwitchEntry","range":{"beginLine":17,"beginColumn":5,"endLine":21,"endColumn":5},"tokenRange":{"beginToken":{"kind":16,"text":"case"},"endToken":{"kind":100,"text":"}"}},"labels":[{"!":"com.github.javaparser.ast.expr.FieldAccessExpr","range":{"beginLine":17,"beginColumn":10,"endLine":17,"endColumn":33},"tokenRange":{"beginToken":{"kind":94,"text":"XMLStreamConstants"},"endToken":{"kind":94,"text":"CDATA"}},"name":{"!":"com.github.javaparser.ast.expr.SimpleName","range":{"beginLine":17,"beginColumn":29,"endLine":17,"endColumn":33},"tokenRange":{"beginToken":{"kind":94,"text":"CDATA"},"endToken":{"kind":94,"text":"CDATA"}},"identifier":"CDATA"},"scope":{"!":"com.github.javaparser.ast.expr.NameExpr","range":{"beginLine":17,"beginColumn":10,"endLine":17,"endColumn":27},"tokenRange":{"beginToken":{"kind":94,"text":"XMLStreamConstants"},"endToken":{"kind":94,"text":"XMLStreamConstants"}},"name":{"!":"com.github.javaparser.ast.expr.SimpleName","range":{"beginLine":17,"beginColumn":10,"endLine":17,"endColumn":27},"tokenRange":{"beginToken":{"kind":94,"text":"XMLStreamConstants"},"endToken":{"kind":94,"text":"XMLStreamConstants"}},"identifier":"XMLStreamConstants"}}}],"statements":[{"!":"com.github.javaparser.ast.stmt.BlockStmt","range":{"beginLine":17,"beginColumn":36,"endLine":21,"endColumn":5},"tokenRange":{"beginToken":{"kind":99,"text":"{"},"endToken":{"kind":100,"text":"}"}},"statements":[{"!":"com.github.javaparser.ast.stmt.ExpressionStmt","range":{"beginLine":18,"beginColumn":6,"endLine":18,"endColumn":56},"tokenRange":{"beginToken":{"kind":29,"text":"final"},"endToken":{"kind":103,"text":";"}},"expression":{"!":"com.github.javaparser.ast.expr.VariableDeclarationExpr","range":{"beginLine":18,"beginColumn":6,"endLine":18,"endColumn":55},"tokenRange":{"beginToken":{"kind":29,"text":"final"},"endToken":{"kind":98,"text":")"}},"annotations":[],"modifiers":[{"!":"com.github.javaparser.ast.Modifier","range":{"beginLine":18,"beginColumn":6,"endLine":18,"endColumn":10},"tokenRange":{"beginToken":{"kind":29,"text":"final"},"endToken":{"kind":29,"text":"final"}},"keyword":"FINAL"}],"variables":[{"!":"com.github.javaparser.ast.body.VariableDeclarator","range":{"beginLine":18,"beginColumn":23,"endLine":18,"endColumn":55},"tokenRange":{"beginToken":{"kind":94,"text":"characters"},"endToken":{"kind":98,"text":")"}},"initializer":{"!":"com.github.javaparser.ast.expr.MethodCallExpr","range":{"beginLine":18,"beginColumn":36,"endLine":18,"endColumn":55},"tokenRange":{"beginToken":{"kind":94,"text":"event"},"endToken":{"kind":98,"text":")"}},"arguments":[],"name":{"!":"com.github.javaparser.ast.expr.SimpleName","range":{"beginLine":18,"beginColumn":42,"endLine":18,"endColumn":53},"tokenRange":{"beginToken":{"kind":94,"text":"asCharacters"},"endToken":{"kind":94,"text":"asCharacters"}},"identifier":"asCharacters"},"scope":{"!":"com.github.javaparser.ast.expr.NameExpr","range":{"beginLine":18,"beginColumn":36,"endLine":18,"endColumn":40},"tokenRange":{"beginToken":{"kind":94,"text":"event"},"endToken":{"kind":94,"text":"event"}},"name":{"!":"com.github.javaparser.ast.expr.SimpleName","range":{"beginLine":18,"beginColumn":36,"endLine":18,"endColumn":40},"tokenRange":{"beginToken":{"kind":94,"text":"event"},"endToken":{"kind":94,"text":"event"}},"identifier":"event"}}},"name":{"!":"com.github.javaparser.ast.expr.SimpleName","range":{"beginLine":18,"beginColumn":23,"endLine":18,"endColumn":32},"tokenRange":{"beginToken":{"kind":94,"text":"characters"},"endToken":{"kind":94,"text":"characters"}},"identifier":"characters"},"type":{"!":"com.github.javaparser.ast.type.ClassOrInterfaceType","range":{"beginLine":18,"beginColumn":12,"endLine":18,"endColumn":21},"tokenRange":{"beginToken":{"kind":94,"text":"Characters"},"endToken":{"kind":94,"text":"Characters"}},"name":{"!":"com.github.javaparser.ast.expr.SimpleName","range":{"beginLine":18,"beginColumn":12,"endLine":18,"endColumn":21},"tokenRange":{"beginToken":{"kind":94,"text":"Characters"},"endToken":{"kind":94,"text":"Characters"}},"identifier":"Characters"},"annotations":[]}}]}},{"!":"com.github.javaparser.ast.stmt.ExpressionStmt","range":{"beginLine":19,"beginColumn":6,"endLine":19,"endColumn":39},"tokenRange":{"beginToken":{"kind":94,"text":"text"},"endToken":{"kind":103,"text":";"}},"expression":{"!":"com.github.javaparser.ast.expr.MethodCallExpr","range":{"beginLine":19,"beginColumn":6,"endLine":19,"endColumn":38},"tokenRange":{"beginToken":{"kind":94,"text":"text"},"endToken":{"kind":98,"text":")"}},"arguments":[{"!":"com.github.javaparser.ast.expr.MethodCallExpr","range":{"beginLine":19,"beginColumn":18,"endLine":19,"endColumn":37},"tokenRange":{"beginToken":{"kind":94,"text":"characters"},"endToken":{"kind":98,"text":")"}},"arguments":[],"name":{"!":"com.github.javaparser.ast.expr.SimpleName","range":{"beginLine":19,"beginColumn":29,"endLine":19,"endColumn":35},"tokenRange":{"beginToken":{"kind":94,"text":"getData"},"endToken":{"kind":94,"text":"getData"}},"identifier":"getData"},"scope":{"!":"com.github.javaparser.ast.expr.NameExpr","range":{"beginLine":19,"beginColumn":18,"endLine":19,"endColumn":27},"tokenRange":{"beginToken":{"kind":94,"text":"characters"},"endToken":{"kind":94,"text":"characters"}},"name":{"!":"com.github.javaparser.ast.expr.SimpleName","range":{"beginLine":19,"beginColumn":18,"endLine":19,"endColumn":27},"tokenRange":{"beginToken":{"kind":94,"text":"characters"},"endToken":{"kind":94,"text":"characters"}},"identifier":"characters"}}}],"name":{"!":"com.github.javaparser.ast.expr.SimpleName","range":{"beginLine":19,"beginColumn":11,"endLine":19,"endColumn":16},"tokenRange":{"beginToken":{"kind":94,"text":"append"},"endToken":{"kind":94,"text":"append"}},"identifier":"append"},"scope":{"!":"com.github.javaparser.ast.expr.NameExpr","range":{"beginLine":19,"beginColumn":6,"endLine":19,"endColumn":9},"tokenRange":{"beginToken":{"kind":94,"text":"text"},"endToken":{"kind":94,"text":"text"}},"name":{"!":"com.github.javaparser.ast.expr.SimpleName","range":{"beginLine":19,"beginColumn":6,"endLine":19,"endColumn":9},"tokenRange":{"beginToken":{"kind":94,"text":"text"},"endToken":{"kind":94,"text":"text"}},"identifier":"text"}}}},{"!":"com.github.javaparser.ast.stmt.BreakStmt","range":{"beginLine":20,"beginColumn":6,"endLine":20,"endColumn":11},"tokenRange":{"beginToken":{"kind":14,"text":"break"},"endToken":{"kind":103,"text":";"}}}]}],"type":"STATEMENT_GROUP"},{"!":"com.github.javaparser.ast.stmt.SwitchEntry","range":{"beginLine":22,"beginColumn":5,"endLine":27,"endColumn":5},"tokenRange":{"beginToken":{"kind":16,"text":"case"},"endToken":{"kind":100,"text":"}"}},"labels":[{"!":"com.github.javaparser.ast.expr.FieldAccessExpr","range":{"beginLine":22,"beginColumn":10,"endLine":22,"endColumn":44},"tokenRange":{"beginToken":{"kind":94,"text":"XMLStreamConstants"},"endToken":{"kind":94,"text":"ENTITY_REFERENCE"}},"name":{"!":"com.github.javaparser.ast.expr.SimpleName","range":{"beginLine":22,"beginColumn":29,"endLine":22,"endColumn":44},"tokenRange":{"beginToken":{"kind":94,"text":"ENTITY_REFERENCE"},"endToken":{"kind":94,"text":"ENTITY_REFERENCE"}},"identifier":"ENTITY_REFERENCE"},"scope":{"!":"com.github.javaparser.ast.expr.NameExpr","range":{"beginLine":22,"beginColumn":10,"endLine":22,"endColumn":27},"tokenRange":{"beginToken":{"kind":94,"text":"XMLStreamConstants"},"endToken":{"kind":94,"text":"XMLStreamConstants"}},"name":{"!":"com.github.javaparser.ast.expr.SimpleName","range":{"beginLine":22,"beginColumn":10,"endLine":22,"endColumn":27},"tokenRange":{"beginToken":{"kind":94,"text":"XMLStreamConstants"},"endToken":{"kind":94,"text":"XMLStreamConstants"}},"identifier":"XMLStreamConstants"}}}],"statements":[{"!":"com.github.javaparser.ast.stmt.BlockStmt","range":{"beginLine":22,"beginColumn":47,"endLine":27,"endColumn":5},"tokenRange":{"beginToken":{"kind":99,"text":"{"},"endToken":{"kind":100,"text":"}"}},"statements":[{"!":"com.github.javaparser.ast.stmt.ExpressionStmt","range":{"beginLine":23,"beginColumn":6,"endLine":23,"endColumn":68},"tokenRange":{"beginToken":{"kind":29,"text":"final"},"endToken":{"kind":103,"text":";"}},"expression":{"!":"com.github.javaparser.ast.expr.VariableDeclarationExpr","range":{"beginLine":23,"beginColumn":6,"endLine":23,"endColumn":67},"tokenRange":{"beginToken":{"kind":29,"text":"final"},"endToken":{"kind":94,"text":"event"}},"annotations":[],"modifiers":[{"!":"com.github.javaparser.ast.Modifier","range":{"beginLine":23,"beginColumn":6,"endLine":23,"endColumn":10},"tokenRange":{"beginToken":{"kind":29,"text":"final"},"endToken":{"kind":29,"text":"final"}},"keyword":"FINAL"}],"variables":[{"!":"com.github.javaparser.ast.body.VariableDeclarator","range":{"beginLine":23,"beginColumn":28,"endLine":23,"endColumn":67},"tokenRange":{"beginToken":{"kind":94,"text":"entityReference"},"endToken":{"kind":94,"text":"event"}},"initializer":{"!":"com.github.javaparser.ast.expr.CastExpr","range":{"beginLine":23,"beginColumn":46,"endLine":23,"endColumn":67},"tokenRange":{"beginToken":{"kind":97,"text":"("},"endToken":{"kind":94,"text":"event"}},"expression":{"!":"com.github.javaparser.ast.expr.NameExpr","range":{"beginLine":23,"beginColumn":63,"endLine":23,"endColumn":67},"tokenRange":{"beginToken":{"kind":94,"text":"event"},"endToken":{"kind":94,"text":"event"}},"name":{"!":"com.github.javaparser.ast.expr.SimpleName","range":{"beginLine":23,"beginColumn":63,"endLine":23,"endColumn":67},"tokenRange":{"beginToken":{"kind":94,"text":"event"},"endToken":{"kind":94,"text":"event"}},"identifier":"event"}},"type":{"!":"com.github.javaparser.ast.type.ClassOrInterfaceType","range":{"beginLine":23,"beginColumn":47,"endLine":23,"endColumn":61},"tokenRange":{"beginToken":{"kind":94,"text":"EntityReference"},"endToken":{"kind":94,"text":"EntityReference"}},"name":{"!":"com.github.javaparser.ast.expr.SimpleName","range":{"beginLine":23,"beginColumn":47,"endLine":23,"endColumn":61},"tokenRange":{"beginToken":{"kind":94,"text":"EntityReference"},"endToken":{"kind":94,"text":"EntityReference"}},"identifier":"EntityReference"},"annotations":[]}},"name":{"!":"com.github.javaparser.ast.expr.SimpleName","range":{"beginLine":23,"beginColumn":28,"endLine":23,"endColumn":42},"tokenRange":{"beginToken":{"kind":94,"text":"entityReference"},"endToken":{"kind":94,"text":"entityReference"}},"identifier":"entityReference"},"type":{"!":"com.github.javaparser.ast.type.ClassOrInterfaceType","range":{"beginLine":23,"beginColumn":12,"endLine":23,"endColumn":26},"tokenRange":{"beginToken":{"kind":94,"text":"EntityReference"},"endToken":{"kind":94,"text":"EntityReference"}},"name":{"!":"com.github.javaparser.ast.expr.SimpleName","range":{"beginLine":23,"beginColumn":12,"endLine":23,"endColumn":26},"tokenRange":{"beginToken":{"kind":94,"text":"EntityReference"},"endToken":{"kind":94,"text":"EntityReference"}},"identifier":"EntityReference"},"annotations":[]}}]}},{"!":"com.github.javaparser.ast.stmt.ExpressionStmt","range":{"beginLine":24,"beginColumn":6,"endLine":24,"endColumn":76},"tokenRange":{"beginToken":{"kind":29,"text":"final"},"endToken":{"kind":103,"text":";"}},"expression":{"!":"com.github.javaparser.ast.expr.VariableDeclarationExpr","range":{"beginLine":24,"beginColumn":6,"endLine":24,"endColumn":75},"tokenRange":{"beginToken":{"kind":29,"text":"final"},"endToken":{"kind":98,"text":")"}},"annotations":[],"modifiers":[{"!":"com.github.javaparser.ast.Modifier","range":{"beginLine":24,"beginColumn":6,"endLine":24,"endColumn":10},"tokenRange":{"beginToken":{"kind":29,"text":"final"},"endToken":{"kind":29,"text":"final"}},"keyword":"FINAL"}],"variables":[{"!":"com.github.javaparser.ast.body.VariableDeclarator","range":{"beginLine":24,"beginColumn":30,"endLine":24,"endColumn":75},"tokenRange":{"beginToken":{"kind":94,"text":"declaration"},"endToken":{"kind":98,"text":")"}},"initializer":{"!":"com.github.javaparser.ast.expr.MethodCallExpr","range":{"beginLine":24,"beginColumn":44,"endLine":24,"endColumn":75},"tokenRange":{"beginToken":{"kind":94,"text":"entityReference"},"endToken":{"kind":98,"text":")"}},"arguments":[],"name":{"!":"com.github.javaparser.ast.expr.SimpleName","range":{"beginLine":24,"beginColumn":60,"endLine":24,"endColumn":73},"tokenRange":{"beginToken":{"kind":94,"text":"getDeclaration"},"endToken":{"kind":94,"text":"getDeclaration"}},"identifier":"getDeclaration"},"scope":{"!":"com.github.javaparser.ast.expr.NameExpr","range":{"beginLine":24,"beginColumn":44,"endLine":24,"endColumn":58},"tokenRange":{"beginToken":{"kind":94,"text":"entityReference"},"endToken":{"kind":94,"text":"entityReference"}},"name":{"!":"com.github.javaparser.ast.expr.SimpleName","range":{"beginLine":24,"beginColumn":44,"endLine":24,"endColumn":58},"tokenRange":{"beginToken":{"kind":94,"text":"entityReference"},"endToken":{"kind":94,"text":"entityReference"}},"identifier":"entityReference"}}},"name":{"!":"com.github.javaparser.ast.expr.SimpleName","range":{"beginLine":24,"beginColumn":30,"endLine":24,"endColumn":40},"tokenRange":{"beginToken":{"kind":94,"text":"declaration"},"endToken":{"kind":94,"text":"declaration"}},"identifier":"declaration"},"type":{"!":"com.github.javaparser.ast.type.ClassOrInterfaceType","range":{"beginLine":24,"beginColumn":12,"endLine":24,"endColumn":28},"tokenRange":{"beginToken":{"kind":94,"text":"EntityDeclaration"},"endToken":{"kind":94,"text":"EntityDeclaration"}},"name":{"!":"com.github.javaparser.ast.expr.SimpleName","range":{"beginLine":24,"beginColumn":12,"endLine":24,"endColumn":28},"tokenRange":{"beginToken":{"kind":94,"text":"EntityDeclaration"},"endToken":{"kind":94,"text":"EntityDeclaration"}},"identifier":"EntityDeclaration"},"annotations":[]}}]}},{"!":"com.github.javaparser.ast.stmt.ExpressionStmt","range":{"beginLine":25,"beginColumn":6,"endLine":25,"endColumn":51},"tokenRange":{"beginToken":{"kind":94,"text":"text"},"endToken":{"kind":103,"text":";"}},"expression":{"!":"com.github.javaparser.ast.expr.MethodCallExpr","range":{"beginLine":25,"beginColumn":6,"endLine":25,"endColumn":50},"tokenRange":{"beginToken":{"kind":94,"text":"text"},"endToken":{"kind":98,"text":")"}},"arguments":[{"!":"com.github.javaparser.ast.expr.MethodCallExpr","range":{"beginLine":25,"beginColumn":18,"endLine":25,"endColumn":49},"tokenRange":{"beginToken":{"kind":94,"text":"declaration"},"endToken":{"kind":98,"text":")"}},"arguments":[],"name":{"!":"com.github.javaparser.ast.expr.SimpleName","range":{"beginLine":25,"beginColumn":30,"endLine":25,"endColumn":47},"tokenRange":{"beginToken":{"kind":94,"text":"getReplacementText"},"endToken":{"kind":94,"text":"getReplacementText"}},"identifier":"getReplacementText"},"scope":{"!":"com.github.javaparser.ast.expr.NameExpr","range":{"beginLine":25,"beginColumn":18,"endLine":25,"endColumn":28},"tokenRange":{"beginToken":{"kind":94,"text":"declaration"},"endToken":{"kind":94,"text":"declaration"}},"name":{"!":"com.github.javaparser.ast.expr.SimpleName","range":{"beginLine":25,"beginColumn":18,"endLine":25,"endColumn":28},"tokenRange":{"beginToken":{"kind":94,"text":"declaration"},"endToken":{"kind":94,"text":"declaration"}},"identifier":"declaration"}}}],"name":{"!":"com.github.javaparser.ast.expr.SimpleName","range":{"beginLine":25,"beginColumn":11,"endLine":25,"endColumn":16},"tokenRange":{"beginToken":{"kind":94,"text":"append"},"endToken":{"kind":94,"text":"append"}},"identifier":"append"},"scope":{"!":"com.github.javaparser.ast.expr.NameExpr","range":{"beginLine":25,"beginColumn":6,"endLine":25,"endColumn":9},"tokenRange":{"beginToken":{"kind":94,"text":"text"},"endToken":{"kind":94,"text":"text"}},"name":{"!":"com.github.javaparser.ast.expr.SimpleName","range":{"beginLine":25,"beginColumn":6,"endLine":25,"endColumn":9},"tokenRange":{"beginToken":{"kind":94,"text":"text"},"endToken":{"kind":94,"text":"text"}},"identifier":"text"}}}},{"!":"com.github.javaparser.ast.stmt.BreakStmt","range":{"beginLine":26,"beginColumn":6,"endLine":26,"endColumn":11},"tokenRange":{"beginToken":{"kind":14,"text":"break"},"endToken":{"kind":103,"text":";"}}}]}],"type":"STATEMENT_GROUP"},{"!":"com.github.javaparser.ast.stmt.SwitchEntry","range":{"beginLine":28,"beginColumn":5,"endLine":28,"endColumn":36},"tokenRange":{"beginToken":{"kind":16,"text":"case"},"endToken":{"kind":114,"text":":"}},"labels":[{"!":"com.github.javaparser.ast.expr.FieldAccessExpr","range":{"beginLine":28,"beginColumn":10,"endLine":28,"endColumn":35},"tokenRange":{"beginToken":{"kind":94,"text":"XMLStreamConstants"},"endToken":{"kind":94,"text":"COMMENT"}},"name":{"!":"com.github.javaparser.ast.expr.SimpleName","range":{"beginLine":28,"beginColumn":29,"endLine":28,"endColumn":35},"tokenRange":{"beginToken":{"kind":94,"text":"COMMENT"},"endToken":{"kind":94,"text":"COMMENT"}},"identifier":"COMMENT"},"scope":{"!":"com.github.javaparser.ast.expr.NameExpr","range":{"beginLine":28,"beginColumn":10,"endLine":28,"endColumn":27},"tokenRange":{"beginToken":{"kind":94,"text":"XMLStreamConstants"},"endToken":{"kind":94,"text":"XMLStreamConstants"}},"name":{"!":"com.github.javaparser.ast.expr.SimpleName","range":{"beginLine":28,"beginColumn":10,"endLine":28,"endColumn":27},"tokenRange":{"beginToken":{"kind":94,"text":"XMLStreamConstants"},"endToken":{"kind":94,"text":"XMLStreamConstants"}},"identifier":"XMLStreamConstants"}}}],"statements":[],"type":"STATEMENT_GROUP"},{"!":"com.github.javaparser.ast.stmt.SwitchEntry","range":{"beginLine":29,"beginColumn":5,"endLine":32,"endColumn":5},"tokenRange":{"beginToken":{"kind":16,"text":"case"},"endToken":{"kind":100,"text":"}"}},"labels":[{"!":"com.github.javaparser.ast.expr.FieldAccessExpr","range":{"beginLine":29,"beginColumn":10,"endLine":29,"endColumn":50},"tokenRange":{"beginToken":{"kind":94,"text":"XMLStreamConstants"},"endToken":{"kind":94,"text":"PROCESSING_INSTRUCTION"}},"name":{"!":"com.github.javaparser.ast.expr.SimpleName","range":{"beginLine":29,"beginColumn":29,"endLine":29,"endColumn":50},"tokenRange":{"beginToken":{"kind":94,"text":"PROCESSING_INSTRUCTION"},"endToken":{"kind":94,"text":"PROCESSING_INSTRUCTION"}},"identifier":"PROCESSING_INSTRUCTION"},"scope":{"!":"com.github.javaparser.ast.expr.NameExpr","range":{"beginLine":29,"beginColumn":10,"endLine":29,"endColumn":27},"tokenRange":{"beginToken":{"kind":94,"text":"XMLStreamConstants"},"endToken":{"kind":94,"text":"XMLStreamConstants"}},"name":{"!":"com.github.javaparser.ast.expr.SimpleName","range":{"beginLine":29,"beginColumn":10,"endLine":29,"endColumn":27},"tokenRange":{"beginToken":{"kind":94,"text":"XMLStreamConstants"},"endToken":{"kind":94,"text":"XMLStreamConstants"}},"identifier":"XMLStreamConstants"}}}],"statements":[{"!":"com.github.javaparser.ast.stmt.BlockStmt","range":{"beginLine":29,"beginColumn":53,"endLine":32,"endColumn":5},"tokenRange":{"beginToken":{"kind":99,"text":"{"},"endToken":{"kind":100,"text":"}"}},"statements":[{"!":"com.github.javaparser.ast.stmt.BreakStmt","range":{"beginLine":31,"beginColumn":6,"endLine":31,"endColumn":11},"tokenRange":{"beginToken":{"kind":14,"text":"break"},"endToken":{"kind":103,"text":";"}},"comment":{"!":"com.github.javaparser.ast.comments.LineComment","range":{"beginLine":30,"beginColumn":6,"endLine":30,"endColumn":13},"tokenRange":{"beginToken":{"kind":5,"text":"//Ignore"},"endToken":{"kind":5,"text":"//Ignore"}},"content":"Ignore"}}]}],"type":"STATEMENT_GROUP"},{"!":"com.github.javaparser.ast.stmt.SwitchEntry","range":{"beginLine":33,"beginColumn":5,"endLine":35,"endColumn":5},"tokenRange":{"beginToken":{"kind":22,"text":"default"},"endToken":{"kind":100,"text":"}"}},"labels":[],"statements":[{"!":"com.github.javaparser.ast.stmt.BlockStmt","range":{"beginLine":33,"beginColumn":14,"endLine":35,"endColumn":5},"tokenRange":{"beginToken":{"kind":99,"text":"{"},"endToken":{"kind":100,"text":"}"}},"statements":[{"!":"com.github.javaparser.ast.stmt.ThrowStmt","range":{"beginLine":34,"beginColumn":6,"endLine":34,"endColumn":184},"tokenRange":{"beginToken":{"kind":57,"text":"throw"},"endToken":{"kind":103,"text":";"}},"expression":{"!":"com.github.javaparser.ast.expr.ObjectCreationExpr","range":{"beginLine":34,"beginColumn":12,"endLine":34,"endColumn":183},"tokenRange":{"beginToken":{"kind":42,"text":"new"},"endToken":{"kind":98,"text":")"}},"arguments":[{"!":"com.github.javaparser.ast.expr.BinaryExpr","range":{"beginLine":34,"beginColumn":35,"endLine":34,"endColumn":161},"tokenRange":{"beginToken":{"kind":90,"text":"\"Unexpected event type '\""},"endToken":{"kind":94,"text":"event"}},"left":{"!":"com.github.javaparser.ast.expr.BinaryExpr","range":{"beginLine":34,"beginColumn":35,"endLine":34,"endColumn":153},"tokenRange":{"beginToken":{"kind":90,"text":"\"Unexpected event type '\""},"endToken":{"kind":90,"text":"\"' encountered. Found event: \""}},"left":{"!":"com.github.javaparser.ast.expr.BinaryExpr","range":{"beginLine":34,"beginColumn":35,"endLine":34,"endColumn":120},"tokenRange":{"beginToken":{"kind":90,"text":"\"Unexpected event type '\""},"endToken":{"kind":98,"text":")"}},"left":{"!":"com.github.javaparser.ast.expr.StringLiteralExpr","range":{"beginLine":34,"beginColumn":35,"endLine":34,"endColumn":59},"tokenRange":{"beginToken":{"kind":90,"text":"\"Unexpected event type '\""},"endToken":{"kind":90,"text":"\"Unexpected event type '\""}},"value":"Unexpected event type '"},"operator":"PLUS","right":{"!":"com.github.javaparser.ast.expr.MethodCallExpr","range":{"beginLine":34,"beginColumn":63,"endLine":34,"endColumn":120},"tokenRange":{"beginToken":{"kind":94,"text":"XMLStreamConstantsUtils"},"endToken":{"kind":98,"text":")"}},"arguments":[{"!":"com.github.javaparser.ast.expr.MethodCallExpr","range":{"beginLine":34,"beginColumn":100,"endLine":34,"endColumn":119},"tokenRange":{"beginToken":{"kind":94,"text":"event"},"endToken":{"kind":98,"text":")"}},"arguments":[],"name":{"!":"com.github.javaparser.ast.expr.SimpleName","range":{"beginLine":34,"beginColumn":106,"endLine":34,"endColumn":117},"tokenRange":{"beginToken":{"kind":94,"text":"getEventType"},"endToken":{"kind":94,"text":"getEventType"}},"identifier":"getEventType"},"scope":{"!":"com.github.javaparser.ast.expr.NameExpr","range":{"beginLine":34,"beginColumn":100,"endLine":34,"endColumn":104},"tokenRange":{"beginToken":{"kind":94,"text":"event"},"endToken":{"kind":94,"text":"event"}},"name":{"!":"com.github.javaparser.ast.expr.SimpleName","range":{"beginLine":34,"beginColumn":100,"endLine":34,"endColumn":104},"tokenRange":{"beginToken":{"kind":94,"text":"event"},"endToken":{"kind":94,"text":"event"}},"identifier":"event"}}}],"name":{"!":"com.github.javaparser.ast.expr.SimpleName","range":{"beginLine":34,"beginColumn":87,"endLine":34,"endColumn":98},"tokenRange":{"beginToken":{"kind":94,"text":"getEventName"},"endToken":{"kind":94,"text":"getEventName"}},"identifier":"getEventName"},"scope":{"!":"com.github.javaparser.ast.expr.NameExpr","range":{"beginLine":34,"beginColumn":63,"endLine":34,"endColumn":85},"tokenRange":{"beginToken":{"kind":94,"text":"XMLStreamConstantsUtils"},"endToken":{"kind":94,"text":"XMLStreamConstantsUtils"}},"name":{"!":"com.github.javaparser.ast.expr.SimpleName","range":{"beginLine":34,"beginColumn":63,"endLine":34,"endColumn":85},"tokenRange":{"beginToken":{"kind":94,"text":"XMLStreamConstantsUtils"},"endToken":{"kind":94,"text":"XMLStreamConstantsUtils"}},"identifier":"XMLStreamConstantsUtils"}}}},"operator":"PLUS","right":{"!":"com.github.javaparser.ast.expr.StringLiteralExpr","range":{"beginLine":34,"beginColumn":124,"endLine":34,"endColumn":153},"tokenRange":{"beginToken":{"kind":90,"text":"\"' encountered. Found event: \""},"endToken":{"kind":90,"text":"\"' encountered. Found event: \""}},"value":"' encountered. Found event: "}},"operator":"PLUS","right":{"!":"com.github.javaparser.ast.expr.NameExpr","range":{"beginLine":34,"beginColumn":157,"endLine":34,"endColumn":161},"tokenRange":{"beginToken":{"kind":94,"text":"event"},"endToken":{"kind":94,"text":"event"}},"name":{"!":"com.github.javaparser.ast.expr.SimpleName","range":{"beginLine":34,"beginColumn":157,"endLine":34,"endColumn":161},"tokenRange":{"beginToken":{"kind":94,"text":"event"},"endToken":{"kind":94,"text":"event"}},"identifier":"event"}}},{"!":"com.github.javaparser.ast.expr.MethodCallExpr","range":{"beginLine":34,"beginColumn":164,"endLine":34,"endColumn":182},"tokenRange":{"beginToken":{"kind":94,"text":"event"},"endToken":{"kind":98,"text":")"}},"arguments":[],"name":{"!":"com.github.javaparser.ast.expr.SimpleName","range":{"beginLine":34,"beginColumn":170,"endLine":34,"endColumn":180},"tokenRange":{"beginToken":{"kind":94,"text":"getLocation"},"endToken":{"kind":94,"text":"getLocation"}},"identifier":"getLocation"},"scope":{"!":"com.github.javaparser.ast.expr.NameExpr","range":{"beginLine":34,"beginColumn":164,"endLine":34,"endColumn":168},"tokenRange":{"beginToken":{"kind":94,"text":"event"},"endToken":{"kind":94,"text":"event"}},"name":{"!":"com.github.javaparser.ast.expr.SimpleName","range":{"beginLine":34,"beginColumn":164,"endLine":34,"endColumn":168},"tokenRange":{"beginToken":{"kind":94,"text":"event"},"endToken":{"kind":94,"text":"event"}},"identifier":"event"}}}],"type":{"!":"com.github.javaparser.ast.type.ClassOrInterfaceType","range":{"beginLine":34,"beginColumn":16,"endLine":34,"endColumn":33},"tokenRange":{"beginToken":{"kind":94,"text":"XMLStreamException"},"endToken":{"kind":94,"text":"XMLStreamException"}},"name":{"!":"com.github.javaparser.ast.expr.SimpleName","range":{"beginLine":34,"beginColumn":16,"endLine":34,"endColumn":33},"tokenRange":{"beginToken":{"kind":94,"text":"XMLStreamException"},"endToken":{"kind":94,"text":"XMLStreamException"}},"identifier":"XMLStreamException"},"annotations":[]}}}]}],"type":"STATEMENT_GROUP"}],"selector":{"!":"com.github.javaparser.ast.expr.MethodCallExpr","range":{"beginLine":14,"beginColumn":12,"endLine":14,"endColumn":31},"tokenRange":{"beginToken":{"kind":94,"text":"event"},"endToken":{"kind":98,"text":")"}},"arguments":[],"name":{"!":"com.github.javaparser.ast.expr.SimpleName","range":{"beginLine":14,"beginColumn":18,"endLine":14,"endColumn":29},"tokenRange":{"beginToken":{"kind":94,"text":"getEventType"},"endToken":{"kind":94,"text":"getEventType"}},"identifier":"getEventType"},"scope":{"!":"com.github.javaparser.ast.expr.NameExpr","range":{"beginLine":14,"beginColumn":12,"endLine":14,"endColumn":16},"tokenRange":{"beginToken":{"kind":94,"text":"event"},"endToken":{"kind":94,"text":"event"}},"name":{"!":"com.github.javaparser.ast.expr.SimpleName","range":{"beginLine":14,"beginColumn":12,"endLine":14,"endColumn":16},"tokenRange":{"beginToken":{"kind":94,"text":"event"},"endToken":{"kind":94,"text":"event"}},"identifier":"event"}}}},{"!":"com.github.javaparser.ast.stmt.ExpressionStmt","range":{"beginLine":38,"beginColumn":4,"endLine":38,"endColumn":28},"tokenRange":{"beginToken":{"kind":94,"text":"event"},"endToken":{"kind":103,"text":";"}},"expression":{"!":"com.github.javaparser.ast.expr.AssignExpr","range":{"beginLine":38,"beginColumn":4,"endLine":38,"endColumn":27},"tokenRange":{"beginToken":{"kind":94,"text":"event"},"endToken":{"kind":98,"text":")"}},"operator":"ASSIGN","target":{"!":"com.github.javaparser.ast.expr.NameExpr","range":{"beginLine":38,"beginColumn":4,"endLine":38,"endColumn":8},"tokenRange":{"beginToken":{"kind":94,"text":"event"},"endToken":{"kind":94,"text":"event"}},"name":{"!":"com.github.javaparser.ast.expr.SimpleName","range":{"beginLine":38,"beginColumn":4,"endLine":38,"endColumn":8},"tokenRange":{"beginToken":{"kind":94,"text":"event"},"endToken":{"kind":94,"text":"event"}},"identifier":"event"}},"value":{"!":"com.github.javaparser.ast.expr.MethodCallExpr","range":{"beginLine":38,"beginColumn":12,"endLine":38,"endColumn":27},"tokenRange":{"beginToken":{"kind":56,"text":"this"},"endToken":{"kind":98,"text":")"}},"arguments":[],"name":{"!":"com.github.javaparser.ast.expr.SimpleName","range":{"beginLine":38,"beginColumn":17,"endLine":38,"endColumn":25},"tokenRange":{"beginToken":{"kind":94,"text":"nextEvent"},"endToken":{"kind":94,"text":"nextEvent"}},"identifier":"nextEvent"},"scope":{"!":"com.github.javaparser.ast.expr.ThisExpr","range":{"beginLine":38,"beginColumn":12,"endLine":38,"endColumn":15},"tokenRange":{"beginToken":{"kind":56,"text":"this"},"endToken":{"kind":56,"text":"this"}}}}}}]},"condition":{"!":"com.github.javaparser.ast.expr.UnaryExpr","range":{"beginLine":13,"beginColumn":10,"endLine":13,"endColumn":31},"tokenRange":{"beginToken":{"kind":111,"text":"!"},"endToken":{"kind":98,"text":")"}},"expression":{"!":"com.github.javaparser.ast.expr.MethodCallExpr","range":{"beginLine":13,"beginColumn":11,"endLine":13,"endColumn":31},"tokenRange":{"beginToken":{"kind":94,"text":"event"},"endToken":{"kind":98,"text":")"}},"arguments":[],"name":{"!":"com.github.javaparser.ast.expr.SimpleName","range":{"beginLine":13,"beginColumn":17,"endLine":13,"endColumn":29},"tokenRange":{"beginToken":{"kind":94,"text":"isEndDocument"},"endToken":{"kind":94,"text":"isEndDocument"}},"identifier":"isEndDocument"},"scope":{"!":"com.github.javaparser.ast.expr.NameExpr","range":{"beginLine":13,"beginColumn":11,"endLine":13,"endColumn":15},"tokenRange":{"beginToken":{"kind":94,"text":"event"},"endToken":{"kind":94,"text":"event"}},"name":{"!":"com.github.javaparser.ast.expr.SimpleName","range":{"beginLine":13,"beginColumn":11,"endLine":13,"endColumn":15},"tokenRange":{"beginToken":{"kind":94,"text":"event"},"endToken":{"kind":94,"text":"event"}},"identifier":"event"}}},"operator":"LOGICAL_COMPLEMENT"}},{"!":"com.github.javaparser.ast.stmt.ReturnStmt","range":{"beginLine":41,"beginColumn":3,"endLine":41,"endColumn":25},"tokenRange":{"beginToken":{"kind":49,"text":"return"},"endToken":{"kind":103,"text":";"}},"expression":{"!":"com.github.javaparser.ast.expr.MethodCallExpr","range":{"beginLine":41,"beginColumn":10,"endLine":41,"endColumn":24},"tokenRange":{"beginToken":{"kind":94,"text":"text"},"endToken":{"kind":98,"text":")"}},"arguments":[],"name":{"!":"com.github.javaparser.ast.expr.SimpleName","range":{"beginLine":41,"beginColumn":15,"endLine":41,"endColumn":22},"tokenRange":{"beginToken":{"kind":94,"text":"toString"},"endToken":{"kind":94,"text":"toString"}},"identifier":"toString"},"scope":{"!":"com.github.javaparser.ast.expr.NameExpr","range":{"beginLine":41,"beginColumn":10,"endLine":41,"endColumn":13},"tokenRange":{"beginToken":{"kind":94,"text":"text"},"endToken":{"kind":94,"text":"text"}},"name":{"!":"com.github.javaparser.ast.expr.SimpleName","range":{"beginLine":41,"beginColumn":10,"endLine":41,"endColumn":13},"tokenRange":{"beginToken":{"kind":94,"text":"text"},"endToken":{"kind":94,"text":"text"}},"identifier":"text"}}}}]},"type":{"!":"com.github.javaparser.ast.type.ClassOrInterfaceType","range":{"beginLine":3,"beginColumn":15,"endLine":3,"endColumn":20},"tokenRange":{"beginToken":{"kind":94,"text":"String"},"endToken":{"kind":94,"text":"String"}},"name":{"!":"com.github.javaparser.ast.expr.SimpleName","range":{"beginLine":3,"beginColumn":15,"endLine":3,"endColumn":20},"tokenRange":{"beginToken":{"kind":94,"text":"String"},"endToken":{"kind":94,"text":"String"}},"identifier":"String"},"annotations":[]},"modifiers":[{"!":"com.github.javaparser.ast.Modifier","range":{"beginLine":3,"beginColumn":2,"endLine":3,"endColumn":7},"tokenRange":{"beginToken":{"kind":47,"text":"public"},"endToken":{"kind":47,"text":"public"}},"keyword":"PUBLIC"},{"!":"com.github.javaparser.ast.Modifier","range":{"beginLine":3,"beginColumn":9,"endLine":3,"endColumn":13},"tokenRange":{"beginToken":{"kind":29,"text":"final"},"endToken":{"kind":29,"text":"final"}},"keyword":"FINAL"}],"name":{"!":"com.github.javaparser.ast.expr.SimpleName","range":{"beginLine":3,"beginColumn":22,"endLine":3,"endColumn":35},"tokenRange":{"beginToken":{"kind":94,"text":"getElementText"},"endToken":{"kind":94,"text":"getElementText"}},"identifier":"getElementText"},"parameters":[],"thrownExceptions":[{"!":"com.github.javaparser.ast.type.ClassOrInterfaceType","range":{"beginLine":3,"beginColumn":46,"endLine":3,"endColumn":63},"tokenRange":{"beginToken":{"kind":94,"text":"XMLStreamException"},"endToken":{"kind":94,"text":"XMLStreamException"}},"name":{"!":"com.github.javaparser.ast.expr.SimpleName","range":{"beginLine":3,"beginColumn":46,"endLine":3,"endColumn":63},"tokenRange":{"beginToken":{"kind":94,"text":"XMLStreamException"},"endToken":{"kind":94,"text":"XMLStreamException"}},"identifier":"XMLStreamException"},"annotations":[]}],"typeParameters":[],"annotations":[{"!":"com.github.javaparser.ast.expr.MarkerAnnotationExpr","range":{"beginLine":2,"beginColumn":2,"endLine":2,"endColumn":10},"tokenRange":{"beginToken":{"kind":107,"text":"@"},"endToken":{"kind":94,"text":"Override"}},"name":{"!":"com.github.javaparser.ast.expr.Name","range":{"beginLine":2,"beginColumn":3,"endLine":2,"endColumn":10},"tokenRange":{"beginToken":{"kind":94,"text":"Override"},"endToken":{"kind":94,"text":"Override"}},"identifier":"Override"}}]}],"modifiers":[],"name":{"!":"com.github.javaparser.ast.expr.SimpleName","range":{"beginLine":1,"beginColumn":7,"endLine":1,"endColumn":10},"tokenRange":{"beginToken":{"kind":94,"text":"Test"},"endToken":{"kind":94,"text":"Test"}},"identifier":"Test"},"annotations":[]}]}