{
  "!": "com.github.javaparser.ast.CompilationUnit",
  "range": {
    "beginLine": 1,
    "beginColumn": 1,
    "endLine": 33,
    "endColumn": 2
  },
  "tokenRange": {
    "beginToken": {
      "kind": 19,
      "text": "class"
    },
    "endToken": {
      "kind": 0,
      "text": ""
    }
  },
  "imports": [],
  "types": [
    {
      "!": "com.github.javaparser.ast.body.ClassOrInterfaceDeclaration",
      "range": {
        "beginLine": 1,
        "beginColumn": 1,
        "endLine": 33,
        "endColumn": 2
      },
      "tokenRange": {
        "beginToken": {
          "kind": 19,
          "text": "class"
        },
        "endToken": {
          "kind": 100,
          "text": "}"
        }
      },
      "extendedTypes": [],
      "implementedTypes": [],
      "isInterface": "false",
      "typeParameters": [],
      "members": [
        {
          "!": "com.github.javaparser.ast.body.MethodDeclaration",
          "range": {
            "beginLine": 2,
            "beginColumn": 2,
            "endLine": 31,
            "endColumn": 2
          },
          "tokenRange": {
            "beginToken": {
              "kind": 107,
              "text": "@"
            },
            "endToken": {
              "kind": 100,
              "text": "}"
            }
          },
          "body": {
            "!": "com.github.javaparser.ast.stmt.BlockStmt",
            "range": {
              "beginLine": 3,
              "beginColumn": 67,
              "endLine": 31,
              "endColumn": 2
            },
            "tokenRange": {
              "beginToken": {
                "kind": 99,
                "text": "{"
              },
              "endToken": {
                "kind": 100,
                "text": "}"
              }
            },
            "statements": [
              {
                "!": "com.github.javaparser.ast.stmt.IfStmt",
                "range": {
                  "beginLine": 6,
                  "beginColumn": 3,
                  "endLine": 15,
                  "endColumn": 3
                },
                "tokenRange": {
                  "beginToken": {
                    "kind": 34,
                    "text": "if"
                  },
                  "endToken": {
                    "kind": 100,
                    "text": "}"
                  }
                },
                "condition": {
                  "!": "com.github.javaparser.ast.expr.BinaryExpr",
                  "range": {
                    "beginLine": 6,
                    "beginColumn": 7,
                    "endLine": 6,
                    "endColumn": 31
                  },
                  "tokenRange": {
                    "beginToken": {
                      "kind": 56,
                      "text": "this"
                    },
                    "endToken": {
                      "kind": 43,
                      "text": "null"
                    }
                  },
                  "left": {
                    "!": "com.github.javaparser.ast.expr.FieldAccessExpr",
                    "range": {
                      "beginLine": 6,
                      "beginColumn": 7,
                      "endLine": 6,
                      "endColumn": 23
                    },
                    "tokenRange": {
                      "beginToken": {
                        "kind": 56,
                        "text": "this"
                      },
                      "endToken": {
                        "kind": 94,
                        "text": "bufferReader"
                      }
                    },
                    "name": {
                      "!": "com.github.javaparser.ast.expr.SimpleName",
                      "range": {
                        "beginLine": 6,
                        "beginColumn": 12,
                        "endLine": 6,
                        "endColumn": 23
                      },
                      "tokenRange": {
                        "beginToken": {
                          "kind": 94,
                          "text": "bufferReader"
                        },
                        "endToken": {
                          "kind": 94,
                          "text": "bufferReader"
                        }
                      },
                      "identifier": "bufferReader"
                    },
                    "scope": {
                      "!": "com.github.javaparser.ast.expr.ThisExpr",
                      "range": {
                        "beginLine": 6,
                        "beginColumn": 7,
                        "endLine": 6,
                        "endColumn": 10
                      },
                      "tokenRange": {
                        "beginToken": {
                          "kind": 56,
                          "text": "this"
                        },
                        "endToken": {
                          "kind": 56,
                          "text": "this"
                        }
                      }
                    }
                  },
                  "operator": "NOT_EQUALS",
                  "right": {
                    "!": "com.github.javaparser.ast.expr.NullLiteralExpr",
                    "range": {
                      "beginLine": 6,
                      "beginColumn": 28,
                      "endLine": 6,
                      "endColumn": 31
                    },
                    "tokenRange": {
                      "beginToken": {
                        "kind": 43,
                        "text": "null"
                      },
                      "endToken": {
                        "kind": 43,
                        "text": "null"
                      }
                    }
                  }
                },
                "thenStmt": {
                  "!": "com.github.javaparser.ast.stmt.BlockStmt",
                  "range": {
                    "beginLine": 6,
                    "beginColumn": 34,
                    "endLine": 15,
                    "endColumn": 3
                  },
                  "tokenRange": {
                    "beginToken": {
                      "kind": 99,
                      "text": "{"
                    },
                    "endToken": {
                      "kind": 100,
                      "text": "}"
                    }
                  },
                  "statements": [
                    {
                      "!": "com.github.javaparser.ast.stmt.ExpressionStmt",
                      "range": {
                        "beginLine": 7,
                        "beginColumn": 4,
                        "endLine": 7,
                        "endColumn": 51
                      },
                      "tokenRange": {
                        "beginToken": {
                          "kind": 29,
                          "text": "final"
                        },
                        "endToken": {
                          "kind": 103,
                          "text": ";"
                        }
                      },
                      "expression": {
                        "!": "com.github.javaparser.ast.expr.VariableDeclarationExpr",
                        "range": {
                          "beginLine": 7,
                          "beginColumn": 4,
                          "endLine": 7,
                          "endColumn": 50
                        },
                        "tokenRange": {
                          "beginToken": {
                            "kind": 29,
                            "text": "final"
                          },
                          "endToken": {
                            "kind": 98,
                            "text": ")"
                          }
                        },
                        "annotations": [],
                        "modifiers": [
                          {
                            "!": "com.github.javaparser.ast.Modifier",
                            "range": {
                              "beginLine": 7,
                              "beginColumn": 4,
                              "endLine": 7,
                              "endColumn": 8
                            },
                            "tokenRange": {
                              "beginToken": {
                                "kind": 29,
                                "text": "final"
                              },
                              "endToken": {
                                "kind": 29,
                                "text": "final"
                              }
                            },
                            "keyword": "FINAL"
                          }
                        ],
                        "variables": [
                          {
                            "!": "com.github.javaparser.ast.body.VariableDeclarator",
                            "range": {
                              "beginLine": 7,
                              "beginColumn": 19,
                              "endLine": 7,
                              "endColumn": 50
                            },
                            "tokenRange": {
                              "beginToken": {
                                "kind": 94,
                                "text": "event"
                              },
                              "endToken": {
                                "kind": 98,
                                "text": ")"
                              }
                            },
                            "initializer": {
                              "!": "com.github.javaparser.ast.expr.MethodCallExpr",
                              "range": {
                                "beginLine": 7,
                                "beginColumn": 27,
                                "endLine": 7,
                                "endColumn": 50
                              },
                              "tokenRange": {
                                "beginToken": {
                                  "kind": 56,
                                  "text": "this"
                                },
                                "endToken": {
                                  "kind": 98,
                                  "text": ")"
                                }
                              },
                              "arguments": [],
                              "name": {
                                "!": "com.github.javaparser.ast.expr.SimpleName",
                                "range": {
                                  "beginLine": 7,
                                  "beginColumn": 45,
                                  "endLine": 7,
                                  "endColumn": 48
                                },
                                "tokenRange": {
                                  "beginToken": {
                                    "kind": 94,
                                    "text": "next"
                                  },
                                  "endToken": {
                                    "kind": 94,
                                    "text": "next"
                                  }
                                },
                                "identifier": "next"
                              },
                              "scope": {
                                "!": "com.github.javaparser.ast.expr.FieldAccessExpr",
                                "range": {
                                  "beginLine": 7,
                                  "beginColumn": 27,
                                  "endLine": 7,
                                  "endColumn": 43
                                },
                                "tokenRange": {
                                  "beginToken": {
                                    "kind": 56,
                                    "text": "this"
                                  },
                                  "endToken": {
                                    "kind": 94,
                                    "text": "bufferReader"
                                  }
                                },
                                "name": {
                                  "!": "com.github.javaparser.ast.expr.SimpleName",
                                  "range": {
                                    "beginLine": 7,
                                    "beginColumn": 32,
                                    "endLine": 7,
                                    "endColumn": 43
                                  },
                                  "tokenRange": {
                                    "beginToken": {
                                      "kind": 94,
                                      "text": "bufferReader"
                                    },
                                    "endToken": {
                                      "kind": 94,
                                      "text": "bufferReader"
                                    }
                                  },
                                  "identifier": "bufferReader"
                                },
                                "scope": {
                                  "!": "com.github.javaparser.ast.expr.ThisExpr",
                                  "range": {
                                    "beginLine": 7,
                                    "beginColumn": 27,
                                    "endLine": 7,
                                    "endColumn": 30
                                  },
                                  "tokenRange": {
                                    "beginToken": {
                                      "kind": 56,
                                      "text": "this"
                                    },
                                    "endToken": {
                                      "kind": 56,
                                      "text": "this"
                                    }
                                  }
                                }
                              }
                            },
                            "name": {
                              "!": "com.github.javaparser.ast.expr.SimpleName",
                              "range": {
                                "beginLine": 7,
                                "beginColumn": 19,
                                "endLine": 7,
                                "endColumn": 23
                              },
                              "tokenRange": {
                                "beginToken": {
                                  "kind": 94,
                                  "text": "event"
                                },
                                "endToken": {
                                  "kind": 94,
                                  "text": "event"
                                }
                              },
                              "identifier": "event"
                            },
                            "type": {
                              "!": "com.github.javaparser.ast.type.ClassOrInterfaceType",
                              "range": {
                                "beginLine": 7,
                                "beginColumn": 10,
                                "endLine": 7,
                                "endColumn": 17
                              },
                              "tokenRange": {
                                "beginToken": {
                                  "kind": 94,
                                  "text": "XMLEvent"
                                },
                                "endToken": {
                                  "kind": 94,
                                  "text": "XMLEvent"
                                }
                              },
                              "name": {
                                "!": "com.github.javaparser.ast.expr.SimpleName",
                                "range": {
                                  "beginLine": 7,
                                  "beginColumn": 10,
                                  "endLine": 7,
                                  "endColumn": 17
                                },
                                "tokenRange": {
                                  "beginToken": {
                                    "kind": 94,
                                    "text": "XMLEvent"
                                  },
                                  "endToken": {
                                    "kind": 94,
                                    "text": "XMLEvent"
                                  }
                                },
                                "identifier": "XMLEvent"
                              },
                              "annotations": []
                            }
                          }
                        ]
                      }
                    },
                    {
                      "!": "com.github.javaparser.ast.stmt.IfStmt",
                      "range": {
                        "beginLine": 10,
                        "beginColumn": 4,
                        "endLine": 12,
                        "endColumn": 4
                      },
                      "tokenRange": {
                        "beginToken": {
                          "kind": 34,
                          "text": "if"
                        },
                        "endToken": {
                          "kind": 100,
                          "text": "}"
                        }
                      },
                      "condition": {
                        "!": "com.github.javaparser.ast.expr.UnaryExpr",
                        "range": {
                          "beginLine": 10,
                          "beginColumn": 8,
                          "endLine": 10,
                          "endColumn": 35
                        },
                        "tokenRange": {
                          "beginToken": {
                            "kind": 111,
                            "text": "!"
                          },
                          "endToken": {
                            "kind": 98,
                            "text": ")"
                          }
                        },
                        "expression": {
                          "!": "com.github.javaparser.ast.expr.MethodCallExpr",
                          "range": {
                            "beginLine": 10,
                            "beginColumn": 9,
                            "endLine": 10,
                            "endColumn": 35
                          },
                          "tokenRange": {
                            "beginToken": {
                              "kind": 56,
                              "text": "this"
                            },
                            "endToken": {
                              "kind": 98,
                              "text": ")"
                            }
                          },
                          "arguments": [],
                          "name": {
                            "!": "com.github.javaparser.ast.expr.SimpleName",
                            "range": {
                              "beginLine": 10,
                              "beginColumn": 27,
                              "endLine": 10,
                              "endColumn": 33
                            },
                            "tokenRange": {
                              "beginToken": {
                                "kind": 94,
                                "text": "hasNext"
                              },
                              "endToken": {
                                "kind": 94,
                                "text": "hasNext"
                              }
                            },
                            "identifier": "hasNext"
                          },
                          "scope": {
                            "!": "com.github.javaparser.ast.expr.FieldAccessExpr",
                            "range": {
                              "beginLine": 10,
                              "beginColumn": 9,
                              "endLine": 10,
                              "endColumn": 25
                            },
                            "tokenRange": {
                              "beginToken": {
                                "kind": 56,
                                "text": "this"
                              },
                              "endToken": {
                                "kind": 94,
                                "text": "bufferReader"
                              }
                            },
                            "name": {
                              "!": "com.github.javaparser.ast.expr.SimpleName",
                              "range": {
                                "beginLine": 10,
                                "beginColumn": 14,
                                "endLine": 10,
                                "endColumn": 25
                              },
                              "tokenRange": {
                                "beginToken": {
                                  "kind": 94,
                                  "text": "bufferReader"
                                },
                                "endToken": {
                                  "kind": 94,
                                  "text": "bufferReader"
                                }
                              },
                              "identifier": "bufferReader"
                            },
                            "scope": {
                              "!": "com.github.javaparser.ast.expr.ThisExpr",
                              "range": {
                                "beginLine": 10,
                                "beginColumn": 9,
                                "endLine": 10,
                                "endColumn": 12
                              },
                              "tokenRange": {
                                "beginToken": {
                                  "kind": 56,
                                  "text": "this"
                                },
                                "endToken": {
                                  "kind": 56,
                                  "text": "this"
                                }
                              }
                            }
                          }
                        },
                        "operator": "LOGICAL_COMPLEMENT"
                      },
                      "thenStmt": {
                        "!": "com.github.javaparser.ast.stmt.BlockStmt",
                        "range": {
                          "beginLine": 10,
                          "beginColumn": 38,
                          "endLine": 12,
                          "endColumn": 4
                        },
                        "tokenRange": {
                          "beginToken": {
                            "kind": 99,
                            "text": "{"
                          },
                          "endToken": {
                            "kind": 100,
                            "text": "}"
                          }
                        },
                        "statements": [
                          {
                            "!": "com.github.javaparser.ast.stmt.ExpressionStmt",
                            "range": {
                              "beginLine": 11,
                              "beginColumn": 5,
                              "endLine": 11,
                              "endColumn": 29
                            },
                            "tokenRange": {
                              "beginToken": {
                                "kind": 56,
                                "text": "this"
                              },
                              "endToken": {
                                "kind": 103,
                                "text": ";"
                              }
                            },
                            "expression": {
                              "!": "com.github.javaparser.ast.expr.AssignExpr",
                              "range": {
                                "beginLine": 11,
                                "beginColumn": 5,
                                "endLine": 11,
                                "endColumn": 28
                              },
                              "tokenRange": {
                                "beginToken": {
                                  "kind": 56,
                                  "text": "this"
                                },
                                "endToken": {
                                  "kind": 43,
                                  "text": "null"
                                }
                              },
                              "operator": "ASSIGN",
                              "target": {
                                "!": "com.github.javaparser.ast.expr.FieldAccessExpr",
                                "range": {
                                  "beginLine": 11,
                                  "beginColumn": 5,
                                  "endLine": 11,
                                  "endColumn": 21
                                },
                                "tokenRange": {
                                  "beginToken": {
                                    "kind": 56,
                                    "text": "this"
                                  },
                                  "endToken": {
                                    "kind": 94,
                                    "text": "bufferReader"
                                  }
                                },
                                "name": {
                                  "!": "com.github.javaparser.ast.expr.SimpleName",
                                  "range": {
                                    "beginLine": 11,
                                    "beginColumn": 10,
                                    "endLine": 11,
                                    "endColumn": 21
                                  },
                                  "tokenRange": {
                                    "beginToken": {
                                      "kind": 94,
                                      "text": "bufferReader"
                                    },
                                    "endToken": {
                                      "kind": 94,
                                      "text": "bufferReader"
                                    }
                                  },
                                  "identifier": "bufferReader"
                                },
                                "scope": {
                                  "!": "com.github.javaparser.ast.expr.ThisExpr",
                                  "range": {
                                    "beginLine": 11,
                                    "beginColumn": 5,
                                    "endLine": 11,
                                    "endColumn": 8
                                  },
                                  "tokenRange": {
                                    "beginToken": {
                                      "kind": 56,
                                      "text": "this"
                                    },
                                    "endToken": {
                                      "kind": 56,
                                      "text": "this"
                                    }
                                  }
                                }
                              },
                              "value": {
                                "!": "com.github.javaparser.ast.expr.NullLiteralExpr",
                                "range": {
                                  "beginLine": 11,
                                  "beginColumn": 25,
                                  "endLine": 11,
                                  "endColumn": 28
                                },
                                "tokenRange": {
                                  "beginToken": {
                                    "kind": 43,
                                    "text": "null"
                                  },
                                  "endToken": {
                                    "kind": 43,
                                    "text": "null"
                                  }
                                }
                              }
                            }
                          }
                        ]
                      },
                      "comment": {
                        "!": "com.github.javaparser.ast.comments.LineComment",
                        "range": {
                          "beginLine": 9,
                          "beginColumn": 4,
                          "endLine": 9,
                          "endColumn": 93
                        },
                        "tokenRange": {
                          "beginToken": {
                            "kind": 5,
                            "text": "//If nothing left in the iterator, remove the reference and fall through to direct reading"
                          },
                          "endToken": {
                            "kind": 5,
                            "text": "//If nothing left in the iterator, remove the reference and fall through to direct reading"
                          }
                        },
                        "content": "If nothing left in the iterator, remove the reference and fall through to direct reading"
                      }
                    },
                    {
                      "!": "com.github.javaparser.ast.stmt.ReturnStmt",
                      "range": {
                        "beginLine": 14,
                        "beginColumn": 4,
                        "endLine": 14,
                        "endColumn": 16
                      },
                      "tokenRange": {
                        "beginToken": {
                          "kind": 49,
                          "text": "return"
                        },
                        "endToken": {
                          "kind": 103,
                          "text": ";"
                        }
                      },
                      "expression": {
                        "!": "com.github.javaparser.ast.expr.NameExpr",
                        "range": {
                          "beginLine": 14,
                          "beginColumn": 11,
                          "endLine": 14,
                          "endColumn": 15
                        },
                        "tokenRange": {
                          "beginToken": {
                            "kind": 94,
                            "text": "event"
                          },
                          "endToken": {
                            "kind": 94,
                            "text": "event"
                          }
                        },
                        "name": {
                          "!": "com.github.javaparser.ast.expr.SimpleName",
                          "range": {
                            "beginLine": 14,
                            "beginColumn": 11,
                            "endLine": 14,
                            "endColumn": 15
                          },
                          "tokenRange": {
                            "beginToken": {
                              "kind": 94,
                              "text": "event"
                            },
                            "endToken": {
                              "kind": 94,
                              "text": "event"
                            }
                          },
                          "identifier": "event"
                        }
                      }
                    }
                  ]
                },
                "comment": [{
                  "!": "com.github.javaparser.ast.comments.LineComment",
                  "range": {
                    "beginLine": 5,
                    "beginColumn": 3,
                    "endLine": 5,
                    "endColumn": 32
                  },
                  "tokenRange": {
                    "beginToken": {
                      "kind": 5,
                      "text": "//until it runs out of events."
                    },
                    "endToken": {
                      "kind": 5,
                      "text": "//until it runs out of events."
                    }
                  },
                  "content": "until it runs out of events."
                }, {
                  "!": "com.github.javaparser.ast.comments.LineComment",
                  "range": {
                    "beginLine": 4,
                    "beginColumn": 3,
                    "endLine": 4,
                    "endColumn": 75
                  },
                  "tokenRange": {
                    "beginToken": {
                      "kind": 5,
                      "text": "//until it runs out of events."
                    },
                    "endToken": {
                      "kind": 5,
                      "text": "//until it runs out of events."
                    }
                  },
                  "content": "until it runs out of events."
                }]
              },
              {
                "!": "com.github.javaparser.ast.stmt.ExpressionStmt",
                "range": {
                  "beginLine": 18,
                  "beginColumn": 3,
                  "endLine": 18,
                  "endColumn": 54
                },
                "tokenRange": {
                  "beginToken": {
                    "kind": 29,
                    "text": "final"
                  },
                  "endToken": {
                    "kind": 103,
                    "text": ";"
                  }
                },
                "expression": {
                  "!": "com.github.javaparser.ast.expr.VariableDeclarationExpr",
                  "range": {
                    "beginLine": 18,
                    "beginColumn": 3,
                    "endLine": 18,
                    "endColumn": 53
                  },
                  "tokenRange": {
                    "beginToken": {
                      "kind": 29,
                      "text": "final"
                    },
                    "endToken": {
                      "kind": 98,
                      "text": ")"
                    }
                  },
                  "annotations": [],
                  "modifiers": [
                    {
                      "!": "com.github.javaparser.ast.Modifier",
                      "range": {
                        "beginLine": 18,
                        "beginColumn": 3,
                        "endLine": 18,
                        "endColumn": 7
                      },
                      "tokenRange": {
                        "beginToken": {
                          "kind": 29,
                          "text": "final"
                        },
                        "endToken": {
                          "kind": 29,
                          "text": "final"
                        }
                      },
                      "keyword": "FINAL"
                    }
                  ],
                  "variables": [
                    {
                      "!": "com.github.javaparser.ast.body.VariableDeclarator",
                      "range": {
                        "beginLine": 18,
                        "beginColumn": 18,
                        "endLine": 18,
                        "endColumn": 53
                      },
                      "tokenRange": {
                        "beginToken": {
                          "kind": 94,
                          "text": "event"
                        },
                        "endToken": {
                          "kind": 98,
                          "text": ")"
                        }
                      },
                      "initializer": {
                        "!": "com.github.javaparser.ast.expr.MethodCallExpr",
                        "range": {
                          "beginLine": 18,
                          "beginColumn": 26,
                          "endLine": 18,
                          "endColumn": 53
                        },
                        "tokenRange": {
                          "beginToken": {
                            "kind": 56,
                            "text": "this"
                          },
                          "endToken": {
                            "kind": 98,
                            "text": ")"
                          }
                        },
                        "arguments": [],
                        "name": {
                          "!": "com.github.javaparser.ast.expr.SimpleName",
                          "range": {
                            "beginLine": 18,
                            "beginColumn": 43,
                            "endLine": 18,
                            "endColumn": 51
                          },
                          "tokenRange": {
                            "beginToken": {
                              "kind": 94,
                              "text": "nextEvent"
                            },
                            "endToken": {
                              "kind": 94,
                              "text": "nextEvent"
                            }
                          },
                          "identifier": "nextEvent"
                        },
                        "scope": {
                          "!": "com.github.javaparser.ast.expr.MethodCallExpr",
                          "range": {
                            "beginLine": 18,
                            "beginColumn": 26,
                            "endLine": 18,
                            "endColumn": 41
                          },
                          "tokenRange": {
                            "beginToken": {
                              "kind": 56,
                              "text": "this"
                            },
                            "endToken": {
                              "kind": 98,
                              "text": ")"
                            }
                          },
                          "arguments": [],
                          "name": {
                            "!": "com.github.javaparser.ast.expr.SimpleName",
                            "range": {
                              "beginLine": 18,
                              "beginColumn": 31,
                              "endLine": 18,
                              "endColumn": 39
                            },
                            "tokenRange": {
                              "beginToken": {
                                "kind": 94,
                                "text": "getParent"
                              },
                              "endToken": {
                                "kind": 94,
                                "text": "getParent"
                              }
                            },
                            "identifier": "getParent"
                          },
                          "scope": {
                            "!": "com.github.javaparser.ast.expr.ThisExpr",
                            "range": {
                              "beginLine": 18,
                              "beginColumn": 26,
                              "endLine": 18,
                              "endColumn": 29
                            },
                            "tokenRange": {
                              "beginToken": {
                                "kind": 56,
                                "text": "this"
                              },
                              "endToken": {
                                "kind": 56,
                                "text": "this"
                              }
                            }
                          }
                        }
                      },
                      "name": {
                        "!": "com.github.javaparser.ast.expr.SimpleName",
                        "range": {
                          "beginLine": 18,
                          "beginColumn": 18,
                          "endLine": 18,
                          "endColumn": 22
                        },
                        "tokenRange": {
                          "beginToken": {
                            "kind": 94,
                            "text": "event"
                          },
                          "endToken": {
                            "kind": 94,
                            "text": "event"
                          }
                        },
                        "identifier": "event"
                      },
                      "type": {
                        "!": "com.github.javaparser.ast.type.ClassOrInterfaceType",
                        "range": {
                          "beginLine": 18,
                          "beginColumn": 9,
                          "endLine": 18,
                          "endColumn": 16
                        },
                        "tokenRange": {
                          "beginToken": {
                            "kind": 94,
                            "text": "XMLEvent"
                          },
                          "endToken": {
                            "kind": 94,
                            "text": "XMLEvent"
                          }
                        },
                        "name": {
                          "!": "com.github.javaparser.ast.expr.SimpleName",
                          "range": {
                            "beginLine": 18,
                            "beginColumn": 9,
                            "endLine": 18,
                            "endColumn": 16
                          },
                          "tokenRange": {
                            "beginToken": {
                              "kind": 94,
                              "text": "XMLEvent"
                            },
                            "endToken": {
                              "kind": 94,
                              "text": "XMLEvent"
                            }
                          },
                          "identifier": "XMLEvent"
                        },
                        "annotations": []
                      }
                    }
                  ]
                },
                "comment": {
                  "!": "com.github.javaparser.ast.comments.LineComment",
                  "range": {
                    "beginLine": 17,
                    "beginColumn": 3,
                    "endLine": 17,
                    "endColumn": 49
                  },
                  "tokenRange": {
                    "beginToken": {
                      "kind": 5,
                      "text": "//Get the next event from the underlying reader"
                    },
                    "endToken": {
                      "kind": 5,
                      "text": "//Get the next event from the underlying reader"
                    }
                  },
                  "content": "Get the next event from the underlying reader"
                }
              },
              {
                "!": "com.github.javaparser.ast.stmt.IfStmt",
                "range": {
                  "beginLine": 21,
                  "beginColumn": 3,
                  "endLine": 28,
                  "endColumn": 3
                },
                "tokenRange": {
                  "beginToken": {
                    "kind": 34,
                    "text": "if"
                  },
                  "endToken": {
                    "kind": 100,
                    "text": "}"
                  }
                },
                "condition": {
                  "!": "com.github.javaparser.ast.expr.BinaryExpr",
                  "range": {
                    "beginLine": 21,
                    "beginColumn": 7,
                    "endLine": 21,
                    "endColumn": 26
                  },
                  "tokenRange": {
                    "beginToken": {
                      "kind": 56,
                      "text": "this"
                    },
                    "endToken": {
                      "kind": 77,
                      "text": "0"
                    }
                  },
                  "left": {
                    "!": "com.github.javaparser.ast.expr.FieldAccessExpr",
                    "range": {
                      "beginLine": 21,
                      "beginColumn": 7,
                      "endLine": 21,
                      "endColumn": 21
                    },
                    "tokenRange": {
                      "beginToken": {
                        "kind": 56,
                        "text": "this"
                      },
                      "endToken": {
                        "kind": 94,
                        "text": "eventLimit"
                      }
                    },
                    "name": {
                      "!": "com.github.javaparser.ast.expr.SimpleName",
                      "range": {
                        "beginLine": 21,
                        "beginColumn": 12,
                        "endLine": 21,
                        "endColumn": 21
                      },
                      "tokenRange": {
                        "beginToken": {
                          "kind": 94,
                          "text": "eventLimit"
                        },
                        "endToken": {
                          "kind": 94,
                          "text": "eventLimit"
                        }
                      },
                      "identifier": "eventLimit"
                    },
                    "scope": {
                      "!": "com.github.javaparser.ast.expr.ThisExpr",
                      "range": {
                        "beginLine": 21,
                        "beginColumn": 7,
                        "endLine": 21,
                        "endColumn": 10
                      },
                      "tokenRange": {
                        "beginToken": {
                          "kind": 56,
                          "text": "this"
                        },
                        "endToken": {
                          "kind": 56,
                          "text": "this"
                        }
                      }
                    }
                  },
                  "operator": "NOT_EQUALS",
                  "right": {
                    "!": "com.github.javaparser.ast.expr.IntegerLiteralExpr",
                    "range": {
                      "beginLine": 21,
                      "beginColumn": 26,
                      "endLine": 21,
                      "endColumn": 26
                    },
                    "tokenRange": {
                      "beginToken": {
                        "kind": 77,
                        "text": "0"
                      },
                      "endToken": {
                        "kind": 77,
                        "text": "0"
                      }
                    },
                    "value": "0"
                  }
                },
                "thenStmt": {
                  "!": "com.github.javaparser.ast.stmt.BlockStmt",
                  "range": {
                    "beginLine": 21,
                    "beginColumn": 29,
                    "endLine": 28,
                    "endColumn": 3
                  },
                  "tokenRange": {
                    "beginToken": {
                      "kind": 99,
                      "text": "{"
                    },
                    "endToken": {
                      "kind": 100,
                      "text": "}"
                    }
                  },
                  "statements": [
                    {
                      "!": "com.github.javaparser.ast.stmt.ExpressionStmt",
                      "range": {
                        "beginLine": 22,
                        "beginColumn": 4,
                        "endLine": 22,
                        "endColumn": 33
                      },
                      "tokenRange": {
                        "beginToken": {
                          "kind": 56,
                          "text": "this"
                        },
                        "endToken": {
                          "kind": 103,
                          "text": ";"
                        }
                      },
                      "expression": {
                        "!": "com.github.javaparser.ast.expr.MethodCallExpr",
                        "range": {
                          "beginLine": 22,
                          "beginColumn": 4,
                          "endLine": 22,
                          "endColumn": 32
                        },
                        "tokenRange": {
                          "beginToken": {
                            "kind": 56,
                            "text": "this"
                          },
                          "endToken": {
                            "kind": 98,
                            "text": ")"
                          }
                        },
                        "arguments": [
                          {
                            "!": "com.github.javaparser.ast.expr.NameExpr",
                            "range": {
                              "beginLine": 22,
                              "beginColumn": 27,
                              "endLine": 22,
                              "endColumn": 31
                            },
                            "tokenRange": {
                              "beginToken": {
                                "kind": 94,
                                "text": "event"
                              },
                              "endToken": {
                                "kind": 94,
                                "text": "event"
                              }
                            },
                            "name": {
                              "!": "com.github.javaparser.ast.expr.SimpleName",
                              "range": {
                                "beginLine": 22,
                                "beginColumn": 27,
                                "endLine": 22,
                                "endColumn": 31
                              },
                              "tokenRange": {
                                "beginToken": {
                                  "kind": 94,
                                  "text": "event"
                                },
                                "endToken": {
                                  "kind": 94,
                                  "text": "event"
                                }
                              },
                              "identifier": "event"
                            }
                          }
                        ],
                        "name": {
                          "!": "com.github.javaparser.ast.expr.SimpleName",
                          "range": {
                            "beginLine": 22,
                            "beginColumn": 21,
                            "endLine": 22,
                            "endColumn": 25
                          },
                          "tokenRange": {
                            "beginToken": {
                              "kind": 94,
                              "text": "offer"
                            },
                            "endToken": {
                              "kind": 94,
                              "text": "offer"
                            }
                          },
                          "identifier": "offer"
                        },
                        "scope": {
                          "!": "com.github.javaparser.ast.expr.FieldAccessExpr",
                          "range": {
                            "beginLine": 22,
                            "beginColumn": 4,
                            "endLine": 22,
                            "endColumn": 19
                          },
                          "tokenRange": {
                            "beginToken": {
                              "kind": 56,
                              "text": "this"
                            },
                            "endToken": {
                              "kind": 94,
                              "text": "eventBuffer"
                            }
                          },
                          "name": {
                            "!": "com.github.javaparser.ast.expr.SimpleName",
                            "range": {
                              "beginLine": 22,
                              "beginColumn": 9,
                              "endLine": 22,
                              "endColumn": 19
                            },
                            "tokenRange": {
                              "beginToken": {
                                "kind": 94,
                                "text": "eventBuffer"
                              },
                              "endToken": {
                                "kind": 94,
                                "text": "eventBuffer"
                              }
                            },
                            "identifier": "eventBuffer"
                          },
                          "scope": {
                            "!": "com.github.javaparser.ast.expr.ThisExpr",
                            "range": {
                              "beginLine": 22,
                              "beginColumn": 4,
                              "endLine": 22,
                              "endColumn": 7
                            },
                            "tokenRange": {
                              "beginToken": {
                                "kind": 56,
                                "text": "this"
                              },
                              "endToken": {
                                "kind": 56,
                                "text": "this"
                              }
                            }
                          }
                        }
                      }
                    },
                    {
                      "!": "com.github.javaparser.ast.stmt.IfStmt",
                      "range": {
                        "beginLine": 25,
                        "beginColumn": 4,
                        "endLine": 27,
                        "endColumn": 4
                      },
                      "tokenRange": {
                        "beginToken": {
                          "kind": 34,
                          "text": "if"
                        },
                        "endToken": {
                          "kind": 100,
                          "text": "}"
                        }
                      },
                      "condition": {
                        "!": "com.github.javaparser.ast.expr.BinaryExpr",
                        "range": {
                          "beginLine": 25,
                          "beginColumn": 8,
                          "endLine": 25,
                          "endColumn": 71
                        },
                        "tokenRange": {
                          "beginToken": {
                            "kind": 56,
                            "text": "this"
                          },
                          "endToken": {
                            "kind": 94,
                            "text": "eventLimit"
                          }
                        },
                        "left": {
                          "!": "com.github.javaparser.ast.expr.BinaryExpr",
                          "range": {
                            "beginLine": 25,
                            "beginColumn": 8,
                            "endLine": 25,
                            "endColumn": 26
                          },
                          "tokenRange": {
                            "beginToken": {
                              "kind": 56,
                              "text": "this"
                            },
                            "endToken": {
                              "kind": 77,
                              "text": "0"
                            }
                          },
                          "left": {
                            "!": "com.github.javaparser.ast.expr.FieldAccessExpr",
                            "range": {
                              "beginLine": 25,
                              "beginColumn": 8,
                              "endLine": 25,
                              "endColumn": 22
                            },
                            "tokenRange": {
                              "beginToken": {
                                "kind": 56,
                                "text": "this"
                              },
                              "endToken": {
                                "kind": 94,
                                "text": "eventLimit"
                              }
                            },
                            "name": {
                              "!": "com.github.javaparser.ast.expr.SimpleName",
                              "range": {
                                "beginLine": 25,
                                "beginColumn": 13,
                                "endLine": 25,
                                "endColumn": 22
                              },
                              "tokenRange": {
                                "beginToken": {
                                  "kind": 94,
                                  "text": "eventLimit"
                                },
                                "endToken": {
                                  "kind": 94,
                                  "text": "eventLimit"
                                }
                              },
                              "identifier": "eventLimit"
                            },
                            "scope": {
                              "!": "com.github.javaparser.ast.expr.ThisExpr",
                              "range": {
                                "beginLine": 25,
                                "beginColumn": 8,
                                "endLine": 25,
                                "endColumn": 11
                              },
                              "tokenRange": {
                                "beginToken": {
                                  "kind": 56,
                                  "text": "this"
                                },
                                "endToken": {
                                  "kind": 56,
                                  "text": "this"
                                }
                              }
                            }
                          },
                          "operator": "GREATER",
                          "right": {
                            "!": "com.github.javaparser.ast.expr.IntegerLiteralExpr",
                            "range": {
                              "beginLine": 25,
                              "beginColumn": 26,
                              "endLine": 25,
                              "endColumn": 26
                            },
                            "tokenRange": {
                              "beginToken": {
                                "kind": 77,
                                "text": "0"
                              },
                              "endToken": {
                                "kind": 77,
                                "text": "0"
                              }
                            },
                            "value": "0"
                          }
                        },
                        "operator": "AND",
                        "right": {
                          "!": "com.github.javaparser.ast.expr.BinaryExpr",
                          "range": {
                            "beginLine": 25,
                            "beginColumn": 31,
                            "endLine": 25,
                            "endColumn": 71
                          },
                          "tokenRange": {
                            "beginToken": {
                              "kind": 56,
                              "text": "this"
                            },
                            "endToken": {
                              "kind": 94,
                              "text": "eventLimit"
                            }
                          },
                          "left": {
                            "!": "com.github.javaparser.ast.expr.MethodCallExpr",
                            "range": {
                              "beginLine": 25,
                              "beginColumn": 31,
                              "endLine": 25,
                              "endColumn": 53
                            },
                            "tokenRange": {
                              "beginToken": {
                                "kind": 56,
                                "text": "this"
                              },
                              "endToken": {
                                "kind": 98,
                                "text": ")"
                              }
                            },
                            "arguments": [],
                            "name": {
                              "!": "com.github.javaparser.ast.expr.SimpleName",
                              "range": {
                                "beginLine": 25,
                                "beginColumn": 48,
                                "endLine": 25,
                                "endColumn": 51
                              },
                              "tokenRange": {
                                "beginToken": {
                                  "kind": 94,
                                  "text": "size"
                                },
                                "endToken": {
                                  "kind": 94,
                                  "text": "size"
                                }
                              },
                              "identifier": "size"
                            },
                            "scope": {
                              "!": "com.github.javaparser.ast.expr.FieldAccessExpr",
                              "range": {
                                "beginLine": 25,
                                "beginColumn": 31,
                                "endLine": 25,
                                "endColumn": 46
                              },
                              "tokenRange": {
                                "beginToken": {
                                  "kind": 56,
                                  "text": "this"
                                },
                                "endToken": {
                                  "kind": 94,
                                  "text": "eventBuffer"
                                }
                              },
                              "name": {
                                "!": "com.github.javaparser.ast.expr.SimpleName",
                                "range": {
                                  "beginLine": 25,
                                  "beginColumn": 36,
                                  "endLine": 25,
                                  "endColumn": 46
                                },
                                "tokenRange": {
                                  "beginToken": {
                                    "kind": 94,
                                    "text": "eventBuffer"
                                  },
                                  "endToken": {
                                    "kind": 94,
                                    "text": "eventBuffer"
                                  }
                                },
                                "identifier": "eventBuffer"
                              },
                              "scope": {
                                "!": "com.github.javaparser.ast.expr.ThisExpr",
                                "range": {
                                  "beginLine": 25,
                                  "beginColumn": 31,
                                  "endLine": 25,
                                  "endColumn": 34
                                },
                                "tokenRange": {
                                  "beginToken": {
                                    "kind": 56,
                                    "text": "this"
                                  },
                                  "endToken": {
                                    "kind": 56,
                                    "text": "this"
                                  }
                                }
                              }
                            }
                          },
                          "operator": "GREATER",
                          "right": {
                            "!": "com.github.javaparser.ast.expr.FieldAccessExpr",
                            "range": {
                              "beginLine": 25,
                              "beginColumn": 57,
                              "endLine": 25,
                              "endColumn": 71
                            },
                            "tokenRange": {
                              "beginToken": {
                                "kind": 56,
                                "text": "this"
                              },
                              "endToken": {
                                "kind": 94,
                                "text": "eventLimit"
                              }
                            },
                            "name": {
                              "!": "com.github.javaparser.ast.expr.SimpleName",
                              "range": {
                                "beginLine": 25,
                                "beginColumn": 62,
                                "endLine": 25,
                                "endColumn": 71
                              },
                              "tokenRange": {
                                "beginToken": {
                                  "kind": 94,
                                  "text": "eventLimit"
                                },
                                "endToken": {
                                  "kind": 94,
                                  "text": "eventLimit"
                                }
                              },
                              "identifier": "eventLimit"
                            },
                            "scope": {
                              "!": "com.github.javaparser.ast.expr.ThisExpr",
                              "range": {
                                "beginLine": 25,
                                "beginColumn": 57,
                                "endLine": 25,
                                "endColumn": 60
                              },
                              "tokenRange": {
                                "beginToken": {
                                  "kind": 56,
                                  "text": "this"
                                },
                                "endToken": {
                                  "kind": 56,
                                  "text": "this"
                                }
                              }
                            }
                          }
                        }
                      },
                      "thenStmt": {
                        "!": "com.github.javaparser.ast.stmt.BlockStmt",
                        "range": {
                          "beginLine": 25,
                          "beginColumn": 74,
                          "endLine": 27,
                          "endColumn": 4
                        },
                        "tokenRange": {
                          "beginToken": {
                            "kind": 99,
                            "text": "{"
                          },
                          "endToken": {
                            "kind": 100,
                            "text": "}"
                          }
                        },
                        "statements": [
                          {
                            "!": "com.github.javaparser.ast.stmt.ExpressionStmt",
                            "range": {
                              "beginLine": 26,
                              "beginColumn": 5,
                              "endLine": 26,
                              "endColumn": 28
                            },
                            "tokenRange": {
                              "beginToken": {
                                "kind": 56,
                                "text": "this"
                              },
                              "endToken": {
                                "kind": 103,
                                "text": ";"
                              }
                            },
                            "expression": {
                              "!": "com.github.javaparser.ast.expr.MethodCallExpr",
                              "range": {
                                "beginLine": 26,
                                "beginColumn": 5,
                                "endLine": 26,
                                "endColumn": 27
                              },
                              "tokenRange": {
                                "beginToken": {
                                  "kind": 56,
                                  "text": "this"
                                },
                                "endToken": {
                                  "kind": 98,
                                  "text": ")"
                                }
                              },
                              "arguments": [],
                              "name": {
                                "!": "com.github.javaparser.ast.expr.SimpleName",
                                "range": {
                                  "beginLine": 26,
                                  "beginColumn": 22,
                                  "endLine": 26,
                                  "endColumn": 25
                                },
                                "tokenRange": {
                                  "beginToken": {
                                    "kind": 94,
                                    "text": "poll"
                                  },
                                  "endToken": {
                                    "kind": 94,
                                    "text": "poll"
                                  }
                                },
                                "identifier": "poll"
                              },
                              "scope": {
                                "!": "com.github.javaparser.ast.expr.FieldAccessExpr",
                                "range": {
                                  "beginLine": 26,
                                  "beginColumn": 5,
                                  "endLine": 26,
                                  "endColumn": 20
                                },
                                "tokenRange": {
                                  "beginToken": {
                                    "kind": 56,
                                    "text": "this"
                                  },
                                  "endToken": {
                                    "kind": 94,
                                    "text": "eventBuffer"
                                  }
                                },
                                "name": {
                                  "!": "com.github.javaparser.ast.expr.SimpleName",
                                  "range": {
                                    "beginLine": 26,
                                    "beginColumn": 10,
                                    "endLine": 26,
                                    "endColumn": 20
                                  },
                                  "tokenRange": {
                                    "beginToken": {
                                      "kind": 94,
                                      "text": "eventBuffer"
                                    },
                                    "endToken": {
                                      "kind": 94,
                                      "text": "eventBuffer"
                                    }
                                  },
                                  "identifier": "eventBuffer"
                                },
                                "scope": {
                                  "!": "com.github.javaparser.ast.expr.ThisExpr",
                                  "range": {
                                    "beginLine": 26,
                                    "beginColumn": 5,
                                    "endLine": 26,
                                    "endColumn": 8
                                  },
                                  "tokenRange": {
                                    "beginToken": {
                                      "kind": 56,
                                      "text": "this"
                                    },
                                    "endToken": {
                                      "kind": 56,
                                      "text": "this"
                                    }
                                  }
                                }
                              }
                            }
                          }
                        ]
                      },
                      "comment": {
                        "!": "com.github.javaparser.ast.comments.LineComment",
                        "range": {
                          "beginLine": 24,
                          "beginColumn": 4,
                          "endLine": 24,
                          "endColumn": 66
                        },
                        "tokenRange": {
                          "beginToken": {
                            "kind": 5,
                            "text": "//If limited buffer size and buffer is too big trim the buffer."
                          },
                          "endToken": {
                            "kind": 5,
                            "text": "//If limited buffer size and buffer is too big trim the buffer."
                          }
                        },
                        "content": "If limited buffer size and buffer is too big trim the buffer."
                      }
                    }
                  ]
                },
                "comment": {
                  "!": "com.github.javaparser.ast.comments.LineComment",
                  "range": {
                    "beginLine": 20,
                    "beginColumn": 3,
                    "endLine": 20,
                    "endColumn": 30
                  },
                  "tokenRange": {
                    "beginToken": {
                      "kind": 5,
                      "text": "//if buffering add the event"
                    },
                    "endToken": {
                      "kind": 5,
                      "text": "//if buffering add the event"
                    }
                  },
                  "content": "if buffering add the event"
                }
              },
              {
                "!": "com.github.javaparser.ast.stmt.ReturnStmt",
                "range": {
                  "beginLine": 30,
                  "beginColumn": 3,
                  "endLine": 30,
                  "endColumn": 15
                },
                "tokenRange": {
                  "beginToken": {
                    "kind": 49,
                    "text": "return"
                  },
                  "endToken": {
                    "kind": 103,
                    "text": ";"
                  }
                },
                "expression": {
                  "!": "com.github.javaparser.ast.expr.NameExpr",
                  "range": {
                    "beginLine": 30,
                    "beginColumn": 10,
                    "endLine": 30,
                    "endColumn": 14
                  },
                  "tokenRange": {
                    "beginToken": {
                      "kind": 94,
                      "text": "event"
                    },
                    "endToken": {
                      "kind": 94,
                      "text": "event"
                    }
                  },
                  "name": {
                    "!": "com.github.javaparser.ast.expr.SimpleName",
                    "range": {
                      "beginLine": 30,
                      "beginColumn": 10,
                      "endLine": 30,
                      "endColumn": 14
                    },
                    "tokenRange": {
                      "beginToken": {
                        "kind": 94,
                        "text": "event"
                      },
                      "endToken": {
                        "kind": 94,
                        "text": "event"
                      }
                    },
                    "identifier": "event"
                  }
                }
              }
            ]
          },
          "type": {
            "!": "com.github.javaparser.ast.type.ClassOrInterfaceType",
            "range": {
              "beginLine": 3,
              "beginColumn": 12,
              "endLine": 3,
              "endColumn": 19
            },
            "tokenRange": {
              "beginToken": {
                "kind": 94,
                "text": "XMLEvent"
              },
              "endToken": {
                "kind": 94,
                "text": "XMLEvent"
              }
            },
            "name": {
              "!": "com.github.javaparser.ast.expr.SimpleName",
              "range": {
                "beginLine": 3,
                "beginColumn": 12,
                "endLine": 3,
                "endColumn": 19
              },
              "tokenRange": {
                "beginToken": {
                  "kind": 94,
                  "text": "XMLEvent"
                },
                "endToken": {
                  "kind": 94,
                  "text": "XMLEvent"
                }
              },
              "identifier": "XMLEvent"
            },
            "annotations": []
          },
          "modifiers": [
            {
              "!": "com.github.javaparser.ast.Modifier",
              "range": {
                "beginLine": 3,
                "beginColumn": 2,
                "endLine": 3,
                "endColumn": 10
              },
              "tokenRange": {
                "beginToken": {
                  "kind": 46,
                  "text": "protected"
                },
                "endToken": {
                  "kind": 46,
                  "text": "protected"
                }
              },
              "keyword": "PROTECTED"
            }
          ],
          "name": {
            "!": "com.github.javaparser.ast.expr.SimpleName",
            "range": {
              "beginLine": 3,
              "beginColumn": 21,
              "endLine": 3,
              "endColumn": 37
            },
            "tokenRange": {
              "beginToken": {
                "kind": 94,
                "text": "internalNextEvent"
              },
              "endToken": {
                "kind": 94,
                "text": "internalNextEvent"
              }
            },
            "identifier": "internalNextEvent"
          },
          "parameters": [],
          "thrownExceptions": [
            {
              "!": "com.github.javaparser.ast.type.ClassOrInterfaceType",
              "range": {
                "beginLine": 3,
                "beginColumn": 48,
                "endLine": 3,
                "endColumn": 65
              },
              "tokenRange": {
                "beginToken": {
                  "kind": 94,
                  "text": "XMLStreamException"
                },
                "endToken": {
                  "kind": 94,
                  "text": "XMLStreamException"
                }
              },
              "name": {
                "!": "com.github.javaparser.ast.expr.SimpleName",
                "range": {
                  "beginLine": 3,
                  "beginColumn": 48,
                  "endLine": 3,
                  "endColumn": 65
                },
                "tokenRange": {
                  "beginToken": {
                    "kind": 94,
                    "text": "XMLStreamException"
                  },
                  "endToken": {
                    "kind": 94,
                    "text": "XMLStreamException"
                  }
                },
                "identifier": "XMLStreamException"
              },
              "annotations": []
            }
          ],
          "typeParameters": [],
          "annotations": [
            {
              "!": "com.github.javaparser.ast.expr.MarkerAnnotationExpr",
              "range": {
                "beginLine": 2,
                "beginColumn": 2,
                "endLine": 2,
                "endColumn": 10
              },
              "tokenRange": {
                "beginToken": {
                  "kind": 107,
                  "text": "@"
                },
                "endToken": {
                  "kind": 94,
                  "text": "Override"
                }
              },
              "name": {
                "!": "com.github.javaparser.ast.expr.Name",
                "range": {
                  "beginLine": 2,
                  "beginColumn": 3,
                  "endLine": 2,
                  "endColumn": 10
                },
                "tokenRange": {
                  "beginToken": {
                    "kind": 94,
                    "text": "Override"
                  },
                  "endToken": {
                    "kind": 94,
                    "text": "Override"
                  }
                },
                "identifier": "Override"
              }
            }
          ]
        }
      ],
      "modifiers": [],
      "name": {
        "!": "com.github.javaparser.ast.expr.SimpleName",
        "range": {
          "beginLine": 1,
          "beginColumn": 7,
          "endLine": 1,
          "endColumn": 10
        },
        "tokenRange": {
          "beginToken": {
            "kind": 94,
            "text": "Test"
          },
          "endToken": {
            "kind": 94,
            "text": "Test"
          }
        },
        "identifier": "Test"
      },
      "annotations": []
    }
  ]
}