{"!":"com.github.javaparser.ast.CompilationUnit","range":{"beginLine":1,"beginColumn":1,"endLine":19,"endColumn":2},"tokenRange":{"beginToken":{"kind":19,"text":"class"},"endToken":{"kind":0,"text":""}},"imports":[],"types":[{"!":"com.github.javaparser.ast.body.ClassOrInterfaceDeclaration","range":{"beginLine":1,"beginColumn":1,"endLine":19,"endColumn":2},"tokenRange":{"beginToken":{"kind":19,"text":"class"},"endToken":{"kind":100,"text":"}"}},"extendedTypes":[],"implementedTypes":[],"isInterface":"false","typeParameters":[],"members":[{"!":"com.github.javaparser.ast.body.MethodDeclaration","range":{"beginLine":2,"beginColumn":2,"endLine":17,"endColumn":2},"tokenRange":{"beginToken":{"kind":45,"text":"private"},"endToken":{"kind":100,"text":"}"}},"body":{"!":"com.github.javaparser.ast.stmt.BlockStmt","range":{"beginLine":2,"beginColumn":45,"endLine":17,"endColumn":2},"tokenRange":{"beginToken":{"kind":99,"text":"{"},"endToken":{"kind":100,"text":"}"}},"statements":[{"!":"com.github.javaparser.ast.stmt.ExpressionStmt","range":{"beginLine":3,"beginColumn":3,"endLine":3,"endColumn":48},"tokenRange":{"beginToken":{"kind":94,"text":"HashSet"},"endToken":{"kind":103,"text":";"}},"expression":{"!":"com.github.javaparser.ast.expr.VariableDeclarationExpr","range":{"beginLine":3,"beginColumn":3,"endLine":3,"endColumn":47},"tokenRange":{"beginToken":{"kind":94,"text":"HashSet"},"endToken":{"kind":98,"text":")"}},"annotations":[],"modifiers":[],"variables":[{"!":"com.github.javaparser.ast.body.VariableDeclarator","range":{"beginLine":3,"beginColumn":19,"endLine":3,"endColumn":47},"tokenRange":{"beginToken":{"kind":94,"text":"hints"},"endToken":{"kind":98,"text":")"}},"initializer":{"!":"com.github.javaparser.ast.expr.ObjectCreationExpr","range":{"beginLine":3,"beginColumn":27,"endLine":3,"endColumn":47},"tokenRange":{"beginToken":{"kind":42,"text":"new"},"endToken":{"kind":98,"text":")"}},"arguments":[],"type":{"!":"com.github.javaparser.ast.type.ClassOrInterfaceType","range":{"beginLine":3,"beginColumn":31,"endLine":3,"endColumn":45},"tokenRange":{"beginToken":{"kind":94,"text":"HashSet"},"endToken":{"kind":146,"text":">"}},"name":{"!":"com.github.javaparser.ast.expr.SimpleName","range":{"beginLine":3,"beginColumn":31,"endLine":3,"endColumn":37},"tokenRange":{"beginToken":{"kind":94,"text":"HashSet"},"endToken":{"kind":94,"text":"HashSet"}},"identifier":"HashSet"},"typeArguments":[{"!":"com.github.javaparser.ast.type.ClassOrInterfaceType","range":{"beginLine":3,"beginColumn":39,"endLine":3,"endColumn":44},"tokenRange":{"beginToken":{"kind":94,"text":"String"},"endToken":{"kind":94,"text":"String"}},"name":{"!":"com.github.javaparser.ast.expr.SimpleName","range":{"beginLine":3,"beginColumn":39,"endLine":3,"endColumn":44},"tokenRange":{"beginToken":{"kind":94,"text":"String"},"endToken":{"kind":94,"text":"String"}},"identifier":"String"},"annotations":[]}],"annotations":[]}},"name":{"!":"com.github.javaparser.ast.expr.SimpleName","range":{"beginLine":3,"beginColumn":19,"endLine":3,"endColumn":23},"tokenRange":{"beginToken":{"kind":94,"text":"hints"},"endToken":{"kind":94,"text":"hints"}},"identifier":"hints"},"type":{"!":"com.github.javaparser.ast.type.ClassOrInterfaceType","range":{"beginLine":3,"beginColumn":3,"endLine":3,"endColumn":17},"tokenRange":{"beginToken":{"kind":94,"text":"HashSet"},"endToken":{"kind":146,"text":">"}},"name":{"!":"com.github.javaparser.ast.expr.SimpleName","range":{"beginLine":3,"beginColumn":3,"endLine":3,"endColumn":9},"tokenRange":{"beginToken":{"kind":94,"text":"HashSet"},"endToken":{"kind":94,"text":"HashSet"}},"identifier":"HashSet"},"typeArguments":[{"!":"com.github.javaparser.ast.type.ClassOrInterfaceType","range":{"beginLine":3,"beginColumn":11,"endLine":3,"endColumn":16},"tokenRange":{"beginToken":{"kind":94,"text":"String"},"endToken":{"kind":94,"text":"String"}},"name":{"!":"com.github.javaparser.ast.expr.SimpleName","range":{"beginLine":3,"beginColumn":11,"endLine":3,"endColumn":16},"tokenRange":{"beginToken":{"kind":94,"text":"String"},"endToken":{"kind":94,"text":"String"}},"identifier":"String"},"annotations":[]}],"annotations":[]}}]}},{"!":"com.github.javaparser.ast.stmt.ExpressionStmt","range":{"beginLine":4,"beginColumn":3,"endLine":4,"endColumn":28},"tokenRange":{"beginToken":{"kind":94,"text":"hints"},"endToken":{"kind":103,"text":";"}},"expression":{"!":"com.github.javaparser.ast.expr.MethodCallExpr","range":{"beginLine":4,"beginColumn":3,"endLine":4,"endColumn":27},"tokenRange":{"beginToken":{"kind":94,"text":"hints"},"endToken":{"kind":98,"text":")"}},"arguments":[{"!":"com.github.javaparser.ast.expr.NameExpr","range":{"beginLine":4,"beginColumn":14,"endLine":4,"endColumn":25},"tokenRange":{"beginToken":{"kind":94,"text":"HINT_TIMEOUT"},"endToken":{"kind":94,"text":"HINT_TIMEOUT"}},"name":{"!":"com.github.javaparser.ast.expr.SimpleName","range":{"beginLine":4,"beginColumn":14,"endLine":4,"endColumn":25},"tokenRange":{"beginToken":{"kind":94,"text":"HINT_TIMEOUT"},"endToken":{"kind":94,"text":"HINT_TIMEOUT"}},"identifier":"HINT_TIMEOUT"}}],"name":{"!":"com.github.javaparser.ast.expr.SimpleName","range":{"beginLine":4,"beginColumn":9,"endLine":4,"endColumn":11},"tokenRange":{"beginToken":{"kind":94,"text":"add"},"endToken":{"kind":94,"text":"add"}},"identifier":"add"},"scope":{"!":"com.github.javaparser.ast.expr.NameExpr","range":{"beginLine":4,"beginColumn":3,"endLine":4,"endColumn":7},"tokenRange":{"beginToken":{"kind":94,"text":"hints"},"endToken":{"kind":94,"text":"hints"}},"name":{"!":"com.github.javaparser.ast.expr.SimpleName","range":{"beginLine":4,"beginColumn":3,"endLine":4,"endColumn":7},"tokenRange":{"beginToken":{"kind":94,"text":"hints"},"endToken":{"kind":94,"text":"hints"}},"identifier":"hints"}}}},{"!":"com.github.javaparser.ast.stmt.ExpressionStmt","range":{"beginLine":5,"beginColumn":3,"endLine":5,"endColumn":33},"tokenRange":{"beginToken":{"kind":94,"text":"hints"},"endToken":{"kind":103,"text":";"}},"expression":{"!":"com.github.javaparser.ast.expr.MethodCallExpr","range":{"beginLine":5,"beginColumn":3,"endLine":5,"endColumn":32},"tokenRange":{"beginToken":{"kind":94,"text":"hints"},"endToken":{"kind":98,"text":")"}},"arguments":[{"!":"com.github.javaparser.ast.expr.NameExpr","range":{"beginLine":5,"beginColumn":14,"endLine":5,"endColumn":30},"tokenRange":{"beginToken":{"kind":94,"text":"SPEC_HINT_TIMEOUT"},"endToken":{"kind":94,"text":"SPEC_HINT_TIMEOUT"}},"name":{"!":"com.github.javaparser.ast.expr.SimpleName","range":{"beginLine":5,"beginColumn":14,"endLine":5,"endColumn":30},"tokenRange":{"beginToken":{"kind":94,"text":"SPEC_HINT_TIMEOUT"},"endToken":{"kind":94,"text":"SPEC_HINT_TIMEOUT"}},"identifier":"SPEC_HINT_TIMEOUT"}}],"name":{"!":"com.github.javaparser.ast.expr.SimpleName","range":{"beginLine":5,"beginColumn":9,"endLine":5,"endColumn":11},"tokenRange":{"beginToken":{"kind":94,"text":"add"},"endToken":{"kind":94,"text":"add"}},"identifier":"add"},"scope":{"!":"com.github.javaparser.ast.expr.NameExpr","range":{"beginLine":5,"beginColumn":3,"endLine":5,"endColumn":7},"tokenRange":{"beginToken":{"kind":94,"text":"hints"},"endToken":{"kind":94,"text":"hints"}},"name":{"!":"com.github.javaparser.ast.expr.SimpleName","range":{"beginLine":5,"beginColumn":3,"endLine":5,"endColumn":7},"tokenRange":{"beginToken":{"kind":94,"text":"hints"},"endToken":{"kind":94,"text":"hints"}},"identifier":"hints"}}}},{"!":"com.github.javaparser.ast.stmt.ExpressionStmt","range":{"beginLine":6,"beginColumn":3,"endLine":6,"endColumn":28},"tokenRange":{"beginToken":{"kind":94,"text":"hints"},"endToken":{"kind":103,"text":";"}},"expression":{"!":"com.github.javaparser.ast.expr.MethodCallExpr","range":{"beginLine":6,"beginColumn":3,"endLine":6,"endColumn":27},"tokenRange":{"beginToken":{"kind":94,"text":"hints"},"endToken":{"kind":98,"text":")"}},"arguments":[{"!":"com.github.javaparser.ast.expr.NameExpr","range":{"beginLine":6,"beginColumn":14,"endLine":6,"endColumn":25},"tokenRange":{"beginToken":{"kind":94,"text":"HINT_COMMENT"},"endToken":{"kind":94,"text":"HINT_COMMENT"}},"name":{"!":"com.github.javaparser.ast.expr.SimpleName","range":{"beginLine":6,"beginColumn":14,"endLine":6,"endColumn":25},"tokenRange":{"beginToken":{"kind":94,"text":"HINT_COMMENT"},"endToken":{"kind":94,"text":"HINT_COMMENT"}},"identifier":"HINT_COMMENT"}}],"name":{"!":"com.github.javaparser.ast.expr.SimpleName","range":{"beginLine":6,"beginColumn":9,"endLine":6,"endColumn":11},"tokenRange":{"beginToken":{"kind":94,"text":"add"},"endToken":{"kind":94,"text":"add"}},"identifier":"add"},"scope":{"!":"com.github.javaparser.ast.expr.NameExpr","range":{"beginLine":6,"beginColumn":3,"endLine":6,"endColumn":7},"tokenRange":{"beginToken":{"kind":94,"text":"hints"},"endToken":{"kind":94,"text":"hints"}},"name":{"!":"com.github.javaparser.ast.expr.SimpleName","range":{"beginLine":6,"beginColumn":3,"endLine":6,"endColumn":7},"tokenRange":{"beginToken":{"kind":94,"text":"hints"},"endToken":{"kind":94,"text":"hints"}},"identifier":"hints"}}}},{"!":"com.github.javaparser.ast.stmt.ExpressionStmt","range":{"beginLine":7,"beginColumn":3,"endLine":7,"endColumn":31},"tokenRange":{"beginToken":{"kind":94,"text":"hints"},"endToken":{"kind":103,"text":";"}},"expression":{"!":"com.github.javaparser.ast.expr.MethodCallExpr","range":{"beginLine":7,"beginColumn":3,"endLine":7,"endColumn":30},"tokenRange":{"beginToken":{"kind":94,"text":"hints"},"endToken":{"kind":98,"text":")"}},"arguments":[{"!":"com.github.javaparser.ast.expr.NameExpr","range":{"beginLine":7,"beginColumn":14,"endLine":7,"endColumn":28},"tokenRange":{"beginToken":{"kind":94,"text":"HINT_FETCH_SIZE"},"endToken":{"kind":94,"text":"HINT_FETCH_SIZE"}},"name":{"!":"com.github.javaparser.ast.expr.SimpleName","range":{"beginLine":7,"beginColumn":14,"endLine":7,"endColumn":28},"tokenRange":{"beginToken":{"kind":94,"text":"HINT_FETCH_SIZE"},"endToken":{"kind":94,"text":"HINT_FETCH_SIZE"}},"identifier":"HINT_FETCH_SIZE"}}],"name":{"!":"com.github.javaparser.ast.expr.SimpleName","range":{"beginLine":7,"beginColumn":9,"endLine":7,"endColumn":11},"tokenRange":{"beginToken":{"kind":94,"text":"add"},"endToken":{"kind":94,"text":"add"}},"identifier":"add"},"scope":{"!":"com.github.javaparser.ast.expr.NameExpr","range":{"beginLine":7,"beginColumn":3,"endLine":7,"endColumn":7},"tokenRange":{"beginToken":{"kind":94,"text":"hints"},"endToken":{"kind":94,"text":"hints"}},"name":{"!":"com.github.javaparser.ast.expr.SimpleName","range":{"beginLine":7,"beginColumn":3,"endLine":7,"endColumn":7},"tokenRange":{"beginToken":{"kind":94,"text":"hints"},"endToken":{"kind":94,"text":"hints"}},"identifier":"hints"}}}},{"!":"com.github.javaparser.ast.stmt.ExpressionStmt","range":{"beginLine":8,"beginColumn":3,"endLine":8,"endColumn":33},"tokenRange":{"beginToken":{"kind":94,"text":"hints"},"endToken":{"kind":103,"text":";"}},"expression":{"!":"com.github.javaparser.ast.expr.MethodCallExpr","range":{"beginLine":8,"beginColumn":3,"endLine":8,"endColumn":32},"tokenRange":{"beginToken":{"kind":94,"text":"hints"},"endToken":{"kind":98,"text":")"}},"arguments":[{"!":"com.github.javaparser.ast.expr.NameExpr","range":{"beginLine":8,"beginColumn":14,"endLine":8,"endColumn":30},"tokenRange":{"beginToken":{"kind":94,"text":"HINT_CACHE_REGION"},"endToken":{"kind":94,"text":"HINT_CACHE_REGION"}},"name":{"!":"com.github.javaparser.ast.expr.SimpleName","range":{"beginLine":8,"beginColumn":14,"endLine":8,"endColumn":30},"tokenRange":{"beginToken":{"kind":94,"text":"HINT_CACHE_REGION"},"endToken":{"kind":94,"text":"HINT_CACHE_REGION"}},"identifier":"HINT_CACHE_REGION"}}],"name":{"!":"com.github.javaparser.ast.expr.SimpleName","range":{"beginLine":8,"beginColumn":9,"endLine":8,"endColumn":11},"tokenRange":{"beginToken":{"kind":94,"text":"add"},"endToken":{"kind":94,"text":"add"}},"identifier":"add"},"scope":{"!":"com.github.javaparser.ast.expr.NameExpr","range":{"beginLine":8,"beginColumn":3,"endLine":8,"endColumn":7},"tokenRange":{"beginToken":{"kind":94,"text":"hints"},"endToken":{"kind":94,"text":"hints"}},"name":{"!":"com.github.javaparser.ast.expr.SimpleName","range":{"beginLine":8,"beginColumn":3,"endLine":8,"endColumn":7},"tokenRange":{"beginToken":{"kind":94,"text":"hints"},"endToken":{"kind":94,"text":"hints"}},"identifier":"hints"}}}},{"!":"com.github.javaparser.ast.stmt.ExpressionStmt","range":{"beginLine":9,"beginColumn":3,"endLine":9,"endColumn":30},"tokenRange":{"beginToken":{"kind":94,"text":"hints"},"endToken":{"kind":103,"text":";"}},"expression":{"!":"com.github.javaparser.ast.expr.MethodCallExpr","range":{"beginLine":9,"beginColumn":3,"endLine":9,"endColumn":29},"tokenRange":{"beginToken":{"kind":94,"text":"hints"},"endToken":{"kind":98,"text":")"}},"arguments":[{"!":"com.github.javaparser.ast.expr.NameExpr","range":{"beginLine":9,"beginColumn":14,"endLine":9,"endColumn":27},"tokenRange":{"beginToken":{"kind":94,"text":"HINT_CACHEABLE"},"endToken":{"kind":94,"text":"HINT_CACHEABLE"}},"name":{"!":"com.github.javaparser.ast.expr.SimpleName","range":{"beginLine":9,"beginColumn":14,"endLine":9,"endColumn":27},"tokenRange":{"beginToken":{"kind":94,"text":"HINT_CACHEABLE"},"endToken":{"kind":94,"text":"HINT_CACHEABLE"}},"identifier":"HINT_CACHEABLE"}}],"name":{"!":"com.github.javaparser.ast.expr.SimpleName","range":{"beginLine":9,"beginColumn":9,"endLine":9,"endColumn":11},"tokenRange":{"beginToken":{"kind":94,"text":"add"},"endToken":{"kind":94,"text":"add"}},"identifier":"add"},"scope":{"!":"com.github.javaparser.ast.expr.NameExpr","range":{"beginLine":9,"beginColumn":3,"endLine":9,"endColumn":7},"tokenRange":{"beginToken":{"kind":94,"text":"hints"},"endToken":{"kind":94,"text":"hints"}},"name":{"!":"com.github.javaparser.ast.expr.SimpleName","range":{"beginLine":9,"beginColumn":3,"endLine":9,"endColumn":7},"tokenRange":{"beginToken":{"kind":94,"text":"hints"},"endToken":{"kind":94,"text":"hints"}},"identifier":"hints"}}}},{"!":"com.github.javaparser.ast.stmt.ExpressionStmt","range":{"beginLine":10,"beginColumn":3,"endLine":10,"endColumn":29},"tokenRange":{"beginToken":{"kind":94,"text":"hints"},"endToken":{"kind":103,"text":";"}},"expression":{"!":"com.github.javaparser.ast.expr.MethodCallExpr","range":{"beginLine":10,"beginColumn":3,"endLine":10,"endColumn":28},"tokenRange":{"beginToken":{"kind":94,"text":"hints"},"endToken":{"kind":98,"text":")"}},"arguments":[{"!":"com.github.javaparser.ast.expr.NameExpr","range":{"beginLine":10,"beginColumn":14,"endLine":10,"endColumn":26},"tokenRange":{"beginToken":{"kind":94,"text":"HINT_READONLY"},"endToken":{"kind":94,"text":"HINT_READONLY"}},"name":{"!":"com.github.javaparser.ast.expr.SimpleName","range":{"beginLine":10,"beginColumn":14,"endLine":10,"endColumn":26},"tokenRange":{"beginToken":{"kind":94,"text":"HINT_READONLY"},"endToken":{"kind":94,"text":"HINT_READONLY"}},"identifier":"HINT_READONLY"}}],"name":{"!":"com.github.javaparser.ast.expr.SimpleName","range":{"beginLine":10,"beginColumn":9,"endLine":10,"endColumn":11},"tokenRange":{"beginToken":{"kind":94,"text":"add"},"endToken":{"kind":94,"text":"add"}},"identifier":"add"},"scope":{"!":"com.github.javaparser.ast.expr.NameExpr","range":{"beginLine":10,"beginColumn":3,"endLine":10,"endColumn":7},"tokenRange":{"beginToken":{"kind":94,"text":"hints"},"endToken":{"kind":94,"text":"hints"}},"name":{"!":"com.github.javaparser.ast.expr.SimpleName","range":{"beginLine":10,"beginColumn":3,"endLine":10,"endColumn":7},"tokenRange":{"beginToken":{"kind":94,"text":"hints"},"endToken":{"kind":94,"text":"hints"}},"identifier":"hints"}}}},{"!":"com.github.javaparser.ast.stmt.ExpressionStmt","range":{"beginLine":11,"beginColumn":3,"endLine":11,"endColumn":31},"tokenRange":{"beginToken":{"kind":94,"text":"hints"},"endToken":{"kind":103,"text":";"}},"expression":{"!":"com.github.javaparser.ast.expr.MethodCallExpr","range":{"beginLine":11,"beginColumn":3,"endLine":11,"endColumn":30},"tokenRange":{"beginToken":{"kind":94,"text":"hints"},"endToken":{"kind":98,"text":")"}},"arguments":[{"!":"com.github.javaparser.ast.expr.NameExpr","range":{"beginLine":11,"beginColumn":14,"endLine":11,"endColumn":28},"tokenRange":{"beginToken":{"kind":94,"text":"HINT_CACHE_MODE"},"endToken":{"kind":94,"text":"HINT_CACHE_MODE"}},"name":{"!":"com.github.javaparser.ast.expr.SimpleName","range":{"beginLine":11,"beginColumn":14,"endLine":11,"endColumn":28},"tokenRange":{"beginToken":{"kind":94,"text":"HINT_CACHE_MODE"},"endToken":{"kind":94,"text":"HINT_CACHE_MODE"}},"identifier":"HINT_CACHE_MODE"}}],"name":{"!":"com.github.javaparser.ast.expr.SimpleName","range":{"beginLine":11,"beginColumn":9,"endLine":11,"endColumn":11},"tokenRange":{"beginToken":{"kind":94,"text":"add"},"endToken":{"kind":94,"text":"add"}},"identifier":"add"},"scope":{"!":"com.github.javaparser.ast.expr.NameExpr","range":{"beginLine":11,"beginColumn":3,"endLine":11,"endColumn":7},"tokenRange":{"beginToken":{"kind":94,"text":"hints"},"endToken":{"kind":94,"text":"hints"}},"name":{"!":"com.github.javaparser.ast.expr.SimpleName","range":{"beginLine":11,"beginColumn":3,"endLine":11,"endColumn":7},"tokenRange":{"beginToken":{"kind":94,"text":"hints"},"endToken":{"kind":94,"text":"hints"}},"identifier":"hints"}}}},{"!":"com.github.javaparser.ast.stmt.ExpressionStmt","range":{"beginLine":12,"beginColumn":3,"endLine":12,"endColumn":31},"tokenRange":{"beginToken":{"kind":94,"text":"hints"},"endToken":{"kind":103,"text":";"}},"expression":{"!":"com.github.javaparser.ast.expr.MethodCallExpr","range":{"beginLine":12,"beginColumn":3,"endLine":12,"endColumn":30},"tokenRange":{"beginToken":{"kind":94,"text":"hints"},"endToken":{"kind":98,"text":")"}},"arguments":[{"!":"com.github.javaparser.ast.expr.NameExpr","range":{"beginLine":12,"beginColumn":14,"endLine":12,"endColumn":28},"tokenRange":{"beginToken":{"kind":94,"text":"HINT_FLUSH_MODE"},"endToken":{"kind":94,"text":"HINT_FLUSH_MODE"}},"name":{"!":"com.github.javaparser.ast.expr.SimpleName","range":{"beginLine":12,"beginColumn":14,"endLine":12,"endColumn":28},"tokenRange":{"beginToken":{"kind":94,"text":"HINT_FLUSH_MODE"},"endToken":{"kind":94,"text":"HINT_FLUSH_MODE"}},"identifier":"HINT_FLUSH_MODE"}}],"name":{"!":"com.github.javaparser.ast.expr.SimpleName","range":{"beginLine":12,"beginColumn":9,"endLine":12,"endColumn":11},"tokenRange":{"beginToken":{"kind":94,"text":"add"},"endToken":{"kind":94,"text":"add"}},"identifier":"add"},"scope":{"!":"com.github.javaparser.ast.expr.NameExpr","range":{"beginLine":12,"beginColumn":3,"endLine":12,"endColumn":7},"tokenRange":{"beginToken":{"kind":94,"text":"hints"},"endToken":{"kind":94,"text":"hints"}},"name":{"!":"com.github.javaparser.ast.expr.SimpleName","range":{"beginLine":12,"beginColumn":3,"endLine":12,"endColumn":7},"tokenRange":{"beginToken":{"kind":94,"text":"hints"},"endToken":{"kind":94,"text":"hints"}},"identifier":"hints"}}}},{"!":"com.github.javaparser.ast.stmt.ExpressionStmt","range":{"beginLine":13,"beginColumn":3,"endLine":13,"endColumn":36},"tokenRange":{"beginToken":{"kind":94,"text":"hints"},"endToken":{"kind":103,"text":";"}},"expression":{"!":"com.github.javaparser.ast.expr.MethodCallExpr","range":{"beginLine":13,"beginColumn":3,"endLine":13,"endColumn":35},"tokenRange":{"beginToken":{"kind":94,"text":"hints"},"endToken":{"kind":98,"text":")"}},"arguments":[{"!":"com.github.javaparser.ast.expr.NameExpr","range":{"beginLine":13,"beginColumn":14,"endLine":13,"endColumn":33},"tokenRange":{"beginToken":{"kind":94,"text":"HINT_NATIVE_LOCKMODE"},"endToken":{"kind":94,"text":"HINT_NATIVE_LOCKMODE"}},"name":{"!":"com.github.javaparser.ast.expr.SimpleName","range":{"beginLine":13,"beginColumn":14,"endLine":13,"endColumn":33},"tokenRange":{"beginToken":{"kind":94,"text":"HINT_NATIVE_LOCKMODE"},"endToken":{"kind":94,"text":"HINT_NATIVE_LOCKMODE"}},"identifier":"HINT_NATIVE_LOCKMODE"}}],"name":{"!":"com.github.javaparser.ast.expr.SimpleName","range":{"beginLine":13,"beginColumn":9,"endLine":13,"endColumn":11},"tokenRange":{"beginToken":{"kind":94,"text":"add"},"endToken":{"kind":94,"text":"add"}},"identifier":"add"},"scope":{"!":"com.github.javaparser.ast.expr.NameExpr","range":{"beginLine":13,"beginColumn":3,"endLine":13,"endColumn":7},"tokenRange":{"beginToken":{"kind":94,"text":"hints"},"endToken":{"kind":94,"text":"hints"}},"name":{"!":"com.github.javaparser.ast.expr.SimpleName","range":{"beginLine":13,"beginColumn":3,"endLine":13,"endColumn":7},"tokenRange":{"beginToken":{"kind":94,"text":"hints"},"endToken":{"kind":94,"text":"hints"}},"identifier":"hints"}}}},{"!":"com.github.javaparser.ast.stmt.ExpressionStmt","range":{"beginLine":14,"beginColumn":3,"endLine":14,"endColumn":31},"tokenRange":{"beginToken":{"kind":94,"text":"hints"},"endToken":{"kind":103,"text":";"}},"expression":{"!":"com.github.javaparser.ast.expr.MethodCallExpr","range":{"beginLine":14,"beginColumn":3,"endLine":14,"endColumn":30},"tokenRange":{"beginToken":{"kind":94,"text":"hints"},"endToken":{"kind":98,"text":")"}},"arguments":[{"!":"com.github.javaparser.ast.expr.NameExpr","range":{"beginLine":14,"beginColumn":14,"endLine":14,"endColumn":28},"tokenRange":{"beginToken":{"kind":94,"text":"HINT_FETCHGRAPH"},"endToken":{"kind":94,"text":"HINT_FETCHGRAPH"}},"name":{"!":"com.github.javaparser.ast.expr.SimpleName","range":{"beginLine":14,"beginColumn":14,"endLine":14,"endColumn":28},"tokenRange":{"beginToken":{"kind":94,"text":"HINT_FETCHGRAPH"},"endToken":{"kind":94,"text":"HINT_FETCHGRAPH"}},"identifier":"HINT_FETCHGRAPH"}}],"name":{"!":"com.github.javaparser.ast.expr.SimpleName","range":{"beginLine":14,"beginColumn":9,"endLine":14,"endColumn":11},"tokenRange":{"beginToken":{"kind":94,"text":"add"},"endToken":{"kind":94,"text":"add"}},"identifier":"add"},"scope":{"!":"com.github.javaparser.ast.expr.NameExpr","range":{"beginLine":14,"beginColumn":3,"endLine":14,"endColumn":7},"tokenRange":{"beginToken":{"kind":94,"text":"hints"},"endToken":{"kind":94,"text":"hints"}},"name":{"!":"com.github.javaparser.ast.expr.SimpleName","range":{"beginLine":14,"beginColumn":3,"endLine":14,"endColumn":7},"tokenRange":{"beginToken":{"kind":94,"text":"hints"},"endToken":{"kind":94,"text":"hints"}},"identifier":"hints"}}}},{"!":"com.github.javaparser.ast.stmt.ExpressionStmt","range":{"beginLine":15,"beginColumn":3,"endLine":15,"endColumn":30},"tokenRange":{"beginToken":{"kind":94,"text":"hints"},"endToken":{"kind":103,"text":";"}},"expression":{"!":"com.github.javaparser.ast.expr.MethodCallExpr","range":{"beginLine":15,"beginColumn":3,"endLine":15,"endColumn":29},"tokenRange":{"beginToken":{"kind":94,"text":"hints"},"endToken":{"kind":98,"text":")"}},"arguments":[{"!":"com.github.javaparser.ast.expr.NameExpr","range":{"beginLine":15,"beginColumn":14,"endLine":15,"endColumn":27},"tokenRange":{"beginToken":{"kind":94,"text":"HINT_LOADGRAPH"},"endToken":{"kind":94,"text":"HINT_LOADGRAPH"}},"name":{"!":"com.github.javaparser.ast.expr.SimpleName","range":{"beginLine":15,"beginColumn":14,"endLine":15,"endColumn":27},"tokenRange":{"beginToken":{"kind":94,"text":"HINT_LOADGRAPH"},"endToken":{"kind":94,"text":"HINT_LOADGRAPH"}},"identifier":"HINT_LOADGRAPH"}}],"name":{"!":"com.github.javaparser.ast.expr.SimpleName","range":{"beginLine":15,"beginColumn":9,"endLine":15,"endColumn":11},"tokenRange":{"beginToken":{"kind":94,"text":"add"},"endToken":{"kind":94,"text":"add"}},"identifier":"add"},"scope":{"!":"com.github.javaparser.ast.expr.NameExpr","range":{"beginLine":15,"beginColumn":3,"endLine":15,"endColumn":7},"tokenRange":{"beginToken":{"kind":94,"text":"hints"},"endToken":{"kind":94,"text":"hints"}},"name":{"!":"com.github.javaparser.ast.expr.SimpleName","range":{"beginLine":15,"beginColumn":3,"endLine":15,"endColumn":7},"tokenRange":{"beginToken":{"kind":94,"text":"hints"},"endToken":{"kind":94,"text":"hints"}},"identifier":"hints"}}}},{"!":"com.github.javaparser.ast.stmt.ReturnStmt","range":{"beginLine":16,"beginColumn":3,"endLine":16,"endColumn":56},"tokenRange":{"beginToken":{"kind":49,"text":"return"},"endToken":{"kind":103,"text":";"}},"expression":{"!":"com.github.javaparser.ast.expr.MethodCallExpr","range":{"beginLine":16,"beginColumn":10,"endLine":16,"endColumn":55},"tokenRange":{"beginToken":{"kind":94,"text":"java"},"endToken":{"kind":98,"text":")"}},"arguments":[{"!":"com.github.javaparser.ast.expr.NameExpr","range":{"beginLine":16,"beginColumn":49,"endLine":16,"endColumn":53},"tokenRange":{"beginToken":{"kind":94,"text":"hints"},"endToken":{"kind":94,"text":"hints"}},"name":{"!":"com.github.javaparser.ast.expr.SimpleName","range":{"beginLine":16,"beginColumn":49,"endLine":16,"endColumn":53},"tokenRange":{"beginToken":{"kind":94,"text":"hints"},"endToken":{"kind":94,"text":"hints"}},"identifier":"hints"}}],"name":{"!":"com.github.javaparser.ast.expr.SimpleName","range":{"beginLine":16,"beginColumn":32,"endLine":16,"endColumn":46},"tokenRange":{"beginToken":{"kind":94,"text":"unmodifiableSet"},"endToken":{"kind":94,"text":"unmodifiableSet"}},"identifier":"unmodifiableSet"},"scope":{"!":"com.github.javaparser.ast.expr.FieldAccessExpr","range":{"beginLine":16,"beginColumn":10,"endLine":16,"endColumn":30},"tokenRange":{"beginToken":{"kind":94,"text":"java"},"endToken":{"kind":94,"text":"Collections"}},"name":{"!":"com.github.javaparser.ast.expr.SimpleName","range":{"beginLine":16,"beginColumn":20,"endLine":16,"endColumn":30},"tokenRange":{"beginToken":{"kind":94,"text":"Collections"},"endToken":{"kind":94,"text":"Collections"}},"identifier":"Collections"},"scope":{"!":"com.github.javaparser.ast.expr.FieldAccessExpr","range":{"beginLine":16,"beginColumn":10,"endLine":16,"endColumn":18},"tokenRange":{"beginToken":{"kind":94,"text":"java"},"endToken":{"kind":94,"text":"util"}},"name":{"!":"com.github.javaparser.ast.expr.SimpleName","range":{"beginLine":16,"beginColumn":15,"endLine":16,"endColumn":18},"tokenRange":{"beginToken":{"kind":94,"text":"util"},"endToken":{"kind":94,"text":"util"}},"identifier":"util"},"scope":{"!":"com.github.javaparser.ast.expr.NameExpr","range":{"beginLine":16,"beginColumn":10,"endLine":16,"endColumn":13},"tokenRange":{"beginToken":{"kind":94,"text":"java"},"endToken":{"kind":94,"text":"java"}},"name":{"!":"com.github.javaparser.ast.expr.SimpleName","range":{"beginLine":16,"beginColumn":10,"endLine":16,"endColumn":13},"tokenRange":{"beginToken":{"kind":94,"text":"java"},"endToken":{"kind":94,"text":"java"}},"identifier":"java"}}}}}}]},"type":{"!":"com.github.javaparser.ast.type.ClassOrInterfaceType","range":{"beginLine":2,"beginColumn":17,"endLine":2,"endColumn":27},"tokenRange":{"beginToken":{"kind":94,"text":"Set"},"endToken":{"kind":146,"text":">"}},"name":{"!":"com.github.javaparser.ast.expr.SimpleName","range":{"beginLine":2,"beginColumn":17,"endLine":2,"endColumn":19},"tokenRange":{"beginToken":{"kind":94,"text":"Set"},"endToken":{"kind":94,"text":"Set"}},"identifier":"Set"},"typeArguments":[{"!":"com.github.javaparser.ast.type.ClassOrInterfaceType","range":{"beginLine":2,"beginColumn":21,"endLine":2,"endColumn":26},"tokenRange":{"beginToken":{"kind":94,"text":"String"},"endToken":{"kind":94,"text":"String"}},"name":{"!":"com.github.javaparser.ast.expr.SimpleName","range":{"beginLine":2,"beginColumn":21,"endLine":2,"endColumn":26},"tokenRange":{"beginToken":{"kind":94,"text":"String"},"endToken":{"kind":94,"text":"String"}},"identifier":"String"},"annotations":[]}],"annotations":[]},"modifiers":[{"!":"com.github.javaparser.ast.Modifier","range":{"beginLine":2,"beginColumn":2,"endLine":2,"endColumn":8},"tokenRange":{"beginToken":{"kind":45,"text":"private"},"endToken":{"kind":45,"text":"private"}},"keyword":"PRIVATE"},{"!":"com.github.javaparser.ast.Modifier","range":{"beginLine":2,"beginColumn":10,"endLine":2,"endColumn":15},"tokenRange":{"beginToken":{"kind":51,"text":"static"},"endToken":{"kind":51,"text":"static"}},"keyword":"STATIC"}],"name":{"!":"com.github.javaparser.ast.expr.SimpleName","range":{"beginLine":2,"beginColumn":29,"endLine":2,"endColumn":41},"tokenRange":{"beginToken":{"kind":94,"text":"buildHintsSet"},"endToken":{"kind":94,"text":"buildHintsSet"}},"identifier":"buildHintsSet"},"parameters":[],"thrownExceptions":[],"typeParameters":[],"annotations":[]}],"modifiers":[],"name":{"!":"com.github.javaparser.ast.expr.SimpleName","range":{"beginLine":1,"beginColumn":7,"endLine":1,"endColumn":10},"tokenRange":{"beginToken":{"kind":94,"text":"Test"},"endToken":{"kind":94,"text":"Test"}},"identifier":"Test"},"annotations":[]}]}