{"!":"com.github.javaparser.ast.CompilationUnit","range":{"beginLine":1,"beginColumn":1,"endLine":29,"endColumn":2},"tokenRange":{"beginToken":{"kind":19,"text":"class"},"endToken":{"kind":0,"text":""}},"imports":[],"types":[{"!":"com.github.javaparser.ast.body.ClassOrInterfaceDeclaration","range":{"beginLine":1,"beginColumn":1,"endLine":29,"endColumn":2},"tokenRange":{"beginToken":{"kind":19,"text":"class"},"endToken":{"kind":100,"text":"}"}},"extendedTypes":[],"implementedTypes":[],"isInterface":"false","typeParameters":[],"members":[{"!":"com.github.javaparser.ast.body.MethodDeclaration","range":{"beginLine":2,"beginColumn":5,"endLine":27,"endColumn":5},"tokenRange":{"beginToken":{"kind":45,"text":"private"},"endToken":{"kind":100,"text":"}"}},"body":{"!":"com.github.javaparser.ast.stmt.BlockStmt","range":{"beginLine":2,"beginColumn":59,"endLine":27,"endColumn":5},"tokenRange":{"beginToken":{"kind":99,"text":"{"},"endToken":{"kind":100,"text":"}"}},"statements":[{"!":"com.github.javaparser.ast.stmt.IfStmt","range":{"beginLine":3,"beginColumn":9,"endLine":26,"endColumn":9},"tokenRange":{"beginToken":{"kind":34,"text":"if"},"endToken":{"kind":100,"text":"}"}},"condition":{"!":"com.github.javaparser.ast.expr.InstanceOfExpr","range":{"beginLine":3,"beginColumn":13,"endLine":3,"endColumn":36},"tokenRange":{"beginToken":{"kind":94,"text":"test"},"endToken":{"kind":94,"text":"TestCase"}},"expression":{"!":"com.github.javaparser.ast.expr.NameExpr","range":{"beginLine":3,"beginColumn":13,"endLine":3,"endColumn":16},"tokenRange":{"beginToken":{"kind":94,"text":"test"},"endToken":{"kind":94,"text":"test"}},"name":{"!":"com.github.javaparser.ast.expr.SimpleName","range":{"beginLine":3,"beginColumn":13,"endLine":3,"endColumn":16},"tokenRange":{"beginToken":{"kind":94,"text":"test"},"endToken":{"kind":94,"text":"test"}},"identifier":"test"}},"type":{"!":"com.github.javaparser.ast.type.ClassOrInterfaceType","range":{"beginLine":3,"beginColumn":29,"endLine":3,"endColumn":36},"tokenRange":{"beginToken":{"kind":94,"text":"TestCase"},"endToken":{"kind":94,"text":"TestCase"}},"name":{"!":"com.github.javaparser.ast.expr.SimpleName","range":{"beginLine":3,"beginColumn":29,"endLine":3,"endColumn":36},"tokenRange":{"beginToken":{"kind":94,"text":"TestCase"},"endToken":{"kind":94,"text":"TestCase"}},"identifier":"TestCase"},"annotations":[]}},"elseStmt":{"!":"com.github.javaparser.ast.stmt.IfStmt","range":{"beginLine":7,"beginColumn":16,"endLine":26,"endColumn":9},"tokenRange":{"beginToken":{"kind":34,"text":"if"},"endToken":{"kind":100,"text":"}"}},"condition":{"!":"com.github.javaparser.ast.expr.InstanceOfExpr","range":{"beginLine":7,"beginColumn":20,"endLine":7,"endColumn":44},"tokenRange":{"beginToken":{"kind":94,"text":"test"},"endToken":{"kind":94,"text":"TestSuite"}},"expression":{"!":"com.github.javaparser.ast.expr.NameExpr","range":{"beginLine":7,"beginColumn":20,"endLine":7,"endColumn":23},"tokenRange":{"beginToken":{"kind":94,"text":"test"},"endToken":{"kind":94,"text":"test"}},"name":{"!":"com.github.javaparser.ast.expr.SimpleName","range":{"beginLine":7,"beginColumn":20,"endLine":7,"endColumn":23},"tokenRange":{"beginToken":{"kind":94,"text":"test"},"endToken":{"kind":94,"text":"test"}},"identifier":"test"}},"type":{"!":"com.github.javaparser.ast.type.ClassOrInterfaceType","range":{"beginLine":7,"beginColumn":36,"endLine":7,"endColumn":44},"tokenRange":{"beginToken":{"kind":94,"text":"TestSuite"},"endToken":{"kind":94,"text":"TestSuite"}},"name":{"!":"com.github.javaparser.ast.expr.SimpleName","range":{"beginLine":7,"beginColumn":36,"endLine":7,"endColumn":44},"tokenRange":{"beginToken":{"kind":94,"text":"TestSuite"},"endToken":{"kind":94,"text":"TestSuite"}},"identifier":"TestSuite"},"annotations":[]}},"elseStmt":{"!":"com.github.javaparser.ast.stmt.IfStmt","range":{"beginLine":17,"beginColumn":16,"endLine":26,"endColumn":9},"tokenRange":{"beginToken":{"kind":34,"text":"if"},"endToken":{"kind":100,"text":"}"}},"condition":{"!":"com.github.javaparser.ast.expr.InstanceOfExpr","range":{"beginLine":17,"beginColumn":20,"endLine":17,"endColumn":46},"tokenRange":{"beginToken":{"kind":94,"text":"test"},"endToken":{"kind":94,"text":"Describable"}},"expression":{"!":"com.github.javaparser.ast.expr.NameExpr","range":{"beginLine":17,"beginColumn":20,"endLine":17,"endColumn":23},"tokenRange":{"beginToken":{"kind":94,"text":"test"},"endToken":{"kind":94,"text":"test"}},"name":{"!":"com.github.javaparser.ast.expr.SimpleName","range":{"beginLine":17,"beginColumn":20,"endLine":17,"endColumn":23},"tokenRange":{"beginToken":{"kind":94,"text":"test"},"endToken":{"kind":94,"text":"test"}},"identifier":"test"}},"type":{"!":"com.github.javaparser.ast.type.ClassOrInterfaceType","range":{"beginLine":17,"beginColumn":36,"endLine":17,"endColumn":46},"tokenRange":{"beginToken":{"kind":94,"text":"Describable"},"endToken":{"kind":94,"text":"Describable"}},"name":{"!":"com.github.javaparser.ast.expr.SimpleName","range":{"beginLine":17,"beginColumn":36,"endLine":17,"endColumn":46},"tokenRange":{"beginToken":{"kind":94,"text":"Describable"},"endToken":{"kind":94,"text":"Describable"}},"identifier":"Describable"},"annotations":[]}},"elseStmt":{"!":"com.github.javaparser.ast.stmt.IfStmt","range":{"beginLine":20,"beginColumn":16,"endLine":26,"endColumn":9},"tokenRange":{"beginToken":{"kind":34,"text":"if"},"endToken":{"kind":100,"text":"}"}},"condition":{"!":"com.github.javaparser.ast.expr.InstanceOfExpr","range":{"beginLine":20,"beginColumn":20,"endLine":20,"endColumn":48},"tokenRange":{"beginToken":{"kind":94,"text":"test"},"endToken":{"kind":94,"text":"TestDecorator"}},"expression":{"!":"com.github.javaparser.ast.expr.NameExpr","range":{"beginLine":20,"beginColumn":20,"endLine":20,"endColumn":23},"tokenRange":{"beginToken":{"kind":94,"text":"test"},"endToken":{"kind":94,"text":"test"}},"name":{"!":"com.github.javaparser.ast.expr.SimpleName","range":{"beginLine":20,"beginColumn":20,"endLine":20,"endColumn":23},"tokenRange":{"beginToken":{"kind":94,"text":"test"},"endToken":{"kind":94,"text":"test"}},"identifier":"test"}},"type":{"!":"com.github.javaparser.ast.type.ClassOrInterfaceType","range":{"beginLine":20,"beginColumn":36,"endLine":20,"endColumn":48},"tokenRange":{"beginToken":{"kind":94,"text":"TestDecorator"},"endToken":{"kind":94,"text":"TestDecorator"}},"name":{"!":"com.github.javaparser.ast.expr.SimpleName","range":{"beginLine":20,"beginColumn":36,"endLine":20,"endColumn":48},"tokenRange":{"beginToken":{"kind":94,"text":"TestDecorator"},"endToken":{"kind":94,"text":"TestDecorator"}},"identifier":"TestDecorator"},"annotations":[]}},"elseStmt":{"!":"com.github.javaparser.ast.stmt.BlockStmt","range":{"beginLine":23,"beginColumn":16,"endLine":26,"endColumn":9},"tokenRange":{"beginToken":{"kind":99,"text":"{"},"endToken":{"kind":100,"text":"}"}},"statements":[{"!":"com.github.javaparser.ast.stmt.ReturnStmt","range":{"beginLine":25,"beginColumn":13,"endLine":25,"endColumn":71},"tokenRange":{"beginToken":{"kind":49,"text":"return"},"endToken":{"kind":103,"text":";"}},"expression":{"!":"com.github.javaparser.ast.expr.MethodCallExpr","range":{"beginLine":25,"beginColumn":20,"endLine":25,"endColumn":70},"tokenRange":{"beginToken":{"kind":94,"text":"Description"},"endToken":{"kind":98,"text":")"}},"arguments":[{"!":"com.github.javaparser.ast.expr.MethodCallExpr","range":{"beginLine":25,"beginColumn":55,"endLine":25,"endColumn":69},"tokenRange":{"beginToken":{"kind":94,"text":"test"},"endToken":{"kind":98,"text":")"}},"arguments":[],"name":{"!":"com.github.javaparser.ast.expr.SimpleName","range":{"beginLine":25,"beginColumn":60,"endLine":25,"endColumn":67},"tokenRange":{"beginToken":{"kind":94,"text":"getClass"},"endToken":{"kind":94,"text":"getClass"}},"identifier":"getClass"},"scope":{"!":"com.github.javaparser.ast.expr.NameExpr","range":{"beginLine":25,"beginColumn":55,"endLine":25,"endColumn":58},"tokenRange":{"beginToken":{"kind":94,"text":"test"},"endToken":{"kind":94,"text":"test"}},"name":{"!":"com.github.javaparser.ast.expr.SimpleName","range":{"beginLine":25,"beginColumn":55,"endLine":25,"endColumn":58},"tokenRange":{"beginToken":{"kind":94,"text":"test"},"endToken":{"kind":94,"text":"test"}},"identifier":"test"}}}],"name":{"!":"com.github.javaparser.ast.expr.SimpleName","range":{"beginLine":25,"beginColumn":32,"endLine":25,"endColumn":53},"tokenRange":{"beginToken":{"kind":94,"text":"createSuiteDescription"},"endToken":{"kind":94,"text":"createSuiteDescription"}},"identifier":"createSuiteDescription"},"scope":{"!":"com.github.javaparser.ast.expr.NameExpr","range":{"beginLine":25,"beginColumn":20,"endLine":25,"endColumn":30},"tokenRange":{"beginToken":{"kind":94,"text":"Description"},"endToken":{"kind":94,"text":"Description"}},"name":{"!":"com.github.javaparser.ast.expr.SimpleName","range":{"beginLine":25,"beginColumn":20,"endLine":25,"endColumn":30},"tokenRange":{"beginToken":{"kind":94,"text":"Description"},"endToken":{"kind":94,"text":"Description"}},"identifier":"Description"}}},"comment":{"!":"com.github.javaparser.ast.comments.LineComment","range":{"beginLine":24,"beginColumn":13,"endLine":24,"endColumn":54},"tokenRange":{"beginToken":{"kind":5,"text":"// This is the best we can do in this case"},"endToken":{"kind":5,"text":"// This is the best we can do in this case"}},"content":" This is the best we can do in this case"}}]},"thenStmt":{"!":"com.github.javaparser.ast.stmt.BlockStmt","range":{"beginLine":20,"beginColumn":51,"endLine":23,"endColumn":9},"tokenRange":{"beginToken":{"kind":99,"text":"{"},"endToken":{"kind":100,"text":"}"}},"statements":[{"!":"com.github.javaparser.ast.stmt.ExpressionStmt","range":{"beginLine":21,"beginColumn":13,"endLine":21,"endColumn":59},"tokenRange":{"beginToken":{"kind":94,"text":"TestDecorator"},"endToken":{"kind":103,"text":";"}},"expression":{"!":"com.github.javaparser.ast.expr.VariableDeclarationExpr","range":{"beginLine":21,"beginColumn":13,"endLine":21,"endColumn":58},"tokenRange":{"beginToken":{"kind":94,"text":"TestDecorator"},"endToken":{"kind":94,"text":"test"}},"annotations":[],"modifiers":[],"variables":[{"!":"com.github.javaparser.ast.body.VariableDeclarator","range":{"beginLine":21,"beginColumn":27,"endLine":21,"endColumn":58},"tokenRange":{"beginToken":{"kind":94,"text":"decorator"},"endToken":{"kind":94,"text":"test"}},"initializer":{"!":"com.github.javaparser.ast.expr.CastExpr","range":{"beginLine":21,"beginColumn":39,"endLine":21,"endColumn":58},"tokenRange":{"beginToken":{"kind":97,"text":"("},"endToken":{"kind":94,"text":"test"}},"expression":{"!":"com.github.javaparser.ast.expr.NameExpr","range":{"beginLine":21,"beginColumn":55,"endLine":21,"endColumn":58},"tokenRange":{"beginToken":{"kind":94,"text":"test"},"endToken":{"kind":94,"text":"test"}},"name":{"!":"com.github.javaparser.ast.expr.SimpleName","range":{"beginLine":21,"beginColumn":55,"endLine":21,"endColumn":58},"tokenRange":{"beginToken":{"kind":94,"text":"test"},"endToken":{"kind":94,"text":"test"}},"identifier":"test"}},"type":{"!":"com.github.javaparser.ast.type.ClassOrInterfaceType","range":{"beginLine":21,"beginColumn":40,"endLine":21,"endColumn":52},"tokenRange":{"beginToken":{"kind":94,"text":"TestDecorator"},"endToken":{"kind":94,"text":"TestDecorator"}},"name":{"!":"com.github.javaparser.ast.expr.SimpleName","range":{"beginLine":21,"beginColumn":40,"endLine":21,"endColumn":52},"tokenRange":{"beginToken":{"kind":94,"text":"TestDecorator"},"endToken":{"kind":94,"text":"TestDecorator"}},"identifier":"TestDecorator"},"annotations":[]}},"name":{"!":"com.github.javaparser.ast.expr.SimpleName","range":{"beginLine":21,"beginColumn":27,"endLine":21,"endColumn":35},"tokenRange":{"beginToken":{"kind":94,"text":"decorator"},"endToken":{"kind":94,"text":"decorator"}},"identifier":"decorator"},"type":{"!":"com.github.javaparser.ast.type.ClassOrInterfaceType","range":{"beginLine":21,"beginColumn":13,"endLine":21,"endColumn":25},"tokenRange":{"beginToken":{"kind":94,"text":"TestDecorator"},"endToken":{"kind":94,"text":"TestDecorator"}},"name":{"!":"com.github.javaparser.ast.expr.SimpleName","range":{"beginLine":21,"beginColumn":13,"endLine":21,"endColumn":25},"tokenRange":{"beginToken":{"kind":94,"text":"TestDecorator"},"endToken":{"kind":94,"text":"TestDecorator"}},"identifier":"TestDecorator"},"annotations":[]}}]}},{"!":"com.github.javaparser.ast.stmt.ReturnStmt","range":{"beginLine":22,"beginColumn":13,"endLine":22,"endColumn":56},"tokenRange":{"beginToken":{"kind":49,"text":"return"},"endToken":{"kind":103,"text":";"}},"expression":{"!":"com.github.javaparser.ast.expr.MethodCallExpr","range":{"beginLine":22,"beginColumn":20,"endLine":22,"endColumn":55},"tokenRange":{"beginToken":{"kind":94,"text":"makeDescription"},"endToken":{"kind":98,"text":")"}},"arguments":[{"!":"com.github.javaparser.ast.expr.MethodCallExpr","range":{"beginLine":22,"beginColumn":36,"endLine":22,"endColumn":54},"tokenRange":{"beginToken":{"kind":94,"text":"decorator"},"endToken":{"kind":98,"text":")"}},"arguments":[],"name":{"!":"com.github.javaparser.ast.expr.SimpleName","range":{"beginLine":22,"beginColumn":46,"endLine":22,"endColumn":52},"tokenRange":{"beginToken":{"kind":94,"text":"getTest"},"endToken":{"kind":94,"text":"getTest"}},"identifier":"getTest"},"scope":{"!":"com.github.javaparser.ast.expr.NameExpr","range":{"beginLine":22,"beginColumn":36,"endLine":22,"endColumn":44},"tokenRange":{"beginToken":{"kind":94,"text":"decorator"},"endToken":{"kind":94,"text":"decorator"}},"name":{"!":"com.github.javaparser.ast.expr.SimpleName","range":{"beginLine":22,"beginColumn":36,"endLine":22,"endColumn":44},"tokenRange":{"beginToken":{"kind":94,"text":"decorator"},"endToken":{"kind":94,"text":"decorator"}},"identifier":"decorator"}}}],"name":{"!":"com.github.javaparser.ast.expr.SimpleName","range":{"beginLine":22,"beginColumn":20,"endLine":22,"endColumn":34},"tokenRange":{"beginToken":{"kind":94,"text":"makeDescription"},"endToken":{"kind":94,"text":"makeDescription"}},"identifier":"makeDescription"}}}]}},"thenStmt":{"!":"com.github.javaparser.ast.stmt.BlockStmt","range":{"beginLine":17,"beginColumn":49,"endLine":20,"endColumn":9},"tokenRange":{"beginToken":{"kind":99,"text":"{"},"endToken":{"kind":100,"text":"}"}},"statements":[{"!":"com.github.javaparser.ast.stmt.ExpressionStmt","range":{"beginLine":18,"beginColumn":13,"endLine":18,"endColumn":53},"tokenRange":{"beginToken":{"kind":94,"text":"Describable"},"endToken":{"kind":103,"text":";"}},"expression":{"!":"com.github.javaparser.ast.expr.VariableDeclarationExpr","range":{"beginLine":18,"beginColumn":13,"endLine":18,"endColumn":52},"tokenRange":{"beginToken":{"kind":94,"text":"Describable"},"endToken":{"kind":94,"text":"test"}},"annotations":[],"modifiers":[],"variables":[{"!":"com.github.javaparser.ast.body.VariableDeclarator","range":{"beginLine":18,"beginColumn":25,"endLine":18,"endColumn":52},"tokenRange":{"beginToken":{"kind":94,"text":"adapter"},"endToken":{"kind":94,"text":"test"}},"initializer":{"!":"com.github.javaparser.ast.expr.CastExpr","range":{"beginLine":18,"beginColumn":35,"endLine":18,"endColumn":52},"tokenRange":{"beginToken":{"kind":97,"text":"("},"endToken":{"kind":94,"text":"test"}},"expression":{"!":"com.github.javaparser.ast.expr.NameExpr","range":{"beginLine":18,"beginColumn":49,"endLine":18,"endColumn":52},"tokenRange":{"beginToken":{"kind":94,"text":"test"},"endToken":{"kind":94,"text":"test"}},"name":{"!":"com.github.javaparser.ast.expr.SimpleName","range":{"beginLine":18,"beginColumn":49,"endLine":18,"endColumn":52},"tokenRange":{"beginToken":{"kind":94,"text":"test"},"endToken":{"kind":94,"text":"test"}},"identifier":"test"}},"type":{"!":"com.github.javaparser.ast.type.ClassOrInterfaceType","range":{"beginLine":18,"beginColumn":36,"endLine":18,"endColumn":46},"tokenRange":{"beginToken":{"kind":94,"text":"Describable"},"endToken":{"kind":94,"text":"Describable"}},"name":{"!":"com.github.javaparser.ast.expr.SimpleName","range":{"beginLine":18,"beginColumn":36,"endLine":18,"endColumn":46},"tokenRange":{"beginToken":{"kind":94,"text":"Describable"},"endToken":{"kind":94,"text":"Describable"}},"identifier":"Describable"},"annotations":[]}},"name":{"!":"com.github.javaparser.ast.expr.SimpleName","range":{"beginLine":18,"beginColumn":25,"endLine":18,"endColumn":31},"tokenRange":{"beginToken":{"kind":94,"text":"adapter"},"endToken":{"kind":94,"text":"adapter"}},"identifier":"adapter"},"type":{"!":"com.github.javaparser.ast.type.ClassOrInterfaceType","range":{"beginLine":18,"beginColumn":13,"endLine":18,"endColumn":23},"tokenRange":{"beginToken":{"kind":94,"text":"Describable"},"endToken":{"kind":94,"text":"Describable"}},"name":{"!":"com.github.javaparser.ast.expr.SimpleName","range":{"beginLine":18,"beginColumn":13,"endLine":18,"endColumn":23},"tokenRange":{"beginToken":{"kind":94,"text":"Describable"},"endToken":{"kind":94,"text":"Describable"}},"identifier":"Describable"},"annotations":[]}}]}},{"!":"com.github.javaparser.ast.stmt.ReturnStmt","range":{"beginLine":19,"beginColumn":13,"endLine":19,"endColumn":44},"tokenRange":{"beginToken":{"kind":49,"text":"return"},"endToken":{"kind":103,"text":";"}},"expression":{"!":"com.github.javaparser.ast.expr.MethodCallExpr","range":{"beginLine":19,"beginColumn":20,"endLine":19,"endColumn":43},"tokenRange":{"beginToken":{"kind":94,"text":"adapter"},"endToken":{"kind":98,"text":")"}},"arguments":[],"name":{"!":"com.github.javaparser.ast.expr.SimpleName","range":{"beginLine":19,"beginColumn":28,"endLine":19,"endColumn":41},"tokenRange":{"beginToken":{"kind":94,"text":"getDescription"},"endToken":{"kind":94,"text":"getDescription"}},"identifier":"getDescription"},"scope":{"!":"com.github.javaparser.ast.expr.NameExpr","range":{"beginLine":19,"beginColumn":20,"endLine":19,"endColumn":26},"tokenRange":{"beginToken":{"kind":94,"text":"adapter"},"endToken":{"kind":94,"text":"adapter"}},"name":{"!":"com.github.javaparser.ast.expr.SimpleName","range":{"beginLine":19,"beginColumn":20,"endLine":19,"endColumn":26},"tokenRange":{"beginToken":{"kind":94,"text":"adapter"},"endToken":{"kind":94,"text":"adapter"}},"identifier":"adapter"}}}}]}},"thenStmt":{"!":"com.github.javaparser.ast.stmt.BlockStmt","range":{"beginLine":7,"beginColumn":47,"endLine":17,"endColumn":9},"tokenRange":{"beginToken":{"kind":99,"text":"{"},"endToken":{"kind":100,"text":"}"}},"statements":[{"!":"com.github.javaparser.ast.stmt.ExpressionStmt","range":{"beginLine":8,"beginColumn":13,"endLine":8,"endColumn":44},"tokenRange":{"beginToken":{"kind":94,"text":"TestSuite"},"endToken":{"kind":103,"text":";"}},"expression":{"!":"com.github.javaparser.ast.expr.VariableDeclarationExpr","range":{"beginLine":8,"beginColumn":13,"endLine":8,"endColumn":43},"tokenRange":{"beginToken":{"kind":94,"text":"TestSuite"},"endToken":{"kind":94,"text":"test"}},"annotations":[],"modifiers":[],"variables":[{"!":"com.github.javaparser.ast.body.VariableDeclarator","range":{"beginLine":8,"beginColumn":23,"endLine":8,"endColumn":43},"tokenRange":{"beginToken":{"kind":94,"text":"ts"},"endToken":{"kind":94,"text":"test"}},"initializer":{"!":"com.github.javaparser.ast.expr.CastExpr","range":{"beginLine":8,"beginColumn":28,"endLine":8,"endColumn":43},"tokenRange":{"beginToken":{"kind":97,"text":"("},"endToken":{"kind":94,"text":"test"}},"expression":{"!":"com.github.javaparser.ast.expr.NameExpr","range":{"beginLine":8,"beginColumn":40,"endLine":8,"endColumn":43},"tokenRange":{"beginToken":{"kind":94,"text":"test"},"endToken":{"kind":94,"text":"test"}},"name":{"!":"com.github.javaparser.ast.expr.SimpleName","range":{"beginLine":8,"beginColumn":40,"endLine":8,"endColumn":43},"tokenRange":{"beginToken":{"kind":94,"text":"test"},"endToken":{"kind":94,"text":"test"}},"identifier":"test"}},"type":{"!":"com.github.javaparser.ast.type.ClassOrInterfaceType","range":{"beginLine":8,"beginColumn":29,"endLine":8,"endColumn":37},"tokenRange":{"beginToken":{"kind":94,"text":"TestSuite"},"endToken":{"kind":94,"text":"TestSuite"}},"name":{"!":"com.github.javaparser.ast.expr.SimpleName","range":{"beginLine":8,"beginColumn":29,"endLine":8,"endColumn":37},"tokenRange":{"beginToken":{"kind":94,"text":"TestSuite"},"endToken":{"kind":94,"text":"TestSuite"}},"identifier":"TestSuite"},"annotations":[]}},"name":{"!":"com.github.javaparser.ast.expr.SimpleName","range":{"beginLine":8,"beginColumn":23,"endLine":8,"endColumn":24},"tokenRange":{"beginToken":{"kind":94,"text":"ts"},"endToken":{"kind":94,"text":"ts"}},"identifier":"ts"},"type":{"!":"com.github.javaparser.ast.type.ClassOrInterfaceType","range":{"beginLine":8,"beginColumn":13,"endLine":8,"endColumn":21},"tokenRange":{"beginToken":{"kind":94,"text":"TestSuite"},"endToken":{"kind":94,"text":"TestSuite"}},"name":{"!":"com.github.javaparser.ast.expr.SimpleName","range":{"beginLine":8,"beginColumn":13,"endLine":8,"endColumn":21},"tokenRange":{"beginToken":{"kind":94,"text":"TestSuite"},"endToken":{"kind":94,"text":"TestSuite"}},"identifier":"TestSuite"},"annotations":[]}}]}},{"!":"com.github.javaparser.ast.stmt.ExpressionStmt","range":{"beginLine":9,"beginColumn":13,"endLine":9,"endColumn":91},"tokenRange":{"beginToken":{"kind":94,"text":"String"},"endToken":{"kind":103,"text":";"}},"expression":{"!":"com.github.javaparser.ast.expr.VariableDeclarationExpr","range":{"beginLine":9,"beginColumn":13,"endLine":9,"endColumn":90},"tokenRange":{"beginToken":{"kind":94,"text":"String"},"endToken":{"kind":98,"text":")"}},"annotations":[],"modifiers":[],"variables":[{"!":"com.github.javaparser.ast.body.VariableDeclarator","range":{"beginLine":9,"beginColumn":20,"endLine":9,"endColumn":90},"tokenRange":{"beginToken":{"kind":94,"text":"name"},"endToken":{"kind":98,"text":")"}},"initializer":{"!":"com.github.javaparser.ast.expr.ConditionalExpr","range":{"beginLine":9,"beginColumn":27,"endLine":9,"endColumn":90},"tokenRange":{"beginToken":{"kind":94,"text":"ts"},"endToken":{"kind":98,"text":")"}},"condition":{"!":"com.github.javaparser.ast.expr.BinaryExpr","range":{"beginLine":9,"beginColumn":27,"endLine":9,"endColumn":46},"tokenRange":{"beginToken":{"kind":94,"text":"ts"},"endToken":{"kind":43,"text":"null"}},"left":{"!":"com.github.javaparser.ast.expr.MethodCallExpr","range":{"beginLine":9,"beginColumn":27,"endLine":9,"endColumn":38},"tokenRange":{"beginToken":{"kind":94,"text":"ts"},"endToken":{"kind":98,"text":")"}},"arguments":[],"name":{"!":"com.github.javaparser.ast.expr.SimpleName","range":{"beginLine":9,"beginColumn":30,"endLine":9,"endColumn":36},"tokenRange":{"beginToken":{"kind":94,"text":"getName"},"endToken":{"kind":94,"text":"getName"}},"identifier":"getName"},"scope":{"!":"com.github.javaparser.ast.expr.NameExpr","range":{"beginLine":9,"beginColumn":27,"endLine":9,"endColumn":28},"tokenRange":{"beginToken":{"kind":94,"text":"ts"},"endToken":{"kind":94,"text":"ts"}},"name":{"!":"com.github.javaparser.ast.expr.SimpleName","range":{"beginLine":9,"beginColumn":27,"endLine":9,"endColumn":28},"tokenRange":{"beginToken":{"kind":94,"text":"ts"},"endToken":{"kind":94,"text":"ts"}},"identifier":"ts"}}},"operator":"EQUALS","right":{"!":"com.github.javaparser.ast.expr.NullLiteralExpr","range":{"beginLine":9,"beginColumn":43,"endLine":9,"endColumn":46},"tokenRange":{"beginToken":{"kind":43,"text":"null"},"endToken":{"kind":43,"text":"null"}}}},"elseExpr":{"!":"com.github.javaparser.ast.expr.MethodCallExpr","range":{"beginLine":9,"beginColumn":79,"endLine":9,"endColumn":90},"tokenRange":{"beginToken":{"kind":94,"text":"ts"},"endToken":{"kind":98,"text":")"}},"arguments":[],"name":{"!":"com.github.javaparser.ast.expr.SimpleName","range":{"beginLine":9,"beginColumn":82,"endLine":9,"endColumn":88},"tokenRange":{"beginToken":{"kind":94,"text":"getName"},"endToken":{"kind":94,"text":"getName"}},"identifier":"getName"},"scope":{"!":"com.github.javaparser.ast.expr.NameExpr","range":{"beginLine":9,"beginColumn":79,"endLine":9,"endColumn":80},"tokenRange":{"beginToken":{"kind":94,"text":"ts"},"endToken":{"kind":94,"text":"ts"}},"name":{"!":"com.github.javaparser.ast.expr.SimpleName","range":{"beginLine":9,"beginColumn":79,"endLine":9,"endColumn":80},"tokenRange":{"beginToken":{"kind":94,"text":"ts"},"endToken":{"kind":94,"text":"ts"}},"identifier":"ts"}}},"thenExpr":{"!":"com.github.javaparser.ast.expr.MethodCallExpr","range":{"beginLine":9,"beginColumn":50,"endLine":9,"endColumn":75},"tokenRange":{"beginToken":{"kind":94,"text":"createSuiteDescription"},"endToken":{"kind":98,"text":")"}},"arguments":[{"!":"com.github.javaparser.ast.expr.NameExpr","range":{"beginLine":9,"beginColumn":73,"endLine":9,"endColumn":74},"tokenRange":{"beginToken":{"kind":94,"text":"ts"},"endToken":{"kind":94,"text":"ts"}},"name":{"!":"com.github.javaparser.ast.expr.SimpleName","range":{"beginLine":9,"beginColumn":73,"endLine":9,"endColumn":74},"tokenRange":{"beginToken":{"kind":94,"text":"ts"},"endToken":{"kind":94,"text":"ts"}},"identifier":"ts"}}],"name":{"!":"com.github.javaparser.ast.expr.SimpleName","range":{"beginLine":9,"beginColumn":50,"endLine":9,"endColumn":71},"tokenRange":{"beginToken":{"kind":94,"text":"createSuiteDescription"},"endToken":{"kind":94,"text":"createSuiteDescription"}},"identifier":"createSuiteDescription"}}},"name":{"!":"com.github.javaparser.ast.expr.SimpleName","range":{"beginLine":9,"beginColumn":20,"endLine":9,"endColumn":23},"tokenRange":{"beginToken":{"kind":94,"text":"name"},"endToken":{"kind":94,"text":"name"}},"identifier":"name"},"type":{"!":"com.github.javaparser.ast.type.ClassOrInterfaceType","range":{"beginLine":9,"beginColumn":13,"endLine":9,"endColumn":18},"tokenRange":{"beginToken":{"kind":94,"text":"String"},"endToken":{"kind":94,"text":"String"}},"name":{"!":"com.github.javaparser.ast.expr.SimpleName","range":{"beginLine":9,"beginColumn":13,"endLine":9,"endColumn":18},"tokenRange":{"beginToken":{"kind":94,"text":"String"},"endToken":{"kind":94,"text":"String"}},"identifier":"String"},"annotations":[]}}]}},{"!":"com.github.javaparser.ast.stmt.ExpressionStmt","range":{"beginLine":10,"beginColumn":13,"endLine":10,"endColumn":79},"tokenRange":{"beginToken":{"kind":94,"text":"Description"},"endToken":{"kind":103,"text":";"}},"expression":{"!":"com.github.javaparser.ast.expr.VariableDeclarationExpr","range":{"beginLine":10,"beginColumn":13,"endLine":10,"endColumn":78},"tokenRange":{"beginToken":{"kind":94,"text":"Description"},"endToken":{"kind":98,"text":")"}},"annotations":[],"modifiers":[],"variables":[{"!":"com.github.javaparser.ast.body.VariableDeclarator","range":{"beginLine":10,"beginColumn":25,"endLine":10,"endColumn":78},"tokenRange":{"beginToken":{"kind":94,"text":"description"},"endToken":{"kind":98,"text":")"}},"initializer":{"!":"com.github.javaparser.ast.expr.MethodCallExpr","range":{"beginLine":10,"beginColumn":39,"endLine":10,"endColumn":78},"tokenRange":{"beginToken":{"kind":94,"text":"Description"},"endToken":{"kind":98,"text":")"}},"arguments":[{"!":"com.github.javaparser.ast.expr.NameExpr","range":{"beginLine":10,"beginColumn":74,"endLine":10,"endColumn":77},"tokenRange":{"beginToken":{"kind":94,"text":"name"},"endToken":{"kind":94,"text":"name"}},"name":{"!":"com.github.javaparser.ast.expr.SimpleName","range":{"beginLine":10,"beginColumn":74,"endLine":10,"endColumn":77},"tokenRange":{"beginToken":{"kind":94,"text":"name"},"endToken":{"kind":94,"text":"name"}},"identifier":"name"}}],"name":{"!":"com.github.javaparser.ast.expr.SimpleName","range":{"beginLine":10,"beginColumn":51,"endLine":10,"endColumn":72},"tokenRange":{"beginToken":{"kind":94,"text":"createSuiteDescription"},"endToken":{"kind":94,"text":"createSuiteDescription"}},"identifier":"createSuiteDescription"},"scope":{"!":"com.github.javaparser.ast.expr.NameExpr","range":{"beginLine":10,"beginColumn":39,"endLine":10,"endColumn":49},"tokenRange":{"beginToken":{"kind":94,"text":"Description"},"endToken":{"kind":94,"text":"Description"}},"name":{"!":"com.github.javaparser.ast.expr.SimpleName","range":{"beginLine":10,"beginColumn":39,"endLine":10,"endColumn":49},"tokenRange":{"beginToken":{"kind":94,"text":"Description"},"endToken":{"kind":94,"text":"Description"}},"identifier":"Description"}}},"name":{"!":"com.github.javaparser.ast.expr.SimpleName","range":{"beginLine":10,"beginColumn":25,"endLine":10,"endColumn":35},"tokenRange":{"beginToken":{"kind":94,"text":"description"},"endToken":{"kind":94,"text":"description"}},"identifier":"description"},"type":{"!":"com.github.javaparser.ast.type.ClassOrInterfaceType","range":{"beginLine":10,"beginColumn":13,"endLine":10,"endColumn":23},"tokenRange":{"beginToken":{"kind":94,"text":"Description"},"endToken":{"kind":94,"text":"Description"}},"name":{"!":"com.github.javaparser.ast.expr.SimpleName","range":{"beginLine":10,"beginColumn":13,"endLine":10,"endColumn":23},"tokenRange":{"beginToken":{"kind":94,"text":"Description"},"endToken":{"kind":94,"text":"Description"}},"identifier":"Description"},"annotations":[]}}]}},{"!":"com.github.javaparser.ast.stmt.ExpressionStmt","range":{"beginLine":11,"beginColumn":13,"endLine":11,"endColumn":35},"tokenRange":{"beginToken":{"kind":38,"text":"int"},"endToken":{"kind":103,"text":";"}},"expression":{"!":"com.github.javaparser.ast.expr.VariableDeclarationExpr","range":{"beginLine":11,"beginColumn":13,"endLine":11,"endColumn":34},"tokenRange":{"beginToken":{"kind":38,"text":"int"},"endToken":{"kind":98,"text":")"}},"annotations":[],"modifiers":[],"variables":[{"!":"com.github.javaparser.ast.body.VariableDeclarator","range":{"beginLine":11,"beginColumn":17,"endLine":11,"endColumn":34},"tokenRange":{"beginToken":{"kind":94,"text":"n"},"endToken":{"kind":98,"text":")"}},"initializer":{"!":"com.github.javaparser.ast.expr.MethodCallExpr","range":{"beginLine":11,"beginColumn":21,"endLine":11,"endColumn":34},"tokenRange":{"beginToken":{"kind":94,"text":"ts"},"endToken":{"kind":98,"text":")"}},"arguments":[],"name":{"!":"com.github.javaparser.ast.expr.SimpleName","range":{"beginLine":11,"beginColumn":24,"endLine":11,"endColumn":32},"tokenRange":{"beginToken":{"kind":94,"text":"testCount"},"endToken":{"kind":94,"text":"testCount"}},"identifier":"testCount"},"scope":{"!":"com.github.javaparser.ast.expr.NameExpr","range":{"beginLine":11,"beginColumn":21,"endLine":11,"endColumn":22},"tokenRange":{"beginToken":{"kind":94,"text":"ts"},"endToken":{"kind":94,"text":"ts"}},"name":{"!":"com.github.javaparser.ast.expr.SimpleName","range":{"beginLine":11,"beginColumn":21,"endLine":11,"endColumn":22},"tokenRange":{"beginToken":{"kind":94,"text":"ts"},"endToken":{"kind":94,"text":"ts"}},"identifier":"ts"}}},"name":{"!":"com.github.javaparser.ast.expr.SimpleName","range":{"beginLine":11,"beginColumn":17,"endLine":11,"endColumn":17},"tokenRange":{"beginToken":{"kind":94,"text":"n"},"endToken":{"kind":94,"text":"n"}},"identifier":"n"},"type":{"!":"com.github.javaparser.ast.type.PrimitiveType","range":{"beginLine":11,"beginColumn":13,"endLine":11,"endColumn":15},"tokenRange":{"beginToken":{"kind":38,"text":"int"},"endToken":{"kind":38,"text":"int"}},"type":"INT","annotations":[]}}]}},{"!":"com.github.javaparser.ast.stmt.ForStmt","range":{"beginLine":12,"beginColumn":13,"endLine":15,"endColumn":13},"tokenRange":{"beginToken":{"kind":32,"text":"for"},"endToken":{"kind":100,"text":"}"}},"body":{"!":"com.github.javaparser.ast.stmt.BlockStmt","range":{"beginLine":12,"beginColumn":41,"endLine":15,"endColumn":13},"tokenRange":{"beginToken":{"kind":99,"text":"{"},"endToken":{"kind":100,"text":"}"}},"statements":[{"!":"com.github.javaparser.ast.stmt.ExpressionStmt","range":{"beginLine":13,"beginColumn":17,"endLine":13,"endColumn":65},"tokenRange":{"beginToken":{"kind":94,"text":"Description"},"endToken":{"kind":103,"text":";"}},"expression":{"!":"com.github.javaparser.ast.expr.VariableDeclarationExpr","range":{"beginLine":13,"beginColumn":17,"endLine":13,"endColumn":64},"tokenRange":{"beginToken":{"kind":94,"text":"Description"},"endToken":{"kind":98,"text":")"}},"annotations":[],"modifiers":[],"variables":[{"!":"com.github.javaparser.ast.body.VariableDeclarator","range":{"beginLine":13,"beginColumn":29,"endLine":13,"endColumn":64},"tokenRange":{"beginToken":{"kind":94,"text":"made"},"endToken":{"kind":98,"text":")"}},"initializer":{"!":"com.github.javaparser.ast.expr.MethodCallExpr","range":{"beginLine":13,"beginColumn":36,"endLine":13,"endColumn":64},"tokenRange":{"beginToken":{"kind":94,"text":"makeDescription"},"endToken":{"kind":98,"text":")"}},"arguments":[{"!":"com.github.javaparser.ast.expr.MethodCallExpr","range":{"beginLine":13,"beginColumn":52,"endLine":13,"endColumn":63},"tokenRange":{"beginToken":{"kind":94,"text":"ts"},"endToken":{"kind":98,"text":")"}},"arguments":[{"!":"com.github.javaparser.ast.expr.NameExpr","range":{"beginLine":13,"beginColumn":62,"endLine":13,"endColumn":62},"tokenRange":{"beginToken":{"kind":94,"text":"i"},"endToken":{"kind":94,"text":"i"}},"name":{"!":"com.github.javaparser.ast.expr.SimpleName","range":{"beginLine":13,"beginColumn":62,"endLine":13,"endColumn":62},"tokenRange":{"beginToken":{"kind":94,"text":"i"},"endToken":{"kind":94,"text":"i"}},"identifier":"i"}}],"name":{"!":"com.github.javaparser.ast.expr.SimpleName","range":{"beginLine":13,"beginColumn":55,"endLine":13,"endColumn":60},"tokenRange":{"beginToken":{"kind":94,"text":"testAt"},"endToken":{"kind":94,"text":"testAt"}},"identifier":"testAt"},"scope":{"!":"com.github.javaparser.ast.expr.NameExpr","range":{"beginLine":13,"beginColumn":52,"endLine":13,"endColumn":53},"tokenRange":{"beginToken":{"kind":94,"text":"ts"},"endToken":{"kind":94,"text":"ts"}},"name":{"!":"com.github.javaparser.ast.expr.SimpleName","range":{"beginLine":13,"beginColumn":52,"endLine":13,"endColumn":53},"tokenRange":{"beginToken":{"kind":94,"text":"ts"},"endToken":{"kind":94,"text":"ts"}},"identifier":"ts"}}}],"name":{"!":"com.github.javaparser.ast.expr.SimpleName","range":{"beginLine":13,"beginColumn":36,"endLine":13,"endColumn":50},"tokenRange":{"beginToken":{"kind":94,"text":"makeDescription"},"endToken":{"kind":94,"text":"makeDescription"}},"identifier":"makeDescription"}},"name":{"!":"com.github.javaparser.ast.expr.SimpleName","range":{"beginLine":13,"beginColumn":29,"endLine":13,"endColumn":32},"tokenRange":{"beginToken":{"kind":94,"text":"made"},"endToken":{"kind":94,"text":"made"}},"identifier":"made"},"type":{"!":"com.github.javaparser.ast.type.ClassOrInterfaceType","range":{"beginLine":13,"beginColumn":17,"endLine":13,"endColumn":27},"tokenRange":{"beginToken":{"kind":94,"text":"Description"},"endToken":{"kind":94,"text":"Description"}},"name":{"!":"com.github.javaparser.ast.expr.SimpleName","range":{"beginLine":13,"beginColumn":17,"endLine":13,"endColumn":27},"tokenRange":{"beginToken":{"kind":94,"text":"Description"},"endToken":{"kind":94,"text":"Description"}},"identifier":"Description"},"annotations":[]}}]}},{"!":"com.github.javaparser.ast.stmt.ExpressionStmt","range":{"beginLine":14,"beginColumn":17,"endLine":14,"endColumn":43},"tokenRange":{"beginToken":{"kind":94,"text":"description"},"endToken":{"kind":103,"text":";"}},"expression":{"!":"com.github.javaparser.ast.expr.MethodCallExpr","range":{"beginLine":14,"beginColumn":17,"endLine":14,"endColumn":42},"tokenRange":{"beginToken":{"kind":94,"text":"description"},"endToken":{"kind":98,"text":")"}},"arguments":[{"!":"com.github.javaparser.ast.expr.NameExpr","range":{"beginLine":14,"beginColumn":38,"endLine":14,"endColumn":41},"tokenRange":{"beginToken":{"kind":94,"text":"made"},"endToken":{"kind":94,"text":"made"}},"name":{"!":"com.github.javaparser.ast.expr.SimpleName","range":{"beginLine":14,"beginColumn":38,"endLine":14,"endColumn":41},"tokenRange":{"beginToken":{"kind":94,"text":"made"},"endToken":{"kind":94,"text":"made"}},"identifier":"made"}}],"name":{"!":"com.github.javaparser.ast.expr.SimpleName","range":{"beginLine":14,"beginColumn":29,"endLine":14,"endColumn":36},"tokenRange":{"beginToken":{"kind":94,"text":"addChild"},"endToken":{"kind":94,"text":"addChild"}},"identifier":"addChild"},"scope":{"!":"com.github.javaparser.ast.expr.NameExpr","range":{"beginLine":14,"beginColumn":17,"endLine":14,"endColumn":27},"tokenRange":{"beginToken":{"kind":94,"text":"description"},"endToken":{"kind":94,"text":"description"}},"name":{"!":"com.github.javaparser.ast.expr.SimpleName","range":{"beginLine":14,"beginColumn":17,"endLine":14,"endColumn":27},"tokenRange":{"beginToken":{"kind":94,"text":"description"},"endToken":{"kind":94,"text":"description"}},"identifier":"description"}}}}]},"compare":{"!":"com.github.javaparser.ast.expr.BinaryExpr","range":{"beginLine":12,"beginColumn":29,"endLine":12,"endColumn":33},"tokenRange":{"beginToken":{"kind":94,"text":"i"},"endToken":{"kind":94,"text":"n"}},"left":{"!":"com.github.javaparser.ast.expr.NameExpr","range":{"beginLine":12,"beginColumn":29,"endLine":12,"endColumn":29},"tokenRange":{"beginToken":{"kind":94,"text":"i"},"endToken":{"kind":94,"text":"i"}},"name":{"!":"com.github.javaparser.ast.expr.SimpleName","range":{"beginLine":12,"beginColumn":29,"endLine":12,"endColumn":29},"tokenRange":{"beginToken":{"kind":94,"text":"i"},"endToken":{"kind":94,"text":"i"}},"identifier":"i"}},"operator":"LESS","right":{"!":"com.github.javaparser.ast.expr.NameExpr","range":{"beginLine":12,"beginColumn":33,"endLine":12,"endColumn":33},"tokenRange":{"beginToken":{"kind":94,"text":"n"},"endToken":{"kind":94,"text":"n"}},"name":{"!":"com.github.javaparser.ast.expr.SimpleName","range":{"beginLine":12,"beginColumn":33,"endLine":12,"endColumn":33},"tokenRange":{"beginToken":{"kind":94,"text":"n"},"endToken":{"kind":94,"text":"n"}},"identifier":"n"}}},"initialization":[{"!":"com.github.javaparser.ast.expr.VariableDeclarationExpr","range":{"beginLine":12,"beginColumn":18,"endLine":12,"endColumn":26},"tokenRange":{"beginToken":{"kind":38,"text":"int"},"endToken":{"kind":77,"text":"0"}},"annotations":[],"modifiers":[],"variables":[{"!":"com.github.javaparser.ast.body.VariableDeclarator","range":{"beginLine":12,"beginColumn":22,"endLine":12,"endColumn":26},"tokenRange":{"beginToken":{"kind":94,"text":"i"},"endToken":{"kind":77,"text":"0"}},"initializer":{"!":"com.github.javaparser.ast.expr.IntegerLiteralExpr","range":{"beginLine":12,"beginColumn":26,"endLine":12,"endColumn":26},"tokenRange":{"beginToken":{"kind":77,"text":"0"},"endToken":{"kind":77,"text":"0"}},"value":"0"},"name":{"!":"com.github.javaparser.ast.expr.SimpleName","range":{"beginLine":12,"beginColumn":22,"endLine":12,"endColumn":22},"tokenRange":{"beginToken":{"kind":94,"text":"i"},"endToken":{"kind":94,"text":"i"}},"identifier":"i"},"type":{"!":"com.github.javaparser.ast.type.PrimitiveType","range":{"beginLine":12,"beginColumn":18,"endLine":12,"endColumn":20},"tokenRange":{"beginToken":{"kind":38,"text":"int"},"endToken":{"kind":38,"text":"int"}},"type":"INT","annotations":[]}}]}],"update":[{"!":"com.github.javaparser.ast.expr.UnaryExpr","range":{"beginLine":12,"beginColumn":36,"endLine":12,"endColumn":38},"tokenRange":{"beginToken":{"kind":94,"text":"i"},"endToken":{"kind":122,"text":"++"}},"expression":{"!":"com.github.javaparser.ast.expr.NameExpr","range":{"beginLine":12,"beginColumn":36,"endLine":12,"endColumn":36},"tokenRange":{"beginToken":{"kind":94,"text":"i"},"endToken":{"kind":94,"text":"i"}},"name":{"!":"com.github.javaparser.ast.expr.SimpleName","range":{"beginLine":12,"beginColumn":36,"endLine":12,"endColumn":36},"tokenRange":{"beginToken":{"kind":94,"text":"i"},"endToken":{"kind":94,"text":"i"}},"identifier":"i"}},"operator":"POSTFIX_INCREMENT"}]},{"!":"com.github.javaparser.ast.stmt.ReturnStmt","range":{"beginLine":16,"beginColumn":13,"endLine":16,"endColumn":31},"tokenRange":{"beginToken":{"kind":49,"text":"return"},"endToken":{"kind":103,"text":";"}},"expression":{"!":"com.github.javaparser.ast.expr.NameExpr","range":{"beginLine":16,"beginColumn":20,"endLine":16,"endColumn":30},"tokenRange":{"beginToken":{"kind":94,"text":"description"},"endToken":{"kind":94,"text":"description"}},"name":{"!":"com.github.javaparser.ast.expr.SimpleName","range":{"beginLine":16,"beginColumn":20,"endLine":16,"endColumn":30},"tokenRange":{"beginToken":{"kind":94,"text":"description"},"endToken":{"kind":94,"text":"description"}},"identifier":"description"}}}]}},"thenStmt":{"!":"com.github.javaparser.ast.stmt.BlockStmt","range":{"beginLine":3,"beginColumn":39,"endLine":7,"endColumn":9},"tokenRange":{"beginToken":{"kind":99,"text":"{"},"endToken":{"kind":100,"text":"}"}},"statements":[{"!":"com.github.javaparser.ast.stmt.ExpressionStmt","range":{"beginLine":4,"beginColumn":13,"endLine":4,"endColumn":42},"tokenRange":{"beginToken":{"kind":94,"text":"TestCase"},"endToken":{"kind":103,"text":";"}},"expression":{"!":"com.github.javaparser.ast.expr.VariableDeclarationExpr","range":{"beginLine":4,"beginColumn":13,"endLine":4,"endColumn":41},"tokenRange":{"beginToken":{"kind":94,"text":"TestCase"},"endToken":{"kind":94,"text":"test"}},"annotations":[],"modifiers":[],"variables":[{"!":"com.github.javaparser.ast.body.VariableDeclarator","range":{"beginLine":4,"beginColumn":22,"endLine":4,"endColumn":41},"tokenRange":{"beginToken":{"kind":94,"text":"tc"},"endToken":{"kind":94,"text":"test"}},"initializer":{"!":"com.github.javaparser.ast.expr.CastExpr","range":{"beginLine":4,"beginColumn":27,"endLine":4,"endColumn":41},"tokenRange":{"beginToken":{"kind":97,"text":"("},"endToken":{"kind":94,"text":"test"}},"expression":{"!":"com.github.javaparser.ast.expr.NameExpr","range":{"beginLine":4,"beginColumn":38,"endLine":4,"endColumn":41},"tokenRange":{"beginToken":{"kind":94,"text":"test"},"endToken":{"kind":94,"text":"test"}},"name":{"!":"com.github.javaparser.ast.expr.SimpleName","range":{"beginLine":4,"beginColumn":38,"endLine":4,"endColumn":41},"tokenRange":{"beginToken":{"kind":94,"text":"test"},"endToken":{"kind":94,"text":"test"}},"identifier":"test"}},"type":{"!":"com.github.javaparser.ast.type.ClassOrInterfaceType","range":{"beginLine":4,"beginColumn":28,"endLine":4,"endColumn":35},"tokenRange":{"beginToken":{"kind":94,"text":"TestCase"},"endToken":{"kind":94,"text":"TestCase"}},"name":{"!":"com.github.javaparser.ast.expr.SimpleName","range":{"beginLine":4,"beginColumn":28,"endLine":4,"endColumn":35},"tokenRange":{"beginToken":{"kind":94,"text":"TestCase"},"endToken":{"kind":94,"text":"TestCase"}},"identifier":"TestCase"},"annotations":[]}},"name":{"!":"com.github.javaparser.ast.expr.SimpleName","range":{"beginLine":4,"beginColumn":22,"endLine":4,"endColumn":23},"tokenRange":{"beginToken":{"kind":94,"text":"tc"},"endToken":{"kind":94,"text":"tc"}},"identifier":"tc"},"type":{"!":"com.github.javaparser.ast.type.ClassOrInterfaceType","range":{"beginLine":4,"beginColumn":13,"endLine":4,"endColumn":20},"tokenRange":{"beginToken":{"kind":94,"text":"TestCase"},"endToken":{"kind":94,"text":"TestCase"}},"name":{"!":"com.github.javaparser.ast.expr.SimpleName","range":{"beginLine":4,"beginColumn":13,"endLine":4,"endColumn":20},"tokenRange":{"beginToken":{"kind":94,"text":"TestCase"},"endToken":{"kind":94,"text":"TestCase"}},"identifier":"TestCase"},"annotations":[]}}]}},{"!":"com.github.javaparser.ast.stmt.ReturnStmt","range":{"beginLine":5,"beginColumn":13,"endLine":6,"endColumn":40},"tokenRange":{"beginToken":{"kind":49,"text":"return"},"endToken":{"kind":103,"text":";"}},"expression":{"!":"com.github.javaparser.ast.expr.MethodCallExpr","range":{"beginLine":5,"beginColumn":20,"endLine":6,"endColumn":39},"tokenRange":{"beginToken":{"kind":94,"text":"Description"},"endToken":{"kind":98,"text":")"}},"arguments":[{"!":"com.github.javaparser.ast.expr.MethodCallExpr","range":{"beginLine":5,"beginColumn":54,"endLine":5,"endColumn":66},"tokenRange":{"beginToken":{"kind":94,"text":"tc"},"endToken":{"kind":98,"text":")"}},"arguments":[],"name":{"!":"com.github.javaparser.ast.expr.SimpleName","range":{"beginLine":5,"beginColumn":57,"endLine":5,"endColumn":64},"tokenRange":{"beginToken":{"kind":94,"text":"getClass"},"endToken":{"kind":94,"text":"getClass"}},"identifier":"getClass"},"scope":{"!":"com.github.javaparser.ast.expr.NameExpr","range":{"beginLine":5,"beginColumn":54,"endLine":5,"endColumn":55},"tokenRange":{"beginToken":{"kind":94,"text":"tc"},"endToken":{"kind":94,"text":"tc"}},"name":{"!":"com.github.javaparser.ast.expr.SimpleName","range":{"beginLine":5,"beginColumn":54,"endLine":5,"endColumn":55},"tokenRange":{"beginToken":{"kind":94,"text":"tc"},"endToken":{"kind":94,"text":"tc"}},"identifier":"tc"}}},{"!":"com.github.javaparser.ast.expr.MethodCallExpr","range":{"beginLine":5,"beginColumn":69,"endLine":5,"endColumn":80},"tokenRange":{"beginToken":{"kind":94,"text":"tc"},"endToken":{"kind":98,"text":")"}},"arguments":[],"name":{"!":"com.github.javaparser.ast.expr.SimpleName","range":{"beginLine":5,"beginColumn":72,"endLine":5,"endColumn":78},"tokenRange":{"beginToken":{"kind":94,"text":"getName"},"endToken":{"kind":94,"text":"getName"}},"identifier":"getName"},"scope":{"!":"com.github.javaparser.ast.expr.NameExpr","range":{"beginLine":5,"beginColumn":69,"endLine":5,"endColumn":70},"tokenRange":{"beginToken":{"kind":94,"text":"tc"},"endToken":{"kind":94,"text":"tc"}},"name":{"!":"com.github.javaparser.ast.expr.SimpleName","range":{"beginLine":5,"beginColumn":69,"endLine":5,"endColumn":70},"tokenRange":{"beginToken":{"kind":94,"text":"tc"},"endToken":{"kind":94,"text":"tc"}},"identifier":"tc"}}},{"!":"com.github.javaparser.ast.expr.MethodCallExpr","range":{"beginLine":6,"beginColumn":21,"endLine":6,"endColumn":38},"tokenRange":{"beginToken":{"kind":94,"text":"getAnnotations"},"endToken":{"kind":98,"text":")"}},"arguments":[{"!":"com.github.javaparser.ast.expr.NameExpr","range":{"beginLine":6,"beginColumn":36,"endLine":6,"endColumn":37},"tokenRange":{"beginToken":{"kind":94,"text":"tc"},"endToken":{"kind":94,"text":"tc"}},"name":{"!":"com.github.javaparser.ast.expr.SimpleName","range":{"beginLine":6,"beginColumn":36,"endLine":6,"endColumn":37},"tokenRange":{"beginToken":{"kind":94,"text":"tc"},"endToken":{"kind":94,"text":"tc"}},"identifier":"tc"}}],"name":{"!":"com.github.javaparser.ast.expr.SimpleName","range":{"beginLine":6,"beginColumn":21,"endLine":6,"endColumn":34},"tokenRange":{"beginToken":{"kind":94,"text":"getAnnotations"},"endToken":{"kind":94,"text":"getAnnotations"}},"identifier":"getAnnotations"}}],"name":{"!":"com.github.javaparser.ast.expr.SimpleName","range":{"beginLine":5,"beginColumn":32,"endLine":5,"endColumn":52},"tokenRange":{"beginToken":{"kind":94,"text":"createTestDescription"},"endToken":{"kind":94,"text":"createTestDescription"}},"identifier":"createTestDescription"},"scope":{"!":"com.github.javaparser.ast.expr.NameExpr","range":{"beginLine":5,"beginColumn":20,"endLine":5,"endColumn":30},"tokenRange":{"beginToken":{"kind":94,"text":"Description"},"endToken":{"kind":94,"text":"Description"}},"name":{"!":"com.github.javaparser.ast.expr.SimpleName","range":{"beginLine":5,"beginColumn":20,"endLine":5,"endColumn":30},"tokenRange":{"beginToken":{"kind":94,"text":"Description"},"endToken":{"kind":94,"text":"Description"}},"identifier":"Description"}}}}]}}]},"type":{"!":"com.github.javaparser.ast.type.ClassOrInterfaceType","range":{"beginLine":2,"beginColumn":20,"endLine":2,"endColumn":30},"tokenRange":{"beginToken":{"kind":94,"text":"Description"},"endToken":{"kind":94,"text":"Description"}},"name":{"!":"com.github.javaparser.ast.expr.SimpleName","range":{"beginLine":2,"beginColumn":20,"endLine":2,"endColumn":30},"tokenRange":{"beginToken":{"kind":94,"text":"Description"},"endToken":{"kind":94,"text":"Description"}},"identifier":"Description"},"annotations":[]},"modifiers":[{"!":"com.github.javaparser.ast.Modifier","range":{"beginLine":2,"beginColumn":5,"endLine":2,"endColumn":11},"tokenRange":{"beginToken":{"kind":45,"text":"private"},"endToken":{"kind":45,"text":"private"}},"keyword":"PRIVATE"},{"!":"com.github.javaparser.ast.Modifier","range":{"beginLine":2,"beginColumn":13,"endLine":2,"endColumn":18},"tokenRange":{"beginToken":{"kind":51,"text":"static"},"endToken":{"kind":51,"text":"static"}},"keyword":"STATIC"}],"name":{"!":"com.github.javaparser.ast.expr.SimpleName","range":{"beginLine":2,"beginColumn":32,"endLine":2,"endColumn":46},"tokenRange":{"beginToken":{"kind":94,"text":"makeDescription"},"endToken":{"kind":94,"text":"makeDescription"}},"identifier":"makeDescription"},"parameters":[{"!":"com.github.javaparser.ast.body.Parameter","range":{"beginLine":2,"beginColumn":48,"endLine":2,"endColumn":56},"tokenRange":{"beginToken":{"kind":94,"text":"Test"},"endToken":{"kind":94,"text":"test"}},"annotations":[],"isVarArgs":"false","modifiers":[],"name":{"!":"com.github.javaparser.ast.expr.SimpleName","range":{"beginLine":2,"beginColumn":53,"endLine":2,"endColumn":56},"tokenRange":{"beginToken":{"kind":94,"text":"test"},"endToken":{"kind":94,"text":"test"}},"identifier":"test"},"type":{"!":"com.github.javaparser.ast.type.ClassOrInterfaceType","range":{"beginLine":2,"beginColumn":48,"endLine":2,"endColumn":51},"tokenRange":{"beginToken":{"kind":94,"text":"Test"},"endToken":{"kind":94,"text":"Test"}},"name":{"!":"com.github.javaparser.ast.expr.SimpleName","range":{"beginLine":2,"beginColumn":48,"endLine":2,"endColumn":51},"tokenRange":{"beginToken":{"kind":94,"text":"Test"},"endToken":{"kind":94,"text":"Test"}},"identifier":"Test"},"annotations":[]},"varArgsAnnotations":[]}],"thrownExceptions":[],"typeParameters":[],"annotations":[]}],"modifiers":[],"name":{"!":"com.github.javaparser.ast.expr.SimpleName","range":{"beginLine":1,"beginColumn":7,"endLine":1,"endColumn":10},"tokenRange":{"beginToken":{"kind":94,"text":"Test"},"endToken":{"kind":94,"text":"Test"}},"identifier":"Test"},"annotations":[]}]}