{"!":"com.github.javaparser.ast.CompilationUnit","range":{"beginLine":1,"beginColumn":1,"endLine":24,"endColumn":2},"tokenRange":{"beginToken":{"kind":19,"text":"class"},"endToken":{"kind":0,"text":""}},"imports":[],"types":[{"!":"com.github.javaparser.ast.body.ClassOrInterfaceDeclaration","range":{"beginLine":1,"beginColumn":1,"endLine":24,"endColumn":2},"tokenRange":{"beginToken":{"kind":19,"text":"class"},"endToken":{"kind":100,"text":"}"}},"extendedTypes":[],"implementedTypes":[],"isInterface":"false","typeParameters":[],"members":[{"!":"com.github.javaparser.ast.body.MethodDeclaration","range":{"beginLine":9,"beginColumn":5,"endLine":22,"endColumn":5},"tokenRange":{"beginToken":{"kind":45,"text":"private"},"endToken":{"kind":100,"text":"}"}},"body":{"!":"com.github.javaparser.ast.stmt.BlockStmt","range":{"beginLine":9,"beginColumn":76,"endLine":22,"endColumn":5},"tokenRange":{"beginToken":{"kind":99,"text":"{"},"endToken":{"kind":100,"text":"}"}},"statements":[{"!":"com.github.javaparser.ast.stmt.ExpressionStmt","range":{"beginLine":10,"beginColumn":9,"endLine":10,"endColumn":36},"tokenRange":{"beginToken":{"kind":94,"text":"stream"},"endToken":{"kind":103,"text":";"}},"expression":{"!":"com.github.javaparser.ast.expr.MethodCallExpr","range":{"beginLine":10,"beginColumn":9,"endLine":10,"endColumn":35},"tokenRange":{"beginToken":{"kind":94,"text":"stream"},"endToken":{"kind":98,"text":")"}},"arguments":[],"name":{"!":"com.github.javaparser.ast.expr.SimpleName","range":{"beginLine":10,"beginColumn":16,"endLine":10,"endColumn":33},"tokenRange":{"beginToken":{"kind":94,"text":"defaultWriteObject"},"endToken":{"kind":94,"text":"defaultWriteObject"}},"identifier":"defaultWriteObject"},"scope":{"!":"com.github.javaparser.ast.expr.NameExpr","range":{"beginLine":10,"beginColumn":9,"endLine":10,"endColumn":14},"tokenRange":{"beginToken":{"kind":94,"text":"stream"},"endToken":{"kind":94,"text":"stream"}},"name":{"!":"com.github.javaparser.ast.expr.SimpleName","range":{"beginLine":10,"beginColumn":9,"endLine":10,"endColumn":14},"tokenRange":{"beginToken":{"kind":94,"text":"stream"},"endToken":{"kind":94,"text":"stream"}},"identifier":"stream"}}}},{"!":"com.github.javaparser.ast.stmt.ExpressionStmt","range":{"beginLine":12,"beginColumn":9,"endLine":12,"endColumn":65},"tokenRange":{"beginToken":{"kind":94,"text":"SerialUtilities"},"endToken":{"kind":103,"text":";"}},"expression":{"!":"com.github.javaparser.ast.expr.MethodCallExpr","range":{"beginLine":12,"beginColumn":9,"endLine":12,"endColumn":64},"tokenRange":{"beginToken":{"kind":94,"text":"SerialUtilities"},"endToken":{"kind":98,"text":")"}},"arguments":[{"!":"com.github.javaparser.ast.expr.FieldAccessExpr","range":{"beginLine":12,"beginColumn":36,"endLine":12,"endColumn":55},"tokenRange":{"beginToken":{"kind":56,"text":"this"},"endToken":{"kind":94,"text":"legendItemShape"}},"name":{"!":"com.github.javaparser.ast.expr.SimpleName","range":{"beginLine":12,"beginColumn":41,"endLine":12,"endColumn":55},"tokenRange":{"beginToken":{"kind":94,"text":"legendItemShape"},"endToken":{"kind":94,"text":"legendItemShape"}},"identifier":"legendItemShape"},"scope":{"!":"com.github.javaparser.ast.expr.ThisExpr","range":{"beginLine":12,"beginColumn":36,"endLine":12,"endColumn":39},"tokenRange":{"beginToken":{"kind":56,"text":"this"},"endToken":{"kind":56,"text":"this"}}}},{"!":"com.github.javaparser.ast.expr.NameExpr","range":{"beginLine":12,"beginColumn":58,"endLine":12,"endColumn":63},"tokenRange":{"beginToken":{"kind":94,"text":"stream"},"endToken":{"kind":94,"text":"stream"}},"name":{"!":"com.github.javaparser.ast.expr.SimpleName","range":{"beginLine":12,"beginColumn":58,"endLine":12,"endColumn":63},"tokenRange":{"beginToken":{"kind":94,"text":"stream"},"endToken":{"kind":94,"text":"stream"}},"identifier":"stream"}}],"name":{"!":"com.github.javaparser.ast.expr.SimpleName","range":{"beginLine":12,"beginColumn":25,"endLine":12,"endColumn":34},"tokenRange":{"beginToken":{"kind":94,"text":"writeShape"},"endToken":{"kind":94,"text":"writeShape"}},"identifier":"writeShape"},"scope":{"!":"com.github.javaparser.ast.expr.NameExpr","range":{"beginLine":12,"beginColumn":9,"endLine":12,"endColumn":23},"tokenRange":{"beginToken":{"kind":94,"text":"SerialUtilities"},"endToken":{"kind":94,"text":"SerialUtilities"}},"name":{"!":"com.github.javaparser.ast.expr.SimpleName","range":{"beginLine":12,"beginColumn":9,"endLine":12,"endColumn":23},"tokenRange":{"beginToken":{"kind":94,"text":"SerialUtilities"},"endToken":{"kind":94,"text":"SerialUtilities"}},"identifier":"SerialUtilities"}}}},{"!":"com.github.javaparser.ast.stmt.ExpressionStmt","range":{"beginLine":13,"beginColumn":9,"endLine":13,"endColumn":61},"tokenRange":{"beginToken":{"kind":94,"text":"SerialUtilities"},"endToken":{"kind":103,"text":";"}},"expression":{"!":"com.github.javaparser.ast.expr.MethodCallExpr","range":{"beginLine":13,"beginColumn":9,"endLine":13,"endColumn":60},"tokenRange":{"beginToken":{"kind":94,"text":"SerialUtilities"},"endToken":{"kind":98,"text":")"}},"arguments":[{"!":"com.github.javaparser.ast.expr.FieldAccessExpr","range":{"beginLine":13,"beginColumn":36,"endLine":13,"endColumn":51},"tokenRange":{"beginToken":{"kind":56,"text":"this"},"endToken":{"kind":94,"text":"seriesPaint"}},"name":{"!":"com.github.javaparser.ast.expr.SimpleName","range":{"beginLine":13,"beginColumn":41,"endLine":13,"endColumn":51},"tokenRange":{"beginToken":{"kind":94,"text":"seriesPaint"},"endToken":{"kind":94,"text":"seriesPaint"}},"identifier":"seriesPaint"},"scope":{"!":"com.github.javaparser.ast.expr.ThisExpr","range":{"beginLine":13,"beginColumn":36,"endLine":13,"endColumn":39},"tokenRange":{"beginToken":{"kind":56,"text":"this"},"endToken":{"kind":56,"text":"this"}}}},{"!":"com.github.javaparser.ast.expr.NameExpr","range":{"beginLine":13,"beginColumn":54,"endLine":13,"endColumn":59},"tokenRange":{"beginToken":{"kind":94,"text":"stream"},"endToken":{"kind":94,"text":"stream"}},"name":{"!":"com.github.javaparser.ast.expr.SimpleName","range":{"beginLine":13,"beginColumn":54,"endLine":13,"endColumn":59},"tokenRange":{"beginToken":{"kind":94,"text":"stream"},"endToken":{"kind":94,"text":"stream"}},"identifier":"stream"}}],"name":{"!":"com.github.javaparser.ast.expr.SimpleName","range":{"beginLine":13,"beginColumn":25,"endLine":13,"endColumn":34},"tokenRange":{"beginToken":{"kind":94,"text":"writePaint"},"endToken":{"kind":94,"text":"writePaint"}},"identifier":"writePaint"},"scope":{"!":"com.github.javaparser.ast.expr.NameExpr","range":{"beginLine":13,"beginColumn":9,"endLine":13,"endColumn":23},"tokenRange":{"beginToken":{"kind":94,"text":"SerialUtilities"},"endToken":{"kind":94,"text":"SerialUtilities"}},"name":{"!":"com.github.javaparser.ast.expr.SimpleName","range":{"beginLine":13,"beginColumn":9,"endLine":13,"endColumn":23},"tokenRange":{"beginToken":{"kind":94,"text":"SerialUtilities"},"endToken":{"kind":94,"text":"SerialUtilities"}},"identifier":"SerialUtilities"}}}},{"!":"com.github.javaparser.ast.stmt.ExpressionStmt","range":{"beginLine":14,"beginColumn":9,"endLine":14,"endColumn":65},"tokenRange":{"beginToken":{"kind":94,"text":"SerialUtilities"},"endToken":{"kind":103,"text":";"}},"expression":{"!":"com.github.javaparser.ast.expr.MethodCallExpr","range":{"beginLine":14,"beginColumn":9,"endLine":14,"endColumn":64},"tokenRange":{"beginToken":{"kind":94,"text":"SerialUtilities"},"endToken":{"kind":98,"text":")"}},"arguments":[{"!":"com.github.javaparser.ast.expr.FieldAccessExpr","range":{"beginLine":14,"beginColumn":36,"endLine":14,"endColumn":55},"tokenRange":{"beginToken":{"kind":56,"text":"this"},"endToken":{"kind":94,"text":"baseSeriesPaint"}},"name":{"!":"com.github.javaparser.ast.expr.SimpleName","range":{"beginLine":14,"beginColumn":41,"endLine":14,"endColumn":55},"tokenRange":{"beginToken":{"kind":94,"text":"baseSeriesPaint"},"endToken":{"kind":94,"text":"baseSeriesPaint"}},"identifier":"baseSeriesPaint"},"scope":{"!":"com.github.javaparser.ast.expr.ThisExpr","range":{"beginLine":14,"beginColumn":36,"endLine":14,"endColumn":39},"tokenRange":{"beginToken":{"kind":56,"text":"this"},"endToken":{"kind":56,"text":"this"}}}},{"!":"com.github.javaparser.ast.expr.NameExpr","range":{"beginLine":14,"beginColumn":58,"endLine":14,"endColumn":63},"tokenRange":{"beginToken":{"kind":94,"text":"stream"},"endToken":{"kind":94,"text":"stream"}},"name":{"!":"com.github.javaparser.ast.expr.SimpleName","range":{"beginLine":14,"beginColumn":58,"endLine":14,"endColumn":63},"tokenRange":{"beginToken":{"kind":94,"text":"stream"},"endToken":{"kind":94,"text":"stream"}},"identifier":"stream"}}],"name":{"!":"com.github.javaparser.ast.expr.SimpleName","range":{"beginLine":14,"beginColumn":25,"endLine":14,"endColumn":34},"tokenRange":{"beginToken":{"kind":94,"text":"writePaint"},"endToken":{"kind":94,"text":"writePaint"}},"identifier":"writePaint"},"scope":{"!":"com.github.javaparser.ast.expr.NameExpr","range":{"beginLine":14,"beginColumn":9,"endLine":14,"endColumn":23},"tokenRange":{"beginToken":{"kind":94,"text":"SerialUtilities"},"endToken":{"kind":94,"text":"SerialUtilities"}},"name":{"!":"com.github.javaparser.ast.expr.SimpleName","range":{"beginLine":14,"beginColumn":9,"endLine":14,"endColumn":23},"tokenRange":{"beginToken":{"kind":94,"text":"SerialUtilities"},"endToken":{"kind":94,"text":"SerialUtilities"}},"identifier":"SerialUtilities"}}}},{"!":"com.github.javaparser.ast.stmt.ExpressionStmt","range":{"beginLine":15,"beginColumn":9,"endLine":15,"endColumn":68},"tokenRange":{"beginToken":{"kind":94,"text":"SerialUtilities"},"endToken":{"kind":103,"text":";"}},"expression":{"!":"com.github.javaparser.ast.expr.MethodCallExpr","range":{"beginLine":15,"beginColumn":9,"endLine":15,"endColumn":67},"tokenRange":{"beginToken":{"kind":94,"text":"SerialUtilities"},"endToken":{"kind":98,"text":")"}},"arguments":[{"!":"com.github.javaparser.ast.expr.FieldAccessExpr","range":{"beginLine":15,"beginColumn":36,"endLine":15,"endColumn":58},"tokenRange":{"beginToken":{"kind":56,"text":"this"},"endToken":{"kind":94,"text":"seriesOutlinePaint"}},"name":{"!":"com.github.javaparser.ast.expr.SimpleName","range":{"beginLine":15,"beginColumn":41,"endLine":15,"endColumn":58},"tokenRange":{"beginToken":{"kind":94,"text":"seriesOutlinePaint"},"endToken":{"kind":94,"text":"seriesOutlinePaint"}},"identifier":"seriesOutlinePaint"},"scope":{"!":"com.github.javaparser.ast.expr.ThisExpr","range":{"beginLine":15,"beginColumn":36,"endLine":15,"endColumn":39},"tokenRange":{"beginToken":{"kind":56,"text":"this"},"endToken":{"kind":56,"text":"this"}}}},{"!":"com.github.javaparser.ast.expr.NameExpr","range":{"beginLine":15,"beginColumn":61,"endLine":15,"endColumn":66},"tokenRange":{"beginToken":{"kind":94,"text":"stream"},"endToken":{"kind":94,"text":"stream"}},"name":{"!":"com.github.javaparser.ast.expr.SimpleName","range":{"beginLine":15,"beginColumn":61,"endLine":15,"endColumn":66},"tokenRange":{"beginToken":{"kind":94,"text":"stream"},"endToken":{"kind":94,"text":"stream"}},"identifier":"stream"}}],"name":{"!":"com.github.javaparser.ast.expr.SimpleName","range":{"beginLine":15,"beginColumn":25,"endLine":15,"endColumn":34},"tokenRange":{"beginToken":{"kind":94,"text":"writePaint"},"endToken":{"kind":94,"text":"writePaint"}},"identifier":"writePaint"},"scope":{"!":"com.github.javaparser.ast.expr.NameExpr","range":{"beginLine":15,"beginColumn":9,"endLine":15,"endColumn":23},"tokenRange":{"beginToken":{"kind":94,"text":"SerialUtilities"},"endToken":{"kind":94,"text":"SerialUtilities"}},"name":{"!":"com.github.javaparser.ast.expr.SimpleName","range":{"beginLine":15,"beginColumn":9,"endLine":15,"endColumn":23},"tokenRange":{"beginToken":{"kind":94,"text":"SerialUtilities"},"endToken":{"kind":94,"text":"SerialUtilities"}},"identifier":"SerialUtilities"}}}},{"!":"com.github.javaparser.ast.stmt.ExpressionStmt","range":{"beginLine":16,"beginColumn":9,"endLine":16,"endColumn":72},"tokenRange":{"beginToken":{"kind":94,"text":"SerialUtilities"},"endToken":{"kind":103,"text":";"}},"expression":{"!":"com.github.javaparser.ast.expr.MethodCallExpr","range":{"beginLine":16,"beginColumn":9,"endLine":16,"endColumn":71},"tokenRange":{"beginToken":{"kind":94,"text":"SerialUtilities"},"endToken":{"kind":98,"text":")"}},"arguments":[{"!":"com.github.javaparser.ast.expr.FieldAccessExpr","range":{"beginLine":16,"beginColumn":36,"endLine":16,"endColumn":62},"tokenRange":{"beginToken":{"kind":56,"text":"this"},"endToken":{"kind":94,"text":"baseSeriesOutlinePaint"}},"name":{"!":"com.github.javaparser.ast.expr.SimpleName","range":{"beginLine":16,"beginColumn":41,"endLine":16,"endColumn":62},"tokenRange":{"beginToken":{"kind":94,"text":"baseSeriesOutlinePaint"},"endToken":{"kind":94,"text":"baseSeriesOutlinePaint"}},"identifier":"baseSeriesOutlinePaint"},"scope":{"!":"com.github.javaparser.ast.expr.ThisExpr","range":{"beginLine":16,"beginColumn":36,"endLine":16,"endColumn":39},"tokenRange":{"beginToken":{"kind":56,"text":"this"},"endToken":{"kind":56,"text":"this"}}}},{"!":"com.github.javaparser.ast.expr.NameExpr","range":{"beginLine":16,"beginColumn":65,"endLine":16,"endColumn":70},"tokenRange":{"beginToken":{"kind":94,"text":"stream"},"endToken":{"kind":94,"text":"stream"}},"name":{"!":"com.github.javaparser.ast.expr.SimpleName","range":{"beginLine":16,"beginColumn":65,"endLine":16,"endColumn":70},"tokenRange":{"beginToken":{"kind":94,"text":"stream"},"endToken":{"kind":94,"text":"stream"}},"identifier":"stream"}}],"name":{"!":"com.github.javaparser.ast.expr.SimpleName","range":{"beginLine":16,"beginColumn":25,"endLine":16,"endColumn":34},"tokenRange":{"beginToken":{"kind":94,"text":"writePaint"},"endToken":{"kind":94,"text":"writePaint"}},"identifier":"writePaint"},"scope":{"!":"com.github.javaparser.ast.expr.NameExpr","range":{"beginLine":16,"beginColumn":9,"endLine":16,"endColumn":23},"tokenRange":{"beginToken":{"kind":94,"text":"SerialUtilities"},"endToken":{"kind":94,"text":"SerialUtilities"}},"name":{"!":"com.github.javaparser.ast.expr.SimpleName","range":{"beginLine":16,"beginColumn":9,"endLine":16,"endColumn":23},"tokenRange":{"beginToken":{"kind":94,"text":"SerialUtilities"},"endToken":{"kind":94,"text":"SerialUtilities"}},"identifier":"SerialUtilities"}}}},{"!":"com.github.javaparser.ast.stmt.ExpressionStmt","range":{"beginLine":17,"beginColumn":9,"endLine":17,"endColumn":70},"tokenRange":{"beginToken":{"kind":94,"text":"SerialUtilities"},"endToken":{"kind":103,"text":";"}},"expression":{"!":"com.github.javaparser.ast.expr.MethodCallExpr","range":{"beginLine":17,"beginColumn":9,"endLine":17,"endColumn":69},"tokenRange":{"beginToken":{"kind":94,"text":"SerialUtilities"},"endToken":{"kind":98,"text":")"}},"arguments":[{"!":"com.github.javaparser.ast.expr.FieldAccessExpr","range":{"beginLine":17,"beginColumn":37,"endLine":17,"endColumn":60},"tokenRange":{"beginToken":{"kind":56,"text":"this"},"endToken":{"kind":94,"text":"seriesOutlineStroke"}},"name":{"!":"com.github.javaparser.ast.expr.SimpleName","range":{"beginLine":17,"beginColumn":42,"endLine":17,"endColumn":60},"tokenRange":{"beginToken":{"kind":94,"text":"seriesOutlineStroke"},"endToken":{"kind":94,"text":"seriesOutlineStroke"}},"identifier":"seriesOutlineStroke"},"scope":{"!":"com.github.javaparser.ast.expr.ThisExpr","range":{"beginLine":17,"beginColumn":37,"endLine":17,"endColumn":40},"tokenRange":{"beginToken":{"kind":56,"text":"this"},"endToken":{"kind":56,"text":"this"}}}},{"!":"com.github.javaparser.ast.expr.NameExpr","range":{"beginLine":17,"beginColumn":63,"endLine":17,"endColumn":68},"tokenRange":{"beginToken":{"kind":94,"text":"stream"},"endToken":{"kind":94,"text":"stream"}},"name":{"!":"com.github.javaparser.ast.expr.SimpleName","range":{"beginLine":17,"beginColumn":63,"endLine":17,"endColumn":68},"tokenRange":{"beginToken":{"kind":94,"text":"stream"},"endToken":{"kind":94,"text":"stream"}},"identifier":"stream"}}],"name":{"!":"com.github.javaparser.ast.expr.SimpleName","range":{"beginLine":17,"beginColumn":25,"endLine":17,"endColumn":35},"tokenRange":{"beginToken":{"kind":94,"text":"writeStroke"},"endToken":{"kind":94,"text":"writeStroke"}},"identifier":"writeStroke"},"scope":{"!":"com.github.javaparser.ast.expr.NameExpr","range":{"beginLine":17,"beginColumn":9,"endLine":17,"endColumn":23},"tokenRange":{"beginToken":{"kind":94,"text":"SerialUtilities"},"endToken":{"kind":94,"text":"SerialUtilities"}},"name":{"!":"com.github.javaparser.ast.expr.SimpleName","range":{"beginLine":17,"beginColumn":9,"endLine":17,"endColumn":23},"tokenRange":{"beginToken":{"kind":94,"text":"SerialUtilities"},"endToken":{"kind":94,"text":"SerialUtilities"}},"identifier":"SerialUtilities"}}}},{"!":"com.github.javaparser.ast.stmt.ExpressionStmt","range":{"beginLine":18,"beginColumn":9,"endLine":18,"endColumn":74},"tokenRange":{"beginToken":{"kind":94,"text":"SerialUtilities"},"endToken":{"kind":103,"text":";"}},"expression":{"!":"com.github.javaparser.ast.expr.MethodCallExpr","range":{"beginLine":18,"beginColumn":9,"endLine":18,"endColumn":73},"tokenRange":{"beginToken":{"kind":94,"text":"SerialUtilities"},"endToken":{"kind":98,"text":")"}},"arguments":[{"!":"com.github.javaparser.ast.expr.FieldAccessExpr","range":{"beginLine":18,"beginColumn":37,"endLine":18,"endColumn":64},"tokenRange":{"beginToken":{"kind":56,"text":"this"},"endToken":{"kind":94,"text":"baseSeriesOutlineStroke"}},"name":{"!":"com.github.javaparser.ast.expr.SimpleName","range":{"beginLine":18,"beginColumn":42,"endLine":18,"endColumn":64},"tokenRange":{"beginToken":{"kind":94,"text":"baseSeriesOutlineStroke"},"endToken":{"kind":94,"text":"baseSeriesOutlineStroke"}},"identifier":"baseSeriesOutlineStroke"},"scope":{"!":"com.github.javaparser.ast.expr.ThisExpr","range":{"beginLine":18,"beginColumn":37,"endLine":18,"endColumn":40},"tokenRange":{"beginToken":{"kind":56,"text":"this"},"endToken":{"kind":56,"text":"this"}}}},{"!":"com.github.javaparser.ast.expr.NameExpr","range":{"beginLine":18,"beginColumn":67,"endLine":18,"endColumn":72},"tokenRange":{"beginToken":{"kind":94,"text":"stream"},"endToken":{"kind":94,"text":"stream"}},"name":{"!":"com.github.javaparser.ast.expr.SimpleName","range":{"beginLine":18,"beginColumn":67,"endLine":18,"endColumn":72},"tokenRange":{"beginToken":{"kind":94,"text":"stream"},"endToken":{"kind":94,"text":"stream"}},"identifier":"stream"}}],"name":{"!":"com.github.javaparser.ast.expr.SimpleName","range":{"beginLine":18,"beginColumn":25,"endLine":18,"endColumn":35},"tokenRange":{"beginToken":{"kind":94,"text":"writeStroke"},"endToken":{"kind":94,"text":"writeStroke"}},"identifier":"writeStroke"},"scope":{"!":"com.github.javaparser.ast.expr.NameExpr","range":{"beginLine":18,"beginColumn":9,"endLine":18,"endColumn":23},"tokenRange":{"beginToken":{"kind":94,"text":"SerialUtilities"},"endToken":{"kind":94,"text":"SerialUtilities"}},"name":{"!":"com.github.javaparser.ast.expr.SimpleName","range":{"beginLine":18,"beginColumn":9,"endLine":18,"endColumn":23},"tokenRange":{"beginToken":{"kind":94,"text":"SerialUtilities"},"endToken":{"kind":94,"text":"SerialUtilities"}},"identifier":"SerialUtilities"}}}},{"!":"com.github.javaparser.ast.stmt.ExpressionStmt","range":{"beginLine":19,"beginColumn":9,"endLine":19,"endColumn":60},"tokenRange":{"beginToken":{"kind":94,"text":"SerialUtilities"},"endToken":{"kind":103,"text":";"}},"expression":{"!":"com.github.javaparser.ast.expr.MethodCallExpr","range":{"beginLine":19,"beginColumn":9,"endLine":19,"endColumn":59},"tokenRange":{"beginToken":{"kind":94,"text":"SerialUtilities"},"endToken":{"kind":98,"text":")"}},"arguments":[{"!":"com.github.javaparser.ast.expr.FieldAccessExpr","range":{"beginLine":19,"beginColumn":36,"endLine":19,"endColumn":50},"tokenRange":{"beginToken":{"kind":56,"text":"this"},"endToken":{"kind":94,"text":"labelPaint"}},"name":{"!":"com.github.javaparser.ast.expr.SimpleName","range":{"beginLine":19,"beginColumn":41,"endLine":19,"endColumn":50},"tokenRange":{"beginToken":{"kind":94,"text":"labelPaint"},"endToken":{"kind":94,"text":"labelPaint"}},"identifier":"labelPaint"},"scope":{"!":"com.github.javaparser.ast.expr.ThisExpr","range":{"beginLine":19,"beginColumn":36,"endLine":19,"endColumn":39},"tokenRange":{"beginToken":{"kind":56,"text":"this"},"endToken":{"kind":56,"text":"this"}}}},{"!":"com.github.javaparser.ast.expr.NameExpr","range":{"beginLine":19,"beginColumn":53,"endLine":19,"endColumn":58},"tokenRange":{"beginToken":{"kind":94,"text":"stream"},"endToken":{"kind":94,"text":"stream"}},"name":{"!":"com.github.javaparser.ast.expr.SimpleName","range":{"beginLine":19,"beginColumn":53,"endLine":19,"endColumn":58},"tokenRange":{"beginToken":{"kind":94,"text":"stream"},"endToken":{"kind":94,"text":"stream"}},"identifier":"stream"}}],"name":{"!":"com.github.javaparser.ast.expr.SimpleName","range":{"beginLine":19,"beginColumn":25,"endLine":19,"endColumn":34},"tokenRange":{"beginToken":{"kind":94,"text":"writePaint"},"endToken":{"kind":94,"text":"writePaint"}},"identifier":"writePaint"},"scope":{"!":"com.github.javaparser.ast.expr.NameExpr","range":{"beginLine":19,"beginColumn":9,"endLine":19,"endColumn":23},"tokenRange":{"beginToken":{"kind":94,"text":"SerialUtilities"},"endToken":{"kind":94,"text":"SerialUtilities"}},"name":{"!":"com.github.javaparser.ast.expr.SimpleName","range":{"beginLine":19,"beginColumn":9,"endLine":19,"endColumn":23},"tokenRange":{"beginToken":{"kind":94,"text":"SerialUtilities"},"endToken":{"kind":94,"text":"SerialUtilities"}},"identifier":"SerialUtilities"}}}},{"!":"com.github.javaparser.ast.stmt.ExpressionStmt","range":{"beginLine":20,"beginColumn":9,"endLine":20,"endColumn":63},"tokenRange":{"beginToken":{"kind":94,"text":"SerialUtilities"},"endToken":{"kind":103,"text":";"}},"expression":{"!":"com.github.javaparser.ast.expr.MethodCallExpr","range":{"beginLine":20,"beginColumn":9,"endLine":20,"endColumn":62},"tokenRange":{"beginToken":{"kind":94,"text":"SerialUtilities"},"endToken":{"kind":98,"text":")"}},"arguments":[{"!":"com.github.javaparser.ast.expr.FieldAccessExpr","range":{"beginLine":20,"beginColumn":36,"endLine":20,"endColumn":53},"tokenRange":{"beginToken":{"kind":56,"text":"this"},"endToken":{"kind":94,"text":"axisLinePaint"}},"name":{"!":"com.github.javaparser.ast.expr.SimpleName","range":{"beginLine":20,"beginColumn":41,"endLine":20,"endColumn":53},"tokenRange":{"beginToken":{"kind":94,"text":"axisLinePaint"},"endToken":{"kind":94,"text":"axisLinePaint"}},"identifier":"axisLinePaint"},"scope":{"!":"com.github.javaparser.ast.expr.ThisExpr","range":{"beginLine":20,"beginColumn":36,"endLine":20,"endColumn":39},"tokenRange":{"beginToken":{"kind":56,"text":"this"},"endToken":{"kind":56,"text":"this"}}}},{"!":"com.github.javaparser.ast.expr.NameExpr","range":{"beginLine":20,"beginColumn":56,"endLine":20,"endColumn":61},"tokenRange":{"beginToken":{"kind":94,"text":"stream"},"endToken":{"kind":94,"text":"stream"}},"name":{"!":"com.github.javaparser.ast.expr.SimpleName","range":{"beginLine":20,"beginColumn":56,"endLine":20,"endColumn":61},"tokenRange":{"beginToken":{"kind":94,"text":"stream"},"endToken":{"kind":94,"text":"stream"}},"identifier":"stream"}}],"name":{"!":"com.github.javaparser.ast.expr.SimpleName","range":{"beginLine":20,"beginColumn":25,"endLine":20,"endColumn":34},"tokenRange":{"beginToken":{"kind":94,"text":"writePaint"},"endToken":{"kind":94,"text":"writePaint"}},"identifier":"writePaint"},"scope":{"!":"com.github.javaparser.ast.expr.NameExpr","range":{"beginLine":20,"beginColumn":9,"endLine":20,"endColumn":23},"tokenRange":{"beginToken":{"kind":94,"text":"SerialUtilities"},"endToken":{"kind":94,"text":"SerialUtilities"}},"name":{"!":"com.github.javaparser.ast.expr.SimpleName","range":{"beginLine":20,"beginColumn":9,"endLine":20,"endColumn":23},"tokenRange":{"beginToken":{"kind":94,"text":"SerialUtilities"},"endToken":{"kind":94,"text":"SerialUtilities"}},"identifier":"SerialUtilities"}}}},{"!":"com.github.javaparser.ast.stmt.ExpressionStmt","range":{"beginLine":21,"beginColumn":9,"endLine":21,"endColumn":65},"tokenRange":{"beginToken":{"kind":94,"text":"SerialUtilities"},"endToken":{"kind":103,"text":";"}},"expression":{"!":"com.github.javaparser.ast.expr.MethodCallExpr","range":{"beginLine":21,"beginColumn":9,"endLine":21,"endColumn":64},"tokenRange":{"beginToken":{"kind":94,"text":"SerialUtilities"},"endToken":{"kind":98,"text":")"}},"arguments":[{"!":"com.github.javaparser.ast.expr.FieldAccessExpr","range":{"beginLine":21,"beginColumn":37,"endLine":21,"endColumn":55},"tokenRange":{"beginToken":{"kind":56,"text":"this"},"endToken":{"kind":94,"text":"axisLineStroke"}},"name":{"!":"com.github.javaparser.ast.expr.SimpleName","range":{"beginLine":21,"beginColumn":42,"endLine":21,"endColumn":55},"tokenRange":{"beginToken":{"kind":94,"text":"axisLineStroke"},"endToken":{"kind":94,"text":"axisLineStroke"}},"identifier":"axisLineStroke"},"scope":{"!":"com.github.javaparser.ast.expr.ThisExpr","range":{"beginLine":21,"beginColumn":37,"endLine":21,"endColumn":40},"tokenRange":{"beginToken":{"kind":56,"text":"this"},"endToken":{"kind":56,"text":"this"}}}},{"!":"com.github.javaparser.ast.expr.NameExpr","range":{"beginLine":21,"beginColumn":58,"endLine":21,"endColumn":63},"tokenRange":{"beginToken":{"kind":94,"text":"stream"},"endToken":{"kind":94,"text":"stream"}},"name":{"!":"com.github.javaparser.ast.expr.SimpleName","range":{"beginLine":21,"beginColumn":58,"endLine":21,"endColumn":63},"tokenRange":{"beginToken":{"kind":94,"text":"stream"},"endToken":{"kind":94,"text":"stream"}},"identifier":"stream"}}],"name":{"!":"com.github.javaparser.ast.expr.SimpleName","range":{"beginLine":21,"beginColumn":25,"endLine":21,"endColumn":35},"tokenRange":{"beginToken":{"kind":94,"text":"writeStroke"},"endToken":{"kind":94,"text":"writeStroke"}},"identifier":"writeStroke"},"scope":{"!":"com.github.javaparser.ast.expr.NameExpr","range":{"beginLine":21,"beginColumn":9,"endLine":21,"endColumn":23},"tokenRange":{"beginToken":{"kind":94,"text":"SerialUtilities"},"endToken":{"kind":94,"text":"SerialUtilities"}},"name":{"!":"com.github.javaparser.ast.expr.SimpleName","range":{"beginLine":21,"beginColumn":9,"endLine":21,"endColumn":23},"tokenRange":{"beginToken":{"kind":94,"text":"SerialUtilities"},"endToken":{"kind":94,"text":"SerialUtilities"}},"identifier":"SerialUtilities"}}}}]},"type":{"!":"com.github.javaparser.ast.type.VoidType","range":{"beginLine":9,"beginColumn":13,"endLine":9,"endColumn":16},"tokenRange":{"beginToken":{"kind":62,"text":"void"},"endToken":{"kind":62,"text":"void"}},"annotations":[]},"modifiers":[{"!":"com.github.javaparser.ast.Modifier","range":{"beginLine":9,"beginColumn":5,"endLine":9,"endColumn":11},"tokenRange":{"beginToken":{"kind":45,"text":"private"},"endToken":{"kind":45,"text":"private"}},"keyword":"PRIVATE"}],"name":{"!":"com.github.javaparser.ast.expr.SimpleName","range":{"beginLine":9,"beginColumn":18,"endLine":9,"endColumn":28},"tokenRange":{"beginToken":{"kind":94,"text":"writeObject"},"endToken":{"kind":94,"text":"writeObject"}},"identifier":"writeObject"},"parameters":[{"!":"com.github.javaparser.ast.body.Parameter","range":{"beginLine":9,"beginColumn":30,"endLine":9,"endColumn":54},"tokenRange":{"beginToken":{"kind":94,"text":"ObjectOutputStream"},"endToken":{"kind":94,"text":"stream"}},"annotations":[],"isVarArgs":"false","modifiers":[],"name":{"!":"com.github.javaparser.ast.expr.SimpleName","range":{"beginLine":9,"beginColumn":49,"endLine":9,"endColumn":54},"tokenRange":{"beginToken":{"kind":94,"text":"stream"},"endToken":{"kind":94,"text":"stream"}},"identifier":"stream"},"type":{"!":"com.github.javaparser.ast.type.ClassOrInterfaceType","range":{"beginLine":9,"beginColumn":30,"endLine":9,"endColumn":47},"tokenRange":{"beginToken":{"kind":94,"text":"ObjectOutputStream"},"endToken":{"kind":94,"text":"ObjectOutputStream"}},"name":{"!":"com.github.javaparser.ast.expr.SimpleName","range":{"beginLine":9,"beginColumn":30,"endLine":9,"endColumn":47},"tokenRange":{"beginToken":{"kind":94,"text":"ObjectOutputStream"},"endToken":{"kind":94,"text":"ObjectOutputStream"}},"identifier":"ObjectOutputStream"},"annotations":[]},"varArgsAnnotations":[]}],"thrownExceptions":[{"!":"com.github.javaparser.ast.type.ClassOrInterfaceType","range":{"beginLine":9,"beginColumn":64,"endLine":9,"endColumn":74},"tokenRange":{"beginToken":{"kind":94,"text":"IOException"},"endToken":{"kind":94,"text":"IOException"}},"name":{"!":"com.github.javaparser.ast.expr.SimpleName","range":{"beginLine":9,"beginColumn":64,"endLine":9,"endColumn":74},"tokenRange":{"beginToken":{"kind":94,"text":"IOException"},"endToken":{"kind":94,"text":"IOException"}},"identifier":"IOException"},"annotations":[]}],"typeParameters":[],"annotations":[],"comment":{"!":"com.github.javaparser.ast.comments.JavadocComment","range":{"beginLine":2,"beginColumn":5,"endLine":8,"endColumn":7},"tokenRange":{"beginToken":{"kind":8,"text":"/**\n     * Provides serialization support.\n     *\n     * @param stream  the output stream.\n     *\n     * @throws IOException  if there is an I/O error.\n     */"},"endToken":{"kind":8,"text":"/**\n     * Provides serialization support.\n     *\n     * @param stream  the output stream.\n     *\n     * @throws IOException  if there is an I/O error.\n     */"}},"content":"\n     * Provides serialization support.\n     *\n     * @param stream  the output stream.\n     *\n     * @throws IOException  if there is an I/O error.\n     "}}],"modifiers":[],"name":{"!":"com.github.javaparser.ast.expr.SimpleName","range":{"beginLine":1,"beginColumn":7,"endLine":1,"endColumn":10},"tokenRange":{"beginToken":{"kind":94,"text":"Test"},"endToken":{"kind":94,"text":"Test"}},"identifier":"Test"},"annotations":[]}]}