{"!":"com.github.javaparser.ast.CompilationUnit","range":{"beginLine":1,"beginColumn":1,"endLine":31,"endColumn":2},"tokenRange":{"beginToken":{"kind":19,"text":"class"},"endToken":{"kind":0,"text":""}},"imports":[],"types":[{"!":"com.github.javaparser.ast.body.ClassOrInterfaceDeclaration","range":{"beginLine":1,"beginColumn":1,"endLine":31,"endColumn":2},"tokenRange":{"beginToken":{"kind":19,"text":"class"},"endToken":{"kind":100,"text":"}"}},"extendedTypes":[],"implementedTypes":[],"isInterface":"false","typeParameters":[],"members":[{"!":"com.github.javaparser.ast.body.MethodDeclaration","range":{"beginLine":9,"beginColumn":2,"endLine":29,"endColumn":2},"tokenRange":{"beginToken":{"kind":47,"text":"public"},"endToken":{"kind":100,"text":"}"}},"body":{"!":"com.github.javaparser.ast.stmt.BlockStmt","range":{"beginLine":9,"beginColumn":38,"endLine":29,"endColumn":2},"tokenRange":{"beginToken":{"kind":99,"text":"{"},"endToken":{"kind":100,"text":"}"}},"statements":[{"!":"com.github.javaparser.ast.stmt.TryStmt","range":{"beginLine":10,"beginColumn":3,"endLine":28,"endColumn":3},"tokenRange":{"beginToken":{"kind":61,"text":"try"},"endToken":{"kind":100,"text":"}"}},"catchClauses":[{"!":"com.github.javaparser.ast.stmt.CatchClause","range":{"beginLine":19,"beginColumn":3,"endLine":28,"endColumn":3},"tokenRange":{"beginToken":{"kind":17,"text":"catch"},"endToken":{"kind":100,"text":"}"}},"body":{"!":"com.github.javaparser.ast.stmt.BlockStmt","range":{"beginLine":19,"beginColumn":43,"endLine":28,"endColumn":3},"tokenRange":{"beginToken":{"kind":99,"text":"{"},"endToken":{"kind":100,"text":"}"}},"statements":[{"!":"com.github.javaparser.ast.stmt.IfStmt","range":{"beginLine":20,"beginColumn":4,"endLine":27,"endColumn":4},"tokenRange":{"beginToken":{"kind":34,"text":"if"},"endToken":{"kind":100,"text":"}"}},"condition":{"!":"com.github.javaparser.ast.expr.InstanceOfExpr","range":{"beginLine":20,"beginColumn":9,"endLine":20,"endColumn":42},"tokenRange":{"beginToken":{"kind":94,"text":"e"},"endToken":{"kind":94,"text":"NonStopCacheException"}},"expression":{"!":"com.github.javaparser.ast.expr.NameExpr","range":{"beginLine":20,"beginColumn":9,"endLine":20,"endColumn":9},"tokenRange":{"beginToken":{"kind":94,"text":"e"},"endToken":{"kind":94,"text":"e"}},"name":{"!":"com.github.javaparser.ast.expr.SimpleName","range":{"beginLine":20,"beginColumn":9,"endLine":20,"endColumn":9},"tokenRange":{"beginToken":{"kind":94,"text":"e"},"endToken":{"kind":94,"text":"e"}},"identifier":"e"}},"type":{"!":"com.github.javaparser.ast.type.ClassOrInterfaceType","range":{"beginLine":20,"beginColumn":22,"endLine":20,"endColumn":42},"tokenRange":{"beginToken":{"kind":94,"text":"NonStopCacheException"},"endToken":{"kind":94,"text":"NonStopCacheException"}},"name":{"!":"com.github.javaparser.ast.expr.SimpleName","range":{"beginLine":20,"beginColumn":22,"endLine":20,"endColumn":42},"tokenRange":{"beginToken":{"kind":94,"text":"NonStopCacheException"},"endToken":{"kind":94,"text":"NonStopCacheException"}},"identifier":"NonStopCacheException"},"annotations":[]}},"elseStmt":{"!":"com.github.javaparser.ast.stmt.BlockStmt","range":{"beginLine":25,"beginColumn":9,"endLine":27,"endColumn":4},"tokenRange":{"beginToken":{"kind":99,"text":"{"},"endToken":{"kind":100,"text":"}"}},"statements":[{"!":"com.github.javaparser.ast.stmt.ThrowStmt","range":{"beginLine":26,"beginColumn":5,"endLine":26,"endColumn":34},"tokenRange":{"beginToken":{"kind":57,"text":"throw"},"endToken":{"kind":103,"text":";"}},"expression":{"!":"com.github.javaparser.ast.expr.ObjectCreationExpr","range":{"beginLine":26,"beginColumn":11,"endLine":26,"endColumn":33},"tokenRange":{"beginToken":{"kind":42,"text":"new"},"endToken":{"kind":98,"text":")"}},"arguments":[{"!":"com.github.javaparser.ast.expr.NameExpr","range":{"beginLine":26,"beginColumn":31,"endLine":26,"endColumn":31},"tokenRange":{"beginToken":{"kind":94,"text":"e"},"endToken":{"kind":94,"text":"e"}},"name":{"!":"com.github.javaparser.ast.expr.SimpleName","range":{"beginLine":26,"beginColumn":31,"endLine":26,"endColumn":31},"tokenRange":{"beginToken":{"kind":94,"text":"e"},"endToken":{"kind":94,"text":"e"}},"identifier":"e"}}],"type":{"!":"com.github.javaparser.ast.type.ClassOrInterfaceType","range":{"beginLine":26,"beginColumn":15,"endLine":26,"endColumn":28},"tokenRange":{"beginToken":{"kind":94,"text":"CacheException"},"endToken":{"kind":94,"text":"CacheException"}},"name":{"!":"com.github.javaparser.ast.expr.SimpleName","range":{"beginLine":26,"beginColumn":15,"endLine":26,"endColumn":28},"tokenRange":{"beginToken":{"kind":94,"text":"CacheException"},"endToken":{"kind":94,"text":"CacheException"}},"identifier":"CacheException"},"annotations":[]}}}]},"thenStmt":{"!":"com.github.javaparser.ast.stmt.BlockStmt","range":{"beginLine":20,"beginColumn":46,"endLine":24,"endColumn":4},"tokenRange":{"beginToken":{"kind":99,"text":"{"},"endToken":{"kind":100,"text":"}"}},"statements":[{"!":"com.github.javaparser.ast.stmt.ExpressionStmt","range":{"beginLine":21,"beginColumn":5,"endLine":22,"endColumn":64},"tokenRange":{"beginToken":{"kind":94,"text":"HibernateNonstopCacheExceptionHandler"},"endToken":{"kind":103,"text":";"}},"expression":{"!":"com.github.javaparser.ast.expr.MethodCallExpr","range":{"beginLine":21,"beginColumn":5,"endLine":22,"endColumn":63},"tokenRange":{"beginToken":{"kind":94,"text":"HibernateNonstopCacheExceptionHandler"},"endToken":{"kind":98,"text":")"}},"arguments":[{"!":"com.github.javaparser.ast.expr.CastExpr","range":{"beginLine":22,"beginColumn":37,"endLine":22,"endColumn":61},"tokenRange":{"beginToken":{"kind":97,"text":"("},"endToken":{"kind":94,"text":"e"}},"expression":{"!":"com.github.javaparser.ast.expr.NameExpr","range":{"beginLine":22,"beginColumn":61,"endLine":22,"endColumn":61},"tokenRange":{"beginToken":{"kind":94,"text":"e"},"endToken":{"kind":94,"text":"e"}},"name":{"!":"com.github.javaparser.ast.expr.SimpleName","range":{"beginLine":22,"beginColumn":61,"endLine":22,"endColumn":61},"tokenRange":{"beginToken":{"kind":94,"text":"e"},"endToken":{"kind":94,"text":"e"}},"identifier":"e"}},"type":{"!":"com.github.javaparser.ast.type.ClassOrInterfaceType","range":{"beginLine":22,"beginColumn":38,"endLine":22,"endColumn":58},"tokenRange":{"beginToken":{"kind":94,"text":"NonStopCacheException"},"endToken":{"kind":94,"text":"NonStopCacheException"}},"name":{"!":"com.github.javaparser.ast.expr.SimpleName","range":{"beginLine":22,"beginColumn":38,"endLine":22,"endColumn":58},"tokenRange":{"beginToken":{"kind":94,"text":"NonStopCacheException"},"endToken":{"kind":94,"text":"NonStopCacheException"}},"identifier":"NonStopCacheException"},"annotations":[]}}],"name":{"!":"com.github.javaparser.ast.expr.SimpleName","range":{"beginLine":22,"beginColumn":8,"endLine":22,"endColumn":34},"tokenRange":{"beginToken":{"kind":94,"text":"handleNonstopCacheException"},"endToken":{"kind":94,"text":"handleNonstopCacheException"}},"identifier":"handleNonstopCacheException"},"scope":{"!":"com.github.javaparser.ast.expr.MethodCallExpr","range":{"beginLine":21,"beginColumn":5,"endLine":21,"endColumn":55},"tokenRange":{"beginToken":{"kind":94,"text":"HibernateNonstopCacheExceptionHandler"},"endToken":{"kind":98,"text":")"}},"arguments":[],"name":{"!":"com.github.javaparser.ast.expr.SimpleName","range":{"beginLine":21,"beginColumn":43,"endLine":21,"endColumn":53},"tokenRange":{"beginToken":{"kind":94,"text":"getInstance"},"endToken":{"kind":94,"text":"getInstance"}},"identifier":"getInstance"},"scope":{"!":"com.github.javaparser.ast.expr.NameExpr","range":{"beginLine":21,"beginColumn":5,"endLine":21,"endColumn":41},"tokenRange":{"beginToken":{"kind":94,"text":"HibernateNonstopCacheExceptionHandler"},"endToken":{"kind":94,"text":"HibernateNonstopCacheExceptionHandler"}},"name":{"!":"com.github.javaparser.ast.expr.SimpleName","range":{"beginLine":21,"beginColumn":5,"endLine":21,"endColumn":41},"tokenRange":{"beginToken":{"kind":94,"text":"HibernateNonstopCacheExceptionHandler"},"endToken":{"kind":94,"text":"HibernateNonstopCacheExceptionHandler"}},"identifier":"HibernateNonstopCacheExceptionHandler"}}}}},{"!":"com.github.javaparser.ast.stmt.ReturnStmt","range":{"beginLine":23,"beginColumn":5,"endLine":23,"endColumn":16},"tokenRange":{"beginToken":{"kind":49,"text":"return"},"endToken":{"kind":103,"text":";"}},"expression":{"!":"com.github.javaparser.ast.expr.NullLiteralExpr","range":{"beginLine":23,"beginColumn":12,"endLine":23,"endColumn":15},"tokenRange":{"beginToken":{"kind":43,"text":"null"},"endToken":{"kind":43,"text":"null"}}}}]}}]},"parameter":{"!":"com.github.javaparser.ast.body.Parameter","range":{"beginLine":19,"beginColumn":25,"endLine":19,"endColumn":40},"tokenRange":{"beginToken":{"kind":94,"text":"CacheException"},"endToken":{"kind":94,"text":"e"}},"annotations":[],"isVarArgs":"false","modifiers":[],"name":{"!":"com.github.javaparser.ast.expr.SimpleName","range":{"beginLine":19,"beginColumn":40,"endLine":19,"endColumn":40},"tokenRange":{"beginToken":{"kind":94,"text":"e"},"endToken":{"kind":94,"text":"e"}},"identifier":"e"},"type":{"!":"com.github.javaparser.ast.type.ClassOrInterfaceType","range":{"beginLine":19,"beginColumn":10,"endLine":19,"endColumn":38},"tokenRange":{"beginToken":{"kind":94,"text":"net"},"endToken":{"kind":94,"text":"CacheException"}},"name":{"!":"com.github.javaparser.ast.expr.SimpleName","range":{"beginLine":19,"beginColumn":25,"endLine":19,"endColumn":38},"tokenRange":{"beginToken":{"kind":94,"text":"CacheException"},"endToken":{"kind":94,"text":"CacheException"}},"identifier":"CacheException"},"scope":{"!":"com.github.javaparser.ast.type.ClassOrInterfaceType","range":{"beginLine":19,"beginColumn":10,"endLine":19,"endColumn":23},"tokenRange":{"beginToken":{"kind":94,"text":"net"},"endToken":{"kind":94,"text":"ehcache"}},"name":{"!":"com.github.javaparser.ast.expr.SimpleName","range":{"beginLine":19,"beginColumn":17,"endLine":19,"endColumn":23},"tokenRange":{"beginToken":{"kind":94,"text":"ehcache"},"endToken":{"kind":94,"text":"ehcache"}},"identifier":"ehcache"},"scope":{"!":"com.github.javaparser.ast.type.ClassOrInterfaceType","range":{"beginLine":19,"beginColumn":10,"endLine":19,"endColumn":15},"tokenRange":{"beginToken":{"kind":94,"text":"net"},"endToken":{"kind":94,"text":"sf"}},"name":{"!":"com.github.javaparser.ast.expr.SimpleName","range":{"beginLine":19,"beginColumn":14,"endLine":19,"endColumn":15},"tokenRange":{"beginToken":{"kind":94,"text":"sf"},"endToken":{"kind":94,"text":"sf"}},"identifier":"sf"},"scope":{"!":"com.github.javaparser.ast.type.ClassOrInterfaceType","range":{"beginLine":19,"beginColumn":10,"endLine":19,"endColumn":12},"tokenRange":{"beginToken":{"kind":94,"text":"net"},"endToken":{"kind":94,"text":"net"}},"name":{"!":"com.github.javaparser.ast.expr.SimpleName","range":{"beginLine":19,"beginColumn":10,"endLine":19,"endColumn":12},"tokenRange":{"beginToken":{"kind":94,"text":"net"},"endToken":{"kind":94,"text":"net"}},"identifier":"net"},"annotations":[]},"annotations":[]},"annotations":[]},"annotations":[]},"varArgsAnnotations":[]}}],"resources":[],"tryBlock":{"!":"com.github.javaparser.ast.stmt.BlockStmt","range":{"beginLine":10,"beginColumn":7,"endLine":18,"endColumn":3},"tokenRange":{"beginToken":{"kind":99,"text":"{"},"endToken":{"kind":100,"text":"}"}},"statements":[{"!":"com.github.javaparser.ast.stmt.ExpressionStmt","range":{"beginLine":11,"beginColumn":4,"endLine":11,"endColumn":49},"tokenRange":{"beginToken":{"kind":29,"text":"final"},"endToken":{"kind":103,"text":";"}},"expression":{"!":"com.github.javaparser.ast.expr.VariableDeclarationExpr","range":{"beginLine":11,"beginColumn":4,"endLine":11,"endColumn":48},"tokenRange":{"beginToken":{"kind":29,"text":"final"},"endToken":{"kind":98,"text":")"}},"annotations":[],"modifiers":[{"!":"com.github.javaparser.ast.Modifier","range":{"beginLine":11,"beginColumn":4,"endLine":11,"endColumn":8},"tokenRange":{"beginToken":{"kind":29,"text":"final"},"endToken":{"kind":29,"text":"final"}},"keyword":"FINAL"}],"variables":[{"!":"com.github.javaparser.ast.body.VariableDeclarator","range":{"beginLine":11,"beginColumn":18,"endLine":11,"endColumn":48},"tokenRange":{"beginToken":{"kind":94,"text":"element"},"endToken":{"kind":98,"text":")"}},"initializer":{"!":"com.github.javaparser.ast.expr.MethodCallExpr","range":{"beginLine":11,"beginColumn":28,"endLine":11,"endColumn":48},"tokenRange":{"beginToken":{"kind":94,"text":"getCache"},"endToken":{"kind":98,"text":")"}},"arguments":[{"!":"com.github.javaparser.ast.expr.NameExpr","range":{"beginLine":11,"beginColumn":44,"endLine":11,"endColumn":46},"tokenRange":{"beginToken":{"kind":94,"text":"key"},"endToken":{"kind":94,"text":"key"}},"name":{"!":"com.github.javaparser.ast.expr.SimpleName","range":{"beginLine":11,"beginColumn":44,"endLine":11,"endColumn":46},"tokenRange":{"beginToken":{"kind":94,"text":"key"},"endToken":{"kind":94,"text":"key"}},"identifier":"key"}}],"name":{"!":"com.github.javaparser.ast.expr.SimpleName","range":{"beginLine":11,"beginColumn":39,"endLine":11,"endColumn":41},"tokenRange":{"beginToken":{"kind":94,"text":"get"},"endToken":{"kind":94,"text":"get"}},"identifier":"get"},"scope":{"!":"com.github.javaparser.ast.expr.MethodCallExpr","range":{"beginLine":11,"beginColumn":28,"endLine":11,"endColumn":37},"tokenRange":{"beginToken":{"kind":94,"text":"getCache"},"endToken":{"kind":98,"text":")"}},"arguments":[],"name":{"!":"com.github.javaparser.ast.expr.SimpleName","range":{"beginLine":11,"beginColumn":28,"endLine":11,"endColumn":35},"tokenRange":{"beginToken":{"kind":94,"text":"getCache"},"endToken":{"kind":94,"text":"getCache"}},"identifier":"getCache"}}},"name":{"!":"com.github.javaparser.ast.expr.SimpleName","range":{"beginLine":11,"beginColumn":18,"endLine":11,"endColumn":24},"tokenRange":{"beginToken":{"kind":94,"text":"element"},"endToken":{"kind":94,"text":"element"}},"identifier":"element"},"type":{"!":"com.github.javaparser.ast.type.ClassOrInterfaceType","range":{"beginLine":11,"beginColumn":10,"endLine":11,"endColumn":16},"tokenRange":{"beginToken":{"kind":94,"text":"Element"},"endToken":{"kind":94,"text":"Element"}},"name":{"!":"com.github.javaparser.ast.expr.SimpleName","range":{"beginLine":11,"beginColumn":10,"endLine":11,"endColumn":16},"tokenRange":{"beginToken":{"kind":94,"text":"Element"},"endToken":{"kind":94,"text":"Element"}},"identifier":"Element"},"annotations":[]}}]}},{"!":"com.github.javaparser.ast.stmt.IfStmt","range":{"beginLine":12,"beginColumn":4,"endLine":17,"endColumn":4},"tokenRange":{"beginToken":{"kind":34,"text":"if"},"endToken":{"kind":100,"text":"}"}},"condition":{"!":"com.github.javaparser.ast.expr.BinaryExpr","range":{"beginLine":12,"beginColumn":9,"endLine":12,"endColumn":23},"tokenRange":{"beginToken":{"kind":94,"text":"element"},"endToken":{"kind":43,"text":"null"}},"left":{"!":"com.github.javaparser.ast.expr.NameExpr","range":{"beginLine":12,"beginColumn":9,"endLine":12,"endColumn":15},"tokenRange":{"beginToken":{"kind":94,"text":"element"},"endToken":{"kind":94,"text":"element"}},"name":{"!":"com.github.javaparser.ast.expr.SimpleName","range":{"beginLine":12,"beginColumn":9,"endLine":12,"endColumn":15},"tokenRange":{"beginToken":{"kind":94,"text":"element"},"endToken":{"kind":94,"text":"element"}},"identifier":"element"}},"operator":"EQUALS","right":{"!":"com.github.javaparser.ast.expr.NullLiteralExpr","range":{"beginLine":12,"beginColumn":20,"endLine":12,"endColumn":23},"tokenRange":{"beginToken":{"kind":43,"text":"null"},"endToken":{"kind":43,"text":"null"}}}},"elseStmt":{"!":"com.github.javaparser.ast.stmt.BlockStmt","range":{"beginLine":15,"beginColumn":9,"endLine":17,"endColumn":4},"tokenRange":{"beginToken":{"kind":99,"text":"{"},"endToken":{"kind":100,"text":"}"}},"statements":[{"!":"com.github.javaparser.ast.stmt.ReturnStmt","range":{"beginLine":16,"beginColumn":5,"endLine":16,"endColumn":36},"tokenRange":{"beginToken":{"kind":49,"text":"return"},"endToken":{"kind":103,"text":";"}},"expression":{"!":"com.github.javaparser.ast.expr.MethodCallExpr","range":{"beginLine":16,"beginColumn":12,"endLine":16,"endColumn":35},"tokenRange":{"beginToken":{"kind":94,"text":"element"},"endToken":{"kind":98,"text":")"}},"arguments":[],"name":{"!":"com.github.javaparser.ast.expr.SimpleName","range":{"beginLine":16,"beginColumn":20,"endLine":16,"endColumn":33},"tokenRange":{"beginToken":{"kind":94,"text":"getObjectValue"},"endToken":{"kind":94,"text":"getObjectValue"}},"identifier":"getObjectValue"},"scope":{"!":"com.github.javaparser.ast.expr.NameExpr","range":{"beginLine":16,"beginColumn":12,"endLine":16,"endColumn":18},"tokenRange":{"beginToken":{"kind":94,"text":"element"},"endToken":{"kind":94,"text":"element"}},"name":{"!":"com.github.javaparser.ast.expr.SimpleName","range":{"beginLine":16,"beginColumn":12,"endLine":16,"endColumn":18},"tokenRange":{"beginToken":{"kind":94,"text":"element"},"endToken":{"kind":94,"text":"element"}},"identifier":"element"}}}}]},"thenStmt":{"!":"com.github.javaparser.ast.stmt.BlockStmt","range":{"beginLine":12,"beginColumn":27,"endLine":14,"endColumn":4},"tokenRange":{"beginToken":{"kind":99,"text":"{"},"endToken":{"kind":100,"text":"}"}},"statements":[{"!":"com.github.javaparser.ast.stmt.ReturnStmt","range":{"beginLine":13,"beginColumn":5,"endLine":13,"endColumn":16},"tokenRange":{"beginToken":{"kind":49,"text":"return"},"endToken":{"kind":103,"text":";"}},"expression":{"!":"com.github.javaparser.ast.expr.NullLiteralExpr","range":{"beginLine":13,"beginColumn":12,"endLine":13,"endColumn":15},"tokenRange":{"beginToken":{"kind":43,"text":"null"},"endToken":{"kind":43,"text":"null"}}}}]}}]}}]},"type":{"!":"com.github.javaparser.ast.type.ClassOrInterfaceType","range":{"beginLine":9,"beginColumn":15,"endLine":9,"endColumn":20},"tokenRange":{"beginToken":{"kind":94,"text":"Object"},"endToken":{"kind":94,"text":"Object"}},"name":{"!":"com.github.javaparser.ast.expr.SimpleName","range":{"beginLine":9,"beginColumn":15,"endLine":9,"endColumn":20},"tokenRange":{"beginToken":{"kind":94,"text":"Object"},"endToken":{"kind":94,"text":"Object"}},"identifier":"Object"},"annotations":[]},"modifiers":[{"!":"com.github.javaparser.ast.Modifier","range":{"beginLine":9,"beginColumn":2,"endLine":9,"endColumn":7},"tokenRange":{"beginToken":{"kind":47,"text":"public"},"endToken":{"kind":47,"text":"public"}},"keyword":"PUBLIC"},{"!":"com.github.javaparser.ast.Modifier","range":{"beginLine":9,"beginColumn":9,"endLine":9,"endColumn":13},"tokenRange":{"beginToken":{"kind":29,"text":"final"},"endToken":{"kind":29,"text":"final"}},"keyword":"FINAL"}],"name":{"!":"com.github.javaparser.ast.expr.SimpleName","range":{"beginLine":9,"beginColumn":22,"endLine":9,"endColumn":24},"tokenRange":{"beginToken":{"kind":94,"text":"get"},"endToken":{"kind":94,"text":"get"}},"identifier":"get"},"parameters":[{"!":"com.github.javaparser.ast.body.Parameter","range":{"beginLine":9,"beginColumn":26,"endLine":9,"endColumn":35},"tokenRange":{"beginToken":{"kind":94,"text":"Object"},"endToken":{"kind":94,"text":"key"}},"annotations":[],"isVarArgs":"false","modifiers":[],"name":{"!":"com.github.javaparser.ast.expr.SimpleName","range":{"beginLine":9,"beginColumn":33,"endLine":9,"endColumn":35},"tokenRange":{"beginToken":{"kind":94,"text":"key"},"endToken":{"kind":94,"text":"key"}},"identifier":"key"},"type":{"!":"com.github.javaparser.ast.type.ClassOrInterfaceType","range":{"beginLine":9,"beginColumn":26,"endLine":9,"endColumn":31},"tokenRange":{"beginToken":{"kind":94,"text":"Object"},"endToken":{"kind":94,"text":"Object"}},"name":{"!":"com.github.javaparser.ast.expr.SimpleName","range":{"beginLine":9,"beginColumn":26,"endLine":9,"endColumn":31},"tokenRange":{"beginToken":{"kind":94,"text":"Object"},"endToken":{"kind":94,"text":"Object"}},"identifier":"Object"},"annotations":[]},"varArgsAnnotations":[]}],"thrownExceptions":[],"typeParameters":[],"annotations":[],"comment":{"!":"com.github.javaparser.ast.comments.JavadocComment","range":{"beginLine":2,"beginColumn":2,"endLine":8,"endColumn":4},"tokenRange":{"beginToken":{"kind":8,"text":"/**\n\t * Get the value mapped to this key, or null if no value is mapped to this key.\n\t *\n\t * @param key The cache key\n\t *\n\t * @return The cached data\n\t */"},"endToken":{"kind":8,"text":"/**\n\t * Get the value mapped to this key, or null if no value is mapped to this key.\n\t *\n\t * @param key The cache key\n\t *\n\t * @return The cached data\n\t */"}},"content":"\n\t * Get the value mapped to this key, or null if no value is mapped to this key.\n\t *\n\t * @param key The cache key\n\t *\n\t * @return The cached data\n\t "}}],"modifiers":[],"name":{"!":"com.github.javaparser.ast.expr.SimpleName","range":{"beginLine":1,"beginColumn":7,"endLine":1,"endColumn":10},"tokenRange":{"beginToken":{"kind":94,"text":"Test"},"endToken":{"kind":94,"text":"Test"}},"identifier":"Test"},"annotations":[]}]}