{"!":"com.github.javaparser.ast.CompilationUnit","range":{"beginLine":1,"beginColumn":1,"endLine":29,"endColumn":2},"tokenRange":{"beginToken":{"kind":19,"text":"class"},"endToken":{"kind":0,"text":""}},"imports":[],"types":[{"!":"com.github.javaparser.ast.body.ClassOrInterfaceDeclaration","range":{"beginLine":1,"beginColumn":1,"endLine":29,"endColumn":2},"tokenRange":{"beginToken":{"kind":19,"text":"class"},"endToken":{"kind":100,"text":"}"}},"extendedTypes":[],"implementedTypes":[],"isInterface":"false","typeParameters":[],"members":[{"!":"com.github.javaparser.ast.body.MethodDeclaration","range":{"beginLine":2,"beginColumn":2,"endLine":27,"endColumn":2},"tokenRange":{"beginToken":{"kind":107,"text":"@"},"endToken":{"kind":100,"text":"}"}},"body":{"!":"com.github.javaparser.ast.stmt.BlockStmt","range":{"beginLine":5,"beginColumn":32,"endLine":27,"endColumn":2},"tokenRange":{"beginToken":{"kind":99,"text":"{"},"endToken":{"kind":100,"text":"}"}},"statements":[{"!":"com.github.javaparser.ast.stmt.ExpressionStmt","range":{"beginLine":6,"beginColumn":3,"endLine":6,"endColumn":34},"tokenRange":{"beginToken":{"kind":94,"text":"Session"},"endToken":{"kind":103,"text":";"}},"expression":{"!":"com.github.javaparser.ast.expr.VariableDeclarationExpr","range":{"beginLine":6,"beginColumn":3,"endLine":6,"endColumn":33},"tokenRange":{"beginToken":{"kind":94,"text":"Session"},"endToken":{"kind":98,"text":")"}},"annotations":[],"modifiers":[],"variables":[{"!":"com.github.javaparser.ast.body.VariableDeclarator","range":{"beginLine":6,"beginColumn":11,"endLine":6,"endColumn":33},"tokenRange":{"beginToken":{"kind":94,"text":"session"},"endToken":{"kind":98,"text":")"}},"initializer":{"!":"com.github.javaparser.ast.expr.MethodCallExpr","range":{"beginLine":6,"beginColumn":21,"endLine":6,"endColumn":33},"tokenRange":{"beginToken":{"kind":94,"text":"openSession"},"endToken":{"kind":98,"text":")"}},"arguments":[],"name":{"!":"com.github.javaparser.ast.expr.SimpleName","range":{"beginLine":6,"beginColumn":21,"endLine":6,"endColumn":31},"tokenRange":{"beginToken":{"kind":94,"text":"openSession"},"endToken":{"kind":94,"text":"openSession"}},"identifier":"openSession"}},"name":{"!":"com.github.javaparser.ast.expr.SimpleName","range":{"beginLine":6,"beginColumn":11,"endLine":6,"endColumn":17},"tokenRange":{"beginToken":{"kind":94,"text":"session"},"endToken":{"kind":94,"text":"session"}},"identifier":"session"},"type":{"!":"com.github.javaparser.ast.type.ClassOrInterfaceType","range":{"beginLine":6,"beginColumn":3,"endLine":6,"endColumn":9},"tokenRange":{"beginToken":{"kind":94,"text":"Session"},"endToken":{"kind":94,"text":"Session"}},"name":{"!":"com.github.javaparser.ast.expr.SimpleName","range":{"beginLine":6,"beginColumn":3,"endLine":6,"endColumn":9},"tokenRange":{"beginToken":{"kind":94,"text":"Session"},"endToken":{"kind":94,"text":"Session"}},"identifier":"Session"},"annotations":[]}}]}},{"!":"com.github.javaparser.ast.stmt.ExpressionStmt","range":{"beginLine":7,"beginColumn":3,"endLine":7,"endColumn":29},"tokenRange":{"beginToken":{"kind":94,"text":"session"},"endToken":{"kind":103,"text":";"}},"expression":{"!":"com.github.javaparser.ast.expr.MethodCallExpr","range":{"beginLine":7,"beginColumn":3,"endLine":7,"endColumn":28},"tokenRange":{"beginToken":{"kind":94,"text":"session"},"endToken":{"kind":98,"text":")"}},"arguments":[],"name":{"!":"com.github.javaparser.ast.expr.SimpleName","range":{"beginLine":7,"beginColumn":11,"endLine":7,"endColumn":26},"tokenRange":{"beginToken":{"kind":94,"text":"beginTransaction"},"endToken":{"kind":94,"text":"beginTransaction"}},"identifier":"beginTransaction"},"scope":{"!":"com.github.javaparser.ast.expr.NameExpr","range":{"beginLine":7,"beginColumn":3,"endLine":7,"endColumn":9},"tokenRange":{"beginToken":{"kind":94,"text":"session"},"endToken":{"kind":94,"text":"session"}},"name":{"!":"com.github.javaparser.ast.expr.SimpleName","range":{"beginLine":7,"beginColumn":3,"endLine":7,"endColumn":9},"tokenRange":{"beginToken":{"kind":94,"text":"session"},"endToken":{"kind":94,"text":"session"}},"identifier":"session"}}}},{"!":"com.github.javaparser.ast.stmt.ExpressionStmt","range":{"beginLine":8,"beginColumn":3,"endLine":8,"endColumn":28},"tokenRange":{"beginToken":{"kind":94,"text":"Human"},"endToken":{"kind":103,"text":";"}},"expression":{"!":"com.github.javaparser.ast.expr.VariableDeclarationExpr","range":{"beginLine":8,"beginColumn":3,"endLine":8,"endColumn":27},"tokenRange":{"beginToken":{"kind":94,"text":"Human"},"endToken":{"kind":98,"text":")"}},"annotations":[],"modifiers":[],"variables":[{"!":"com.github.javaparser.ast.body.VariableDeclarator","range":{"beginLine":8,"beginColumn":9,"endLine":8,"endColumn":27},"tokenRange":{"beginToken":{"kind":94,"text":"human"},"endToken":{"kind":98,"text":")"}},"initializer":{"!":"com.github.javaparser.ast.expr.ObjectCreationExpr","range":{"beginLine":8,"beginColumn":17,"endLine":8,"endColumn":27},"tokenRange":{"beginToken":{"kind":42,"text":"new"},"endToken":{"kind":98,"text":")"}},"arguments":[],"type":{"!":"com.github.javaparser.ast.type.ClassOrInterfaceType","range":{"beginLine":8,"beginColumn":21,"endLine":8,"endColumn":25},"tokenRange":{"beginToken":{"kind":94,"text":"Human"},"endToken":{"kind":94,"text":"Human"}},"name":{"!":"com.github.javaparser.ast.expr.SimpleName","range":{"beginLine":8,"beginColumn":21,"endLine":8,"endColumn":25},"tokenRange":{"beginToken":{"kind":94,"text":"Human"},"endToken":{"kind":94,"text":"Human"}},"identifier":"Human"},"annotations":[]}},"name":{"!":"com.github.javaparser.ast.expr.SimpleName","range":{"beginLine":8,"beginColumn":9,"endLine":8,"endColumn":13},"tokenRange":{"beginToken":{"kind":94,"text":"human"},"endToken":{"kind":94,"text":"human"}},"identifier":"human"},"type":{"!":"com.github.javaparser.ast.type.ClassOrInterfaceType","range":{"beginLine":8,"beginColumn":3,"endLine":8,"endColumn":7},"tokenRange":{"beginToken":{"kind":94,"text":"Human"},"endToken":{"kind":94,"text":"Human"}},"name":{"!":"com.github.javaparser.ast.expr.SimpleName","range":{"beginLine":8,"beginColumn":3,"endLine":8,"endColumn":7},"tokenRange":{"beginToken":{"kind":94,"text":"Human"},"endToken":{"kind":94,"text":"Human"}},"identifier":"Human"},"annotations":[]}}]}},{"!":"com.github.javaparser.ast.stmt.ExpressionStmt","range":{"beginLine":9,"beginColumn":3,"endLine":9,"endColumn":58},"tokenRange":{"beginToken":{"kind":94,"text":"human"},"endToken":{"kind":103,"text":";"}},"expression":{"!":"com.github.javaparser.ast.expr.MethodCallExpr","range":{"beginLine":9,"beginColumn":3,"endLine":9,"endColumn":57},"tokenRange":{"beginToken":{"kind":94,"text":"human"},"endToken":{"kind":98,"text":")"}},"arguments":[{"!":"com.github.javaparser.ast.expr.ObjectCreationExpr","range":{"beginLine":9,"beginColumn":18,"endLine":9,"endColumn":55},"tokenRange":{"beginToken":{"kind":42,"text":"new"},"endToken":{"kind":98,"text":")"}},"arguments":[{"!":"com.github.javaparser.ast.expr.StringLiteralExpr","range":{"beginLine":9,"beginColumn":28,"endLine":9,"endColumn":35},"tokenRange":{"beginToken":{"kind":90,"text":"\"Lukasz\""},"endToken":{"kind":90,"text":"\"Lukasz\""}},"value":"Lukasz"},{"!":"com.github.javaparser.ast.expr.NullLiteralExpr","range":{"beginLine":9,"beginColumn":38,"endLine":9,"endColumn":41},"tokenRange":{"beginToken":{"kind":43,"text":"null"},"endToken":{"kind":43,"text":"null"}}},{"!":"com.github.javaparser.ast.expr.StringLiteralExpr","range":{"beginLine":9,"beginColumn":44,"endLine":9,"endColumn":53},"tokenRange":{"beginToken":{"kind":90,"text":"\"Antoniak\""},"endToken":{"kind":90,"text":"\"Antoniak\""}},"value":"Antoniak"}],"type":{"!":"com.github.javaparser.ast.type.ClassOrInterfaceType","range":{"beginLine":9,"beginColumn":22,"endLine":9,"endColumn":25},"tokenRange":{"beginToken":{"kind":94,"text":"Name"},"endToken":{"kind":94,"text":"Name"}},"name":{"!":"com.github.javaparser.ast.expr.SimpleName","range":{"beginLine":9,"beginColumn":22,"endLine":9,"endColumn":25},"tokenRange":{"beginToken":{"kind":94,"text":"Name"},"endToken":{"kind":94,"text":"Name"}},"identifier":"Name"},"annotations":[]}}],"name":{"!":"com.github.javaparser.ast.expr.SimpleName","range":{"beginLine":9,"beginColumn":9,"endLine":9,"endColumn":15},"tokenRange":{"beginToken":{"kind":94,"text":"setName"},"endToken":{"kind":94,"text":"setName"}},"identifier":"setName"},"scope":{"!":"com.github.javaparser.ast.expr.NameExpr","range":{"beginLine":9,"beginColumn":3,"endLine":9,"endColumn":7},"tokenRange":{"beginToken":{"kind":94,"text":"human"},"endToken":{"kind":94,"text":"human"}},"name":{"!":"com.github.javaparser.ast.expr.SimpleName","range":{"beginLine":9,"beginColumn":3,"endLine":9,"endColumn":7},"tokenRange":{"beginToken":{"kind":94,"text":"human"},"endToken":{"kind":94,"text":"human"}},"identifier":"human"}}}},{"!":"com.github.javaparser.ast.stmt.ExpressionStmt","range":{"beginLine":10,"beginColumn":3,"endLine":10,"endColumn":30},"tokenRange":{"beginToken":{"kind":94,"text":"human"},"endToken":{"kind":103,"text":";"}},"expression":{"!":"com.github.javaparser.ast.expr.MethodCallExpr","range":{"beginLine":10,"beginColumn":3,"endLine":10,"endColumn":29},"tokenRange":{"beginToken":{"kind":94,"text":"human"},"endToken":{"kind":98,"text":")"}},"arguments":[{"!":"com.github.javaparser.ast.expr.StringLiteralExpr","range":{"beginLine":10,"beginColumn":22,"endLine":10,"endColumn":27},"tokenRange":{"beginToken":{"kind":90,"text":"\"NONE\""},"endToken":{"kind":90,"text":"\"NONE\""}},"value":"NONE"}],"name":{"!":"com.github.javaparser.ast.expr.SimpleName","range":{"beginLine":10,"beginColumn":9,"endLine":10,"endColumn":19},"tokenRange":{"beginToken":{"kind":94,"text":"setNickName"},"endToken":{"kind":94,"text":"setNickName"}},"identifier":"setNickName"},"scope":{"!":"com.github.javaparser.ast.expr.NameExpr","range":{"beginLine":10,"beginColumn":3,"endLine":10,"endColumn":7},"tokenRange":{"beginToken":{"kind":94,"text":"human"},"endToken":{"kind":94,"text":"human"}},"name":{"!":"com.github.javaparser.ast.expr.SimpleName","range":{"beginLine":10,"beginColumn":3,"endLine":10,"endColumn":7},"tokenRange":{"beginToken":{"kind":94,"text":"human"},"endToken":{"kind":94,"text":"human"}},"identifier":"human"}}}},{"!":"com.github.javaparser.ast.stmt.ExpressionStmt","range":{"beginLine":11,"beginColumn":3,"endLine":11,"endColumn":24},"tokenRange":{"beginToken":{"kind":94,"text":"session"},"endToken":{"kind":103,"text":";"}},"expression":{"!":"com.github.javaparser.ast.expr.MethodCallExpr","range":{"beginLine":11,"beginColumn":3,"endLine":11,"endColumn":23},"tokenRange":{"beginToken":{"kind":94,"text":"session"},"endToken":{"kind":98,"text":")"}},"arguments":[{"!":"com.github.javaparser.ast.expr.NameExpr","range":{"beginLine":11,"beginColumn":17,"endLine":11,"endColumn":21},"tokenRange":{"beginToken":{"kind":94,"text":"human"},"endToken":{"kind":94,"text":"human"}},"name":{"!":"com.github.javaparser.ast.expr.SimpleName","range":{"beginLine":11,"beginColumn":17,"endLine":11,"endColumn":21},"tokenRange":{"beginToken":{"kind":94,"text":"human"},"endToken":{"kind":94,"text":"human"}},"identifier":"human"}}],"name":{"!":"com.github.javaparser.ast.expr.SimpleName","range":{"beginLine":11,"beginColumn":11,"endLine":11,"endColumn":14},"tokenRange":{"beginToken":{"kind":94,"text":"save"},"endToken":{"kind":94,"text":"save"}},"identifier":"save"},"scope":{"!":"com.github.javaparser.ast.expr.NameExpr","range":{"beginLine":11,"beginColumn":3,"endLine":11,"endColumn":9},"tokenRange":{"beginToken":{"kind":94,"text":"session"},"endToken":{"kind":94,"text":"session"}},"name":{"!":"com.github.javaparser.ast.expr.SimpleName","range":{"beginLine":11,"beginColumn":3,"endLine":11,"endColumn":9},"tokenRange":{"beginToken":{"kind":94,"text":"session"},"endToken":{"kind":94,"text":"session"}},"identifier":"session"}}}},{"!":"com.github.javaparser.ast.stmt.ExpressionStmt","range":{"beginLine":12,"beginColumn":3,"endLine":12,"endColumn":36},"tokenRange":{"beginToken":{"kind":94,"text":"session"},"endToken":{"kind":103,"text":";"}},"expression":{"!":"com.github.javaparser.ast.expr.MethodCallExpr","range":{"beginLine":12,"beginColumn":3,"endLine":12,"endColumn":35},"tokenRange":{"beginToken":{"kind":94,"text":"session"},"endToken":{"kind":98,"text":")"}},"arguments":[],"name":{"!":"com.github.javaparser.ast.expr.SimpleName","range":{"beginLine":12,"beginColumn":28,"endLine":12,"endColumn":33},"tokenRange":{"beginToken":{"kind":94,"text":"commit"},"endToken":{"kind":94,"text":"commit"}},"identifier":"commit"},"scope":{"!":"com.github.javaparser.ast.expr.MethodCallExpr","range":{"beginLine":12,"beginColumn":3,"endLine":12,"endColumn":26},"tokenRange":{"beginToken":{"kind":94,"text":"session"},"endToken":{"kind":98,"text":")"}},"arguments":[],"name":{"!":"com.github.javaparser.ast.expr.SimpleName","range":{"beginLine":12,"beginColumn":11,"endLine":12,"endColumn":24},"tokenRange":{"beginToken":{"kind":94,"text":"getTransaction"},"endToken":{"kind":94,"text":"getTransaction"}},"identifier":"getTransaction"},"scope":{"!":"com.github.javaparser.ast.expr.NameExpr","range":{"beginLine":12,"beginColumn":3,"endLine":12,"endColumn":9},"tokenRange":{"beginToken":{"kind":94,"text":"session"},"endToken":{"kind":94,"text":"session"}},"name":{"!":"com.github.javaparser.ast.expr.SimpleName","range":{"beginLine":12,"beginColumn":3,"endLine":12,"endColumn":9},"tokenRange":{"beginToken":{"kind":94,"text":"session"},"endToken":{"kind":94,"text":"session"}},"identifier":"session"}}}}},{"!":"com.github.javaparser.ast.stmt.ExpressionStmt","range":{"beginLine":13,"beginColumn":3,"endLine":13,"endColumn":18},"tokenRange":{"beginToken":{"kind":94,"text":"session"},"endToken":{"kind":103,"text":";"}},"expression":{"!":"com.github.javaparser.ast.expr.MethodCallExpr","range":{"beginLine":13,"beginColumn":3,"endLine":13,"endColumn":17},"tokenRange":{"beginToken":{"kind":94,"text":"session"},"endToken":{"kind":98,"text":")"}},"arguments":[],"name":{"!":"com.github.javaparser.ast.expr.SimpleName","range":{"beginLine":13,"beginColumn":11,"endLine":13,"endColumn":15},"tokenRange":{"beginToken":{"kind":94,"text":"close"},"endToken":{"kind":94,"text":"close"}},"identifier":"close"},"scope":{"!":"com.github.javaparser.ast.expr.NameExpr","range":{"beginLine":13,"beginColumn":3,"endLine":13,"endColumn":9},"tokenRange":{"beginToken":{"kind":94,"text":"session"},"endToken":{"kind":94,"text":"session"}},"name":{"!":"com.github.javaparser.ast.expr.SimpleName","range":{"beginLine":13,"beginColumn":3,"endLine":13,"endColumn":9},"tokenRange":{"beginToken":{"kind":94,"text":"session"},"endToken":{"kind":94,"text":"session"}},"identifier":"session"}}}},{"!":"com.github.javaparser.ast.stmt.ExpressionStmt","range":{"beginLine":15,"beginColumn":3,"endLine":15,"endColumn":26},"tokenRange":{"beginToken":{"kind":94,"text":"session"},"endToken":{"kind":103,"text":";"}},"expression":{"!":"com.github.javaparser.ast.expr.AssignExpr","range":{"beginLine":15,"beginColumn":3,"endLine":15,"endColumn":25},"tokenRange":{"beginToken":{"kind":94,"text":"session"},"endToken":{"kind":98,"text":")"}},"operator":"ASSIGN","target":{"!":"com.github.javaparser.ast.expr.NameExpr","range":{"beginLine":15,"beginColumn":3,"endLine":15,"endColumn":9},"tokenRange":{"beginToken":{"kind":94,"text":"session"},"endToken":{"kind":94,"text":"session"}},"name":{"!":"com.github.javaparser.ast.expr.SimpleName","range":{"beginLine":15,"beginColumn":3,"endLine":15,"endColumn":9},"tokenRange":{"beginToken":{"kind":94,"text":"session"},"endToken":{"kind":94,"text":"session"}},"identifier":"session"}},"value":{"!":"com.github.javaparser.ast.expr.MethodCallExpr","range":{"beginLine":15,"beginColumn":13,"endLine":15,"endColumn":25},"tokenRange":{"beginToken":{"kind":94,"text":"openSession"},"endToken":{"kind":98,"text":")"}},"arguments":[],"name":{"!":"com.github.javaparser.ast.expr.SimpleName","range":{"beginLine":15,"beginColumn":13,"endLine":15,"endColumn":23},"tokenRange":{"beginToken":{"kind":94,"text":"openSession"},"endToken":{"kind":94,"text":"openSession"}},"identifier":"openSession"}}}},{"!":"com.github.javaparser.ast.stmt.ExpressionStmt","range":{"beginLine":16,"beginColumn":3,"endLine":16,"endColumn":29},"tokenRange":{"beginToken":{"kind":94,"text":"session"},"endToken":{"kind":103,"text":";"}},"expression":{"!":"com.github.javaparser.ast.expr.MethodCallExpr","range":{"beginLine":16,"beginColumn":3,"endLine":16,"endColumn":28},"tokenRange":{"beginToken":{"kind":94,"text":"session"},"endToken":{"kind":98,"text":")"}},"arguments":[],"name":{"!":"com.github.javaparser.ast.expr.SimpleName","range":{"beginLine":16,"beginColumn":11,"endLine":16,"endColumn":26},"tokenRange":{"beginToken":{"kind":94,"text":"beginTransaction"},"endToken":{"kind":94,"text":"beginTransaction"}},"identifier":"beginTransaction"},"scope":{"!":"com.github.javaparser.ast.expr.NameExpr","range":{"beginLine":16,"beginColumn":3,"endLine":16,"endColumn":9},"tokenRange":{"beginToken":{"kind":94,"text":"session"},"endToken":{"kind":94,"text":"session"}},"name":{"!":"com.github.javaparser.ast.expr.SimpleName","range":{"beginLine":16,"beginColumn":3,"endLine":16,"endColumn":9},"tokenRange":{"beginToken":{"kind":94,"text":"session"},"endToken":{"kind":94,"text":"session"}},"identifier":"session"}}}},{"!":"com.github.javaparser.ast.stmt.ExpressionStmt","range":{"beginLine":17,"beginColumn":3,"endLine":17,"endColumn":85},"tokenRange":{"beginToken":{"kind":94,"text":"List"},"endToken":{"kind":103,"text":";"}},"expression":{"!":"com.github.javaparser.ast.expr.VariableDeclarationExpr","range":{"beginLine":17,"beginColumn":3,"endLine":17,"endColumn":84},"tokenRange":{"beginToken":{"kind":94,"text":"List"},"endToken":{"kind":98,"text":")"}},"annotations":[],"modifiers":[],"variables":[{"!":"com.github.javaparser.ast.body.VariableDeclarator","range":{"beginLine":17,"beginColumn":8,"endLine":17,"endColumn":84},"tokenRange":{"beginToken":{"kind":94,"text":"results"},"endToken":{"kind":98,"text":")"}},"initializer":{"!":"com.github.javaparser.ast.expr.MethodCallExpr","range":{"beginLine":17,"beginColumn":18,"endLine":17,"endColumn":84},"tokenRange":{"beginToken":{"kind":94,"text":"session"},"endToken":{"kind":98,"text":")"}},"arguments":[],"name":{"!":"com.github.javaparser.ast.expr.SimpleName","range":{"beginLine":17,"beginColumn":79,"endLine":17,"endColumn":82},"tokenRange":{"beginToken":{"kind":94,"text":"list"},"endToken":{"kind":94,"text":"list"}},"identifier":"list"},"scope":{"!":"com.github.javaparser.ast.expr.MethodCallExpr","range":{"beginLine":17,"beginColumn":18,"endLine":17,"endColumn":77},"tokenRange":{"beginToken":{"kind":94,"text":"session"},"endToken":{"kind":98,"text":")"}},"arguments":[{"!":"com.github.javaparser.ast.expr.StringLiteralExpr","range":{"beginLine":17,"beginColumn":39,"endLine":17,"endColumn":75},"tokenRange":{"beginToken":{"kind":90,"text":"\"from Human h where h.nickName in ()\""},"endToken":{"kind":90,"text":"\"from Human h where h.nickName in ()\""}},"value":"from Human h where h.nickName in ()"}],"name":{"!":"com.github.javaparser.ast.expr.SimpleName","range":{"beginLine":17,"beginColumn":26,"endLine":17,"endColumn":36},"tokenRange":{"beginToken":{"kind":94,"text":"createQuery"},"endToken":{"kind":94,"text":"createQuery"}},"identifier":"createQuery"},"scope":{"!":"com.github.javaparser.ast.expr.NameExpr","range":{"beginLine":17,"beginColumn":18,"endLine":17,"endColumn":24},"tokenRange":{"beginToken":{"kind":94,"text":"session"},"endToken":{"kind":94,"text":"session"}},"name":{"!":"com.github.javaparser.ast.expr.SimpleName","range":{"beginLine":17,"beginColumn":18,"endLine":17,"endColumn":24},"tokenRange":{"beginToken":{"kind":94,"text":"session"},"endToken":{"kind":94,"text":"session"}},"identifier":"session"}}}},"name":{"!":"com.github.javaparser.ast.expr.SimpleName","range":{"beginLine":17,"beginColumn":8,"endLine":17,"endColumn":14},"tokenRange":{"beginToken":{"kind":94,"text":"results"},"endToken":{"kind":94,"text":"results"}},"identifier":"results"},"type":{"!":"com.github.javaparser.ast.type.ClassOrInterfaceType","range":{"beginLine":17,"beginColumn":3,"endLine":17,"endColumn":6},"tokenRange":{"beginToken":{"kind":94,"text":"List"},"endToken":{"kind":94,"text":"List"}},"name":{"!":"com.github.javaparser.ast.expr.SimpleName","range":{"beginLine":17,"beginColumn":3,"endLine":17,"endColumn":6},"tokenRange":{"beginToken":{"kind":94,"text":"List"},"endToken":{"kind":94,"text":"List"}},"identifier":"List"},"annotations":[]}}]}},{"!":"com.github.javaparser.ast.stmt.ExpressionStmt","range":{"beginLine":18,"beginColumn":3,"endLine":18,"endColumn":36},"tokenRange":{"beginToken":{"kind":94,"text":"assertEquals"},"endToken":{"kind":103,"text":";"}},"expression":{"!":"com.github.javaparser.ast.expr.MethodCallExpr","range":{"beginLine":18,"beginColumn":3,"endLine":18,"endColumn":35},"tokenRange":{"beginToken":{"kind":94,"text":"assertEquals"},"endToken":{"kind":98,"text":")"}},"arguments":[{"!":"com.github.javaparser.ast.expr.IntegerLiteralExpr","range":{"beginLine":18,"beginColumn":17,"endLine":18,"endColumn":17},"tokenRange":{"beginToken":{"kind":77,"text":"0"},"endToken":{"kind":77,"text":"0"}},"value":"0"},{"!":"com.github.javaparser.ast.expr.MethodCallExpr","range":{"beginLine":18,"beginColumn":20,"endLine":18,"endColumn":33},"tokenRange":{"beginToken":{"kind":94,"text":"results"},"endToken":{"kind":98,"text":")"}},"arguments":[],"name":{"!":"com.github.javaparser.ast.expr.SimpleName","range":{"beginLine":18,"beginColumn":28,"endLine":18,"endColumn":31},"tokenRange":{"beginToken":{"kind":94,"text":"size"},"endToken":{"kind":94,"text":"size"}},"identifier":"size"},"scope":{"!":"com.github.javaparser.ast.expr.NameExpr","range":{"beginLine":18,"beginColumn":20,"endLine":18,"endColumn":26},"tokenRange":{"beginToken":{"kind":94,"text":"results"},"endToken":{"kind":94,"text":"results"}},"name":{"!":"com.github.javaparser.ast.expr.SimpleName","range":{"beginLine":18,"beginColumn":20,"endLine":18,"endColumn":26},"tokenRange":{"beginToken":{"kind":94,"text":"results"},"endToken":{"kind":94,"text":"results"}},"identifier":"results"}}}],"name":{"!":"com.github.javaparser.ast.expr.SimpleName","range":{"beginLine":18,"beginColumn":3,"endLine":18,"endColumn":14},"tokenRange":{"beginToken":{"kind":94,"text":"assertEquals"},"endToken":{"kind":94,"text":"assertEquals"}},"identifier":"assertEquals"}}},{"!":"com.github.javaparser.ast.stmt.ExpressionStmt","range":{"beginLine":19,"beginColumn":3,"endLine":19,"endColumn":36},"tokenRange":{"beginToken":{"kind":94,"text":"session"},"endToken":{"kind":103,"text":";"}},"expression":{"!":"com.github.javaparser.ast.expr.MethodCallExpr","range":{"beginLine":19,"beginColumn":3,"endLine":19,"endColumn":35},"tokenRange":{"beginToken":{"kind":94,"text":"session"},"endToken":{"kind":98,"text":")"}},"arguments":[],"name":{"!":"com.github.javaparser.ast.expr.SimpleName","range":{"beginLine":19,"beginColumn":28,"endLine":19,"endColumn":33},"tokenRange":{"beginToken":{"kind":94,"text":"commit"},"endToken":{"kind":94,"text":"commit"}},"identifier":"commit"},"scope":{"!":"com.github.javaparser.ast.expr.MethodCallExpr","range":{"beginLine":19,"beginColumn":3,"endLine":19,"endColumn":26},"tokenRange":{"beginToken":{"kind":94,"text":"session"},"endToken":{"kind":98,"text":")"}},"arguments":[],"name":{"!":"com.github.javaparser.ast.expr.SimpleName","range":{"beginLine":19,"beginColumn":11,"endLine":19,"endColumn":24},"tokenRange":{"beginToken":{"kind":94,"text":"getTransaction"},"endToken":{"kind":94,"text":"getTransaction"}},"identifier":"getTransaction"},"scope":{"!":"com.github.javaparser.ast.expr.NameExpr","range":{"beginLine":19,"beginColumn":3,"endLine":19,"endColumn":9},"tokenRange":{"beginToken":{"kind":94,"text":"session"},"endToken":{"kind":94,"text":"session"}},"name":{"!":"com.github.javaparser.ast.expr.SimpleName","range":{"beginLine":19,"beginColumn":3,"endLine":19,"endColumn":9},"tokenRange":{"beginToken":{"kind":94,"text":"session"},"endToken":{"kind":94,"text":"session"}},"identifier":"session"}}}}},{"!":"com.github.javaparser.ast.stmt.ExpressionStmt","range":{"beginLine":20,"beginColumn":3,"endLine":20,"endColumn":18},"tokenRange":{"beginToken":{"kind":94,"text":"session"},"endToken":{"kind":103,"text":";"}},"expression":{"!":"com.github.javaparser.ast.expr.MethodCallExpr","range":{"beginLine":20,"beginColumn":3,"endLine":20,"endColumn":17},"tokenRange":{"beginToken":{"kind":94,"text":"session"},"endToken":{"kind":98,"text":")"}},"arguments":[],"name":{"!":"com.github.javaparser.ast.expr.SimpleName","range":{"beginLine":20,"beginColumn":11,"endLine":20,"endColumn":15},"tokenRange":{"beginToken":{"kind":94,"text":"close"},"endToken":{"kind":94,"text":"close"}},"identifier":"close"},"scope":{"!":"com.github.javaparser.ast.expr.NameExpr","range":{"beginLine":20,"beginColumn":3,"endLine":20,"endColumn":9},"tokenRange":{"beginToken":{"kind":94,"text":"session"},"endToken":{"kind":94,"text":"session"}},"name":{"!":"com.github.javaparser.ast.expr.SimpleName","range":{"beginLine":20,"beginColumn":3,"endLine":20,"endColumn":9},"tokenRange":{"beginToken":{"kind":94,"text":"session"},"endToken":{"kind":94,"text":"session"}},"identifier":"session"}}}},{"!":"com.github.javaparser.ast.stmt.ExpressionStmt","range":{"beginLine":22,"beginColumn":3,"endLine":22,"endColumn":26},"tokenRange":{"beginToken":{"kind":94,"text":"session"},"endToken":{"kind":103,"text":";"}},"expression":{"!":"com.github.javaparser.ast.expr.AssignExpr","range":{"beginLine":22,"beginColumn":3,"endLine":22,"endColumn":25},"tokenRange":{"beginToken":{"kind":94,"text":"session"},"endToken":{"kind":98,"text":")"}},"operator":"ASSIGN","target":{"!":"com.github.javaparser.ast.expr.NameExpr","range":{"beginLine":22,"beginColumn":3,"endLine":22,"endColumn":9},"tokenRange":{"beginToken":{"kind":94,"text":"session"},"endToken":{"kind":94,"text":"session"}},"name":{"!":"com.github.javaparser.ast.expr.SimpleName","range":{"beginLine":22,"beginColumn":3,"endLine":22,"endColumn":9},"tokenRange":{"beginToken":{"kind":94,"text":"session"},"endToken":{"kind":94,"text":"session"}},"identifier":"session"}},"value":{"!":"com.github.javaparser.ast.expr.MethodCallExpr","range":{"beginLine":22,"beginColumn":13,"endLine":22,"endColumn":25},"tokenRange":{"beginToken":{"kind":94,"text":"openSession"},"endToken":{"kind":98,"text":")"}},"arguments":[],"name":{"!":"com.github.javaparser.ast.expr.SimpleName","range":{"beginLine":22,"beginColumn":13,"endLine":22,"endColumn":23},"tokenRange":{"beginToken":{"kind":94,"text":"openSession"},"endToken":{"kind":94,"text":"openSession"}},"identifier":"openSession"}}}},{"!":"com.github.javaparser.ast.stmt.ExpressionStmt","range":{"beginLine":23,"beginColumn":3,"endLine":23,"endColumn":29},"tokenRange":{"beginToken":{"kind":94,"text":"session"},"endToken":{"kind":103,"text":";"}},"expression":{"!":"com.github.javaparser.ast.expr.MethodCallExpr","range":{"beginLine":23,"beginColumn":3,"endLine":23,"endColumn":28},"tokenRange":{"beginToken":{"kind":94,"text":"session"},"endToken":{"kind":98,"text":")"}},"arguments":[],"name":{"!":"com.github.javaparser.ast.expr.SimpleName","range":{"beginLine":23,"beginColumn":11,"endLine":23,"endColumn":26},"tokenRange":{"beginToken":{"kind":94,"text":"beginTransaction"},"endToken":{"kind":94,"text":"beginTransaction"}},"identifier":"beginTransaction"},"scope":{"!":"com.github.javaparser.ast.expr.NameExpr","range":{"beginLine":23,"beginColumn":3,"endLine":23,"endColumn":9},"tokenRange":{"beginToken":{"kind":94,"text":"session"},"endToken":{"kind":94,"text":"session"}},"name":{"!":"com.github.javaparser.ast.expr.SimpleName","range":{"beginLine":23,"beginColumn":3,"endLine":23,"endColumn":9},"tokenRange":{"beginToken":{"kind":94,"text":"session"},"endToken":{"kind":94,"text":"session"}},"identifier":"session"}}}},{"!":"com.github.javaparser.ast.stmt.ExpressionStmt","range":{"beginLine":24,"beginColumn":3,"endLine":24,"endColumn":26},"tokenRange":{"beginToken":{"kind":94,"text":"session"},"endToken":{"kind":103,"text":";"}},"expression":{"!":"com.github.javaparser.ast.expr.MethodCallExpr","range":{"beginLine":24,"beginColumn":3,"endLine":24,"endColumn":25},"tokenRange":{"beginToken":{"kind":94,"text":"session"},"endToken":{"kind":98,"text":")"}},"arguments":[{"!":"com.github.javaparser.ast.expr.NameExpr","range":{"beginLine":24,"beginColumn":19,"endLine":24,"endColumn":23},"tokenRange":{"beginToken":{"kind":94,"text":"human"},"endToken":{"kind":94,"text":"human"}},"name":{"!":"com.github.javaparser.ast.expr.SimpleName","range":{"beginLine":24,"beginColumn":19,"endLine":24,"endColumn":23},"tokenRange":{"beginToken":{"kind":94,"text":"human"},"endToken":{"kind":94,"text":"human"}},"identifier":"human"}}],"name":{"!":"com.github.javaparser.ast.expr.SimpleName","range":{"beginLine":24,"beginColumn":11,"endLine":24,"endColumn":16},"tokenRange":{"beginToken":{"kind":94,"text":"delete"},"endToken":{"kind":94,"text":"delete"}},"identifier":"delete"},"scope":{"!":"com.github.javaparser.ast.expr.NameExpr","range":{"beginLine":24,"beginColumn":3,"endLine":24,"endColumn":9},"tokenRange":{"beginToken":{"kind":94,"text":"session"},"endToken":{"kind":94,"text":"session"}},"name":{"!":"com.github.javaparser.ast.expr.SimpleName","range":{"beginLine":24,"beginColumn":3,"endLine":24,"endColumn":9},"tokenRange":{"beginToken":{"kind":94,"text":"session"},"endToken":{"kind":94,"text":"session"}},"identifier":"session"}}}},{"!":"com.github.javaparser.ast.stmt.ExpressionStmt","range":{"beginLine":25,"beginColumn":3,"endLine":25,"endColumn":36},"tokenRange":{"beginToken":{"kind":94,"text":"session"},"endToken":{"kind":103,"text":";"}},"expression":{"!":"com.github.javaparser.ast.expr.MethodCallExpr","range":{"beginLine":25,"beginColumn":3,"endLine":25,"endColumn":35},"tokenRange":{"beginToken":{"kind":94,"text":"session"},"endToken":{"kind":98,"text":")"}},"arguments":[],"name":{"!":"com.github.javaparser.ast.expr.SimpleName","range":{"beginLine":25,"beginColumn":28,"endLine":25,"endColumn":33},"tokenRange":{"beginToken":{"kind":94,"text":"commit"},"endToken":{"kind":94,"text":"commit"}},"identifier":"commit"},"scope":{"!":"com.github.javaparser.ast.expr.MethodCallExpr","range":{"beginLine":25,"beginColumn":3,"endLine":25,"endColumn":26},"tokenRange":{"beginToken":{"kind":94,"text":"session"},"endToken":{"kind":98,"text":")"}},"arguments":[],"name":{"!":"com.github.javaparser.ast.expr.SimpleName","range":{"beginLine":25,"beginColumn":11,"endLine":25,"endColumn":24},"tokenRange":{"beginToken":{"kind":94,"text":"getTransaction"},"endToken":{"kind":94,"text":"getTransaction"}},"identifier":"getTransaction"},"scope":{"!":"com.github.javaparser.ast.expr.NameExpr","range":{"beginLine":25,"beginColumn":3,"endLine":25,"endColumn":9},"tokenRange":{"beginToken":{"kind":94,"text":"session"},"endToken":{"kind":94,"text":"session"}},"name":{"!":"com.github.javaparser.ast.expr.SimpleName","range":{"beginLine":25,"beginColumn":3,"endLine":25,"endColumn":9},"tokenRange":{"beginToken":{"kind":94,"text":"session"},"endToken":{"kind":94,"text":"session"}},"identifier":"session"}}}}},{"!":"com.github.javaparser.ast.stmt.ExpressionStmt","range":{"beginLine":26,"beginColumn":3,"endLine":26,"endColumn":18},"tokenRange":{"beginToken":{"kind":94,"text":"session"},"endToken":{"kind":103,"text":";"}},"expression":{"!":"com.github.javaparser.ast.expr.MethodCallExpr","range":{"beginLine":26,"beginColumn":3,"endLine":26,"endColumn":17},"tokenRange":{"beginToken":{"kind":94,"text":"session"},"endToken":{"kind":98,"text":")"}},"arguments":[],"name":{"!":"com.github.javaparser.ast.expr.SimpleName","range":{"beginLine":26,"beginColumn":11,"endLine":26,"endColumn":15},"tokenRange":{"beginToken":{"kind":94,"text":"close"},"endToken":{"kind":94,"text":"close"}},"identifier":"close"},"scope":{"!":"com.github.javaparser.ast.expr.NameExpr","range":{"beginLine":26,"beginColumn":3,"endLine":26,"endColumn":9},"tokenRange":{"beginToken":{"kind":94,"text":"session"},"endToken":{"kind":94,"text":"session"}},"name":{"!":"com.github.javaparser.ast.expr.SimpleName","range":{"beginLine":26,"beginColumn":3,"endLine":26,"endColumn":9},"tokenRange":{"beginToken":{"kind":94,"text":"session"},"endToken":{"kind":94,"text":"session"}},"identifier":"session"}}}}]},"type":{"!":"com.github.javaparser.ast.type.VoidType","range":{"beginLine":5,"beginColumn":9,"endLine":5,"endColumn":12},"tokenRange":{"beginToken":{"kind":62,"text":"void"},"endToken":{"kind":62,"text":"void"}},"annotations":[]},"modifiers":[{"!":"com.github.javaparser.ast.Modifier","range":{"beginLine":5,"beginColumn":2,"endLine":5,"endColumn":7},"tokenRange":{"beginToken":{"kind":47,"text":"public"},"endToken":{"kind":47,"text":"public"}},"keyword":"PUBLIC"}],"name":{"!":"com.github.javaparser.ast.expr.SimpleName","range":{"beginLine":5,"beginColumn":14,"endLine":5,"endColumn":28},"tokenRange":{"beginToken":{"kind":94,"text":"testEmptyInList"},"endToken":{"kind":94,"text":"testEmptyInList"}},"identifier":"testEmptyInList"},"parameters":[],"thrownExceptions":[],"typeParameters":[],"annotations":[{"!":"com.github.javaparser.ast.expr.MarkerAnnotationExpr","range":{"beginLine":2,"beginColumn":2,"endLine":2,"endColumn":6},"tokenRange":{"beginToken":{"kind":107,"text":"@"},"endToken":{"kind":94,"text":"Test"}},"name":{"!":"com.github.javaparser.ast.expr.Name","range":{"beginLine":2,"beginColumn":3,"endLine":2,"endColumn":6},"tokenRange":{"beginToken":{"kind":94,"text":"Test"},"endToken":{"kind":94,"text":"Test"}},"identifier":"Test"}},{"!":"com.github.javaparser.ast.expr.NormalAnnotationExpr","range":{"beginLine":3,"beginColumn":2,"endLine":3,"endColumn":38},"tokenRange":{"beginToken":{"kind":107,"text":"@"},"endToken":{"kind":98,"text":")"}},"pairs":[{"!":"com.github.javaparser.ast.expr.MemberValuePair","range":{"beginLine":3,"beginColumn":17,"endLine":3,"endColumn":36},"tokenRange":{"beginToken":{"kind":94,"text":"jiraKey"},"endToken":{"kind":90,"text":"\"HHH-2045\""}},"name":{"!":"com.github.javaparser.ast.expr.SimpleName","range":{"beginLine":3,"beginColumn":17,"endLine":3,"endColumn":23},"tokenRange":{"beginToken":{"kind":94,"text":"jiraKey"},"endToken":{"kind":94,"text":"jiraKey"}},"identifier":"jiraKey"},"value":{"!":"com.github.javaparser.ast.expr.StringLiteralExpr","range":{"beginLine":3,"beginColumn":27,"endLine":3,"endColumn":36},"tokenRange":{"beginToken":{"kind":90,"text":"\"HHH-2045\""},"endToken":{"kind":90,"text":"\"HHH-2045\""}},"value":"HHH-2045"}}],"name":{"!":"com.github.javaparser.ast.expr.Name","range":{"beginLine":3,"beginColumn":3,"endLine":3,"endColumn":14},"tokenRange":{"beginToken":{"kind":94,"text":"TestForIssue"},"endToken":{"kind":94,"text":"TestForIssue"}},"identifier":"TestForIssue"}},{"!":"com.github.javaparser.ast.expr.SingleMemberAnnotationExpr","range":{"beginLine":4,"beginColumn":2,"endLine":4,"endColumn":36},"tokenRange":{"beginToken":{"kind":107,"text":"@"},"endToken":{"kind":98,"text":")"}},"memberValue":{"!":"com.github.javaparser.ast.expr.ClassExpr","range":{"beginLine":4,"beginColumn":20,"endLine":4,"endColumn":34},"tokenRange":{"beginToken":{"kind":94,"text":"H2Dialect"},"endToken":{"kind":19,"text":"class"}},"type":{"!":"com.github.javaparser.ast.type.ClassOrInterfaceType","range":{"beginLine":4,"beginColumn":20,"endLine":4,"endColumn":28},"tokenRange":{"beginToken":{"kind":94,"text":"H2Dialect"},"endToken":{"kind":94,"text":"H2Dialect"}},"name":{"!":"com.github.javaparser.ast.expr.SimpleName","range":{"beginLine":4,"beginColumn":20,"endLine":4,"endColumn":28},"tokenRange":{"beginToken":{"kind":94,"text":"H2Dialect"},"endToken":{"kind":94,"text":"H2Dialect"}},"identifier":"H2Dialect"},"annotations":[]}},"name":{"!":"com.github.javaparser.ast.expr.Name","range":{"beginLine":4,"beginColumn":3,"endLine":4,"endColumn":17},"tokenRange":{"beginToken":{"kind":94,"text":"RequiresDialect"},"endToken":{"kind":94,"text":"RequiresDialect"}},"identifier":"RequiresDialect"}}]}],"modifiers":[],"name":{"!":"com.github.javaparser.ast.expr.SimpleName","range":{"beginLine":1,"beginColumn":7,"endLine":1,"endColumn":10},"tokenRange":{"beginToken":{"kind":94,"text":"Test"},"endToken":{"kind":94,"text":"Test"}},"identifier":"Test"},"annotations":[]}]}