{
  "!": "com.github.javaparser.ast.CompilationUnit",
  "range": {
    "beginLine": 1,
    "beginColumn": 1,
    "endLine": 13,
    "endColumn": 2
  },
  "tokenRange": {
    "beginToken": {
      "kind": 19,
      "text": "class"
    },
    "endToken": {
      "kind": 0,
      "text": ""
    }
  },
  "imports": [],
  "types": [
    {
      "!": "com.github.javaparser.ast.body.ClassOrInterfaceDeclaration",
      "range": {
        "beginLine": 1,
        "beginColumn": 1,
        "endLine": 13,
        "endColumn": 2
      },
      "tokenRange": {
        "beginToken": {
          "kind": 19,
          "text": "class"
        },
        "endToken": {
          "kind": 100,
          "text": "}"
        }
      },
      "extendedTypes": [],
      "implementedTypes": [],
      "isInterface": "false",
      "typeParameters": [],
      "members": [
        {
          "!": "com.github.javaparser.ast.body.MethodDeclaration",
          "range": {
            "beginLine": 2,
            "beginColumn": 2,
            "endLine": 11,
            "endColumn": 2
          },
          "tokenRange": {
            "beginToken": {
              "kind": 94,
              "text": "Object"
            },
            "endToken": {
              "kind": 100,
              "text": "}"
            }
          },
          "body": {
            "!": "com.github.javaparser.ast.stmt.BlockStmt",
            "range": {
              "beginLine": 2,
              "beginColumn": 86,
              "endLine": 11,
              "endColumn": 2
            },
            "tokenRange": {
              "beginToken": {
                "kind": 99,
                "text": "{"
              },
              "endToken": {
                "kind": 100,
                "text": "}"
              }
            },
            "statements": [
              {
                "!": "com.github.javaparser.ast.stmt.IfStmt",
                "range": {
                  "beginLine": 4,
                  "beginColumn": 3,
                  "endLine": 8,
                  "endColumn": 3
                },
                "tokenRange": {
                  "beginToken": {
                    "kind": 34,
                    "text": "if"
                  },
                  "endToken": {
                    "kind": 100,
                    "text": "}"
                  }
                },
                "condition": {
                  "!": "com.github.javaparser.ast.expr.BinaryExpr",
                  "range": {
                    "beginLine": 4,
                    "beginColumn": 7,
                    "endLine": 4,
                    "endColumn": 17
                  },
                  "tokenRange": {
                    "beginToken": {
                      "kind": 94,
                      "text": "value"
                    },
                    "endToken": {
                      "kind": 43,
                      "text": "null"
                    }
                  },
                  "left": {
                    "!": "com.github.javaparser.ast.expr.NameExpr",
                    "range": {
                      "beginLine": 4,
                      "beginColumn": 7,
                      "endLine": 4,
                      "endColumn": 11
                    },
                    "tokenRange": {
                      "beginToken": {
                        "kind": 94,
                        "text": "value"
                      },
                      "endToken": {
                        "kind": 94,
                        "text": "value"
                      }
                    },
                    "name": {
                      "!": "com.github.javaparser.ast.expr.SimpleName",
                      "range": {
                        "beginLine": 4,
                        "beginColumn": 7,
                        "endLine": 4,
                        "endColumn": 11
                      },
                      "tokenRange": {
                        "beginToken": {
                          "kind": 94,
                          "text": "value"
                        },
                        "endToken": {
                          "kind": 94,
                          "text": "value"
                        }
                      },
                      "identifier": "value"
                    }
                  },
                  "operator": "NOT_EQUALS",
                  "right": {
                    "!": "com.github.javaparser.ast.expr.NullLiteralExpr",
                    "range": {
                      "beginLine": 4,
                      "beginColumn": 14,
                      "endLine": 4,
                      "endColumn": 17
                    },
                    "tokenRange": {
                      "beginToken": {
                        "kind": 43,
                        "text": "null"
                      },
                      "endToken": {
                        "kind": 43,
                        "text": "null"
                      }
                    }
                  }
                },
                "thenStmt": {
                  "!": "com.github.javaparser.ast.stmt.BlockStmt",
                  "range": {
                    "beginLine": 4,
                    "beginColumn": 20,
                    "endLine": 8,
                    "endColumn": 3
                  },
                  "tokenRange": {
                    "beginToken": {
                      "kind": 99,
                      "text": "{"
                    },
                    "endToken": {
                      "kind": 100,
                      "text": "}"
                    }
                  },
                  "statements": [
                    {
                      "!": "com.github.javaparser.ast.stmt.ExpressionStmt",
                      "range": {
                        "beginLine": 5,
                        "beginColumn": 4,
                        "endLine": 5,
                        "endColumn": 79
                      },
                      "tokenRange": {
                        "beginToken": {
                          "kind": 94,
                          "text": "getSession"
                        },
                        "endToken": {
                          "kind": 103,
                          "text": ";"
                        }
                      },
                      "expression": {
                        "!": "com.github.javaparser.ast.expr.MethodCallExpr",
                        "range": {
                          "beginLine": 5,
                          "beginColumn": 4,
                          "endLine": 5,
                          "endColumn": 78
                        },
                        "tokenRange": {
                          "beginToken": {
                            "kind": 94,
                            "text": "getSession"
                          },
                          "endToken": {
                            "kind": 98,
                            "text": ")"
                          }
                        },
                        "arguments": [
                          {
                            "!": "com.github.javaparser.ast.expr.NameExpr",
                            "range": {
                              "beginLine": 5,
                              "beginColumn": 73,
                              "endLine": 5,
                              "endColumn": 77
                            },
                            "tokenRange": {
                              "beginToken": {
                                "kind": 94,
                                "text": "value"
                              },
                              "endToken": {
                                "kind": 94,
                                "text": "value"
                              }
                            },
                            "name": {
                              "!": "com.github.javaparser.ast.expr.SimpleName",
                              "range": {
                                "beginLine": 5,
                                "beginColumn": 73,
                                "endLine": 5,
                                "endColumn": 77
                              },
                              "tokenRange": {
                                "beginToken": {
                                  "kind": 94,
                                  "text": "value"
                                },
                                "endToken": {
                                  "kind": 94,
                                  "text": "value"
                                }
                              },
                              "identifier": "value"
                            }
                          }
                        ],
                        "name": {
                          "!": "com.github.javaparser.ast.expr.SimpleName",
                          "range": {
                            "beginLine": 5,
                            "beginColumn": 41,
                            "endLine": 5,
                            "endColumn": 71
                          },
                          "tokenRange": {
                            "beginToken": {
                              "kind": 94,
                              "text": "reassociateIfUninitializedProxy"
                            },
                            "endToken": {
                              "kind": 94,
                              "text": "reassociateIfUninitializedProxy"
                            }
                          },
                          "identifier": "reassociateIfUninitializedProxy"
                        },
                        "scope": {
                          "!": "com.github.javaparser.ast.expr.MethodCallExpr",
                          "range": {
                            "beginLine": 5,
                            "beginColumn": 4,
                            "endLine": 5,
                            "endColumn": 39
                          },
                          "tokenRange": {
                            "beginToken": {
                              "kind": 94,
                              "text": "getSession"
                            },
                            "endToken": {
                              "kind": 98,
                              "text": ")"
                            }
                          },
                          "arguments": [],
                          "name": {
                            "!": "com.github.javaparser.ast.expr.SimpleName",
                            "range": {
                              "beginLine": 5,
                              "beginColumn": 17,
                              "endLine": 5,
                              "endColumn": 37
                            },
                            "tokenRange": {
                              "beginToken": {
                                "kind": 94,
                                "text": "getPersistenceContext"
                              },
                              "endToken": {
                                "kind": 94,
                                "text": "getPersistenceContext"
                              }
                            },
                            "identifier": "getPersistenceContext"
                          },
                          "scope": {
                            "!": "com.github.javaparser.ast.expr.MethodCallExpr",
                            "range": {
                              "beginLine": 5,
                              "beginColumn": 4,
                              "endLine": 5,
                              "endColumn": 15
                            },
                            "tokenRange": {
                              "beginToken": {
                                "kind": 94,
                                "text": "getSession"
                              },
                              "endToken": {
                                "kind": 98,
                                "text": ")"
                              }
                            },
                            "arguments": [],
                            "name": {
                              "!": "com.github.javaparser.ast.expr.SimpleName",
                              "range": {
                                "beginLine": 5,
                                "beginColumn": 4,
                                "endLine": 5,
                                "endColumn": 13
                              },
                              "tokenRange": {
                                "beginToken": {
                                  "kind": 94,
                                  "text": "getSession"
                                },
                                "endToken": {
                                  "kind": 94,
                                  "text": "getSession"
                                }
                              },
                              "identifier": "getSession"
                            }
                          }
                        }
                      },
                      "comment": [{"!": "com.github.javaparser.ast.comments.LineComment",
                  "range": {
                    "beginLine": 6,
                    "beginColumn": 4,
                    "endLine": 6,
                    "endColumn": 48
                  }
                      },{"!": "com.github.javaparser.ast.comments.LineComment",
                  "range": {
                    "beginLine": 7,
                    "beginColumn": 4,
                    "endLine": 7,
                    "endColumn": 24
                  }}]
                    }
                  ]
                }
              },
              {
                "!": "com.github.javaparser.ast.stmt.ReturnStmt",
                "range": {
                  "beginLine": 10,
                  "beginColumn": 3,
                  "endLine": 10,
                  "endColumn": 14
                },
                "tokenRange": {
                  "beginToken": {
                    "kind": 49,
                    "text": "return"
                  },
                  "endToken": {
                    "kind": 103,
                    "text": ";"
                  }
                },
                "expression": {
                  "!": "com.github.javaparser.ast.expr.NullLiteralExpr",
                  "range": {
                    "beginLine": 10,
                    "beginColumn": 10,
                    "endLine": 10,
                    "endColumn": 13
                  },
                  "tokenRange": {
                    "beginToken": {
                      "kind": 43,
                      "text": "null"
                    },
                    "endToken": {
                      "kind": 43,
                      "text": "null"
                    }
                  }
                }
              }
            ]
          },
          "type": {
            "!": "com.github.javaparser.ast.type.ClassOrInterfaceType",
            "range": {
              "beginLine": 2,
              "beginColumn": 2,
              "endLine": 2,
              "endColumn": 7
            },
            "tokenRange": {
              "beginToken": {
                "kind": 94,
                "text": "Object"
              },
              "endToken": {
                "kind": 94,
                "text": "Object"
              }
            },
            "name": {
              "!": "com.github.javaparser.ast.expr.SimpleName",
              "range": {
                "beginLine": 2,
                "beginColumn": 2,
                "endLine": 2,
                "endColumn": 7
              },
              "tokenRange": {
                "beginToken": {
                  "kind": 94,
                  "text": "Object"
                },
                "endToken": {
                  "kind": 94,
                  "text": "Object"
                }
              },
              "identifier": "Object"
            },
            "annotations": []
          },
          "modifiers": [],
          "name": {
            "!": "com.github.javaparser.ast.expr.SimpleName",
            "range": {
              "beginLine": 2,
              "beginColumn": 9,
              "endLine": 2,
              "endColumn": 21
            },
            "tokenRange": {
              "beginToken": {
                "kind": 94,
                "text": "processEntity"
              },
              "endToken": {
                "kind": 94,
                "text": "processEntity"
              }
            },
            "identifier": "processEntity"
          },
          "parameters": [
            {
              "!": "com.github.javaparser.ast.body.Parameter",
              "range": {
                "beginLine": 2,
                "beginColumn": 23,
                "endLine": 2,
                "endColumn": 34
              },
              "tokenRange": {
                "beginToken": {
                  "kind": 94,
                  "text": "Object"
                },
                "endToken": {
                  "kind": 94,
                  "text": "value"
                }
              },
              "annotations": [],
              "isVarArgs": "false",
              "modifiers": [],
              "name": {
                "!": "com.github.javaparser.ast.expr.SimpleName",
                "range": {
                  "beginLine": 2,
                  "beginColumn": 30,
                  "endLine": 2,
                  "endColumn": 34
                },
                "tokenRange": {
                  "beginToken": {
                    "kind": 94,
                    "text": "value"
                  },
                  "endToken": {
                    "kind": 94,
                    "text": "value"
                  }
                },
                "identifier": "value"
              },
              "type": {
                "!": "com.github.javaparser.ast.type.ClassOrInterfaceType",
                "range": {
                  "beginLine": 2,
                  "beginColumn": 23,
                  "endLine": 2,
                  "endColumn": 28
                },
                "tokenRange": {
                  "beginToken": {
                    "kind": 94,
                    "text": "Object"
                  },
                  "endToken": {
                    "kind": 94,
                    "text": "Object"
                  }
                },
                "name": {
                  "!": "com.github.javaparser.ast.expr.SimpleName",
                  "range": {
                    "beginLine": 2,
                    "beginColumn": 23,
                    "endLine": 2,
                    "endColumn": 28
                  },
                  "tokenRange": {
                    "beginToken": {
                      "kind": 94,
                      "text": "Object"
                    },
                    "endToken": {
                      "kind": 94,
                      "text": "Object"
                    }
                  },
                  "identifier": "Object"
                },
                "annotations": []
              },
              "varArgsAnnotations": []
            },
            {
              "!": "com.github.javaparser.ast.body.Parameter",
              "range": {
                "beginLine": 2,
                "beginColumn": 37,
                "endLine": 2,
                "endColumn": 57
              },
              "tokenRange": {
                "beginToken": {
                  "kind": 94,
                  "text": "EntityType"
                },
                "endToken": {
                  "kind": 94,
                  "text": "entityType"
                }
              },
              "annotations": [],
              "isVarArgs": "false",
              "modifiers": [],
              "name": {
                "!": "com.github.javaparser.ast.expr.SimpleName",
                "range": {
                  "beginLine": 2,
                  "beginColumn": 48,
                  "endLine": 2,
                  "endColumn": 57
                },
                "tokenRange": {
                  "beginToken": {
                    "kind": 94,
                    "text": "entityType"
                  },
                  "endToken": {
                    "kind": 94,
                    "text": "entityType"
                  }
                },
                "identifier": "entityType"
              },
              "type": {
                "!": "com.github.javaparser.ast.type.ClassOrInterfaceType",
                "range": {
                  "beginLine": 2,
                  "beginColumn": 37,
                  "endLine": 2,
                  "endColumn": 46
                },
                "tokenRange": {
                  "beginToken": {
                    "kind": 94,
                    "text": "EntityType"
                  },
                  "endToken": {
                    "kind": 94,
                    "text": "EntityType"
                  }
                },
                "name": {
                  "!": "com.github.javaparser.ast.expr.SimpleName",
                  "range": {
                    "beginLine": 2,
                    "beginColumn": 37,
                    "endLine": 2,
                    "endColumn": 46
                  },
                  "tokenRange": {
                    "beginToken": {
                      "kind": 94,
                      "text": "EntityType"
                    },
                    "endToken": {
                      "kind": 94,
                      "text": "EntityType"
                    }
                  },
                  "identifier": "EntityType"
                },
                "annotations": []
              },
              "varArgsAnnotations": []
            }
          ],
          "thrownExceptions": [
            {
              "!": "com.github.javaparser.ast.type.ClassOrInterfaceType",
              "range": {
                "beginLine": 2,
                "beginColumn": 67,
                "endLine": 2,
                "endColumn": 84
              },
              "tokenRange": {
                "beginToken": {
                  "kind": 94,
                  "text": "HibernateException"
                },
                "endToken": {
                  "kind": 94,
                  "text": "HibernateException"
                }
              },
              "name": {
                "!": "com.github.javaparser.ast.expr.SimpleName",
                "range": {
                  "beginLine": 2,
                  "beginColumn": 67,
                  "endLine": 2,
                  "endColumn": 84
                },
                "tokenRange": {
                  "beginToken": {
                    "kind": 94,
                    "text": "HibernateException"
                  },
                  "endToken": {
                    "kind": 94,
                    "text": "HibernateException"
                  }
                },
                "identifier": "HibernateException"
              },
              "annotations": []
            }
          ],
          "typeParameters": [],
          "annotations": []
        }
      ],
      "modifiers": [],
      "name": {
        "!": "com.github.javaparser.ast.expr.SimpleName",
        "range": {
          "beginLine": 1,
          "beginColumn": 7,
          "endLine": 1,
          "endColumn": 10
        },
        "tokenRange": {
          "beginToken": {
            "kind": 94,
            "text": "Test"
          },
          "endToken": {
            "kind": 94,
            "text": "Test"
          }
        },
        "identifier": "Test"
      },
      "annotations": []
    }
  ]
}