{
  "!": "com.github.javaparser.ast.CompilationUnit",
  "range": {
    "beginLine": 1,
    "beginColumn": 1,
    "endLine": 25,
    "endColumn": 2
  },
  "tokenRange": {
    "beginToken": {
      "kind": 19,
      "text": "class"
    },
    "endToken": {
      "kind": 0,
      "text": ""
    }
  },
  "imports": [],
  "types": [
    {
      "!": "com.github.javaparser.ast.body.ClassOrInterfaceDeclaration",
      "range": {
        "beginLine": 1,
        "beginColumn": 1,
        "endLine": 25,
        "endColumn": 2
      },
      "tokenRange": {
        "beginToken": {
          "kind": 19,
          "text": "class"
        },
        "endToken": {
          "kind": 100,
          "text": "}"
        }
      },
      "extendedTypes": [],
      "implementedTypes": [],
      "isInterface": "false",
      "typeParameters": [],
      "members": [
        {
          "!": "com.github.javaparser.ast.body.MethodDeclaration",
          "range": {
            "beginLine": 2,
            "beginColumn": 3,
            "endLine": 23,
            "endColumn": 3
          },
          "tokenRange": {
            "beginToken": {
              "kind": 47,
              "text": "public"
            },
            "endToken": {
              "kind": 100,
              "text": "}"
            }
          },
          "body": {
            "!": "com.github.javaparser.ast.stmt.BlockStmt",
            "range": {
              "beginLine": 2,
              "beginColumn": 58,
              "endLine": 23,
              "endColumn": 3
            },
            "tokenRange": {
              "beginToken": {
                "kind": 99,
                "text": "{"
              },
              "endToken": {
                "kind": 100,
                "text": "}"
              }
            },
            "statements": [
              {
                "!": "com.github.javaparser.ast.stmt.TryStmt",
                "range": {
                  "beginLine": 3,
                  "beginColumn": 4,
                  "endLine": 22,
                  "endColumn": 4
                },
                "tokenRange": {
                  "beginToken": {
                    "kind": 61,
                    "text": "try"
                  },
                  "endToken": {
                    "kind": 100,
                    "text": "}"
                  }
                },
                "catchClauses": [
                  {
                    "!": "com.github.javaparser.ast.stmt.CatchClause",
                    "range": {
                      "beginLine": 20,
                      "beginColumn": 4,
                      "endLine": 22,
                      "endColumn": 4
                    },
                    "tokenRange": {
                      "beginToken": {
                        "kind": 17,
                        "text": "catch"
                      },
                      "endToken": {
                        "kind": 100,
                        "text": "}"
                      }
                    },
                    "body": {
                      "!": "com.github.javaparser.ast.stmt.BlockStmt",
                      "range": {
                        "beginLine": 20,
                        "beginColumn": 38,
                        "endLine": 22,
                        "endColumn": 4
                      },
                      "tokenRange": {
                        "beginToken": {
                          "kind": 99,
                          "text": "{"
                        },
                        "endToken": {
                          "kind": 100,
                          "text": "}"
                        }
                      },
                      "statements": [
                        {
                          "!": "com.github.javaparser.ast.stmt.ReturnStmt",
                          "range": {
                            "beginLine": 21,
                            "beginColumn": 5,
                            "endLine": 21,
                            "endColumn": 16
                          },
                          "tokenRange": {
                            "beginToken": {
                              "kind": 49,
                              "text": "return"
                            },
                            "endToken": {
                              "kind": 103,
                              "text": ";"
                            }
                          },
                          "expression": {
                            "!": "com.github.javaparser.ast.expr.NullLiteralExpr",
                            "range": {
                              "beginLine": 21,
                              "beginColumn": 12,
                              "endLine": 21,
                              "endColumn": 15
                            },
                            "tokenRange": {
                              "beginToken": {
                                "kind": 43,
                                "text": "null"
                              },
                              "endToken": {
                                "kind": 43,
                                "text": "null"
                              }
                            }
                          }
                        }
                      ]
                    },
                    "parameter": {
                      "!": "com.github.javaparser.ast.body.Parameter",
                      "range": {
                        "beginLine": 20,
                        "beginColumn": 11,
                        "endLine": 20,
                        "endColumn": 35
                      },
                      "tokenRange": {
                        "beginToken": {
                          "kind": 94,
                          "text": "NumberFormatException"
                        },
                        "endToken": {
                          "kind": 94,
                          "text": "nfe"
                        }
                      },
                      "annotations": [],
                      "isVarArgs": "false",
                      "modifiers": [],
                      "name": {
                        "!": "com.github.javaparser.ast.expr.SimpleName",
                        "range": {
                          "beginLine": 20,
                          "beginColumn": 33,
                          "endLine": 20,
                          "endColumn": 35
                        },
                        "tokenRange": {
                          "beginToken": {
                            "kind": 94,
                            "text": "nfe"
                          },
                          "endToken": {
                            "kind": 94,
                            "text": "nfe"
                          }
                        },
                        "identifier": "nfe"
                      },
                      "type": {
                        "!": "com.github.javaparser.ast.type.ClassOrInterfaceType",
                        "range": {
                          "beginLine": 20,
                          "beginColumn": 11,
                          "endLine": 20,
                          "endColumn": 31
                        },
                        "tokenRange": {
                          "beginToken": {
                            "kind": 94,
                            "text": "NumberFormatException"
                          },
                          "endToken": {
                            "kind": 94,
                            "text": "NumberFormatException"
                          }
                        },
                        "name": {
                          "!": "com.github.javaparser.ast.expr.SimpleName",
                          "range": {
                            "beginLine": 20,
                            "beginColumn": 11,
                            "endLine": 20,
                            "endColumn": 31
                          },
                          "tokenRange": {
                            "beginToken": {
                              "kind": 94,
                              "text": "NumberFormatException"
                            },
                            "endToken": {
                              "kind": 94,
                              "text": "NumberFormatException"
                            }
                          },
                          "identifier": "NumberFormatException"
                        },
                        "annotations": []
                      },
                      "varArgsAnnotations": []
                    }
                  }
                ],
                "resources": [],
                "tryBlock": {
                  "!": "com.github.javaparser.ast.stmt.BlockStmt",
                  "range": {
                    "beginLine": 3,
                    "beginColumn": 8,
                    "endLine": 19,
                    "endColumn": 4
                  },
                  "tokenRange": {
                    "beginToken": {
                      "kind": 99,
                      "text": "{"
                    },
                    "endToken": {
                      "kind": 100,
                      "text": "}"
                    }
                  },
                  "statements": [
                    {
                      "!": "com.github.javaparser.ast.stmt.ExpressionStmt",
                      "range": {
                        "beginLine": 4,
                        "beginColumn": 5,
                        "endLine": 4,
                        "endColumn": 88
                      },
                      "tokenRange": {
                        "beginToken": {
                          "kind": 29,
                          "text": "final"
                        },
                        "endToken": {
                          "kind": 103,
                          "text": ";"
                        }
                      },
                      "expression": {
                        "!": "com.github.javaparser.ast.expr.VariableDeclarationExpr",
                        "range": {
                          "beginLine": 4,
                          "beginColumn": 5,
                          "endLine": 4,
                          "endColumn": 87
                        },
                        "tokenRange": {
                          "beginToken": {
                            "kind": 29,
                            "text": "final"
                          },
                          "endToken": {
                            "kind": 98,
                            "text": ")"
                          }
                        },
                        "annotations": [],
                        "modifiers": [
                          {
                            "!": "com.github.javaparser.ast.Modifier",
                            "range": {
                              "beginLine": 4,
                              "beginColumn": 5,
                              "endLine": 4,
                              "endColumn": 9
                            },
                            "tokenRange": {
                              "beginToken": {
                                "kind": 29,
                                "text": "final"
                              },
                              "endToken": {
                                "kind": 29,
                                "text": "final"
                              }
                            },
                            "keyword": "FINAL"
                          }
                        ],
                        "variables": [
                          {
                            "!": "com.github.javaparser.ast.body.VariableDeclarator",
                            "range": {
                              "beginLine": 4,
                              "beginColumn": 15,
                              "endLine": 4,
                              "endColumn": 87
                            },
                            "tokenRange": {
                              "beginToken": {
                                "kind": 94,
                                "text": "sqlState"
                              },
                              "endToken": {
                                "kind": 98,
                                "text": ")"
                              }
                            },
                            "initializer": {
                              "!": "com.github.javaparser.ast.expr.MethodCallExpr",
                              "range": {
                                "beginLine": 4,
                                "beginColumn": 26,
                                "endLine": 4,
                                "endColumn": 87
                              },
                              "tokenRange": {
                                "beginToken": {
                                  "kind": 94,
                                  "text": "Integer"
                                },
                                "endToken": {
                                  "kind": 98,
                                  "text": ")"
                                }
                              },
                              "arguments": [
                                {
                                  "!": "com.github.javaparser.ast.expr.MethodCallExpr",
                                  "range": {
                                    "beginLine": 4,
                                    "beginColumn": 43,
                                    "endLine": 4,
                                    "endColumn": 85
                                  },
                                  "tokenRange": {
                                    "beginToken": {
                                      "kind": 94,
                                      "text": "JdbcExceptionHelper"
                                    },
                                    "endToken": {
                                      "kind": 98,
                                      "text": ")"
                                    }
                                  },
                                  "arguments": [
                                    {
                                      "!": "com.github.javaparser.ast.expr.NameExpr",
                                      "range": {
                                        "beginLine": 4,
                                        "beginColumn": 80,
                                        "endLine": 4,
                                        "endColumn": 83
                                      },
                                      "tokenRange": {
                                        "beginToken": {
                                          "kind": 94,
                                          "text": "sqle"
                                        },
                                        "endToken": {
                                          "kind": 94,
                                          "text": "sqle"
                                        }
                                      },
                                      "name": {
                                        "!": "com.github.javaparser.ast.expr.SimpleName",
                                        "range": {
                                          "beginLine": 4,
                                          "beginColumn": 80,
                                          "endLine": 4,
                                          "endColumn": 83
                                        },
                                        "tokenRange": {
                                          "beginToken": {
                                            "kind": 94,
                                            "text": "sqle"
                                          },
                                          "endToken": {
                                            "kind": 94,
                                            "text": "sqle"
                                          }
                                        },
                                        "identifier": "sqle"
                                      }
                                    }
                                  ],
                                  "name": {
                                    "!": "com.github.javaparser.ast.expr.SimpleName",
                                    "range": {
                                      "beginLine": 4,
                                      "beginColumn": 63,
                                      "endLine": 4,
                                      "endColumn": 77
                                    },
                                    "tokenRange": {
                                      "beginToken": {
                                        "kind": 94,
                                        "text": "extractSqlState"
                                      },
                                      "endToken": {
                                        "kind": 94,
                                        "text": "extractSqlState"
                                      }
                                    },
                                    "identifier": "extractSqlState"
                                  },
                                  "scope": {
                                    "!": "com.github.javaparser.ast.expr.NameExpr",
                                    "range": {
                                      "beginLine": 4,
                                      "beginColumn": 43,
                                      "endLine": 4,
                                      "endColumn": 61
                                    },
                                    "tokenRange": {
                                      "beginToken": {
                                        "kind": 94,
                                        "text": "JdbcExceptionHelper"
                                      },
                                      "endToken": {
                                        "kind": 94,
                                        "text": "JdbcExceptionHelper"
                                      }
                                    },
                                    "name": {
                                      "!": "com.github.javaparser.ast.expr.SimpleName",
                                      "range": {
                                        "beginLine": 4,
                                        "beginColumn": 43,
                                        "endLine": 4,
                                        "endColumn": 61
                                      },
                                      "tokenRange": {
                                        "beginToken": {
                                          "kind": 94,
                                          "text": "JdbcExceptionHelper"
                                        },
                                        "endToken": {
                                          "kind": 94,
                                          "text": "JdbcExceptionHelper"
                                        }
                                      },
                                      "identifier": "JdbcExceptionHelper"
                                    }
                                  }
                                }
                              ],
                              "name": {
                                "!": "com.github.javaparser.ast.expr.SimpleName",
                                "range": {
                                  "beginLine": 4,
                                  "beginColumn": 34,
                                  "endLine": 4,
                                  "endColumn": 40
                                },
                                "tokenRange": {
                                  "beginToken": {
                                    "kind": 94,
                                    "text": "valueOf"
                                  },
                                  "endToken": {
                                    "kind": 94,
                                    "text": "valueOf"
                                  }
                                },
                                "identifier": "valueOf"
                              },
                              "scope": {
                                "!": "com.github.javaparser.ast.expr.NameExpr",
                                "range": {
                                  "beginLine": 4,
                                  "beginColumn": 26,
                                  "endLine": 4,
                                  "endColumn": 32
                                },
                                "tokenRange": {
                                  "beginToken": {
                                    "kind": 94,
                                    "text": "Integer"
                                  },
                                  "endToken": {
                                    "kind": 94,
                                    "text": "Integer"
                                  }
                                },
                                "name": {
                                  "!": "com.github.javaparser.ast.expr.SimpleName",
                                  "range": {
                                    "beginLine": 4,
                                    "beginColumn": 26,
                                    "endLine": 4,
                                    "endColumn": 32
                                  },
                                  "tokenRange": {
                                    "beginToken": {
                                      "kind": 94,
                                      "text": "Integer"
                                    },
                                    "endToken": {
                                      "kind": 94,
                                      "text": "Integer"
                                    }
                                  },
                                  "identifier": "Integer"
                                }
                              }
                            },
                            "name": {
                              "!": "com.github.javaparser.ast.expr.SimpleName",
                              "range": {
                                "beginLine": 4,
                                "beginColumn": 15,
                                "endLine": 4,
                                "endColumn": 22
                              },
                              "tokenRange": {
                                "beginToken": {
                                  "kind": 94,
                                  "text": "sqlState"
                                },
                                "endToken": {
                                  "kind": 94,
                                  "text": "sqlState"
                                }
                              },
                              "identifier": "sqlState"
                            },
                            "type": {
                              "!": "com.github.javaparser.ast.type.PrimitiveType",
                              "range": {
                                "beginLine": 4,
                                "beginColumn": 11,
                                "endLine": 4,
                                "endColumn": 13
                              },
                              "tokenRange": {
                                "beginToken": {
                                  "kind": 38,
                                  "text": "int"
                                },
                                "endToken": {
                                  "kind": 38,
                                  "text": "int"
                                }
                              },
                              "type": "INT",
                              "annotations": []
                            }
                          }
                        ]
                      }
                    },
                    {
                      "!": "com.github.javaparser.ast.stmt.SwitchStmt",
                      "range": {
                        "beginLine": 5,
                        "beginColumn": 5,
                        "endLine": 18,
                        "endColumn": 5
                      },
                      "tokenRange": {
                        "beginToken": {
                          "kind": 54,
                          "text": "switch"
                        },
                        "endToken": {
                          "kind": 100,
                          "text": "}"
                        }
                      },
                      "entries": [
                        {
                          "!": "com.github.javaparser.ast.stmt.SwitchEntry",
                          "range": {
                            "beginLine": 7,
                            "beginColumn": 6,
                            "endLine": 7,
                            "endColumn": 103
                          },
                          "tokenRange": {
                            "beginToken": {
                              "kind": 16,
                              "text": "case"
                            },
                            "endToken": {
                              "kind": 103,
                              "text": ";"
                            }
                          },
                          "labels": [
                            {
                              "!": "com.github.javaparser.ast.expr.IntegerLiteralExpr",
                              "range": {
                                "beginLine": 7,
                                "beginColumn": 11,
                                "endLine": 7,
                                "endColumn": 15
                              },
                              "tokenRange": {
                                "beginToken": {
                                  "kind": 77,
                                  "text": "23514"
                                },
                                "endToken": {
                                  "kind": 77,
                                  "text": "23514"
                                }
                              },
                              "value": "23514"
                            }
                          ],
                          "statements": [
                            {
                              "!": "com.github.javaparser.ast.stmt.ReturnStmt",
                              "range": {
                                "beginLine": 7,
                                "beginColumn": 18,
                                "endLine": 7,
                                "endColumn": 103
                              },
                              "tokenRange": {
                                "beginToken": {
                                  "kind": 49,
                                  "text": "return"
                                },
                                "endToken": {
                                  "kind": 103,
                                  "text": ";"
                                }
                              },
                              "expression": {
                                "!": "com.github.javaparser.ast.expr.MethodCallExpr",
                                "range": {
                                  "beginLine": 7,
                                  "beginColumn": 25,
                                  "endLine": 7,
                                  "endColumn": 102
                                },
                                "tokenRange": {
                                  "beginToken": {
                                    "kind": 94,
                                    "text": "extractUsingTemplate"
                                  },
                                  "endToken": {
                                    "kind": 98,
                                    "text": ")"
                                  }
                                },
                                "arguments": [
                                  {
                                    "!": "com.github.javaparser.ast.expr.StringLiteralExpr",
                                    "range": {
                                      "beginLine": 7,
                                      "beginColumn": 47,
                                      "endLine": 7,
                                      "endColumn": 76
                                    },
                                    "tokenRange": {
                                      "beginToken": {
                                        "kind": 90,
                                        "text": "\"violates check constraint \\\"\""
                                      },
                                      "endToken": {
                                        "kind": 90,
                                        "text": "\"violates check constraint \\\"\""
                                      }
                                    },
                                    "value": "violates check constraint \\\""
                                  },
                                  {
                                    "!": "com.github.javaparser.ast.expr.StringLiteralExpr",
                                    "range": {
                                      "beginLine": 7,
                                      "beginColumn": 78,
                                      "endLine": 7,
                                      "endColumn": 81
                                    },
                                    "tokenRange": {
                                      "beginToken": {
                                        "kind": 90,
                                        "text": "\"\\\"\""
                                      },
                                      "endToken": {
                                        "kind": 90,
                                        "text": "\"\\\"\""
                                      }
                                    },
                                    "value": "\\\""
                                  },
                                  {
                                    "!": "com.github.javaparser.ast.expr.MethodCallExpr",
                                    "range": {
                                      "beginLine": 7,
                                      "beginColumn": 84,
                                      "endLine": 7,
                                      "endColumn": 100
                                    },
                                    "tokenRange": {
                                      "beginToken": {
                                        "kind": 94,
                                        "text": "sqle"
                                      },
                                      "endToken": {
                                        "kind": 98,
                                        "text": ")"
                                      }
                                    },
                                    "arguments": [],
                                    "name": {
                                      "!": "com.github.javaparser.ast.expr.SimpleName",
                                      "range": {
                                        "beginLine": 7,
                                        "beginColumn": 89,
                                        "endLine": 7,
                                        "endColumn": 98
                                      },
                                      "tokenRange": {
                                        "beginToken": {
                                          "kind": 94,
                                          "text": "getMessage"
                                        },
                                        "endToken": {
                                          "kind": 94,
                                          "text": "getMessage"
                                        }
                                      },
                                      "identifier": "getMessage"
                                    },
                                    "scope": {
                                      "!": "com.github.javaparser.ast.expr.NameExpr",
                                      "range": {
                                        "beginLine": 7,
                                        "beginColumn": 84,
                                        "endLine": 7,
                                        "endColumn": 87
                                      },
                                      "tokenRange": {
                                        "beginToken": {
                                          "kind": 94,
                                          "text": "sqle"
                                        },
                                        "endToken": {
                                          "kind": 94,
                                          "text": "sqle"
                                        }
                                      },
                                      "name": {
                                        "!": "com.github.javaparser.ast.expr.SimpleName",
                                        "range": {
                                          "beginLine": 7,
                                          "beginColumn": 84,
                                          "endLine": 7,
                                          "endColumn": 87
                                        },
                                        "tokenRange": {
                                          "beginToken": {
                                            "kind": 94,
                                            "text": "sqle"
                                          },
                                          "endToken": {
                                            "kind": 94,
                                            "text": "sqle"
                                          }
                                        },
                                        "identifier": "sqle"
                                      }
                                    }
                                  }
                                ],
                                "name": {
                                  "!": "com.github.javaparser.ast.expr.SimpleName",
                                  "range": {
                                    "beginLine": 7,
                                    "beginColumn": 25,
                                    "endLine": 7,
                                    "endColumn": 44
                                  },
                                  "tokenRange": {
                                    "beginToken": {
                                      "kind": 94,
                                      "text": "extractUsingTemplate"
                                    },
                                    "endToken": {
                                      "kind": 94,
                                      "text": "extractUsingTemplate"
                                    }
                                  },
                                  "identifier": "extractUsingTemplate"
                                }
                              }
                            }
                          ],
                          "type": "STATEMENT_GROUP",
                          "comment": {
                            "!": "com.github.javaparser.ast.comments.LineComment",
                            "range": {
                              "beginLine": 6,
                              "beginColumn": 6,
                              "endLine": 6,
                              "endColumn": 23
                            },
                            "tokenRange": {
                              "beginToken": {
                                "kind": 5,
                                "text": "// CHECK VIOLATION"
                              },
                              "endToken": {
                                "kind": 5,
                                "text": "// CHECK VIOLATION"
                              }
                            },
                            "content": " CHECK VIOLATION"
                          }
                        },
                        {
                          "!": "com.github.javaparser.ast.stmt.SwitchEntry",
                          "range": {
                            "beginLine": 9,
                            "beginColumn": 6,
                            "endLine": 9,
                            "endColumn": 104
                          },
                          "tokenRange": {
                            "beginToken": {
                              "kind": 16,
                              "text": "case"
                            },
                            "endToken": {
                              "kind": 103,
                              "text": ";"
                            }
                          },
                          "labels": [
                            {
                              "!": "com.github.javaparser.ast.expr.IntegerLiteralExpr",
                              "range": {
                                "beginLine": 9,
                                "beginColumn": 11,
                                "endLine": 9,
                                "endColumn": 15
                              },
                              "tokenRange": {
                                "beginToken": {
                                  "kind": 77,
                                  "text": "23505"
                                },
                                "endToken": {
                                  "kind": 77,
                                  "text": "23505"
                                }
                              },
                              "value": "23505"
                            }
                          ],
                          "statements": [
                            {
                              "!": "com.github.javaparser.ast.stmt.ReturnStmt",
                              "range": {
                                "beginLine": 9,
                                "beginColumn": 18,
                                "endLine": 9,
                                "endColumn": 104
                              },
                              "tokenRange": {
                                "beginToken": {
                                  "kind": 49,
                                  "text": "return"
                                },
                                "endToken": {
                                  "kind": 103,
                                  "text": ";"
                                }
                              },
                              "expression": {
                                "!": "com.github.javaparser.ast.expr.MethodCallExpr",
                                "range": {
                                  "beginLine": 9,
                                  "beginColumn": 25,
                                  "endLine": 9,
                                  "endColumn": 103
                                },
                                "tokenRange": {
                                  "beginToken": {
                                    "kind": 94,
                                    "text": "extractUsingTemplate"
                                  },
                                  "endToken": {
                                    "kind": 98,
                                    "text": ")"
                                  }
                                },
                                "arguments": [
                                  {
                                    "!": "com.github.javaparser.ast.expr.StringLiteralExpr",
                                    "range": {
                                      "beginLine": 9,
                                      "beginColumn": 47,
                                      "endLine": 9,
                                      "endColumn": 77
                                    },
                                    "tokenRange": {
                                      "beginToken": {
                                        "kind": 90,
                                        "text": "\"violates unique constraint \\\"\""
                                      },
                                      "endToken": {
                                        "kind": 90,
                                        "text": "\"violates unique constraint \\\"\""
                                      }
                                    },
                                    "value": "violates unique constraint \\\""
                                  },
                                  {
                                    "!": "com.github.javaparser.ast.expr.StringLiteralExpr",
                                    "range": {
                                      "beginLine": 9,
                                      "beginColumn": 79,
                                      "endLine": 9,
                                      "endColumn": 82
                                    },
                                    "tokenRange": {
                                      "beginToken": {
                                        "kind": 90,
                                        "text": "\"\\\"\""
                                      },
                                      "endToken": {
                                        "kind": 90,
                                        "text": "\"\\\"\""
                                      }
                                    },
                                    "value": "\\\""
                                  },
                                  {
                                    "!": "com.github.javaparser.ast.expr.MethodCallExpr",
                                    "range": {
                                      "beginLine": 9,
                                      "beginColumn": 85,
                                      "endLine": 9,
                                      "endColumn": 101
                                    },
                                    "tokenRange": {
                                      "beginToken": {
                                        "kind": 94,
                                        "text": "sqle"
                                      },
                                      "endToken": {
                                        "kind": 98,
                                        "text": ")"
                                      }
                                    },
                                    "arguments": [],
                                    "name": {
                                      "!": "com.github.javaparser.ast.expr.SimpleName",
                                      "range": {
                                        "beginLine": 9,
                                        "beginColumn": 90,
                                        "endLine": 9,
                                        "endColumn": 99
                                      },
                                      "tokenRange": {
                                        "beginToken": {
                                          "kind": 94,
                                          "text": "getMessage"
                                        },
                                        "endToken": {
                                          "kind": 94,
                                          "text": "getMessage"
                                        }
                                      },
                                      "identifier": "getMessage"
                                    },
                                    "scope": {
                                      "!": "com.github.javaparser.ast.expr.NameExpr",
                                      "range": {
                                        "beginLine": 9,
                                        "beginColumn": 85,
                                        "endLine": 9,
                                        "endColumn": 88
                                      },
                                      "tokenRange": {
                                        "beginToken": {
                                          "kind": 94,
                                          "text": "sqle"
                                        },
                                        "endToken": {
                                          "kind": 94,
                                          "text": "sqle"
                                        }
                                      },
                                      "name": {
                                        "!": "com.github.javaparser.ast.expr.SimpleName",
                                        "range": {
                                          "beginLine": 9,
                                          "beginColumn": 85,
                                          "endLine": 9,
                                          "endColumn": 88
                                        },
                                        "tokenRange": {
                                          "beginToken": {
                                            "kind": 94,
                                            "text": "sqle"
                                          },
                                          "endToken": {
                                            "kind": 94,
                                            "text": "sqle"
                                          }
                                        },
                                        "identifier": "sqle"
                                      }
                                    }
                                  }
                                ],
                                "name": {
                                  "!": "com.github.javaparser.ast.expr.SimpleName",
                                  "range": {
                                    "beginLine": 9,
                                    "beginColumn": 25,
                                    "endLine": 9,
                                    "endColumn": 44
                                  },
                                  "tokenRange": {
                                    "beginToken": {
                                      "kind": 94,
                                      "text": "extractUsingTemplate"
                                    },
                                    "endToken": {
                                      "kind": 94,
                                      "text": "extractUsingTemplate"
                                    }
                                  },
                                  "identifier": "extractUsingTemplate"
                                }
                              }
                            }
                          ],
                          "type": "STATEMENT_GROUP",
                          "comment": {
                            "!": "com.github.javaparser.ast.comments.LineComment",
                            "range": {
                              "beginLine": 8,
                              "beginColumn": 6,
                              "endLine": 8,
                              "endColumn": 24
                            },
                            "tokenRange": {
                              "beginToken": {
                                "kind": 5,
                                "text": "// UNIQUE VIOLATION"
                              },
                              "endToken": {
                                "kind": 5,
                                "text": "// UNIQUE VIOLATION"
                              }
                            },
                            "content": " UNIQUE VIOLATION"
                          }
                        },
                        {
                          "!": "com.github.javaparser.ast.stmt.SwitchEntry",
                          "range": {
                            "beginLine": 11,
                            "beginColumn": 6,
                            "endLine": 11,
                            "endColumn": 109
                          },
                          "tokenRange": {
                            "beginToken": {
                              "kind": 16,
                              "text": "case"
                            },
                            "endToken": {
                              "kind": 103,
                              "text": ";"
                            }
                          },
                          "labels": [
                            {
                              "!": "com.github.javaparser.ast.expr.IntegerLiteralExpr",
                              "range": {
                                "beginLine": 11,
                                "beginColumn": 11,
                                "endLine": 11,
                                "endColumn": 15
                              },
                              "tokenRange": {
                                "beginToken": {
                                  "kind": 77,
                                  "text": "23503"
                                },
                                "endToken": {
                                  "kind": 77,
                                  "text": "23503"
                                }
                              },
                              "value": "23503"
                            }
                          ],
                          "statements": [
                            {
                              "!": "com.github.javaparser.ast.stmt.ReturnStmt",
                              "range": {
                                "beginLine": 11,
                                "beginColumn": 18,
                                "endLine": 11,
                                "endColumn": 109
                              },
                              "tokenRange": {
                                "beginToken": {
                                  "kind": 49,
                                  "text": "return"
                                },
                                "endToken": {
                                  "kind": 103,
                                  "text": ";"
                                }
                              },
                              "expression": {
                                "!": "com.github.javaparser.ast.expr.MethodCallExpr",
                                "range": {
                                  "beginLine": 11,
                                  "beginColumn": 25,
                                  "endLine": 11,
                                  "endColumn": 108
                                },
                                "tokenRange": {
                                  "beginToken": {
                                    "kind": 94,
                                    "text": "extractUsingTemplate"
                                  },
                                  "endToken": {
                                    "kind": 98,
                                    "text": ")"
                                  }
                                },
                                "arguments": [
                                  {
                                    "!": "com.github.javaparser.ast.expr.StringLiteralExpr",
                                    "range": {
                                      "beginLine": 11,
                                      "beginColumn": 47,
                                      "endLine": 11,
                                      "endColumn": 82
                                    },
                                    "tokenRange": {
                                      "beginToken": {
                                        "kind": 90,
                                        "text": "\"violates foreign key constraint \\\"\""
                                      },
                                      "endToken": {
                                        "kind": 90,
                                        "text": "\"violates foreign key constraint \\\"\""
                                      }
                                    },
                                    "value": "violates foreign key constraint \\\""
                                  },
                                  {
                                    "!": "com.github.javaparser.ast.expr.StringLiteralExpr",
                                    "range": {
                                      "beginLine": 11,
                                      "beginColumn": 84,
                                      "endLine": 11,
                                      "endColumn": 87
                                    },
                                    "tokenRange": {
                                      "beginToken": {
                                        "kind": 90,
                                        "text": "\"\\\"\""
                                      },
                                      "endToken": {
                                        "kind": 90,
                                        "text": "\"\\\"\""
                                      }
                                    },
                                    "value": "\\\""
                                  },
                                  {
                                    "!": "com.github.javaparser.ast.expr.MethodCallExpr",
                                    "range": {
                                      "beginLine": 11,
                                      "beginColumn": 90,
                                      "endLine": 11,
                                      "endColumn": 106
                                    },
                                    "tokenRange": {
                                      "beginToken": {
                                        "kind": 94,
                                        "text": "sqle"
                                      },
                                      "endToken": {
                                        "kind": 98,
                                        "text": ")"
                                      }
                                    },
                                    "arguments": [],
                                    "name": {
                                      "!": "com.github.javaparser.ast.expr.SimpleName",
                                      "range": {
                                        "beginLine": 11,
                                        "beginColumn": 95,
                                        "endLine": 11,
                                        "endColumn": 104
                                      },
                                      "tokenRange": {
                                        "beginToken": {
                                          "kind": 94,
                                          "text": "getMessage"
                                        },
                                        "endToken": {
                                          "kind": 94,
                                          "text": "getMessage"
                                        }
                                      },
                                      "identifier": "getMessage"
                                    },
                                    "scope": {
                                      "!": "com.github.javaparser.ast.expr.NameExpr",
                                      "range": {
                                        "beginLine": 11,
                                        "beginColumn": 90,
                                        "endLine": 11,
                                        "endColumn": 93
                                      },
                                      "tokenRange": {
                                        "beginToken": {
                                          "kind": 94,
                                          "text": "sqle"
                                        },
                                        "endToken": {
                                          "kind": 94,
                                          "text": "sqle"
                                        }
                                      },
                                      "name": {
                                        "!": "com.github.javaparser.ast.expr.SimpleName",
                                        "range": {
                                          "beginLine": 11,
                                          "beginColumn": 90,
                                          "endLine": 11,
                                          "endColumn": 93
                                        },
                                        "tokenRange": {
                                          "beginToken": {
                                            "kind": 94,
                                            "text": "sqle"
                                          },
                                          "endToken": {
                                            "kind": 94,
                                            "text": "sqle"
                                          }
                                        },
                                        "identifier": "sqle"
                                      }
                                    }
                                  }
                                ],
                                "name": {
                                  "!": "com.github.javaparser.ast.expr.SimpleName",
                                  "range": {
                                    "beginLine": 11,
                                    "beginColumn": 25,
                                    "endLine": 11,
                                    "endColumn": 44
                                  },
                                  "tokenRange": {
                                    "beginToken": {
                                      "kind": 94,
                                      "text": "extractUsingTemplate"
                                    },
                                    "endToken": {
                                      "kind": 94,
                                      "text": "extractUsingTemplate"
                                    }
                                  },
                                  "identifier": "extractUsingTemplate"
                                }
                              }
                            }
                          ],
                          "type": "STATEMENT_GROUP",
                          "comment": {
                            "!": "com.github.javaparser.ast.comments.LineComment",
                            "range": {
                              "beginLine": 10,
                              "beginColumn": 6,
                              "endLine": 10,
                              "endColumn": 29
                            },
                            "tokenRange": {
                              "beginToken": {
                                "kind": 5,
                                "text": "// FOREIGN KEY VIOLATION"
                              },
                              "endToken": {
                                "kind": 5,
                                "text": "// FOREIGN KEY VIOLATION"
                              }
                            },
                            "content": " FOREIGN KEY VIOLATION"
                          }
                        },
                        {
                          "!": "com.github.javaparser.ast.stmt.SwitchEntry",
                          "range": {
                            "beginLine": 13,
                            "beginColumn": 6,
                            "endLine": 13,
                            "endColumn": 127
                          },
                          "tokenRange": {
                            "beginToken": {
                              "kind": 16,
                              "text": "case"
                            },
                            "endToken": {
                              "kind": 103,
                              "text": ";"
                            }
                          },
                          "labels": [
                            {
                              "!": "com.github.javaparser.ast.expr.IntegerLiteralExpr",
                              "range": {
                                "beginLine": 13,
                                "beginColumn": 11,
                                "endLine": 13,
                                "endColumn": 15
                              },
                              "tokenRange": {
                                "beginToken": {
                                  "kind": 77,
                                  "text": "23502"
                                },
                                "endToken": {
                                  "kind": 77,
                                  "text": "23502"
                                }
                              },
                              "value": "23502"
                            }
                          ],
                          "statements": [
                            {
                              "!": "com.github.javaparser.ast.stmt.ReturnStmt",
                              "range": {
                                "beginLine": 13,
                                "beginColumn": 18,
                                "endLine": 13,
                                "endColumn": 127
                              },
                              "tokenRange": {
                                "beginToken": {
                                  "kind": 49,
                                  "text": "return"
                                },
                                "endToken": {
                                  "kind": 103,
                                  "text": ";"
                                }
                              },
                              "expression": {
                                "!": "com.github.javaparser.ast.expr.MethodCallExpr",
                                "range": {
                                  "beginLine": 13,
                                  "beginColumn": 25,
                                  "endLine": 13,
                                  "endColumn": 126
                                },
                                "tokenRange": {
                                  "beginToken": {
                                    "kind": 94,
                                    "text": "extractUsingTemplate"
                                  },
                                  "endToken": {
                                    "kind": 98,
                                    "text": ")"
                                  }
                                },
                                "arguments": [
                                  {
                                    "!": "com.github.javaparser.ast.expr.StringLiteralExpr",
                                    "range": {
                                      "beginLine": 13,
                                      "beginColumn": 47,
                                      "endLine": 13,
                                      "endColumn": 71
                                    },
                                    "tokenRange": {
                                      "beginToken": {
                                        "kind": 90,
                                        "text": "\"null value in column \\\"\""
                                      },
                                      "endToken": {
                                        "kind": 90,
                                        "text": "\"null value in column \\\"\""
                                      }
                                    },
                                    "value": "null value in column \\\""
                                  },
                                  {
                                    "!": "com.github.javaparser.ast.expr.StringLiteralExpr",
                                    "range": {
                                      "beginLine": 13,
                                      "beginColumn": 73,
                                      "endLine": 13,
                                      "endColumn": 105
                                    },
                                    "tokenRange": {
                                      "beginToken": {
                                        "kind": 90,
                                        "text": "\"\\\" violates not-null constraint\""
                                      },
                                      "endToken": {
                                        "kind": 90,
                                        "text": "\"\\\" violates not-null constraint\""
                                      }
                                    },
                                    "value": "\\\" violates not-null constraint"
                                  },
                                  {
                                    "!": "com.github.javaparser.ast.expr.MethodCallExpr",
                                    "range": {
                                      "beginLine": 13,
                                      "beginColumn": 108,
                                      "endLine": 13,
                                      "endColumn": 124
                                    },
                                    "tokenRange": {
                                      "beginToken": {
                                        "kind": 94,
                                        "text": "sqle"
                                      },
                                      "endToken": {
                                        "kind": 98,
                                        "text": ")"
                                      }
                                    },
                                    "arguments": [],
                                    "name": {
                                      "!": "com.github.javaparser.ast.expr.SimpleName",
                                      "range": {
                                        "beginLine": 13,
                                        "beginColumn": 113,
                                        "endLine": 13,
                                        "endColumn": 122
                                      },
                                      "tokenRange": {
                                        "beginToken": {
                                          "kind": 94,
                                          "text": "getMessage"
                                        },
                                        "endToken": {
                                          "kind": 94,
                                          "text": "getMessage"
                                        }
                                      },
                                      "identifier": "getMessage"
                                    },
                                    "scope": {
                                      "!": "com.github.javaparser.ast.expr.NameExpr",
                                      "range": {
                                        "beginLine": 13,
                                        "beginColumn": 108,
                                        "endLine": 13,
                                        "endColumn": 111
                                      },
                                      "tokenRange": {
                                        "beginToken": {
                                          "kind": 94,
                                          "text": "sqle"
                                        },
                                        "endToken": {
                                          "kind": 94,
                                          "text": "sqle"
                                        }
                                      },
                                      "name": {
                                        "!": "com.github.javaparser.ast.expr.SimpleName",
                                        "range": {
                                          "beginLine": 13,
                                          "beginColumn": 108,
                                          "endLine": 13,
                                          "endColumn": 111
                                        },
                                        "tokenRange": {
                                          "beginToken": {
                                            "kind": 94,
                                            "text": "sqle"
                                          },
                                          "endToken": {
                                            "kind": 94,
                                            "text": "sqle"
                                          }
                                        },
                                        "identifier": "sqle"
                                      }
                                    }
                                  }
                                ],
                                "name": {
                                  "!": "com.github.javaparser.ast.expr.SimpleName",
                                  "range": {
                                    "beginLine": 13,
                                    "beginColumn": 25,
                                    "endLine": 13,
                                    "endColumn": 44
                                  },
                                  "tokenRange": {
                                    "beginToken": {
                                      "kind": 94,
                                      "text": "extractUsingTemplate"
                                    },
                                    "endToken": {
                                      "kind": 94,
                                      "text": "extractUsingTemplate"
                                    }
                                  },
                                  "identifier": "extractUsingTemplate"
                                }
                              }
                            }
                          ],
                          "type": "STATEMENT_GROUP",
                          "comment": {
                            "!": "com.github.javaparser.ast.comments.LineComment",
                            "range": {
                              "beginLine": 12,
                              "beginColumn": 6,
                              "endLine": 12,
                              "endColumn": 26
                            },
                            "tokenRange": {
                              "beginToken": {
                                "kind": 5,
                                "text": "// NOT NULL VIOLATION"
                              },
                              "endToken": {
                                "kind": 5,
                                "text": "// NOT NULL VIOLATION"
                              }
                            },
                            "content": " NOT NULL VIOLATION"
                          }
                        },
                        {
                          "!": "com.github.javaparser.ast.stmt.SwitchEntry",
                          "range": {
                            "beginLine": 15,
                            "beginColumn": 6,
                            "endLine": 15,
                            "endColumn": 29
                          },
                          "tokenRange": {
                            "beginToken": {
                              "kind": 16,
                              "text": "case"
                            },
                            "endToken": {
                              "kind": 103,
                              "text": ";"
                            }
                          },
                          "labels": [
                            {
                              "!": "com.github.javaparser.ast.expr.IntegerLiteralExpr",
                              "range": {
                                "beginLine": 15,
                                "beginColumn": 11,
                                "endLine": 15,
                                "endColumn": 15
                              },
                              "tokenRange": {
                                "beginToken": {
                                  "kind": 77,
                                  "text": "23001"
                                },
                                "endToken": {
                                  "kind": 77,
                                  "text": "23001"
                                }
                              },
                              "value": "23001"
                            }
                          ],
                          "statements": [
                            {
                              "!": "com.github.javaparser.ast.stmt.ReturnStmt",
                              "range": {
                                "beginLine": 15,
                                "beginColumn": 18,
                                "endLine": 15,
                                "endColumn": 29
                              },
                              "tokenRange": {
                                "beginToken": {
                                  "kind": 49,
                                  "text": "return"
                                },
                                "endToken": {
                                  "kind": 103,
                                  "text": ";"
                                }
                              },
                              "expression": {
                                "!": "com.github.javaparser.ast.expr.NullLiteralExpr",
                                "range": {
                                  "beginLine": 15,
                                  "beginColumn": 25,
                                  "endLine": 15,
                                  "endColumn": 28
                                },
                                "tokenRange": {
                                  "beginToken": {
                                    "kind": 43,
                                    "text": "null"
                                  },
                                  "endToken": {
                                    "kind": 43,
                                    "text": "null"
                                  }
                                }
                              }
                            }
                          ],
                          "type": "STATEMENT_GROUP",
                          "comment": {
                            "!": "com.github.javaparser.ast.comments.LineComment",
                            "range": {
                              "beginLine": 14,
                              "beginColumn": 6,
                              "endLine": 14,
                              "endColumn": 32
                            },
                            "tokenRange": {
                              "beginToken": {
                                "kind": 5,
                                "text": "// TODO: RESTRICT VIOLATION"
                              },
                              "endToken": {
                                "kind": 5,
                                "text": "// TODO: RESTRICT VIOLATION"
                              }
                            },
                            "content": " TODO: RESTRICT VIOLATION"
                          }
                        },
                        {
                          "!": "com.github.javaparser.ast.stmt.SwitchEntry",
                          "range": {
                            "beginLine": 17,
                            "beginColumn": 6,
                            "endLine": 17,
                            "endColumn": 26
                          },
                          "tokenRange": {
                            "beginToken": {
                              "kind": 22,
                              "text": "default"
                            },
                            "endToken": {
                              "kind": 103,
                              "text": ";"
                            }
                          },
                          "labels": [],
                          "statements": [
                            {
                              "!": "com.github.javaparser.ast.stmt.ReturnStmt",
                              "range": {
                                "beginLine": 17,
                                "beginColumn": 15,
                                "endLine": 17,
                                "endColumn": 26
                              },
                              "tokenRange": {
                                "beginToken": {
                                  "kind": 49,
                                  "text": "return"
                                },
                                "endToken": {
                                  "kind": 103,
                                  "text": ";"
                                }
                              },
                              "expression": {
                                "!": "com.github.javaparser.ast.expr.NullLiteralExpr",
                                "range": {
                                  "beginLine": 17,
                                  "beginColumn": 22,
                                  "endLine": 17,
                                  "endColumn": 25
                                },
                                "tokenRange": {
                                  "beginToken": {
                                    "kind": 43,
                                    "text": "null"
                                  },
                                  "endToken": {
                                    "kind": 43,
                                    "text": "null"
                                  }
                                }
                              }
                            }
                          ],
                          "type": "STATEMENT_GROUP",
                          "comment": {
                            "!": "com.github.javaparser.ast.comments.LineComment",
                            "range": {
                              "beginLine": 16,
                              "beginColumn": 6,
                              "endLine": 16,
                              "endColumn": 17
                            },
                            "tokenRange": {
                              "beginToken": {
                                "kind": 5,
                                "text": "// ALL OTHER"
                              },
                              "endToken": {
                                "kind": 5,
                                "text": "// ALL OTHER"
                              }
                            },
                            "content": " ALL OTHER"
                          }
                        }
                      ],
                      "selector": {
                        "!": "com.github.javaparser.ast.expr.NameExpr",
                        "range": {
                          "beginLine": 5,
                          "beginColumn": 13,
                          "endLine": 5,
                          "endColumn": 20
                        },
                        "tokenRange": {
                          "beginToken": {
                            "kind": 94,
                            "text": "sqlState"
                          },
                          "endToken": {
                            "kind": 94,
                            "text": "sqlState"
                          }
                        },
                        "name": {
                          "!": "com.github.javaparser.ast.expr.SimpleName",
                          "range": {
                            "beginLine": 5,
                            "beginColumn": 13,
                            "endLine": 5,
                            "endColumn": 20
                          },
                          "tokenRange": {
                            "beginToken": {
                              "kind": 94,
                              "text": "sqlState"
                            },
                            "endToken": {
                              "kind": 94,
                              "text": "sqlState"
                            }
                          },
                          "identifier": "sqlState"
                        }
                      }
                    }
                  ]
                }
              }
            ]
          },
          "type": {
            "!": "com.github.javaparser.ast.type.ClassOrInterfaceType",
            "range": {
              "beginLine": 2,
              "beginColumn": 10,
              "endLine": 2,
              "endColumn": 15
            },
            "tokenRange": {
              "beginToken": {
                "kind": 94,
                "text": "String"
              },
              "endToken": {
                "kind": 94,
                "text": "String"
              }
            },
            "name": {
              "!": "com.github.javaparser.ast.expr.SimpleName",
              "range": {
                "beginLine": 2,
                "beginColumn": 10,
                "endLine": 2,
                "endColumn": 15
              },
              "tokenRange": {
                "beginToken": {
                  "kind": 94,
                  "text": "String"
                },
                "endToken": {
                  "kind": 94,
                  "text": "String"
                }
              },
              "identifier": "String"
            },
            "annotations": []
          },
          "modifiers": [
            {
              "!": "com.github.javaparser.ast.Modifier",
              "range": {
                "beginLine": 2,
                "beginColumn": 3,
                "endLine": 2,
                "endColumn": 8
              },
              "tokenRange": {
                "beginToken": {
                  "kind": 47,
                  "text": "public"
                },
                "endToken": {
                  "kind": 47,
                  "text": "public"
                }
              },
              "keyword": "PUBLIC"
            }
          ],
          "name": {
            "!": "com.github.javaparser.ast.expr.SimpleName",
            "range": {
              "beginLine": 2,
              "beginColumn": 17,
              "endLine": 2,
              "endColumn": 37
            },
            "tokenRange": {
              "beginToken": {
                "kind": 94,
                "text": "extractConstraintName"
              },
              "endToken": {
                "kind": 94,
                "text": "extractConstraintName"
              }
            },
            "identifier": "extractConstraintName"
          },
          "parameters": [
            {
              "!": "com.github.javaparser.ast.body.Parameter",
              "range": {
                "beginLine": 2,
                "beginColumn": 39,
                "endLine": 2,
                "endColumn": 55
              },
              "tokenRange": {
                "beginToken": {
                  "kind": 94,
                  "text": "SQLException"
                },
                "endToken": {
                  "kind": 94,
                  "text": "sqle"
                }
              },
              "annotations": [],
              "isVarArgs": "false",
              "modifiers": [],
              "name": {
                "!": "com.github.javaparser.ast.expr.SimpleName",
                "range": {
                  "beginLine": 2,
                  "beginColumn": 52,
                  "endLine": 2,
                  "endColumn": 55
                },
                "tokenRange": {
                  "beginToken": {
                    "kind": 94,
                    "text": "sqle"
                  },
                  "endToken": {
                    "kind": 94,
                    "text": "sqle"
                  }
                },
                "identifier": "sqle"
              },
              "type": {
                "!": "com.github.javaparser.ast.type.ClassOrInterfaceType",
                "range": {
                  "beginLine": 2,
                  "beginColumn": 39,
                  "endLine": 2,
                  "endColumn": 50
                },
                "tokenRange": {
                  "beginToken": {
                    "kind": 94,
                    "text": "SQLException"
                  },
                  "endToken": {
                    "kind": 94,
                    "text": "SQLException"
                  }
                },
                "name": {
                  "!": "com.github.javaparser.ast.expr.SimpleName",
                  "range": {
                    "beginLine": 2,
                    "beginColumn": 39,
                    "endLine": 2,
                    "endColumn": 50
                  },
                  "tokenRange": {
                    "beginToken": {
                      "kind": 94,
                      "text": "SQLException"
                    },
                    "endToken": {
                      "kind": 94,
                      "text": "SQLException"
                    }
                  },
                  "identifier": "SQLException"
                },
                "annotations": []
              },
              "varArgsAnnotations": []
            }
          ],
          "thrownExceptions": [],
          "typeParameters": [],
          "annotations": []
        }
      ],
      "modifiers": [],
      "name": {
        "!": "com.github.javaparser.ast.expr.SimpleName",
        "range": {
          "beginLine": 1,
          "beginColumn": 7,
          "endLine": 1,
          "endColumn": 10
        },
        "tokenRange": {
          "beginToken": {
            "kind": 94,
            "text": "Test"
          },
          "endToken": {
            "kind": 94,
            "text": "Test"
          }
        },
        "identifier": "Test"
      },
      "annotations": []
    }
  ]
}