{"!":"com.github.javaparser.ast.CompilationUnit","range":{"beginLine":1,"beginColumn":1,"endLine":35,"endColumn":2},"tokenRange":{"beginToken":{"kind":19,"text":"class"},"endToken":{"kind":0,"text":""}},"imports":[],"types":[{"!":"com.github.javaparser.ast.body.ClassOrInterfaceDeclaration","range":{"beginLine":1,"beginColumn":1,"endLine":35,"endColumn":2},"tokenRange":{"beginToken":{"kind":19,"text":"class"},"endToken":{"kind":100,"text":"}"}},"extendedTypes":[],"implementedTypes":[],"isInterface":"false","typeParameters":[],"members":[{"!":"com.github.javaparser.ast.body.MethodDeclaration","range":{"beginLine":2,"beginColumn":2,"endLine":33,"endColumn":2},"tokenRange":{"beginToken":{"kind":107,"text":"@"},"endToken":{"kind":100,"text":"}"}},"body":{"!":"com.github.javaparser.ast.stmt.BlockStmt","range":{"beginLine":3,"beginColumn":60,"endLine":33,"endColumn":2},"tokenRange":{"beginToken":{"kind":99,"text":"{"},"endToken":{"kind":100,"text":"}"}},"statements":[{"!":"com.github.javaparser.ast.stmt.ExpressionStmt","range":{"beginLine":4,"beginColumn":3,"endLine":10,"endColumn":4},"tokenRange":{"beginToken":{"kind":94,"text":"CriteriaExecutor"},"endToken":{"kind":103,"text":";"}},"expression":{"!":"com.github.javaparser.ast.expr.VariableDeclarationExpr","range":{"beginLine":4,"beginColumn":3,"endLine":10,"endColumn":3},"tokenRange":{"beginToken":{"kind":94,"text":"CriteriaExecutor"},"endToken":{"kind":100,"text":"}"}},"annotations":[],"modifiers":[],"variables":[{"!":"com.github.javaparser.ast.body.VariableDeclarator","range":{"beginLine":4,"beginColumn":20,"endLine":10,"endColumn":3},"tokenRange":{"beginToken":{"kind":94,"text":"criteriaExecutor"},"endToken":{"kind":100,"text":"}"}},"initializer":{"!":"com.github.javaparser.ast.expr.ObjectCreationExpr","range":{"beginLine":4,"beginColumn":39,"endLine":10,"endColumn":3},"tokenRange":{"beginToken":{"kind":42,"text":"new"},"endToken":{"kind":100,"text":"}"}},"anonymousClassBody":[{"!":"com.github.javaparser.ast.body.MethodDeclaration","range":{"beginLine":5,"beginColumn":4,"endLine":9,"endColumn":4},"tokenRange":{"beginToken":{"kind":46,"text":"protected"},"endToken":{"kind":100,"text":"}"}},"body":{"!":"com.github.javaparser.ast.stmt.BlockStmt","range":{"beginLine":5,"beginColumn":46,"endLine":9,"endColumn":4},"tokenRange":{"beginToken":{"kind":99,"text":"{"},"endToken":{"kind":100,"text":"}"}},"statements":[{"!":"com.github.javaparser.ast.stmt.ReturnStmt","range":{"beginLine":7,"beginColumn":5,"endLine":8,"endColumn":48},"tokenRange":{"beginToken":{"kind":49,"text":"return"},"endToken":{"kind":103,"text":";"}},"expression":{"!":"com.github.javaparser.ast.expr.MethodCallExpr","range":{"beginLine":7,"beginColumn":12,"endLine":8,"endColumn":47},"tokenRange":{"beginToken":{"kind":94,"text":"s"},"endToken":{"kind":98,"text":")"}},"arguments":[{"!":"com.github.javaparser.ast.expr.MethodCallExpr","range":{"beginLine":8,"beginColumn":18,"endLine":8,"endColumn":45},"tokenRange":{"beginToken":{"kind":94,"text":"Order"},"endToken":{"kind":98,"text":")"}},"arguments":[{"!":"com.github.javaparser.ast.expr.StringLiteralExpr","range":{"beginLine":8,"beginColumn":29,"endLine":8,"endColumn":43},"tokenRange":{"beginToken":{"kind":90,"text":"\"studentNumber\""},"endToken":{"kind":90,"text":"\"studentNumber\""}},"value":"studentNumber"}],"name":{"!":"com.github.javaparser.ast.expr.SimpleName","range":{"beginLine":8,"beginColumn":24,"endLine":8,"endColumn":26},"tokenRange":{"beginToken":{"kind":94,"text":"asc"},"endToken":{"kind":94,"text":"asc"}},"identifier":"asc"},"scope":{"!":"com.github.javaparser.ast.expr.NameExpr","range":{"beginLine":8,"beginColumn":18,"endLine":8,"endColumn":22},"tokenRange":{"beginToken":{"kind":94,"text":"Order"},"endToken":{"kind":94,"text":"Order"}},"name":{"!":"com.github.javaparser.ast.expr.SimpleName","range":{"beginLine":8,"beginColumn":18,"endLine":8,"endColumn":22},"tokenRange":{"beginToken":{"kind":94,"text":"Order"},"endToken":{"kind":94,"text":"Order"}},"identifier":"Order"}}}],"name":{"!":"com.github.javaparser.ast.expr.SimpleName","range":{"beginLine":8,"beginColumn":8,"endLine":8,"endColumn":15},"tokenRange":{"beginToken":{"kind":94,"text":"addOrder"},"endToken":{"kind":94,"text":"addOrder"}},"identifier":"addOrder"},"scope":{"!":"com.github.javaparser.ast.expr.MethodCallExpr","range":{"beginLine":7,"beginColumn":12,"endLine":7,"endColumn":44},"tokenRange":{"beginToken":{"kind":94,"text":"s"},"endToken":{"kind":98,"text":")"}},"arguments":[{"!":"com.github.javaparser.ast.expr.ClassExpr","range":{"beginLine":7,"beginColumn":30,"endLine":7,"endColumn":42},"tokenRange":{"beginToken":{"kind":94,"text":"Student"},"endToken":{"kind":19,"text":"class"}},"type":{"!":"com.github.javaparser.ast.type.ClassOrInterfaceType","range":{"beginLine":7,"beginColumn":30,"endLine":7,"endColumn":36},"tokenRange":{"beginToken":{"kind":94,"text":"Student"},"endToken":{"kind":94,"text":"Student"}},"name":{"!":"com.github.javaparser.ast.expr.SimpleName","range":{"beginLine":7,"beginColumn":30,"endLine":7,"endColumn":36},"tokenRange":{"beginToken":{"kind":94,"text":"Student"},"endToken":{"kind":94,"text":"Student"}},"identifier":"Student"},"annotations":[]}}],"name":{"!":"com.github.javaparser.ast.expr.SimpleName","range":{"beginLine":7,"beginColumn":14,"endLine":7,"endColumn":27},"tokenRange":{"beginToken":{"kind":94,"text":"createCriteria"},"endToken":{"kind":94,"text":"createCriteria"}},"identifier":"createCriteria"},"scope":{"!":"com.github.javaparser.ast.expr.NameExpr","range":{"beginLine":7,"beginColumn":12,"endLine":7,"endColumn":12},"tokenRange":{"beginToken":{"kind":94,"text":"s"},"endToken":{"kind":94,"text":"s"}},"name":{"!":"com.github.javaparser.ast.expr.SimpleName","range":{"beginLine":7,"beginColumn":12,"endLine":7,"endColumn":12},"tokenRange":{"beginToken":{"kind":94,"text":"s"},"endToken":{"kind":94,"text":"s"}},"identifier":"s"}}}},"comment":{"!":"com.github.javaparser.ast.comments.LineComment","range":{"beginLine":6,"beginColumn":5,"endLine":6,"endColumn":50},"tokenRange":{"beginToken":{"kind":5,"text":"// should use RootEntityTransformer by default"},"endToken":{"kind":5,"text":"// should use RootEntityTransformer by default"}},"content":" should use RootEntityTransformer by default"}}]},"type":{"!":"com.github.javaparser.ast.type.ClassOrInterfaceType","range":{"beginLine":5,"beginColumn":14,"endLine":5,"endColumn":21},"tokenRange":{"beginToken":{"kind":94,"text":"Criteria"},"endToken":{"kind":94,"text":"Criteria"}},"name":{"!":"com.github.javaparser.ast.expr.SimpleName","range":{"beginLine":5,"beginColumn":14,"endLine":5,"endColumn":21},"tokenRange":{"beginToken":{"kind":94,"text":"Criteria"},"endToken":{"kind":94,"text":"Criteria"}},"identifier":"Criteria"},"annotations":[]},"modifiers":[{"!":"com.github.javaparser.ast.Modifier","range":{"beginLine":5,"beginColumn":4,"endLine":5,"endColumn":12},"tokenRange":{"beginToken":{"kind":46,"text":"protected"},"endToken":{"kind":46,"text":"protected"}},"keyword":"PROTECTED"}],"name":{"!":"com.github.javaparser.ast.expr.SimpleName","range":{"beginLine":5,"beginColumn":23,"endLine":5,"endColumn":33},"tokenRange":{"beginToken":{"kind":94,"text":"getCriteria"},"endToken":{"kind":94,"text":"getCriteria"}},"identifier":"getCriteria"},"parameters":[{"!":"com.github.javaparser.ast.body.Parameter","range":{"beginLine":5,"beginColumn":35,"endLine":5,"endColumn":43},"tokenRange":{"beginToken":{"kind":94,"text":"Session"},"endToken":{"kind":94,"text":"s"}},"annotations":[],"isVarArgs":"false","modifiers":[],"name":{"!":"com.github.javaparser.ast.expr.SimpleName","range":{"beginLine":5,"beginColumn":43,"endLine":5,"endColumn":43},"tokenRange":{"beginToken":{"kind":94,"text":"s"},"endToken":{"kind":94,"text":"s"}},"identifier":"s"},"type":{"!":"com.github.javaparser.ast.type.ClassOrInterfaceType","range":{"beginLine":5,"beginColumn":35,"endLine":5,"endColumn":41},"tokenRange":{"beginToken":{"kind":94,"text":"Session"},"endToken":{"kind":94,"text":"Session"}},"name":{"!":"com.github.javaparser.ast.expr.SimpleName","range":{"beginLine":5,"beginColumn":35,"endLine":5,"endColumn":41},"tokenRange":{"beginToken":{"kind":94,"text":"Session"},"endToken":{"kind":94,"text":"Session"}},"identifier":"Session"},"annotations":[]},"varArgsAnnotations":[]}],"thrownExceptions":[],"typeParameters":[],"annotations":[]}],"arguments":[],"type":{"!":"com.github.javaparser.ast.type.ClassOrInterfaceType","range":{"beginLine":4,"beginColumn":43,"endLine":4,"endColumn":58},"tokenRange":{"beginToken":{"kind":94,"text":"CriteriaExecutor"},"endToken":{"kind":94,"text":"CriteriaExecutor"}},"name":{"!":"com.github.javaparser.ast.expr.SimpleName","range":{"beginLine":4,"beginColumn":43,"endLine":4,"endColumn":58},"tokenRange":{"beginToken":{"kind":94,"text":"CriteriaExecutor"},"endToken":{"kind":94,"text":"CriteriaExecutor"}},"identifier":"CriteriaExecutor"},"annotations":[]}},"name":{"!":"com.github.javaparser.ast.expr.SimpleName","range":{"beginLine":4,"beginColumn":20,"endLine":4,"endColumn":35},"tokenRange":{"beginToken":{"kind":94,"text":"criteriaExecutor"},"endToken":{"kind":94,"text":"criteriaExecutor"}},"identifier":"criteriaExecutor"},"type":{"!":"com.github.javaparser.ast.type.ClassOrInterfaceType","range":{"beginLine":4,"beginColumn":3,"endLine":4,"endColumn":18},"tokenRange":{"beginToken":{"kind":94,"text":"CriteriaExecutor"},"endToken":{"kind":94,"text":"CriteriaExecutor"}},"name":{"!":"com.github.javaparser.ast.expr.SimpleName","range":{"beginLine":4,"beginColumn":3,"endLine":4,"endColumn":18},"tokenRange":{"beginToken":{"kind":94,"text":"CriteriaExecutor"},"endToken":{"kind":94,"text":"CriteriaExecutor"}},"identifier":"CriteriaExecutor"},"annotations":[]}}]}},{"!":"com.github.javaparser.ast.stmt.ExpressionStmt","range":{"beginLine":11,"beginColumn":3,"endLine":15,"endColumn":4},"tokenRange":{"beginToken":{"kind":94,"text":"HqlExecutor"},"endToken":{"kind":103,"text":";"}},"expression":{"!":"com.github.javaparser.ast.expr.VariableDeclarationExpr","range":{"beginLine":11,"beginColumn":3,"endLine":15,"endColumn":3},"tokenRange":{"beginToken":{"kind":94,"text":"HqlExecutor"},"endToken":{"kind":100,"text":"}"}},"annotations":[],"modifiers":[],"variables":[{"!":"com.github.javaparser.ast.body.VariableDeclarator","range":{"beginLine":11,"beginColumn":15,"endLine":15,"endColumn":3},"tokenRange":{"beginToken":{"kind":94,"text":"hqlExecutor"},"endToken":{"kind":100,"text":"}"}},"initializer":{"!":"com.github.javaparser.ast.expr.ObjectCreationExpr","range":{"beginLine":11,"beginColumn":29,"endLine":15,"endColumn":3},"tokenRange":{"beginToken":{"kind":42,"text":"new"},"endToken":{"kind":100,"text":"}"}},"anonymousClassBody":[{"!":"com.github.javaparser.ast.body.MethodDeclaration","range":{"beginLine":12,"beginColumn":4,"endLine":14,"endColumn":4},"tokenRange":{"beginToken":{"kind":47,"text":"public"},"endToken":{"kind":100,"text":"}"}},"body":{"!":"com.github.javaparser.ast.stmt.BlockStmt","range":{"beginLine":12,"beginColumn":37,"endLine":14,"endColumn":4},"tokenRange":{"beginToken":{"kind":99,"text":"{"},"endToken":{"kind":100,"text":"}"}},"statements":[{"!":"com.github.javaparser.ast.stmt.ReturnStmt","range":{"beginLine":13,"beginColumn":5,"endLine":13,"endColumn":66},"tokenRange":{"beginToken":{"kind":49,"text":"return"},"endToken":{"kind":103,"text":";"}},"expression":{"!":"com.github.javaparser.ast.expr.MethodCallExpr","range":{"beginLine":13,"beginColumn":12,"endLine":13,"endColumn":65},"tokenRange":{"beginToken":{"kind":94,"text":"s"},"endToken":{"kind":98,"text":")"}},"arguments":[{"!":"com.github.javaparser.ast.expr.StringLiteralExpr","range":{"beginLine":13,"beginColumn":27,"endLine":13,"endColumn":63},"tokenRange":{"beginToken":{"kind":90,"text":"\"from Student order by studentNumber\""},"endToken":{"kind":90,"text":"\"from Student order by studentNumber\""}},"value":"from Student order by studentNumber"}],"name":{"!":"com.github.javaparser.ast.expr.SimpleName","range":{"beginLine":13,"beginColumn":14,"endLine":13,"endColumn":24},"tokenRange":{"beginToken":{"kind":94,"text":"createQuery"},"endToken":{"kind":94,"text":"createQuery"}},"identifier":"createQuery"},"scope":{"!":"com.github.javaparser.ast.expr.NameExpr","range":{"beginLine":13,"beginColumn":12,"endLine":13,"endColumn":12},"tokenRange":{"beginToken":{"kind":94,"text":"s"},"endToken":{"kind":94,"text":"s"}},"name":{"!":"com.github.javaparser.ast.expr.SimpleName","range":{"beginLine":13,"beginColumn":12,"endLine":13,"endColumn":12},"tokenRange":{"beginToken":{"kind":94,"text":"s"},"endToken":{"kind":94,"text":"s"}},"identifier":"s"}}}}]},"type":{"!":"com.github.javaparser.ast.type.ClassOrInterfaceType","range":{"beginLine":12,"beginColumn":11,"endLine":12,"endColumn":15},"tokenRange":{"beginToken":{"kind":94,"text":"Query"},"endToken":{"kind":94,"text":"Query"}},"name":{"!":"com.github.javaparser.ast.expr.SimpleName","range":{"beginLine":12,"beginColumn":11,"endLine":12,"endColumn":15},"tokenRange":{"beginToken":{"kind":94,"text":"Query"},"endToken":{"kind":94,"text":"Query"}},"identifier":"Query"},"annotations":[]},"modifiers":[{"!":"com.github.javaparser.ast.Modifier","range":{"beginLine":12,"beginColumn":4,"endLine":12,"endColumn":9},"tokenRange":{"beginToken":{"kind":47,"text":"public"},"endToken":{"kind":47,"text":"public"}},"keyword":"PUBLIC"}],"name":{"!":"com.github.javaparser.ast.expr.SimpleName","range":{"beginLine":12,"beginColumn":17,"endLine":12,"endColumn":24},"tokenRange":{"beginToken":{"kind":94,"text":"getQuery"},"endToken":{"kind":94,"text":"getQuery"}},"identifier":"getQuery"},"parameters":[{"!":"com.github.javaparser.ast.body.Parameter","range":{"beginLine":12,"beginColumn":26,"endLine":12,"endColumn":34},"tokenRange":{"beginToken":{"kind":94,"text":"Session"},"endToken":{"kind":94,"text":"s"}},"annotations":[],"isVarArgs":"false","modifiers":[],"name":{"!":"com.github.javaparser.ast.expr.SimpleName","range":{"beginLine":12,"beginColumn":34,"endLine":12,"endColumn":34},"tokenRange":{"beginToken":{"kind":94,"text":"s"},"endToken":{"kind":94,"text":"s"}},"identifier":"s"},"type":{"!":"com.github.javaparser.ast.type.ClassOrInterfaceType","range":{"beginLine":12,"beginColumn":26,"endLine":12,"endColumn":32},"tokenRange":{"beginToken":{"kind":94,"text":"Session"},"endToken":{"kind":94,"text":"Session"}},"name":{"!":"com.github.javaparser.ast.expr.SimpleName","range":{"beginLine":12,"beginColumn":26,"endLine":12,"endColumn":32},"tokenRange":{"beginToken":{"kind":94,"text":"Session"},"endToken":{"kind":94,"text":"Session"}},"identifier":"Session"},"annotations":[]},"varArgsAnnotations":[]}],"thrownExceptions":[],"typeParameters":[],"annotations":[]}],"arguments":[],"type":{"!":"com.github.javaparser.ast.type.ClassOrInterfaceType","range":{"beginLine":11,"beginColumn":33,"endLine":11,"endColumn":43},"tokenRange":{"beginToken":{"kind":94,"text":"HqlExecutor"},"endToken":{"kind":94,"text":"HqlExecutor"}},"name":{"!":"com.github.javaparser.ast.expr.SimpleName","range":{"beginLine":11,"beginColumn":33,"endLine":11,"endColumn":43},"tokenRange":{"beginToken":{"kind":94,"text":"HqlExecutor"},"endToken":{"kind":94,"text":"HqlExecutor"}},"identifier":"HqlExecutor"},"annotations":[]}},"name":{"!":"com.github.javaparser.ast.expr.SimpleName","range":{"beginLine":11,"beginColumn":15,"endLine":11,"endColumn":25},"tokenRange":{"beginToken":{"kind":94,"text":"hqlExecutor"},"endToken":{"kind":94,"text":"hqlExecutor"}},"identifier":"hqlExecutor"},"type":{"!":"com.github.javaparser.ast.type.ClassOrInterfaceType","range":{"beginLine":11,"beginColumn":3,"endLine":11,"endColumn":13},"tokenRange":{"beginToken":{"kind":94,"text":"HqlExecutor"},"endToken":{"kind":94,"text":"HqlExecutor"}},"name":{"!":"com.github.javaparser.ast.expr.SimpleName","range":{"beginLine":11,"beginColumn":3,"endLine":11,"endColumn":13},"tokenRange":{"beginToken":{"kind":94,"text":"HqlExecutor"},"endToken":{"kind":94,"text":"HqlExecutor"}},"identifier":"HqlExecutor"},"annotations":[]}}]}},{"!":"com.github.javaparser.ast.stmt.ExpressionStmt","range":{"beginLine":16,"beginColumn":3,"endLine":31,"endColumn":4},"tokenRange":{"beginToken":{"kind":94,"text":"ResultChecker"},"endToken":{"kind":103,"text":";"}},"expression":{"!":"com.github.javaparser.ast.expr.VariableDeclarationExpr","range":{"beginLine":16,"beginColumn":3,"endLine":31,"endColumn":3},"tokenRange":{"beginToken":{"kind":94,"text":"ResultChecker"},"endToken":{"kind":100,"text":"}"}},"annotations":[],"modifiers":[],"variables":[{"!":"com.github.javaparser.ast.body.VariableDeclarator","range":{"beginLine":16,"beginColumn":17,"endLine":31,"endColumn":3},"tokenRange":{"beginToken":{"kind":94,"text":"checker"},"endToken":{"kind":100,"text":"}"}},"initializer":{"!":"com.github.javaparser.ast.expr.ObjectCreationExpr","range":{"beginLine":16,"beginColumn":27,"endLine":31,"endColumn":3},"tokenRange":{"beginToken":{"kind":42,"text":"new"},"endToken":{"kind":100,"text":"}"}},"anonymousClassBody":[{"!":"com.github.javaparser.ast.body.MethodDeclaration","range":{"beginLine":17,"beginColumn":4,"endLine":30,"endColumn":4},"tokenRange":{"beginToken":{"kind":47,"text":"public"},"endToken":{"kind":100,"text":"}"}},"body":{"!":"com.github.javaparser.ast.stmt.BlockStmt","range":{"beginLine":17,"beginColumn":38,"endLine":30,"endColumn":4},"tokenRange":{"beginToken":{"kind":99,"text":"{"},"endToken":{"kind":100,"text":"}"}},"statements":[{"!":"com.github.javaparser.ast.stmt.ExpressionStmt","range":{"beginLine":18,"beginColumn":5,"endLine":18,"endColumn":39},"tokenRange":{"beginToken":{"kind":94,"text":"List"},"endToken":{"kind":103,"text":";"}},"expression":{"!":"com.github.javaparser.ast.expr.VariableDeclarationExpr","range":{"beginLine":18,"beginColumn":5,"endLine":18,"endColumn":38},"tokenRange":{"beginToken":{"kind":94,"text":"List"},"endToken":{"kind":94,"text":"results"}},"annotations":[],"modifiers":[],"variables":[{"!":"com.github.javaparser.ast.body.VariableDeclarator","range":{"beginLine":18,"beginColumn":10,"endLine":18,"endColumn":38},"tokenRange":{"beginToken":{"kind":94,"text":"resultList"},"endToken":{"kind":94,"text":"results"}},"initializer":{"!":"com.github.javaparser.ast.expr.CastExpr","range":{"beginLine":18,"beginColumn":23,"endLine":18,"endColumn":38},"tokenRange":{"beginToken":{"kind":97,"text":"("},"endToken":{"kind":94,"text":"results"}},"expression":{"!":"com.github.javaparser.ast.expr.NameExpr","range":{"beginLine":18,"beginColumn":32,"endLine":18,"endColumn":38},"tokenRange":{"beginToken":{"kind":94,"text":"results"},"endToken":{"kind":94,"text":"results"}},"name":{"!":"com.github.javaparser.ast.expr.SimpleName","range":{"beginLine":18,"beginColumn":32,"endLine":18,"endColumn":38},"tokenRange":{"beginToken":{"kind":94,"text":"results"},"endToken":{"kind":94,"text":"results"}},"identifier":"results"}},"type":{"!":"com.github.javaparser.ast.type.ClassOrInterfaceType","range":{"beginLine":18,"beginColumn":25,"endLine":18,"endColumn":28},"tokenRange":{"beginToken":{"kind":94,"text":"List"},"endToken":{"kind":94,"text":"List"}},"name":{"!":"com.github.javaparser.ast.expr.SimpleName","range":{"beginLine":18,"beginColumn":25,"endLine":18,"endColumn":28},"tokenRange":{"beginToken":{"kind":94,"text":"List"},"endToken":{"kind":94,"text":"List"}},"identifier":"List"},"annotations":[]}},"name":{"!":"com.github.javaparser.ast.expr.SimpleName","range":{"beginLine":18,"beginColumn":10,"endLine":18,"endColumn":19},"tokenRange":{"beginToken":{"kind":94,"text":"resultList"},"endToken":{"kind":94,"text":"resultList"}},"identifier":"resultList"},"type":{"!":"com.github.javaparser.ast.type.ClassOrInterfaceType","range":{"beginLine":18,"beginColumn":5,"endLine":18,"endColumn":8},"tokenRange":{"beginToken":{"kind":94,"text":"List"},"endToken":{"kind":94,"text":"List"}},"name":{"!":"com.github.javaparser.ast.expr.SimpleName","range":{"beginLine":18,"beginColumn":5,"endLine":18,"endColumn":8},"tokenRange":{"beginToken":{"kind":94,"text":"List"},"endToken":{"kind":94,"text":"List"}},"identifier":"List"},"annotations":[]}}]}},{"!":"com.github.javaparser.ast.stmt.ExpressionStmt","range":{"beginLine":19,"beginColumn":5,"endLine":19,"endColumn":41},"tokenRange":{"beginToken":{"kind":94,"text":"assertEquals"},"endToken":{"kind":103,"text":";"}},"expression":{"!":"com.github.javaparser.ast.expr.MethodCallExpr","range":{"beginLine":19,"beginColumn":5,"endLine":19,"endColumn":40},"tokenRange":{"beginToken":{"kind":94,"text":"assertEquals"},"endToken":{"kind":98,"text":")"}},"arguments":[{"!":"com.github.javaparser.ast.expr.IntegerLiteralExpr","range":{"beginLine":19,"beginColumn":19,"endLine":19,"endColumn":19},"tokenRange":{"beginToken":{"kind":77,"text":"2"},"endToken":{"kind":77,"text":"2"}},"value":"2"},{"!":"com.github.javaparser.ast.expr.MethodCallExpr","range":{"beginLine":19,"beginColumn":22,"endLine":19,"endColumn":38},"tokenRange":{"beginToken":{"kind":94,"text":"resultList"},"endToken":{"kind":98,"text":")"}},"arguments":[],"name":{"!":"com.github.javaparser.ast.expr.SimpleName","range":{"beginLine":19,"beginColumn":33,"endLine":19,"endColumn":36},"tokenRange":{"beginToken":{"kind":94,"text":"size"},"endToken":{"kind":94,"text":"size"}},"identifier":"size"},"scope":{"!":"com.github.javaparser.ast.expr.NameExpr","range":{"beginLine":19,"beginColumn":22,"endLine":19,"endColumn":31},"tokenRange":{"beginToken":{"kind":94,"text":"resultList"},"endToken":{"kind":94,"text":"resultList"}},"name":{"!":"com.github.javaparser.ast.expr.SimpleName","range":{"beginLine":19,"beginColumn":22,"endLine":19,"endColumn":31},"tokenRange":{"beginToken":{"kind":94,"text":"resultList"},"endToken":{"kind":94,"text":"resultList"}},"identifier":"resultList"}}}],"name":{"!":"com.github.javaparser.ast.expr.SimpleName","range":{"beginLine":19,"beginColumn":5,"endLine":19,"endColumn":16},"tokenRange":{"beginToken":{"kind":94,"text":"assertEquals"},"endToken":{"kind":94,"text":"assertEquals"}},"identifier":"assertEquals"}}},{"!":"com.github.javaparser.ast.stmt.ExpressionStmt","range":{"beginLine":20,"beginColumn":5,"endLine":20,"endColumn":54},"tokenRange":{"beginToken":{"kind":94,"text":"assertEquals"},"endToken":{"kind":103,"text":";"}},"expression":{"!":"com.github.javaparser.ast.expr.MethodCallExpr","range":{"beginLine":20,"beginColumn":5,"endLine":20,"endColumn":53},"tokenRange":{"beginToken":{"kind":94,"text":"assertEquals"},"endToken":{"kind":98,"text":")"}},"arguments":[{"!":"com.github.javaparser.ast.expr.NameExpr","range":{"beginLine":20,"beginColumn":19,"endLine":20,"endColumn":30},"tokenRange":{"beginToken":{"kind":94,"text":"yogiExpected"},"endToken":{"kind":94,"text":"yogiExpected"}},"name":{"!":"com.github.javaparser.ast.expr.SimpleName","range":{"beginLine":20,"beginColumn":19,"endLine":20,"endColumn":30},"tokenRange":{"beginToken":{"kind":94,"text":"yogiExpected"},"endToken":{"kind":94,"text":"yogiExpected"}},"identifier":"yogiExpected"}},{"!":"com.github.javaparser.ast.expr.MethodCallExpr","range":{"beginLine":20,"beginColumn":33,"endLine":20,"endColumn":51},"tokenRange":{"beginToken":{"kind":94,"text":"resultList"},"endToken":{"kind":98,"text":")"}},"arguments":[{"!":"com.github.javaparser.ast.expr.IntegerLiteralExpr","range":{"beginLine":20,"beginColumn":49,"endLine":20,"endColumn":49},"tokenRange":{"beginToken":{"kind":77,"text":"0"},"endToken":{"kind":77,"text":"0"}},"value":"0"}],"name":{"!":"com.github.javaparser.ast.expr.SimpleName","range":{"beginLine":20,"beginColumn":44,"endLine":20,"endColumn":46},"tokenRange":{"beginToken":{"kind":94,"text":"get"},"endToken":{"kind":94,"text":"get"}},"identifier":"get"},"scope":{"!":"com.github.javaparser.ast.expr.NameExpr","range":{"beginLine":20,"beginColumn":33,"endLine":20,"endColumn":42},"tokenRange":{"beginToken":{"kind":94,"text":"resultList"},"endToken":{"kind":94,"text":"resultList"}},"name":{"!":"com.github.javaparser.ast.expr.SimpleName","range":{"beginLine":20,"beginColumn":33,"endLine":20,"endColumn":42},"tokenRange":{"beginToken":{"kind":94,"text":"resultList"},"endToken":{"kind":94,"text":"resultList"}},"identifier":"resultList"}}}],"name":{"!":"com.github.javaparser.ast.expr.SimpleName","range":{"beginLine":20,"beginColumn":5,"endLine":20,"endColumn":16},"tokenRange":{"beginToken":{"kind":94,"text":"assertEquals"},"endToken":{"kind":94,"text":"assertEquals"}},"identifier":"assertEquals"}}},{"!":"com.github.javaparser.ast.stmt.ExpressionStmt","range":{"beginLine":21,"beginColumn":5,"endLine":21,"endColumn":57},"tokenRange":{"beginToken":{"kind":94,"text":"assertEquals"},"endToken":{"kind":103,"text":";"}},"expression":{"!":"com.github.javaparser.ast.expr.MethodCallExpr","range":{"beginLine":21,"beginColumn":5,"endLine":21,"endColumn":56},"tokenRange":{"beginToken":{"kind":94,"text":"assertEquals"},"endToken":{"kind":98,"text":")"}},"arguments":[{"!":"com.github.javaparser.ast.expr.NameExpr","range":{"beginLine":21,"beginColumn":19,"endLine":21,"endColumn":33},"tokenRange":{"beginToken":{"kind":94,"text":"shermanExpected"},"endToken":{"kind":94,"text":"shermanExpected"}},"name":{"!":"com.github.javaparser.ast.expr.SimpleName","range":{"beginLine":21,"beginColumn":19,"endLine":21,"endColumn":33},"tokenRange":{"beginToken":{"kind":94,"text":"shermanExpected"},"endToken":{"kind":94,"text":"shermanExpected"}},"identifier":"shermanExpected"}},{"!":"com.github.javaparser.ast.expr.MethodCallExpr","range":{"beginLine":21,"beginColumn":36,"endLine":21,"endColumn":54},"tokenRange":{"beginToken":{"kind":94,"text":"resultList"},"endToken":{"kind":98,"text":")"}},"arguments":[{"!":"com.github.javaparser.ast.expr.IntegerLiteralExpr","range":{"beginLine":21,"beginColumn":52,"endLine":21,"endColumn":52},"tokenRange":{"beginToken":{"kind":77,"text":"1"},"endToken":{"kind":77,"text":"1"}},"value":"1"}],"name":{"!":"com.github.javaparser.ast.expr.SimpleName","range":{"beginLine":21,"beginColumn":47,"endLine":21,"endColumn":49},"tokenRange":{"beginToken":{"kind":94,"text":"get"},"endToken":{"kind":94,"text":"get"}},"identifier":"get"},"scope":{"!":"com.github.javaparser.ast.expr.NameExpr","range":{"beginLine":21,"beginColumn":36,"endLine":21,"endColumn":45},"tokenRange":{"beginToken":{"kind":94,"text":"resultList"},"endToken":{"kind":94,"text":"resultList"}},"name":{"!":"com.github.javaparser.ast.expr.SimpleName","range":{"beginLine":21,"beginColumn":36,"endLine":21,"endColumn":45},"tokenRange":{"beginToken":{"kind":94,"text":"resultList"},"endToken":{"kind":94,"text":"resultList"}},"identifier":"resultList"}}}],"name":{"!":"com.github.javaparser.ast.expr.SimpleName","range":{"beginLine":21,"beginColumn":5,"endLine":21,"endColumn":16},"tokenRange":{"beginToken":{"kind":94,"text":"assertEquals"},"endToken":{"kind":94,"text":"assertEquals"}},"identifier":"assertEquals"}}},{"!":"com.github.javaparser.ast.stmt.ExpressionStmt","range":{"beginLine":22,"beginColumn":5,"endLine":22,"endColumn":69},"tokenRange":{"beginToken":{"kind":94,"text":"assertNotNull"},"endToken":{"kind":103,"text":";"}},"expression":{"!":"com.github.javaparser.ast.expr.MethodCallExpr","range":{"beginLine":22,"beginColumn":5,"endLine":22,"endColumn":68},"tokenRange":{"beginToken":{"kind":94,"text":"assertNotNull"},"endToken":{"kind":98,"text":")"}},"arguments":[{"!":"com.github.javaparser.ast.expr.MethodCallExpr","range":{"beginLine":22,"beginColumn":20,"endLine":22,"endColumn":66},"tokenRange":{"beginToken":{"kind":97,"text":"("},"endToken":{"kind":98,"text":")"}},"arguments":[],"name":{"!":"com.github.javaparser.ast.expr.SimpleName","range":{"beginLine":22,"beginColumn":52,"endLine":22,"endColumn":64},"tokenRange":{"beginToken":{"kind":94,"text":"getEnrolments"},"endToken":{"kind":94,"text":"getEnrolments"}},"identifier":"getEnrolments"},"scope":{"!":"com.github.javaparser.ast.expr.EnclosedExpr","range":{"beginLine":22,"beginColumn":20,"endLine":22,"endColumn":50},"tokenRange":{"beginToken":{"kind":97,"text":"("},"endToken":{"kind":98,"text":")"}},"inner":{"!":"com.github.javaparser.ast.expr.CastExpr","range":{"beginLine":22,"beginColumn":21,"endLine":22,"endColumn":49},"tokenRange":{"beginToken":{"kind":97,"text":"("},"endToken":{"kind":98,"text":")"}},"expression":{"!":"com.github.javaparser.ast.expr.MethodCallExpr","range":{"beginLine":22,"beginColumn":31,"endLine":22,"endColumn":49},"tokenRange":{"beginToken":{"kind":94,"text":"resultList"},"endToken":{"kind":98,"text":")"}},"arguments":[{"!":"com.github.javaparser.ast.expr.IntegerLiteralExpr","range":{"beginLine":22,"beginColumn":47,"endLine":22,"endColumn":47},"tokenRange":{"beginToken":{"kind":77,"text":"0"},"endToken":{"kind":77,"text":"0"}},"value":"0"}],"name":{"!":"com.github.javaparser.ast.expr.SimpleName","range":{"beginLine":22,"beginColumn":42,"endLine":22,"endColumn":44},"tokenRange":{"beginToken":{"kind":94,"text":"get"},"endToken":{"kind":94,"text":"get"}},"identifier":"get"},"scope":{"!":"com.github.javaparser.ast.expr.NameExpr","range":{"beginLine":22,"beginColumn":31,"endLine":22,"endColumn":40},"tokenRange":{"beginToken":{"kind":94,"text":"resultList"},"endToken":{"kind":94,"text":"resultList"}},"name":{"!":"com.github.javaparser.ast.expr.SimpleName","range":{"beginLine":22,"beginColumn":31,"endLine":22,"endColumn":40},"tokenRange":{"beginToken":{"kind":94,"text":"resultList"},"endToken":{"kind":94,"text":"resultList"}},"identifier":"resultList"}}},"type":{"!":"com.github.javaparser.ast.type.ClassOrInterfaceType","range":{"beginLine":22,"beginColumn":22,"endLine":22,"endColumn":28},"tokenRange":{"beginToken":{"kind":94,"text":"Student"},"endToken":{"kind":94,"text":"Student"}},"name":{"!":"com.github.javaparser.ast.expr.SimpleName","range":{"beginLine":22,"beginColumn":22,"endLine":22,"endColumn":28},"tokenRange":{"beginToken":{"kind":94,"text":"Student"},"endToken":{"kind":94,"text":"Student"}},"identifier":"Student"},"annotations":[]}}}}],"name":{"!":"com.github.javaparser.ast.expr.SimpleName","range":{"beginLine":22,"beginColumn":5,"endLine":22,"endColumn":17},"tokenRange":{"beginToken":{"kind":94,"text":"assertNotNull"},"endToken":{"kind":94,"text":"assertNotNull"}},"identifier":"assertNotNull"}}},{"!":"com.github.javaparser.ast.stmt.ExpressionStmt","range":{"beginLine":23,"beginColumn":5,"endLine":23,"endColumn":78},"tokenRange":{"beginToken":{"kind":94,"text":"assertNotNull"},"endToken":{"kind":103,"text":";"}},"expression":{"!":"com.github.javaparser.ast.expr.MethodCallExpr","range":{"beginLine":23,"beginColumn":5,"endLine":23,"endColumn":77},"tokenRange":{"beginToken":{"kind":94,"text":"assertNotNull"},"endToken":{"kind":98,"text":")"}},"arguments":[{"!":"com.github.javaparser.ast.expr.MethodCallExpr","range":{"beginLine":23,"beginColumn":20,"endLine":23,"endColumn":75},"tokenRange":{"beginToken":{"kind":97,"text":"("},"endToken":{"kind":98,"text":")"}},"arguments":[],"name":{"!":"com.github.javaparser.ast.expr.SimpleName","range":{"beginLine":23,"beginColumn":56,"endLine":23,"endColumn":73},"tokenRange":{"beginToken":{"kind":94,"text":"getPreferredCourse"},"endToken":{"kind":94,"text":"getPreferredCourse"}},"identifier":"getPreferredCourse"},"scope":{"!":"com.github.javaparser.ast.expr.EnclosedExpr","range":{"beginLine":23,"beginColumn":20,"endLine":23,"endColumn":54},"tokenRange":{"beginToken":{"kind":97,"text":"("},"endToken":{"kind":98,"text":")"}},"inner":{"!":"com.github.javaparser.ast.expr.CastExpr","range":{"beginLine":23,"beginColumn":22,"endLine":23,"endColumn":52},"tokenRange":{"beginToken":{"kind":97,"text":"("},"endToken":{"kind":98,"text":")"}},"expression":{"!":"com.github.javaparser.ast.expr.MethodCallExpr","range":{"beginLine":23,"beginColumn":34,"endLine":23,"endColumn":52},"tokenRange":{"beginToken":{"kind":94,"text":"resultList"},"endToken":{"kind":98,"text":")"}},"arguments":[{"!":"com.github.javaparser.ast.expr.IntegerLiteralExpr","range":{"beginLine":23,"beginColumn":50,"endLine":23,"endColumn":50},"tokenRange":{"beginToken":{"kind":77,"text":"0"},"endToken":{"kind":77,"text":"0"}},"value":"0"}],"name":{"!":"com.github.javaparser.ast.expr.SimpleName","range":{"beginLine":23,"beginColumn":45,"endLine":23,"endColumn":47},"tokenRange":{"beginToken":{"kind":94,"text":"get"},"endToken":{"kind":94,"text":"get"}},"identifier":"get"},"scope":{"!":"com.github.javaparser.ast.expr.NameExpr","range":{"beginLine":23,"beginColumn":34,"endLine":23,"endColumn":43},"tokenRange":{"beginToken":{"kind":94,"text":"resultList"},"endToken":{"kind":94,"text":"resultList"}},"name":{"!":"com.github.javaparser.ast.expr.SimpleName","range":{"beginLine":23,"beginColumn":34,"endLine":23,"endColumn":43},"tokenRange":{"beginToken":{"kind":94,"text":"resultList"},"endToken":{"kind":94,"text":"resultList"}},"identifier":"resultList"}}},"type":{"!":"com.github.javaparser.ast.type.ClassOrInterfaceType","range":{"beginLine":23,"beginColumn":24,"endLine":23,"endColumn":30},"tokenRange":{"beginToken":{"kind":94,"text":"Student"},"endToken":{"kind":94,"text":"Student"}},"name":{"!":"com.github.javaparser.ast.expr.SimpleName","range":{"beginLine":23,"beginColumn":24,"endLine":23,"endColumn":30},"tokenRange":{"beginToken":{"kind":94,"text":"Student"},"endToken":{"kind":94,"text":"Student"}},"identifier":"Student"},"annotations":[]}}}}],"name":{"!":"com.github.javaparser.ast.expr.SimpleName","range":{"beginLine":23,"beginColumn":5,"endLine":23,"endColumn":17},"tokenRange":{"beginToken":{"kind":94,"text":"assertNotNull"},"endToken":{"kind":94,"text":"assertNotNull"}},"identifier":"assertNotNull"}}},{"!":"com.github.javaparser.ast.stmt.ExpressionStmt","range":{"beginLine":24,"beginColumn":5,"endLine":24,"endColumn":73},"tokenRange":{"beginToken":{"kind":94,"text":"assertNotNull"},"endToken":{"kind":103,"text":";"}},"expression":{"!":"com.github.javaparser.ast.expr.MethodCallExpr","range":{"beginLine":24,"beginColumn":5,"endLine":24,"endColumn":72},"tokenRange":{"beginToken":{"kind":94,"text":"assertNotNull"},"endToken":{"kind":98,"text":")"}},"arguments":[{"!":"com.github.javaparser.ast.expr.MethodCallExpr","range":{"beginLine":24,"beginColumn":20,"endLine":24,"endColumn":70},"tokenRange":{"beginToken":{"kind":97,"text":"("},"endToken":{"kind":98,"text":")"}},"arguments":[],"name":{"!":"com.github.javaparser.ast.expr.SimpleName","range":{"beginLine":24,"beginColumn":56,"endLine":24,"endColumn":68},"tokenRange":{"beginToken":{"kind":94,"text":"getEnrolments"},"endToken":{"kind":94,"text":"getEnrolments"}},"identifier":"getEnrolments"},"scope":{"!":"com.github.javaparser.ast.expr.EnclosedExpr","range":{"beginLine":24,"beginColumn":20,"endLine":24,"endColumn":54},"tokenRange":{"beginToken":{"kind":97,"text":"("},"endToken":{"kind":98,"text":")"}},"inner":{"!":"com.github.javaparser.ast.expr.CastExpr","range":{"beginLine":24,"beginColumn":22,"endLine":24,"endColumn":52},"tokenRange":{"beginToken":{"kind":97,"text":"("},"endToken":{"kind":98,"text":")"}},"expression":{"!":"com.github.javaparser.ast.expr.MethodCallExpr","range":{"beginLine":24,"beginColumn":34,"endLine":24,"endColumn":52},"tokenRange":{"beginToken":{"kind":94,"text":"resultList"},"endToken":{"kind":98,"text":")"}},"arguments":[{"!":"com.github.javaparser.ast.expr.IntegerLiteralExpr","range":{"beginLine":24,"beginColumn":50,"endLine":24,"endColumn":50},"tokenRange":{"beginToken":{"kind":77,"text":"1"},"endToken":{"kind":77,"text":"1"}},"value":"1"}],"name":{"!":"com.github.javaparser.ast.expr.SimpleName","range":{"beginLine":24,"beginColumn":45,"endLine":24,"endColumn":47},"tokenRange":{"beginToken":{"kind":94,"text":"get"},"endToken":{"kind":94,"text":"get"}},"identifier":"get"},"scope":{"!":"com.github.javaparser.ast.expr.NameExpr","range":{"beginLine":24,"beginColumn":34,"endLine":24,"endColumn":43},"tokenRange":{"beginToken":{"kind":94,"text":"resultList"},"endToken":{"kind":94,"text":"resultList"}},"name":{"!":"com.github.javaparser.ast.expr.SimpleName","range":{"beginLine":24,"beginColumn":34,"endLine":24,"endColumn":43},"tokenRange":{"beginToken":{"kind":94,"text":"resultList"},"endToken":{"kind":94,"text":"resultList"}},"identifier":"resultList"}}},"type":{"!":"com.github.javaparser.ast.type.ClassOrInterfaceType","range":{"beginLine":24,"beginColumn":24,"endLine":24,"endColumn":30},"tokenRange":{"beginToken":{"kind":94,"text":"Student"},"endToken":{"kind":94,"text":"Student"}},"name":{"!":"com.github.javaparser.ast.expr.SimpleName","range":{"beginLine":24,"beginColumn":24,"endLine":24,"endColumn":30},"tokenRange":{"beginToken":{"kind":94,"text":"Student"},"endToken":{"kind":94,"text":"Student"}},"identifier":"Student"},"annotations":[]}}}}],"name":{"!":"com.github.javaparser.ast.expr.SimpleName","range":{"beginLine":24,"beginColumn":5,"endLine":24,"endColumn":17},"tokenRange":{"beginToken":{"kind":94,"text":"assertNotNull"},"endToken":{"kind":94,"text":"assertNotNull"}},"identifier":"assertNotNull"}}},{"!":"com.github.javaparser.ast.stmt.ExpressionStmt","range":{"beginLine":25,"beginColumn":5,"endLine":25,"endColumn":75},"tokenRange":{"beginToken":{"kind":94,"text":"assertNull"},"endToken":{"kind":103,"text":";"}},"expression":{"!":"com.github.javaparser.ast.expr.MethodCallExpr","range":{"beginLine":25,"beginColumn":5,"endLine":25,"endColumn":74},"tokenRange":{"beginToken":{"kind":94,"text":"assertNull"},"endToken":{"kind":98,"text":")"}},"arguments":[{"!":"com.github.javaparser.ast.expr.MethodCallExpr","range":{"beginLine":25,"beginColumn":17,"endLine":25,"endColumn":72},"tokenRange":{"beginToken":{"kind":97,"text":"("},"endToken":{"kind":98,"text":")"}},"arguments":[],"name":{"!":"com.github.javaparser.ast.expr.SimpleName","range":{"beginLine":25,"beginColumn":53,"endLine":25,"endColumn":70},"tokenRange":{"beginToken":{"kind":94,"text":"getPreferredCourse"},"endToken":{"kind":94,"text":"getPreferredCourse"}},"identifier":"getPreferredCourse"},"scope":{"!":"com.github.javaparser.ast.expr.EnclosedExpr","range":{"beginLine":25,"beginColumn":17,"endLine":25,"endColumn":51},"tokenRange":{"beginToken":{"kind":97,"text":"("},"endToken":{"kind":98,"text":")"}},"inner":{"!":"com.github.javaparser.ast.expr.CastExpr","range":{"beginLine":25,"beginColumn":19,"endLine":25,"endColumn":49},"tokenRange":{"beginToken":{"kind":97,"text":"("},"endToken":{"kind":98,"text":")"}},"expression":{"!":"com.github.javaparser.ast.expr.MethodCallExpr","range":{"beginLine":25,"beginColumn":31,"endLine":25,"endColumn":49},"tokenRange":{"beginToken":{"kind":94,"text":"resultList"},"endToken":{"kind":98,"text":")"}},"arguments":[{"!":"com.github.javaparser.ast.expr.IntegerLiteralExpr","range":{"beginLine":25,"beginColumn":47,"endLine":25,"endColumn":47},"tokenRange":{"beginToken":{"kind":77,"text":"1"},"endToken":{"kind":77,"text":"1"}},"value":"1"}],"name":{"!":"com.github.javaparser.ast.expr.SimpleName","range":{"beginLine":25,"beginColumn":42,"endLine":25,"endColumn":44},"tokenRange":{"beginToken":{"kind":94,"text":"get"},"endToken":{"kind":94,"text":"get"}},"identifier":"get"},"scope":{"!":"com.github.javaparser.ast.expr.NameExpr","range":{"beginLine":25,"beginColumn":31,"endLine":25,"endColumn":40},"tokenRange":{"beginToken":{"kind":94,"text":"resultList"},"endToken":{"kind":94,"text":"resultList"}},"name":{"!":"com.github.javaparser.ast.expr.SimpleName","range":{"beginLine":25,"beginColumn":31,"endLine":25,"endColumn":40},"tokenRange":{"beginToken":{"kind":94,"text":"resultList"},"endToken":{"kind":94,"text":"resultList"}},"identifier":"resultList"}}},"type":{"!":"com.github.javaparser.ast.type.ClassOrInterfaceType","range":{"beginLine":25,"beginColumn":21,"endLine":25,"endColumn":27},"tokenRange":{"beginToken":{"kind":94,"text":"Student"},"endToken":{"kind":94,"text":"Student"}},"name":{"!":"com.github.javaparser.ast.expr.SimpleName","range":{"beginLine":25,"beginColumn":21,"endLine":25,"endColumn":27},"tokenRange":{"beginToken":{"kind":94,"text":"Student"},"endToken":{"kind":94,"text":"Student"}},"identifier":"Student"},"annotations":[]}}}}],"name":{"!":"com.github.javaparser.ast.expr.SimpleName","range":{"beginLine":25,"beginColumn":5,"endLine":25,"endColumn":14},"tokenRange":{"beginToken":{"kind":94,"text":"assertNull"},"endToken":{"kind":94,"text":"assertNull"}},"identifier":"assertNull"}}},{"!":"com.github.javaparser.ast.stmt.ExpressionStmt","range":{"beginLine":26,"beginColumn":5,"endLine":26,"endColumn":98},"tokenRange":{"beginToken":{"kind":94,"text":"assertFalse"},"endToken":{"kind":103,"text":";"}},"expression":{"!":"com.github.javaparser.ast.expr.MethodCallExpr","range":{"beginLine":26,"beginColumn":5,"endLine":26,"endColumn":97},"tokenRange":{"beginToken":{"kind":94,"text":"assertFalse"},"endToken":{"kind":98,"text":")"}},"arguments":[{"!":"com.github.javaparser.ast.expr.MethodCallExpr","range":{"beginLine":26,"beginColumn":18,"endLine":26,"endColumn":95},"tokenRange":{"beginToken":{"kind":94,"text":"Hibernate"},"endToken":{"kind":98,"text":")"}},"arguments":[{"!":"com.github.javaparser.ast.expr.MethodCallExpr","range":{"beginLine":26,"beginColumn":43,"endLine":26,"endColumn":93},"tokenRange":{"beginToken":{"kind":97,"text":"("},"endToken":{"kind":98,"text":")"}},"arguments":[],"name":{"!":"com.github.javaparser.ast.expr.SimpleName","range":{"beginLine":26,"beginColumn":79,"endLine":26,"endColumn":91},"tokenRange":{"beginToken":{"kind":94,"text":"getEnrolments"},"endToken":{"kind":94,"text":"getEnrolments"}},"identifier":"getEnrolments"},"scope":{"!":"com.github.javaparser.ast.expr.EnclosedExpr","range":{"beginLine":26,"beginColumn":43,"endLine":26,"endColumn":77},"tokenRange":{"beginToken":{"kind":97,"text":"("},"endToken":{"kind":98,"text":")"}},"inner":{"!":"com.github.javaparser.ast.expr.CastExpr","range":{"beginLine":26,"beginColumn":45,"endLine":26,"endColumn":75},"tokenRange":{"beginToken":{"kind":97,"text":"("},"endToken":{"kind":98,"text":")"}},"expression":{"!":"com.github.javaparser.ast.expr.MethodCallExpr","range":{"beginLine":26,"beginColumn":57,"endLine":26,"endColumn":75},"tokenRange":{"beginToken":{"kind":94,"text":"resultList"},"endToken":{"kind":98,"text":")"}},"arguments":[{"!":"com.github.javaparser.ast.expr.IntegerLiteralExpr","range":{"beginLine":26,"beginColumn":73,"endLine":26,"endColumn":73},"tokenRange":{"beginToken":{"kind":77,"text":"0"},"endToken":{"kind":77,"text":"0"}},"value":"0"}],"name":{"!":"com.github.javaparser.ast.expr.SimpleName","range":{"beginLine":26,"beginColumn":68,"endLine":26,"endColumn":70},"tokenRange":{"beginToken":{"kind":94,"text":"get"},"endToken":{"kind":94,"text":"get"}},"identifier":"get"},"scope":{"!":"com.github.javaparser.ast.expr.NameExpr","range":{"beginLine":26,"beginColumn":57,"endLine":26,"endColumn":66},"tokenRange":{"beginToken":{"kind":94,"text":"resultList"},"endToken":{"kind":94,"text":"resultList"}},"name":{"!":"com.github.javaparser.ast.expr.SimpleName","range":{"beginLine":26,"beginColumn":57,"endLine":26,"endColumn":66},"tokenRange":{"beginToken":{"kind":94,"text":"resultList"},"endToken":{"kind":94,"text":"resultList"}},"identifier":"resultList"}}},"type":{"!":"com.github.javaparser.ast.type.ClassOrInterfaceType","range":{"beginLine":26,"beginColumn":47,"endLine":26,"endColumn":53},"tokenRange":{"beginToken":{"kind":94,"text":"Student"},"endToken":{"kind":94,"text":"Student"}},"name":{"!":"com.github.javaparser.ast.expr.SimpleName","range":{"beginLine":26,"beginColumn":47,"endLine":26,"endColumn":53},"tokenRange":{"beginToken":{"kind":94,"text":"Student"},"endToken":{"kind":94,"text":"Student"}},"identifier":"Student"},"annotations":[]}}}}],"name":{"!":"com.github.javaparser.ast.expr.SimpleName","range":{"beginLine":26,"beginColumn":28,"endLine":26,"endColumn":40},"tokenRange":{"beginToken":{"kind":94,"text":"isInitialized"},"endToken":{"kind":94,"text":"isInitialized"}},"identifier":"isInitialized"},"scope":{"!":"com.github.javaparser.ast.expr.NameExpr","range":{"beginLine":26,"beginColumn":18,"endLine":26,"endColumn":26},"tokenRange":{"beginToken":{"kind":94,"text":"Hibernate"},"endToken":{"kind":94,"text":"Hibernate"}},"name":{"!":"com.github.javaparser.ast.expr.SimpleName","range":{"beginLine":26,"beginColumn":18,"endLine":26,"endColumn":26},"tokenRange":{"beginToken":{"kind":94,"text":"Hibernate"},"endToken":{"kind":94,"text":"Hibernate"}},"identifier":"Hibernate"}}}],"name":{"!":"com.github.javaparser.ast.expr.SimpleName","range":{"beginLine":26,"beginColumn":5,"endLine":26,"endColumn":15},"tokenRange":{"beginToken":{"kind":94,"text":"assertFalse"},"endToken":{"kind":94,"text":"assertFalse"}},"identifier":"assertFalse"}}},{"!":"com.github.javaparser.ast.stmt.ExpressionStmt","range":{"beginLine":27,"beginColumn":5,"endLine":27,"endColumn":103},"tokenRange":{"beginToken":{"kind":94,"text":"assertFalse"},"endToken":{"kind":103,"text":";"}},"expression":{"!":"com.github.javaparser.ast.expr.MethodCallExpr","range":{"beginLine":27,"beginColumn":5,"endLine":27,"endColumn":102},"tokenRange":{"beginToken":{"kind":94,"text":"assertFalse"},"endToken":{"kind":98,"text":")"}},"arguments":[{"!":"com.github.javaparser.ast.expr.MethodCallExpr","range":{"beginLine":27,"beginColumn":18,"endLine":27,"endColumn":100},"tokenRange":{"beginToken":{"kind":94,"text":"Hibernate"},"endToken":{"kind":98,"text":")"}},"arguments":[{"!":"com.github.javaparser.ast.expr.MethodCallExpr","range":{"beginLine":27,"beginColumn":43,"endLine":27,"endColumn":98},"tokenRange":{"beginToken":{"kind":97,"text":"("},"endToken":{"kind":98,"text":")"}},"arguments":[],"name":{"!":"com.github.javaparser.ast.expr.SimpleName","range":{"beginLine":27,"beginColumn":79,"endLine":27,"endColumn":96},"tokenRange":{"beginToken":{"kind":94,"text":"getPreferredCourse"},"endToken":{"kind":94,"text":"getPreferredCourse"}},"identifier":"getPreferredCourse"},"scope":{"!":"com.github.javaparser.ast.expr.EnclosedExpr","range":{"beginLine":27,"beginColumn":43,"endLine":27,"endColumn":77},"tokenRange":{"beginToken":{"kind":97,"text":"("},"endToken":{"kind":98,"text":")"}},"inner":{"!":"com.github.javaparser.ast.expr.CastExpr","range":{"beginLine":27,"beginColumn":45,"endLine":27,"endColumn":75},"tokenRange":{"beginToken":{"kind":97,"text":"("},"endToken":{"kind":98,"text":")"}},"expression":{"!":"com.github.javaparser.ast.expr.MethodCallExpr","range":{"beginLine":27,"beginColumn":57,"endLine":27,"endColumn":75},"tokenRange":{"beginToken":{"kind":94,"text":"resultList"},"endToken":{"kind":98,"text":")"}},"arguments":[{"!":"com.github.javaparser.ast.expr.IntegerLiteralExpr","range":{"beginLine":27,"beginColumn":73,"endLine":27,"endColumn":73},"tokenRange":{"beginToken":{"kind":77,"text":"0"},"endToken":{"kind":77,"text":"0"}},"value":"0"}],"name":{"!":"com.github.javaparser.ast.expr.SimpleName","range":{"beginLine":27,"beginColumn":68,"endLine":27,"endColumn":70},"tokenRange":{"beginToken":{"kind":94,"text":"get"},"endToken":{"kind":94,"text":"get"}},"identifier":"get"},"scope":{"!":"com.github.javaparser.ast.expr.NameExpr","range":{"beginLine":27,"beginColumn":57,"endLine":27,"endColumn":66},"tokenRange":{"beginToken":{"kind":94,"text":"resultList"},"endToken":{"kind":94,"text":"resultList"}},"name":{"!":"com.github.javaparser.ast.expr.SimpleName","range":{"beginLine":27,"beginColumn":57,"endLine":27,"endColumn":66},"tokenRange":{"beginToken":{"kind":94,"text":"resultList"},"endToken":{"kind":94,"text":"resultList"}},"identifier":"resultList"}}},"type":{"!":"com.github.javaparser.ast.type.ClassOrInterfaceType","range":{"beginLine":27,"beginColumn":47,"endLine":27,"endColumn":53},"tokenRange":{"beginToken":{"kind":94,"text":"Student"},"endToken":{"kind":94,"text":"Student"}},"name":{"!":"com.github.javaparser.ast.expr.SimpleName","range":{"beginLine":27,"beginColumn":47,"endLine":27,"endColumn":53},"tokenRange":{"beginToken":{"kind":94,"text":"Student"},"endToken":{"kind":94,"text":"Student"}},"identifier":"Student"},"annotations":[]}}}}],"name":{"!":"com.github.javaparser.ast.expr.SimpleName","range":{"beginLine":27,"beginColumn":28,"endLine":27,"endColumn":40},"tokenRange":{"beginToken":{"kind":94,"text":"isInitialized"},"endToken":{"kind":94,"text":"isInitialized"}},"identifier":"isInitialized"},"scope":{"!":"com.github.javaparser.ast.expr.NameExpr","range":{"beginLine":27,"beginColumn":18,"endLine":27,"endColumn":26},"tokenRange":{"beginToken":{"kind":94,"text":"Hibernate"},"endToken":{"kind":94,"text":"Hibernate"}},"name":{"!":"com.github.javaparser.ast.expr.SimpleName","range":{"beginLine":27,"beginColumn":18,"endLine":27,"endColumn":26},"tokenRange":{"beginToken":{"kind":94,"text":"Hibernate"},"endToken":{"kind":94,"text":"Hibernate"}},"identifier":"Hibernate"}}}],"name":{"!":"com.github.javaparser.ast.expr.SimpleName","range":{"beginLine":27,"beginColumn":5,"endLine":27,"endColumn":15},"tokenRange":{"beginToken":{"kind":94,"text":"assertFalse"},"endToken":{"kind":94,"text":"assertFalse"}},"identifier":"assertFalse"}}},{"!":"com.github.javaparser.ast.stmt.ExpressionStmt","range":{"beginLine":28,"beginColumn":5,"endLine":28,"endColumn":98},"tokenRange":{"beginToken":{"kind":94,"text":"assertFalse"},"endToken":{"kind":103,"text":";"}},"expression":{"!":"com.github.javaparser.ast.expr.MethodCallExpr","range":{"beginLine":28,"beginColumn":5,"endLine":28,"endColumn":97},"tokenRange":{"beginToken":{"kind":94,"text":"assertFalse"},"endToken":{"kind":98,"text":")"}},"arguments":[{"!":"com.github.javaparser.ast.expr.MethodCallExpr","range":{"beginLine":28,"beginColumn":18,"endLine":28,"endColumn":95},"tokenRange":{"beginToken":{"kind":94,"text":"Hibernate"},"endToken":{"kind":98,"text":")"}},"arguments":[{"!":"com.github.javaparser.ast.expr.MethodCallExpr","range":{"beginLine":28,"beginColumn":43,"endLine":28,"endColumn":93},"tokenRange":{"beginToken":{"kind":97,"text":"("},"endToken":{"kind":98,"text":")"}},"arguments":[],"name":{"!":"com.github.javaparser.ast.expr.SimpleName","range":{"beginLine":28,"beginColumn":79,"endLine":28,"endColumn":91},"tokenRange":{"beginToken":{"kind":94,"text":"getEnrolments"},"endToken":{"kind":94,"text":"getEnrolments"}},"identifier":"getEnrolments"},"scope":{"!":"com.github.javaparser.ast.expr.EnclosedExpr","range":{"beginLine":28,"beginColumn":43,"endLine":28,"endColumn":77},"tokenRange":{"beginToken":{"kind":97,"text":"("},"endToken":{"kind":98,"text":")"}},"inner":{"!":"com.github.javaparser.ast.expr.CastExpr","range":{"beginLine":28,"beginColumn":45,"endLine":28,"endColumn":75},"tokenRange":{"beginToken":{"kind":97,"text":"("},"endToken":{"kind":98,"text":")"}},"expression":{"!":"com.github.javaparser.ast.expr.MethodCallExpr","range":{"beginLine":28,"beginColumn":57,"endLine":28,"endColumn":75},"tokenRange":{"beginToken":{"kind":94,"text":"resultList"},"endToken":{"kind":98,"text":")"}},"arguments":[{"!":"com.github.javaparser.ast.expr.IntegerLiteralExpr","range":{"beginLine":28,"beginColumn":73,"endLine":28,"endColumn":73},"tokenRange":{"beginToken":{"kind":77,"text":"1"},"endToken":{"kind":77,"text":"1"}},"value":"1"}],"name":{"!":"com.github.javaparser.ast.expr.SimpleName","range":{"beginLine":28,"beginColumn":68,"endLine":28,"endColumn":70},"tokenRange":{"beginToken":{"kind":94,"text":"get"},"endToken":{"kind":94,"text":"get"}},"identifier":"get"},"scope":{"!":"com.github.javaparser.ast.expr.NameExpr","range":{"beginLine":28,"beginColumn":57,"endLine":28,"endColumn":66},"tokenRange":{"beginToken":{"kind":94,"text":"resultList"},"endToken":{"kind":94,"text":"resultList"}},"name":{"!":"com.github.javaparser.ast.expr.SimpleName","range":{"beginLine":28,"beginColumn":57,"endLine":28,"endColumn":66},"tokenRange":{"beginToken":{"kind":94,"text":"resultList"},"endToken":{"kind":94,"text":"resultList"}},"identifier":"resultList"}}},"type":{"!":"com.github.javaparser.ast.type.ClassOrInterfaceType","range":{"beginLine":28,"beginColumn":47,"endLine":28,"endColumn":53},"tokenRange":{"beginToken":{"kind":94,"text":"Student"},"endToken":{"kind":94,"text":"Student"}},"name":{"!":"com.github.javaparser.ast.expr.SimpleName","range":{"beginLine":28,"beginColumn":47,"endLine":28,"endColumn":53},"tokenRange":{"beginToken":{"kind":94,"text":"Student"},"endToken":{"kind":94,"text":"Student"}},"identifier":"Student"},"annotations":[]}}}}],"name":{"!":"com.github.javaparser.ast.expr.SimpleName","range":{"beginLine":28,"beginColumn":28,"endLine":28,"endColumn":40},"tokenRange":{"beginToken":{"kind":94,"text":"isInitialized"},"endToken":{"kind":94,"text":"isInitialized"}},"identifier":"isInitialized"},"scope":{"!":"com.github.javaparser.ast.expr.NameExpr","range":{"beginLine":28,"beginColumn":18,"endLine":28,"endColumn":26},"tokenRange":{"beginToken":{"kind":94,"text":"Hibernate"},"endToken":{"kind":94,"text":"Hibernate"}},"name":{"!":"com.github.javaparser.ast.expr.SimpleName","range":{"beginLine":28,"beginColumn":18,"endLine":28,"endColumn":26},"tokenRange":{"beginToken":{"kind":94,"text":"Hibernate"},"endToken":{"kind":94,"text":"Hibernate"}},"identifier":"Hibernate"}}}],"name":{"!":"com.github.javaparser.ast.expr.SimpleName","range":{"beginLine":28,"beginColumn":5,"endLine":28,"endColumn":15},"tokenRange":{"beginToken":{"kind":94,"text":"assertFalse"},"endToken":{"kind":94,"text":"assertFalse"}},"identifier":"assertFalse"}}},{"!":"com.github.javaparser.ast.stmt.ExpressionStmt","range":{"beginLine":29,"beginColumn":5,"endLine":29,"endColumn":75},"tokenRange":{"beginToken":{"kind":94,"text":"assertNull"},"endToken":{"kind":103,"text":";"}},"expression":{"!":"com.github.javaparser.ast.expr.MethodCallExpr","range":{"beginLine":29,"beginColumn":5,"endLine":29,"endColumn":74},"tokenRange":{"beginToken":{"kind":94,"text":"assertNull"},"endToken":{"kind":98,"text":")"}},"arguments":[{"!":"com.github.javaparser.ast.expr.MethodCallExpr","range":{"beginLine":29,"beginColumn":17,"endLine":29,"endColumn":72},"tokenRange":{"beginToken":{"kind":97,"text":"("},"endToken":{"kind":98,"text":")"}},"arguments":[],"name":{"!":"com.github.javaparser.ast.expr.SimpleName","range":{"beginLine":29,"beginColumn":53,"endLine":29,"endColumn":70},"tokenRange":{"beginToken":{"kind":94,"text":"getPreferredCourse"},"endToken":{"kind":94,"text":"getPreferredCourse"}},"identifier":"getPreferredCourse"},"scope":{"!":"com.github.javaparser.ast.expr.EnclosedExpr","range":{"beginLine":29,"beginColumn":17,"endLine":29,"endColumn":51},"tokenRange":{"beginToken":{"kind":97,"text":"("},"endToken":{"kind":98,"text":")"}},"inner":{"!":"com.github.javaparser.ast.expr.CastExpr","range":{"beginLine":29,"beginColumn":19,"endLine":29,"endColumn":49},"tokenRange":{"beginToken":{"kind":97,"text":"("},"endToken":{"kind":98,"text":")"}},"expression":{"!":"com.github.javaparser.ast.expr.MethodCallExpr","range":{"beginLine":29,"beginColumn":31,"endLine":29,"endColumn":49},"tokenRange":{"beginToken":{"kind":94,"text":"resultList"},"endToken":{"kind":98,"text":")"}},"arguments":[{"!":"com.github.javaparser.ast.expr.IntegerLiteralExpr","range":{"beginLine":29,"beginColumn":47,"endLine":29,"endColumn":47},"tokenRange":{"beginToken":{"kind":77,"text":"1"},"endToken":{"kind":77,"text":"1"}},"value":"1"}],"name":{"!":"com.github.javaparser.ast.expr.SimpleName","range":{"beginLine":29,"beginColumn":42,"endLine":29,"endColumn":44},"tokenRange":{"beginToken":{"kind":94,"text":"get"},"endToken":{"kind":94,"text":"get"}},"identifier":"get"},"scope":{"!":"com.github.javaparser.ast.expr.NameExpr","range":{"beginLine":29,"beginColumn":31,"endLine":29,"endColumn":40},"tokenRange":{"beginToken":{"kind":94,"text":"resultList"},"endToken":{"kind":94,"text":"resultList"}},"name":{"!":"com.github.javaparser.ast.expr.SimpleName","range":{"beginLine":29,"beginColumn":31,"endLine":29,"endColumn":40},"tokenRange":{"beginToken":{"kind":94,"text":"resultList"},"endToken":{"kind":94,"text":"resultList"}},"identifier":"resultList"}}},"type":{"!":"com.github.javaparser.ast.type.ClassOrInterfaceType","range":{"beginLine":29,"beginColumn":21,"endLine":29,"endColumn":27},"tokenRange":{"beginToken":{"kind":94,"text":"Student"},"endToken":{"kind":94,"text":"Student"}},"name":{"!":"com.github.javaparser.ast.expr.SimpleName","range":{"beginLine":29,"beginColumn":21,"endLine":29,"endColumn":27},"tokenRange":{"beginToken":{"kind":94,"text":"Student"},"endToken":{"kind":94,"text":"Student"}},"identifier":"Student"},"annotations":[]}}}}],"name":{"!":"com.github.javaparser.ast.expr.SimpleName","range":{"beginLine":29,"beginColumn":5,"endLine":29,"endColumn":14},"tokenRange":{"beginToken":{"kind":94,"text":"assertNull"},"endToken":{"kind":94,"text":"assertNull"}},"identifier":"assertNull"}}}]},"type":{"!":"com.github.javaparser.ast.type.VoidType","range":{"beginLine":17,"beginColumn":11,"endLine":17,"endColumn":14},"tokenRange":{"beginToken":{"kind":62,"text":"void"},"endToken":{"kind":62,"text":"void"}},"annotations":[]},"modifiers":[{"!":"com.github.javaparser.ast.Modifier","range":{"beginLine":17,"beginColumn":4,"endLine":17,"endColumn":9},"tokenRange":{"beginToken":{"kind":47,"text":"public"},"endToken":{"kind":47,"text":"public"}},"keyword":"PUBLIC"}],"name":{"!":"com.github.javaparser.ast.expr.SimpleName","range":{"beginLine":17,"beginColumn":16,"endLine":17,"endColumn":20},"tokenRange":{"beginToken":{"kind":94,"text":"check"},"endToken":{"kind":94,"text":"check"}},"identifier":"check"},"parameters":[{"!":"com.github.javaparser.ast.body.Parameter","range":{"beginLine":17,"beginColumn":22,"endLine":17,"endColumn":35},"tokenRange":{"beginToken":{"kind":94,"text":"Object"},"endToken":{"kind":94,"text":"results"}},"annotations":[],"isVarArgs":"false","modifiers":[],"name":{"!":"com.github.javaparser.ast.expr.SimpleName","range":{"beginLine":17,"beginColumn":29,"endLine":17,"endColumn":35},"tokenRange":{"beginToken":{"kind":94,"text":"results"},"endToken":{"kind":94,"text":"results"}},"identifier":"results"},"type":{"!":"com.github.javaparser.ast.type.ClassOrInterfaceType","range":{"beginLine":17,"beginColumn":22,"endLine":17,"endColumn":27},"tokenRange":{"beginToken":{"kind":94,"text":"Object"},"endToken":{"kind":94,"text":"Object"}},"name":{"!":"com.github.javaparser.ast.expr.SimpleName","range":{"beginLine":17,"beginColumn":22,"endLine":17,"endColumn":27},"tokenRange":{"beginToken":{"kind":94,"text":"Object"},"endToken":{"kind":94,"text":"Object"}},"identifier":"Object"},"annotations":[]},"varArgsAnnotations":[]}],"thrownExceptions":[],"typeParameters":[],"annotations":[]}],"arguments":[],"type":{"!":"com.github.javaparser.ast.type.ClassOrInterfaceType","range":{"beginLine":16,"beginColumn":31,"endLine":16,"endColumn":43},"tokenRange":{"beginToken":{"kind":94,"text":"ResultChecker"},"endToken":{"kind":94,"text":"ResultChecker"}},"name":{"!":"com.github.javaparser.ast.expr.SimpleName","range":{"beginLine":16,"beginColumn":31,"endLine":16,"endColumn":43},"tokenRange":{"beginToken":{"kind":94,"text":"ResultChecker"},"endToken":{"kind":94,"text":"ResultChecker"}},"identifier":"ResultChecker"},"annotations":[]}},"name":{"!":"com.github.javaparser.ast.expr.SimpleName","range":{"beginLine":16,"beginColumn":17,"endLine":16,"endColumn":23},"tokenRange":{"beginToken":{"kind":94,"text":"checker"},"endToken":{"kind":94,"text":"checker"}},"identifier":"checker"},"type":{"!":"com.github.javaparser.ast.type.ClassOrInterfaceType","range":{"beginLine":16,"beginColumn":3,"endLine":16,"endColumn":15},"tokenRange":{"beginToken":{"kind":94,"text":"ResultChecker"},"endToken":{"kind":94,"text":"ResultChecker"}},"name":{"!":"com.github.javaparser.ast.expr.SimpleName","range":{"beginLine":16,"beginColumn":3,"endLine":16,"endColumn":15},"tokenRange":{"beginToken":{"kind":94,"text":"ResultChecker"},"endToken":{"kind":94,"text":"ResultChecker"}},"identifier":"ResultChecker"},"annotations":[]}}]}},{"!":"com.github.javaparser.ast.stmt.ExpressionStmt","range":{"beginLine":32,"beginColumn":3,"endLine":32,"endColumn":59},"tokenRange":{"beginToken":{"kind":94,"text":"runTest"},"endToken":{"kind":103,"text":";"}},"expression":{"!":"com.github.javaparser.ast.expr.MethodCallExpr","range":{"beginLine":32,"beginColumn":3,"endLine":32,"endColumn":58},"tokenRange":{"beginToken":{"kind":94,"text":"runTest"},"endToken":{"kind":98,"text":")"}},"arguments":[{"!":"com.github.javaparser.ast.expr.NameExpr","range":{"beginLine":32,"beginColumn":12,"endLine":32,"endColumn":22},"tokenRange":{"beginToken":{"kind":94,"text":"hqlExecutor"},"endToken":{"kind":94,"text":"hqlExecutor"}},"name":{"!":"com.github.javaparser.ast.expr.SimpleName","range":{"beginLine":32,"beginColumn":12,"endLine":32,"endColumn":22},"tokenRange":{"beginToken":{"kind":94,"text":"hqlExecutor"},"endToken":{"kind":94,"text":"hqlExecutor"}},"identifier":"hqlExecutor"}},{"!":"com.github.javaparser.ast.expr.NameExpr","range":{"beginLine":32,"beginColumn":25,"endLine":32,"endColumn":40},"tokenRange":{"beginToken":{"kind":94,"text":"criteriaExecutor"},"endToken":{"kind":94,"text":"criteriaExecutor"}},"name":{"!":"com.github.javaparser.ast.expr.SimpleName","range":{"beginLine":32,"beginColumn":25,"endLine":32,"endColumn":40},"tokenRange":{"beginToken":{"kind":94,"text":"criteriaExecutor"},"endToken":{"kind":94,"text":"criteriaExecutor"}},"identifier":"criteriaExecutor"}},{"!":"com.github.javaparser.ast.expr.NameExpr","range":{"beginLine":32,"beginColumn":43,"endLine":32,"endColumn":49},"tokenRange":{"beginToken":{"kind":94,"text":"checker"},"endToken":{"kind":94,"text":"checker"}},"name":{"!":"com.github.javaparser.ast.expr.SimpleName","range":{"beginLine":32,"beginColumn":43,"endLine":32,"endColumn":49},"tokenRange":{"beginToken":{"kind":94,"text":"checker"},"endToken":{"kind":94,"text":"checker"}},"identifier":"checker"}},{"!":"com.github.javaparser.ast.expr.BooleanLiteralExpr","range":{"beginLine":32,"beginColumn":52,"endLine":32,"endColumn":56},"tokenRange":{"beginToken":{"kind":28,"text":"false"},"endToken":{"kind":28,"text":"false"}},"value":"false"}],"name":{"!":"com.github.javaparser.ast.expr.SimpleName","range":{"beginLine":32,"beginColumn":3,"endLine":32,"endColumn":9},"tokenRange":{"beginToken":{"kind":94,"text":"runTest"},"endToken":{"kind":94,"text":"runTest"}},"identifier":"runTest"}}}]},"type":{"!":"com.github.javaparser.ast.type.VoidType","range":{"beginLine":3,"beginColumn":9,"endLine":3,"endColumn":12},"tokenRange":{"beginToken":{"kind":62,"text":"void"},"endToken":{"kind":62,"text":"void"}},"annotations":[]},"modifiers":[{"!":"com.github.javaparser.ast.Modifier","range":{"beginLine":3,"beginColumn":2,"endLine":3,"endColumn":7},"tokenRange":{"beginToken":{"kind":47,"text":"public"},"endToken":{"kind":47,"text":"public"}},"keyword":"PUBLIC"}],"name":{"!":"com.github.javaparser.ast.expr.SimpleName","range":{"beginLine":3,"beginColumn":14,"endLine":3,"endColumn":39},"tokenRange":{"beginToken":{"kind":94,"text":"testEntityWithLazyAssnList"},"endToken":{"kind":94,"text":"testEntityWithLazyAssnList"}},"identifier":"testEntityWithLazyAssnList"},"parameters":[],"thrownExceptions":[{"!":"com.github.javaparser.ast.type.ClassOrInterfaceType","range":{"beginLine":3,"beginColumn":50,"endLine":3,"endColumn":58},"tokenRange":{"beginToken":{"kind":94,"text":"Exception"},"endToken":{"kind":94,"text":"Exception"}},"name":{"!":"com.github.javaparser.ast.expr.SimpleName","range":{"beginLine":3,"beginColumn":50,"endLine":3,"endColumn":58},"tokenRange":{"beginToken":{"kind":94,"text":"Exception"},"endToken":{"kind":94,"text":"Exception"}},"identifier":"Exception"},"annotations":[]}],"typeParameters":[],"annotations":[{"!":"com.github.javaparser.ast.expr.MarkerAnnotationExpr","range":{"beginLine":2,"beginColumn":2,"endLine":2,"endColumn":6},"tokenRange":{"beginToken":{"kind":107,"text":"@"},"endToken":{"kind":94,"text":"Test"}},"name":{"!":"com.github.javaparser.ast.expr.Name","range":{"beginLine":2,"beginColumn":3,"endLine":2,"endColumn":6},"tokenRange":{"beginToken":{"kind":94,"text":"Test"},"endToken":{"kind":94,"text":"Test"}},"identifier":"Test"}}]}],"modifiers":[],"name":{"!":"com.github.javaparser.ast.expr.SimpleName","range":{"beginLine":1,"beginColumn":7,"endLine":1,"endColumn":10},"tokenRange":{"beginToken":{"kind":94,"text":"Test"},"endToken":{"kind":94,"text":"Test"}},"identifier":"Test"},"annotations":[]}]}