{"!":"com.github.javaparser.ast.CompilationUnit","range":{"beginLine":1,"beginColumn":1,"endLine":37,"endColumn":2},"tokenRange":{"beginToken":{"kind":19,"text":"class"},"endToken":{"kind":0,"text":""}},"imports":[],"types":[{"!":"com.github.javaparser.ast.body.ClassOrInterfaceDeclaration","range":{"beginLine":1,"beginColumn":1,"endLine":37,"endColumn":2},"tokenRange":{"beginToken":{"kind":19,"text":"class"},"endToken":{"kind":100,"text":"}"}},"extendedTypes":[],"implementedTypes":[],"isInterface":"false","typeParameters":[],"members":[{"!":"com.github.javaparser.ast.body.MethodDeclaration","range":{"beginLine":2,"beginColumn":2,"endLine":35,"endColumn":2},"tokenRange":{"beginToken":{"kind":45,"text":"private"},"endToken":{"kind":100,"text":"}"}},"body":{"!":"com.github.javaparser.ast.stmt.BlockStmt","range":{"beginLine":2,"beginColumn":176,"endLine":35,"endColumn":2},"tokenRange":{"beginToken":{"kind":99,"text":"{"},"endToken":{"kind":100,"text":"}"}},"statements":[{"!":"com.github.javaparser.ast.stmt.ExpressionStmt","range":{"beginLine":3,"beginColumn":3,"endLine":3,"endColumn":53},"tokenRange":{"beginToken":{"kind":94,"text":"Ejb3DiscriminatorColumn"},"endToken":{"kind":103,"text":";"}},"expression":{"!":"com.github.javaparser.ast.expr.VariableDeclarationExpr","range":{"beginLine":3,"beginColumn":3,"endLine":3,"endColumn":52},"tokenRange":{"beginToken":{"kind":94,"text":"Ejb3DiscriminatorColumn"},"endToken":{"kind":43,"text":"null"}},"annotations":[],"modifiers":[],"variables":[{"!":"com.github.javaparser.ast.body.VariableDeclarator","range":{"beginLine":3,"beginColumn":27,"endLine":3,"endColumn":52},"tokenRange":{"beginToken":{"kind":94,"text":"discriminatorColumn"},"endToken":{"kind":43,"text":"null"}},"initializer":{"!":"com.github.javaparser.ast.expr.NullLiteralExpr","range":{"beginLine":3,"beginColumn":49,"endLine":3,"endColumn":52},"tokenRange":{"beginToken":{"kind":43,"text":"null"},"endToken":{"kind":43,"text":"null"}}},"name":{"!":"com.github.javaparser.ast.expr.SimpleName","range":{"beginLine":3,"beginColumn":27,"endLine":3,"endColumn":45},"tokenRange":{"beginToken":{"kind":94,"text":"discriminatorColumn"},"endToken":{"kind":94,"text":"discriminatorColumn"}},"identifier":"discriminatorColumn"},"type":{"!":"com.github.javaparser.ast.type.ClassOrInterfaceType","range":{"beginLine":3,"beginColumn":3,"endLine":3,"endColumn":25},"tokenRange":{"beginToken":{"kind":94,"text":"Ejb3DiscriminatorColumn"},"endToken":{"kind":94,"text":"Ejb3DiscriminatorColumn"}},"name":{"!":"com.github.javaparser.ast.expr.SimpleName","range":{"beginLine":3,"beginColumn":3,"endLine":3,"endColumn":25},"tokenRange":{"beginToken":{"kind":94,"text":"Ejb3DiscriminatorColumn"},"endToken":{"kind":94,"text":"Ejb3DiscriminatorColumn"}},"identifier":"Ejb3DiscriminatorColumn"},"annotations":[]}}]}},{"!":"com.github.javaparser.ast.stmt.ExpressionStmt","range":{"beginLine":4,"beginColumn":3,"endLine":6,"endColumn":4},"tokenRange":{"beginToken":{"kind":94,"text":"javax"},"endToken":{"kind":103,"text":";"}},"expression":{"!":"com.github.javaparser.ast.expr.VariableDeclarationExpr","range":{"beginLine":4,"beginColumn":3,"endLine":6,"endColumn":3},"tokenRange":{"beginToken":{"kind":94,"text":"javax"},"endToken":{"kind":98,"text":")"}},"annotations":[],"modifiers":[],"variables":[{"!":"com.github.javaparser.ast.body.VariableDeclarator","range":{"beginLine":4,"beginColumn":41,"endLine":6,"endColumn":3},"tokenRange":{"beginToken":{"kind":94,"text":"discAnn"},"endToken":{"kind":98,"text":")"}},"initializer":{"!":"com.github.javaparser.ast.expr.MethodCallExpr","range":{"beginLine":4,"beginColumn":51,"endLine":6,"endColumn":3},"tokenRange":{"beginToken":{"kind":94,"text":"clazzToProcess"},"endToken":{"kind":98,"text":")"}},"arguments":[{"!":"com.github.javaparser.ast.expr.ClassExpr","range":{"beginLine":5,"beginColumn":5,"endLine":5,"endColumn":47},"tokenRange":{"beginToken":{"kind":94,"text":"javax"},"endToken":{"kind":19,"text":"class"}},"type":{"!":"com.github.javaparser.ast.type.ClassOrInterfaceType","range":{"beginLine":5,"beginColumn":5,"endLine":5,"endColumn":41},"tokenRange":{"beginToken":{"kind":94,"text":"javax"},"endToken":{"kind":94,"text":"DiscriminatorColumn"}},"name":{"!":"com.github.javaparser.ast.expr.SimpleName","range":{"beginLine":5,"beginColumn":23,"endLine":5,"endColumn":41},"tokenRange":{"beginToken":{"kind":94,"text":"DiscriminatorColumn"},"endToken":{"kind":94,"text":"DiscriminatorColumn"}},"identifier":"DiscriminatorColumn"},"scope":{"!":"com.github.javaparser.ast.type.ClassOrInterfaceType","range":{"beginLine":5,"beginColumn":5,"endLine":5,"endColumn":21},"tokenRange":{"beginToken":{"kind":94,"text":"javax"},"endToken":{"kind":94,"text":"persistence"}},"name":{"!":"com.github.javaparser.ast.expr.SimpleName","range":{"beginLine":5,"beginColumn":11,"endLine":5,"endColumn":21},"tokenRange":{"beginToken":{"kind":94,"text":"persistence"},"endToken":{"kind":94,"text":"persistence"}},"identifier":"persistence"},"scope":{"!":"com.github.javaparser.ast.type.ClassOrInterfaceType","range":{"beginLine":5,"beginColumn":5,"endLine":5,"endColumn":9},"tokenRange":{"beginToken":{"kind":94,"text":"javax"},"endToken":{"kind":94,"text":"javax"}},"name":{"!":"com.github.javaparser.ast.expr.SimpleName","range":{"beginLine":5,"beginColumn":5,"endLine":5,"endColumn":9},"tokenRange":{"beginToken":{"kind":94,"text":"javax"},"endToken":{"kind":94,"text":"javax"}},"identifier":"javax"},"annotations":[]},"annotations":[]},"annotations":[]}}],"name":{"!":"com.github.javaparser.ast.expr.SimpleName","range":{"beginLine":4,"beginColumn":66,"endLine":4,"endColumn":78},"tokenRange":{"beginToken":{"kind":94,"text":"getAnnotation"},"endToken":{"kind":94,"text":"getAnnotation"}},"identifier":"getAnnotation"},"scope":{"!":"com.github.javaparser.ast.expr.NameExpr","range":{"beginLine":4,"beginColumn":51,"endLine":4,"endColumn":64},"tokenRange":{"beginToken":{"kind":94,"text":"clazzToProcess"},"endToken":{"kind":94,"text":"clazzToProcess"}},"name":{"!":"com.github.javaparser.ast.expr.SimpleName","range":{"beginLine":4,"beginColumn":51,"endLine":4,"endColumn":64},"tokenRange":{"beginToken":{"kind":94,"text":"clazzToProcess"},"endToken":{"kind":94,"text":"clazzToProcess"}},"identifier":"clazzToProcess"}}},"name":{"!":"com.github.javaparser.ast.expr.SimpleName","range":{"beginLine":4,"beginColumn":41,"endLine":4,"endColumn":47},"tokenRange":{"beginToken":{"kind":94,"text":"discAnn"},"endToken":{"kind":94,"text":"discAnn"}},"identifier":"discAnn"},"type":{"!":"com.github.javaparser.ast.type.ClassOrInterfaceType","range":{"beginLine":4,"beginColumn":3,"endLine":4,"endColumn":39},"tokenRange":{"beginToken":{"kind":94,"text":"javax"},"endToken":{"kind":94,"text":"DiscriminatorColumn"}},"name":{"!":"com.github.javaparser.ast.expr.SimpleName","range":{"beginLine":4,"beginColumn":21,"endLine":4,"endColumn":39},"tokenRange":{"beginToken":{"kind":94,"text":"DiscriminatorColumn"},"endToken":{"kind":94,"text":"DiscriminatorColumn"}},"identifier":"DiscriminatorColumn"},"scope":{"!":"com.github.javaparser.ast.type.ClassOrInterfaceType","range":{"beginLine":4,"beginColumn":3,"endLine":4,"endColumn":19},"tokenRange":{"beginToken":{"kind":94,"text":"javax"},"endToken":{"kind":94,"text":"persistence"}},"name":{"!":"com.github.javaparser.ast.expr.SimpleName","range":{"beginLine":4,"beginColumn":9,"endLine":4,"endColumn":19},"tokenRange":{"beginToken":{"kind":94,"text":"persistence"},"endToken":{"kind":94,"text":"persistence"}},"identifier":"persistence"},"scope":{"!":"com.github.javaparser.ast.type.ClassOrInterfaceType","range":{"beginLine":4,"beginColumn":3,"endLine":4,"endColumn":7},"tokenRange":{"beginToken":{"kind":94,"text":"javax"},"endToken":{"kind":94,"text":"javax"}},"name":{"!":"com.github.javaparser.ast.expr.SimpleName","range":{"beginLine":4,"beginColumn":3,"endLine":4,"endColumn":7},"tokenRange":{"beginToken":{"kind":94,"text":"javax"},"endToken":{"kind":94,"text":"javax"}},"identifier":"javax"},"annotations":[]},"annotations":[]},"annotations":[]}}]}},{"!":"com.github.javaparser.ast.stmt.ExpressionStmt","range":{"beginLine":7,"beginColumn":3,"endLine":9,"endColumn":29},"tokenRange":{"beginToken":{"kind":94,"text":"DiscriminatorType"},"endToken":{"kind":103,"text":";"}},"expression":{"!":"com.github.javaparser.ast.expr.VariableDeclarationExpr","range":{"beginLine":7,"beginColumn":3,"endLine":9,"endColumn":28},"tokenRange":{"beginToken":{"kind":94,"text":"DiscriminatorType"},"endToken":{"kind":94,"text":"STRING"}},"annotations":[],"modifiers":[],"variables":[{"!":"com.github.javaparser.ast.body.VariableDeclarator","range":{"beginLine":7,"beginColumn":21,"endLine":9,"endColumn":28},"tokenRange":{"beginToken":{"kind":94,"text":"discriminatorType"},"endToken":{"kind":94,"text":"STRING"}},"initializer":{"!":"com.github.javaparser.ast.expr.ConditionalExpr","range":{"beginLine":7,"beginColumn":41,"endLine":9,"endColumn":28},"tokenRange":{"beginToken":{"kind":94,"text":"discAnn"},"endToken":{"kind":94,"text":"STRING"}},"condition":{"!":"com.github.javaparser.ast.expr.BinaryExpr","range":{"beginLine":7,"beginColumn":41,"endLine":7,"endColumn":55},"tokenRange":{"beginToken":{"kind":94,"text":"discAnn"},"endToken":{"kind":43,"text":"null"}},"left":{"!":"com.github.javaparser.ast.expr.NameExpr","range":{"beginLine":7,"beginColumn":41,"endLine":7,"endColumn":47},"tokenRange":{"beginToken":{"kind":94,"text":"discAnn"},"endToken":{"kind":94,"text":"discAnn"}},"name":{"!":"com.github.javaparser.ast.expr.SimpleName","range":{"beginLine":7,"beginColumn":41,"endLine":7,"endColumn":47},"tokenRange":{"beginToken":{"kind":94,"text":"discAnn"},"endToken":{"kind":94,"text":"discAnn"}},"identifier":"discAnn"}},"operator":"NOT_EQUALS","right":{"!":"com.github.javaparser.ast.expr.NullLiteralExpr","range":{"beginLine":7,"beginColumn":52,"endLine":7,"endColumn":55},"tokenRange":{"beginToken":{"kind":43,"text":"null"},"endToken":{"kind":43,"text":"null"}}}},"elseExpr":{"!":"com.github.javaparser.ast.expr.FieldAccessExpr","range":{"beginLine":9,"beginColumn":5,"endLine":9,"endColumn":28},"tokenRange":{"beginToken":{"kind":94,"text":"DiscriminatorType"},"endToken":{"kind":94,"text":"STRING"}},"name":{"!":"com.github.javaparser.ast.expr.SimpleName","range":{"beginLine":9,"beginColumn":23,"endLine":9,"endColumn":28},"tokenRange":{"beginToken":{"kind":94,"text":"STRING"},"endToken":{"kind":94,"text":"STRING"}},"identifier":"STRING"},"scope":{"!":"com.github.javaparser.ast.expr.NameExpr","range":{"beginLine":9,"beginColumn":5,"endLine":9,"endColumn":21},"tokenRange":{"beginToken":{"kind":94,"text":"DiscriminatorType"},"endToken":{"kind":94,"text":"DiscriminatorType"}},"name":{"!":"com.github.javaparser.ast.expr.SimpleName","range":{"beginLine":9,"beginColumn":5,"endLine":9,"endColumn":21},"tokenRange":{"beginToken":{"kind":94,"text":"DiscriminatorType"},"endToken":{"kind":94,"text":"DiscriminatorType"}},"identifier":"DiscriminatorType"}}},"thenExpr":{"!":"com.github.javaparser.ast.expr.MethodCallExpr","range":{"beginLine":8,"beginColumn":5,"endLine":8,"endColumn":31},"tokenRange":{"beginToken":{"kind":94,"text":"discAnn"},"endToken":{"kind":98,"text":")"}},"arguments":[],"name":{"!":"com.github.javaparser.ast.expr.SimpleName","range":{"beginLine":8,"beginColumn":13,"endLine":8,"endColumn":29},"tokenRange":{"beginToken":{"kind":94,"text":"discriminatorType"},"endToken":{"kind":94,"text":"discriminatorType"}},"identifier":"discriminatorType"},"scope":{"!":"com.github.javaparser.ast.expr.NameExpr","range":{"beginLine":8,"beginColumn":5,"endLine":8,"endColumn":11},"tokenRange":{"beginToken":{"kind":94,"text":"discAnn"},"endToken":{"kind":94,"text":"discAnn"}},"name":{"!":"com.github.javaparser.ast.expr.SimpleName","range":{"beginLine":8,"beginColumn":5,"endLine":8,"endColumn":11},"tokenRange":{"beginToken":{"kind":94,"text":"discAnn"},"endToken":{"kind":94,"text":"discAnn"}},"identifier":"discAnn"}}}},"name":{"!":"com.github.javaparser.ast.expr.SimpleName","range":{"beginLine":7,"beginColumn":21,"endLine":7,"endColumn":37},"tokenRange":{"beginToken":{"kind":94,"text":"discriminatorType"},"endToken":{"kind":94,"text":"discriminatorType"}},"identifier":"discriminatorType"},"type":{"!":"com.github.javaparser.ast.type.ClassOrInterfaceType","range":{"beginLine":7,"beginColumn":3,"endLine":7,"endColumn":19},"tokenRange":{"beginToken":{"kind":94,"text":"DiscriminatorType"},"endToken":{"kind":94,"text":"DiscriminatorType"}},"name":{"!":"com.github.javaparser.ast.expr.SimpleName","range":{"beginLine":7,"beginColumn":3,"endLine":7,"endColumn":19},"tokenRange":{"beginToken":{"kind":94,"text":"DiscriminatorType"},"endToken":{"kind":94,"text":"DiscriminatorType"}},"identifier":"DiscriminatorType"},"annotations":[]}}]}},{"!":"com.github.javaparser.ast.stmt.ExpressionStmt","range":{"beginLine":11,"beginColumn":3,"endLine":13,"endColumn":4},"tokenRange":{"beginToken":{"kind":94,"text":"org"},"endToken":{"kind":103,"text":";"}},"expression":{"!":"com.github.javaparser.ast.expr.VariableDeclarationExpr","range":{"beginLine":11,"beginColumn":3,"endLine":13,"endColumn":3},"tokenRange":{"beginToken":{"kind":94,"text":"org"},"endToken":{"kind":98,"text":")"}},"annotations":[],"modifiers":[],"variables":[{"!":"com.github.javaparser.ast.body.VariableDeclarator","range":{"beginLine":11,"beginColumn":50,"endLine":13,"endColumn":3},"tokenRange":{"beginToken":{"kind":94,"text":"discFormulaAnn"},"endToken":{"kind":98,"text":")"}},"initializer":{"!":"com.github.javaparser.ast.expr.MethodCallExpr","range":{"beginLine":11,"beginColumn":67,"endLine":13,"endColumn":3},"tokenRange":{"beginToken":{"kind":94,"text":"clazzToProcess"},"endToken":{"kind":98,"text":")"}},"arguments":[{"!":"com.github.javaparser.ast.expr.ClassExpr","range":{"beginLine":12,"beginColumn":5,"endLine":12,"endColumn":56},"tokenRange":{"beginToken":{"kind":94,"text":"org"},"endToken":{"kind":19,"text":"class"}},"type":{"!":"com.github.javaparser.ast.type.ClassOrInterfaceType","range":{"beginLine":12,"beginColumn":5,"endLine":12,"endColumn":50},"tokenRange":{"beginToken":{"kind":94,"text":"org"},"endToken":{"kind":94,"text":"DiscriminatorFormula"}},"name":{"!":"com.github.javaparser.ast.expr.SimpleName","range":{"beginLine":12,"beginColumn":31,"endLine":12,"endColumn":50},"tokenRange":{"beginToken":{"kind":94,"text":"DiscriminatorFormula"},"endToken":{"kind":94,"text":"DiscriminatorFormula"}},"identifier":"DiscriminatorFormula"},"scope":{"!":"com.github.javaparser.ast.type.ClassOrInterfaceType","range":{"beginLine":12,"beginColumn":5,"endLine":12,"endColumn":29},"tokenRange":{"beginToken":{"kind":94,"text":"org"},"endToken":{"kind":94,"text":"annotations"}},"name":{"!":"com.github.javaparser.ast.expr.SimpleName","range":{"beginLine":12,"beginColumn":19,"endLine":12,"endColumn":29},"tokenRange":{"beginToken":{"kind":94,"text":"annotations"},"endToken":{"kind":94,"text":"annotations"}},"identifier":"annotations"},"scope":{"!":"com.github.javaparser.ast.type.ClassOrInterfaceType","range":{"beginLine":12,"beginColumn":5,"endLine":12,"endColumn":17},"tokenRange":{"beginToken":{"kind":94,"text":"org"},"endToken":{"kind":94,"text":"hibernate"}},"name":{"!":"com.github.javaparser.ast.expr.SimpleName","range":{"beginLine":12,"beginColumn":9,"endLine":12,"endColumn":17},"tokenRange":{"beginToken":{"kind":94,"text":"hibernate"},"endToken":{"kind":94,"text":"hibernate"}},"identifier":"hibernate"},"scope":{"!":"com.github.javaparser.ast.type.ClassOrInterfaceType","range":{"beginLine":12,"beginColumn":5,"endLine":12,"endColumn":7},"tokenRange":{"beginToken":{"kind":94,"text":"org"},"endToken":{"kind":94,"text":"org"}},"name":{"!":"com.github.javaparser.ast.expr.SimpleName","range":{"beginLine":12,"beginColumn":5,"endLine":12,"endColumn":7},"tokenRange":{"beginToken":{"kind":94,"text":"org"},"endToken":{"kind":94,"text":"org"}},"identifier":"org"},"annotations":[]},"annotations":[]},"annotations":[]},"annotations":[]}}],"name":{"!":"com.github.javaparser.ast.expr.SimpleName","range":{"beginLine":11,"beginColumn":82,"endLine":11,"endColumn":94},"tokenRange":{"beginToken":{"kind":94,"text":"getAnnotation"},"endToken":{"kind":94,"text":"getAnnotation"}},"identifier":"getAnnotation"},"scope":{"!":"com.github.javaparser.ast.expr.NameExpr","range":{"beginLine":11,"beginColumn":67,"endLine":11,"endColumn":80},"tokenRange":{"beginToken":{"kind":94,"text":"clazzToProcess"},"endToken":{"kind":94,"text":"clazzToProcess"}},"name":{"!":"com.github.javaparser.ast.expr.SimpleName","range":{"beginLine":11,"beginColumn":67,"endLine":11,"endColumn":80},"tokenRange":{"beginToken":{"kind":94,"text":"clazzToProcess"},"endToken":{"kind":94,"text":"clazzToProcess"}},"identifier":"clazzToProcess"}}},"name":{"!":"com.github.javaparser.ast.expr.SimpleName","range":{"beginLine":11,"beginColumn":50,"endLine":11,"endColumn":63},"tokenRange":{"beginToken":{"kind":94,"text":"discFormulaAnn"},"endToken":{"kind":94,"text":"discFormulaAnn"}},"identifier":"discFormulaAnn"},"type":{"!":"com.github.javaparser.ast.type.ClassOrInterfaceType","range":{"beginLine":11,"beginColumn":3,"endLine":11,"endColumn":48},"tokenRange":{"beginToken":{"kind":94,"text":"org"},"endToken":{"kind":94,"text":"DiscriminatorFormula"}},"name":{"!":"com.github.javaparser.ast.expr.SimpleName","range":{"beginLine":11,"beginColumn":29,"endLine":11,"endColumn":48},"tokenRange":{"beginToken":{"kind":94,"text":"DiscriminatorFormula"},"endToken":{"kind":94,"text":"DiscriminatorFormula"}},"identifier":"DiscriminatorFormula"},"scope":{"!":"com.github.javaparser.ast.type.ClassOrInterfaceType","range":{"beginLine":11,"beginColumn":3,"endLine":11,"endColumn":27},"tokenRange":{"beginToken":{"kind":94,"text":"org"},"endToken":{"kind":94,"text":"annotations"}},"name":{"!":"com.github.javaparser.ast.expr.SimpleName","range":{"beginLine":11,"beginColumn":17,"endLine":11,"endColumn":27},"tokenRange":{"beginToken":{"kind":94,"text":"annotations"},"endToken":{"kind":94,"text":"annotations"}},"identifier":"annotations"},"scope":{"!":"com.github.javaparser.ast.type.ClassOrInterfaceType","range":{"beginLine":11,"beginColumn":3,"endLine":11,"endColumn":15},"tokenRange":{"beginToken":{"kind":94,"text":"org"},"endToken":{"kind":94,"text":"hibernate"}},"name":{"!":"com.github.javaparser.ast.expr.SimpleName","range":{"beginLine":11,"beginColumn":7,"endLine":11,"endColumn":15},"tokenRange":{"beginToken":{"kind":94,"text":"hibernate"},"endToken":{"kind":94,"text":"hibernate"}},"identifier":"hibernate"},"scope":{"!":"com.github.javaparser.ast.type.ClassOrInterfaceType","range":{"beginLine":11,"beginColumn":3,"endLine":11,"endColumn":5},"tokenRange":{"beginToken":{"kind":94,"text":"org"},"endToken":{"kind":94,"text":"org"}},"name":{"!":"com.github.javaparser.ast.expr.SimpleName","range":{"beginLine":11,"beginColumn":3,"endLine":11,"endColumn":5},"tokenRange":{"beginToken":{"kind":94,"text":"org"},"endToken":{"kind":94,"text":"org"}},"identifier":"org"},"annotations":[]},"annotations":[]},"annotations":[]},"annotations":[]}}]}},{"!":"com.github.javaparser.ast.stmt.IfStmt","range":{"beginLine":14,"beginColumn":3,"endLine":18,"endColumn":3},"tokenRange":{"beginToken":{"kind":34,"text":"if"},"endToken":{"kind":100,"text":"}"}},"condition":{"!":"com.github.javaparser.ast.expr.UnaryExpr","range":{"beginLine":14,"beginColumn":8,"endLine":14,"endColumn":37},"tokenRange":{"beginToken":{"kind":111,"text":"!"},"endToken":{"kind":98,"text":")"}},"expression":{"!":"com.github.javaparser.ast.expr.MethodCallExpr","range":{"beginLine":14,"beginColumn":9,"endLine":14,"endColumn":37},"tokenRange":{"beginToken":{"kind":94,"text":"inheritanceState"},"endToken":{"kind":98,"text":")"}},"arguments":[],"name":{"!":"com.github.javaparser.ast.expr.SimpleName","range":{"beginLine":14,"beginColumn":26,"endLine":14,"endColumn":35},"tokenRange":{"beginToken":{"kind":94,"text":"hasParents"},"endToken":{"kind":94,"text":"hasParents"}},"identifier":"hasParents"},"scope":{"!":"com.github.javaparser.ast.expr.NameExpr","range":{"beginLine":14,"beginColumn":9,"endLine":14,"endColumn":24},"tokenRange":{"beginToken":{"kind":94,"text":"inheritanceState"},"endToken":{"kind":94,"text":"inheritanceState"}},"name":{"!":"com.github.javaparser.ast.expr.SimpleName","range":{"beginLine":14,"beginColumn":9,"endLine":14,"endColumn":24},"tokenRange":{"beginToken":{"kind":94,"text":"inheritanceState"},"endToken":{"kind":94,"text":"inheritanceState"}},"identifier":"inheritanceState"}}},"operator":"LOGICAL_COMPLEMENT"},"thenStmt":{"!":"com.github.javaparser.ast.stmt.BlockStmt","range":{"beginLine":14,"beginColumn":41,"endLine":18,"endColumn":3},"tokenRange":{"beginToken":{"kind":99,"text":"{"},"endToken":{"kind":100,"text":"}"}},"statements":[{"!":"com.github.javaparser.ast.stmt.ExpressionStmt","range":{"beginLine":15,"beginColumn":4,"endLine":17,"endColumn":5},"tokenRange":{"beginToken":{"kind":94,"text":"discriminatorColumn"},"endToken":{"kind":103,"text":";"}},"expression":{"!":"com.github.javaparser.ast.expr.AssignExpr","range":{"beginLine":15,"beginColumn":4,"endLine":17,"endColumn":4},"tokenRange":{"beginToken":{"kind":94,"text":"discriminatorColumn"},"endToken":{"kind":98,"text":")"}},"operator":"ASSIGN","target":{"!":"com.github.javaparser.ast.expr.NameExpr","range":{"beginLine":15,"beginColumn":4,"endLine":15,"endColumn":22},"tokenRange":{"beginToken":{"kind":94,"text":"discriminatorColumn"},"endToken":{"kind":94,"text":"discriminatorColumn"}},"name":{"!":"com.github.javaparser.ast.expr.SimpleName","range":{"beginLine":15,"beginColumn":4,"endLine":15,"endColumn":22},"tokenRange":{"beginToken":{"kind":94,"text":"discriminatorColumn"},"endToken":{"kind":94,"text":"discriminatorColumn"}},"identifier":"discriminatorColumn"}},"value":{"!":"com.github.javaparser.ast.expr.MethodCallExpr","range":{"beginLine":15,"beginColumn":26,"endLine":17,"endColumn":4},"tokenRange":{"beginToken":{"kind":94,"text":"Ejb3DiscriminatorColumn"},"endToken":{"kind":98,"text":")"}},"arguments":[{"!":"com.github.javaparser.ast.expr.NameExpr","range":{"beginLine":16,"beginColumn":6,"endLine":16,"endColumn":22},"tokenRange":{"beginToken":{"kind":94,"text":"discriminatorType"},"endToken":{"kind":94,"text":"discriminatorType"}},"name":{"!":"com.github.javaparser.ast.expr.SimpleName","range":{"beginLine":16,"beginColumn":6,"endLine":16,"endColumn":22},"tokenRange":{"beginToken":{"kind":94,"text":"discriminatorType"},"endToken":{"kind":94,"text":"discriminatorType"}},"identifier":"discriminatorType"}},{"!":"com.github.javaparser.ast.expr.NameExpr","range":{"beginLine":16,"beginColumn":25,"endLine":16,"endColumn":31},"tokenRange":{"beginToken":{"kind":94,"text":"discAnn"},"endToken":{"kind":94,"text":"discAnn"}},"name":{"!":"com.github.javaparser.ast.expr.SimpleName","range":{"beginLine":16,"beginColumn":25,"endLine":16,"endColumn":31},"tokenRange":{"beginToken":{"kind":94,"text":"discAnn"},"endToken":{"kind":94,"text":"discAnn"}},"identifier":"discAnn"}},{"!":"com.github.javaparser.ast.expr.NameExpr","range":{"beginLine":16,"beginColumn":34,"endLine":16,"endColumn":47},"tokenRange":{"beginToken":{"kind":94,"text":"discFormulaAnn"},"endToken":{"kind":94,"text":"discFormulaAnn"}},"name":{"!":"com.github.javaparser.ast.expr.SimpleName","range":{"beginLine":16,"beginColumn":34,"endLine":16,"endColumn":47},"tokenRange":{"beginToken":{"kind":94,"text":"discFormulaAnn"},"endToken":{"kind":94,"text":"discFormulaAnn"}},"identifier":"discFormulaAnn"}},{"!":"com.github.javaparser.ast.expr.NameExpr","range":{"beginLine":16,"beginColumn":50,"endLine":16,"endColumn":57},"tokenRange":{"beginToken":{"kind":94,"text":"mappings"},"endToken":{"kind":94,"text":"mappings"}},"name":{"!":"com.github.javaparser.ast.expr.SimpleName","range":{"beginLine":16,"beginColumn":50,"endLine":16,"endColumn":57},"tokenRange":{"beginToken":{"kind":94,"text":"mappings"},"endToken":{"kind":94,"text":"mappings"}},"identifier":"mappings"}}],"name":{"!":"com.github.javaparser.ast.expr.SimpleName","range":{"beginLine":15,"beginColumn":50,"endLine":15,"endColumn":73},"tokenRange":{"beginToken":{"kind":94,"text":"buildDiscriminatorColumn"},"endToken":{"kind":94,"text":"buildDiscriminatorColumn"}},"identifier":"buildDiscriminatorColumn"},"scope":{"!":"com.github.javaparser.ast.expr.NameExpr","range":{"beginLine":15,"beginColumn":26,"endLine":15,"endColumn":48},"tokenRange":{"beginToken":{"kind":94,"text":"Ejb3DiscriminatorColumn"},"endToken":{"kind":94,"text":"Ejb3DiscriminatorColumn"}},"name":{"!":"com.github.javaparser.ast.expr.SimpleName","range":{"beginLine":15,"beginColumn":26,"endLine":15,"endColumn":48},"tokenRange":{"beginToken":{"kind":94,"text":"Ejb3DiscriminatorColumn"},"endToken":{"kind":94,"text":"Ejb3DiscriminatorColumn"}},"identifier":"Ejb3DiscriminatorColumn"}}}}}]}},{"!":"com.github.javaparser.ast.stmt.IfStmt","range":{"beginLine":19,"beginColumn":3,"endLine":21,"endColumn":3},"tokenRange":{"beginToken":{"kind":34,"text":"if"},"endToken":{"kind":100,"text":"}"}},"condition":{"!":"com.github.javaparser.ast.expr.BinaryExpr","range":{"beginLine":19,"beginColumn":8,"endLine":19,"endColumn":55},"tokenRange":{"beginToken":{"kind":94,"text":"discAnn"},"endToken":{"kind":98,"text":")"}},"left":{"!":"com.github.javaparser.ast.expr.BinaryExpr","range":{"beginLine":19,"beginColumn":8,"endLine":19,"endColumn":22},"tokenRange":{"beginToken":{"kind":94,"text":"discAnn"},"endToken":{"kind":43,"text":"null"}},"left":{"!":"com.github.javaparser.ast.expr.NameExpr","range":{"beginLine":19,"beginColumn":8,"endLine":19,"endColumn":14},"tokenRange":{"beginToken":{"kind":94,"text":"discAnn"},"endToken":{"kind":94,"text":"discAnn"}},"name":{"!":"com.github.javaparser.ast.expr.SimpleName","range":{"beginLine":19,"beginColumn":8,"endLine":19,"endColumn":14},"tokenRange":{"beginToken":{"kind":94,"text":"discAnn"},"endToken":{"kind":94,"text":"discAnn"}},"identifier":"discAnn"}},"operator":"NOT_EQUALS","right":{"!":"com.github.javaparser.ast.expr.NullLiteralExpr","range":{"beginLine":19,"beginColumn":19,"endLine":19,"endColumn":22},"tokenRange":{"beginToken":{"kind":43,"text":"null"},"endToken":{"kind":43,"text":"null"}}}},"operator":"AND","right":{"!":"com.github.javaparser.ast.expr.MethodCallExpr","range":{"beginLine":19,"beginColumn":27,"endLine":19,"endColumn":55},"tokenRange":{"beginToken":{"kind":94,"text":"inheritanceState"},"endToken":{"kind":98,"text":")"}},"arguments":[],"name":{"!":"com.github.javaparser.ast.expr.SimpleName","range":{"beginLine":19,"beginColumn":44,"endLine":19,"endColumn":53},"tokenRange":{"beginToken":{"kind":94,"text":"hasParents"},"endToken":{"kind":94,"text":"hasParents"}},"identifier":"hasParents"},"scope":{"!":"com.github.javaparser.ast.expr.NameExpr","range":{"beginLine":19,"beginColumn":27,"endLine":19,"endColumn":42},"tokenRange":{"beginToken":{"kind":94,"text":"inheritanceState"},"endToken":{"kind":94,"text":"inheritanceState"}},"name":{"!":"com.github.javaparser.ast.expr.SimpleName","range":{"beginLine":19,"beginColumn":27,"endLine":19,"endColumn":42},"tokenRange":{"beginToken":{"kind":94,"text":"inheritanceState"},"endToken":{"kind":94,"text":"inheritanceState"}},"identifier":"inheritanceState"}}}},"thenStmt":{"!":"com.github.javaparser.ast.stmt.BlockStmt","range":{"beginLine":19,"beginColumn":59,"endLine":21,"endColumn":3},"tokenRange":{"beginToken":{"kind":99,"text":"{"},"endToken":{"kind":100,"text":"}"}},"statements":[{"!":"com.github.javaparser.ast.stmt.ExpressionStmt","range":{"beginLine":20,"beginColumn":4,"endLine":20,"endColumn":66},"tokenRange":{"beginToken":{"kind":94,"text":"LOG"},"endToken":{"kind":103,"text":";"}},"expression":{"!":"com.github.javaparser.ast.expr.MethodCallExpr","range":{"beginLine":20,"beginColumn":4,"endLine":20,"endColumn":65},"tokenRange":{"beginToken":{"kind":94,"text":"LOG"},"endToken":{"kind":98,"text":")"}},"arguments":[{"!":"com.github.javaparser.ast.expr.MethodCallExpr","range":{"beginLine":20,"beginColumn":40,"endLine":20,"endColumn":63},"tokenRange":{"beginToken":{"kind":94,"text":"clazzToProcess"},"endToken":{"kind":98,"text":")"}},"arguments":[],"name":{"!":"com.github.javaparser.ast.expr.SimpleName","range":{"beginLine":20,"beginColumn":55,"endLine":20,"endColumn":61},"tokenRange":{"beginToken":{"kind":94,"text":"getName"},"endToken":{"kind":94,"text":"getName"}},"identifier":"getName"},"scope":{"!":"com.github.javaparser.ast.expr.NameExpr","range":{"beginLine":20,"beginColumn":40,"endLine":20,"endColumn":53},"tokenRange":{"beginToken":{"kind":94,"text":"clazzToProcess"},"endToken":{"kind":94,"text":"clazzToProcess"}},"name":{"!":"com.github.javaparser.ast.expr.SimpleName","range":{"beginLine":20,"beginColumn":40,"endLine":20,"endColumn":53},"tokenRange":{"beginToken":{"kind":94,"text":"clazzToProcess"},"endToken":{"kind":94,"text":"clazzToProcess"}},"identifier":"clazzToProcess"}}}],"name":{"!":"com.github.javaparser.ast.expr.SimpleName","range":{"beginLine":20,"beginColumn":8,"endLine":20,"endColumn":37},"tokenRange":{"beginToken":{"kind":94,"text":"invalidDiscriminatorAnnotation"},"endToken":{"kind":94,"text":"invalidDiscriminatorAnnotation"}},"identifier":"invalidDiscriminatorAnnotation"},"scope":{"!":"com.github.javaparser.ast.expr.NameExpr","range":{"beginLine":20,"beginColumn":4,"endLine":20,"endColumn":6},"tokenRange":{"beginToken":{"kind":94,"text":"LOG"},"endToken":{"kind":94,"text":"LOG"}},"name":{"!":"com.github.javaparser.ast.expr.SimpleName","range":{"beginLine":20,"beginColumn":4,"endLine":20,"endColumn":6},"tokenRange":{"beginToken":{"kind":94,"text":"LOG"},"endToken":{"kind":94,"text":"LOG"}},"identifier":"LOG"}}}}]}},{"!":"com.github.javaparser.ast.stmt.ExpressionStmt","range":{"beginLine":23,"beginColumn":3,"endLine":25,"endColumn":9},"tokenRange":{"beginToken":{"kind":94,"text":"String"},"endToken":{"kind":103,"text":";"}},"expression":{"!":"com.github.javaparser.ast.expr.VariableDeclarationExpr","range":{"beginLine":23,"beginColumn":3,"endLine":25,"endColumn":8},"tokenRange":{"beginToken":{"kind":94,"text":"String"},"endToken":{"kind":43,"text":"null"}},"annotations":[],"modifiers":[],"variables":[{"!":"com.github.javaparser.ast.body.VariableDeclarator","range":{"beginLine":23,"beginColumn":10,"endLine":25,"endColumn":8},"tokenRange":{"beginToken":{"kind":94,"text":"discrimValue"},"endToken":{"kind":43,"text":"null"}},"initializer":{"!":"com.github.javaparser.ast.expr.ConditionalExpr","range":{"beginLine":23,"beginColumn":25,"endLine":25,"endColumn":8},"tokenRange":{"beginToken":{"kind":94,"text":"clazzToProcess"},"endToken":{"kind":43,"text":"null"}},"condition":{"!":"com.github.javaparser.ast.expr.MethodCallExpr","range":{"beginLine":23,"beginColumn":25,"endLine":23,"endColumn":86},"tokenRange":{"beginToken":{"kind":94,"text":"clazzToProcess"},"endToken":{"kind":98,"text":")"}},"arguments":[{"!":"com.github.javaparser.ast.expr.ClassExpr","range":{"beginLine":23,"beginColumn":61,"endLine":23,"endColumn":84},"tokenRange":{"beginToken":{"kind":94,"text":"DiscriminatorValue"},"endToken":{"kind":19,"text":"class"}},"type":{"!":"com.github.javaparser.ast.type.ClassOrInterfaceType","range":{"beginLine":23,"beginColumn":61,"endLine":23,"endColumn":78},"tokenRange":{"beginToken":{"kind":94,"text":"DiscriminatorValue"},"endToken":{"kind":94,"text":"DiscriminatorValue"}},"name":{"!":"com.github.javaparser.ast.expr.SimpleName","range":{"beginLine":23,"beginColumn":61,"endLine":23,"endColumn":78},"tokenRange":{"beginToken":{"kind":94,"text":"DiscriminatorValue"},"endToken":{"kind":94,"text":"DiscriminatorValue"}},"identifier":"DiscriminatorValue"},"annotations":[]}}],"name":{"!":"com.github.javaparser.ast.expr.SimpleName","range":{"beginLine":23,"beginColumn":40,"endLine":23,"endColumn":58},"tokenRange":{"beginToken":{"kind":94,"text":"isAnnotationPresent"},"endToken":{"kind":94,"text":"isAnnotationPresent"}},"identifier":"isAnnotationPresent"},"scope":{"!":"com.github.javaparser.ast.expr.NameExpr","range":{"beginLine":23,"beginColumn":25,"endLine":23,"endColumn":38},"tokenRange":{"beginToken":{"kind":94,"text":"clazzToProcess"},"endToken":{"kind":94,"text":"clazzToProcess"}},"name":{"!":"com.github.javaparser.ast.expr.SimpleName","range":{"beginLine":23,"beginColumn":25,"endLine":23,"endColumn":38},"tokenRange":{"beginToken":{"kind":94,"text":"clazzToProcess"},"endToken":{"kind":94,"text":"clazzToProcess"}},"identifier":"clazzToProcess"}}},"elseExpr":{"!":"com.github.javaparser.ast.expr.NullLiteralExpr","range":{"beginLine":25,"beginColumn":5,"endLine":25,"endColumn":8},"tokenRange":{"beginToken":{"kind":43,"text":"null"},"endToken":{"kind":43,"text":"null"}}},"thenExpr":{"!":"com.github.javaparser.ast.expr.MethodCallExpr","range":{"beginLine":24,"beginColumn":5,"endLine":24,"endColumn":68},"tokenRange":{"beginToken":{"kind":94,"text":"clazzToProcess"},"endToken":{"kind":98,"text":")"}},"arguments":[],"name":{"!":"com.github.javaparser.ast.expr.SimpleName","range":{"beginLine":24,"beginColumn":62,"endLine":24,"endColumn":66},"tokenRange":{"beginToken":{"kind":94,"text":"value"},"endToken":{"kind":94,"text":"value"}},"identifier":"value"},"scope":{"!":"com.github.javaparser.ast.expr.MethodCallExpr","range":{"beginLine":24,"beginColumn":5,"endLine":24,"endColumn":60},"tokenRange":{"beginToken":{"kind":94,"text":"clazzToProcess"},"endToken":{"kind":98,"text":")"}},"arguments":[{"!":"com.github.javaparser.ast.expr.ClassExpr","range":{"beginLine":24,"beginColumn":35,"endLine":24,"endColumn":58},"tokenRange":{"beginToken":{"kind":94,"text":"DiscriminatorValue"},"endToken":{"kind":19,"text":"class"}},"type":{"!":"com.github.javaparser.ast.type.ClassOrInterfaceType","range":{"beginLine":24,"beginColumn":35,"endLine":24,"endColumn":52},"tokenRange":{"beginToken":{"kind":94,"text":"DiscriminatorValue"},"endToken":{"kind":94,"text":"DiscriminatorValue"}},"name":{"!":"com.github.javaparser.ast.expr.SimpleName","range":{"beginLine":24,"beginColumn":35,"endLine":24,"endColumn":52},"tokenRange":{"beginToken":{"kind":94,"text":"DiscriminatorValue"},"endToken":{"kind":94,"text":"DiscriminatorValue"}},"identifier":"DiscriminatorValue"},"annotations":[]}}],"name":{"!":"com.github.javaparser.ast.expr.SimpleName","range":{"beginLine":24,"beginColumn":20,"endLine":24,"endColumn":32},"tokenRange":{"beginToken":{"kind":94,"text":"getAnnotation"},"endToken":{"kind":94,"text":"getAnnotation"}},"identifier":"getAnnotation"},"scope":{"!":"com.github.javaparser.ast.expr.NameExpr","range":{"beginLine":24,"beginColumn":5,"endLine":24,"endColumn":18},"tokenRange":{"beginToken":{"kind":94,"text":"clazzToProcess"},"endToken":{"kind":94,"text":"clazzToProcess"}},"name":{"!":"com.github.javaparser.ast.expr.SimpleName","range":{"beginLine":24,"beginColumn":5,"endLine":24,"endColumn":18},"tokenRange":{"beginToken":{"kind":94,"text":"clazzToProcess"},"endToken":{"kind":94,"text":"clazzToProcess"}},"identifier":"clazzToProcess"}}}}},"name":{"!":"com.github.javaparser.ast.expr.SimpleName","range":{"beginLine":23,"beginColumn":10,"endLine":23,"endColumn":21},"tokenRange":{"beginToken":{"kind":94,"text":"discrimValue"},"endToken":{"kind":94,"text":"discrimValue"}},"identifier":"discrimValue"},"type":{"!":"com.github.javaparser.ast.type.ClassOrInterfaceType","range":{"beginLine":23,"beginColumn":3,"endLine":23,"endColumn":8},"tokenRange":{"beginToken":{"kind":94,"text":"String"},"endToken":{"kind":94,"text":"String"}},"name":{"!":"com.github.javaparser.ast.expr.SimpleName","range":{"beginLine":23,"beginColumn":3,"endLine":23,"endColumn":8},"tokenRange":{"beginToken":{"kind":94,"text":"String"},"endToken":{"kind":94,"text":"String"}},"identifier":"String"},"annotations":[]}}]}},{"!":"com.github.javaparser.ast.stmt.ExpressionStmt","range":{"beginLine":26,"beginColumn":3,"endLine":26,"endColumn":53},"tokenRange":{"beginToken":{"kind":94,"text":"entityBinder"},"endToken":{"kind":103,"text":";"}},"expression":{"!":"com.github.javaparser.ast.expr.MethodCallExpr","range":{"beginLine":26,"beginColumn":3,"endLine":26,"endColumn":52},"tokenRange":{"beginToken":{"kind":94,"text":"entityBinder"},"endToken":{"kind":98,"text":")"}},"arguments":[{"!":"com.github.javaparser.ast.expr.NameExpr","range":{"beginLine":26,"beginColumn":39,"endLine":26,"endColumn":50},"tokenRange":{"beginToken":{"kind":94,"text":"discrimValue"},"endToken":{"kind":94,"text":"discrimValue"}},"name":{"!":"com.github.javaparser.ast.expr.SimpleName","range":{"beginLine":26,"beginColumn":39,"endLine":26,"endColumn":50},"tokenRange":{"beginToken":{"kind":94,"text":"discrimValue"},"endToken":{"kind":94,"text":"discrimValue"}},"identifier":"discrimValue"}}],"name":{"!":"com.github.javaparser.ast.expr.SimpleName","range":{"beginLine":26,"beginColumn":16,"endLine":26,"endColumn":36},"tokenRange":{"beginToken":{"kind":94,"text":"setDiscriminatorValue"},"endToken":{"kind":94,"text":"setDiscriminatorValue"}},"identifier":"setDiscriminatorValue"},"scope":{"!":"com.github.javaparser.ast.expr.NameExpr","range":{"beginLine":26,"beginColumn":3,"endLine":26,"endColumn":14},"tokenRange":{"beginToken":{"kind":94,"text":"entityBinder"},"endToken":{"kind":94,"text":"entityBinder"}},"name":{"!":"com.github.javaparser.ast.expr.SimpleName","range":{"beginLine":26,"beginColumn":3,"endLine":26,"endColumn":14},"tokenRange":{"beginToken":{"kind":94,"text":"entityBinder"},"endToken":{"kind":94,"text":"entityBinder"}},"identifier":"entityBinder"}}}},{"!":"com.github.javaparser.ast.stmt.ExpressionStmt","range":{"beginLine":28,"beginColumn":3,"endLine":28,"endColumn":105},"tokenRange":{"beginToken":{"kind":94,"text":"DiscriminatorOptions"},"endToken":{"kind":103,"text":";"}},"expression":{"!":"com.github.javaparser.ast.expr.VariableDeclarationExpr","range":{"beginLine":28,"beginColumn":3,"endLine":28,"endColumn":104},"tokenRange":{"beginToken":{"kind":94,"text":"DiscriminatorOptions"},"endToken":{"kind":98,"text":")"}},"annotations":[],"modifiers":[],"variables":[{"!":"com.github.javaparser.ast.body.VariableDeclarator","range":{"beginLine":28,"beginColumn":24,"endLine":28,"endColumn":104},"tokenRange":{"beginToken":{"kind":94,"text":"discriminatorOptions"},"endToken":{"kind":98,"text":")"}},"initializer":{"!":"com.github.javaparser.ast.expr.MethodCallExpr","range":{"beginLine":28,"beginColumn":47,"endLine":28,"endColumn":104},"tokenRange":{"beginToken":{"kind":94,"text":"clazzToProcess"},"endToken":{"kind":98,"text":")"}},"arguments":[{"!":"com.github.javaparser.ast.expr.ClassExpr","range":{"beginLine":28,"beginColumn":77,"endLine":28,"endColumn":102},"tokenRange":{"beginToken":{"kind":94,"text":"DiscriminatorOptions"},"endToken":{"kind":19,"text":"class"}},"type":{"!":"com.github.javaparser.ast.type.ClassOrInterfaceType","range":{"beginLine":28,"beginColumn":77,"endLine":28,"endColumn":96},"tokenRange":{"beginToken":{"kind":94,"text":"DiscriminatorOptions"},"endToken":{"kind":94,"text":"DiscriminatorOptions"}},"name":{"!":"com.github.javaparser.ast.expr.SimpleName","range":{"beginLine":28,"beginColumn":77,"endLine":28,"endColumn":96},"tokenRange":{"beginToken":{"kind":94,"text":"DiscriminatorOptions"},"endToken":{"kind":94,"text":"DiscriminatorOptions"}},"identifier":"DiscriminatorOptions"},"annotations":[]}}],"name":{"!":"com.github.javaparser.ast.expr.SimpleName","range":{"beginLine":28,"beginColumn":62,"endLine":28,"endColumn":74},"tokenRange":{"beginToken":{"kind":94,"text":"getAnnotation"},"endToken":{"kind":94,"text":"getAnnotation"}},"identifier":"getAnnotation"},"scope":{"!":"com.github.javaparser.ast.expr.NameExpr","range":{"beginLine":28,"beginColumn":47,"endLine":28,"endColumn":60},"tokenRange":{"beginToken":{"kind":94,"text":"clazzToProcess"},"endToken":{"kind":94,"text":"clazzToProcess"}},"name":{"!":"com.github.javaparser.ast.expr.SimpleName","range":{"beginLine":28,"beginColumn":47,"endLine":28,"endColumn":60},"tokenRange":{"beginToken":{"kind":94,"text":"clazzToProcess"},"endToken":{"kind":94,"text":"clazzToProcess"}},"identifier":"clazzToProcess"}}},"name":{"!":"com.github.javaparser.ast.expr.SimpleName","range":{"beginLine":28,"beginColumn":24,"endLine":28,"endColumn":43},"tokenRange":{"beginToken":{"kind":94,"text":"discriminatorOptions"},"endToken":{"kind":94,"text":"discriminatorOptions"}},"identifier":"discriminatorOptions"},"type":{"!":"com.github.javaparser.ast.type.ClassOrInterfaceType","range":{"beginLine":28,"beginColumn":3,"endLine":28,"endColumn":22},"tokenRange":{"beginToken":{"kind":94,"text":"DiscriminatorOptions"},"endToken":{"kind":94,"text":"DiscriminatorOptions"}},"name":{"!":"com.github.javaparser.ast.expr.SimpleName","range":{"beginLine":28,"beginColumn":3,"endLine":28,"endColumn":22},"tokenRange":{"beginToken":{"kind":94,"text":"DiscriminatorOptions"},"endToken":{"kind":94,"text":"DiscriminatorOptions"}},"identifier":"DiscriminatorOptions"},"annotations":[]}}]}},{"!":"com.github.javaparser.ast.stmt.IfStmt","range":{"beginLine":29,"beginColumn":3,"endLine":32,"endColumn":3},"tokenRange":{"beginToken":{"kind":34,"text":"if"},"endToken":{"kind":100,"text":"}"}},"condition":{"!":"com.github.javaparser.ast.expr.BinaryExpr","range":{"beginLine":29,"beginColumn":8,"endLine":29,"endColumn":35},"tokenRange":{"beginToken":{"kind":94,"text":"discriminatorOptions"},"endToken":{"kind":43,"text":"null"}},"left":{"!":"com.github.javaparser.ast.expr.NameExpr","range":{"beginLine":29,"beginColumn":8,"endLine":29,"endColumn":27},"tokenRange":{"beginToken":{"kind":94,"text":"discriminatorOptions"},"endToken":{"kind":94,"text":"discriminatorOptions"}},"name":{"!":"com.github.javaparser.ast.expr.SimpleName","range":{"beginLine":29,"beginColumn":8,"endLine":29,"endColumn":27},"tokenRange":{"beginToken":{"kind":94,"text":"discriminatorOptions"},"endToken":{"kind":94,"text":"discriminatorOptions"}},"identifier":"discriminatorOptions"}},"operator":"NOT_EQUALS","right":{"!":"com.github.javaparser.ast.expr.NullLiteralExpr","range":{"beginLine":29,"beginColumn":32,"endLine":29,"endColumn":35},"tokenRange":{"beginToken":{"kind":43,"text":"null"},"endToken":{"kind":43,"text":"null"}}}},"thenStmt":{"!":"com.github.javaparser.ast.stmt.BlockStmt","range":{"beginLine":29,"beginColumn":38,"endLine":32,"endColumn":3},"tokenRange":{"beginToken":{"kind":99,"text":"{"},"endToken":{"kind":100,"text":"}"}},"statements":[{"!":"com.github.javaparser.ast.stmt.ExpressionStmt","range":{"beginLine":30,"beginColumn":4,"endLine":30,"endColumn":70},"tokenRange":{"beginToken":{"kind":94,"text":"entityBinder"},"endToken":{"kind":103,"text":";"}},"expression":{"!":"com.github.javaparser.ast.expr.MethodCallExpr","range":{"beginLine":30,"beginColumn":4,"endLine":30,"endColumn":69},"tokenRange":{"beginToken":{"kind":94,"text":"entityBinder"},"endToken":{"kind":98,"text":")"}},"arguments":[{"!":"com.github.javaparser.ast.expr.MethodCallExpr","range":{"beginLine":30,"beginColumn":40,"endLine":30,"endColumn":67},"tokenRange":{"beginToken":{"kind":94,"text":"discriminatorOptions"},"endToken":{"kind":98,"text":")"}},"arguments":[],"name":{"!":"com.github.javaparser.ast.expr.SimpleName","range":{"beginLine":30,"beginColumn":61,"endLine":30,"endColumn":65},"tokenRange":{"beginToken":{"kind":94,"text":"force"},"endToken":{"kind":94,"text":"force"}},"identifier":"force"},"scope":{"!":"com.github.javaparser.ast.expr.NameExpr","range":{"beginLine":30,"beginColumn":40,"endLine":30,"endColumn":59},"tokenRange":{"beginToken":{"kind":94,"text":"discriminatorOptions"},"endToken":{"kind":94,"text":"discriminatorOptions"}},"name":{"!":"com.github.javaparser.ast.expr.SimpleName","range":{"beginLine":30,"beginColumn":40,"endLine":30,"endColumn":59},"tokenRange":{"beginToken":{"kind":94,"text":"discriminatorOptions"},"endToken":{"kind":94,"text":"discriminatorOptions"}},"identifier":"discriminatorOptions"}}}],"name":{"!":"com.github.javaparser.ast.expr.SimpleName","range":{"beginLine":30,"beginColumn":17,"endLine":30,"endColumn":37},"tokenRange":{"beginToken":{"kind":94,"text":"setForceDiscriminator"},"endToken":{"kind":94,"text":"setForceDiscriminator"}},"identifier":"setForceDiscriminator"},"scope":{"!":"com.github.javaparser.ast.expr.NameExpr","range":{"beginLine":30,"beginColumn":4,"endLine":30,"endColumn":15},"tokenRange":{"beginToken":{"kind":94,"text":"entityBinder"},"endToken":{"kind":94,"text":"entityBinder"}},"name":{"!":"com.github.javaparser.ast.expr.SimpleName","range":{"beginLine":30,"beginColumn":4,"endLine":30,"endColumn":15},"tokenRange":{"beginToken":{"kind":94,"text":"entityBinder"},"endToken":{"kind":94,"text":"entityBinder"}},"identifier":"entityBinder"}}}},{"!":"com.github.javaparser.ast.stmt.ExpressionStmt","range":{"beginLine":31,"beginColumn":4,"endLine":31,"endColumn":76},"tokenRange":{"beginToken":{"kind":94,"text":"entityBinder"},"endToken":{"kind":103,"text":";"}},"expression":{"!":"com.github.javaparser.ast.expr.MethodCallExpr","range":{"beginLine":31,"beginColumn":4,"endLine":31,"endColumn":75},"tokenRange":{"beginToken":{"kind":94,"text":"entityBinder"},"endToken":{"kind":98,"text":")"}},"arguments":[{"!":"com.github.javaparser.ast.expr.MethodCallExpr","range":{"beginLine":31,"beginColumn":45,"endLine":31,"endColumn":73},"tokenRange":{"beginToken":{"kind":94,"text":"discriminatorOptions"},"endToken":{"kind":98,"text":")"}},"arguments":[],"name":{"!":"com.github.javaparser.ast.expr.SimpleName","range":{"beginLine":31,"beginColumn":66,"endLine":31,"endColumn":71},"tokenRange":{"beginToken":{"kind":94,"text":"insert"},"endToken":{"kind":94,"text":"insert"}},"identifier":"insert"},"scope":{"!":"com.github.javaparser.ast.expr.NameExpr","range":{"beginLine":31,"beginColumn":45,"endLine":31,"endColumn":64},"tokenRange":{"beginToken":{"kind":94,"text":"discriminatorOptions"},"endToken":{"kind":94,"text":"discriminatorOptions"}},"name":{"!":"com.github.javaparser.ast.expr.SimpleName","range":{"beginLine":31,"beginColumn":45,"endLine":31,"endColumn":64},"tokenRange":{"beginToken":{"kind":94,"text":"discriminatorOptions"},"endToken":{"kind":94,"text":"discriminatorOptions"}},"identifier":"discriminatorOptions"}}}],"name":{"!":"com.github.javaparser.ast.expr.SimpleName","range":{"beginLine":31,"beginColumn":17,"endLine":31,"endColumn":42},"tokenRange":{"beginToken":{"kind":94,"text":"setInsertableDiscriminator"},"endToken":{"kind":94,"text":"setInsertableDiscriminator"}},"identifier":"setInsertableDiscriminator"},"scope":{"!":"com.github.javaparser.ast.expr.NameExpr","range":{"beginLine":31,"beginColumn":4,"endLine":31,"endColumn":15},"tokenRange":{"beginToken":{"kind":94,"text":"entityBinder"},"endToken":{"kind":94,"text":"entityBinder"}},"name":{"!":"com.github.javaparser.ast.expr.SimpleName","range":{"beginLine":31,"beginColumn":4,"endLine":31,"endColumn":15},"tokenRange":{"beginToken":{"kind":94,"text":"entityBinder"},"endToken":{"kind":94,"text":"entityBinder"}},"identifier":"entityBinder"}}}}]}},{"!":"com.github.javaparser.ast.stmt.ReturnStmt","range":{"beginLine":34,"beginColumn":3,"endLine":34,"endColumn":29},"tokenRange":{"beginToken":{"kind":49,"text":"return"},"endToken":{"kind":103,"text":";"}},"expression":{"!":"com.github.javaparser.ast.expr.NameExpr","range":{"beginLine":34,"beginColumn":10,"endLine":34,"endColumn":28},"tokenRange":{"beginToken":{"kind":94,"text":"discriminatorColumn"},"endToken":{"kind":94,"text":"discriminatorColumn"}},"name":{"!":"com.github.javaparser.ast.expr.SimpleName","range":{"beginLine":34,"beginColumn":10,"endLine":34,"endColumn":28},"tokenRange":{"beginToken":{"kind":94,"text":"discriminatorColumn"},"endToken":{"kind":94,"text":"discriminatorColumn"}},"identifier":"discriminatorColumn"}}}]},"type":{"!":"com.github.javaparser.ast.type.ClassOrInterfaceType","range":{"beginLine":2,"beginColumn":17,"endLine":2,"endColumn":39},"tokenRange":{"beginToken":{"kind":94,"text":"Ejb3DiscriminatorColumn"},"endToken":{"kind":94,"text":"Ejb3DiscriminatorColumn"}},"name":{"!":"com.github.javaparser.ast.expr.SimpleName","range":{"beginLine":2,"beginColumn":17,"endLine":2,"endColumn":39},"tokenRange":{"beginToken":{"kind":94,"text":"Ejb3DiscriminatorColumn"},"endToken":{"kind":94,"text":"Ejb3DiscriminatorColumn"}},"identifier":"Ejb3DiscriminatorColumn"},"annotations":[]},"modifiers":[{"!":"com.github.javaparser.ast.Modifier","range":{"beginLine":2,"beginColumn":2,"endLine":2,"endColumn":8},"tokenRange":{"beginToken":{"kind":45,"text":"private"},"endToken":{"kind":45,"text":"private"}},"keyword":"PRIVATE"},{"!":"com.github.javaparser.ast.Modifier","range":{"beginLine":2,"beginColumn":10,"endLine":2,"endColumn":15},"tokenRange":{"beginToken":{"kind":51,"text":"static"},"endToken":{"kind":51,"text":"static"}},"keyword":"STATIC"}],"name":{"!":"com.github.javaparser.ast.expr.SimpleName","range":{"beginLine":2,"beginColumn":41,"endLine":2,"endColumn":70},"tokenRange":{"beginToken":{"kind":94,"text":"processDiscriminatorProperties"},"endToken":{"kind":94,"text":"processDiscriminatorProperties"}},"identifier":"processDiscriminatorProperties"},"parameters":[{"!":"com.github.javaparser.ast.body.Parameter","range":{"beginLine":2,"beginColumn":72,"endLine":2,"endColumn":92},"tokenRange":{"beginToken":{"kind":94,"text":"XClass"},"endToken":{"kind":94,"text":"clazzToProcess"}},"annotations":[],"isVarArgs":"false","modifiers":[],"name":{"!":"com.github.javaparser.ast.expr.SimpleName","range":{"beginLine":2,"beginColumn":79,"endLine":2,"endColumn":92},"tokenRange":{"beginToken":{"kind":94,"text":"clazzToProcess"},"endToken":{"kind":94,"text":"clazzToProcess"}},"identifier":"clazzToProcess"},"type":{"!":"com.github.javaparser.ast.type.ClassOrInterfaceType","range":{"beginLine":2,"beginColumn":72,"endLine":2,"endColumn":77},"tokenRange":{"beginToken":{"kind":94,"text":"XClass"},"endToken":{"kind":94,"text":"XClass"}},"name":{"!":"com.github.javaparser.ast.expr.SimpleName","range":{"beginLine":2,"beginColumn":72,"endLine":2,"endColumn":77},"tokenRange":{"beginToken":{"kind":94,"text":"XClass"},"endToken":{"kind":94,"text":"XClass"}},"identifier":"XClass"},"annotations":[]},"varArgsAnnotations":[]},{"!":"com.github.javaparser.ast.body.Parameter","range":{"beginLine":2,"beginColumn":95,"endLine":2,"endColumn":111},"tokenRange":{"beginToken":{"kind":94,"text":"Mappings"},"endToken":{"kind":94,"text":"mappings"}},"annotations":[],"isVarArgs":"false","modifiers":[],"name":{"!":"com.github.javaparser.ast.expr.SimpleName","range":{"beginLine":2,"beginColumn":104,"endLine":2,"endColumn":111},"tokenRange":{"beginToken":{"kind":94,"text":"mappings"},"endToken":{"kind":94,"text":"mappings"}},"identifier":"mappings"},"type":{"!":"com.github.javaparser.ast.type.ClassOrInterfaceType","range":{"beginLine":2,"beginColumn":95,"endLine":2,"endColumn":102},"tokenRange":{"beginToken":{"kind":94,"text":"Mappings"},"endToken":{"kind":94,"text":"Mappings"}},"name":{"!":"com.github.javaparser.ast.expr.SimpleName","range":{"beginLine":2,"beginColumn":95,"endLine":2,"endColumn":102},"tokenRange":{"beginToken":{"kind":94,"text":"Mappings"},"endToken":{"kind":94,"text":"Mappings"}},"identifier":"Mappings"},"annotations":[]},"varArgsAnnotations":[]},{"!":"com.github.javaparser.ast.body.Parameter","range":{"beginLine":2,"beginColumn":114,"endLine":2,"endColumn":146},"tokenRange":{"beginToken":{"kind":94,"text":"InheritanceState"},"endToken":{"kind":94,"text":"inheritanceState"}},"annotations":[],"isVarArgs":"false","modifiers":[],"name":{"!":"com.github.javaparser.ast.expr.SimpleName","range":{"beginLine":2,"beginColumn":131,"endLine":2,"endColumn":146},"tokenRange":{"beginToken":{"kind":94,"text":"inheritanceState"},"endToken":{"kind":94,"text":"inheritanceState"}},"identifier":"inheritanceState"},"type":{"!":"com.github.javaparser.ast.type.ClassOrInterfaceType","range":{"beginLine":2,"beginColumn":114,"endLine":2,"endColumn":129},"tokenRange":{"beginToken":{"kind":94,"text":"InheritanceState"},"endToken":{"kind":94,"text":"InheritanceState"}},"name":{"!":"com.github.javaparser.ast.expr.SimpleName","range":{"beginLine":2,"beginColumn":114,"endLine":2,"endColumn":129},"tokenRange":{"beginToken":{"kind":94,"text":"InheritanceState"},"endToken":{"kind":94,"text":"InheritanceState"}},"identifier":"InheritanceState"},"annotations":[]},"varArgsAnnotations":[]},{"!":"com.github.javaparser.ast.body.Parameter","range":{"beginLine":2,"beginColumn":149,"endLine":2,"endColumn":173},"tokenRange":{"beginToken":{"kind":94,"text":"EntityBinder"},"endToken":{"kind":94,"text":"entityBinder"}},"annotations":[],"isVarArgs":"false","modifiers":[],"name":{"!":"com.github.javaparser.ast.expr.SimpleName","range":{"beginLine":2,"beginColumn":162,"endLine":2,"endColumn":173},"tokenRange":{"beginToken":{"kind":94,"text":"entityBinder"},"endToken":{"kind":94,"text":"entityBinder"}},"identifier":"entityBinder"},"type":{"!":"com.github.javaparser.ast.type.ClassOrInterfaceType","range":{"beginLine":2,"beginColumn":149,"endLine":2,"endColumn":160},"tokenRange":{"beginToken":{"kind":94,"text":"EntityBinder"},"endToken":{"kind":94,"text":"EntityBinder"}},"name":{"!":"com.github.javaparser.ast.expr.SimpleName","range":{"beginLine":2,"beginColumn":149,"endLine":2,"endColumn":160},"tokenRange":{"beginToken":{"kind":94,"text":"EntityBinder"},"endToken":{"kind":94,"text":"EntityBinder"}},"identifier":"EntityBinder"},"annotations":[]},"varArgsAnnotations":[]}],"thrownExceptions":[],"typeParameters":[],"annotations":[]}],"modifiers":[],"name":{"!":"com.github.javaparser.ast.expr.SimpleName","range":{"beginLine":1,"beginColumn":7,"endLine":1,"endColumn":10},"tokenRange":{"beginToken":{"kind":94,"text":"Test"},"endToken":{"kind":94,"text":"Test"}},"identifier":"Test"},"annotations":[]}]}