{"!":"com.github.javaparser.ast.CompilationUnit","range":{"beginLine":1,"beginColumn":1,"endLine":41,"endColumn":2},"tokenRange":{"beginToken":{"kind":19,"text":"class"},"endToken":{"kind":0,"text":""}},"imports":[],"types":[{"!":"com.github.javaparser.ast.body.ClassOrInterfaceDeclaration","range":{"beginLine":1,"beginColumn":1,"endLine":41,"endColumn":2},"tokenRange":{"beginToken":{"kind":19,"text":"class"},"endToken":{"kind":100,"text":"}"}},"extendedTypes":[],"implementedTypes":[],"isInterface":"false","typeParameters":[],"members":[{"!":"com.github.javaparser.ast.body.ConstructorDeclaration","range":{"beginLine":5,"beginColumn":5,"endLine":39,"endColumn":5},"tokenRange":{"beginToken":{"kind":47,"text":"public"},"endToken":{"kind":100,"text":"}"}},"body":{"!":"com.github.javaparser.ast.stmt.BlockStmt","range":{"beginLine":5,"beginColumn":36,"endLine":39,"endColumn":5},"tokenRange":{"beginToken":{"kind":99,"text":"{"},"endToken":{"kind":100,"text":"}"}},"statements":[{"!":"com.github.javaparser.ast.stmt.ExplicitConstructorInvocationStmt","range":{"beginLine":6,"beginColumn":9,"endLine":7,"endColumn":55},"tokenRange":{"beginToken":{"kind":53,"text":"super"},"endToken":{"kind":103,"text":";"}},"arguments":[{"!":"com.github.javaparser.ast.expr.StringLiteralExpr","range":{"beginLine":6,"beginColumn":15,"endLine":6,"endColumn":29},"tokenRange":{"beginToken":{"kind":90,"text":"\"Node Instance\""},"endToken":{"kind":90,"text":"\"Node Instance\""}},"value":"Node Instance"},{"!":"com.github.javaparser.ast.expr.MethodCallExpr","range":{"beginLine":6,"beginColumn":32,"endLine":6,"endColumn":57},"tokenRange":{"beginToken":{"kind":94,"text":"lookupIcon"},"endToken":{"kind":98,"text":")"}},"arguments":[{"!":"com.github.javaparser.ast.expr.StringLiteralExpr","range":{"beginLine":6,"beginColumn":43,"endLine":6,"endColumn":56},"tokenRange":{"beginToken":{"kind":90,"text":"\"NodeInstance\""},"endToken":{"kind":90,"text":"\"NodeInstance\""}},"value":"NodeInstance"}],"name":{"!":"com.github.javaparser.ast.expr.SimpleName","range":{"beginLine":6,"beginColumn":32,"endLine":6,"endColumn":41},"tokenRange":{"beginToken":{"kind":94,"text":"lookupIcon"},"endToken":{"kind":94,"text":"lookupIcon"}},"identifier":"lookupIcon"}},{"!":"com.github.javaparser.ast.expr.MethodCallExpr","range":{"beginLine":7,"beginColumn":17,"endLine":7,"endColumn":53},"tokenRange":{"beginToken":{"kind":94,"text":"ConfigLoader"},"endToken":{"kind":98,"text":")"}},"arguments":[],"name":{"!":"com.github.javaparser.ast.expr.SimpleName","range":{"beginLine":7,"beginColumn":30,"endLine":7,"endColumn":51},"tokenRange":{"beginToken":{"kind":94,"text":"getTabPropsOrientation"},"endToken":{"kind":94,"text":"getTabPropsOrientation"}},"identifier":"getTabPropsOrientation"},"scope":{"!":"com.github.javaparser.ast.expr.NameExpr","range":{"beginLine":7,"beginColumn":17,"endLine":7,"endColumn":28},"tokenRange":{"beginToken":{"kind":94,"text":"ConfigLoader"},"endToken":{"kind":94,"text":"ConfigLoader"}},"name":{"!":"com.github.javaparser.ast.expr.SimpleName","range":{"beginLine":7,"beginColumn":17,"endLine":7,"endColumn":28},"tokenRange":{"beginToken":{"kind":94,"text":"ConfigLoader"},"endToken":{"kind":94,"text":"ConfigLoader"}},"identifier":"ConfigLoader"}}}],"isThis":"false"},{"!":"com.github.javaparser.ast.stmt.ExpressionStmt","range":{"beginLine":9,"beginColumn":9,"endLine":9,"endColumn":72},"tokenRange":{"beginToken":{"kind":94,"text":"addField"},"endToken":{"kind":103,"text":";"}},"expression":{"!":"com.github.javaparser.ast.expr.MethodCallExpr","range":{"beginLine":9,"beginColumn":9,"endLine":9,"endColumn":71},"tokenRange":{"beginToken":{"kind":94,"text":"addField"},"endToken":{"kind":98,"text":")"}},"arguments":[{"!":"com.github.javaparser.ast.expr.MethodCallExpr","range":{"beginLine":9,"beginColumn":18,"endLine":9,"endColumn":50},"tokenRange":{"beginToken":{"kind":94,"text":"Translator"},"endToken":{"kind":98,"text":")"}},"arguments":[{"!":"com.github.javaparser.ast.expr.StringLiteralExpr","range":{"beginLine":9,"beginColumn":38,"endLine":9,"endColumn":49},"tokenRange":{"beginToken":{"kind":90,"text":"\"label.name\""},"endToken":{"kind":90,"text":"\"label.name\""}},"value":"label.name"}],"name":{"!":"com.github.javaparser.ast.expr.SimpleName","range":{"beginLine":9,"beginColumn":29,"endLine":9,"endColumn":36},"tokenRange":{"beginToken":{"kind":94,"text":"localize"},"endToken":{"kind":94,"text":"localize"}},"identifier":"localize"},"scope":{"!":"com.github.javaparser.ast.expr.NameExpr","range":{"beginLine":9,"beginColumn":18,"endLine":9,"endColumn":27},"tokenRange":{"beginToken":{"kind":94,"text":"Translator"},"endToken":{"kind":94,"text":"Translator"}},"name":{"!":"com.github.javaparser.ast.expr.SimpleName","range":{"beginLine":9,"beginColumn":18,"endLine":9,"endColumn":27},"tokenRange":{"beginToken":{"kind":94,"text":"Translator"},"endToken":{"kind":94,"text":"Translator"}},"identifier":"Translator"}}},{"!":"com.github.javaparser.ast.expr.MethodCallExpr","range":{"beginLine":9,"beginColumn":53,"endLine":9,"endColumn":70},"tokenRange":{"beginToken":{"kind":94,"text":"getNameTextField"},"endToken":{"kind":98,"text":")"}},"arguments":[],"name":{"!":"com.github.javaparser.ast.expr.SimpleName","range":{"beginLine":9,"beginColumn":53,"endLine":9,"endColumn":68},"tokenRange":{"beginToken":{"kind":94,"text":"getNameTextField"},"endToken":{"kind":94,"text":"getNameTextField"}},"identifier":"getNameTextField"}}],"name":{"!":"com.github.javaparser.ast.expr.SimpleName","range":{"beginLine":9,"beginColumn":9,"endLine":9,"endColumn":16},"tokenRange":{"beginToken":{"kind":94,"text":"addField"},"endToken":{"kind":94,"text":"addField"}},"identifier":"addField"}}},{"!":"com.github.javaparser.ast.stmt.ExpressionStmt","range":{"beginLine":10,"beginColumn":9,"endLine":11,"endColumn":40},"tokenRange":{"beginToken":{"kind":94,"text":"addField"},"endToken":{"kind":103,"text":";"}},"expression":{"!":"com.github.javaparser.ast.expr.MethodCallExpr","range":{"beginLine":10,"beginColumn":9,"endLine":11,"endColumn":39},"tokenRange":{"beginToken":{"kind":94,"text":"addField"},"endToken":{"kind":98,"text":")"}},"arguments":[{"!":"com.github.javaparser.ast.expr.MethodCallExpr","range":{"beginLine":10,"beginColumn":18,"endLine":10,"endColumn":55},"tokenRange":{"beginToken":{"kind":94,"text":"Translator"},"endToken":{"kind":98,"text":")"}},"arguments":[{"!":"com.github.javaparser.ast.expr.StringLiteralExpr","range":{"beginLine":10,"beginColumn":38,"endLine":10,"endColumn":54},"tokenRange":{"beginToken":{"kind":90,"text":"\"label.namespace\""},"endToken":{"kind":90,"text":"\"label.namespace\""}},"value":"label.namespace"}],"name":{"!":"com.github.javaparser.ast.expr.SimpleName","range":{"beginLine":10,"beginColumn":29,"endLine":10,"endColumn":36},"tokenRange":{"beginToken":{"kind":94,"text":"localize"},"endToken":{"kind":94,"text":"localize"}},"identifier":"localize"},"scope":{"!":"com.github.javaparser.ast.expr.NameExpr","range":{"beginLine":10,"beginColumn":18,"endLine":10,"endColumn":27},"tokenRange":{"beginToken":{"kind":94,"text":"Translator"},"endToken":{"kind":94,"text":"Translator"}},"name":{"!":"com.github.javaparser.ast.expr.SimpleName","range":{"beginLine":10,"beginColumn":18,"endLine":10,"endColumn":27},"tokenRange":{"beginToken":{"kind":94,"text":"Translator"},"endToken":{"kind":94,"text":"Translator"}},"identifier":"Translator"}}},{"!":"com.github.javaparser.ast.expr.MethodCallExpr","range":{"beginLine":11,"beginColumn":17,"endLine":11,"endColumn":38},"tokenRange":{"beginToken":{"kind":94,"text":"getNamespaceSelector"},"endToken":{"kind":98,"text":")"}},"arguments":[],"name":{"!":"com.github.javaparser.ast.expr.SimpleName","range":{"beginLine":11,"beginColumn":17,"endLine":11,"endColumn":36},"tokenRange":{"beginToken":{"kind":94,"text":"getNamespaceSelector"},"endToken":{"kind":94,"text":"getNamespaceSelector"}},"identifier":"getNamespaceSelector"}}],"name":{"!":"com.github.javaparser.ast.expr.SimpleName","range":{"beginLine":10,"beginColumn":9,"endLine":10,"endColumn":16},"tokenRange":{"beginToken":{"kind":94,"text":"addField"},"endToken":{"kind":94,"text":"addField"}},"identifier":"addField"}}},{"!":"com.github.javaparser.ast.stmt.ExpressionStmt","range":{"beginLine":13,"beginColumn":9,"endLine":13,"endColumn":23},"tokenRange":{"beginToken":{"kind":94,"text":"addSeparator"},"endToken":{"kind":103,"text":";"}},"expression":{"!":"com.github.javaparser.ast.expr.MethodCallExpr","range":{"beginLine":13,"beginColumn":9,"endLine":13,"endColumn":22},"tokenRange":{"beginToken":{"kind":94,"text":"addSeparator"},"endToken":{"kind":98,"text":")"}},"arguments":[],"name":{"!":"com.github.javaparser.ast.expr.SimpleName","range":{"beginLine":13,"beginColumn":9,"endLine":13,"endColumn":20},"tokenRange":{"beginToken":{"kind":94,"text":"addSeparator"},"endToken":{"kind":94,"text":"addSeparator"}},"identifier":"addSeparator"}}},{"!":"com.github.javaparser.ast.stmt.ExpressionStmt","range":{"beginLine":15,"beginColumn":9,"endLine":16,"endColumn":42},"tokenRange":{"beginToken":{"kind":94,"text":"addField"},"endToken":{"kind":103,"text":";"}},"expression":{"!":"com.github.javaparser.ast.expr.MethodCallExpr","range":{"beginLine":15,"beginColumn":9,"endLine":16,"endColumn":41},"tokenRange":{"beginToken":{"kind":94,"text":"addField"},"endToken":{"kind":98,"text":")"}},"arguments":[{"!":"com.github.javaparser.ast.expr.MethodCallExpr","range":{"beginLine":15,"beginColumn":18,"endLine":15,"endColumn":58},"tokenRange":{"beginToken":{"kind":94,"text":"Translator"},"endToken":{"kind":98,"text":")"}},"arguments":[{"!":"com.github.javaparser.ast.expr.StringLiteralExpr","range":{"beginLine":15,"beginColumn":38,"endLine":15,"endColumn":57},"tokenRange":{"beginToken":{"kind":90,"text":"\"label.stimili-sent\""},"endToken":{"kind":90,"text":"\"label.stimili-sent\""}},"value":"label.stimili-sent"}],"name":{"!":"com.github.javaparser.ast.expr.SimpleName","range":{"beginLine":15,"beginColumn":29,"endLine":15,"endColumn":36},"tokenRange":{"beginToken":{"kind":94,"text":"localize"},"endToken":{"kind":94,"text":"localize"}},"identifier":"localize"},"scope":{"!":"com.github.javaparser.ast.expr.NameExpr","range":{"beginLine":15,"beginColumn":18,"endLine":15,"endColumn":27},"tokenRange":{"beginToken":{"kind":94,"text":"Translator"},"endToken":{"kind":94,"text":"Translator"}},"name":{"!":"com.github.javaparser.ast.expr.SimpleName","range":{"beginLine":15,"beginColumn":18,"endLine":15,"endColumn":27},"tokenRange":{"beginToken":{"kind":94,"text":"Translator"},"endToken":{"kind":94,"text":"Translator"}},"identifier":"Translator"}}},{"!":"com.github.javaparser.ast.expr.MethodCallExpr","range":{"beginLine":16,"beginColumn":17,"endLine":16,"endColumn":40},"tokenRange":{"beginToken":{"kind":94,"text":"getStimuliSenderScroll"},"endToken":{"kind":98,"text":")"}},"arguments":[],"name":{"!":"com.github.javaparser.ast.expr.SimpleName","range":{"beginLine":16,"beginColumn":17,"endLine":16,"endColumn":38},"tokenRange":{"beginToken":{"kind":94,"text":"getStimuliSenderScroll"},"endToken":{"kind":94,"text":"getStimuliSenderScroll"}},"identifier":"getStimuliSenderScroll"}}],"name":{"!":"com.github.javaparser.ast.expr.SimpleName","range":{"beginLine":15,"beginColumn":9,"endLine":15,"endColumn":16},"tokenRange":{"beginToken":{"kind":94,"text":"addField"},"endToken":{"kind":94,"text":"addField"}},"identifier":"addField"}}},{"!":"com.github.javaparser.ast.stmt.ExpressionStmt","range":{"beginLine":18,"beginColumn":9,"endLine":19,"endColumn":44},"tokenRange":{"beginToken":{"kind":94,"text":"addField"},"endToken":{"kind":103,"text":";"}},"expression":{"!":"com.github.javaparser.ast.expr.MethodCallExpr","range":{"beginLine":18,"beginColumn":9,"endLine":19,"endColumn":43},"tokenRange":{"beginToken":{"kind":94,"text":"addField"},"endToken":{"kind":98,"text":")"}},"arguments":[{"!":"com.github.javaparser.ast.expr.MethodCallExpr","range":{"beginLine":18,"beginColumn":18,"endLine":18,"endColumn":62},"tokenRange":{"beginToken":{"kind":94,"text":"Translator"},"endToken":{"kind":98,"text":")"}},"arguments":[{"!":"com.github.javaparser.ast.expr.StringLiteralExpr","range":{"beginLine":18,"beginColumn":38,"endLine":18,"endColumn":61},"tokenRange":{"beginToken":{"kind":90,"text":"\"label.stimili-received\""},"endToken":{"kind":90,"text":"\"label.stimili-received\""}},"value":"label.stimili-received"}],"name":{"!":"com.github.javaparser.ast.expr.SimpleName","range":{"beginLine":18,"beginColumn":29,"endLine":18,"endColumn":36},"tokenRange":{"beginToken":{"kind":94,"text":"localize"},"endToken":{"kind":94,"text":"localize"}},"identifier":"localize"},"scope":{"!":"com.github.javaparser.ast.expr.NameExpr","range":{"beginLine":18,"beginColumn":18,"endLine":18,"endColumn":27},"tokenRange":{"beginToken":{"kind":94,"text":"Translator"},"endToken":{"kind":94,"text":"Translator"}},"name":{"!":"com.github.javaparser.ast.expr.SimpleName","range":{"beginLine":18,"beginColumn":18,"endLine":18,"endColumn":27},"tokenRange":{"beginToken":{"kind":94,"text":"Translator"},"endToken":{"kind":94,"text":"Translator"}},"identifier":"Translator"}}},{"!":"com.github.javaparser.ast.expr.MethodCallExpr","range":{"beginLine":19,"beginColumn":17,"endLine":19,"endColumn":42},"tokenRange":{"beginToken":{"kind":94,"text":"getStimuliReceiverScroll"},"endToken":{"kind":98,"text":")"}},"arguments":[],"name":{"!":"com.github.javaparser.ast.expr.SimpleName","range":{"beginLine":19,"beginColumn":17,"endLine":19,"endColumn":40},"tokenRange":{"beginToken":{"kind":94,"text":"getStimuliReceiverScroll"},"endToken":{"kind":94,"text":"getStimuliReceiverScroll"}},"identifier":"getStimuliReceiverScroll"}}],"name":{"!":"com.github.javaparser.ast.expr.SimpleName","range":{"beginLine":18,"beginColumn":9,"endLine":18,"endColumn":16},"tokenRange":{"beginToken":{"kind":94,"text":"addField"},"endToken":{"kind":94,"text":"addField"}},"identifier":"addField"}}},{"!":"com.github.javaparser.ast.stmt.ExpressionStmt","range":{"beginLine":21,"beginColumn":9,"endLine":21,"endColumn":79},"tokenRange":{"beginToken":{"kind":94,"text":"JList"},"endToken":{"kind":103,"text":";"}},"expression":{"!":"com.github.javaparser.ast.expr.VariableDeclarationExpr","range":{"beginLine":21,"beginColumn":9,"endLine":21,"endColumn":78},"tokenRange":{"beginToken":{"kind":94,"text":"JList"},"endToken":{"kind":98,"text":")"}},"annotations":[],"modifiers":[],"variables":[{"!":"com.github.javaparser.ast.body.VariableDeclarator","range":{"beginLine":21,"beginColumn":15,"endLine":21,"endColumn":78},"tokenRange":{"beginToken":{"kind":94,"text":"resList"},"endToken":{"kind":98,"text":")"}},"initializer":{"!":"com.github.javaparser.ast.expr.ObjectCreationExpr","range":{"beginLine":21,"beginColumn":25,"endLine":21,"endColumn":78},"tokenRange":{"beginToken":{"kind":42,"text":"new"},"endToken":{"kind":98,"text":")"}},"arguments":[{"!":"com.github.javaparser.ast.expr.ObjectCreationExpr","range":{"beginLine":21,"beginColumn":43,"endLine":21,"endColumn":77},"tokenRange":{"beginToken":{"kind":42,"text":"new"},"endToken":{"kind":98,"text":")"}},"arguments":[],"type":{"!":"com.github.javaparser.ast.type.ClassOrInterfaceType","range":{"beginLine":21,"beginColumn":47,"endLine":21,"endColumn":75},"tokenRange":{"beginToken":{"kind":94,"text":"UMLContainerResidentListModel"},"endToken":{"kind":94,"text":"UMLContainerResidentListModel"}},"name":{"!":"com.github.javaparser.ast.expr.SimpleName","range":{"beginLine":21,"beginColumn":47,"endLine":21,"endColumn":75},"tokenRange":{"beginToken":{"kind":94,"text":"UMLContainerResidentListModel"},"endToken":{"kind":94,"text":"UMLContainerResidentListModel"}},"identifier":"UMLContainerResidentListModel"},"annotations":[]}}],"type":{"!":"com.github.javaparser.ast.type.ClassOrInterfaceType","range":{"beginLine":21,"beginColumn":29,"endLine":21,"endColumn":41},"tokenRange":{"beginToken":{"kind":94,"text":"UMLLinkedList"},"endToken":{"kind":94,"text":"UMLLinkedList"}},"name":{"!":"com.github.javaparser.ast.expr.SimpleName","range":{"beginLine":21,"beginColumn":29,"endLine":21,"endColumn":41},"tokenRange":{"beginToken":{"kind":94,"text":"UMLLinkedList"},"endToken":{"kind":94,"text":"UMLLinkedList"}},"identifier":"UMLLinkedList"},"annotations":[]}},"name":{"!":"com.github.javaparser.ast.expr.SimpleName","range":{"beginLine":21,"beginColumn":15,"endLine":21,"endColumn":21},"tokenRange":{"beginToken":{"kind":94,"text":"resList"},"endToken":{"kind":94,"text":"resList"}},"identifier":"resList"},"type":{"!":"com.github.javaparser.ast.type.ClassOrInterfaceType","range":{"beginLine":21,"beginColumn":9,"endLine":21,"endColumn":13},"tokenRange":{"beginToken":{"kind":94,"text":"JList"},"endToken":{"kind":94,"text":"JList"}},"name":{"!":"com.github.javaparser.ast.expr.SimpleName","range":{"beginLine":21,"beginColumn":9,"endLine":21,"endColumn":13},"tokenRange":{"beginToken":{"kind":94,"text":"JList"},"endToken":{"kind":94,"text":"JList"}},"identifier":"JList"},"annotations":[]}}]}},{"!":"com.github.javaparser.ast.stmt.ExpressionStmt","range":{"beginLine":22,"beginColumn":9,"endLine":23,"endColumn":42},"tokenRange":{"beginToken":{"kind":94,"text":"addField"},"endToken":{"kind":103,"text":";"}},"expression":{"!":"com.github.javaparser.ast.expr.MethodCallExpr","range":{"beginLine":22,"beginColumn":9,"endLine":23,"endColumn":41},"tokenRange":{"beginToken":{"kind":94,"text":"addField"},"endToken":{"kind":98,"text":")"}},"arguments":[{"!":"com.github.javaparser.ast.expr.MethodCallExpr","range":{"beginLine":22,"beginColumn":18,"endLine":22,"endColumn":55},"tokenRange":{"beginToken":{"kind":94,"text":"Translator"},"endToken":{"kind":98,"text":")"}},"arguments":[{"!":"com.github.javaparser.ast.expr.StringLiteralExpr","range":{"beginLine":22,"beginColumn":38,"endLine":22,"endColumn":54},"tokenRange":{"beginToken":{"kind":90,"text":"\"label.residents\""},"endToken":{"kind":90,"text":"\"label.residents\""}},"value":"label.residents"}],"name":{"!":"com.github.javaparser.ast.expr.SimpleName","range":{"beginLine":22,"beginColumn":29,"endLine":22,"endColumn":36},"tokenRange":{"beginToken":{"kind":94,"text":"localize"},"endToken":{"kind":94,"text":"localize"}},"identifier":"localize"},"scope":{"!":"com.github.javaparser.ast.expr.NameExpr","range":{"beginLine":22,"beginColumn":18,"endLine":22,"endColumn":27},"tokenRange":{"beginToken":{"kind":94,"text":"Translator"},"endToken":{"kind":94,"text":"Translator"}},"name":{"!":"com.github.javaparser.ast.expr.SimpleName","range":{"beginLine":22,"beginColumn":18,"endLine":22,"endColumn":27},"tokenRange":{"beginToken":{"kind":94,"text":"Translator"},"endToken":{"kind":94,"text":"Translator"}},"identifier":"Translator"}}},{"!":"com.github.javaparser.ast.expr.ObjectCreationExpr","range":{"beginLine":23,"beginColumn":17,"endLine":23,"endColumn":40},"tokenRange":{"beginToken":{"kind":42,"text":"new"},"endToken":{"kind":98,"text":")"}},"arguments":[{"!":"com.github.javaparser.ast.expr.NameExpr","range":{"beginLine":23,"beginColumn":33,"endLine":23,"endColumn":39},"tokenRange":{"beginToken":{"kind":94,"text":"resList"},"endToken":{"kind":94,"text":"resList"}},"name":{"!":"com.github.javaparser.ast.expr.SimpleName","range":{"beginLine":23,"beginColumn":33,"endLine":23,"endColumn":39},"tokenRange":{"beginToken":{"kind":94,"text":"resList"},"endToken":{"kind":94,"text":"resList"}},"identifier":"resList"}}],"type":{"!":"com.github.javaparser.ast.type.ClassOrInterfaceType","range":{"beginLine":23,"beginColumn":21,"endLine":23,"endColumn":31},"tokenRange":{"beginToken":{"kind":94,"text":"JScrollPane"},"endToken":{"kind":94,"text":"JScrollPane"}},"name":{"!":"com.github.javaparser.ast.expr.SimpleName","range":{"beginLine":23,"beginColumn":21,"endLine":23,"endColumn":31},"tokenRange":{"beginToken":{"kind":94,"text":"JScrollPane"},"endToken":{"kind":94,"text":"JScrollPane"}},"identifier":"JScrollPane"},"annotations":[]}}],"name":{"!":"com.github.javaparser.ast.expr.SimpleName","range":{"beginLine":22,"beginColumn":9,"endLine":22,"endColumn":16},"tokenRange":{"beginToken":{"kind":94,"text":"addField"},"endToken":{"kind":94,"text":"addField"}},"identifier":"addField"}}},{"!":"com.github.javaparser.ast.stmt.ExpressionStmt","range":{"beginLine":25,"beginColumn":9,"endLine":25,"endColumn":23},"tokenRange":{"beginToken":{"kind":94,"text":"addSeparator"},"endToken":{"kind":103,"text":";"}},"expression":{"!":"com.github.javaparser.ast.expr.MethodCallExpr","range":{"beginLine":25,"beginColumn":9,"endLine":25,"endColumn":22},"tokenRange":{"beginToken":{"kind":94,"text":"addSeparator"},"endToken":{"kind":98,"text":")"}},"arguments":[],"name":{"!":"com.github.javaparser.ast.expr.SimpleName","range":{"beginLine":25,"beginColumn":9,"endLine":25,"endColumn":20},"tokenRange":{"beginToken":{"kind":94,"text":"addSeparator"},"endToken":{"kind":94,"text":"addSeparator"}},"identifier":"addSeparator"}}},{"!":"com.github.javaparser.ast.stmt.ExpressionStmt","range":{"beginLine":26,"beginColumn":9,"endLine":27,"endColumn":76},"tokenRange":{"beginToken":{"kind":94,"text":"AbstractActionAddModelElement"},"endToken":{"kind":103,"text":";"}},"expression":{"!":"com.github.javaparser.ast.expr.VariableDeclarationExpr","range":{"beginLine":26,"beginColumn":9,"endLine":27,"endColumn":75},"tokenRange":{"beginToken":{"kind":94,"text":"AbstractActionAddModelElement"},"endToken":{"kind":98,"text":")"}},"annotations":[],"modifiers":[],"variables":[{"!":"com.github.javaparser.ast.body.VariableDeclarator","range":{"beginLine":26,"beginColumn":39,"endLine":27,"endColumn":75},"tokenRange":{"beginToken":{"kind":94,"text":"a"},"endToken":{"kind":98,"text":")"}},"initializer":{"!":"com.github.javaparser.ast.expr.ObjectCreationExpr","range":{"beginLine":27,"beginColumn":13,"endLine":27,"endColumn":75},"tokenRange":{"beginToken":{"kind":42,"text":"new"},"endToken":{"kind":98,"text":")"}},"arguments":[{"!":"com.github.javaparser.ast.expr.MethodCallExpr","range":{"beginLine":27,"beginColumn":45,"endLine":27,"endColumn":74},"tokenRange":{"beginToken":{"kind":94,"text":"Model"},"endToken":{"kind":98,"text":")"}},"arguments":[],"name":{"!":"com.github.javaparser.ast.expr.SimpleName","range":{"beginLine":27,"beginColumn":66,"endLine":27,"endColumn":72},"tokenRange":{"beginToken":{"kind":94,"text":"getNode"},"endToken":{"kind":94,"text":"getNode"}},"identifier":"getNode"},"scope":{"!":"com.github.javaparser.ast.expr.MethodCallExpr","range":{"beginLine":27,"beginColumn":45,"endLine":27,"endColumn":64},"tokenRange":{"beginToken":{"kind":94,"text":"Model"},"endToken":{"kind":98,"text":")"}},"arguments":[],"name":{"!":"com.github.javaparser.ast.expr.SimpleName","range":{"beginLine":27,"beginColumn":51,"endLine":27,"endColumn":62},"tokenRange":{"beginToken":{"kind":94,"text":"getMetaTypes"},"endToken":{"kind":94,"text":"getMetaTypes"}},"identifier":"getMetaTypes"},"scope":{"!":"com.github.javaparser.ast.expr.NameExpr","range":{"beginLine":27,"beginColumn":45,"endLine":27,"endColumn":49},"tokenRange":{"beginToken":{"kind":94,"text":"Model"},"endToken":{"kind":94,"text":"Model"}},"name":{"!":"com.github.javaparser.ast.expr.SimpleName","range":{"beginLine":27,"beginColumn":45,"endLine":27,"endColumn":49},"tokenRange":{"beginToken":{"kind":94,"text":"Model"},"endToken":{"kind":94,"text":"Model"}},"identifier":"Model"}}}}],"type":{"!":"com.github.javaparser.ast.type.ClassOrInterfaceType","range":{"beginLine":27,"beginColumn":17,"endLine":27,"endColumn":43},"tokenRange":{"beginToken":{"kind":94,"text":"ActionAddInstanceClassifier"},"endToken":{"kind":94,"text":"ActionAddInstanceClassifier"}},"name":{"!":"com.github.javaparser.ast.expr.SimpleName","range":{"beginLine":27,"beginColumn":17,"endLine":27,"endColumn":43},"tokenRange":{"beginToken":{"kind":94,"text":"ActionAddInstanceClassifier"},"endToken":{"kind":94,"text":"ActionAddInstanceClassifier"}},"identifier":"ActionAddInstanceClassifier"},"annotations":[]}},"name":{"!":"com.github.javaparser.ast.expr.SimpleName","range":{"beginLine":26,"beginColumn":39,"endLine":26,"endColumn":39},"tokenRange":{"beginToken":{"kind":94,"text":"a"},"endToken":{"kind":94,"text":"a"}},"identifier":"a"},"type":{"!":"com.github.javaparser.ast.type.ClassOrInterfaceType","range":{"beginLine":26,"beginColumn":9,"endLine":26,"endColumn":37},"tokenRange":{"beginToken":{"kind":94,"text":"AbstractActionAddModelElement"},"endToken":{"kind":94,"text":"AbstractActionAddModelElement"}},"name":{"!":"com.github.javaparser.ast.expr.SimpleName","range":{"beginLine":26,"beginColumn":9,"endLine":26,"endColumn":37},"tokenRange":{"beginToken":{"kind":94,"text":"AbstractActionAddModelElement"},"endToken":{"kind":94,"text":"AbstractActionAddModelElement"}},"identifier":"AbstractActionAddModelElement"},"annotations":[]}}]}},{"!":"com.github.javaparser.ast.stmt.ExpressionStmt","range":{"beginLine":28,"beginColumn":9,"endLine":31,"endColumn":35},"tokenRange":{"beginToken":{"kind":94,"text":"JScrollPane"},"endToken":{"kind":103,"text":";"}},"expression":{"!":"com.github.javaparser.ast.expr.VariableDeclarationExpr","range":{"beginLine":28,"beginColumn":9,"endLine":31,"endColumn":34},"tokenRange":{"beginToken":{"kind":94,"text":"JScrollPane"},"endToken":{"kind":98,"text":")"}},"annotations":[],"modifiers":[],"variables":[{"!":"com.github.javaparser.ast.body.VariableDeclarator","range":{"beginLine":28,"beginColumn":21,"endLine":31,"endColumn":34},"tokenRange":{"beginToken":{"kind":94,"text":"classifierScroll"},"endToken":{"kind":98,"text":")"}},"initializer":{"!":"com.github.javaparser.ast.expr.ObjectCreationExpr","range":{"beginLine":29,"beginColumn":17,"endLine":31,"endColumn":34},"tokenRange":{"beginToken":{"kind":42,"text":"new"},"endToken":{"kind":98,"text":")"}},"arguments":[{"!":"com.github.javaparser.ast.expr.ObjectCreationExpr","range":{"beginLine":29,"beginColumn":33,"endLine":31,"endColumn":33},"tokenRange":{"beginToken":{"kind":42,"text":"new"},"endToken":{"kind":98,"text":")"}},"arguments":[{"!":"com.github.javaparser.ast.expr.ObjectCreationExpr","range":{"beginLine":30,"beginColumn":18,"endLine":30,"endColumn":53},"tokenRange":{"beginToken":{"kind":42,"text":"new"},"endToken":{"kind":98,"text":")"}},"arguments":[],"type":{"!":"com.github.javaparser.ast.type.ClassOrInterfaceType","range":{"beginLine":30,"beginColumn":22,"endLine":30,"endColumn":51},"tokenRange":{"beginToken":{"kind":94,"text":"UMLInstanceClassifierListModel"},"endToken":{"kind":94,"text":"UMLInstanceClassifierListModel"}},"name":{"!":"com.github.javaparser.ast.expr.SimpleName","range":{"beginLine":30,"beginColumn":22,"endLine":30,"endColumn":51},"tokenRange":{"beginToken":{"kind":94,"text":"UMLInstanceClassifierListModel"},"endToken":{"kind":94,"text":"UMLInstanceClassifierListModel"}},"identifier":"UMLInstanceClassifierListModel"},"annotations":[]}},{"!":"com.github.javaparser.ast.expr.NameExpr","range":{"beginLine":31,"beginColumn":14,"endLine":31,"endColumn":14},"tokenRange":{"beginToken":{"kind":94,"text":"a"},"endToken":{"kind":94,"text":"a"}},"name":{"!":"com.github.javaparser.ast.expr.SimpleName","range":{"beginLine":31,"beginColumn":14,"endLine":31,"endColumn":14},"tokenRange":{"beginToken":{"kind":94,"text":"a"},"endToken":{"kind":94,"text":"a"}},"identifier":"a"}},{"!":"com.github.javaparser.ast.expr.NullLiteralExpr","range":{"beginLine":31,"beginColumn":17,"endLine":31,"endColumn":20},"tokenRange":{"beginToken":{"kind":43,"text":"null"},"endToken":{"kind":43,"text":"null"}}},{"!":"com.github.javaparser.ast.expr.NullLiteralExpr","range":{"beginLine":31,"beginColumn":23,"endLine":31,"endColumn":26},"tokenRange":{"beginToken":{"kind":43,"text":"null"},"endToken":{"kind":43,"text":"null"}}},{"!":"com.github.javaparser.ast.expr.BooleanLiteralExpr","range":{"beginLine":31,"beginColumn":29,"endLine":31,"endColumn":32},"tokenRange":{"beginToken":{"kind":60,"text":"true"},"endToken":{"kind":60,"text":"true"}},"value":"true"}],"type":{"!":"com.github.javaparser.ast.type.ClassOrInterfaceType","range":{"beginLine":29,"beginColumn":37,"endLine":29,"endColumn":56},"tokenRange":{"beginToken":{"kind":94,"text":"UMLMutableLinkedList"},"endToken":{"kind":94,"text":"UMLMutableLinkedList"}},"name":{"!":"com.github.javaparser.ast.expr.SimpleName","range":{"beginLine":29,"beginColumn":37,"endLine":29,"endColumn":56},"tokenRange":{"beginToken":{"kind":94,"text":"UMLMutableLinkedList"},"endToken":{"kind":94,"text":"UMLMutableLinkedList"}},"identifier":"UMLMutableLinkedList"},"annotations":[]}}],"type":{"!":"com.github.javaparser.ast.type.ClassOrInterfaceType","range":{"beginLine":29,"beginColumn":21,"endLine":29,"endColumn":31},"tokenRange":{"beginToken":{"kind":94,"text":"JScrollPane"},"endToken":{"kind":94,"text":"JScrollPane"}},"name":{"!":"com.github.javaparser.ast.expr.SimpleName","range":{"beginLine":29,"beginColumn":21,"endLine":29,"endColumn":31},"tokenRange":{"beginToken":{"kind":94,"text":"JScrollPane"},"endToken":{"kind":94,"text":"JScrollPane"}},"identifier":"JScrollPane"},"annotations":[]}},"name":{"!":"com.github.javaparser.ast.expr.SimpleName","range":{"beginLine":28,"beginColumn":21,"endLine":28,"endColumn":36},"tokenRange":{"beginToken":{"kind":94,"text":"classifierScroll"},"endToken":{"kind":94,"text":"classifierScroll"}},"identifier":"classifierScroll"},"type":{"!":"com.github.javaparser.ast.type.ClassOrInterfaceType","range":{"beginLine":28,"beginColumn":9,"endLine":28,"endColumn":19},"tokenRange":{"beginToken":{"kind":94,"text":"JScrollPane"},"endToken":{"kind":94,"text":"JScrollPane"}},"name":{"!":"com.github.javaparser.ast.expr.SimpleName","range":{"beginLine":28,"beginColumn":9,"endLine":28,"endColumn":19},"tokenRange":{"beginToken":{"kind":94,"text":"JScrollPane"},"endToken":{"kind":94,"text":"JScrollPane"}},"identifier":"JScrollPane"},"annotations":[]}}]}},{"!":"com.github.javaparser.ast.stmt.ExpressionStmt","range":{"beginLine":32,"beginColumn":2,"endLine":33,"endColumn":38},"tokenRange":{"beginToken":{"kind":94,"text":"addField"},"endToken":{"kind":103,"text":";"}},"expression":{"!":"com.github.javaparser.ast.expr.MethodCallExpr","range":{"beginLine":32,"beginColumn":2,"endLine":33,"endColumn":37},"tokenRange":{"beginToken":{"kind":94,"text":"addField"},"endToken":{"kind":98,"text":")"}},"arguments":[{"!":"com.github.javaparser.ast.expr.MethodCallExpr","range":{"beginLine":32,"beginColumn":11,"endLine":32,"endColumn":50},"tokenRange":{"beginToken":{"kind":94,"text":"Translator"},"endToken":{"kind":98,"text":")"}},"arguments":[{"!":"com.github.javaparser.ast.expr.StringLiteralExpr","range":{"beginLine":32,"beginColumn":31,"endLine":32,"endColumn":49},"tokenRange":{"beginToken":{"kind":90,"text":"\"label.classifiers\""},"endToken":{"kind":90,"text":"\"label.classifiers\""}},"value":"label.classifiers"}],"name":{"!":"com.github.javaparser.ast.expr.SimpleName","range":{"beginLine":32,"beginColumn":22,"endLine":32,"endColumn":29},"tokenRange":{"beginToken":{"kind":94,"text":"localize"},"endToken":{"kind":94,"text":"localize"}},"identifier":"localize"},"scope":{"!":"com.github.javaparser.ast.expr.NameExpr","range":{"beginLine":32,"beginColumn":11,"endLine":32,"endColumn":20},"tokenRange":{"beginToken":{"kind":94,"text":"Translator"},"endToken":{"kind":94,"text":"Translator"}},"name":{"!":"com.github.javaparser.ast.expr.SimpleName","range":{"beginLine":32,"beginColumn":11,"endLine":32,"endColumn":20},"tokenRange":{"beginToken":{"kind":94,"text":"Translator"},"endToken":{"kind":94,"text":"Translator"}},"identifier":"Translator"}}},{"!":"com.github.javaparser.ast.expr.NameExpr","range":{"beginLine":33,"beginColumn":21,"endLine":33,"endColumn":36},"tokenRange":{"beginToken":{"kind":94,"text":"classifierScroll"},"endToken":{"kind":94,"text":"classifierScroll"}},"name":{"!":"com.github.javaparser.ast.expr.SimpleName","range":{"beginLine":33,"beginColumn":21,"endLine":33,"endColumn":36},"tokenRange":{"beginToken":{"kind":94,"text":"classifierScroll"},"endToken":{"kind":94,"text":"classifierScroll"}},"identifier":"classifierScroll"}}],"name":{"!":"com.github.javaparser.ast.expr.SimpleName","range":{"beginLine":32,"beginColumn":2,"endLine":32,"endColumn":9},"tokenRange":{"beginToken":{"kind":94,"text":"addField"},"endToken":{"kind":94,"text":"addField"}},"identifier":"addField"}}},{"!":"com.github.javaparser.ast.stmt.ExpressionStmt","range":{"beginLine":36,"beginColumn":9,"endLine":36,"endColumn":56},"tokenRange":{"beginToken":{"kind":94,"text":"addAction"},"endToken":{"kind":103,"text":";"}},"expression":{"!":"com.github.javaparser.ast.expr.MethodCallExpr","range":{"beginLine":36,"beginColumn":9,"endLine":36,"endColumn":55},"tokenRange":{"beginToken":{"kind":94,"text":"addAction"},"endToken":{"kind":98,"text":")"}},"arguments":[{"!":"com.github.javaparser.ast.expr.ObjectCreationExpr","range":{"beginLine":36,"beginColumn":19,"endLine":36,"endColumn":54},"tokenRange":{"beginToken":{"kind":42,"text":"new"},"endToken":{"kind":98,"text":")"}},"arguments":[],"type":{"!":"com.github.javaparser.ast.type.ClassOrInterfaceType","range":{"beginLine":36,"beginColumn":23,"endLine":36,"endColumn":52},"tokenRange":{"beginToken":{"kind":94,"text":"ActionNavigateContainerElement"},"endToken":{"kind":94,"text":"ActionNavigateContainerElement"}},"name":{"!":"com.github.javaparser.ast.expr.SimpleName","range":{"beginLine":36,"beginColumn":23,"endLine":36,"endColumn":52},"tokenRange":{"beginToken":{"kind":94,"text":"ActionNavigateContainerElement"},"endToken":{"kind":94,"text":"ActionNavigateContainerElement"}},"identifier":"ActionNavigateContainerElement"},"annotations":[]}}],"name":{"!":"com.github.javaparser.ast.expr.SimpleName","range":{"beginLine":36,"beginColumn":9,"endLine":36,"endColumn":17},"tokenRange":{"beginToken":{"kind":94,"text":"addAction"},"endToken":{"kind":94,"text":"addAction"}},"identifier":"addAction"}}},{"!":"com.github.javaparser.ast.stmt.ExpressionStmt","range":{"beginLine":37,"beginColumn":9,"endLine":37,"endColumn":45},"tokenRange":{"beginToken":{"kind":94,"text":"addAction"},"endToken":{"kind":103,"text":";"}},"expression":{"!":"com.github.javaparser.ast.expr.MethodCallExpr","range":{"beginLine":37,"beginColumn":9,"endLine":37,"endColumn":44},"tokenRange":{"beginToken":{"kind":94,"text":"addAction"},"endToken":{"kind":98,"text":")"}},"arguments":[{"!":"com.github.javaparser.ast.expr.ObjectCreationExpr","range":{"beginLine":37,"beginColumn":19,"endLine":37,"endColumn":43},"tokenRange":{"beginToken":{"kind":42,"text":"new"},"endToken":{"kind":98,"text":")"}},"arguments":[],"type":{"!":"com.github.javaparser.ast.type.ClassOrInterfaceType","range":{"beginLine":37,"beginColumn":23,"endLine":37,"endColumn":41},"tokenRange":{"beginToken":{"kind":94,"text":"ActionNewStereotype"},"endToken":{"kind":94,"text":"ActionNewStereotype"}},"name":{"!":"com.github.javaparser.ast.expr.SimpleName","range":{"beginLine":37,"beginColumn":23,"endLine":37,"endColumn":41},"tokenRange":{"beginToken":{"kind":94,"text":"ActionNewStereotype"},"endToken":{"kind":94,"text":"ActionNewStereotype"}},"identifier":"ActionNewStereotype"},"annotations":[]}}],"name":{"!":"com.github.javaparser.ast.expr.SimpleName","range":{"beginLine":37,"beginColumn":9,"endLine":37,"endColumn":17},"tokenRange":{"beginToken":{"kind":94,"text":"addAction"},"endToken":{"kind":94,"text":"addAction"}},"identifier":"addAction"}}},{"!":"com.github.javaparser.ast.stmt.ExpressionStmt","range":{"beginLine":38,"beginColumn":9,"endLine":38,"endColumn":37},"tokenRange":{"beginToken":{"kind":94,"text":"addAction"},"endToken":{"kind":103,"text":";"}},"expression":{"!":"com.github.javaparser.ast.expr.MethodCallExpr","range":{"beginLine":38,"beginColumn":9,"endLine":38,"endColumn":36},"tokenRange":{"beginToken":{"kind":94,"text":"addAction"},"endToken":{"kind":98,"text":")"}},"arguments":[{"!":"com.github.javaparser.ast.expr.MethodCallExpr","range":{"beginLine":38,"beginColumn":19,"endLine":38,"endColumn":35},"tokenRange":{"beginToken":{"kind":94,"text":"getDeleteAction"},"endToken":{"kind":98,"text":")"}},"arguments":[],"name":{"!":"com.github.javaparser.ast.expr.SimpleName","range":{"beginLine":38,"beginColumn":19,"endLine":38,"endColumn":33},"tokenRange":{"beginToken":{"kind":94,"text":"getDeleteAction"},"endToken":{"kind":94,"text":"getDeleteAction"}},"identifier":"getDeleteAction"}}],"name":{"!":"com.github.javaparser.ast.expr.SimpleName","range":{"beginLine":38,"beginColumn":9,"endLine":38,"endColumn":17},"tokenRange":{"beginToken":{"kind":94,"text":"addAction"},"endToken":{"kind":94,"text":"addAction"}},"identifier":"addAction"}}}]},"modifiers":[{"!":"com.github.javaparser.ast.Modifier","range":{"beginLine":5,"beginColumn":5,"endLine":5,"endColumn":10},"tokenRange":{"beginToken":{"kind":47,"text":"public"},"endToken":{"kind":47,"text":"public"}},"keyword":"PUBLIC"}],"name":{"!":"com.github.javaparser.ast.expr.SimpleName","range":{"beginLine":5,"beginColumn":12,"endLine":5,"endColumn":32},"tokenRange":{"beginToken":{"kind":94,"text":"PropPanelNodeInstance"},"endToken":{"kind":94,"text":"PropPanelNodeInstance"}},"identifier":"PropPanelNodeInstance"},"parameters":[],"thrownExceptions":[],"typeParameters":[],"annotations":[],"comment":{"!":"com.github.javaparser.ast.comments.JavadocComment","range":{"beginLine":2,"beginColumn":5,"endLine":4,"endColumn":7},"tokenRange":{"beginToken":{"kind":8,"text":"/**\n     * Construct a property panel for Node Instance elements.\n     */"},"endToken":{"kind":8,"text":"/**\n     * Construct a property panel for Node Instance elements.\n     */"}},"content":"\n     * Construct a property panel for Node Instance elements.\n     "}}],"modifiers":[],"name":{"!":"com.github.javaparser.ast.expr.SimpleName","range":{"beginLine":1,"beginColumn":7,"endLine":1,"endColumn":10},"tokenRange":{"beginToken":{"kind":94,"text":"Test"},"endToken":{"kind":94,"text":"Test"}},"identifier":"Test"},"annotations":[]}]}