{"!":"com.github.javaparser.ast.CompilationUnit","range":{"beginLine":1,"beginColumn":1,"endLine":15,"endColumn":2},"tokenRange":{"beginToken":{"kind":19,"text":"class"},"endToken":{"kind":0,"text":""}},"imports":[],"types":[{"!":"com.github.javaparser.ast.body.ClassOrInterfaceDeclaration","range":{"beginLine":1,"beginColumn":1,"endLine":15,"endColumn":2},"tokenRange":{"beginToken":{"kind":19,"text":"class"},"endToken":{"kind":100,"text":"}"}},"extendedTypes":[],"implementedTypes":[],"isInterface":"false","typeParameters":[],"members":[{"!":"com.github.javaparser.ast.body.MethodDeclaration","range":{"beginLine":2,"beginColumn":5,"endLine":13,"endColumn":5},"tokenRange":{"beginToken":{"kind":47,"text":"public"},"endToken":{"kind":100,"text":"}"}},"body":{"!":"com.github.javaparser.ast.stmt.BlockStmt","range":{"beginLine":3,"beginColumn":34,"endLine":13,"endColumn":5},"tokenRange":{"beginToken":{"kind":99,"text":"{"},"endToken":{"kind":100,"text":"}"}},"statements":[{"!":"com.github.javaparser.ast.stmt.ExpressionStmt","range":{"beginLine":4,"beginColumn":9,"endLine":4,"endColumn":75},"tokenRange":{"beginToken":{"kind":94,"text":"Schema"},"endToken":{"kind":103,"text":";"}},"expression":{"!":"com.github.javaparser.ast.expr.VariableDeclarationExpr","range":{"beginLine":4,"beginColumn":9,"endLine":4,"endColumn":74},"tokenRange":{"beginToken":{"kind":94,"text":"Schema"},"endToken":{"kind":98,"text":")"}},"annotations":[],"modifiers":[],"variables":[{"!":"com.github.javaparser.ast.body.VariableDeclarator","range":{"beginLine":4,"beginColumn":16,"endLine":4,"endColumn":74},"tokenRange":{"beginToken":{"kind":94,"text":"schema"},"endToken":{"kind":98,"text":")"}},"initializer":{"!":"com.github.javaparser.ast.expr.MethodCallExpr","range":{"beginLine":4,"beginColumn":25,"endLine":4,"endColumn":74},"tokenRange":{"beginToken":{"kind":94,"text":"getMappingSchema"},"endToken":{"kind":98,"text":")"}},"arguments":[{"!":"com.github.javaparser.ast.expr.NameExpr","range":{"beginLine":4,"beginColumn":43,"endLine":4,"endColumn":52},"tokenRange":{"beginToken":{"kind":94,"text":"schemaName"},"endToken":{"kind":94,"text":"schemaName"}},"name":{"!":"com.github.javaparser.ast.expr.SimpleName","range":{"beginLine":4,"beginColumn":43,"endLine":4,"endColumn":52},"tokenRange":{"beginToken":{"kind":94,"text":"schemaName"},"endToken":{"kind":94,"text":"schemaName"}},"identifier":"schemaName"}},{"!":"com.github.javaparser.ast.expr.NameExpr","range":{"beginLine":4,"beginColumn":55,"endLine":4,"endColumn":72},"tokenRange":{"beginToken":{"kind":94,"text":"classLoaderService"},"endToken":{"kind":94,"text":"classLoaderService"}},"name":{"!":"com.github.javaparser.ast.expr.SimpleName","range":{"beginLine":4,"beginColumn":55,"endLine":4,"endColumn":72},"tokenRange":{"beginToken":{"kind":94,"text":"classLoaderService"},"endToken":{"kind":94,"text":"classLoaderService"}},"identifier":"classLoaderService"}}],"name":{"!":"com.github.javaparser.ast.expr.SimpleName","range":{"beginLine":4,"beginColumn":25,"endLine":4,"endColumn":40},"tokenRange":{"beginToken":{"kind":94,"text":"getMappingSchema"},"endToken":{"kind":94,"text":"getMappingSchema"}},"identifier":"getMappingSchema"}},"name":{"!":"com.github.javaparser.ast.expr.SimpleName","range":{"beginLine":4,"beginColumn":16,"endLine":4,"endColumn":21},"tokenRange":{"beginToken":{"kind":94,"text":"schema"},"endToken":{"kind":94,"text":"schema"}},"identifier":"schema"},"type":{"!":"com.github.javaparser.ast.type.ClassOrInterfaceType","range":{"beginLine":4,"beginColumn":9,"endLine":4,"endColumn":14},"tokenRange":{"beginToken":{"kind":94,"text":"Schema"},"endToken":{"kind":94,"text":"Schema"}},"name":{"!":"com.github.javaparser.ast.expr.SimpleName","range":{"beginLine":4,"beginColumn":9,"endLine":4,"endColumn":14},"tokenRange":{"beginToken":{"kind":94,"text":"Schema"},"endToken":{"kind":94,"text":"Schema"}},"identifier":"Schema"},"annotations":[]}}]}},{"!":"com.github.javaparser.ast.stmt.ExpressionStmt","range":{"beginLine":5,"beginColumn":9,"endLine":5,"endColumn":77},"tokenRange":{"beginToken":{"kind":94,"text":"InputStream"},"endToken":{"kind":103,"text":";"}},"expression":{"!":"com.github.javaparser.ast.expr.VariableDeclarationExpr","range":{"beginLine":5,"beginColumn":9,"endLine":5,"endColumn":76},"tokenRange":{"beginToken":{"kind":94,"text":"InputStream"},"endToken":{"kind":98,"text":")"}},"annotations":[],"modifiers":[],"variables":[{"!":"com.github.javaparser.ast.body.VariableDeclarator","range":{"beginLine":5,"beginColumn":21,"endLine":5,"endColumn":76},"tokenRange":{"beginToken":{"kind":94,"text":"in"},"endToken":{"kind":98,"text":")"}},"initializer":{"!":"com.github.javaparser.ast.expr.MethodCallExpr","range":{"beginLine":5,"beginColumn":26,"endLine":5,"endColumn":76},"tokenRange":{"beginToken":{"kind":94,"text":"classLoaderService"},"endToken":{"kind":98,"text":")"}},"arguments":[{"!":"com.github.javaparser.ast.expr.NameExpr","range":{"beginLine":5,"beginColumn":67,"endLine":5,"endColumn":74},"tokenRange":{"beginToken":{"kind":94,"text":"fileName"},"endToken":{"kind":94,"text":"fileName"}},"name":{"!":"com.github.javaparser.ast.expr.SimpleName","range":{"beginLine":5,"beginColumn":67,"endLine":5,"endColumn":74},"tokenRange":{"beginToken":{"kind":94,"text":"fileName"},"endToken":{"kind":94,"text":"fileName"}},"identifier":"fileName"}}],"name":{"!":"com.github.javaparser.ast.expr.SimpleName","range":{"beginLine":5,"beginColumn":45,"endLine":5,"endColumn":64},"tokenRange":{"beginToken":{"kind":94,"text":"locateResourceStream"},"endToken":{"kind":94,"text":"locateResourceStream"}},"identifier":"locateResourceStream"},"scope":{"!":"com.github.javaparser.ast.expr.NameExpr","range":{"beginLine":5,"beginColumn":26,"endLine":5,"endColumn":43},"tokenRange":{"beginToken":{"kind":94,"text":"classLoaderService"},"endToken":{"kind":94,"text":"classLoaderService"}},"name":{"!":"com.github.javaparser.ast.expr.SimpleName","range":{"beginLine":5,"beginColumn":26,"endLine":5,"endColumn":43},"tokenRange":{"beginToken":{"kind":94,"text":"classLoaderService"},"endToken":{"kind":94,"text":"classLoaderService"}},"identifier":"classLoaderService"}}},"name":{"!":"com.github.javaparser.ast.expr.SimpleName","range":{"beginLine":5,"beginColumn":21,"endLine":5,"endColumn":22},"tokenRange":{"beginToken":{"kind":94,"text":"in"},"endToken":{"kind":94,"text":"in"}},"identifier":"in"},"type":{"!":"com.github.javaparser.ast.type.ClassOrInterfaceType","range":{"beginLine":5,"beginColumn":9,"endLine":5,"endColumn":19},"tokenRange":{"beginToken":{"kind":94,"text":"InputStream"},"endToken":{"kind":94,"text":"InputStream"}},"name":{"!":"com.github.javaparser.ast.expr.SimpleName","range":{"beginLine":5,"beginColumn":9,"endLine":5,"endColumn":19},"tokenRange":{"beginToken":{"kind":94,"text":"InputStream"},"endToken":{"kind":94,"text":"InputStream"}},"identifier":"InputStream"},"annotations":[]}}]}},{"!":"com.github.javaparser.ast.stmt.ExpressionStmt","range":{"beginLine":6,"beginColumn":9,"endLine":6,"endColumn":58},"tokenRange":{"beginToken":{"kind":94,"text":"JAXBContext"},"endToken":{"kind":103,"text":";"}},"expression":{"!":"com.github.javaparser.ast.expr.VariableDeclarationExpr","range":{"beginLine":6,"beginColumn":9,"endLine":6,"endColumn":57},"tokenRange":{"beginToken":{"kind":94,"text":"JAXBContext"},"endToken":{"kind":98,"text":")"}},"annotations":[],"modifiers":[],"variables":[{"!":"com.github.javaparser.ast.body.VariableDeclarator","range":{"beginLine":6,"beginColumn":21,"endLine":6,"endColumn":57},"tokenRange":{"beginToken":{"kind":94,"text":"jc"},"endToken":{"kind":98,"text":")"}},"initializer":{"!":"com.github.javaparser.ast.expr.MethodCallExpr","range":{"beginLine":6,"beginColumn":26,"endLine":6,"endColumn":57},"tokenRange":{"beginToken":{"kind":94,"text":"JAXBContext"},"endToken":{"kind":98,"text":")"}},"arguments":[{"!":"com.github.javaparser.ast.expr.NameExpr","range":{"beginLine":6,"beginColumn":51,"endLine":6,"endColumn":55},"tokenRange":{"beginToken":{"kind":94,"text":"clazz"},"endToken":{"kind":94,"text":"clazz"}},"name":{"!":"com.github.javaparser.ast.expr.SimpleName","range":{"beginLine":6,"beginColumn":51,"endLine":6,"endColumn":55},"tokenRange":{"beginToken":{"kind":94,"text":"clazz"},"endToken":{"kind":94,"text":"clazz"}},"identifier":"clazz"}}],"name":{"!":"com.github.javaparser.ast.expr.SimpleName","range":{"beginLine":6,"beginColumn":38,"endLine":6,"endColumn":48},"tokenRange":{"beginToken":{"kind":94,"text":"newInstance"},"endToken":{"kind":94,"text":"newInstance"}},"identifier":"newInstance"},"scope":{"!":"com.github.javaparser.ast.expr.NameExpr","range":{"beginLine":6,"beginColumn":26,"endLine":6,"endColumn":36},"tokenRange":{"beginToken":{"kind":94,"text":"JAXBContext"},"endToken":{"kind":94,"text":"JAXBContext"}},"name":{"!":"com.github.javaparser.ast.expr.SimpleName","range":{"beginLine":6,"beginColumn":26,"endLine":6,"endColumn":36},"tokenRange":{"beginToken":{"kind":94,"text":"JAXBContext"},"endToken":{"kind":94,"text":"JAXBContext"}},"identifier":"JAXBContext"}}},"name":{"!":"com.github.javaparser.ast.expr.SimpleName","range":{"beginLine":6,"beginColumn":21,"endLine":6,"endColumn":22},"tokenRange":{"beginToken":{"kind":94,"text":"jc"},"endToken":{"kind":94,"text":"jc"}},"identifier":"jc"},"type":{"!":"com.github.javaparser.ast.type.ClassOrInterfaceType","range":{"beginLine":6,"beginColumn":9,"endLine":6,"endColumn":19},"tokenRange":{"beginToken":{"kind":94,"text":"JAXBContext"},"endToken":{"kind":94,"text":"JAXBContext"}},"name":{"!":"com.github.javaparser.ast.expr.SimpleName","range":{"beginLine":6,"beginColumn":9,"endLine":6,"endColumn":19},"tokenRange":{"beginToken":{"kind":94,"text":"JAXBContext"},"endToken":{"kind":94,"text":"JAXBContext"}},"identifier":"JAXBContext"},"annotations":[]}}]}},{"!":"com.github.javaparser.ast.stmt.ExpressionStmt","range":{"beginLine":7,"beginColumn":9,"endLine":7,"endColumn":60},"tokenRange":{"beginToken":{"kind":94,"text":"Unmarshaller"},"endToken":{"kind":103,"text":";"}},"expression":{"!":"com.github.javaparser.ast.expr.VariableDeclarationExpr","range":{"beginLine":7,"beginColumn":9,"endLine":7,"endColumn":59},"tokenRange":{"beginToken":{"kind":94,"text":"Unmarshaller"},"endToken":{"kind":98,"text":")"}},"annotations":[],"modifiers":[],"variables":[{"!":"com.github.javaparser.ast.body.VariableDeclarator","range":{"beginLine":7,"beginColumn":22,"endLine":7,"endColumn":59},"tokenRange":{"beginToken":{"kind":94,"text":"unmarshaller"},"endToken":{"kind":98,"text":")"}},"initializer":{"!":"com.github.javaparser.ast.expr.MethodCallExpr","range":{"beginLine":7,"beginColumn":37,"endLine":7,"endColumn":59},"tokenRange":{"beginToken":{"kind":94,"text":"jc"},"endToken":{"kind":98,"text":")"}},"arguments":[],"name":{"!":"com.github.javaparser.ast.expr.SimpleName","range":{"beginLine":7,"beginColumn":40,"endLine":7,"endColumn":57},"tokenRange":{"beginToken":{"kind":94,"text":"createUnmarshaller"},"endToken":{"kind":94,"text":"createUnmarshaller"}},"identifier":"createUnmarshaller"},"scope":{"!":"com.github.javaparser.ast.expr.NameExpr","range":{"beginLine":7,"beginColumn":37,"endLine":7,"endColumn":38},"tokenRange":{"beginToken":{"kind":94,"text":"jc"},"endToken":{"kind":94,"text":"jc"}},"name":{"!":"com.github.javaparser.ast.expr.SimpleName","range":{"beginLine":7,"beginColumn":37,"endLine":7,"endColumn":38},"tokenRange":{"beginToken":{"kind":94,"text":"jc"},"endToken":{"kind":94,"text":"jc"}},"identifier":"jc"}}},"name":{"!":"com.github.javaparser.ast.expr.SimpleName","range":{"beginLine":7,"beginColumn":22,"endLine":7,"endColumn":33},"tokenRange":{"beginToken":{"kind":94,"text":"unmarshaller"},"endToken":{"kind":94,"text":"unmarshaller"}},"identifier":"unmarshaller"},"type":{"!":"com.github.javaparser.ast.type.ClassOrInterfaceType","range":{"beginLine":7,"beginColumn":9,"endLine":7,"endColumn":20},"tokenRange":{"beginToken":{"kind":94,"text":"Unmarshaller"},"endToken":{"kind":94,"text":"Unmarshaller"}},"name":{"!":"com.github.javaparser.ast.expr.SimpleName","range":{"beginLine":7,"beginColumn":9,"endLine":7,"endColumn":20},"tokenRange":{"beginToken":{"kind":94,"text":"Unmarshaller"},"endToken":{"kind":94,"text":"Unmarshaller"}},"identifier":"Unmarshaller"},"annotations":[]}}]}},{"!":"com.github.javaparser.ast.stmt.ExpressionStmt","range":{"beginLine":8,"beginColumn":9,"endLine":8,"endColumn":41},"tokenRange":{"beginToken":{"kind":94,"text":"unmarshaller"},"endToken":{"kind":103,"text":";"}},"expression":{"!":"com.github.javaparser.ast.expr.MethodCallExpr","range":{"beginLine":8,"beginColumn":9,"endLine":8,"endColumn":40},"tokenRange":{"beginToken":{"kind":94,"text":"unmarshaller"},"endToken":{"kind":98,"text":")"}},"arguments":[{"!":"com.github.javaparser.ast.expr.NameExpr","range":{"beginLine":8,"beginColumn":33,"endLine":8,"endColumn":38},"tokenRange":{"beginToken":{"kind":94,"text":"schema"},"endToken":{"kind":94,"text":"schema"}},"name":{"!":"com.github.javaparser.ast.expr.SimpleName","range":{"beginLine":8,"beginColumn":33,"endLine":8,"endColumn":38},"tokenRange":{"beginToken":{"kind":94,"text":"schema"},"endToken":{"kind":94,"text":"schema"}},"identifier":"schema"}}],"name":{"!":"com.github.javaparser.ast.expr.SimpleName","range":{"beginLine":8,"beginColumn":22,"endLine":8,"endColumn":30},"tokenRange":{"beginToken":{"kind":94,"text":"setSchema"},"endToken":{"kind":94,"text":"setSchema"}},"identifier":"setSchema"},"scope":{"!":"com.github.javaparser.ast.expr.NameExpr","range":{"beginLine":8,"beginColumn":9,"endLine":8,"endColumn":20},"tokenRange":{"beginToken":{"kind":94,"text":"unmarshaller"},"endToken":{"kind":94,"text":"unmarshaller"}},"name":{"!":"com.github.javaparser.ast.expr.SimpleName","range":{"beginLine":8,"beginColumn":9,"endLine":8,"endColumn":20},"tokenRange":{"beginToken":{"kind":94,"text":"unmarshaller"},"endToken":{"kind":94,"text":"unmarshaller"}},"identifier":"unmarshaller"}}}},{"!":"com.github.javaparser.ast.stmt.ExpressionStmt","range":{"beginLine":9,"beginColumn":9,"endLine":9,"endColumn":53},"tokenRange":{"beginToken":{"kind":94,"text":"StreamSource"},"endToken":{"kind":103,"text":";"}},"expression":{"!":"com.github.javaparser.ast.expr.VariableDeclarationExpr","range":{"beginLine":9,"beginColumn":9,"endLine":9,"endColumn":52},"tokenRange":{"beginToken":{"kind":94,"text":"StreamSource"},"endToken":{"kind":98,"text":")"}},"annotations":[],"modifiers":[],"variables":[{"!":"com.github.javaparser.ast.body.VariableDeclarator","range":{"beginLine":9,"beginColumn":22,"endLine":9,"endColumn":52},"tokenRange":{"beginToken":{"kind":94,"text":"stream"},"endToken":{"kind":98,"text":")"}},"initializer":{"!":"com.github.javaparser.ast.expr.ObjectCreationExpr","range":{"beginLine":9,"beginColumn":31,"endLine":9,"endColumn":52},"tokenRange":{"beginToken":{"kind":42,"text":"new"},"endToken":{"kind":98,"text":")"}},"arguments":[{"!":"com.github.javaparser.ast.expr.NameExpr","range":{"beginLine":9,"beginColumn":49,"endLine":9,"endColumn":50},"tokenRange":{"beginToken":{"kind":94,"text":"in"},"endToken":{"kind":94,"text":"in"}},"name":{"!":"com.github.javaparser.ast.expr.SimpleName","range":{"beginLine":9,"beginColumn":49,"endLine":9,"endColumn":50},"tokenRange":{"beginToken":{"kind":94,"text":"in"},"endToken":{"kind":94,"text":"in"}},"identifier":"in"}}],"type":{"!":"com.github.javaparser.ast.type.ClassOrInterfaceType","range":{"beginLine":9,"beginColumn":35,"endLine":9,"endColumn":46},"tokenRange":{"beginToken":{"kind":94,"text":"StreamSource"},"endToken":{"kind":94,"text":"StreamSource"}},"name":{"!":"com.github.javaparser.ast.expr.SimpleName","range":{"beginLine":9,"beginColumn":35,"endLine":9,"endColumn":46},"tokenRange":{"beginToken":{"kind":94,"text":"StreamSource"},"endToken":{"kind":94,"text":"StreamSource"}},"identifier":"StreamSource"},"annotations":[]}},"name":{"!":"com.github.javaparser.ast.expr.SimpleName","range":{"beginLine":9,"beginColumn":22,"endLine":9,"endColumn":27},"tokenRange":{"beginToken":{"kind":94,"text":"stream"},"endToken":{"kind":94,"text":"stream"}},"identifier":"stream"},"type":{"!":"com.github.javaparser.ast.type.ClassOrInterfaceType","range":{"beginLine":9,"beginColumn":9,"endLine":9,"endColumn":20},"tokenRange":{"beginToken":{"kind":94,"text":"StreamSource"},"endToken":{"kind":94,"text":"StreamSource"}},"name":{"!":"com.github.javaparser.ast.expr.SimpleName","range":{"beginLine":9,"beginColumn":9,"endLine":9,"endColumn":20},"tokenRange":{"beginToken":{"kind":94,"text":"StreamSource"},"endToken":{"kind":94,"text":"StreamSource"}},"identifier":"StreamSource"},"annotations":[]}}]}},{"!":"com.github.javaparser.ast.stmt.ExpressionStmt","range":{"beginLine":10,"beginColumn":9,"endLine":10,"endColumn":70},"tokenRange":{"beginToken":{"kind":94,"text":"JAXBElement"},"endToken":{"kind":103,"text":";"}},"expression":{"!":"com.github.javaparser.ast.expr.VariableDeclarationExpr","range":{"beginLine":10,"beginColumn":9,"endLine":10,"endColumn":69},"tokenRange":{"beginToken":{"kind":94,"text":"JAXBElement"},"endToken":{"kind":98,"text":")"}},"annotations":[],"modifiers":[],"variables":[{"!":"com.github.javaparser.ast.body.VariableDeclarator","range":{"beginLine":10,"beginColumn":24,"endLine":10,"endColumn":69},"tokenRange":{"beginToken":{"kind":94,"text":"elem"},"endToken":{"kind":98,"text":")"}},"initializer":{"!":"com.github.javaparser.ast.expr.MethodCallExpr","range":{"beginLine":10,"beginColumn":31,"endLine":10,"endColumn":69},"tokenRange":{"beginToken":{"kind":94,"text":"unmarshaller"},"endToken":{"kind":98,"text":")"}},"arguments":[{"!":"com.github.javaparser.ast.expr.NameExpr","range":{"beginLine":10,"beginColumn":55,"endLine":10,"endColumn":60},"tokenRange":{"beginToken":{"kind":94,"text":"stream"},"endToken":{"kind":94,"text":"stream"}},"name":{"!":"com.github.javaparser.ast.expr.SimpleName","range":{"beginLine":10,"beginColumn":55,"endLine":10,"endColumn":60},"tokenRange":{"beginToken":{"kind":94,"text":"stream"},"endToken":{"kind":94,"text":"stream"}},"identifier":"stream"}},{"!":"com.github.javaparser.ast.expr.NameExpr","range":{"beginLine":10,"beginColumn":63,"endLine":10,"endColumn":67},"tokenRange":{"beginToken":{"kind":94,"text":"clazz"},"endToken":{"kind":94,"text":"clazz"}},"name":{"!":"com.github.javaparser.ast.expr.SimpleName","range":{"beginLine":10,"beginColumn":63,"endLine":10,"endColumn":67},"tokenRange":{"beginToken":{"kind":94,"text":"clazz"},"endToken":{"kind":94,"text":"clazz"}},"identifier":"clazz"}}],"name":{"!":"com.github.javaparser.ast.expr.SimpleName","range":{"beginLine":10,"beginColumn":44,"endLine":10,"endColumn":52},"tokenRange":{"beginToken":{"kind":94,"text":"unmarshal"},"endToken":{"kind":94,"text":"unmarshal"}},"identifier":"unmarshal"},"scope":{"!":"com.github.javaparser.ast.expr.NameExpr","range":{"beginLine":10,"beginColumn":31,"endLine":10,"endColumn":42},"tokenRange":{"beginToken":{"kind":94,"text":"unmarshaller"},"endToken":{"kind":94,"text":"unmarshaller"}},"name":{"!":"com.github.javaparser.ast.expr.SimpleName","range":{"beginLine":10,"beginColumn":31,"endLine":10,"endColumn":42},"tokenRange":{"beginToken":{"kind":94,"text":"unmarshaller"},"endToken":{"kind":94,"text":"unmarshaller"}},"identifier":"unmarshaller"}}},"name":{"!":"com.github.javaparser.ast.expr.SimpleName","range":{"beginLine":10,"beginColumn":24,"endLine":10,"endColumn":27},"tokenRange":{"beginToken":{"kind":94,"text":"elem"},"endToken":{"kind":94,"text":"elem"}},"identifier":"elem"},"type":{"!":"com.github.javaparser.ast.type.ClassOrInterfaceType","range":{"beginLine":10,"beginColumn":9,"endLine":10,"endColumn":22},"tokenRange":{"beginToken":{"kind":94,"text":"JAXBElement"},"endToken":{"kind":146,"text":">"}},"name":{"!":"com.github.javaparser.ast.expr.SimpleName","range":{"beginLine":10,"beginColumn":9,"endLine":10,"endColumn":19},"tokenRange":{"beginToken":{"kind":94,"text":"JAXBElement"},"endToken":{"kind":94,"text":"JAXBElement"}},"identifier":"JAXBElement"},"typeArguments":[{"!":"com.github.javaparser.ast.type.ClassOrInterfaceType","range":{"beginLine":10,"beginColumn":21,"endLine":10,"endColumn":21},"tokenRange":{"beginToken":{"kind":94,"text":"T"},"endToken":{"kind":94,"text":"T"}},"name":{"!":"com.github.javaparser.ast.expr.SimpleName","range":{"beginLine":10,"beginColumn":21,"endLine":10,"endColumn":21},"tokenRange":{"beginToken":{"kind":94,"text":"T"},"endToken":{"kind":94,"text":"T"}},"identifier":"T"},"annotations":[]}],"annotations":[]}}]}},{"!":"com.github.javaparser.ast.stmt.ExpressionStmt","range":{"beginLine":11,"beginColumn":9,"endLine":11,"endColumn":53},"tokenRange":{"beginToken":{"kind":94,"text":"Origin"},"endToken":{"kind":103,"text":";"}},"expression":{"!":"com.github.javaparser.ast.expr.VariableDeclarationExpr","range":{"beginLine":11,"beginColumn":9,"endLine":11,"endColumn":52},"tokenRange":{"beginToken":{"kind":94,"text":"Origin"},"endToken":{"kind":98,"text":")"}},"annotations":[],"modifiers":[],"variables":[{"!":"com.github.javaparser.ast.body.VariableDeclarator","range":{"beginLine":11,"beginColumn":16,"endLine":11,"endColumn":52},"tokenRange":{"beginToken":{"kind":94,"text":"origin"},"endToken":{"kind":98,"text":")"}},"initializer":{"!":"com.github.javaparser.ast.expr.ObjectCreationExpr","range":{"beginLine":11,"beginColumn":25,"endLine":11,"endColumn":52},"tokenRange":{"beginToken":{"kind":42,"text":"new"},"endToken":{"kind":98,"text":")"}},"arguments":[{"!":"com.github.javaparser.ast.expr.NullLiteralExpr","range":{"beginLine":11,"beginColumn":37,"endLine":11,"endColumn":40},"tokenRange":{"beginToken":{"kind":43,"text":"null"},"endToken":{"kind":43,"text":"null"}}},{"!":"com.github.javaparser.ast.expr.NameExpr","range":{"beginLine":11,"beginColumn":43,"endLine":11,"endColumn":50},"tokenRange":{"beginToken":{"kind":94,"text":"fileName"},"endToken":{"kind":94,"text":"fileName"}},"name":{"!":"com.github.javaparser.ast.expr.SimpleName","range":{"beginLine":11,"beginColumn":43,"endLine":11,"endColumn":50},"tokenRange":{"beginToken":{"kind":94,"text":"fileName"},"endToken":{"kind":94,"text":"fileName"}},"identifier":"fileName"}}],"type":{"!":"com.github.javaparser.ast.type.ClassOrInterfaceType","range":{"beginLine":11,"beginColumn":29,"endLine":11,"endColumn":34},"tokenRange":{"beginToken":{"kind":94,"text":"Origin"},"endToken":{"kind":94,"text":"Origin"}},"name":{"!":"com.github.javaparser.ast.expr.SimpleName","range":{"beginLine":11,"beginColumn":29,"endLine":11,"endColumn":34},"tokenRange":{"beginToken":{"kind":94,"text":"Origin"},"endToken":{"kind":94,"text":"Origin"}},"identifier":"Origin"},"annotations":[]}},"name":{"!":"com.github.javaparser.ast.expr.SimpleName","range":{"beginLine":11,"beginColumn":16,"endLine":11,"endColumn":21},"tokenRange":{"beginToken":{"kind":94,"text":"origin"},"endToken":{"kind":94,"text":"origin"}},"identifier":"origin"},"type":{"!":"com.github.javaparser.ast.type.ClassOrInterfaceType","range":{"beginLine":11,"beginColumn":9,"endLine":11,"endColumn":14},"tokenRange":{"beginToken":{"kind":94,"text":"Origin"},"endToken":{"kind":94,"text":"Origin"}},"name":{"!":"com.github.javaparser.ast.expr.SimpleName","range":{"beginLine":11,"beginColumn":9,"endLine":11,"endColumn":14},"tokenRange":{"beginToken":{"kind":94,"text":"Origin"},"endToken":{"kind":94,"text":"Origin"}},"identifier":"Origin"},"annotations":[]}}]}},{"!":"com.github.javaparser.ast.stmt.ReturnStmt","range":{"beginLine":12,"beginColumn":9,"endLine":12,"endColumn":58},"tokenRange":{"beginToken":{"kind":49,"text":"return"},"endToken":{"kind":103,"text":";"}},"expression":{"!":"com.github.javaparser.ast.expr.ObjectCreationExpr","range":{"beginLine":12,"beginColumn":16,"endLine":12,"endColumn":57},"tokenRange":{"beginToken":{"kind":42,"text":"new"},"endToken":{"kind":98,"text":")"}},"arguments":[{"!":"com.github.javaparser.ast.expr.MethodCallExpr","range":{"beginLine":12,"beginColumn":33,"endLine":12,"endColumn":47},"tokenRange":{"beginToken":{"kind":94,"text":"elem"},"endToken":{"kind":98,"text":")"}},"arguments":[],"name":{"!":"com.github.javaparser.ast.expr.SimpleName","range":{"beginLine":12,"beginColumn":38,"endLine":12,"endColumn":45},"tokenRange":{"beginToken":{"kind":94,"text":"getValue"},"endToken":{"kind":94,"text":"getValue"}},"identifier":"getValue"},"scope":{"!":"com.github.javaparser.ast.expr.NameExpr","range":{"beginLine":12,"beginColumn":33,"endLine":12,"endColumn":36},"tokenRange":{"beginToken":{"kind":94,"text":"elem"},"endToken":{"kind":94,"text":"elem"}},"name":{"!":"com.github.javaparser.ast.expr.SimpleName","range":{"beginLine":12,"beginColumn":33,"endLine":12,"endColumn":36},"tokenRange":{"beginToken":{"kind":94,"text":"elem"},"endToken":{"kind":94,"text":"elem"}},"identifier":"elem"}}},{"!":"com.github.javaparser.ast.expr.NameExpr","range":{"beginLine":12,"beginColumn":50,"endLine":12,"endColumn":55},"tokenRange":{"beginToken":{"kind":94,"text":"origin"},"endToken":{"kind":94,"text":"origin"}},"name":{"!":"com.github.javaparser.ast.expr.SimpleName","range":{"beginLine":12,"beginColumn":50,"endLine":12,"endColumn":55},"tokenRange":{"beginToken":{"kind":94,"text":"origin"},"endToken":{"kind":94,"text":"origin"}},"identifier":"origin"}}],"type":{"!":"com.github.javaparser.ast.type.ClassOrInterfaceType","range":{"beginLine":12,"beginColumn":20,"endLine":12,"endColumn":30},"tokenRange":{"beginToken":{"kind":94,"text":"JaxbRoot"},"endToken":{"kind":146,"text":">"}},"name":{"!":"com.github.javaparser.ast.expr.SimpleName","range":{"beginLine":12,"beginColumn":20,"endLine":12,"endColumn":27},"tokenRange":{"beginToken":{"kind":94,"text":"JaxbRoot"},"endToken":{"kind":94,"text":"JaxbRoot"}},"identifier":"JaxbRoot"},"typeArguments":[{"!":"com.github.javaparser.ast.type.ClassOrInterfaceType","range":{"beginLine":12,"beginColumn":29,"endLine":12,"endColumn":29},"tokenRange":{"beginToken":{"kind":94,"text":"T"},"endToken":{"kind":94,"text":"T"}},"name":{"!":"com.github.javaparser.ast.expr.SimpleName","range":{"beginLine":12,"beginColumn":29,"endLine":12,"endColumn":29},"tokenRange":{"beginToken":{"kind":94,"text":"T"},"endToken":{"kind":94,"text":"T"}},"identifier":"T"},"annotations":[]}],"annotations":[]}}}]},"type":{"!":"com.github.javaparser.ast.type.ClassOrInterfaceType","range":{"beginLine":2,"beginColumn":23,"endLine":2,"endColumn":33},"tokenRange":{"beginToken":{"kind":94,"text":"JaxbRoot"},"endToken":{"kind":146,"text":">"}},"name":{"!":"com.github.javaparser.ast.expr.SimpleName","range":{"beginLine":2,"beginColumn":23,"endLine":2,"endColumn":30},"tokenRange":{"beginToken":{"kind":94,"text":"JaxbRoot"},"endToken":{"kind":94,"text":"JaxbRoot"}},"identifier":"JaxbRoot"},"typeArguments":[{"!":"com.github.javaparser.ast.type.ClassOrInterfaceType","range":{"beginLine":2,"beginColumn":32,"endLine":2,"endColumn":32},"tokenRange":{"beginToken":{"kind":94,"text":"T"},"endToken":{"kind":94,"text":"T"}},"name":{"!":"com.github.javaparser.ast.expr.SimpleName","range":{"beginLine":2,"beginColumn":32,"endLine":2,"endColumn":32},"tokenRange":{"beginToken":{"kind":94,"text":"T"},"endToken":{"kind":94,"text":"T"}},"identifier":"T"},"annotations":[]}],"annotations":[]},"modifiers":[{"!":"com.github.javaparser.ast.Modifier","range":{"beginLine":2,"beginColumn":5,"endLine":2,"endColumn":10},"tokenRange":{"beginToken":{"kind":47,"text":"public"},"endToken":{"kind":47,"text":"public"}},"keyword":"PUBLIC"},{"!":"com.github.javaparser.ast.Modifier","range":{"beginLine":2,"beginColumn":12,"endLine":2,"endColumn":17},"tokenRange":{"beginToken":{"kind":51,"text":"static"},"endToken":{"kind":51,"text":"static"}},"keyword":"STATIC"}],"name":{"!":"com.github.javaparser.ast.expr.SimpleName","range":{"beginLine":2,"beginColumn":35,"endLine":2,"endColumn":47},"tokenRange":{"beginToken":{"kind":94,"text":"unmarshallXml"},"endToken":{"kind":94,"text":"unmarshallXml"}},"identifier":"unmarshallXml"},"parameters":[{"!":"com.github.javaparser.ast.body.Parameter","range":{"beginLine":2,"beginColumn":49,"endLine":2,"endColumn":63},"tokenRange":{"beginToken":{"kind":94,"text":"String"},"endToken":{"kind":94,"text":"fileName"}},"annotations":[],"isVarArgs":"false","modifiers":[],"name":{"!":"com.github.javaparser.ast.expr.SimpleName","range":{"beginLine":2,"beginColumn":56,"endLine":2,"endColumn":63},"tokenRange":{"beginToken":{"kind":94,"text":"fileName"},"endToken":{"kind":94,"text":"fileName"}},"identifier":"fileName"},"type":{"!":"com.github.javaparser.ast.type.ClassOrInterfaceType","range":{"beginLine":2,"beginColumn":49,"endLine":2,"endColumn":54},"tokenRange":{"beginToken":{"kind":94,"text":"String"},"endToken":{"kind":94,"text":"String"}},"name":{"!":"com.github.javaparser.ast.expr.SimpleName","range":{"beginLine":2,"beginColumn":49,"endLine":2,"endColumn":54},"tokenRange":{"beginToken":{"kind":94,"text":"String"},"endToken":{"kind":94,"text":"String"}},"identifier":"String"},"annotations":[]},"varArgsAnnotations":[]},{"!":"com.github.javaparser.ast.body.Parameter","range":{"beginLine":2,"beginColumn":66,"endLine":2,"endColumn":82},"tokenRange":{"beginToken":{"kind":94,"text":"String"},"endToken":{"kind":94,"text":"schemaName"}},"annotations":[],"isVarArgs":"false","modifiers":[],"name":{"!":"com.github.javaparser.ast.expr.SimpleName","range":{"beginLine":2,"beginColumn":73,"endLine":2,"endColumn":82},"tokenRange":{"beginToken":{"kind":94,"text":"schemaName"},"endToken":{"kind":94,"text":"schemaName"}},"identifier":"schemaName"},"type":{"!":"com.github.javaparser.ast.type.ClassOrInterfaceType","range":{"beginLine":2,"beginColumn":66,"endLine":2,"endColumn":71},"tokenRange":{"beginToken":{"kind":94,"text":"String"},"endToken":{"kind":94,"text":"String"}},"name":{"!":"com.github.javaparser.ast.expr.SimpleName","range":{"beginLine":2,"beginColumn":66,"endLine":2,"endColumn":71},"tokenRange":{"beginToken":{"kind":94,"text":"String"},"endToken":{"kind":94,"text":"String"}},"identifier":"String"},"annotations":[]},"varArgsAnnotations":[]},{"!":"com.github.javaparser.ast.body.Parameter","range":{"beginLine":2,"beginColumn":85,"endLine":2,"endColumn":98},"tokenRange":{"beginToken":{"kind":94,"text":"Class"},"endToken":{"kind":94,"text":"clazz"}},"annotations":[],"isVarArgs":"false","modifiers":[],"name":{"!":"com.github.javaparser.ast.expr.SimpleName","range":{"beginLine":2,"beginColumn":94,"endLine":2,"endColumn":98},"tokenRange":{"beginToken":{"kind":94,"text":"clazz"},"endToken":{"kind":94,"text":"clazz"}},"identifier":"clazz"},"type":{"!":"com.github.javaparser.ast.type.ClassOrInterfaceType","range":{"beginLine":2,"beginColumn":85,"endLine":2,"endColumn":92},"tokenRange":{"beginToken":{"kind":94,"text":"Class"},"endToken":{"kind":146,"text":">"}},"name":{"!":"com.github.javaparser.ast.expr.SimpleName","range":{"beginLine":2,"beginColumn":85,"endLine":2,"endColumn":89},"tokenRange":{"beginToken":{"kind":94,"text":"Class"},"endToken":{"kind":94,"text":"Class"}},"identifier":"Class"},"typeArguments":[{"!":"com.github.javaparser.ast.type.ClassOrInterfaceType","range":{"beginLine":2,"beginColumn":91,"endLine":2,"endColumn":91},"tokenRange":{"beginToken":{"kind":94,"text":"T"},"endToken":{"kind":94,"text":"T"}},"name":{"!":"com.github.javaparser.ast.expr.SimpleName","range":{"beginLine":2,"beginColumn":91,"endLine":2,"endColumn":91},"tokenRange":{"beginToken":{"kind":94,"text":"T"},"endToken":{"kind":94,"text":"T"}},"identifier":"T"},"annotations":[]}],"annotations":[]},"varArgsAnnotations":[]},{"!":"com.github.javaparser.ast.body.Parameter","range":{"beginLine":2,"beginColumn":101,"endLine":2,"endColumn":137},"tokenRange":{"beginToken":{"kind":94,"text":"ClassLoaderService"},"endToken":{"kind":94,"text":"classLoaderService"}},"annotations":[],"isVarArgs":"false","modifiers":[],"name":{"!":"com.github.javaparser.ast.expr.SimpleName","range":{"beginLine":2,"beginColumn":120,"endLine":2,"endColumn":137},"tokenRange":{"beginToken":{"kind":94,"text":"classLoaderService"},"endToken":{"kind":94,"text":"classLoaderService"}},"identifier":"classLoaderService"},"type":{"!":"com.github.javaparser.ast.type.ClassOrInterfaceType","range":{"beginLine":2,"beginColumn":101,"endLine":2,"endColumn":118},"tokenRange":{"beginToken":{"kind":94,"text":"ClassLoaderService"},"endToken":{"kind":94,"text":"ClassLoaderService"}},"name":{"!":"com.github.javaparser.ast.expr.SimpleName","range":{"beginLine":2,"beginColumn":101,"endLine":2,"endColumn":118},"tokenRange":{"beginToken":{"kind":94,"text":"ClassLoaderService"},"endToken":{"kind":94,"text":"ClassLoaderService"}},"identifier":"ClassLoaderService"},"annotations":[]},"varArgsAnnotations":[]}],"thrownExceptions":[{"!":"com.github.javaparser.ast.type.ClassOrInterfaceType","range":{"beginLine":3,"beginColumn":20,"endLine":3,"endColumn":32},"tokenRange":{"beginToken":{"kind":94,"text":"JAXBException"},"endToken":{"kind":94,"text":"JAXBException"}},"name":{"!":"com.github.javaparser.ast.expr.SimpleName","range":{"beginLine":3,"beginColumn":20,"endLine":3,"endColumn":32},"tokenRange":{"beginToken":{"kind":94,"text":"JAXBException"},"endToken":{"kind":94,"text":"JAXBException"}},"identifier":"JAXBException"},"annotations":[]}],"typeParameters":[{"!":"com.github.javaparser.ast.type.TypeParameter","range":{"beginLine":2,"beginColumn":20,"endLine":2,"endColumn":20},"tokenRange":{"beginToken":{"kind":94,"text":"T"},"endToken":{"kind":94,"text":"T"}},"name":{"!":"com.github.javaparser.ast.expr.SimpleName","range":{"beginLine":2,"beginColumn":20,"endLine":2,"endColumn":20},"tokenRange":{"beginToken":{"kind":94,"text":"T"},"endToken":{"kind":94,"text":"T"}},"identifier":"T"},"typeBound":[],"annotations":[]}],"annotations":[]}],"modifiers":[],"name":{"!":"com.github.javaparser.ast.expr.SimpleName","range":{"beginLine":1,"beginColumn":7,"endLine":1,"endColumn":10},"tokenRange":{"beginToken":{"kind":94,"text":"Test"},"endToken":{"kind":94,"text":"Test"}},"identifier":"Test"},"annotations":[]}]}