{"!":"com.github.javaparser.ast.CompilationUnit","range":{"beginLine":1,"beginColumn":1,"endLine":45,"endColumn":2},"tokenRange":{"beginToken":{"kind":19,"text":"class"},"endToken":{"kind":0,"text":""}},"imports":[],"types":[{"!":"com.github.javaparser.ast.body.ClassOrInterfaceDeclaration","range":{"beginLine":1,"beginColumn":1,"endLine":45,"endColumn":2},"tokenRange":{"beginToken":{"kind":19,"text":"class"},"endToken":{"kind":100,"text":"}"}},"extendedTypes":[],"implementedTypes":[],"isInterface":"false","typeParameters":[],"members":[{"!":"com.github.javaparser.ast.body.MethodDeclaration","range":{"beginLine":2,"beginColumn":2,"endLine":43,"endColumn":2},"tokenRange":{"beginToken":{"kind":107,"text":"@"},"endToken":{"kind":100,"text":"}"}},"body":{"!":"com.github.javaparser.ast.stmt.BlockStmt","range":{"beginLine":3,"beginColumn":61,"endLine":43,"endColumn":2},"tokenRange":{"beginToken":{"kind":99,"text":"{"},"endToken":{"kind":100,"text":"}"}},"statements":[{"!":"com.github.javaparser.ast.stmt.ExpressionStmt","range":{"beginLine":4,"beginColumn":3,"endLine":4,"endColumn":28},"tokenRange":{"beginToken":{"kind":94,"text":"Session"},"endToken":{"kind":103,"text":";"}},"expression":{"!":"com.github.javaparser.ast.expr.VariableDeclarationExpr","range":{"beginLine":4,"beginColumn":3,"endLine":4,"endColumn":27},"tokenRange":{"beginToken":{"kind":94,"text":"Session"},"endToken":{"kind":98,"text":")"}},"annotations":[],"modifiers":[],"variables":[{"!":"com.github.javaparser.ast.body.VariableDeclarator","range":{"beginLine":4,"beginColumn":11,"endLine":4,"endColumn":27},"tokenRange":{"beginToken":{"kind":94,"text":"s"},"endToken":{"kind":98,"text":")"}},"initializer":{"!":"com.github.javaparser.ast.expr.MethodCallExpr","range":{"beginLine":4,"beginColumn":15,"endLine":4,"endColumn":27},"tokenRange":{"beginToken":{"kind":94,"text":"openSession"},"endToken":{"kind":98,"text":")"}},"arguments":[],"name":{"!":"com.github.javaparser.ast.expr.SimpleName","range":{"beginLine":4,"beginColumn":15,"endLine":4,"endColumn":25},"tokenRange":{"beginToken":{"kind":94,"text":"openSession"},"endToken":{"kind":94,"text":"openSession"}},"identifier":"openSession"}},"name":{"!":"com.github.javaparser.ast.expr.SimpleName","range":{"beginLine":4,"beginColumn":11,"endLine":4,"endColumn":11},"tokenRange":{"beginToken":{"kind":94,"text":"s"},"endToken":{"kind":94,"text":"s"}},"identifier":"s"},"type":{"!":"com.github.javaparser.ast.type.ClassOrInterfaceType","range":{"beginLine":4,"beginColumn":3,"endLine":4,"endColumn":9},"tokenRange":{"beginToken":{"kind":94,"text":"Session"},"endToken":{"kind":94,"text":"Session"}},"name":{"!":"com.github.javaparser.ast.expr.SimpleName","range":{"beginLine":4,"beginColumn":3,"endLine":4,"endColumn":9},"tokenRange":{"beginToken":{"kind":94,"text":"Session"},"endToken":{"kind":94,"text":"Session"}},"identifier":"Session"},"annotations":[]}}]}},{"!":"com.github.javaparser.ast.stmt.ExpressionStmt","range":{"beginLine":5,"beginColumn":3,"endLine":5,"endColumn":23},"tokenRange":{"beginToken":{"kind":94,"text":"s"},"endToken":{"kind":103,"text":";"}},"expression":{"!":"com.github.javaparser.ast.expr.MethodCallExpr","range":{"beginLine":5,"beginColumn":3,"endLine":5,"endColumn":22},"tokenRange":{"beginToken":{"kind":94,"text":"s"},"endToken":{"kind":98,"text":")"}},"arguments":[],"name":{"!":"com.github.javaparser.ast.expr.SimpleName","range":{"beginLine":5,"beginColumn":5,"endLine":5,"endColumn":20},"tokenRange":{"beginToken":{"kind":94,"text":"beginTransaction"},"endToken":{"kind":94,"text":"beginTransaction"}},"identifier":"beginTransaction"},"scope":{"!":"com.github.javaparser.ast.expr.NameExpr","range":{"beginLine":5,"beginColumn":3,"endLine":5,"endColumn":3},"tokenRange":{"beginToken":{"kind":94,"text":"s"},"endToken":{"kind":94,"text":"s"}},"name":{"!":"com.github.javaparser.ast.expr.SimpleName","range":{"beginLine":5,"beginColumn":3,"endLine":5,"endColumn":3},"tokenRange":{"beginToken":{"kind":94,"text":"s"},"endToken":{"kind":94,"text":"s"}},"identifier":"s"}}}},{"!":"com.github.javaparser.ast.stmt.ExpressionStmt","range":{"beginLine":6,"beginColumn":3,"endLine":6,"endColumn":22},"tokenRange":{"beginToken":{"kind":94,"text":"Baz"},"endToken":{"kind":103,"text":";"}},"expression":{"!":"com.github.javaparser.ast.expr.VariableDeclarationExpr","range":{"beginLine":6,"beginColumn":3,"endLine":6,"endColumn":21},"tokenRange":{"beginToken":{"kind":94,"text":"Baz"},"endToken":{"kind":98,"text":")"}},"annotations":[],"modifiers":[],"variables":[{"!":"com.github.javaparser.ast.body.VariableDeclarator","range":{"beginLine":6,"beginColumn":7,"endLine":6,"endColumn":21},"tokenRange":{"beginToken":{"kind":94,"text":"baz"},"endToken":{"kind":98,"text":")"}},"initializer":{"!":"com.github.javaparser.ast.expr.ObjectCreationExpr","range":{"beginLine":6,"beginColumn":13,"endLine":6,"endColumn":21},"tokenRange":{"beginToken":{"kind":42,"text":"new"},"endToken":{"kind":98,"text":")"}},"arguments":[],"type":{"!":"com.github.javaparser.ast.type.ClassOrInterfaceType","range":{"beginLine":6,"beginColumn":17,"endLine":6,"endColumn":19},"tokenRange":{"beginToken":{"kind":94,"text":"Baz"},"endToken":{"kind":94,"text":"Baz"}},"name":{"!":"com.github.javaparser.ast.expr.SimpleName","range":{"beginLine":6,"beginColumn":17,"endLine":6,"endColumn":19},"tokenRange":{"beginToken":{"kind":94,"text":"Baz"},"endToken":{"kind":94,"text":"Baz"}},"identifier":"Baz"},"annotations":[]}},"name":{"!":"com.github.javaparser.ast.expr.SimpleName","range":{"beginLine":6,"beginColumn":7,"endLine":6,"endColumn":9},"tokenRange":{"beginToken":{"kind":94,"text":"baz"},"endToken":{"kind":94,"text":"baz"}},"identifier":"baz"},"type":{"!":"com.github.javaparser.ast.type.ClassOrInterfaceType","range":{"beginLine":6,"beginColumn":3,"endLine":6,"endColumn":5},"tokenRange":{"beginToken":{"kind":94,"text":"Baz"},"endToken":{"kind":94,"text":"Baz"}},"name":{"!":"com.github.javaparser.ast.expr.SimpleName","range":{"beginLine":6,"beginColumn":3,"endLine":6,"endColumn":5},"tokenRange":{"beginToken":{"kind":94,"text":"Baz"},"endToken":{"kind":94,"text":"Baz"}},"identifier":"Baz"},"annotations":[]}}]}},{"!":"com.github.javaparser.ast.stmt.ExpressionStmt","range":{"beginLine":7,"beginColumn":3,"endLine":7,"endColumn":20},"tokenRange":{"beginToken":{"kind":94,"text":"baz"},"endToken":{"kind":103,"text":";"}},"expression":{"!":"com.github.javaparser.ast.expr.MethodCallExpr","range":{"beginLine":7,"beginColumn":3,"endLine":7,"endColumn":19},"tokenRange":{"beginToken":{"kind":94,"text":"baz"},"endToken":{"kind":98,"text":")"}},"arguments":[],"name":{"!":"com.github.javaparser.ast.expr.SimpleName","range":{"beginLine":7,"beginColumn":7,"endLine":7,"endColumn":17},"tokenRange":{"beginToken":{"kind":94,"text":"setDefaults"},"endToken":{"kind":94,"text":"setDefaults"}},"identifier":"setDefaults"},"scope":{"!":"com.github.javaparser.ast.expr.NameExpr","range":{"beginLine":7,"beginColumn":3,"endLine":7,"endColumn":5},"tokenRange":{"beginToken":{"kind":94,"text":"baz"},"endToken":{"kind":94,"text":"baz"}},"name":{"!":"com.github.javaparser.ast.expr.SimpleName","range":{"beginLine":7,"beginColumn":3,"endLine":7,"endColumn":5},"tokenRange":{"beginToken":{"kind":94,"text":"baz"},"endToken":{"kind":94,"text":"baz"}},"identifier":"baz"}}}},{"!":"com.github.javaparser.ast.stmt.ExpressionStmt","range":{"beginLine":8,"beginColumn":3,"endLine":8,"endColumn":14},"tokenRange":{"beginToken":{"kind":94,"text":"s"},"endToken":{"kind":103,"text":";"}},"expression":{"!":"com.github.javaparser.ast.expr.MethodCallExpr","range":{"beginLine":8,"beginColumn":3,"endLine":8,"endColumn":13},"tokenRange":{"beginToken":{"kind":94,"text":"s"},"endToken":{"kind":98,"text":")"}},"arguments":[{"!":"com.github.javaparser.ast.expr.NameExpr","range":{"beginLine":8,"beginColumn":10,"endLine":8,"endColumn":12},"tokenRange":{"beginToken":{"kind":94,"text":"baz"},"endToken":{"kind":94,"text":"baz"}},"name":{"!":"com.github.javaparser.ast.expr.SimpleName","range":{"beginLine":8,"beginColumn":10,"endLine":8,"endColumn":12},"tokenRange":{"beginToken":{"kind":94,"text":"baz"},"endToken":{"kind":94,"text":"baz"}},"identifier":"baz"}}],"name":{"!":"com.github.javaparser.ast.expr.SimpleName","range":{"beginLine":8,"beginColumn":5,"endLine":8,"endColumn":8},"tokenRange":{"beginToken":{"kind":94,"text":"save"},"endToken":{"kind":94,"text":"save"}},"identifier":"save"},"scope":{"!":"com.github.javaparser.ast.expr.NameExpr","range":{"beginLine":8,"beginColumn":3,"endLine":8,"endColumn":3},"tokenRange":{"beginToken":{"kind":94,"text":"s"},"endToken":{"kind":94,"text":"s"}},"name":{"!":"com.github.javaparser.ast.expr.SimpleName","range":{"beginLine":8,"beginColumn":3,"endLine":8,"endColumn":3},"tokenRange":{"beginToken":{"kind":94,"text":"s"},"endToken":{"kind":94,"text":"s"}},"identifier":"s"}}}},{"!":"com.github.javaparser.ast.stmt.ExpressionStmt","range":{"beginLine":9,"beginColumn":3,"endLine":9,"endColumn":26},"tokenRange":{"beginToken":{"kind":94,"text":"Glarch"},"endToken":{"kind":103,"text":";"}},"expression":{"!":"com.github.javaparser.ast.expr.VariableDeclarationExpr","range":{"beginLine":9,"beginColumn":3,"endLine":9,"endColumn":25},"tokenRange":{"beginToken":{"kind":94,"text":"Glarch"},"endToken":{"kind":98,"text":")"}},"annotations":[],"modifiers":[],"variables":[{"!":"com.github.javaparser.ast.body.VariableDeclarator","range":{"beginLine":9,"beginColumn":10,"endLine":9,"endColumn":25},"tokenRange":{"beginToken":{"kind":94,"text":"g"},"endToken":{"kind":98,"text":")"}},"initializer":{"!":"com.github.javaparser.ast.expr.ObjectCreationExpr","range":{"beginLine":9,"beginColumn":14,"endLine":9,"endColumn":25},"tokenRange":{"beginToken":{"kind":42,"text":"new"},"endToken":{"kind":98,"text":")"}},"arguments":[],"type":{"!":"com.github.javaparser.ast.type.ClassOrInterfaceType","range":{"beginLine":9,"beginColumn":18,"endLine":9,"endColumn":23},"tokenRange":{"beginToken":{"kind":94,"text":"Glarch"},"endToken":{"kind":94,"text":"Glarch"}},"name":{"!":"com.github.javaparser.ast.expr.SimpleName","range":{"beginLine":9,"beginColumn":18,"endLine":9,"endColumn":23},"tokenRange":{"beginToken":{"kind":94,"text":"Glarch"},"endToken":{"kind":94,"text":"Glarch"}},"identifier":"Glarch"},"annotations":[]}},"name":{"!":"com.github.javaparser.ast.expr.SimpleName","range":{"beginLine":9,"beginColumn":10,"endLine":9,"endColumn":10},"tokenRange":{"beginToken":{"kind":94,"text":"g"},"endToken":{"kind":94,"text":"g"}},"identifier":"g"},"type":{"!":"com.github.javaparser.ast.type.ClassOrInterfaceType","range":{"beginLine":9,"beginColumn":3,"endLine":9,"endColumn":8},"tokenRange":{"beginToken":{"kind":94,"text":"Glarch"},"endToken":{"kind":94,"text":"Glarch"}},"name":{"!":"com.github.javaparser.ast.expr.SimpleName","range":{"beginLine":9,"beginColumn":3,"endLine":9,"endColumn":8},"tokenRange":{"beginToken":{"kind":94,"text":"Glarch"},"endToken":{"kind":94,"text":"Glarch"}},"identifier":"Glarch"},"annotations":[]}}]}},{"!":"com.github.javaparser.ast.stmt.ExpressionStmt","range":{"beginLine":10,"beginColumn":3,"endLine":10,"endColumn":31},"tokenRange":{"beginToken":{"kind":94,"text":"Serializable"},"endToken":{"kind":103,"text":";"}},"expression":{"!":"com.github.javaparser.ast.expr.VariableDeclarationExpr","range":{"beginLine":10,"beginColumn":3,"endLine":10,"endColumn":30},"tokenRange":{"beginToken":{"kind":94,"text":"Serializable"},"endToken":{"kind":98,"text":")"}},"annotations":[],"modifiers":[],"variables":[{"!":"com.github.javaparser.ast.body.VariableDeclarator","range":{"beginLine":10,"beginColumn":16,"endLine":10,"endColumn":30},"tokenRange":{"beginToken":{"kind":94,"text":"gid"},"endToken":{"kind":98,"text":")"}},"initializer":{"!":"com.github.javaparser.ast.expr.MethodCallExpr","range":{"beginLine":10,"beginColumn":22,"endLine":10,"endColumn":30},"tokenRange":{"beginToken":{"kind":94,"text":"s"},"endToken":{"kind":98,"text":")"}},"arguments":[{"!":"com.github.javaparser.ast.expr.NameExpr","range":{"beginLine":10,"beginColumn":29,"endLine":10,"endColumn":29},"tokenRange":{"beginToken":{"kind":94,"text":"g"},"endToken":{"kind":94,"text":"g"}},"name":{"!":"com.github.javaparser.ast.expr.SimpleName","range":{"beginLine":10,"beginColumn":29,"endLine":10,"endColumn":29},"tokenRange":{"beginToken":{"kind":94,"text":"g"},"endToken":{"kind":94,"text":"g"}},"identifier":"g"}}],"name":{"!":"com.github.javaparser.ast.expr.SimpleName","range":{"beginLine":10,"beginColumn":24,"endLine":10,"endColumn":27},"tokenRange":{"beginToken":{"kind":94,"text":"save"},"endToken":{"kind":94,"text":"save"}},"identifier":"save"},"scope":{"!":"com.github.javaparser.ast.expr.NameExpr","range":{"beginLine":10,"beginColumn":22,"endLine":10,"endColumn":22},"tokenRange":{"beginToken":{"kind":94,"text":"s"},"endToken":{"kind":94,"text":"s"}},"name":{"!":"com.github.javaparser.ast.expr.SimpleName","range":{"beginLine":10,"beginColumn":22,"endLine":10,"endColumn":22},"tokenRange":{"beginToken":{"kind":94,"text":"s"},"endToken":{"kind":94,"text":"s"}},"identifier":"s"}}},"name":{"!":"com.github.javaparser.ast.expr.SimpleName","range":{"beginLine":10,"beginColumn":16,"endLine":10,"endColumn":18},"tokenRange":{"beginToken":{"kind":94,"text":"gid"},"endToken":{"kind":94,"text":"gid"}},"identifier":"gid"},"type":{"!":"com.github.javaparser.ast.type.ClassOrInterfaceType","range":{"beginLine":10,"beginColumn":3,"endLine":10,"endColumn":14},"tokenRange":{"beginToken":{"kind":94,"text":"Serializable"},"endToken":{"kind":94,"text":"Serializable"}},"name":{"!":"com.github.javaparser.ast.expr.SimpleName","range":{"beginLine":10,"beginColumn":3,"endLine":10,"endColumn":14},"tokenRange":{"beginToken":{"kind":94,"text":"Serializable"},"endToken":{"kind":94,"text":"Serializable"}},"identifier":"Serializable"},"annotations":[]}}]}},{"!":"com.github.javaparser.ast.stmt.IfStmt","range":{"beginLine":12,"beginColumn":3,"endLine":15,"endColumn":3},"tokenRange":{"beginToken":{"kind":34,"text":"if"},"endToken":{"kind":100,"text":"}"}},"condition":{"!":"com.github.javaparser.ast.expr.BinaryExpr","range":{"beginLine":12,"beginColumn":8,"endLine":12,"endColumn":266},"tokenRange":{"beginToken":{"kind":111,"text":"!"},"endToken":{"kind":98,"text":")"}},"left":{"!":"com.github.javaparser.ast.expr.BinaryExpr","range":{"beginLine":12,"beginColumn":8,"endLine":12,"endColumn":220},"tokenRange":{"beginToken":{"kind":111,"text":"!"},"endToken":{"kind":98,"text":")"}},"left":{"!":"com.github.javaparser.ast.expr.BinaryExpr","range":{"beginLine":12,"beginColumn":8,"endLine":12,"endColumn":173},"tokenRange":{"beginToken":{"kind":111,"text":"!"},"endToken":{"kind":98,"text":")"}},"left":{"!":"com.github.javaparser.ast.expr.BinaryExpr","range":{"beginLine":12,"beginColumn":8,"endLine":12,"endColumn":88},"tokenRange":{"beginToken":{"kind":111,"text":"!"},"endToken":{"kind":98,"text":")"}},"left":{"!":"com.github.javaparser.ast.expr.UnaryExpr","range":{"beginLine":12,"beginColumn":8,"endLine":12,"endColumn":46},"tokenRange":{"beginToken":{"kind":111,"text":"!"},"endToken":{"kind":98,"text":")"}},"expression":{"!":"com.github.javaparser.ast.expr.EnclosedExpr","range":{"beginLine":12,"beginColumn":9,"endLine":12,"endColumn":46},"tokenRange":{"beginToken":{"kind":97,"text":"("},"endToken":{"kind":98,"text":")"}},"inner":{"!":"com.github.javaparser.ast.expr.InstanceOfExpr","range":{"beginLine":12,"beginColumn":10,"endLine":12,"endColumn":45},"tokenRange":{"beginToken":{"kind":94,"text":"getDialect"},"endToken":{"kind":94,"text":"MySQLDialect"}},"expression":{"!":"com.github.javaparser.ast.expr.MethodCallExpr","range":{"beginLine":12,"beginColumn":10,"endLine":12,"endColumn":21},"tokenRange":{"beginToken":{"kind":94,"text":"getDialect"},"endToken":{"kind":98,"text":")"}},"arguments":[],"name":{"!":"com.github.javaparser.ast.expr.SimpleName","range":{"beginLine":12,"beginColumn":10,"endLine":12,"endColumn":19},"tokenRange":{"beginToken":{"kind":94,"text":"getDialect"},"endToken":{"kind":94,"text":"getDialect"}},"identifier":"getDialect"}},"type":{"!":"com.github.javaparser.ast.type.ClassOrInterfaceType","range":{"beginLine":12,"beginColumn":34,"endLine":12,"endColumn":45},"tokenRange":{"beginToken":{"kind":94,"text":"MySQLDialect"},"endToken":{"kind":94,"text":"MySQLDialect"}},"name":{"!":"com.github.javaparser.ast.expr.SimpleName","range":{"beginLine":12,"beginColumn":34,"endLine":12,"endColumn":45},"tokenRange":{"beginToken":{"kind":94,"text":"MySQLDialect"},"endToken":{"kind":94,"text":"MySQLDialect"}},"identifier":"MySQLDialect"},"annotations":[]}}},"operator":"LOGICAL_COMPLEMENT"},"operator":"AND","right":{"!":"com.github.javaparser.ast.expr.UnaryExpr","range":{"beginLine":12,"beginColumn":51,"endLine":12,"endColumn":88},"tokenRange":{"beginToken":{"kind":111,"text":"!"},"endToken":{"kind":98,"text":")"}},"expression":{"!":"com.github.javaparser.ast.expr.EnclosedExpr","range":{"beginLine":12,"beginColumn":52,"endLine":12,"endColumn":88},"tokenRange":{"beginToken":{"kind":97,"text":"("},"endToken":{"kind":98,"text":")"}},"inner":{"!":"com.github.javaparser.ast.expr.InstanceOfExpr","range":{"beginLine":12,"beginColumn":53,"endLine":12,"endColumn":87},"tokenRange":{"beginToken":{"kind":94,"text":"getDialect"},"endToken":{"kind":94,"text":"HSQLDialect"}},"expression":{"!":"com.github.javaparser.ast.expr.MethodCallExpr","range":{"beginLine":12,"beginColumn":53,"endLine":12,"endColumn":64},"tokenRange":{"beginToken":{"kind":94,"text":"getDialect"},"endToken":{"kind":98,"text":")"}},"arguments":[],"name":{"!":"com.github.javaparser.ast.expr.SimpleName","range":{"beginLine":12,"beginColumn":53,"endLine":12,"endColumn":62},"tokenRange":{"beginToken":{"kind":94,"text":"getDialect"},"endToken":{"kind":94,"text":"getDialect"}},"identifier":"getDialect"}},"type":{"!":"com.github.javaparser.ast.type.ClassOrInterfaceType","range":{"beginLine":12,"beginColumn":77,"endLine":12,"endColumn":87},"tokenRange":{"beginToken":{"kind":94,"text":"HSQLDialect"},"endToken":{"kind":94,"text":"HSQLDialect"}},"name":{"!":"com.github.javaparser.ast.expr.SimpleName","range":{"beginLine":12,"beginColumn":77,"endLine":12,"endColumn":87},"tokenRange":{"beginToken":{"kind":94,"text":"HSQLDialect"},"endToken":{"kind":94,"text":"HSQLDialect"}},"identifier":"HSQLDialect"},"annotations":[]}}},"operator":"LOGICAL_COMPLEMENT"}},"operator":"AND","right":{"!":"com.github.javaparser.ast.expr.UnaryExpr","range":{"beginLine":12,"beginColumn":135,"endLine":12,"endColumn":173},"tokenRange":{"beginToken":{"kind":111,"text":"!"},"endToken":{"kind":98,"text":")"}},"expression":{"!":"com.github.javaparser.ast.expr.EnclosedExpr","range":{"beginLine":12,"beginColumn":136,"endLine":12,"endColumn":173},"tokenRange":{"beginToken":{"kind":97,"text":"("},"endToken":{"kind":98,"text":")"}},"inner":{"!":"com.github.javaparser.ast.expr.InstanceOfExpr","range":{"beginLine":12,"beginColumn":137,"endLine":12,"endColumn":172},"tokenRange":{"beginToken":{"kind":94,"text":"getDialect"},"endToken":{"kind":94,"text":"SAPDBDialect"}},"expression":{"!":"com.github.javaparser.ast.expr.MethodCallExpr","range":{"beginLine":12,"beginColumn":137,"endLine":12,"endColumn":148},"tokenRange":{"beginToken":{"kind":94,"text":"getDialect"},"endToken":{"kind":98,"text":")"}},"arguments":[],"name":{"!":"com.github.javaparser.ast.expr.SimpleName","range":{"beginLine":12,"beginColumn":137,"endLine":12,"endColumn":146},"tokenRange":{"beginToken":{"kind":94,"text":"getDialect"},"endToken":{"kind":94,"text":"getDialect"}},"identifier":"getDialect"}},"type":{"!":"com.github.javaparser.ast.type.ClassOrInterfaceType","range":{"beginLine":12,"beginColumn":161,"endLine":12,"endColumn":172},"tokenRange":{"beginToken":{"kind":94,"text":"SAPDBDialect"},"endToken":{"kind":94,"text":"SAPDBDialect"}},"name":{"!":"com.github.javaparser.ast.expr.SimpleName","range":{"beginLine":12,"beginColumn":161,"endLine":12,"endColumn":172},"tokenRange":{"beginToken":{"kind":94,"text":"SAPDBDialect"},"endToken":{"kind":94,"text":"SAPDBDialect"}},"identifier":"SAPDBDialect"},"annotations":[]}}},"operator":"LOGICAL_COMPLEMENT","comment":{"!":"com.github.javaparser.ast.comments.BlockComment","range":{"beginLine":12,"beginColumn":90,"endLine":12,"endColumn":130},"tokenRange":{"beginToken":{"kind":9,"text":"/*&& !(dialect instanceof MckoiDialect)*/"},"endToken":{"kind":9,"text":"/*&& !(dialect instanceof MckoiDialect)*/"}},"content":"&& !(dialect instanceof MckoiDialect)"}}},"operator":"AND","right":{"!":"com.github.javaparser.ast.expr.UnaryExpr","range":{"beginLine":12,"beginColumn":178,"endLine":12,"endColumn":220},"tokenRange":{"beginToken":{"kind":111,"text":"!"},"endToken":{"kind":98,"text":")"}},"expression":{"!":"com.github.javaparser.ast.expr.EnclosedExpr","range":{"beginLine":12,"beginColumn":179,"endLine":12,"endColumn":220},"tokenRange":{"beginToken":{"kind":97,"text":"("},"endToken":{"kind":98,"text":")"}},"inner":{"!":"com.github.javaparser.ast.expr.InstanceOfExpr","range":{"beginLine":12,"beginColumn":180,"endLine":12,"endColumn":219},"tokenRange":{"beginToken":{"kind":94,"text":"getDialect"},"endToken":{"kind":94,"text":"PointbaseDialect"}},"expression":{"!":"com.github.javaparser.ast.expr.MethodCallExpr","range":{"beginLine":12,"beginColumn":180,"endLine":12,"endColumn":191},"tokenRange":{"beginToken":{"kind":94,"text":"getDialect"},"endToken":{"kind":98,"text":")"}},"arguments":[],"name":{"!":"com.github.javaparser.ast.expr.SimpleName","range":{"beginLine":12,"beginColumn":180,"endLine":12,"endColumn":189},"tokenRange":{"beginToken":{"kind":94,"text":"getDialect"},"endToken":{"kind":94,"text":"getDialect"}},"identifier":"getDialect"}},"type":{"!":"com.github.javaparser.ast.type.ClassOrInterfaceType","range":{"beginLine":12,"beginColumn":204,"endLine":12,"endColumn":219},"tokenRange":{"beginToken":{"kind":94,"text":"PointbaseDialect"},"endToken":{"kind":94,"text":"PointbaseDialect"}},"name":{"!":"com.github.javaparser.ast.expr.SimpleName","range":{"beginLine":12,"beginColumn":204,"endLine":12,"endColumn":219},"tokenRange":{"beginToken":{"kind":94,"text":"PointbaseDialect"},"endToken":{"kind":94,"text":"PointbaseDialect"}},"identifier":"PointbaseDialect"},"annotations":[]}}},"operator":"LOGICAL_COMPLEMENT"}},"operator":"AND","right":{"!":"com.github.javaparser.ast.expr.UnaryExpr","range":{"beginLine":12,"beginColumn":225,"endLine":12,"endColumn":266},"tokenRange":{"beginToken":{"kind":111,"text":"!"},"endToken":{"kind":98,"text":")"}},"expression":{"!":"com.github.javaparser.ast.expr.EnclosedExpr","range":{"beginLine":12,"beginColumn":226,"endLine":12,"endColumn":266},"tokenRange":{"beginToken":{"kind":97,"text":"("},"endToken":{"kind":98,"text":")"}},"inner":{"!":"com.github.javaparser.ast.expr.InstanceOfExpr","range":{"beginLine":12,"beginColumn":227,"endLine":12,"endColumn":265},"tokenRange":{"beginToken":{"kind":94,"text":"getDialect"},"endToken":{"kind":94,"text":"TimesTenDialect"}},"expression":{"!":"com.github.javaparser.ast.expr.MethodCallExpr","range":{"beginLine":12,"beginColumn":227,"endLine":12,"endColumn":238},"tokenRange":{"beginToken":{"kind":94,"text":"getDialect"},"endToken":{"kind":98,"text":")"}},"arguments":[],"name":{"!":"com.github.javaparser.ast.expr.SimpleName","range":{"beginLine":12,"beginColumn":227,"endLine":12,"endColumn":236},"tokenRange":{"beginToken":{"kind":94,"text":"getDialect"},"endToken":{"kind":94,"text":"getDialect"}},"identifier":"getDialect"}},"type":{"!":"com.github.javaparser.ast.type.ClassOrInterfaceType","range":{"beginLine":12,"beginColumn":251,"endLine":12,"endColumn":265},"tokenRange":{"beginToken":{"kind":94,"text":"TimesTenDialect"},"endToken":{"kind":94,"text":"TimesTenDialect"}},"name":{"!":"com.github.javaparser.ast.expr.SimpleName","range":{"beginLine":12,"beginColumn":251,"endLine":12,"endColumn":265},"tokenRange":{"beginToken":{"kind":94,"text":"TimesTenDialect"},"endToken":{"kind":94,"text":"TimesTenDialect"}},"identifier":"TimesTenDialect"},"annotations":[]}}},"operator":"LOGICAL_COMPLEMENT"}},"thenStmt":{"!":"com.github.javaparser.ast.stmt.BlockStmt","range":{"beginLine":12,"beginColumn":270,"endLine":15,"endColumn":3},"tokenRange":{"beginToken":{"kind":99,"text":"{"},"endToken":{"kind":100,"text":"}"}},"statements":[{"!":"com.github.javaparser.ast.stmt.ExpressionStmt","range":{"beginLine":13,"beginColumn":4,"endLine":13,"endColumn":76},"tokenRange":{"beginToken":{"kind":94,"text":"s"},"endToken":{"kind":103,"text":";"}},"expression":{"!":"com.github.javaparser.ast.expr.MethodCallExpr","range":{"beginLine":13,"beginColumn":4,"endLine":13,"endColumn":75},"tokenRange":{"beginToken":{"kind":94,"text":"s"},"endToken":{"kind":98,"text":")"}},"arguments":[],"name":{"!":"com.github.javaparser.ast.expr.SimpleName","range":{"beginLine":13,"beginColumn":70,"endLine":13,"endColumn":73},"tokenRange":{"beginToken":{"kind":94,"text":"list"},"endToken":{"kind":94,"text":"list"}},"identifier":"list"},"scope":{"!":"com.github.javaparser.ast.expr.MethodCallExpr","range":{"beginLine":13,"beginColumn":4,"endLine":13,"endColumn":68},"tokenRange":{"beginToken":{"kind":94,"text":"s"},"endToken":{"kind":98,"text":")"}},"arguments":[{"!":"com.github.javaparser.ast.expr.MethodCallExpr","range":{"beginLine":13,"beginColumn":20,"endLine":13,"endColumn":36},"tokenRange":{"beginToken":{"kind":94,"text":"baz"},"endToken":{"kind":98,"text":")"}},"arguments":[],"name":{"!":"com.github.javaparser.ast.expr.SimpleName","range":{"beginLine":13,"beginColumn":24,"endLine":13,"endColumn":34},"tokenRange":{"beginToken":{"kind":94,"text":"getFooArray"},"endToken":{"kind":94,"text":"getFooArray"}},"identifier":"getFooArray"},"scope":{"!":"com.github.javaparser.ast.expr.NameExpr","range":{"beginLine":13,"beginColumn":20,"endLine":13,"endColumn":22},"tokenRange":{"beginToken":{"kind":94,"text":"baz"},"endToken":{"kind":94,"text":"baz"}},"name":{"!":"com.github.javaparser.ast.expr.SimpleName","range":{"beginLine":13,"beginColumn":20,"endLine":13,"endColumn":22},"tokenRange":{"beginToken":{"kind":94,"text":"baz"},"endToken":{"kind":94,"text":"baz"}},"identifier":"baz"}}},{"!":"com.github.javaparser.ast.expr.StringLiteralExpr","range":{"beginLine":13,"beginColumn":39,"endLine":13,"endColumn":66},"tokenRange":{"beginToken":{"kind":90,"text":"\"where size(this.bytes) > 0\""},"endToken":{"kind":90,"text":"\"where size(this.bytes) > 0\""}},"value":"where size(this.bytes) > 0"}],"name":{"!":"com.github.javaparser.ast.expr.SimpleName","range":{"beginLine":13,"beginColumn":6,"endLine":13,"endColumn":17},"tokenRange":{"beginToken":{"kind":94,"text":"createFilter"},"endToken":{"kind":94,"text":"createFilter"}},"identifier":"createFilter"},"scope":{"!":"com.github.javaparser.ast.expr.NameExpr","range":{"beginLine":13,"beginColumn":4,"endLine":13,"endColumn":4},"tokenRange":{"beginToken":{"kind":94,"text":"s"},"endToken":{"kind":94,"text":"s"}},"name":{"!":"com.github.javaparser.ast.expr.SimpleName","range":{"beginLine":13,"beginColumn":4,"endLine":13,"endColumn":4},"tokenRange":{"beginToken":{"kind":94,"text":"s"},"endToken":{"kind":94,"text":"s"}},"identifier":"s"}}}}},{"!":"com.github.javaparser.ast.stmt.ExpressionStmt","range":{"beginLine":14,"beginColumn":4,"endLine":14,"endColumn":81},"tokenRange":{"beginToken":{"kind":94,"text":"s"},"endToken":{"kind":103,"text":";"}},"expression":{"!":"com.github.javaparser.ast.expr.MethodCallExpr","range":{"beginLine":14,"beginColumn":4,"endLine":14,"endColumn":80},"tokenRange":{"beginToken":{"kind":94,"text":"s"},"endToken":{"kind":98,"text":")"}},"arguments":[],"name":{"!":"com.github.javaparser.ast.expr.SimpleName","range":{"beginLine":14,"beginColumn":75,"endLine":14,"endColumn":78},"tokenRange":{"beginToken":{"kind":94,"text":"list"},"endToken":{"kind":94,"text":"list"}},"identifier":"list"},"scope":{"!":"com.github.javaparser.ast.expr.MethodCallExpr","range":{"beginLine":14,"beginColumn":4,"endLine":14,"endColumn":73},"tokenRange":{"beginToken":{"kind":94,"text":"s"},"endToken":{"kind":98,"text":")"}},"arguments":[{"!":"com.github.javaparser.ast.expr.MethodCallExpr","range":{"beginLine":14,"beginColumn":20,"endLine":14,"endColumn":36},"tokenRange":{"beginToken":{"kind":94,"text":"baz"},"endToken":{"kind":98,"text":")"}},"arguments":[],"name":{"!":"com.github.javaparser.ast.expr.SimpleName","range":{"beginLine":14,"beginColumn":24,"endLine":14,"endColumn":34},"tokenRange":{"beginToken":{"kind":94,"text":"getFooArray"},"endToken":{"kind":94,"text":"getFooArray"}},"identifier":"getFooArray"},"scope":{"!":"com.github.javaparser.ast.expr.NameExpr","range":{"beginLine":14,"beginColumn":20,"endLine":14,"endColumn":22},"tokenRange":{"beginToken":{"kind":94,"text":"baz"},"endToken":{"kind":94,"text":"baz"}},"name":{"!":"com.github.javaparser.ast.expr.SimpleName","range":{"beginLine":14,"beginColumn":20,"endLine":14,"endColumn":22},"tokenRange":{"beginToken":{"kind":94,"text":"baz"},"endToken":{"kind":94,"text":"baz"}},"identifier":"baz"}}},{"!":"com.github.javaparser.ast.expr.StringLiteralExpr","range":{"beginLine":14,"beginColumn":39,"endLine":14,"endColumn":71},"tokenRange":{"beginToken":{"kind":90,"text":"\"where 0 in elements(this.bytes)\""},"endToken":{"kind":90,"text":"\"where 0 in elements(this.bytes)\""}},"value":"where 0 in elements(this.bytes)"}],"name":{"!":"com.github.javaparser.ast.expr.SimpleName","range":{"beginLine":14,"beginColumn":6,"endLine":14,"endColumn":17},"tokenRange":{"beginToken":{"kind":94,"text":"createFilter"},"endToken":{"kind":94,"text":"createFilter"}},"identifier":"createFilter"},"scope":{"!":"com.github.javaparser.ast.expr.NameExpr","range":{"beginLine":14,"beginColumn":4,"endLine":14,"endColumn":4},"tokenRange":{"beginToken":{"kind":94,"text":"s"},"endToken":{"kind":94,"text":"s"}},"name":{"!":"com.github.javaparser.ast.expr.SimpleName","range":{"beginLine":14,"beginColumn":4,"endLine":14,"endColumn":4},"tokenRange":{"beginToken":{"kind":94,"text":"s"},"endToken":{"kind":94,"text":"s"}},"identifier":"s"}}}}}]}},{"!":"com.github.javaparser.ast.stmt.ExpressionStmt","range":{"beginLine":16,"beginColumn":3,"endLine":16,"endColumn":30},"tokenRange":{"beginToken":{"kind":94,"text":"s"},"endToken":{"kind":103,"text":";"}},"expression":{"!":"com.github.javaparser.ast.expr.MethodCallExpr","range":{"beginLine":16,"beginColumn":3,"endLine":16,"endColumn":29},"tokenRange":{"beginToken":{"kind":94,"text":"s"},"endToken":{"kind":98,"text":")"}},"arguments":[],"name":{"!":"com.github.javaparser.ast.expr.SimpleName","range":{"beginLine":16,"beginColumn":22,"endLine":16,"endColumn":27},"tokenRange":{"beginToken":{"kind":94,"text":"commit"},"endToken":{"kind":94,"text":"commit"}},"identifier":"commit"},"scope":{"!":"com.github.javaparser.ast.expr.MethodCallExpr","range":{"beginLine":16,"beginColumn":3,"endLine":16,"endColumn":20},"tokenRange":{"beginToken":{"kind":94,"text":"s"},"endToken":{"kind":98,"text":")"}},"arguments":[],"name":{"!":"com.github.javaparser.ast.expr.SimpleName","range":{"beginLine":16,"beginColumn":5,"endLine":16,"endColumn":18},"tokenRange":{"beginToken":{"kind":94,"text":"getTransaction"},"endToken":{"kind":94,"text":"getTransaction"}},"identifier":"getTransaction"},"scope":{"!":"com.github.javaparser.ast.expr.NameExpr","range":{"beginLine":16,"beginColumn":3,"endLine":16,"endColumn":3},"tokenRange":{"beginToken":{"kind":94,"text":"s"},"endToken":{"kind":94,"text":"s"}},"name":{"!":"com.github.javaparser.ast.expr.SimpleName","range":{"beginLine":16,"beginColumn":3,"endLine":16,"endColumn":3},"tokenRange":{"beginToken":{"kind":94,"text":"s"},"endToken":{"kind":94,"text":"s"}},"identifier":"s"}}}}},{"!":"com.github.javaparser.ast.stmt.ExpressionStmt","range":{"beginLine":17,"beginColumn":3,"endLine":17,"endColumn":12},"tokenRange":{"beginToken":{"kind":94,"text":"s"},"endToken":{"kind":103,"text":";"}},"expression":{"!":"com.github.javaparser.ast.expr.MethodCallExpr","range":{"beginLine":17,"beginColumn":3,"endLine":17,"endColumn":11},"tokenRange":{"beginToken":{"kind":94,"text":"s"},"endToken":{"kind":98,"text":")"}},"arguments":[],"name":{"!":"com.github.javaparser.ast.expr.SimpleName","range":{"beginLine":17,"beginColumn":5,"endLine":17,"endColumn":9},"tokenRange":{"beginToken":{"kind":94,"text":"close"},"endToken":{"kind":94,"text":"close"}},"identifier":"close"},"scope":{"!":"com.github.javaparser.ast.expr.NameExpr","range":{"beginLine":17,"beginColumn":3,"endLine":17,"endColumn":3},"tokenRange":{"beginToken":{"kind":94,"text":"s"},"endToken":{"kind":94,"text":"s"}},"name":{"!":"com.github.javaparser.ast.expr.SimpleName","range":{"beginLine":17,"beginColumn":3,"endLine":17,"endColumn":3},"tokenRange":{"beginToken":{"kind":94,"text":"s"},"endToken":{"kind":94,"text":"s"}},"identifier":"s"}}}},{"!":"com.github.javaparser.ast.stmt.ExpressionStmt","range":{"beginLine":19,"beginColumn":3,"endLine":19,"endColumn":20},"tokenRange":{"beginToken":{"kind":94,"text":"s"},"endToken":{"kind":103,"text":";"}},"expression":{"!":"com.github.javaparser.ast.expr.AssignExpr","range":{"beginLine":19,"beginColumn":3,"endLine":19,"endColumn":19},"tokenRange":{"beginToken":{"kind":94,"text":"s"},"endToken":{"kind":98,"text":")"}},"operator":"ASSIGN","target":{"!":"com.github.javaparser.ast.expr.NameExpr","range":{"beginLine":19,"beginColumn":3,"endLine":19,"endColumn":3},"tokenRange":{"beginToken":{"kind":94,"text":"s"},"endToken":{"kind":94,"text":"s"}},"name":{"!":"com.github.javaparser.ast.expr.SimpleName","range":{"beginLine":19,"beginColumn":3,"endLine":19,"endColumn":3},"tokenRange":{"beginToken":{"kind":94,"text":"s"},"endToken":{"kind":94,"text":"s"}},"identifier":"s"}},"value":{"!":"com.github.javaparser.ast.expr.MethodCallExpr","range":{"beginLine":19,"beginColumn":7,"endLine":19,"endColumn":19},"tokenRange":{"beginToken":{"kind":94,"text":"openSession"},"endToken":{"kind":98,"text":")"}},"arguments":[],"name":{"!":"com.github.javaparser.ast.expr.SimpleName","range":{"beginLine":19,"beginColumn":7,"endLine":19,"endColumn":17},"tokenRange":{"beginToken":{"kind":94,"text":"openSession"},"endToken":{"kind":94,"text":"openSession"}},"identifier":"openSession"}}}},{"!":"com.github.javaparser.ast.stmt.ExpressionStmt","range":{"beginLine":20,"beginColumn":3,"endLine":20,"endColumn":23},"tokenRange":{"beginToken":{"kind":94,"text":"s"},"endToken":{"kind":103,"text":";"}},"expression":{"!":"com.github.javaparser.ast.expr.MethodCallExpr","range":{"beginLine":20,"beginColumn":3,"endLine":20,"endColumn":22},"tokenRange":{"beginToken":{"kind":94,"text":"s"},"endToken":{"kind":98,"text":")"}},"arguments":[],"name":{"!":"com.github.javaparser.ast.expr.SimpleName","range":{"beginLine":20,"beginColumn":5,"endLine":20,"endColumn":20},"tokenRange":{"beginToken":{"kind":94,"text":"beginTransaction"},"endToken":{"kind":94,"text":"beginTransaction"}},"identifier":"beginTransaction"},"scope":{"!":"com.github.javaparser.ast.expr.NameExpr","range":{"beginLine":20,"beginColumn":3,"endLine":20,"endColumn":3},"tokenRange":{"beginToken":{"kind":94,"text":"s"},"endToken":{"kind":94,"text":"s"}},"name":{"!":"com.github.javaparser.ast.expr.SimpleName","range":{"beginLine":20,"beginColumn":3,"endLine":20,"endColumn":3},"tokenRange":{"beginToken":{"kind":94,"text":"s"},"endToken":{"kind":94,"text":"s"}},"identifier":"s"}}}},{"!":"com.github.javaparser.ast.stmt.ExpressionStmt","range":{"beginLine":21,"beginColumn":3,"endLine":21,"endColumn":109},"tokenRange":{"beginToken":{"kind":94,"text":"s"},"endToken":{"kind":103,"text":";"}},"expression":{"!":"com.github.javaparser.ast.expr.MethodCallExpr","range":{"beginLine":21,"beginColumn":3,"endLine":21,"endColumn":108},"tokenRange":{"beginToken":{"kind":94,"text":"s"},"endToken":{"kind":98,"text":")"}},"arguments":[],"name":{"!":"com.github.javaparser.ast.expr.SimpleName","range":{"beginLine":21,"beginColumn":103,"endLine":21,"endColumn":106},"tokenRange":{"beginToken":{"kind":94,"text":"list"},"endToken":{"kind":94,"text":"list"}},"identifier":"list"},"scope":{"!":"com.github.javaparser.ast.expr.MethodCallExpr","range":{"beginLine":21,"beginColumn":3,"endLine":21,"endColumn":101},"tokenRange":{"beginToken":{"kind":94,"text":"s"},"endToken":{"kind":98,"text":")"}},"arguments":[{"!":"com.github.javaparser.ast.expr.StringLiteralExpr","range":{"beginLine":21,"beginColumn":18,"endLine":21,"endColumn":99},"tokenRange":{"beginToken":{"kind":90,"text":"\"from Baz baz join baz.fooSet foo join foo.foo.foo foo2 where foo2.string = 'foo'\""},"endToken":{"kind":90,"text":"\"from Baz baz join baz.fooSet foo join foo.foo.foo foo2 where foo2.string = 'foo'\""}},"value":"from Baz baz join baz.fooSet foo join foo.foo.foo foo2 where foo2.string = 'foo'"}],"name":{"!":"com.github.javaparser.ast.expr.SimpleName","range":{"beginLine":21,"beginColumn":5,"endLine":21,"endColumn":15},"tokenRange":{"beginToken":{"kind":94,"text":"createQuery"},"endToken":{"kind":94,"text":"createQuery"}},"identifier":"createQuery"},"scope":{"!":"com.github.javaparser.ast.expr.NameExpr","range":{"beginLine":21,"beginColumn":3,"endLine":21,"endColumn":3},"tokenRange":{"beginToken":{"kind":94,"text":"s"},"endToken":{"kind":94,"text":"s"}},"name":{"!":"com.github.javaparser.ast.expr.SimpleName","range":{"beginLine":21,"beginColumn":3,"endLine":21,"endColumn":3},"tokenRange":{"beginToken":{"kind":94,"text":"s"},"endToken":{"kind":94,"text":"s"}},"identifier":"s"}}}}},{"!":"com.github.javaparser.ast.stmt.ExpressionStmt","range":{"beginLine":22,"beginColumn":3,"endLine":22,"endColumn":111},"tokenRange":{"beginToken":{"kind":94,"text":"s"},"endToken":{"kind":103,"text":";"}},"expression":{"!":"com.github.javaparser.ast.expr.MethodCallExpr","range":{"beginLine":22,"beginColumn":3,"endLine":22,"endColumn":110},"tokenRange":{"beginToken":{"kind":94,"text":"s"},"endToken":{"kind":98,"text":")"}},"arguments":[],"name":{"!":"com.github.javaparser.ast.expr.SimpleName","range":{"beginLine":22,"beginColumn":105,"endLine":22,"endColumn":108},"tokenRange":{"beginToken":{"kind":94,"text":"list"},"endToken":{"kind":94,"text":"list"}},"identifier":"list"},"scope":{"!":"com.github.javaparser.ast.expr.MethodCallExpr","range":{"beginLine":22,"beginColumn":3,"endLine":22,"endColumn":103},"tokenRange":{"beginToken":{"kind":94,"text":"s"},"endToken":{"kind":98,"text":")"}},"arguments":[{"!":"com.github.javaparser.ast.expr.StringLiteralExpr","range":{"beginLine":22,"beginColumn":18,"endLine":22,"endColumn":101},"tokenRange":{"beginToken":{"kind":90,"text":"\"from Baz baz join baz.fooArray foo join foo.foo.foo foo2 where foo2.string = 'foo'\""},"endToken":{"kind":90,"text":"\"from Baz baz join baz.fooArray foo join foo.foo.foo foo2 where foo2.string = 'foo'\""}},"value":"from Baz baz join baz.fooArray foo join foo.foo.foo foo2 where foo2.string = 'foo'"}],"name":{"!":"com.github.javaparser.ast.expr.SimpleName","range":{"beginLine":22,"beginColumn":5,"endLine":22,"endColumn":15},"tokenRange":{"beginToken":{"kind":94,"text":"createQuery"},"endToken":{"kind":94,"text":"createQuery"}},"identifier":"createQuery"},"scope":{"!":"com.github.javaparser.ast.expr.NameExpr","range":{"beginLine":22,"beginColumn":3,"endLine":22,"endColumn":3},"tokenRange":{"beginToken":{"kind":94,"text":"s"},"endToken":{"kind":94,"text":"s"}},"name":{"!":"com.github.javaparser.ast.expr.SimpleName","range":{"beginLine":22,"beginColumn":3,"endLine":22,"endColumn":3},"tokenRange":{"beginToken":{"kind":94,"text":"s"},"endToken":{"kind":94,"text":"s"}},"identifier":"s"}}}}},{"!":"com.github.javaparser.ast.stmt.ExpressionStmt","range":{"beginLine":23,"beginColumn":3,"endLine":23,"endColumn":95},"tokenRange":{"beginToken":{"kind":94,"text":"s"},"endToken":{"kind":103,"text":";"}},"expression":{"!":"com.github.javaparser.ast.expr.MethodCallExpr","range":{"beginLine":23,"beginColumn":3,"endLine":23,"endColumn":94},"tokenRange":{"beginToken":{"kind":94,"text":"s"},"endToken":{"kind":98,"text":")"}},"arguments":[],"name":{"!":"com.github.javaparser.ast.expr.SimpleName","range":{"beginLine":23,"beginColumn":89,"endLine":23,"endColumn":92},"tokenRange":{"beginToken":{"kind":94,"text":"list"},"endToken":{"kind":94,"text":"list"}},"identifier":"list"},"scope":{"!":"com.github.javaparser.ast.expr.MethodCallExpr","range":{"beginLine":23,"beginColumn":3,"endLine":23,"endColumn":87},"tokenRange":{"beginToken":{"kind":94,"text":"s"},"endToken":{"kind":98,"text":")"}},"arguments":[{"!":"com.github.javaparser.ast.expr.StringLiteralExpr","range":{"beginLine":23,"beginColumn":18,"endLine":23,"endColumn":85},"tokenRange":{"beginToken":{"kind":90,"text":"\"from Baz baz join baz.stringDateMap date where index(date) = 'foo'\""},"endToken":{"kind":90,"text":"\"from Baz baz join baz.stringDateMap date where index(date) = 'foo'\""}},"value":"from Baz baz join baz.stringDateMap date where index(date) = 'foo'"}],"name":{"!":"com.github.javaparser.ast.expr.SimpleName","range":{"beginLine":23,"beginColumn":5,"endLine":23,"endColumn":15},"tokenRange":{"beginToken":{"kind":94,"text":"createQuery"},"endToken":{"kind":94,"text":"createQuery"}},"identifier":"createQuery"},"scope":{"!":"com.github.javaparser.ast.expr.NameExpr","range":{"beginLine":23,"beginColumn":3,"endLine":23,"endColumn":3},"tokenRange":{"beginToken":{"kind":94,"text":"s"},"endToken":{"kind":94,"text":"s"}},"name":{"!":"com.github.javaparser.ast.expr.SimpleName","range":{"beginLine":23,"beginColumn":3,"endLine":23,"endColumn":3},"tokenRange":{"beginToken":{"kind":94,"text":"s"},"endToken":{"kind":94,"text":"s"}},"identifier":"s"}}}}},{"!":"com.github.javaparser.ast.stmt.ExpressionStmt","range":{"beginLine":24,"beginColumn":3,"endLine":24,"endColumn":85},"tokenRange":{"beginToken":{"kind":94,"text":"s"},"endToken":{"kind":103,"text":";"}},"expression":{"!":"com.github.javaparser.ast.expr.MethodCallExpr","range":{"beginLine":24,"beginColumn":3,"endLine":24,"endColumn":84},"tokenRange":{"beginToken":{"kind":94,"text":"s"},"endToken":{"kind":98,"text":")"}},"arguments":[],"name":{"!":"com.github.javaparser.ast.expr.SimpleName","range":{"beginLine":24,"beginColumn":79,"endLine":24,"endColumn":82},"tokenRange":{"beginToken":{"kind":94,"text":"list"},"endToken":{"kind":94,"text":"list"}},"identifier":"list"},"scope":{"!":"com.github.javaparser.ast.expr.MethodCallExpr","range":{"beginLine":24,"beginColumn":3,"endLine":24,"endColumn":77},"tokenRange":{"beginToken":{"kind":94,"text":"s"},"endToken":{"kind":98,"text":")"}},"arguments":[{"!":"com.github.javaparser.ast.expr.StringLiteralExpr","range":{"beginLine":24,"beginColumn":18,"endLine":24,"endColumn":75},"tokenRange":{"beginToken":{"kind":90,"text":"\"from Baz baz join baz.topGlarchez g where index(g) = 'A'\""},"endToken":{"kind":90,"text":"\"from Baz baz join baz.topGlarchez g where index(g) = 'A'\""}},"value":"from Baz baz join baz.topGlarchez g where index(g) = 'A'"}],"name":{"!":"com.github.javaparser.ast.expr.SimpleName","range":{"beginLine":24,"beginColumn":5,"endLine":24,"endColumn":15},"tokenRange":{"beginToken":{"kind":94,"text":"createQuery"},"endToken":{"kind":94,"text":"createQuery"}},"identifier":"createQuery"},"scope":{"!":"com.github.javaparser.ast.expr.NameExpr","range":{"beginLine":24,"beginColumn":3,"endLine":24,"endColumn":3},"tokenRange":{"beginToken":{"kind":94,"text":"s"},"endToken":{"kind":94,"text":"s"}},"name":{"!":"com.github.javaparser.ast.expr.SimpleName","range":{"beginLine":24,"beginColumn":3,"endLine":24,"endColumn":3},"tokenRange":{"beginToken":{"kind":94,"text":"s"},"endToken":{"kind":94,"text":"s"}},"identifier":"s"}}}}},{"!":"com.github.javaparser.ast.stmt.ExpressionStmt","range":{"beginLine":25,"beginColumn":3,"endLine":25,"endColumn":80},"tokenRange":{"beginToken":{"kind":94,"text":"s"},"endToken":{"kind":103,"text":";"}},"expression":{"!":"com.github.javaparser.ast.expr.MethodCallExpr","range":{"beginLine":25,"beginColumn":3,"endLine":25,"endColumn":79},"tokenRange":{"beginToken":{"kind":94,"text":"s"},"endToken":{"kind":98,"text":")"}},"arguments":[],"name":{"!":"com.github.javaparser.ast.expr.SimpleName","range":{"beginLine":25,"beginColumn":74,"endLine":25,"endColumn":77},"tokenRange":{"beginToken":{"kind":94,"text":"list"},"endToken":{"kind":94,"text":"list"}},"identifier":"list"},"scope":{"!":"com.github.javaparser.ast.expr.MethodCallExpr","range":{"beginLine":25,"beginColumn":3,"endLine":25,"endColumn":72},"tokenRange":{"beginToken":{"kind":94,"text":"s"},"endToken":{"kind":98,"text":")"}},"arguments":[{"!":"com.github.javaparser.ast.expr.StringLiteralExpr","range":{"beginLine":25,"beginColumn":18,"endLine":25,"endColumn":70},"tokenRange":{"beginToken":{"kind":90,"text":"\"select index(g) from Baz baz join baz.topGlarchez g\""},"endToken":{"kind":90,"text":"\"select index(g) from Baz baz join baz.topGlarchez g\""}},"value":"select index(g) from Baz baz join baz.topGlarchez g"}],"name":{"!":"com.github.javaparser.ast.expr.SimpleName","range":{"beginLine":25,"beginColumn":5,"endLine":25,"endColumn":15},"tokenRange":{"beginToken":{"kind":94,"text":"createQuery"},"endToken":{"kind":94,"text":"createQuery"}},"identifier":"createQuery"},"scope":{"!":"com.github.javaparser.ast.expr.NameExpr","range":{"beginLine":25,"beginColumn":3,"endLine":25,"endColumn":3},"tokenRange":{"beginToken":{"kind":94,"text":"s"},"endToken":{"kind":94,"text":"s"}},"name":{"!":"com.github.javaparser.ast.expr.SimpleName","range":{"beginLine":25,"beginColumn":3,"endLine":25,"endColumn":3},"tokenRange":{"beginToken":{"kind":94,"text":"s"},"endToken":{"kind":94,"text":"s"}},"identifier":"s"}}}}},{"!":"com.github.javaparser.ast.stmt.ExpressionStmt","range":{"beginLine":27,"beginColumn":3,"endLine":27,"endColumn":89},"tokenRange":{"beginToken":{"kind":94,"text":"assertTrue"},"endToken":{"kind":103,"text":";"}},"expression":{"!":"com.github.javaparser.ast.expr.MethodCallExpr","range":{"beginLine":27,"beginColumn":3,"endLine":27,"endColumn":88},"tokenRange":{"beginToken":{"kind":94,"text":"assertTrue"},"endToken":{"kind":98,"text":")"}},"arguments":[{"!":"com.github.javaparser.ast.expr.BinaryExpr","range":{"beginLine":27,"beginColumn":15,"endLine":27,"endColumn":86},"tokenRange":{"beginToken":{"kind":94,"text":"s"},"endToken":{"kind":77,"text":"3"}},"left":{"!":"com.github.javaparser.ast.expr.MethodCallExpr","range":{"beginLine":27,"beginColumn":15,"endLine":27,"endColumn":83},"tokenRange":{"beginToken":{"kind":94,"text":"s"},"endToken":{"kind":98,"text":")"}},"arguments":[],"name":{"!":"com.github.javaparser.ast.expr.SimpleName","range":{"beginLine":27,"beginColumn":78,"endLine":27,"endColumn":81},"tokenRange":{"beginToken":{"kind":94,"text":"size"},"endToken":{"kind":94,"text":"size"}},"identifier":"size"},"scope":{"!":"com.github.javaparser.ast.expr.MethodCallExpr","range":{"beginLine":27,"beginColumn":15,"endLine":27,"endColumn":76},"tokenRange":{"beginToken":{"kind":94,"text":"s"},"endToken":{"kind":98,"text":")"}},"arguments":[],"name":{"!":"com.github.javaparser.ast.expr.SimpleName","range":{"beginLine":27,"beginColumn":71,"endLine":27,"endColumn":74},"tokenRange":{"beginToken":{"kind":94,"text":"list"},"endToken":{"kind":94,"text":"list"}},"identifier":"list"},"scope":{"!":"com.github.javaparser.ast.expr.MethodCallExpr","range":{"beginLine":27,"beginColumn":15,"endLine":27,"endColumn":69},"tokenRange":{"beginToken":{"kind":94,"text":"s"},"endToken":{"kind":98,"text":")"}},"arguments":[{"!":"com.github.javaparser.ast.expr.StringLiteralExpr","range":{"beginLine":27,"beginColumn":30,"endLine":27,"endColumn":67},"tokenRange":{"beginToken":{"kind":90,"text":"\"from Baz baz left join baz.stringSet\""},"endToken":{"kind":90,"text":"\"from Baz baz left join baz.stringSet\""}},"value":"from Baz baz left join baz.stringSet"}],"name":{"!":"com.github.javaparser.ast.expr.SimpleName","range":{"beginLine":27,"beginColumn":17,"endLine":27,"endColumn":27},"tokenRange":{"beginToken":{"kind":94,"text":"createQuery"},"endToken":{"kind":94,"text":"createQuery"}},"identifier":"createQuery"},"scope":{"!":"com.github.javaparser.ast.expr.NameExpr","range":{"beginLine":27,"beginColumn":15,"endLine":27,"endColumn":15},"tokenRange":{"beginToken":{"kind":94,"text":"s"},"endToken":{"kind":94,"text":"s"}},"name":{"!":"com.github.javaparser.ast.expr.SimpleName","range":{"beginLine":27,"beginColumn":15,"endLine":27,"endColumn":15},"tokenRange":{"beginToken":{"kind":94,"text":"s"},"endToken":{"kind":94,"text":"s"}},"identifier":"s"}}}}},"operator":"EQUALS","right":{"!":"com.github.javaparser.ast.expr.IntegerLiteralExpr","range":{"beginLine":27,"beginColumn":86,"endLine":27,"endColumn":86},"tokenRange":{"beginToken":{"kind":77,"text":"3"},"endToken":{"kind":77,"text":"3"}},"value":"3"}}],"name":{"!":"com.github.javaparser.ast.expr.SimpleName","range":{"beginLine":27,"beginColumn":3,"endLine":27,"endColumn":12},"tokenRange":{"beginToken":{"kind":94,"text":"assertTrue"},"endToken":{"kind":94,"text":"assertTrue"}},"identifier":"assertTrue"}}},{"!":"com.github.javaparser.ast.stmt.ExpressionStmt","range":{"beginLine":28,"beginColumn":3,"endLine":28,"endColumn":99},"tokenRange":{"beginToken":{"kind":94,"text":"baz"},"endToken":{"kind":103,"text":";"}},"expression":{"!":"com.github.javaparser.ast.expr.AssignExpr","range":{"beginLine":28,"beginColumn":3,"endLine":28,"endColumn":98},"tokenRange":{"beginToken":{"kind":94,"text":"baz"},"endToken":{"kind":98,"text":")"}},"operator":"ASSIGN","target":{"!":"com.github.javaparser.ast.expr.NameExpr","range":{"beginLine":28,"beginColumn":3,"endLine":28,"endColumn":5},"tokenRange":{"beginToken":{"kind":94,"text":"baz"},"endToken":{"kind":94,"text":"baz"}},"name":{"!":"com.github.javaparser.ast.expr.SimpleName","range":{"beginLine":28,"beginColumn":3,"endLine":28,"endColumn":5},"tokenRange":{"beginToken":{"kind":94,"text":"baz"},"endToken":{"kind":94,"text":"baz"}},"identifier":"baz"}},"value":{"!":"com.github.javaparser.ast.expr.CastExpr","range":{"beginLine":28,"beginColumn":9,"endLine":28,"endColumn":98},"tokenRange":{"beginToken":{"kind":97,"text":"("},"endToken":{"kind":98,"text":")"}},"expression":{"!":"com.github.javaparser.ast.expr.MethodCallExpr","range":{"beginLine":28,"beginColumn":15,"endLine":28,"endColumn":98},"tokenRange":{"beginToken":{"kind":94,"text":"s"},"endToken":{"kind":98,"text":")"}},"arguments":[{"!":"com.github.javaparser.ast.expr.IntegerLiteralExpr","range":{"beginLine":28,"beginColumn":97,"endLine":28,"endColumn":97},"tokenRange":{"beginToken":{"kind":77,"text":"0"},"endToken":{"kind":77,"text":"0"}},"value":"0"}],"name":{"!":"com.github.javaparser.ast.expr.SimpleName","range":{"beginLine":28,"beginColumn":93,"endLine":28,"endColumn":95},"tokenRange":{"beginToken":{"kind":94,"text":"get"},"endToken":{"kind":94,"text":"get"}},"identifier":"get"},"scope":{"!":"com.github.javaparser.ast.expr.MethodCallExpr","range":{"beginLine":28,"beginColumn":15,"endLine":28,"endColumn":91},"tokenRange":{"beginToken":{"kind":94,"text":"s"},"endToken":{"kind":98,"text":")"}},"arguments":[],"name":{"!":"com.github.javaparser.ast.expr.SimpleName","range":{"beginLine":28,"beginColumn":86,"endLine":28,"endColumn":89},"tokenRange":{"beginToken":{"kind":94,"text":"list"},"endToken":{"kind":94,"text":"list"}},"identifier":"list"},"scope":{"!":"com.github.javaparser.ast.expr.MethodCallExpr","range":{"beginLine":28,"beginColumn":15,"endLine":28,"endColumn":84},"tokenRange":{"beginToken":{"kind":94,"text":"s"},"endToken":{"kind":98,"text":")"}},"arguments":[{"!":"com.github.javaparser.ast.expr.StringLiteralExpr","range":{"beginLine":28,"beginColumn":30,"endLine":28,"endColumn":82},"tokenRange":{"beginToken":{"kind":90,"text":"\"from Baz baz join baz.stringSet str where str='foo'\""},"endToken":{"kind":90,"text":"\"from Baz baz join baz.stringSet str where str='foo'\""}},"value":"from Baz baz join baz.stringSet str where str='foo'"}],"name":{"!":"com.github.javaparser.ast.expr.SimpleName","range":{"beginLine":28,"beginColumn":17,"endLine":28,"endColumn":27},"tokenRange":{"beginToken":{"kind":94,"text":"createQuery"},"endToken":{"kind":94,"text":"createQuery"}},"identifier":"createQuery"},"scope":{"!":"com.github.javaparser.ast.expr.NameExpr","range":{"beginLine":28,"beginColumn":15,"endLine":28,"endColumn":15},"tokenRange":{"beginToken":{"kind":94,"text":"s"},"endToken":{"kind":94,"text":"s"}},"name":{"!":"com.github.javaparser.ast.expr.SimpleName","range":{"beginLine":28,"beginColumn":15,"endLine":28,"endColumn":15},"tokenRange":{"beginToken":{"kind":94,"text":"s"},"endToken":{"kind":94,"text":"s"}},"identifier":"s"}}}}},"type":{"!":"com.github.javaparser.ast.type.ClassOrInterfaceType","range":{"beginLine":28,"beginColumn":10,"endLine":28,"endColumn":12},"tokenRange":{"beginToken":{"kind":94,"text":"Baz"},"endToken":{"kind":94,"text":"Baz"}},"name":{"!":"com.github.javaparser.ast.expr.SimpleName","range":{"beginLine":28,"beginColumn":10,"endLine":28,"endColumn":12},"tokenRange":{"beginToken":{"kind":94,"text":"Baz"},"endToken":{"kind":94,"text":"Baz"}},"identifier":"Baz"},"annotations":[]}}}},{"!":"com.github.javaparser.ast.stmt.ExpressionStmt","range":{"beginLine":29,"beginColumn":3,"endLine":29,"endColumn":63},"tokenRange":{"beginToken":{"kind":94,"text":"assertTrue"},"endToken":{"kind":103,"text":";"}},"expression":{"!":"com.github.javaparser.ast.expr.MethodCallExpr","range":{"beginLine":29,"beginColumn":3,"endLine":29,"endColumn":62},"tokenRange":{"beginToken":{"kind":94,"text":"assertTrue"},"endToken":{"kind":98,"text":")"}},"arguments":[{"!":"com.github.javaparser.ast.expr.UnaryExpr","range":{"beginLine":29,"beginColumn":15,"endLine":29,"endColumn":60},"tokenRange":{"beginToken":{"kind":111,"text":"!"},"endToken":{"kind":98,"text":")"}},"expression":{"!":"com.github.javaparser.ast.expr.MethodCallExpr","range":{"beginLine":29,"beginColumn":16,"endLine":29,"endColumn":60},"tokenRange":{"beginToken":{"kind":94,"text":"Hibernate"},"endToken":{"kind":98,"text":")"}},"arguments":[{"!":"com.github.javaparser.ast.expr.MethodCallExpr","range":{"beginLine":29,"beginColumn":41,"endLine":29,"endColumn":58},"tokenRange":{"beginToken":{"kind":94,"text":"baz"},"endToken":{"kind":98,"text":")"}},"arguments":[],"name":{"!":"com.github.javaparser.ast.expr.SimpleName","range":{"beginLine":29,"beginColumn":45,"endLine":29,"endColumn":56},"tokenRange":{"beginToken":{"kind":94,"text":"getStringSet"},"endToken":{"kind":94,"text":"getStringSet"}},"identifier":"getStringSet"},"scope":{"!":"com.github.javaparser.ast.expr.NameExpr","range":{"beginLine":29,"beginColumn":41,"endLine":29,"endColumn":43},"tokenRange":{"beginToken":{"kind":94,"text":"baz"},"endToken":{"kind":94,"text":"baz"}},"name":{"!":"com.github.javaparser.ast.expr.SimpleName","range":{"beginLine":29,"beginColumn":41,"endLine":29,"endColumn":43},"tokenRange":{"beginToken":{"kind":94,"text":"baz"},"endToken":{"kind":94,"text":"baz"}},"identifier":"baz"}}}],"name":{"!":"com.github.javaparser.ast.expr.SimpleName","range":{"beginLine":29,"beginColumn":26,"endLine":29,"endColumn":38},"tokenRange":{"beginToken":{"kind":94,"text":"isInitialized"},"endToken":{"kind":94,"text":"isInitialized"}},"identifier":"isInitialized"},"scope":{"!":"com.github.javaparser.ast.expr.NameExpr","range":{"beginLine":29,"beginColumn":16,"endLine":29,"endColumn":24},"tokenRange":{"beginToken":{"kind":94,"text":"Hibernate"},"endToken":{"kind":94,"text":"Hibernate"}},"name":{"!":"com.github.javaparser.ast.expr.SimpleName","range":{"beginLine":29,"beginColumn":16,"endLine":29,"endColumn":24},"tokenRange":{"beginToken":{"kind":94,"text":"Hibernate"},"endToken":{"kind":94,"text":"Hibernate"}},"identifier":"Hibernate"}}},"operator":"LOGICAL_COMPLEMENT"}],"name":{"!":"com.github.javaparser.ast.expr.SimpleName","range":{"beginLine":29,"beginColumn":3,"endLine":29,"endColumn":12},"tokenRange":{"beginToken":{"kind":94,"text":"assertTrue"},"endToken":{"kind":94,"text":"assertTrue"}},"identifier":"assertTrue"}}},{"!":"com.github.javaparser.ast.stmt.ExpressionStmt","range":{"beginLine":30,"beginColumn":3,"endLine":30,"endColumn":90},"tokenRange":{"beginToken":{"kind":94,"text":"baz"},"endToken":{"kind":103,"text":";"}},"expression":{"!":"com.github.javaparser.ast.expr.AssignExpr","range":{"beginLine":30,"beginColumn":3,"endLine":30,"endColumn":89},"tokenRange":{"beginToken":{"kind":94,"text":"baz"},"endToken":{"kind":98,"text":")"}},"operator":"ASSIGN","target":{"!":"com.github.javaparser.ast.expr.NameExpr","range":{"beginLine":30,"beginColumn":3,"endLine":30,"endColumn":5},"tokenRange":{"beginToken":{"kind":94,"text":"baz"},"endToken":{"kind":94,"text":"baz"}},"name":{"!":"com.github.javaparser.ast.expr.SimpleName","range":{"beginLine":30,"beginColumn":3,"endLine":30,"endColumn":5},"tokenRange":{"beginToken":{"kind":94,"text":"baz"},"endToken":{"kind":94,"text":"baz"}},"identifier":"baz"}},"value":{"!":"com.github.javaparser.ast.expr.CastExpr","range":{"beginLine":30,"beginColumn":9,"endLine":30,"endColumn":89},"tokenRange":{"beginToken":{"kind":97,"text":"("},"endToken":{"kind":98,"text":")"}},"expression":{"!":"com.github.javaparser.ast.expr.MethodCallExpr","range":{"beginLine":30,"beginColumn":15,"endLine":30,"endColumn":89},"tokenRange":{"beginToken":{"kind":94,"text":"s"},"endToken":{"kind":98,"text":")"}},"arguments":[{"!":"com.github.javaparser.ast.expr.IntegerLiteralExpr","range":{"beginLine":30,"beginColumn":88,"endLine":30,"endColumn":88},"tokenRange":{"beginToken":{"kind":77,"text":"0"},"endToken":{"kind":77,"text":"0"}},"value":"0"}],"name":{"!":"com.github.javaparser.ast.expr.SimpleName","range":{"beginLine":30,"beginColumn":84,"endLine":30,"endColumn":86},"tokenRange":{"beginToken":{"kind":94,"text":"get"},"endToken":{"kind":94,"text":"get"}},"identifier":"get"},"scope":{"!":"com.github.javaparser.ast.expr.MethodCallExpr","range":{"beginLine":30,"beginColumn":15,"endLine":30,"endColumn":82},"tokenRange":{"beginToken":{"kind":94,"text":"s"},"endToken":{"kind":98,"text":")"}},"arguments":[],"name":{"!":"com.github.javaparser.ast.expr.SimpleName","range":{"beginLine":30,"beginColumn":77,"endLine":30,"endColumn":80},"tokenRange":{"beginToken":{"kind":94,"text":"list"},"endToken":{"kind":94,"text":"list"}},"identifier":"list"},"scope":{"!":"com.github.javaparser.ast.expr.MethodCallExpr","range":{"beginLine":30,"beginColumn":15,"endLine":30,"endColumn":75},"tokenRange":{"beginToken":{"kind":94,"text":"s"},"endToken":{"kind":98,"text":")"}},"arguments":[{"!":"com.github.javaparser.ast.expr.StringLiteralExpr","range":{"beginLine":30,"beginColumn":30,"endLine":30,"endColumn":73},"tokenRange":{"beginToken":{"kind":90,"text":"\"from Baz baz left join fetch baz.stringSet\""},"endToken":{"kind":90,"text":"\"from Baz baz left join fetch baz.stringSet\""}},"value":"from Baz baz left join fetch baz.stringSet"}],"name":{"!":"com.github.javaparser.ast.expr.SimpleName","range":{"beginLine":30,"beginColumn":17,"endLine":30,"endColumn":27},"tokenRange":{"beginToken":{"kind":94,"text":"createQuery"},"endToken":{"kind":94,"text":"createQuery"}},"identifier":"createQuery"},"scope":{"!":"com.github.javaparser.ast.expr.NameExpr","range":{"beginLine":30,"beginColumn":15,"endLine":30,"endColumn":15},"tokenRange":{"beginToken":{"kind":94,"text":"s"},"endToken":{"kind":94,"text":"s"}},"name":{"!":"com.github.javaparser.ast.expr.SimpleName","range":{"beginLine":30,"beginColumn":15,"endLine":30,"endColumn":15},"tokenRange":{"beginToken":{"kind":94,"text":"s"},"endToken":{"kind":94,"text":"s"}},"identifier":"s"}}}}},"type":{"!":"com.github.javaparser.ast.type.ClassOrInterfaceType","range":{"beginLine":30,"beginColumn":10,"endLine":30,"endColumn":12},"tokenRange":{"beginToken":{"kind":94,"text":"Baz"},"endToken":{"kind":94,"text":"Baz"}},"name":{"!":"com.github.javaparser.ast.expr.SimpleName","range":{"beginLine":30,"beginColumn":10,"endLine":30,"endColumn":12},"tokenRange":{"beginToken":{"kind":94,"text":"Baz"},"endToken":{"kind":94,"text":"Baz"}},"identifier":"Baz"},"annotations":[]}}}},{"!":"com.github.javaparser.ast.stmt.ExpressionStmt","range":{"beginLine":31,"beginColumn":3,"endLine":31,"endColumn":62},"tokenRange":{"beginToken":{"kind":94,"text":"assertTrue"},"endToken":{"kind":103,"text":";"}},"expression":{"!":"com.github.javaparser.ast.expr.MethodCallExpr","range":{"beginLine":31,"beginColumn":3,"endLine":31,"endColumn":61},"tokenRange":{"beginToken":{"kind":94,"text":"assertTrue"},"endToken":{"kind":98,"text":")"}},"arguments":[{"!":"com.github.javaparser.ast.expr.MethodCallExpr","range":{"beginLine":31,"beginColumn":15,"endLine":31,"endColumn":59},"tokenRange":{"beginToken":{"kind":94,"text":"Hibernate"},"endToken":{"kind":98,"text":")"}},"arguments":[{"!":"com.github.javaparser.ast.expr.MethodCallExpr","range":{"beginLine":31,"beginColumn":40,"endLine":31,"endColumn":57},"tokenRange":{"beginToken":{"kind":94,"text":"baz"},"endToken":{"kind":98,"text":")"}},"arguments":[],"name":{"!":"com.github.javaparser.ast.expr.SimpleName","range":{"beginLine":31,"beginColumn":44,"endLine":31,"endColumn":55},"tokenRange":{"beginToken":{"kind":94,"text":"getStringSet"},"endToken":{"kind":94,"text":"getStringSet"}},"identifier":"getStringSet"},"scope":{"!":"com.github.javaparser.ast.expr.NameExpr","range":{"beginLine":31,"beginColumn":40,"endLine":31,"endColumn":42},"tokenRange":{"beginToken":{"kind":94,"text":"baz"},"endToken":{"kind":94,"text":"baz"}},"name":{"!":"com.github.javaparser.ast.expr.SimpleName","range":{"beginLine":31,"beginColumn":40,"endLine":31,"endColumn":42},"tokenRange":{"beginToken":{"kind":94,"text":"baz"},"endToken":{"kind":94,"text":"baz"}},"identifier":"baz"}}}],"name":{"!":"com.github.javaparser.ast.expr.SimpleName","range":{"beginLine":31,"beginColumn":25,"endLine":31,"endColumn":37},"tokenRange":{"beginToken":{"kind":94,"text":"isInitialized"},"endToken":{"kind":94,"text":"isInitialized"}},"identifier":"isInitialized"},"scope":{"!":"com.github.javaparser.ast.expr.NameExpr","range":{"beginLine":31,"beginColumn":15,"endLine":31,"endColumn":23},"tokenRange":{"beginToken":{"kind":94,"text":"Hibernate"},"endToken":{"kind":94,"text":"Hibernate"}},"name":{"!":"com.github.javaparser.ast.expr.SimpleName","range":{"beginLine":31,"beginColumn":15,"endLine":31,"endColumn":23},"tokenRange":{"beginToken":{"kind":94,"text":"Hibernate"},"endToken":{"kind":94,"text":"Hibernate"}},"identifier":"Hibernate"}}}],"name":{"!":"com.github.javaparser.ast.expr.SimpleName","range":{"beginLine":31,"beginColumn":3,"endLine":31,"endColumn":12},"tokenRange":{"beginToken":{"kind":94,"text":"assertTrue"},"endToken":{"kind":94,"text":"assertTrue"}},"identifier":"assertTrue"}}},{"!":"com.github.javaparser.ast.stmt.ExpressionStmt","range":{"beginLine":32,"beginColumn":3,"endLine":32,"endColumn":110},"tokenRange":{"beginToken":{"kind":94,"text":"assertTrue"},"endToken":{"kind":103,"text":";"}},"expression":{"!":"com.github.javaparser.ast.expr.MethodCallExpr","range":{"beginLine":32,"beginColumn":3,"endLine":32,"endColumn":109},"tokenRange":{"beginToken":{"kind":94,"text":"assertTrue"},"endToken":{"kind":98,"text":")"}},"arguments":[{"!":"com.github.javaparser.ast.expr.BinaryExpr","range":{"beginLine":32,"beginColumn":15,"endLine":32,"endColumn":107},"tokenRange":{"beginToken":{"kind":94,"text":"s"},"endToken":{"kind":77,"text":"1"}},"left":{"!":"com.github.javaparser.ast.expr.MethodCallExpr","range":{"beginLine":32,"beginColumn":15,"endLine":32,"endColumn":104},"tokenRange":{"beginToken":{"kind":94,"text":"s"},"endToken":{"kind":98,"text":")"}},"arguments":[],"name":{"!":"com.github.javaparser.ast.expr.SimpleName","range":{"beginLine":32,"beginColumn":99,"endLine":32,"endColumn":102},"tokenRange":{"beginToken":{"kind":94,"text":"size"},"endToken":{"kind":94,"text":"size"}},"identifier":"size"},"scope":{"!":"com.github.javaparser.ast.expr.MethodCallExpr","range":{"beginLine":32,"beginColumn":15,"endLine":32,"endColumn":97},"tokenRange":{"beginToken":{"kind":94,"text":"s"},"endToken":{"kind":98,"text":")"}},"arguments":[],"name":{"!":"com.github.javaparser.ast.expr.SimpleName","range":{"beginLine":32,"beginColumn":92,"endLine":32,"endColumn":95},"tokenRange":{"beginToken":{"kind":94,"text":"list"},"endToken":{"kind":94,"text":"list"}},"identifier":"list"},"scope":{"!":"com.github.javaparser.ast.expr.MethodCallExpr","range":{"beginLine":32,"beginColumn":15,"endLine":32,"endColumn":90},"tokenRange":{"beginToken":{"kind":94,"text":"s"},"endToken":{"kind":98,"text":")"}},"arguments":[{"!":"com.github.javaparser.ast.expr.StringLiteralExpr","range":{"beginLine":32,"beginColumn":30,"endLine":32,"endColumn":88},"tokenRange":{"beginToken":{"kind":90,"text":"\"from Baz baz join baz.stringSet string where string='foo'\""},"endToken":{"kind":90,"text":"\"from Baz baz join baz.stringSet string where string='foo'\""}},"value":"from Baz baz join baz.stringSet string where string='foo'"}],"name":{"!":"com.github.javaparser.ast.expr.SimpleName","range":{"beginLine":32,"beginColumn":17,"endLine":32,"endColumn":27},"tokenRange":{"beginToken":{"kind":94,"text":"createQuery"},"endToken":{"kind":94,"text":"createQuery"}},"identifier":"createQuery"},"scope":{"!":"com.github.javaparser.ast.expr.NameExpr","range":{"beginLine":32,"beginColumn":15,"endLine":32,"endColumn":15},"tokenRange":{"beginToken":{"kind":94,"text":"s"},"endToken":{"kind":94,"text":"s"}},"name":{"!":"com.github.javaparser.ast.expr.SimpleName","range":{"beginLine":32,"beginColumn":15,"endLine":32,"endColumn":15},"tokenRange":{"beginToken":{"kind":94,"text":"s"},"endToken":{"kind":94,"text":"s"}},"identifier":"s"}}}}},"operator":"EQUALS","right":{"!":"com.github.javaparser.ast.expr.IntegerLiteralExpr","range":{"beginLine":32,"beginColumn":107,"endLine":32,"endColumn":107},"tokenRange":{"beginToken":{"kind":77,"text":"1"},"endToken":{"kind":77,"text":"1"}},"value":"1"}}],"name":{"!":"com.github.javaparser.ast.expr.SimpleName","range":{"beginLine":32,"beginColumn":3,"endLine":32,"endColumn":12},"tokenRange":{"beginToken":{"kind":94,"text":"assertTrue"},"endToken":{"kind":94,"text":"assertTrue"}},"identifier":"assertTrue"}}},{"!":"com.github.javaparser.ast.stmt.ExpressionStmt","range":{"beginLine":33,"beginColumn":3,"endLine":33,"endColumn":118},"tokenRange":{"beginToken":{"kind":94,"text":"assertTrue"},"endToken":{"kind":103,"text":";"}},"expression":{"!":"com.github.javaparser.ast.expr.MethodCallExpr","range":{"beginLine":33,"beginColumn":3,"endLine":33,"endColumn":117},"tokenRange":{"beginToken":{"kind":94,"text":"assertTrue"},"endToken":{"kind":98,"text":")"}},"arguments":[{"!":"com.github.javaparser.ast.expr.BinaryExpr","range":{"beginLine":33,"beginColumn":15,"endLine":33,"endColumn":115},"tokenRange":{"beginToken":{"kind":94,"text":"s"},"endToken":{"kind":77,"text":"1"}},"left":{"!":"com.github.javaparser.ast.expr.MethodCallExpr","range":{"beginLine":33,"beginColumn":15,"endLine":33,"endColumn":112},"tokenRange":{"beginToken":{"kind":94,"text":"s"},"endToken":{"kind":98,"text":")"}},"arguments":[],"name":{"!":"com.github.javaparser.ast.expr.SimpleName","range":{"beginLine":33,"beginColumn":107,"endLine":33,"endColumn":110},"tokenRange":{"beginToken":{"kind":94,"text":"size"},"endToken":{"kind":94,"text":"size"}},"identifier":"size"},"scope":{"!":"com.github.javaparser.ast.expr.MethodCallExpr","range":{"beginLine":33,"beginColumn":15,"endLine":33,"endColumn":105},"tokenRange":{"beginToken":{"kind":94,"text":"s"},"endToken":{"kind":98,"text":")"}},"arguments":[],"name":{"!":"com.github.javaparser.ast.expr.SimpleName","range":{"beginLine":33,"beginColumn":100,"endLine":33,"endColumn":103},"tokenRange":{"beginToken":{"kind":94,"text":"list"},"endToken":{"kind":94,"text":"list"}},"identifier":"list"},"scope":{"!":"com.github.javaparser.ast.expr.MethodCallExpr","range":{"beginLine":33,"beginColumn":15,"endLine":33,"endColumn":98},"tokenRange":{"beginToken":{"kind":94,"text":"s"},"endToken":{"kind":98,"text":")"}},"arguments":[{"!":"com.github.javaparser.ast.expr.StringLiteralExpr","range":{"beginLine":33,"beginColumn":30,"endLine":33,"endColumn":96},"tokenRange":{"beginToken":{"kind":90,"text":"\"from Baz baz inner join baz.components comp where comp.name='foo'\""},"endToken":{"kind":90,"text":"\"from Baz baz inner join baz.components comp where comp.name='foo'\""}},"value":"from Baz baz inner join baz.components comp where comp.name='foo'"}],"name":{"!":"com.github.javaparser.ast.expr.SimpleName","range":{"beginLine":33,"beginColumn":17,"endLine":33,"endColumn":27},"tokenRange":{"beginToken":{"kind":94,"text":"createQuery"},"endToken":{"kind":94,"text":"createQuery"}},"identifier":"createQuery"},"scope":{"!":"com.github.javaparser.ast.expr.NameExpr","range":{"beginLine":33,"beginColumn":15,"endLine":33,"endColumn":15},"tokenRange":{"beginToken":{"kind":94,"text":"s"},"endToken":{"kind":94,"text":"s"}},"name":{"!":"com.github.javaparser.ast.expr.SimpleName","range":{"beginLine":33,"beginColumn":15,"endLine":33,"endColumn":15},"tokenRange":{"beginToken":{"kind":94,"text":"s"},"endToken":{"kind":94,"text":"s"}},"identifier":"s"}}}}},"operator":"EQUALS","right":{"!":"com.github.javaparser.ast.expr.IntegerLiteralExpr","range":{"beginLine":33,"beginColumn":115,"endLine":33,"endColumn":115},"tokenRange":{"beginToken":{"kind":77,"text":"1"},"endToken":{"kind":77,"text":"1"}},"value":"1"}}],"name":{"!":"com.github.javaparser.ast.expr.SimpleName","range":{"beginLine":33,"beginColumn":3,"endLine":33,"endColumn":12},"tokenRange":{"beginToken":{"kind":94,"text":"assertTrue"},"endToken":{"kind":94,"text":"assertTrue"}},"identifier":"assertTrue"}}},{"!":"com.github.javaparser.ast.stmt.ExpressionStmt","range":{"beginLine":35,"beginColumn":3,"endLine":35,"endColumn":101},"tokenRange":{"beginToken":{"kind":94,"text":"s"},"endToken":{"kind":103,"text":";"}},"expression":{"!":"com.github.javaparser.ast.expr.MethodCallExpr","range":{"beginLine":35,"beginColumn":3,"endLine":35,"endColumn":100},"tokenRange":{"beginToken":{"kind":94,"text":"s"},"endToken":{"kind":98,"text":")"}},"arguments":[],"name":{"!":"com.github.javaparser.ast.expr.SimpleName","range":{"beginLine":35,"beginColumn":95,"endLine":35,"endColumn":98},"tokenRange":{"beginToken":{"kind":94,"text":"list"},"endToken":{"kind":94,"text":"list"}},"identifier":"list"},"scope":{"!":"com.github.javaparser.ast.expr.MethodCallExpr","range":{"beginLine":35,"beginColumn":3,"endLine":35,"endColumn":93},"tokenRange":{"beginToken":{"kind":94,"text":"s"},"endToken":{"kind":98,"text":")"}},"arguments":[{"!":"com.github.javaparser.ast.expr.StringLiteralExpr","range":{"beginLine":35,"beginColumn":18,"endLine":35,"endColumn":91},"tokenRange":{"beginToken":{"kind":90,"text":"\"from Glarch g inner join g.fooComponents comp where comp.fee is not null\""},"endToken":{"kind":90,"text":"\"from Glarch g inner join g.fooComponents comp where comp.fee is not null\""}},"value":"from Glarch g inner join g.fooComponents comp where comp.fee is not null"}],"name":{"!":"com.github.javaparser.ast.expr.SimpleName","range":{"beginLine":35,"beginColumn":5,"endLine":35,"endColumn":15},"tokenRange":{"beginToken":{"kind":94,"text":"createQuery"},"endToken":{"kind":94,"text":"createQuery"}},"identifier":"createQuery"},"scope":{"!":"com.github.javaparser.ast.expr.NameExpr","range":{"beginLine":35,"beginColumn":3,"endLine":35,"endColumn":3},"tokenRange":{"beginToken":{"kind":94,"text":"s"},"endToken":{"kind":94,"text":"s"}},"name":{"!":"com.github.javaparser.ast.expr.SimpleName","range":{"beginLine":35,"beginColumn":3,"endLine":35,"endColumn":3},"tokenRange":{"beginToken":{"kind":94,"text":"s"},"endToken":{"kind":94,"text":"s"}},"identifier":"s"}}}},"comment":{"!":"com.github.javaparser.ast.comments.LineComment","range":{"beginLine":34,"beginColumn":3,"endLine":34,"endColumn":81},"tokenRange":{"beginToken":{"kind":5,"text":"//List bss = s.find(\"select baz, ss from Baz baz inner join baz.stringSet ss\");"},"endToken":{"kind":5,"text":"//List bss = s.find(\"select baz, ss from Baz baz inner join baz.stringSet ss\");"}},"content":"List bss = s.find(\"select baz, ss from Baz baz inner join baz.stringSet ss\");"}},{"!":"com.github.javaparser.ast.stmt.ExpressionStmt","range":{"beginLine":36,"beginColumn":3,"endLine":36,"endColumn":112},"tokenRange":{"beginToken":{"kind":94,"text":"s"},"endToken":{"kind":103,"text":";"}},"expression":{"!":"com.github.javaparser.ast.expr.MethodCallExpr","range":{"beginLine":36,"beginColumn":3,"endLine":36,"endColumn":111},"tokenRange":{"beginToken":{"kind":94,"text":"s"},"endToken":{"kind":98,"text":")"}},"arguments":[],"name":{"!":"com.github.javaparser.ast.expr.SimpleName","range":{"beginLine":36,"beginColumn":106,"endLine":36,"endColumn":109},"tokenRange":{"beginToken":{"kind":94,"text":"list"},"endToken":{"kind":94,"text":"list"}},"identifier":"list"},"scope":{"!":"com.github.javaparser.ast.expr.MethodCallExpr","range":{"beginLine":36,"beginColumn":3,"endLine":36,"endColumn":104},"tokenRange":{"beginToken":{"kind":94,"text":"s"},"endToken":{"kind":98,"text":")"}},"arguments":[{"!":"com.github.javaparser.ast.expr.StringLiteralExpr","range":{"beginLine":36,"beginColumn":18,"endLine":36,"endColumn":102},"tokenRange":{"beginToken":{"kind":90,"text":"\"from Glarch g inner join g.fooComponents comp join comp.fee fee where fee.count > 0\""},"endToken":{"kind":90,"text":"\"from Glarch g inner join g.fooComponents comp join comp.fee fee where fee.count > 0\""}},"value":"from Glarch g inner join g.fooComponents comp join comp.fee fee where fee.count > 0"}],"name":{"!":"com.github.javaparser.ast.expr.SimpleName","range":{"beginLine":36,"beginColumn":5,"endLine":36,"endColumn":15},"tokenRange":{"beginToken":{"kind":94,"text":"createQuery"},"endToken":{"kind":94,"text":"createQuery"}},"identifier":"createQuery"},"scope":{"!":"com.github.javaparser.ast.expr.NameExpr","range":{"beginLine":36,"beginColumn":3,"endLine":36,"endColumn":3},"tokenRange":{"beginToken":{"kind":94,"text":"s"},"endToken":{"kind":94,"text":"s"}},"name":{"!":"com.github.javaparser.ast.expr.SimpleName","range":{"beginLine":36,"beginColumn":3,"endLine":36,"endColumn":3},"tokenRange":{"beginToken":{"kind":94,"text":"s"},"endToken":{"kind":94,"text":"s"}},"identifier":"s"}}}}},{"!":"com.github.javaparser.ast.stmt.ExpressionStmt","range":{"beginLine":37,"beginColumn":3,"endLine":37,"endColumn":107},"tokenRange":{"beginToken":{"kind":94,"text":"s"},"endToken":{"kind":103,"text":";"}},"expression":{"!":"com.github.javaparser.ast.expr.MethodCallExpr","range":{"beginLine":37,"beginColumn":3,"endLine":37,"endColumn":106},"tokenRange":{"beginToken":{"kind":94,"text":"s"},"endToken":{"kind":98,"text":")"}},"arguments":[],"name":{"!":"com.github.javaparser.ast.expr.SimpleName","range":{"beginLine":37,"beginColumn":101,"endLine":37,"endColumn":104},"tokenRange":{"beginToken":{"kind":94,"text":"list"},"endToken":{"kind":94,"text":"list"}},"identifier":"list"},"scope":{"!":"com.github.javaparser.ast.expr.MethodCallExpr","range":{"beginLine":37,"beginColumn":3,"endLine":37,"endColumn":99},"tokenRange":{"beginToken":{"kind":94,"text":"s"},"endToken":{"kind":98,"text":")"}},"arguments":[{"!":"com.github.javaparser.ast.expr.StringLiteralExpr","range":{"beginLine":37,"beginColumn":18,"endLine":37,"endColumn":97},"tokenRange":{"beginToken":{"kind":90,"text":"\"from Glarch g inner join g.fooComponents comp where comp.fee.count is not null\""},"endToken":{"kind":90,"text":"\"from Glarch g inner join g.fooComponents comp where comp.fee.count is not null\""}},"value":"from Glarch g inner join g.fooComponents comp where comp.fee.count is not null"}],"name":{"!":"com.github.javaparser.ast.expr.SimpleName","range":{"beginLine":37,"beginColumn":5,"endLine":37,"endColumn":15},"tokenRange":{"beginToken":{"kind":94,"text":"createQuery"},"endToken":{"kind":94,"text":"createQuery"}},"identifier":"createQuery"},"scope":{"!":"com.github.javaparser.ast.expr.NameExpr","range":{"beginLine":37,"beginColumn":3,"endLine":37,"endColumn":3},"tokenRange":{"beginToken":{"kind":94,"text":"s"},"endToken":{"kind":94,"text":"s"}},"name":{"!":"com.github.javaparser.ast.expr.SimpleName","range":{"beginLine":37,"beginColumn":3,"endLine":37,"endColumn":3},"tokenRange":{"beginToken":{"kind":94,"text":"s"},"endToken":{"kind":94,"text":"s"}},"identifier":"s"}}}}},{"!":"com.github.javaparser.ast.stmt.ExpressionStmt","range":{"beginLine":39,"beginColumn":3,"endLine":39,"endColumn":16},"tokenRange":{"beginToken":{"kind":94,"text":"s"},"endToken":{"kind":103,"text":";"}},"expression":{"!":"com.github.javaparser.ast.expr.MethodCallExpr","range":{"beginLine":39,"beginColumn":3,"endLine":39,"endColumn":15},"tokenRange":{"beginToken":{"kind":94,"text":"s"},"endToken":{"kind":98,"text":")"}},"arguments":[{"!":"com.github.javaparser.ast.expr.NameExpr","range":{"beginLine":39,"beginColumn":12,"endLine":39,"endColumn":14},"tokenRange":{"beginToken":{"kind":94,"text":"baz"},"endToken":{"kind":94,"text":"baz"}},"name":{"!":"com.github.javaparser.ast.expr.SimpleName","range":{"beginLine":39,"beginColumn":12,"endLine":39,"endColumn":14},"tokenRange":{"beginToken":{"kind":94,"text":"baz"},"endToken":{"kind":94,"text":"baz"}},"identifier":"baz"}}],"name":{"!":"com.github.javaparser.ast.expr.SimpleName","range":{"beginLine":39,"beginColumn":5,"endLine":39,"endColumn":10},"tokenRange":{"beginToken":{"kind":94,"text":"delete"},"endToken":{"kind":94,"text":"delete"}},"identifier":"delete"},"scope":{"!":"com.github.javaparser.ast.expr.NameExpr","range":{"beginLine":39,"beginColumn":3,"endLine":39,"endColumn":3},"tokenRange":{"beginToken":{"kind":94,"text":"s"},"endToken":{"kind":94,"text":"s"}},"name":{"!":"com.github.javaparser.ast.expr.SimpleName","range":{"beginLine":39,"beginColumn":3,"endLine":39,"endColumn":3},"tokenRange":{"beginToken":{"kind":94,"text":"s"},"endToken":{"kind":94,"text":"s"}},"identifier":"s"}}}},{"!":"com.github.javaparser.ast.stmt.ExpressionStmt","range":{"beginLine":40,"beginColumn":3,"endLine":40,"endColumn":39},"tokenRange":{"beginToken":{"kind":94,"text":"s"},"endToken":{"kind":103,"text":";"}},"expression":{"!":"com.github.javaparser.ast.expr.MethodCallExpr","range":{"beginLine":40,"beginColumn":3,"endLine":40,"endColumn":38},"tokenRange":{"beginToken":{"kind":94,"text":"s"},"endToken":{"kind":98,"text":")"}},"arguments":[{"!":"com.github.javaparser.ast.expr.MethodCallExpr","range":{"beginLine":40,"beginColumn":13,"endLine":40,"endColumn":36},"tokenRange":{"beginToken":{"kind":94,"text":"s"},"endToken":{"kind":98,"text":")"}},"arguments":[{"!":"com.github.javaparser.ast.expr.ClassExpr","range":{"beginLine":40,"beginColumn":19,"endLine":40,"endColumn":30},"tokenRange":{"beginToken":{"kind":94,"text":"Glarch"},"endToken":{"kind":19,"text":"class"}},"type":{"!":"com.github.javaparser.ast.type.ClassOrInterfaceType","range":{"beginLine":40,"beginColumn":19,"endLine":40,"endColumn":24},"tokenRange":{"beginToken":{"kind":94,"text":"Glarch"},"endToken":{"kind":94,"text":"Glarch"}},"name":{"!":"com.github.javaparser.ast.expr.SimpleName","range":{"beginLine":40,"beginColumn":19,"endLine":40,"endColumn":24},"tokenRange":{"beginToken":{"kind":94,"text":"Glarch"},"endToken":{"kind":94,"text":"Glarch"}},"identifier":"Glarch"},"annotations":[]}},{"!":"com.github.javaparser.ast.expr.NameExpr","range":{"beginLine":40,"beginColumn":33,"endLine":40,"endColumn":35},"tokenRange":{"beginToken":{"kind":94,"text":"gid"},"endToken":{"kind":94,"text":"gid"}},"name":{"!":"com.github.javaparser.ast.expr.SimpleName","range":{"beginLine":40,"beginColumn":33,"endLine":40,"endColumn":35},"tokenRange":{"beginToken":{"kind":94,"text":"gid"},"endToken":{"kind":94,"text":"gid"}},"identifier":"gid"}}],"name":{"!":"com.github.javaparser.ast.expr.SimpleName","range":{"beginLine":40,"beginColumn":15,"endLine":40,"endColumn":17},"tokenRange":{"beginToken":{"kind":94,"text":"get"},"endToken":{"kind":94,"text":"get"}},"identifier":"get"},"scope":{"!":"com.github.javaparser.ast.expr.NameExpr","range":{"beginLine":40,"beginColumn":13,"endLine":40,"endColumn":13},"tokenRange":{"beginToken":{"kind":94,"text":"s"},"endToken":{"kind":94,"text":"s"}},"name":{"!":"com.github.javaparser.ast.expr.SimpleName","range":{"beginLine":40,"beginColumn":13,"endLine":40,"endColumn":13},"tokenRange":{"beginToken":{"kind":94,"text":"s"},"endToken":{"kind":94,"text":"s"}},"identifier":"s"}}}],"name":{"!":"com.github.javaparser.ast.expr.SimpleName","range":{"beginLine":40,"beginColumn":5,"endLine":40,"endColumn":10},"tokenRange":{"beginToken":{"kind":94,"text":"delete"},"endToken":{"kind":94,"text":"delete"}},"identifier":"delete"},"scope":{"!":"com.github.javaparser.ast.expr.NameExpr","range":{"beginLine":40,"beginColumn":3,"endLine":40,"endColumn":3},"tokenRange":{"beginToken":{"kind":94,"text":"s"},"endToken":{"kind":94,"text":"s"}},"name":{"!":"com.github.javaparser.ast.expr.SimpleName","range":{"beginLine":40,"beginColumn":3,"endLine":40,"endColumn":3},"tokenRange":{"beginToken":{"kind":94,"text":"s"},"endToken":{"kind":94,"text":"s"}},"identifier":"s"}}}},{"!":"com.github.javaparser.ast.stmt.ExpressionStmt","range":{"beginLine":41,"beginColumn":3,"endLine":41,"endColumn":30},"tokenRange":{"beginToken":{"kind":94,"text":"s"},"endToken":{"kind":103,"text":";"}},"expression":{"!":"com.github.javaparser.ast.expr.MethodCallExpr","range":{"beginLine":41,"beginColumn":3,"endLine":41,"endColumn":29},"tokenRange":{"beginToken":{"kind":94,"text":"s"},"endToken":{"kind":98,"text":")"}},"arguments":[],"name":{"!":"com.github.javaparser.ast.expr.SimpleName","range":{"beginLine":41,"beginColumn":22,"endLine":41,"endColumn":27},"tokenRange":{"beginToken":{"kind":94,"text":"commit"},"endToken":{"kind":94,"text":"commit"}},"identifier":"commit"},"scope":{"!":"com.github.javaparser.ast.expr.MethodCallExpr","range":{"beginLine":41,"beginColumn":3,"endLine":41,"endColumn":20},"tokenRange":{"beginToken":{"kind":94,"text":"s"},"endToken":{"kind":98,"text":")"}},"arguments":[],"name":{"!":"com.github.javaparser.ast.expr.SimpleName","range":{"beginLine":41,"beginColumn":5,"endLine":41,"endColumn":18},"tokenRange":{"beginToken":{"kind":94,"text":"getTransaction"},"endToken":{"kind":94,"text":"getTransaction"}},"identifier":"getTransaction"},"scope":{"!":"com.github.javaparser.ast.expr.NameExpr","range":{"beginLine":41,"beginColumn":3,"endLine":41,"endColumn":3},"tokenRange":{"beginToken":{"kind":94,"text":"s"},"endToken":{"kind":94,"text":"s"}},"name":{"!":"com.github.javaparser.ast.expr.SimpleName","range":{"beginLine":41,"beginColumn":3,"endLine":41,"endColumn":3},"tokenRange":{"beginToken":{"kind":94,"text":"s"},"endToken":{"kind":94,"text":"s"}},"identifier":"s"}}}}},{"!":"com.github.javaparser.ast.stmt.ExpressionStmt","range":{"beginLine":42,"beginColumn":3,"endLine":42,"endColumn":12},"tokenRange":{"beginToken":{"kind":94,"text":"s"},"endToken":{"kind":103,"text":";"}},"expression":{"!":"com.github.javaparser.ast.expr.MethodCallExpr","range":{"beginLine":42,"beginColumn":3,"endLine":42,"endColumn":11},"tokenRange":{"beginToken":{"kind":94,"text":"s"},"endToken":{"kind":98,"text":")"}},"arguments":[],"name":{"!":"com.github.javaparser.ast.expr.SimpleName","range":{"beginLine":42,"beginColumn":5,"endLine":42,"endColumn":9},"tokenRange":{"beginToken":{"kind":94,"text":"close"},"endToken":{"kind":94,"text":"close"}},"identifier":"close"},"scope":{"!":"com.github.javaparser.ast.expr.NameExpr","range":{"beginLine":42,"beginColumn":3,"endLine":42,"endColumn":3},"tokenRange":{"beginToken":{"kind":94,"text":"s"},"endToken":{"kind":94,"text":"s"}},"name":{"!":"com.github.javaparser.ast.expr.SimpleName","range":{"beginLine":42,"beginColumn":3,"endLine":42,"endColumn":3},"tokenRange":{"beginToken":{"kind":94,"text":"s"},"endToken":{"kind":94,"text":"s"}},"identifier":"s"}}}}]},"type":{"!":"com.github.javaparser.ast.type.VoidType","range":{"beginLine":3,"beginColumn":9,"endLine":3,"endColumn":12},"tokenRange":{"beginToken":{"kind":62,"text":"void"},"endToken":{"kind":62,"text":"void"}},"annotations":[]},"modifiers":[{"!":"com.github.javaparser.ast.Modifier","range":{"beginLine":3,"beginColumn":2,"endLine":3,"endColumn":7},"tokenRange":{"beginToken":{"kind":47,"text":"public"},"endToken":{"kind":47,"text":"public"}},"keyword":"PUBLIC"}],"name":{"!":"com.github.javaparser.ast.expr.SimpleName","range":{"beginLine":3,"beginColumn":14,"endLine":3,"endColumn":40},"tokenRange":{"beginToken":{"kind":94,"text":"testQueryCollectionOfValues"},"endToken":{"kind":94,"text":"testQueryCollectionOfValues"}},"identifier":"testQueryCollectionOfValues"},"parameters":[],"thrownExceptions":[{"!":"com.github.javaparser.ast.type.ClassOrInterfaceType","range":{"beginLine":3,"beginColumn":51,"endLine":3,"endColumn":59},"tokenRange":{"beginToken":{"kind":94,"text":"Exception"},"endToken":{"kind":94,"text":"Exception"}},"name":{"!":"com.github.javaparser.ast.expr.SimpleName","range":{"beginLine":3,"beginColumn":51,"endLine":3,"endColumn":59},"tokenRange":{"beginToken":{"kind":94,"text":"Exception"},"endToken":{"kind":94,"text":"Exception"}},"identifier":"Exception"},"annotations":[]}],"typeParameters":[],"annotations":[{"!":"com.github.javaparser.ast.expr.MarkerAnnotationExpr","range":{"beginLine":2,"beginColumn":2,"endLine":2,"endColumn":6},"tokenRange":{"beginToken":{"kind":107,"text":"@"},"endToken":{"kind":94,"text":"Test"}},"name":{"!":"com.github.javaparser.ast.expr.Name","range":{"beginLine":2,"beginColumn":3,"endLine":2,"endColumn":6},"tokenRange":{"beginToken":{"kind":94,"text":"Test"},"endToken":{"kind":94,"text":"Test"}},"identifier":"Test"}}]}],"modifiers":[],"name":{"!":"com.github.javaparser.ast.expr.SimpleName","range":{"beginLine":1,"beginColumn":7,"endLine":1,"endColumn":10},"tokenRange":{"beginToken":{"kind":94,"text":"Test"},"endToken":{"kind":94,"text":"Test"}},"identifier":"Test"},"annotations":[]}]}