{"!":"com.github.javaparser.ast.CompilationUnit","range":{"beginLine":1,"beginColumn":1,"endLine":44,"endColumn":2},"tokenRange":{"beginToken":{"kind":19,"text":"class"},"endToken":{"kind":0,"text":""}},"imports":[],"types":[{"!":"com.github.javaparser.ast.body.ClassOrInterfaceDeclaration","range":{"beginLine":1,"beginColumn":1,"endLine":44,"endColumn":2},"tokenRange":{"beginToken":{"kind":19,"text":"class"},"endToken":{"kind":100,"text":"}"}},"extendedTypes":[],"implementedTypes":[],"isInterface":"false","typeParameters":[],"members":[{"!":"com.github.javaparser.ast.body.MethodDeclaration","range":{"beginLine":2,"beginColumn":2,"endLine":42,"endColumn":2},"tokenRange":{"beginToken":{"kind":45,"text":"private"},"endToken":{"kind":100,"text":"}"}},"body":{"!":"com.github.javaparser.ast.stmt.BlockStmt","range":{"beginLine":6,"beginColumn":102,"endLine":42,"endColumn":2},"tokenRange":{"beginToken":{"kind":99,"text":"{"},"endToken":{"kind":100,"text":"}"}},"statements":[{"!":"com.github.javaparser.ast.stmt.ForEachStmt","range":{"beginLine":8,"beginColumn":3,"endLine":19,"endColumn":3},"tokenRange":{"beginToken":{"kind":32,"text":"for"},"endToken":{"kind":100,"text":"}"}},"body":{"!":"com.github.javaparser.ast.stmt.BlockStmt","range":{"beginLine":8,"beginColumn":118,"endLine":19,"endColumn":3},"tokenRange":{"beginToken":{"kind":99,"text":"{"},"endToken":{"kind":100,"text":"}"}},"statements":[{"!":"com.github.javaparser.ast.stmt.ExpressionStmt","range":{"beginLine":9,"beginColumn":4,"endLine":11,"endColumn":5},"tokenRange":{"beginToken":{"kind":29,"text":"final"},"endToken":{"kind":103,"text":";"}},"expression":{"!":"com.github.javaparser.ast.expr.VariableDeclarationExpr","range":{"beginLine":9,"beginColumn":4,"endLine":11,"endColumn":4},"tokenRange":{"beginToken":{"kind":29,"text":"final"},"endToken":{"kind":98,"text":")"}},"annotations":[],"modifiers":[{"!":"com.github.javaparser.ast.Modifier","range":{"beginLine":9,"beginColumn":4,"endLine":9,"endColumn":8},"tokenRange":{"beginToken":{"kind":29,"text":"final"},"endToken":{"kind":29,"text":"final"}},"keyword":"FINAL"}],"variables":[{"!":"com.github.javaparser.ast.body.VariableDeclarator","range":{"beginLine":9,"beginColumn":37,"endLine":11,"endColumn":4},"tokenRange":{"beginToken":{"kind":94,"text":"targetEntityReferenceInitializer"},"endToken":{"kind":98,"text":")"}},"initializer":{"!":"com.github.javaparser.ast.expr.MethodCallExpr","range":{"beginLine":9,"beginColumn":72,"endLine":11,"endColumn":4},"tokenRange":{"beginToken":{"kind":94,"text":"initializerByEntityReference"},"endToken":{"kind":98,"text":")"}},"arguments":[{"!":"com.github.javaparser.ast.expr.MethodCallExpr","range":{"beginLine":10,"beginColumn":6,"endLine":10,"endColumn":60},"tokenRange":{"beginToken":{"kind":94,"text":"bidirectionalEntityReference"},"endToken":{"kind":98,"text":")"}},"arguments":[],"name":{"!":"com.github.javaparser.ast.expr.SimpleName","range":{"beginLine":10,"beginColumn":35,"endLine":10,"endColumn":58},"tokenRange":{"beginToken":{"kind":94,"text":"getTargetEntityReference"},"endToken":{"kind":94,"text":"getTargetEntityReference"}},"identifier":"getTargetEntityReference"},"scope":{"!":"com.github.javaparser.ast.expr.NameExpr","range":{"beginLine":10,"beginColumn":6,"endLine":10,"endColumn":33},"tokenRange":{"beginToken":{"kind":94,"text":"bidirectionalEntityReference"},"endToken":{"kind":94,"text":"bidirectionalEntityReference"}},"name":{"!":"com.github.javaparser.ast.expr.SimpleName","range":{"beginLine":10,"beginColumn":6,"endLine":10,"endColumn":33},"tokenRange":{"beginToken":{"kind":94,"text":"bidirectionalEntityReference"},"endToken":{"kind":94,"text":"bidirectionalEntityReference"}},"identifier":"bidirectionalEntityReference"}}}],"name":{"!":"com.github.javaparser.ast.expr.SimpleName","range":{"beginLine":9,"beginColumn":101,"endLine":9,"endColumn":103},"tokenRange":{"beginToken":{"kind":94,"text":"get"},"endToken":{"kind":94,"text":"get"}},"identifier":"get"},"scope":{"!":"com.github.javaparser.ast.expr.NameExpr","range":{"beginLine":9,"beginColumn":72,"endLine":9,"endColumn":99},"tokenRange":{"beginToken":{"kind":94,"text":"initializerByEntityReference"},"endToken":{"kind":94,"text":"initializerByEntityReference"}},"name":{"!":"com.github.javaparser.ast.expr.SimpleName","range":{"beginLine":9,"beginColumn":72,"endLine":9,"endColumn":99},"tokenRange":{"beginToken":{"kind":94,"text":"initializerByEntityReference"},"endToken":{"kind":94,"text":"initializerByEntityReference"}},"identifier":"initializerByEntityReference"}}},"name":{"!":"com.github.javaparser.ast.expr.SimpleName","range":{"beginLine":9,"beginColumn":37,"endLine":9,"endColumn":68},"tokenRange":{"beginToken":{"kind":94,"text":"targetEntityReferenceInitializer"},"endToken":{"kind":94,"text":"targetEntityReferenceInitializer"}},"identifier":"targetEntityReferenceInitializer"},"type":{"!":"com.github.javaparser.ast.type.ClassOrInterfaceType","range":{"beginLine":9,"beginColumn":10,"endLine":9,"endColumn":35},"tokenRange":{"beginToken":{"kind":94,"text":"EntityReferenceInitializer"},"endToken":{"kind":94,"text":"EntityReferenceInitializer"}},"name":{"!":"com.github.javaparser.ast.expr.SimpleName","range":{"beginLine":9,"beginColumn":10,"endLine":9,"endColumn":35},"tokenRange":{"beginToken":{"kind":94,"text":"EntityReferenceInitializer"},"endToken":{"kind":94,"text":"EntityReferenceInitializer"}},"identifier":"EntityReferenceInitializer"},"annotations":[]}}]}},{"!":"com.github.javaparser.ast.stmt.ExpressionStmt","range":{"beginLine":12,"beginColumn":4,"endLine":17,"endColumn":5},"tokenRange":{"beginToken":{"kind":94,"text":"resolveEntityKey"},"endToken":{"kind":103,"text":";"}},"expression":{"!":"com.github.javaparser.ast.expr.MethodCallExpr","range":{"beginLine":12,"beginColumn":4,"endLine":17,"endColumn":4},"tokenRange":{"beginToken":{"kind":94,"text":"resolveEntityKey"},"endToken":{"kind":98,"text":")"}},"arguments":[{"!":"com.github.javaparser.ast.expr.NameExpr","range":{"beginLine":13,"beginColumn":6,"endLine":13,"endColumn":14},"tokenRange":{"beginToken":{"kind":94,"text":"resultSet"},"endToken":{"kind":94,"text":"resultSet"}},"name":{"!":"com.github.javaparser.ast.expr.SimpleName","range":{"beginLine":13,"beginColumn":6,"endLine":13,"endColumn":14},"tokenRange":{"beginToken":{"kind":94,"text":"resultSet"},"endToken":{"kind":94,"text":"resultSet"}},"identifier":"resultSet"}},{"!":"com.github.javaparser.ast.expr.NameExpr","range":{"beginLine":14,"beginColumn":6,"endLine":14,"endColumn":12},"tokenRange":{"beginToken":{"kind":94,"text":"context"},"endToken":{"kind":94,"text":"context"}},"name":{"!":"com.github.javaparser.ast.expr.SimpleName","range":{"beginLine":14,"beginColumn":6,"endLine":14,"endColumn":12},"tokenRange":{"beginToken":{"kind":94,"text":"context"},"endToken":{"kind":94,"text":"context"}},"identifier":"context"}},{"!":"com.github.javaparser.ast.expr.NameExpr","range":{"beginLine":15,"beginColumn":6,"endLine":15,"endColumn":37},"tokenRange":{"beginToken":{"kind":94,"text":"targetEntityReferenceInitializer"},"endToken":{"kind":94,"text":"targetEntityReferenceInitializer"}},"name":{"!":"com.github.javaparser.ast.expr.SimpleName","range":{"beginLine":15,"beginColumn":6,"endLine":15,"endColumn":37},"tokenRange":{"beginToken":{"kind":94,"text":"targetEntityReferenceInitializer"},"endToken":{"kind":94,"text":"targetEntityReferenceInitializer"}},"identifier":"targetEntityReferenceInitializer"}},{"!":"com.github.javaparser.ast.expr.NameExpr","range":{"beginLine":16,"beginColumn":6,"endLine":16,"endColumn":33},"tokenRange":{"beginToken":{"kind":94,"text":"initializerByEntityReference"},"endToken":{"kind":94,"text":"initializerByEntityReference"}},"name":{"!":"com.github.javaparser.ast.expr.SimpleName","range":{"beginLine":16,"beginColumn":6,"endLine":16,"endColumn":33},"tokenRange":{"beginToken":{"kind":94,"text":"initializerByEntityReference"},"endToken":{"kind":94,"text":"initializerByEntityReference"}},"identifier":"initializerByEntityReference"}}],"name":{"!":"com.github.javaparser.ast.expr.SimpleName","range":{"beginLine":12,"beginColumn":4,"endLine":12,"endColumn":19},"tokenRange":{"beginToken":{"kind":94,"text":"resolveEntityKey"},"endToken":{"kind":94,"text":"resolveEntityKey"}},"identifier":"resolveEntityKey"}}},{"!":"com.github.javaparser.ast.stmt.ExpressionStmt","range":{"beginLine":18,"beginColumn":4,"endLine":18,"endColumn":77},"tokenRange":{"beginToken":{"kind":94,"text":"targetEntityReferenceInitializer"},"endToken":{"kind":103,"text":";"}},"expression":{"!":"com.github.javaparser.ast.expr.MethodCallExpr","range":{"beginLine":18,"beginColumn":4,"endLine":18,"endColumn":76},"tokenRange":{"beginToken":{"kind":94,"text":"targetEntityReferenceInitializer"},"endToken":{"kind":98,"text":")"}},"arguments":[{"!":"com.github.javaparser.ast.expr.NameExpr","range":{"beginLine":18,"beginColumn":57,"endLine":18,"endColumn":65},"tokenRange":{"beginToken":{"kind":94,"text":"resultSet"},"endToken":{"kind":94,"text":"resultSet"}},"name":{"!":"com.github.javaparser.ast.expr.SimpleName","range":{"beginLine":18,"beginColumn":57,"endLine":18,"endColumn":65},"tokenRange":{"beginToken":{"kind":94,"text":"resultSet"},"endToken":{"kind":94,"text":"resultSet"}},"identifier":"resultSet"}},{"!":"com.github.javaparser.ast.expr.NameExpr","range":{"beginLine":18,"beginColumn":68,"endLine":18,"endColumn":74},"tokenRange":{"beginToken":{"kind":94,"text":"context"},"endToken":{"kind":94,"text":"context"}},"name":{"!":"com.github.javaparser.ast.expr.SimpleName","range":{"beginLine":18,"beginColumn":68,"endLine":18,"endColumn":74},"tokenRange":{"beginToken":{"kind":94,"text":"context"},"endToken":{"kind":94,"text":"context"}},"identifier":"context"}}],"name":{"!":"com.github.javaparser.ast.expr.SimpleName","range":{"beginLine":18,"beginColumn":37,"endLine":18,"endColumn":54},"tokenRange":{"beginToken":{"kind":94,"text":"hydrateEntityState"},"endToken":{"kind":94,"text":"hydrateEntityState"}},"identifier":"hydrateEntityState"},"scope":{"!":"com.github.javaparser.ast.expr.NameExpr","range":{"beginLine":18,"beginColumn":4,"endLine":18,"endColumn":35},"tokenRange":{"beginToken":{"kind":94,"text":"targetEntityReferenceInitializer"},"endToken":{"kind":94,"text":"targetEntityReferenceInitializer"}},"name":{"!":"com.github.javaparser.ast.expr.SimpleName","range":{"beginLine":18,"beginColumn":4,"endLine":18,"endColumn":35},"tokenRange":{"beginToken":{"kind":94,"text":"targetEntityReferenceInitializer"},"endToken":{"kind":94,"text":"targetEntityReferenceInitializer"}},"identifier":"targetEntityReferenceInitializer"}}}}]},"iterable":{"!":"com.github.javaparser.ast.expr.MethodCallExpr","range":{"beginLine":8,"beginColumn":69,"endLine":8,"endColumn":114},"tokenRange":{"beginToken":{"kind":94,"text":"fetchSource"},"endToken":{"kind":98,"text":")"}},"arguments":[],"name":{"!":"com.github.javaparser.ast.expr.SimpleName","range":{"beginLine":8,"beginColumn":81,"endLine":8,"endColumn":112},"tokenRange":{"beginToken":{"kind":94,"text":"getBidirectionalEntityReferences"},"endToken":{"kind":94,"text":"getBidirectionalEntityReferences"}},"identifier":"getBidirectionalEntityReferences"},"scope":{"!":"com.github.javaparser.ast.expr.NameExpr","range":{"beginLine":8,"beginColumn":69,"endLine":8,"endColumn":79},"tokenRange":{"beginToken":{"kind":94,"text":"fetchSource"},"endToken":{"kind":94,"text":"fetchSource"}},"name":{"!":"com.github.javaparser.ast.expr.SimpleName","range":{"beginLine":8,"beginColumn":69,"endLine":8,"endColumn":79},"tokenRange":{"beginToken":{"kind":94,"text":"fetchSource"},"endToken":{"kind":94,"text":"fetchSource"}},"identifier":"fetchSource"}}},"variable":{"!":"com.github.javaparser.ast.expr.VariableDeclarationExpr","range":{"beginLine":8,"beginColumn":9,"endLine":8,"endColumn":65},"tokenRange":{"beginToken":{"kind":94,"text":"BidirectionalEntityReference"},"endToken":{"kind":94,"text":"bidirectionalEntityReference"}},"annotations":[],"modifiers":[],"variables":[{"!":"com.github.javaparser.ast.body.VariableDeclarator","range":{"beginLine":8,"beginColumn":38,"endLine":8,"endColumn":65},"tokenRange":{"beginToken":{"kind":94,"text":"bidirectionalEntityReference"},"endToken":{"kind":94,"text":"bidirectionalEntityReference"}},"name":{"!":"com.github.javaparser.ast.expr.SimpleName","range":{"beginLine":8,"beginColumn":38,"endLine":8,"endColumn":65},"tokenRange":{"beginToken":{"kind":94,"text":"bidirectionalEntityReference"},"endToken":{"kind":94,"text":"bidirectionalEntityReference"}},"identifier":"bidirectionalEntityReference"},"type":{"!":"com.github.javaparser.ast.type.ClassOrInterfaceType","range":{"beginLine":8,"beginColumn":9,"endLine":8,"endColumn":36},"tokenRange":{"beginToken":{"kind":94,"text":"BidirectionalEntityReference"},"endToken":{"kind":94,"text":"BidirectionalEntityReference"}},"name":{"!":"com.github.javaparser.ast.expr.SimpleName","range":{"beginLine":8,"beginColumn":9,"endLine":8,"endColumn":36},"tokenRange":{"beginToken":{"kind":94,"text":"BidirectionalEntityReference"},"endToken":{"kind":94,"text":"BidirectionalEntityReference"}},"identifier":"BidirectionalEntityReference"},"annotations":[]}}]},"comment":{"!":"com.github.javaparser.ast.comments.LineComment","range":{"beginLine":7,"beginColumn":3,"endLine":7,"endColumn":55},"tokenRange":{"beginToken":{"kind":5,"text":"// Resolve any bidirectional entity references first."},"endToken":{"kind":5,"text":"// Resolve any bidirectional entity references first."}},"content":" Resolve any bidirectional entity references first."}},{"!":"com.github.javaparser.ast.stmt.ForEachStmt","range":{"beginLine":20,"beginColumn":3,"endLine":41,"endColumn":3},"tokenRange":{"beginToken":{"kind":32,"text":"for"},"endToken":{"kind":100,"text":"}"}},"body":{"!":"com.github.javaparser.ast.stmt.BlockStmt","range":{"beginLine":20,"beginColumn":50,"endLine":41,"endColumn":3},"tokenRange":{"beginToken":{"kind":99,"text":"{"},"endToken":{"kind":100,"text":"}"}},"statements":[{"!":"com.github.javaparser.ast.stmt.IfStmt","range":{"beginLine":21,"beginColumn":4,"endLine":40,"endColumn":4},"tokenRange":{"beginToken":{"kind":34,"text":"if"},"endToken":{"kind":100,"text":"}"}},"condition":{"!":"com.github.javaparser.ast.expr.MethodCallExpr","range":{"beginLine":21,"beginColumn":9,"endLine":21,"endColumn":45},"tokenRange":{"beginToken":{"kind":94,"text":"EntityFetch"},"endToken":{"kind":98,"text":")"}},"arguments":[{"!":"com.github.javaparser.ast.expr.NameExpr","range":{"beginLine":21,"beginColumn":39,"endLine":21,"endColumn":43},"tokenRange":{"beginToken":{"kind":94,"text":"fetch"},"endToken":{"kind":94,"text":"fetch"}},"name":{"!":"com.github.javaparser.ast.expr.SimpleName","range":{"beginLine":21,"beginColumn":39,"endLine":21,"endColumn":43},"tokenRange":{"beginToken":{"kind":94,"text":"fetch"},"endToken":{"kind":94,"text":"fetch"}},"identifier":"fetch"}}],"name":{"!":"com.github.javaparser.ast.expr.SimpleName","range":{"beginLine":21,"beginColumn":27,"endLine":21,"endColumn":36},"tokenRange":{"beginToken":{"kind":94,"text":"isInstance"},"endToken":{"kind":94,"text":"isInstance"}},"identifier":"isInstance"},"scope":{"!":"com.github.javaparser.ast.expr.ClassExpr","range":{"beginLine":21,"beginColumn":9,"endLine":21,"endColumn":25},"tokenRange":{"beginToken":{"kind":94,"text":"EntityFetch"},"endToken":{"kind":19,"text":"class"}},"type":{"!":"com.github.javaparser.ast.type.ClassOrInterfaceType","range":{"beginLine":21,"beginColumn":9,"endLine":21,"endColumn":19},"tokenRange":{"beginToken":{"kind":94,"text":"EntityFetch"},"endToken":{"kind":94,"text":"EntityFetch"}},"name":{"!":"com.github.javaparser.ast.expr.SimpleName","range":{"beginLine":21,"beginColumn":9,"endLine":21,"endColumn":19},"tokenRange":{"beginToken":{"kind":94,"text":"EntityFetch"},"endToken":{"kind":94,"text":"EntityFetch"}},"identifier":"EntityFetch"},"annotations":[]}}},"elseStmt":{"!":"com.github.javaparser.ast.stmt.IfStmt","range":{"beginLine":34,"beginColumn":9,"endLine":40,"endColumn":4},"tokenRange":{"beginToken":{"kind":34,"text":"if"},"endToken":{"kind":100,"text":"}"}},"condition":{"!":"com.github.javaparser.ast.expr.MethodCallExpr","range":{"beginLine":34,"beginColumn":14,"endLine":34,"endColumn":53},"tokenRange":{"beginToken":{"kind":94,"text":"CompositeFetch"},"endToken":{"kind":98,"text":")"}},"arguments":[{"!":"com.github.javaparser.ast.expr.NameExpr","range":{"beginLine":34,"beginColumn":47,"endLine":34,"endColumn":51},"tokenRange":{"beginToken":{"kind":94,"text":"fetch"},"endToken":{"kind":94,"text":"fetch"}},"name":{"!":"com.github.javaparser.ast.expr.SimpleName","range":{"beginLine":34,"beginColumn":47,"endLine":34,"endColumn":51},"tokenRange":{"beginToken":{"kind":94,"text":"fetch"},"endToken":{"kind":94,"text":"fetch"}},"identifier":"fetch"}}],"name":{"!":"com.github.javaparser.ast.expr.SimpleName","range":{"beginLine":34,"beginColumn":35,"endLine":34,"endColumn":44},"tokenRange":{"beginToken":{"kind":94,"text":"isInstance"},"endToken":{"kind":94,"text":"isInstance"}},"identifier":"isInstance"},"scope":{"!":"com.github.javaparser.ast.expr.ClassExpr","range":{"beginLine":34,"beginColumn":14,"endLine":34,"endColumn":33},"tokenRange":{"beginToken":{"kind":94,"text":"CompositeFetch"},"endToken":{"kind":19,"text":"class"}},"type":{"!":"com.github.javaparser.ast.type.ClassOrInterfaceType","range":{"beginLine":34,"beginColumn":14,"endLine":34,"endColumn":27},"tokenRange":{"beginToken":{"kind":94,"text":"CompositeFetch"},"endToken":{"kind":94,"text":"CompositeFetch"}},"name":{"!":"com.github.javaparser.ast.expr.SimpleName","range":{"beginLine":34,"beginColumn":14,"endLine":34,"endColumn":27},"tokenRange":{"beginToken":{"kind":94,"text":"CompositeFetch"},"endToken":{"kind":94,"text":"CompositeFetch"}},"identifier":"CompositeFetch"},"annotations":[]}}},"thenStmt":{"!":"com.github.javaparser.ast.stmt.BlockStmt","range":{"beginLine":34,"beginColumn":57,"endLine":40,"endColumn":4},"tokenRange":{"beginToken":{"kind":99,"text":"{"},"endToken":{"kind":100,"text":"}"}},"statements":[{"!":"com.github.javaparser.ast.stmt.ExpressionStmt","range":{"beginLine":35,"beginColumn":5,"endLine":39,"endColumn":37},"tokenRange":{"beginToken":{"kind":94,"text":"resolveEntityKey"},"endToken":{"kind":103,"text":";"}},"expression":{"!":"com.github.javaparser.ast.expr.MethodCallExpr","range":{"beginLine":35,"beginColumn":5,"endLine":39,"endColumn":36},"tokenRange":{"beginToken":{"kind":94,"text":"resolveEntityKey"},"endToken":{"kind":98,"text":")"}},"arguments":[{"!":"com.github.javaparser.ast.expr.NameExpr","range":{"beginLine":36,"beginColumn":7,"endLine":36,"endColumn":15},"tokenRange":{"beginToken":{"kind":94,"text":"resultSet"},"endToken":{"kind":94,"text":"resultSet"}},"name":{"!":"com.github.javaparser.ast.expr.SimpleName","range":{"beginLine":36,"beginColumn":7,"endLine":36,"endColumn":15},"tokenRange":{"beginToken":{"kind":94,"text":"resultSet"},"endToken":{"kind":94,"text":"resultSet"}},"identifier":"resultSet"}},{"!":"com.github.javaparser.ast.expr.NameExpr","range":{"beginLine":37,"beginColumn":7,"endLine":37,"endColumn":13},"tokenRange":{"beginToken":{"kind":94,"text":"context"},"endToken":{"kind":94,"text":"context"}},"name":{"!":"com.github.javaparser.ast.expr.SimpleName","range":{"beginLine":37,"beginColumn":7,"endLine":37,"endColumn":13},"tokenRange":{"beginToken":{"kind":94,"text":"context"},"endToken":{"kind":94,"text":"context"}},"identifier":"context"}},{"!":"com.github.javaparser.ast.expr.CastExpr","range":{"beginLine":38,"beginColumn":7,"endLine":38,"endColumn":28},"tokenRange":{"beginToken":{"kind":97,"text":"("},"endToken":{"kind":94,"text":"fetch"}},"expression":{"!":"com.github.javaparser.ast.expr.NameExpr","range":{"beginLine":38,"beginColumn":24,"endLine":38,"endColumn":28},"tokenRange":{"beginToken":{"kind":94,"text":"fetch"},"endToken":{"kind":94,"text":"fetch"}},"name":{"!":"com.github.javaparser.ast.expr.SimpleName","range":{"beginLine":38,"beginColumn":24,"endLine":38,"endColumn":28},"tokenRange":{"beginToken":{"kind":94,"text":"fetch"},"endToken":{"kind":94,"text":"fetch"}},"identifier":"fetch"}},"type":{"!":"com.github.javaparser.ast.type.ClassOrInterfaceType","range":{"beginLine":38,"beginColumn":8,"endLine":38,"endColumn":21},"tokenRange":{"beginToken":{"kind":94,"text":"CompositeFetch"},"endToken":{"kind":94,"text":"CompositeFetch"}},"name":{"!":"com.github.javaparser.ast.expr.SimpleName","range":{"beginLine":38,"beginColumn":8,"endLine":38,"endColumn":21},"tokenRange":{"beginToken":{"kind":94,"text":"CompositeFetch"},"endToken":{"kind":94,"text":"CompositeFetch"}},"identifier":"CompositeFetch"},"annotations":[]}},{"!":"com.github.javaparser.ast.expr.NameExpr","range":{"beginLine":39,"beginColumn":7,"endLine":39,"endColumn":34},"tokenRange":{"beginToken":{"kind":94,"text":"initializerByEntityReference"},"endToken":{"kind":94,"text":"initializerByEntityReference"}},"name":{"!":"com.github.javaparser.ast.expr.SimpleName","range":{"beginLine":39,"beginColumn":7,"endLine":39,"endColumn":34},"tokenRange":{"beginToken":{"kind":94,"text":"initializerByEntityReference"},"endToken":{"kind":94,"text":"initializerByEntityReference"}},"identifier":"initializerByEntityReference"}}],"name":{"!":"com.github.javaparser.ast.expr.SimpleName","range":{"beginLine":35,"beginColumn":5,"endLine":35,"endColumn":20},"tokenRange":{"beginToken":{"kind":94,"text":"resolveEntityKey"},"endToken":{"kind":94,"text":"resolveEntityKey"}},"identifier":"resolveEntityKey"}}}]}},"thenStmt":{"!":"com.github.javaparser.ast.stmt.BlockStmt","range":{"beginLine":21,"beginColumn":49,"endLine":33,"endColumn":4},"tokenRange":{"beginToken":{"kind":99,"text":"{"},"endToken":{"kind":100,"text":"}"}},"statements":[{"!":"com.github.javaparser.ast.stmt.ExpressionStmt","range":{"beginLine":22,"beginColumn":5,"endLine":22,"endColumn":56},"tokenRange":{"beginToken":{"kind":29,"text":"final"},"endToken":{"kind":103,"text":";"}},"expression":{"!":"com.github.javaparser.ast.expr.VariableDeclarationExpr","range":{"beginLine":22,"beginColumn":5,"endLine":22,"endColumn":55},"tokenRange":{"beginToken":{"kind":29,"text":"final"},"endToken":{"kind":94,"text":"fetch"}},"annotations":[],"modifiers":[{"!":"com.github.javaparser.ast.Modifier","range":{"beginLine":22,"beginColumn":5,"endLine":22,"endColumn":9},"tokenRange":{"beginToken":{"kind":29,"text":"final"},"endToken":{"kind":29,"text":"final"}},"keyword":"FINAL"}],"variables":[{"!":"com.github.javaparser.ast.body.VariableDeclarator","range":{"beginLine":22,"beginColumn":23,"endLine":22,"endColumn":55},"tokenRange":{"beginToken":{"kind":94,"text":"entityFetch"},"endToken":{"kind":94,"text":"fetch"}},"initializer":{"!":"com.github.javaparser.ast.expr.CastExpr","range":{"beginLine":22,"beginColumn":37,"endLine":22,"endColumn":55},"tokenRange":{"beginToken":{"kind":97,"text":"("},"endToken":{"kind":94,"text":"fetch"}},"expression":{"!":"com.github.javaparser.ast.expr.NameExpr","range":{"beginLine":22,"beginColumn":51,"endLine":22,"endColumn":55},"tokenRange":{"beginToken":{"kind":94,"text":"fetch"},"endToken":{"kind":94,"text":"fetch"}},"name":{"!":"com.github.javaparser.ast.expr.SimpleName","range":{"beginLine":22,"beginColumn":51,"endLine":22,"endColumn":55},"tokenRange":{"beginToken":{"kind":94,"text":"fetch"},"endToken":{"kind":94,"text":"fetch"}},"identifier":"fetch"}},"type":{"!":"com.github.javaparser.ast.type.ClassOrInterfaceType","range":{"beginLine":22,"beginColumn":38,"endLine":22,"endColumn":48},"tokenRange":{"beginToken":{"kind":94,"text":"EntityFetch"},"endToken":{"kind":94,"text":"EntityFetch"}},"name":{"!":"com.github.javaparser.ast.expr.SimpleName","range":{"beginLine":22,"beginColumn":38,"endLine":22,"endColumn":48},"tokenRange":{"beginToken":{"kind":94,"text":"EntityFetch"},"endToken":{"kind":94,"text":"EntityFetch"}},"identifier":"EntityFetch"},"annotations":[]}},"name":{"!":"com.github.javaparser.ast.expr.SimpleName","range":{"beginLine":22,"beginColumn":23,"endLine":22,"endColumn":33},"tokenRange":{"beginToken":{"kind":94,"text":"entityFetch"},"endToken":{"kind":94,"text":"entityFetch"}},"identifier":"entityFetch"},"type":{"!":"com.github.javaparser.ast.type.ClassOrInterfaceType","range":{"beginLine":22,"beginColumn":11,"endLine":22,"endColumn":21},"tokenRange":{"beginToken":{"kind":94,"text":"EntityFetch"},"endToken":{"kind":94,"text":"EntityFetch"}},"name":{"!":"com.github.javaparser.ast.expr.SimpleName","range":{"beginLine":22,"beginColumn":11,"endLine":22,"endColumn":21},"tokenRange":{"beginToken":{"kind":94,"text":"EntityFetch"},"endToken":{"kind":94,"text":"EntityFetch"}},"identifier":"EntityFetch"},"annotations":[]}}]}},{"!":"com.github.javaparser.ast.stmt.ExpressionStmt","range":{"beginLine":23,"beginColumn":5,"endLine":23,"endColumn":115},"tokenRange":{"beginToken":{"kind":29,"text":"final"},"endToken":{"kind":103,"text":";"}},"expression":{"!":"com.github.javaparser.ast.expr.VariableDeclarationExpr","range":{"beginLine":23,"beginColumn":5,"endLine":23,"endColumn":114},"tokenRange":{"beginToken":{"kind":29,"text":"final"},"endToken":{"kind":98,"text":")"}},"annotations":[],"modifiers":[{"!":"com.github.javaparser.ast.Modifier","range":{"beginLine":23,"beginColumn":5,"endLine":23,"endColumn":9},"tokenRange":{"beginToken":{"kind":29,"text":"final"},"endToken":{"kind":29,"text":"final"}},"keyword":"FINAL"}],"variables":[{"!":"com.github.javaparser.ast.body.VariableDeclarator","range":{"beginLine":23,"beginColumn":39,"endLine":23,"endColumn":114},"tokenRange":{"beginToken":{"kind":94,"text":"entityReferenceInitializer"},"endToken":{"kind":98,"text":")"}},"initializer":{"!":"com.github.javaparser.ast.expr.MethodCallExpr","range":{"beginLine":23,"beginColumn":68,"endLine":23,"endColumn":114},"tokenRange":{"beginToken":{"kind":94,"text":"initializerByEntityReference"},"endToken":{"kind":98,"text":")"}},"arguments":[{"!":"com.github.javaparser.ast.expr.NameExpr","range":{"beginLine":23,"beginColumn":102,"endLine":23,"endColumn":112},"tokenRange":{"beginToken":{"kind":94,"text":"entityFetch"},"endToken":{"kind":94,"text":"entityFetch"}},"name":{"!":"com.github.javaparser.ast.expr.SimpleName","range":{"beginLine":23,"beginColumn":102,"endLine":23,"endColumn":112},"tokenRange":{"beginToken":{"kind":94,"text":"entityFetch"},"endToken":{"kind":94,"text":"entityFetch"}},"identifier":"entityFetch"}}],"name":{"!":"com.github.javaparser.ast.expr.SimpleName","range":{"beginLine":23,"beginColumn":97,"endLine":23,"endColumn":99},"tokenRange":{"beginToken":{"kind":94,"text":"get"},"endToken":{"kind":94,"text":"get"}},"identifier":"get"},"scope":{"!":"com.github.javaparser.ast.expr.NameExpr","range":{"beginLine":23,"beginColumn":68,"endLine":23,"endColumn":95},"tokenRange":{"beginToken":{"kind":94,"text":"initializerByEntityReference"},"endToken":{"kind":94,"text":"initializerByEntityReference"}},"name":{"!":"com.github.javaparser.ast.expr.SimpleName","range":{"beginLine":23,"beginColumn":68,"endLine":23,"endColumn":95},"tokenRange":{"beginToken":{"kind":94,"text":"initializerByEntityReference"},"endToken":{"kind":94,"text":"initializerByEntityReference"}},"identifier":"initializerByEntityReference"}}},"name":{"!":"com.github.javaparser.ast.expr.SimpleName","range":{"beginLine":23,"beginColumn":39,"endLine":23,"endColumn":64},"tokenRange":{"beginToken":{"kind":94,"text":"entityReferenceInitializer"},"endToken":{"kind":94,"text":"entityReferenceInitializer"}},"identifier":"entityReferenceInitializer"},"type":{"!":"com.github.javaparser.ast.type.ClassOrInterfaceType","range":{"beginLine":23,"beginColumn":11,"endLine":23,"endColumn":36},"tokenRange":{"beginToken":{"kind":94,"text":"EntityReferenceInitializer"},"endToken":{"kind":94,"text":"EntityReferenceInitializer"}},"name":{"!":"com.github.javaparser.ast.expr.SimpleName","range":{"beginLine":23,"beginColumn":11,"endLine":23,"endColumn":36},"tokenRange":{"beginToken":{"kind":94,"text":"EntityReferenceInitializer"},"endToken":{"kind":94,"text":"EntityReferenceInitializer"}},"identifier":"EntityReferenceInitializer"},"annotations":[]}}]}},{"!":"com.github.javaparser.ast.stmt.IfStmt","range":{"beginLine":24,"beginColumn":5,"endLine":32,"endColumn":5},"tokenRange":{"beginToken":{"kind":34,"text":"if"},"endToken":{"kind":100,"text":"}"}},"condition":{"!":"com.github.javaparser.ast.expr.BinaryExpr","range":{"beginLine":24,"beginColumn":10,"endLine":24,"endColumn":43},"tokenRange":{"beginToken":{"kind":94,"text":"entityReferenceInitializer"},"endToken":{"kind":43,"text":"null"}},"left":{"!":"com.github.javaparser.ast.expr.NameExpr","range":{"beginLine":24,"beginColumn":10,"endLine":24,"endColumn":35},"tokenRange":{"beginToken":{"kind":94,"text":"entityReferenceInitializer"},"endToken":{"kind":94,"text":"entityReferenceInitializer"}},"name":{"!":"com.github.javaparser.ast.expr.SimpleName","range":{"beginLine":24,"beginColumn":10,"endLine":24,"endColumn":35},"tokenRange":{"beginToken":{"kind":94,"text":"entityReferenceInitializer"},"endToken":{"kind":94,"text":"entityReferenceInitializer"}},"identifier":"entityReferenceInitializer"}},"operator":"NOT_EQUALS","right":{"!":"com.github.javaparser.ast.expr.NullLiteralExpr","range":{"beginLine":24,"beginColumn":40,"endLine":24,"endColumn":43},"tokenRange":{"beginToken":{"kind":43,"text":"null"},"endToken":{"kind":43,"text":"null"}}}},"thenStmt":{"!":"com.github.javaparser.ast.stmt.BlockStmt","range":{"beginLine":24,"beginColumn":47,"endLine":32,"endColumn":5},"tokenRange":{"beginToken":{"kind":99,"text":"{"},"endToken":{"kind":100,"text":"}"}},"statements":[{"!":"com.github.javaparser.ast.stmt.ExpressionStmt","range":{"beginLine":25,"beginColumn":6,"endLine":30,"endColumn":7},"tokenRange":{"beginToken":{"kind":94,"text":"resolveEntityKey"},"endToken":{"kind":103,"text":";"}},"expression":{"!":"com.github.javaparser.ast.expr.MethodCallExpr","range":{"beginLine":25,"beginColumn":6,"endLine":30,"endColumn":6},"tokenRange":{"beginToken":{"kind":94,"text":"resolveEntityKey"},"endToken":{"kind":98,"text":")"}},"arguments":[{"!":"com.github.javaparser.ast.expr.NameExpr","range":{"beginLine":26,"beginColumn":8,"endLine":26,"endColumn":16},"tokenRange":{"beginToken":{"kind":94,"text":"resultSet"},"endToken":{"kind":94,"text":"resultSet"}},"name":{"!":"com.github.javaparser.ast.expr.SimpleName","range":{"beginLine":26,"beginColumn":8,"endLine":26,"endColumn":16},"tokenRange":{"beginToken":{"kind":94,"text":"resultSet"},"endToken":{"kind":94,"text":"resultSet"}},"identifier":"resultSet"}},{"!":"com.github.javaparser.ast.expr.NameExpr","range":{"beginLine":27,"beginColumn":8,"endLine":27,"endColumn":14},"tokenRange":{"beginToken":{"kind":94,"text":"context"},"endToken":{"kind":94,"text":"context"}},"name":{"!":"com.github.javaparser.ast.expr.SimpleName","range":{"beginLine":27,"beginColumn":8,"endLine":27,"endColumn":14},"tokenRange":{"beginToken":{"kind":94,"text":"context"},"endToken":{"kind":94,"text":"context"}},"identifier":"context"}},{"!":"com.github.javaparser.ast.expr.NameExpr","range":{"beginLine":28,"beginColumn":8,"endLine":28,"endColumn":33},"tokenRange":{"beginToken":{"kind":94,"text":"entityReferenceInitializer"},"endToken":{"kind":94,"text":"entityReferenceInitializer"}},"name":{"!":"com.github.javaparser.ast.expr.SimpleName","range":{"beginLine":28,"beginColumn":8,"endLine":28,"endColumn":33},"tokenRange":{"beginToken":{"kind":94,"text":"entityReferenceInitializer"},"endToken":{"kind":94,"text":"entityReferenceInitializer"}},"identifier":"entityReferenceInitializer"}},{"!":"com.github.javaparser.ast.expr.NameExpr","range":{"beginLine":29,"beginColumn":8,"endLine":29,"endColumn":35},"tokenRange":{"beginToken":{"kind":94,"text":"initializerByEntityReference"},"endToken":{"kind":94,"text":"initializerByEntityReference"}},"name":{"!":"com.github.javaparser.ast.expr.SimpleName","range":{"beginLine":29,"beginColumn":8,"endLine":29,"endColumn":35},"tokenRange":{"beginToken":{"kind":94,"text":"initializerByEntityReference"},"endToken":{"kind":94,"text":"initializerByEntityReference"}},"identifier":"initializerByEntityReference"}}],"name":{"!":"com.github.javaparser.ast.expr.SimpleName","range":{"beginLine":25,"beginColumn":6,"endLine":25,"endColumn":21},"tokenRange":{"beginToken":{"kind":94,"text":"resolveEntityKey"},"endToken":{"kind":94,"text":"resolveEntityKey"}},"identifier":"resolveEntityKey"}}},{"!":"com.github.javaparser.ast.stmt.ExpressionStmt","range":{"beginLine":31,"beginColumn":6,"endLine":31,"endColumn":73},"tokenRange":{"beginToken":{"kind":94,"text":"entityReferenceInitializer"},"endToken":{"kind":103,"text":";"}},"expression":{"!":"com.github.javaparser.ast.expr.MethodCallExpr","range":{"beginLine":31,"beginColumn":6,"endLine":31,"endColumn":72},"tokenRange":{"beginToken":{"kind":94,"text":"entityReferenceInitializer"},"endToken":{"kind":98,"text":")"}},"arguments":[{"!":"com.github.javaparser.ast.expr.NameExpr","range":{"beginLine":31,"beginColumn":53,"endLine":31,"endColumn":61},"tokenRange":{"beginToken":{"kind":94,"text":"resultSet"},"endToken":{"kind":94,"text":"resultSet"}},"name":{"!":"com.github.javaparser.ast.expr.SimpleName","range":{"beginLine":31,"beginColumn":53,"endLine":31,"endColumn":61},"tokenRange":{"beginToken":{"kind":94,"text":"resultSet"},"endToken":{"kind":94,"text":"resultSet"}},"identifier":"resultSet"}},{"!":"com.github.javaparser.ast.expr.NameExpr","range":{"beginLine":31,"beginColumn":64,"endLine":31,"endColumn":70},"tokenRange":{"beginToken":{"kind":94,"text":"context"},"endToken":{"kind":94,"text":"context"}},"name":{"!":"com.github.javaparser.ast.expr.SimpleName","range":{"beginLine":31,"beginColumn":64,"endLine":31,"endColumn":70},"tokenRange":{"beginToken":{"kind":94,"text":"context"},"endToken":{"kind":94,"text":"context"}},"identifier":"context"}}],"name":{"!":"com.github.javaparser.ast.expr.SimpleName","range":{"beginLine":31,"beginColumn":33,"endLine":31,"endColumn":50},"tokenRange":{"beginToken":{"kind":94,"text":"hydrateEntityState"},"endToken":{"kind":94,"text":"hydrateEntityState"}},"identifier":"hydrateEntityState"},"scope":{"!":"com.github.javaparser.ast.expr.NameExpr","range":{"beginLine":31,"beginColumn":6,"endLine":31,"endColumn":31},"tokenRange":{"beginToken":{"kind":94,"text":"entityReferenceInitializer"},"endToken":{"kind":94,"text":"entityReferenceInitializer"}},"name":{"!":"com.github.javaparser.ast.expr.SimpleName","range":{"beginLine":31,"beginColumn":6,"endLine":31,"endColumn":31},"tokenRange":{"beginToken":{"kind":94,"text":"entityReferenceInitializer"},"endToken":{"kind":94,"text":"entityReferenceInitializer"}},"identifier":"entityReferenceInitializer"}}}}]}}]}}]},"iterable":{"!":"com.github.javaparser.ast.expr.MethodCallExpr","range":{"beginLine":20,"beginColumn":23,"endLine":20,"endColumn":46},"tokenRange":{"beginToken":{"kind":94,"text":"fetchSource"},"endToken":{"kind":98,"text":")"}},"arguments":[],"name":{"!":"com.github.javaparser.ast.expr.SimpleName","range":{"beginLine":20,"beginColumn":35,"endLine":20,"endColumn":44},"tokenRange":{"beginToken":{"kind":94,"text":"getFetches"},"endToken":{"kind":94,"text":"getFetches"}},"identifier":"getFetches"},"scope":{"!":"com.github.javaparser.ast.expr.NameExpr","range":{"beginLine":20,"beginColumn":23,"endLine":20,"endColumn":33},"tokenRange":{"beginToken":{"kind":94,"text":"fetchSource"},"endToken":{"kind":94,"text":"fetchSource"}},"name":{"!":"com.github.javaparser.ast.expr.SimpleName","range":{"beginLine":20,"beginColumn":23,"endLine":20,"endColumn":33},"tokenRange":{"beginToken":{"kind":94,"text":"fetchSource"},"endToken":{"kind":94,"text":"fetchSource"}},"identifier":"fetchSource"}}},"variable":{"!":"com.github.javaparser.ast.expr.VariableDeclarationExpr","range":{"beginLine":20,"beginColumn":9,"endLine":20,"endColumn":19},"tokenRange":{"beginToken":{"kind":94,"text":"Fetch"},"endToken":{"kind":94,"text":"fetch"}},"annotations":[],"modifiers":[],"variables":[{"!":"com.github.javaparser.ast.body.VariableDeclarator","range":{"beginLine":20,"beginColumn":15,"endLine":20,"endColumn":19},"tokenRange":{"beginToken":{"kind":94,"text":"fetch"},"endToken":{"kind":94,"text":"fetch"}},"name":{"!":"com.github.javaparser.ast.expr.SimpleName","range":{"beginLine":20,"beginColumn":15,"endLine":20,"endColumn":19},"tokenRange":{"beginToken":{"kind":94,"text":"fetch"},"endToken":{"kind":94,"text":"fetch"}},"identifier":"fetch"},"type":{"!":"com.github.javaparser.ast.type.ClassOrInterfaceType","range":{"beginLine":20,"beginColumn":9,"endLine":20,"endColumn":13},"tokenRange":{"beginToken":{"kind":94,"text":"Fetch"},"endToken":{"kind":94,"text":"Fetch"}},"name":{"!":"com.github.javaparser.ast.expr.SimpleName","range":{"beginLine":20,"beginColumn":9,"endLine":20,"endColumn":13},"tokenRange":{"beginToken":{"kind":94,"text":"Fetch"},"endToken":{"kind":94,"text":"Fetch"}},"identifier":"Fetch"},"annotations":[]}}]}}]},"type":{"!":"com.github.javaparser.ast.type.VoidType","range":{"beginLine":2,"beginColumn":10,"endLine":2,"endColumn":13},"tokenRange":{"beginToken":{"kind":62,"text":"void"},"endToken":{"kind":62,"text":"void"}},"annotations":[]},"modifiers":[{"!":"com.github.javaparser.ast.Modifier","range":{"beginLine":2,"beginColumn":2,"endLine":2,"endColumn":8},"tokenRange":{"beginToken":{"kind":45,"text":"private"},"endToken":{"kind":45,"text":"private"}},"keyword":"PRIVATE"}],"name":{"!":"com.github.javaparser.ast.expr.SimpleName","range":{"beginLine":2,"beginColumn":15,"endLine":2,"endColumn":30},"tokenRange":{"beginToken":{"kind":94,"text":"resolveEntityKey"},"endToken":{"kind":94,"text":"resolveEntityKey"}},"identifier":"resolveEntityKey"},"parameters":[{"!":"com.github.javaparser.ast.body.Parameter","range":{"beginLine":3,"beginColumn":4,"endLine":3,"endColumn":22},"tokenRange":{"beginToken":{"kind":94,"text":"ResultSet"},"endToken":{"kind":94,"text":"resultSet"}},"annotations":[],"isVarArgs":"false","modifiers":[],"name":{"!":"com.github.javaparser.ast.expr.SimpleName","range":{"beginLine":3,"beginColumn":14,"endLine":3,"endColumn":22},"tokenRange":{"beginToken":{"kind":94,"text":"resultSet"},"endToken":{"kind":94,"text":"resultSet"}},"identifier":"resultSet"},"type":{"!":"com.github.javaparser.ast.type.ClassOrInterfaceType","range":{"beginLine":3,"beginColumn":4,"endLine":3,"endColumn":12},"tokenRange":{"beginToken":{"kind":94,"text":"ResultSet"},"endToken":{"kind":94,"text":"ResultSet"}},"name":{"!":"com.github.javaparser.ast.expr.SimpleName","range":{"beginLine":3,"beginColumn":4,"endLine":3,"endColumn":12},"tokenRange":{"beginToken":{"kind":94,"text":"ResultSet"},"endToken":{"kind":94,"text":"ResultSet"}},"identifier":"ResultSet"},"annotations":[]},"varArgsAnnotations":[]},{"!":"com.github.javaparser.ast.body.Parameter","range":{"beginLine":4,"beginColumn":4,"endLine":4,"endColumn":41},"tokenRange":{"beginToken":{"kind":94,"text":"ResultSetProcessingContextImpl"},"endToken":{"kind":94,"text":"context"}},"annotations":[],"isVarArgs":"false","modifiers":[],"name":{"!":"com.github.javaparser.ast.expr.SimpleName","range":{"beginLine":4,"beginColumn":35,"endLine":4,"endColumn":41},"tokenRange":{"beginToken":{"kind":94,"text":"context"},"endToken":{"kind":94,"text":"context"}},"identifier":"context"},"type":{"!":"com.github.javaparser.ast.type.ClassOrInterfaceType","range":{"beginLine":4,"beginColumn":4,"endLine":4,"endColumn":33},"tokenRange":{"beginToken":{"kind":94,"text":"ResultSetProcessingContextImpl"},"endToken":{"kind":94,"text":"ResultSetProcessingContextImpl"}},"name":{"!":"com.github.javaparser.ast.expr.SimpleName","range":{"beginLine":4,"beginColumn":4,"endLine":4,"endColumn":33},"tokenRange":{"beginToken":{"kind":94,"text":"ResultSetProcessingContextImpl"},"endToken":{"kind":94,"text":"ResultSetProcessingContextImpl"}},"identifier":"ResultSetProcessingContextImpl"},"annotations":[]},"varArgsAnnotations":[]},{"!":"com.github.javaparser.ast.body.Parameter","range":{"beginLine":5,"beginColumn":4,"endLine":5,"endColumn":26},"tokenRange":{"beginToken":{"kind":94,"text":"FetchSource"},"endToken":{"kind":94,"text":"fetchSource"}},"annotations":[],"isVarArgs":"false","modifiers":[],"name":{"!":"com.github.javaparser.ast.expr.SimpleName","range":{"beginLine":5,"beginColumn":16,"endLine":5,"endColumn":26},"tokenRange":{"beginToken":{"kind":94,"text":"fetchSource"},"endToken":{"kind":94,"text":"fetchSource"}},"identifier":"fetchSource"},"type":{"!":"com.github.javaparser.ast.type.ClassOrInterfaceType","range":{"beginLine":5,"beginColumn":4,"endLine":5,"endColumn":14},"tokenRange":{"beginToken":{"kind":94,"text":"FetchSource"},"endToken":{"kind":94,"text":"FetchSource"}},"name":{"!":"com.github.javaparser.ast.expr.SimpleName","range":{"beginLine":5,"beginColumn":4,"endLine":5,"endColumn":14},"tokenRange":{"beginToken":{"kind":94,"text":"FetchSource"},"endToken":{"kind":94,"text":"FetchSource"}},"identifier":"FetchSource"},"annotations":[]},"varArgsAnnotations":[]},{"!":"com.github.javaparser.ast.body.Parameter","range":{"beginLine":6,"beginColumn":4,"endLine":6,"endColumn":79},"tokenRange":{"beginToken":{"kind":94,"text":"Map"},"endToken":{"kind":94,"text":"initializerByEntityReference"}},"annotations":[],"isVarArgs":"false","modifiers":[],"name":{"!":"com.github.javaparser.ast.expr.SimpleName","range":{"beginLine":6,"beginColumn":52,"endLine":6,"endColumn":79},"tokenRange":{"beginToken":{"kind":94,"text":"initializerByEntityReference"},"endToken":{"kind":94,"text":"initializerByEntityReference"}},"identifier":"initializerByEntityReference"},"type":{"!":"com.github.javaparser.ast.type.ClassOrInterfaceType","range":{"beginLine":6,"beginColumn":4,"endLine":6,"endColumn":50},"tokenRange":{"beginToken":{"kind":94,"text":"Map"},"endToken":{"kind":146,"text":">"}},"name":{"!":"com.github.javaparser.ast.expr.SimpleName","range":{"beginLine":6,"beginColumn":4,"endLine":6,"endColumn":6},"tokenRange":{"beginToken":{"kind":94,"text":"Map"},"endToken":{"kind":94,"text":"Map"}},"identifier":"Map"},"typeArguments":[{"!":"com.github.javaparser.ast.type.ClassOrInterfaceType","range":{"beginLine":6,"beginColumn":8,"endLine":6,"endColumn":22},"tokenRange":{"beginToken":{"kind":94,"text":"EntityReference"},"endToken":{"kind":94,"text":"EntityReference"}},"name":{"!":"com.github.javaparser.ast.expr.SimpleName","range":{"beginLine":6,"beginColumn":8,"endLine":6,"endColumn":22},"tokenRange":{"beginToken":{"kind":94,"text":"EntityReference"},"endToken":{"kind":94,"text":"EntityReference"}},"identifier":"EntityReference"},"annotations":[]},{"!":"com.github.javaparser.ast.type.ClassOrInterfaceType","range":{"beginLine":6,"beginColumn":24,"endLine":6,"endColumn":49},"tokenRange":{"beginToken":{"kind":94,"text":"EntityReferenceInitializer"},"endToken":{"kind":94,"text":"EntityReferenceInitializer"}},"name":{"!":"com.github.javaparser.ast.expr.SimpleName","range":{"beginLine":6,"beginColumn":24,"endLine":6,"endColumn":49},"tokenRange":{"beginToken":{"kind":94,"text":"EntityReferenceInitializer"},"endToken":{"kind":94,"text":"EntityReferenceInitializer"}},"identifier":"EntityReferenceInitializer"},"annotations":[]}],"annotations":[]},"varArgsAnnotations":[]}],"thrownExceptions":[{"!":"com.github.javaparser.ast.type.ClassOrInterfaceType","range":{"beginLine":6,"beginColumn":89,"endLine":6,"endColumn":100},"tokenRange":{"beginToken":{"kind":94,"text":"SQLException"},"endToken":{"kind":94,"text":"SQLException"}},"name":{"!":"com.github.javaparser.ast.expr.SimpleName","range":{"beginLine":6,"beginColumn":89,"endLine":6,"endColumn":100},"tokenRange":{"beginToken":{"kind":94,"text":"SQLException"},"endToken":{"kind":94,"text":"SQLException"}},"identifier":"SQLException"},"annotations":[]}],"typeParameters":[],"annotations":[]}],"modifiers":[],"name":{"!":"com.github.javaparser.ast.expr.SimpleName","range":{"beginLine":1,"beginColumn":7,"endLine":1,"endColumn":10},"tokenRange":{"beginToken":{"kind":94,"text":"Test"},"endToken":{"kind":94,"text":"Test"}},"identifier":"Test"},"annotations":[]}]}