{"!":"com.github.javaparser.ast.CompilationUnit","range":{"beginLine":1,"beginColumn":1,"endLine":23,"endColumn":2},"tokenRange":{"beginToken":{"kind":19,"text":"class"},"endToken":{"kind":0,"text":""}},"imports":[],"types":[{"!":"com.github.javaparser.ast.body.ClassOrInterfaceDeclaration","range":{"beginLine":1,"beginColumn":1,"endLine":23,"endColumn":2},"tokenRange":{"beginToken":{"kind":19,"text":"class"},"endToken":{"kind":100,"text":"}"}},"extendedTypes":[],"implementedTypes":[],"isInterface":"false","typeParameters":[],"members":[{"!":"com.github.javaparser.ast.body.MethodDeclaration","range":{"beginLine":2,"beginColumn":2,"endLine":21,"endColumn":2},"tokenRange":{"beginToken":{"kind":107,"text":"@"},"endToken":{"kind":100,"text":"}"}},"body":{"!":"com.github.javaparser.ast.stmt.BlockStmt","range":{"beginLine":3,"beginColumn":61,"endLine":21,"endColumn":2},"tokenRange":{"beginToken":{"kind":99,"text":"{"},"endToken":{"kind":100,"text":"}"}},"statements":[{"!":"com.github.javaparser.ast.stmt.ExpressionStmt","range":{"beginLine":4,"beginColumn":3,"endLine":4,"endColumn":72},"tokenRange":{"beginToken":{"kind":94,"text":"CriteriaBuilder"},"endToken":{"kind":103,"text":";"}},"expression":{"!":"com.github.javaparser.ast.expr.VariableDeclarationExpr","range":{"beginLine":4,"beginColumn":3,"endLine":4,"endColumn":71},"tokenRange":{"beginToken":{"kind":94,"text":"CriteriaBuilder"},"endToken":{"kind":98,"text":")"}},"annotations":[],"modifiers":[],"variables":[{"!":"com.github.javaparser.ast.body.VariableDeclarator","range":{"beginLine":4,"beginColumn":19,"endLine":4,"endColumn":71},"tokenRange":{"beginToken":{"kind":94,"text":"builder"},"endToken":{"kind":98,"text":")"}},"initializer":{"!":"com.github.javaparser.ast.expr.MethodCallExpr","range":{"beginLine":4,"beginColumn":29,"endLine":4,"endColumn":71},"tokenRange":{"beginToken":{"kind":94,"text":"entityManagerFactory"},"endToken":{"kind":98,"text":")"}},"arguments":[],"name":{"!":"com.github.javaparser.ast.expr.SimpleName","range":{"beginLine":4,"beginColumn":52,"endLine":4,"endColumn":69},"tokenRange":{"beginToken":{"kind":94,"text":"getCriteriaBuilder"},"endToken":{"kind":94,"text":"getCriteriaBuilder"}},"identifier":"getCriteriaBuilder"},"scope":{"!":"com.github.javaparser.ast.expr.MethodCallExpr","range":{"beginLine":4,"beginColumn":29,"endLine":4,"endColumn":50},"tokenRange":{"beginToken":{"kind":94,"text":"entityManagerFactory"},"endToken":{"kind":98,"text":")"}},"arguments":[],"name":{"!":"com.github.javaparser.ast.expr.SimpleName","range":{"beginLine":4,"beginColumn":29,"endLine":4,"endColumn":48},"tokenRange":{"beginToken":{"kind":94,"text":"entityManagerFactory"},"endToken":{"kind":94,"text":"entityManagerFactory"}},"identifier":"entityManagerFactory"}}},"name":{"!":"com.github.javaparser.ast.expr.SimpleName","range":{"beginLine":4,"beginColumn":19,"endLine":4,"endColumn":25},"tokenRange":{"beginToken":{"kind":94,"text":"builder"},"endToken":{"kind":94,"text":"builder"}},"identifier":"builder"},"type":{"!":"com.github.javaparser.ast.type.ClassOrInterfaceType","range":{"beginLine":4,"beginColumn":3,"endLine":4,"endColumn":17},"tokenRange":{"beginToken":{"kind":94,"text":"CriteriaBuilder"},"endToken":{"kind":94,"text":"CriteriaBuilder"}},"name":{"!":"com.github.javaparser.ast.expr.SimpleName","range":{"beginLine":4,"beginColumn":3,"endLine":4,"endColumn":17},"tokenRange":{"beginToken":{"kind":94,"text":"CriteriaBuilder"},"endToken":{"kind":94,"text":"CriteriaBuilder"}},"identifier":"CriteriaBuilder"},"annotations":[]}}]}},{"!":"com.github.javaparser.ast.stmt.ExpressionStmt","range":{"beginLine":5,"beginColumn":3,"endLine":5,"endColumn":48},"tokenRange":{"beginToken":{"kind":94,"text":"EntityManager"},"endToken":{"kind":103,"text":";"}},"expression":{"!":"com.github.javaparser.ast.expr.VariableDeclarationExpr","range":{"beginLine":5,"beginColumn":3,"endLine":5,"endColumn":47},"tokenRange":{"beginToken":{"kind":94,"text":"EntityManager"},"endToken":{"kind":98,"text":")"}},"annotations":[],"modifiers":[],"variables":[{"!":"com.github.javaparser.ast.body.VariableDeclarator","range":{"beginLine":5,"beginColumn":17,"endLine":5,"endColumn":47},"tokenRange":{"beginToken":{"kind":94,"text":"em"},"endToken":{"kind":98,"text":")"}},"initializer":{"!":"com.github.javaparser.ast.expr.MethodCallExpr","range":{"beginLine":5,"beginColumn":22,"endLine":5,"endColumn":47},"tokenRange":{"beginToken":{"kind":94,"text":"getOrCreateEntityManager"},"endToken":{"kind":98,"text":")"}},"arguments":[],"name":{"!":"com.github.javaparser.ast.expr.SimpleName","range":{"beginLine":5,"beginColumn":22,"endLine":5,"endColumn":45},"tokenRange":{"beginToken":{"kind":94,"text":"getOrCreateEntityManager"},"endToken":{"kind":94,"text":"getOrCreateEntityManager"}},"identifier":"getOrCreateEntityManager"}},"name":{"!":"com.github.javaparser.ast.expr.SimpleName","range":{"beginLine":5,"beginColumn":17,"endLine":5,"endColumn":18},"tokenRange":{"beginToken":{"kind":94,"text":"em"},"endToken":{"kind":94,"text":"em"}},"identifier":"em"},"type":{"!":"com.github.javaparser.ast.type.ClassOrInterfaceType","range":{"beginLine":5,"beginColumn":3,"endLine":5,"endColumn":15},"tokenRange":{"beginToken":{"kind":94,"text":"EntityManager"},"endToken":{"kind":94,"text":"EntityManager"}},"name":{"!":"com.github.javaparser.ast.expr.SimpleName","range":{"beginLine":5,"beginColumn":3,"endLine":5,"endColumn":15},"tokenRange":{"beginToken":{"kind":94,"text":"EntityManager"},"endToken":{"kind":94,"text":"EntityManager"}},"identifier":"EntityManager"},"annotations":[]}}]}},{"!":"com.github.javaparser.ast.stmt.ExpressionStmt","range":{"beginLine":6,"beginColumn":3,"endLine":6,"endColumn":30},"tokenRange":{"beginToken":{"kind":94,"text":"em"},"endToken":{"kind":103,"text":";"}},"expression":{"!":"com.github.javaparser.ast.expr.MethodCallExpr","range":{"beginLine":6,"beginColumn":3,"endLine":6,"endColumn":29},"tokenRange":{"beginToken":{"kind":94,"text":"em"},"endToken":{"kind":98,"text":")"}},"arguments":[],"name":{"!":"com.github.javaparser.ast.expr.SimpleName","range":{"beginLine":6,"beginColumn":23,"endLine":6,"endColumn":27},"tokenRange":{"beginToken":{"kind":94,"text":"begin"},"endToken":{"kind":94,"text":"begin"}},"identifier":"begin"},"scope":{"!":"com.github.javaparser.ast.expr.MethodCallExpr","range":{"beginLine":6,"beginColumn":3,"endLine":6,"endColumn":21},"tokenRange":{"beginToken":{"kind":94,"text":"em"},"endToken":{"kind":98,"text":")"}},"arguments":[],"name":{"!":"com.github.javaparser.ast.expr.SimpleName","range":{"beginLine":6,"beginColumn":6,"endLine":6,"endColumn":19},"tokenRange":{"beginToken":{"kind":94,"text":"getTransaction"},"endToken":{"kind":94,"text":"getTransaction"}},"identifier":"getTransaction"},"scope":{"!":"com.github.javaparser.ast.expr.NameExpr","range":{"beginLine":6,"beginColumn":3,"endLine":6,"endColumn":4},"tokenRange":{"beginToken":{"kind":94,"text":"em"},"endToken":{"kind":94,"text":"em"}},"name":{"!":"com.github.javaparser.ast.expr.SimpleName","range":{"beginLine":6,"beginColumn":3,"endLine":6,"endColumn":4},"tokenRange":{"beginToken":{"kind":94,"text":"em"},"endToken":{"kind":94,"text":"em"}},"identifier":"em"}}}}},{"!":"com.github.javaparser.ast.stmt.ExpressionStmt","range":{"beginLine":8,"beginColumn":3,"endLine":8,"endColumn":69},"tokenRange":{"beginToken":{"kind":94,"text":"CriteriaQuery"},"endToken":{"kind":103,"text":";"}},"expression":{"!":"com.github.javaparser.ast.expr.VariableDeclarationExpr","range":{"beginLine":8,"beginColumn":3,"endLine":8,"endColumn":68},"tokenRange":{"beginToken":{"kind":94,"text":"CriteriaQuery"},"endToken":{"kind":98,"text":")"}},"annotations":[],"modifiers":[],"variables":[{"!":"com.github.javaparser.ast.body.VariableDeclarator","range":{"beginLine":8,"beginColumn":24,"endLine":8,"endColumn":68},"tokenRange":{"beginToken":{"kind":94,"text":"criteria"},"endToken":{"kind":98,"text":")"}},"initializer":{"!":"com.github.javaparser.ast.expr.MethodCallExpr","range":{"beginLine":8,"beginColumn":35,"endLine":8,"endColumn":68},"tokenRange":{"beginToken":{"kind":94,"text":"builder"},"endToken":{"kind":98,"text":")"}},"arguments":[{"!":"com.github.javaparser.ast.expr.ClassExpr","range":{"beginLine":8,"beginColumn":56,"endLine":8,"endColumn":66},"tokenRange":{"beginToken":{"kind":94,"text":"Order"},"endToken":{"kind":19,"text":"class"}},"type":{"!":"com.github.javaparser.ast.type.ClassOrInterfaceType","range":{"beginLine":8,"beginColumn":56,"endLine":8,"endColumn":60},"tokenRange":{"beginToken":{"kind":94,"text":"Order"},"endToken":{"kind":94,"text":"Order"}},"name":{"!":"com.github.javaparser.ast.expr.SimpleName","range":{"beginLine":8,"beginColumn":56,"endLine":8,"endColumn":60},"tokenRange":{"beginToken":{"kind":94,"text":"Order"},"endToken":{"kind":94,"text":"Order"}},"identifier":"Order"},"annotations":[]}}],"name":{"!":"com.github.javaparser.ast.expr.SimpleName","range":{"beginLine":8,"beginColumn":43,"endLine":8,"endColumn":53},"tokenRange":{"beginToken":{"kind":94,"text":"createQuery"},"endToken":{"kind":94,"text":"createQuery"}},"identifier":"createQuery"},"scope":{"!":"com.github.javaparser.ast.expr.NameExpr","range":{"beginLine":8,"beginColumn":35,"endLine":8,"endColumn":41},"tokenRange":{"beginToken":{"kind":94,"text":"builder"},"endToken":{"kind":94,"text":"builder"}},"name":{"!":"com.github.javaparser.ast.expr.SimpleName","range":{"beginLine":8,"beginColumn":35,"endLine":8,"endColumn":41},"tokenRange":{"beginToken":{"kind":94,"text":"builder"},"endToken":{"kind":94,"text":"builder"}},"identifier":"builder"}}},"name":{"!":"com.github.javaparser.ast.expr.SimpleName","range":{"beginLine":8,"beginColumn":24,"endLine":8,"endColumn":31},"tokenRange":{"beginToken":{"kind":94,"text":"criteria"},"endToken":{"kind":94,"text":"criteria"}},"identifier":"criteria"},"type":{"!":"com.github.javaparser.ast.type.ClassOrInterfaceType","range":{"beginLine":8,"beginColumn":3,"endLine":8,"endColumn":22},"tokenRange":{"beginToken":{"kind":94,"text":"CriteriaQuery"},"endToken":{"kind":146,"text":">"}},"name":{"!":"com.github.javaparser.ast.expr.SimpleName","range":{"beginLine":8,"beginColumn":3,"endLine":8,"endColumn":15},"tokenRange":{"beginToken":{"kind":94,"text":"CriteriaQuery"},"endToken":{"kind":94,"text":"CriteriaQuery"}},"identifier":"CriteriaQuery"},"typeArguments":[{"!":"com.github.javaparser.ast.type.ClassOrInterfaceType","range":{"beginLine":8,"beginColumn":17,"endLine":8,"endColumn":21},"tokenRange":{"beginToken":{"kind":94,"text":"Order"},"endToken":{"kind":94,"text":"Order"}},"name":{"!":"com.github.javaparser.ast.expr.SimpleName","range":{"beginLine":8,"beginColumn":17,"endLine":8,"endColumn":21},"tokenRange":{"beginToken":{"kind":94,"text":"Order"},"endToken":{"kind":94,"text":"Order"}},"identifier":"Order"},"annotations":[]}],"annotations":[]}}]}},{"!":"com.github.javaparser.ast.stmt.ExpressionStmt","range":{"beginLine":9,"beginColumn":3,"endLine":9,"endColumn":55},"tokenRange":{"beginToken":{"kind":94,"text":"Root"},"endToken":{"kind":103,"text":";"}},"expression":{"!":"com.github.javaparser.ast.expr.VariableDeclarationExpr","range":{"beginLine":9,"beginColumn":3,"endLine":9,"endColumn":54},"tokenRange":{"beginToken":{"kind":94,"text":"Root"},"endToken":{"kind":98,"text":")"}},"annotations":[],"modifiers":[],"variables":[{"!":"com.github.javaparser.ast.body.VariableDeclarator","range":{"beginLine":9,"beginColumn":15,"endLine":9,"endColumn":54},"tokenRange":{"beginToken":{"kind":94,"text":"orderRoot"},"endToken":{"kind":98,"text":")"}},"initializer":{"!":"com.github.javaparser.ast.expr.MethodCallExpr","range":{"beginLine":9,"beginColumn":27,"endLine":9,"endColumn":54},"tokenRange":{"beginToken":{"kind":94,"text":"criteria"},"endToken":{"kind":98,"text":")"}},"arguments":[{"!":"com.github.javaparser.ast.expr.ClassExpr","range":{"beginLine":9,"beginColumn":42,"endLine":9,"endColumn":52},"tokenRange":{"beginToken":{"kind":94,"text":"Order"},"endToken":{"kind":19,"text":"class"}},"type":{"!":"com.github.javaparser.ast.type.ClassOrInterfaceType","range":{"beginLine":9,"beginColumn":42,"endLine":9,"endColumn":46},"tokenRange":{"beginToken":{"kind":94,"text":"Order"},"endToken":{"kind":94,"text":"Order"}},"name":{"!":"com.github.javaparser.ast.expr.SimpleName","range":{"beginLine":9,"beginColumn":42,"endLine":9,"endColumn":46},"tokenRange":{"beginToken":{"kind":94,"text":"Order"},"endToken":{"kind":94,"text":"Order"}},"identifier":"Order"},"annotations":[]}}],"name":{"!":"com.github.javaparser.ast.expr.SimpleName","range":{"beginLine":9,"beginColumn":36,"endLine":9,"endColumn":39},"tokenRange":{"beginToken":{"kind":94,"text":"from"},"endToken":{"kind":94,"text":"from"}},"identifier":"from"},"scope":{"!":"com.github.javaparser.ast.expr.NameExpr","range":{"beginLine":9,"beginColumn":27,"endLine":9,"endColumn":34},"tokenRange":{"beginToken":{"kind":94,"text":"criteria"},"endToken":{"kind":94,"text":"criteria"}},"name":{"!":"com.github.javaparser.ast.expr.SimpleName","range":{"beginLine":9,"beginColumn":27,"endLine":9,"endColumn":34},"tokenRange":{"beginToken":{"kind":94,"text":"criteria"},"endToken":{"kind":94,"text":"criteria"}},"identifier":"criteria"}}},"name":{"!":"com.github.javaparser.ast.expr.SimpleName","range":{"beginLine":9,"beginColumn":15,"endLine":9,"endColumn":23},"tokenRange":{"beginToken":{"kind":94,"text":"orderRoot"},"endToken":{"kind":94,"text":"orderRoot"}},"identifier":"orderRoot"},"type":{"!":"com.github.javaparser.ast.type.ClassOrInterfaceType","range":{"beginLine":9,"beginColumn":3,"endLine":9,"endColumn":13},"tokenRange":{"beginToken":{"kind":94,"text":"Root"},"endToken":{"kind":146,"text":">"}},"name":{"!":"com.github.javaparser.ast.expr.SimpleName","range":{"beginLine":9,"beginColumn":3,"endLine":9,"endColumn":6},"tokenRange":{"beginToken":{"kind":94,"text":"Root"},"endToken":{"kind":94,"text":"Root"}},"identifier":"Root"},"typeArguments":[{"!":"com.github.javaparser.ast.type.ClassOrInterfaceType","range":{"beginLine":9,"beginColumn":8,"endLine":9,"endColumn":12},"tokenRange":{"beginToken":{"kind":94,"text":"Order"},"endToken":{"kind":94,"text":"Order"}},"name":{"!":"com.github.javaparser.ast.expr.SimpleName","range":{"beginLine":9,"beginColumn":8,"endLine":9,"endColumn":12},"tokenRange":{"beginToken":{"kind":94,"text":"Order"},"endToken":{"kind":94,"text":"Order"}},"identifier":"Order"},"annotations":[]}],"annotations":[]}}]}},{"!":"com.github.javaparser.ast.stmt.ExpressionStmt","range":{"beginLine":10,"beginColumn":3,"endLine":10,"endColumn":31},"tokenRange":{"beginToken":{"kind":94,"text":"criteria"},"endToken":{"kind":103,"text":";"}},"expression":{"!":"com.github.javaparser.ast.expr.MethodCallExpr","range":{"beginLine":10,"beginColumn":3,"endLine":10,"endColumn":30},"tokenRange":{"beginToken":{"kind":94,"text":"criteria"},"endToken":{"kind":98,"text":")"}},"arguments":[{"!":"com.github.javaparser.ast.expr.NameExpr","range":{"beginLine":10,"beginColumn":20,"endLine":10,"endColumn":28},"tokenRange":{"beginToken":{"kind":94,"text":"orderRoot"},"endToken":{"kind":94,"text":"orderRoot"}},"name":{"!":"com.github.javaparser.ast.expr.SimpleName","range":{"beginLine":10,"beginColumn":20,"endLine":10,"endColumn":28},"tokenRange":{"beginToken":{"kind":94,"text":"orderRoot"},"endToken":{"kind":94,"text":"orderRoot"}},"identifier":"orderRoot"}}],"name":{"!":"com.github.javaparser.ast.expr.SimpleName","range":{"beginLine":10,"beginColumn":12,"endLine":10,"endColumn":17},"tokenRange":{"beginToken":{"kind":94,"text":"select"},"endToken":{"kind":94,"text":"select"}},"identifier":"select"},"scope":{"!":"com.github.javaparser.ast.expr.NameExpr","range":{"beginLine":10,"beginColumn":3,"endLine":10,"endColumn":10},"tokenRange":{"beginToken":{"kind":94,"text":"criteria"},"endToken":{"kind":94,"text":"criteria"}},"name":{"!":"com.github.javaparser.ast.expr.SimpleName","range":{"beginLine":10,"beginColumn":3,"endLine":10,"endColumn":10},"tokenRange":{"beginToken":{"kind":94,"text":"criteria"},"endToken":{"kind":94,"text":"criteria"}},"identifier":"criteria"}}}},{"!":"com.github.javaparser.ast.stmt.ExpressionStmt","range":{"beginLine":12,"beginColumn":3,"endLine":12,"endColumn":76},"tokenRange":{"beginToken":{"kind":94,"text":"Subquery"},"endToken":{"kind":103,"text":";"}},"expression":{"!":"com.github.javaparser.ast.expr.VariableDeclarationExpr","range":{"beginLine":12,"beginColumn":3,"endLine":12,"endColumn":75},"tokenRange":{"beginToken":{"kind":94,"text":"Subquery"},"endToken":{"kind":98,"text":")"}},"annotations":[],"modifiers":[],"variables":[{"!":"com.github.javaparser.ast.body.VariableDeclarator","range":{"beginLine":12,"beginColumn":22,"endLine":12,"endColumn":75},"tokenRange":{"beginToken":{"kind":94,"text":"customerSubquery"},"endToken":{"kind":98,"text":")"}},"initializer":{"!":"com.github.javaparser.ast.expr.MethodCallExpr","range":{"beginLine":12,"beginColumn":41,"endLine":12,"endColumn":75},"tokenRange":{"beginToken":{"kind":94,"text":"criteria"},"endToken":{"kind":98,"text":")"}},"arguments":[{"!":"com.github.javaparser.ast.expr.ClassExpr","range":{"beginLine":12,"beginColumn":60,"endLine":12,"endColumn":73},"tokenRange":{"beginToken":{"kind":94,"text":"Customer"},"endToken":{"kind":19,"text":"class"}},"type":{"!":"com.github.javaparser.ast.type.ClassOrInterfaceType","range":{"beginLine":12,"beginColumn":60,"endLine":12,"endColumn":67},"tokenRange":{"beginToken":{"kind":94,"text":"Customer"},"endToken":{"kind":94,"text":"Customer"}},"name":{"!":"com.github.javaparser.ast.expr.SimpleName","range":{"beginLine":12,"beginColumn":60,"endLine":12,"endColumn":67},"tokenRange":{"beginToken":{"kind":94,"text":"Customer"},"endToken":{"kind":94,"text":"Customer"}},"identifier":"Customer"},"annotations":[]}}],"name":{"!":"com.github.javaparser.ast.expr.SimpleName","range":{"beginLine":12,"beginColumn":50,"endLine":12,"endColumn":57},"tokenRange":{"beginToken":{"kind":94,"text":"subquery"},"endToken":{"kind":94,"text":"subquery"}},"identifier":"subquery"},"scope":{"!":"com.github.javaparser.ast.expr.NameExpr","range":{"beginLine":12,"beginColumn":41,"endLine":12,"endColumn":48},"tokenRange":{"beginToken":{"kind":94,"text":"criteria"},"endToken":{"kind":94,"text":"criteria"}},"name":{"!":"com.github.javaparser.ast.expr.SimpleName","range":{"beginLine":12,"beginColumn":41,"endLine":12,"endColumn":48},"tokenRange":{"beginToken":{"kind":94,"text":"criteria"},"endToken":{"kind":94,"text":"criteria"}},"identifier":"criteria"}}},"name":{"!":"com.github.javaparser.ast.expr.SimpleName","range":{"beginLine":12,"beginColumn":22,"endLine":12,"endColumn":37},"tokenRange":{"beginToken":{"kind":94,"text":"customerSubquery"},"endToken":{"kind":94,"text":"customerSubquery"}},"identifier":"customerSubquery"},"type":{"!":"com.github.javaparser.ast.type.ClassOrInterfaceType","range":{"beginLine":12,"beginColumn":3,"endLine":12,"endColumn":20},"tokenRange":{"beginToken":{"kind":94,"text":"Subquery"},"endToken":{"kind":146,"text":">"}},"name":{"!":"com.github.javaparser.ast.expr.SimpleName","range":{"beginLine":12,"beginColumn":3,"endLine":12,"endColumn":10},"tokenRange":{"beginToken":{"kind":94,"text":"Subquery"},"endToken":{"kind":94,"text":"Subquery"}},"identifier":"Subquery"},"typeArguments":[{"!":"com.github.javaparser.ast.type.ClassOrInterfaceType","range":{"beginLine":12,"beginColumn":12,"endLine":12,"endColumn":19},"tokenRange":{"beginToken":{"kind":94,"text":"Customer"},"endToken":{"kind":94,"text":"Customer"}},"name":{"!":"com.github.javaparser.ast.expr.SimpleName","range":{"beginLine":12,"beginColumn":12,"endLine":12,"endColumn":19},"tokenRange":{"beginToken":{"kind":94,"text":"Customer"},"endToken":{"kind":94,"text":"Customer"}},"identifier":"Customer"},"annotations":[]}],"annotations":[]}}]},"comment":{"!":"com.github.javaparser.ast.comments.LineComment","range":{"beginLine":11,"beginColumn":3,"endLine":11,"endColumn":31},"tokenRange":{"beginToken":{"kind":5,"text":"// create correlated subquery"},"endToken":{"kind":5,"text":"// create correlated subquery"}},"content":" create correlated subquery"}},{"!":"com.github.javaparser.ast.stmt.ExpressionStmt","range":{"beginLine":13,"beginColumn":3,"endLine":13,"endColumn":77},"tokenRange":{"beginToken":{"kind":94,"text":"Root"},"endToken":{"kind":103,"text":";"}},"expression":{"!":"com.github.javaparser.ast.expr.VariableDeclarationExpr","range":{"beginLine":13,"beginColumn":3,"endLine":13,"endColumn":76},"tokenRange":{"beginToken":{"kind":94,"text":"Root"},"endToken":{"kind":98,"text":")"}},"annotations":[],"modifiers":[],"variables":[{"!":"com.github.javaparser.ast.body.VariableDeclarator","range":{"beginLine":13,"beginColumn":15,"endLine":13,"endColumn":76},"tokenRange":{"beginToken":{"kind":94,"text":"orderRootCorrelation"},"endToken":{"kind":98,"text":")"}},"initializer":{"!":"com.github.javaparser.ast.expr.MethodCallExpr","range":{"beginLine":13,"beginColumn":38,"endLine":13,"endColumn":76},"tokenRange":{"beginToken":{"kind":94,"text":"customerSubquery"},"endToken":{"kind":98,"text":")"}},"arguments":[{"!":"com.github.javaparser.ast.expr.NameExpr","range":{"beginLine":13,"beginColumn":66,"endLine":13,"endColumn":74},"tokenRange":{"beginToken":{"kind":94,"text":"orderRoot"},"endToken":{"kind":94,"text":"orderRoot"}},"name":{"!":"com.github.javaparser.ast.expr.SimpleName","range":{"beginLine":13,"beginColumn":66,"endLine":13,"endColumn":74},"tokenRange":{"beginToken":{"kind":94,"text":"orderRoot"},"endToken":{"kind":94,"text":"orderRoot"}},"identifier":"orderRoot"}}],"name":{"!":"com.github.javaparser.ast.expr.SimpleName","range":{"beginLine":13,"beginColumn":55,"endLine":13,"endColumn":63},"tokenRange":{"beginToken":{"kind":94,"text":"correlate"},"endToken":{"kind":94,"text":"correlate"}},"identifier":"correlate"},"scope":{"!":"com.github.javaparser.ast.expr.NameExpr","range":{"beginLine":13,"beginColumn":38,"endLine":13,"endColumn":53},"tokenRange":{"beginToken":{"kind":94,"text":"customerSubquery"},"endToken":{"kind":94,"text":"customerSubquery"}},"name":{"!":"com.github.javaparser.ast.expr.SimpleName","range":{"beginLine":13,"beginColumn":38,"endLine":13,"endColumn":53},"tokenRange":{"beginToken":{"kind":94,"text":"customerSubquery"},"endToken":{"kind":94,"text":"customerSubquery"}},"identifier":"customerSubquery"}}},"name":{"!":"com.github.javaparser.ast.expr.SimpleName","range":{"beginLine":13,"beginColumn":15,"endLine":13,"endColumn":34},"tokenRange":{"beginToken":{"kind":94,"text":"orderRootCorrelation"},"endToken":{"kind":94,"text":"orderRootCorrelation"}},"identifier":"orderRootCorrelation"},"type":{"!":"com.github.javaparser.ast.type.ClassOrInterfaceType","range":{"beginLine":13,"beginColumn":3,"endLine":13,"endColumn":13},"tokenRange":{"beginToken":{"kind":94,"text":"Root"},"endToken":{"kind":146,"text":">"}},"name":{"!":"com.github.javaparser.ast.expr.SimpleName","range":{"beginLine":13,"beginColumn":3,"endLine":13,"endColumn":6},"tokenRange":{"beginToken":{"kind":94,"text":"Root"},"endToken":{"kind":94,"text":"Root"}},"identifier":"Root"},"typeArguments":[{"!":"com.github.javaparser.ast.type.ClassOrInterfaceType","range":{"beginLine":13,"beginColumn":8,"endLine":13,"endColumn":12},"tokenRange":{"beginToken":{"kind":94,"text":"Order"},"endToken":{"kind":94,"text":"Order"}},"name":{"!":"com.github.javaparser.ast.expr.SimpleName","range":{"beginLine":13,"beginColumn":8,"endLine":13,"endColumn":12},"tokenRange":{"beginToken":{"kind":94,"text":"Order"},"endToken":{"kind":94,"text":"Order"}},"identifier":"Order"},"annotations":[]}],"annotations":[]}}]}},{"!":"com.github.javaparser.ast.stmt.ExpressionStmt","range":{"beginLine":14,"beginColumn":3,"endLine":14,"endColumn":84},"tokenRange":{"beginToken":{"kind":94,"text":"Join"},"endToken":{"kind":103,"text":";"}},"expression":{"!":"com.github.javaparser.ast.expr.VariableDeclarationExpr","range":{"beginLine":14,"beginColumn":3,"endLine":14,"endColumn":83},"tokenRange":{"beginToken":{"kind":94,"text":"Join"},"endToken":{"kind":98,"text":")"}},"annotations":[],"modifiers":[],"variables":[{"!":"com.github.javaparser.ast.body.VariableDeclarator","range":{"beginLine":14,"beginColumn":25,"endLine":14,"endColumn":83},"tokenRange":{"beginToken":{"kind":94,"text":"orderCustomerJoin"},"endToken":{"kind":98,"text":")"}},"initializer":{"!":"com.github.javaparser.ast.expr.MethodCallExpr","range":{"beginLine":14,"beginColumn":45,"endLine":14,"endColumn":83},"tokenRange":{"beginToken":{"kind":94,"text":"orderRootCorrelation"},"endToken":{"kind":98,"text":")"}},"arguments":[{"!":"com.github.javaparser.ast.expr.StringLiteralExpr","range":{"beginLine":14,"beginColumn":72,"endLine":14,"endColumn":81},"tokenRange":{"beginToken":{"kind":90,"text":"\"customer\""},"endToken":{"kind":90,"text":"\"customer\""}},"value":"customer"}],"name":{"!":"com.github.javaparser.ast.expr.SimpleName","range":{"beginLine":14,"beginColumn":66,"endLine":14,"endColumn":69},"tokenRange":{"beginToken":{"kind":94,"text":"join"},"endToken":{"kind":94,"text":"join"}},"identifier":"join"},"scope":{"!":"com.github.javaparser.ast.expr.NameExpr","range":{"beginLine":14,"beginColumn":45,"endLine":14,"endColumn":64},"tokenRange":{"beginToken":{"kind":94,"text":"orderRootCorrelation"},"endToken":{"kind":94,"text":"orderRootCorrelation"}},"name":{"!":"com.github.javaparser.ast.expr.SimpleName","range":{"beginLine":14,"beginColumn":45,"endLine":14,"endColumn":64},"tokenRange":{"beginToken":{"kind":94,"text":"orderRootCorrelation"},"endToken":{"kind":94,"text":"orderRootCorrelation"}},"identifier":"orderRootCorrelation"}}},"name":{"!":"com.github.javaparser.ast.expr.SimpleName","range":{"beginLine":14,"beginColumn":25,"endLine":14,"endColumn":41},"tokenRange":{"beginToken":{"kind":94,"text":"orderCustomerJoin"},"endToken":{"kind":94,"text":"orderCustomerJoin"}},"identifier":"orderCustomerJoin"},"type":{"!":"com.github.javaparser.ast.type.ClassOrInterfaceType","range":{"beginLine":14,"beginColumn":3,"endLine":14,"endColumn":23},"tokenRange":{"beginToken":{"kind":94,"text":"Join"},"endToken":{"kind":146,"text":">"}},"name":{"!":"com.github.javaparser.ast.expr.SimpleName","range":{"beginLine":14,"beginColumn":3,"endLine":14,"endColumn":6},"tokenRange":{"beginToken":{"kind":94,"text":"Join"},"endToken":{"kind":94,"text":"Join"}},"identifier":"Join"},"typeArguments":[{"!":"com.github.javaparser.ast.type.ClassOrInterfaceType","range":{"beginLine":14,"beginColumn":8,"endLine":14,"endColumn":12},"tokenRange":{"beginToken":{"kind":94,"text":"Order"},"endToken":{"kind":94,"text":"Order"}},"name":{"!":"com.github.javaparser.ast.expr.SimpleName","range":{"beginLine":14,"beginColumn":8,"endLine":14,"endColumn":12},"tokenRange":{"beginToken":{"kind":94,"text":"Order"},"endToken":{"kind":94,"text":"Order"}},"identifier":"Order"},"annotations":[]},{"!":"com.github.javaparser.ast.type.ClassOrInterfaceType","range":{"beginLine":14,"beginColumn":15,"endLine":14,"endColumn":22},"tokenRange":{"beginToken":{"kind":94,"text":"Customer"},"endToken":{"kind":94,"text":"Customer"}},"name":{"!":"com.github.javaparser.ast.expr.SimpleName","range":{"beginLine":14,"beginColumn":15,"endLine":14,"endColumn":22},"tokenRange":{"beginToken":{"kind":94,"text":"Customer"},"endToken":{"kind":94,"text":"Customer"}},"identifier":"Customer"},"annotations":[]}],"annotations":[]}}]}},{"!":"com.github.javaparser.ast.stmt.ExpressionStmt","range":{"beginLine":15,"beginColumn":3,"endLine":15,"endColumn":95},"tokenRange":{"beginToken":{"kind":94,"text":"customerSubquery"},"endToken":{"kind":103,"text":";"}},"expression":{"!":"com.github.javaparser.ast.expr.MethodCallExpr","range":{"beginLine":15,"beginColumn":3,"endLine":15,"endColumn":94},"tokenRange":{"beginToken":{"kind":94,"text":"customerSubquery"},"endToken":{"kind":98,"text":")"}},"arguments":[{"!":"com.github.javaparser.ast.expr.MethodCallExpr","range":{"beginLine":15,"beginColumn":27,"endLine":15,"endColumn":92},"tokenRange":{"beginToken":{"kind":94,"text":"builder"},"endToken":{"kind":98,"text":")"}},"arguments":[{"!":"com.github.javaparser.ast.expr.MethodCallExpr","range":{"beginLine":15,"beginColumn":41,"endLine":15,"endColumn":79},"tokenRange":{"beginToken":{"kind":94,"text":"orderCustomerJoin"},"endToken":{"kind":98,"text":")"}},"arguments":[{"!":"com.github.javaparser.ast.expr.StringLiteralExpr","range":{"beginLine":15,"beginColumn":72,"endLine":15,"endColumn":77},"tokenRange":{"beginToken":{"kind":90,"text":"\"name\""},"endToken":{"kind":90,"text":"\"name\""}},"value":"name"}],"name":{"!":"com.github.javaparser.ast.expr.SimpleName","range":{"beginLine":15,"beginColumn":67,"endLine":15,"endColumn":69},"tokenRange":{"beginToken":{"kind":94,"text":"get"},"endToken":{"kind":94,"text":"get"}},"identifier":"get"},"scope":{"!":"com.github.javaparser.ast.expr.NameExpr","range":{"beginLine":15,"beginColumn":41,"endLine":15,"endColumn":57},"tokenRange":{"beginToken":{"kind":94,"text":"orderCustomerJoin"},"endToken":{"kind":94,"text":"orderCustomerJoin"}},"name":{"!":"com.github.javaparser.ast.expr.SimpleName","range":{"beginLine":15,"beginColumn":41,"endLine":15,"endColumn":57},"tokenRange":{"beginToken":{"kind":94,"text":"orderCustomerJoin"},"endToken":{"kind":94,"text":"orderCustomerJoin"}},"identifier":"orderCustomerJoin"}},"typeArguments":[{"!":"com.github.javaparser.ast.type.ClassOrInterfaceType","range":{"beginLine":15,"beginColumn":60,"endLine":15,"endColumn":65},"tokenRange":{"beginToken":{"kind":94,"text":"String"},"endToken":{"kind":94,"text":"String"}},"name":{"!":"com.github.javaparser.ast.expr.SimpleName","range":{"beginLine":15,"beginColumn":60,"endLine":15,"endColumn":65},"tokenRange":{"beginToken":{"kind":94,"text":"String"},"endToken":{"kind":94,"text":"String"}},"identifier":"String"},"annotations":[]}]},{"!":"com.github.javaparser.ast.expr.StringLiteralExpr","range":{"beginLine":15,"beginColumn":82,"endLine":15,"endColumn":90},"tokenRange":{"beginToken":{"kind":90,"text":"\"%Caruso\""},"endToken":{"kind":90,"text":"\"%Caruso\""}},"value":"%Caruso"}],"name":{"!":"com.github.javaparser.ast.expr.SimpleName","range":{"beginLine":15,"beginColumn":35,"endLine":15,"endColumn":38},"tokenRange":{"beginToken":{"kind":94,"text":"like"},"endToken":{"kind":94,"text":"like"}},"identifier":"like"},"scope":{"!":"com.github.javaparser.ast.expr.NameExpr","range":{"beginLine":15,"beginColumn":27,"endLine":15,"endColumn":33},"tokenRange":{"beginToken":{"kind":94,"text":"builder"},"endToken":{"kind":94,"text":"builder"}},"name":{"!":"com.github.javaparser.ast.expr.SimpleName","range":{"beginLine":15,"beginColumn":27,"endLine":15,"endColumn":33},"tokenRange":{"beginToken":{"kind":94,"text":"builder"},"endToken":{"kind":94,"text":"builder"}},"identifier":"builder"}}}],"name":{"!":"com.github.javaparser.ast.expr.SimpleName","range":{"beginLine":15,"beginColumn":20,"endLine":15,"endColumn":24},"tokenRange":{"beginToken":{"kind":94,"text":"where"},"endToken":{"kind":94,"text":"where"}},"identifier":"where"},"scope":{"!":"com.github.javaparser.ast.expr.NameExpr","range":{"beginLine":15,"beginColumn":3,"endLine":15,"endColumn":18},"tokenRange":{"beginToken":{"kind":94,"text":"customerSubquery"},"endToken":{"kind":94,"text":"customerSubquery"}},"name":{"!":"com.github.javaparser.ast.expr.SimpleName","range":{"beginLine":15,"beginColumn":3,"endLine":15,"endColumn":18},"tokenRange":{"beginToken":{"kind":94,"text":"customerSubquery"},"endToken":{"kind":94,"text":"customerSubquery"}},"identifier":"customerSubquery"}}}},{"!":"com.github.javaparser.ast.stmt.ExpressionStmt","range":{"beginLine":16,"beginColumn":3,"endLine":16,"endColumn":55},"tokenRange":{"beginToken":{"kind":94,"text":"criteria"},"endToken":{"kind":103,"text":";"}},"expression":{"!":"com.github.javaparser.ast.expr.MethodCallExpr","range":{"beginLine":16,"beginColumn":3,"endLine":16,"endColumn":54},"tokenRange":{"beginToken":{"kind":94,"text":"criteria"},"endToken":{"kind":98,"text":")"}},"arguments":[{"!":"com.github.javaparser.ast.expr.MethodCallExpr","range":{"beginLine":16,"beginColumn":19,"endLine":16,"endColumn":52},"tokenRange":{"beginToken":{"kind":94,"text":"builder"},"endToken":{"kind":98,"text":")"}},"arguments":[{"!":"com.github.javaparser.ast.expr.NameExpr","range":{"beginLine":16,"beginColumn":35,"endLine":16,"endColumn":50},"tokenRange":{"beginToken":{"kind":94,"text":"customerSubquery"},"endToken":{"kind":94,"text":"customerSubquery"}},"name":{"!":"com.github.javaparser.ast.expr.SimpleName","range":{"beginLine":16,"beginColumn":35,"endLine":16,"endColumn":50},"tokenRange":{"beginToken":{"kind":94,"text":"customerSubquery"},"endToken":{"kind":94,"text":"customerSubquery"}},"identifier":"customerSubquery"}}],"name":{"!":"com.github.javaparser.ast.expr.SimpleName","range":{"beginLine":16,"beginColumn":27,"endLine":16,"endColumn":32},"tokenRange":{"beginToken":{"kind":94,"text":"exists"},"endToken":{"kind":94,"text":"exists"}},"identifier":"exists"},"scope":{"!":"com.github.javaparser.ast.expr.NameExpr","range":{"beginLine":16,"beginColumn":19,"endLine":16,"endColumn":25},"tokenRange":{"beginToken":{"kind":94,"text":"builder"},"endToken":{"kind":94,"text":"builder"}},"name":{"!":"com.github.javaparser.ast.expr.SimpleName","range":{"beginLine":16,"beginColumn":19,"endLine":16,"endColumn":25},"tokenRange":{"beginToken":{"kind":94,"text":"builder"},"endToken":{"kind":94,"text":"builder"}},"identifier":"builder"}}}],"name":{"!":"com.github.javaparser.ast.expr.SimpleName","range":{"beginLine":16,"beginColumn":12,"endLine":16,"endColumn":16},"tokenRange":{"beginToken":{"kind":94,"text":"where"},"endToken":{"kind":94,"text":"where"}},"identifier":"where"},"scope":{"!":"com.github.javaparser.ast.expr.NameExpr","range":{"beginLine":16,"beginColumn":3,"endLine":16,"endColumn":10},"tokenRange":{"beginToken":{"kind":94,"text":"criteria"},"endToken":{"kind":94,"text":"criteria"}},"name":{"!":"com.github.javaparser.ast.expr.SimpleName","range":{"beginLine":16,"beginColumn":3,"endLine":16,"endColumn":10},"tokenRange":{"beginToken":{"kind":94,"text":"criteria"},"endToken":{"kind":94,"text":"criteria"}},"identifier":"criteria"}}}},{"!":"com.github.javaparser.ast.stmt.ExpressionStmt","range":{"beginLine":17,"beginColumn":3,"endLine":17,"endColumn":45},"tokenRange":{"beginToken":{"kind":94,"text":"em"},"endToken":{"kind":103,"text":";"}},"expression":{"!":"com.github.javaparser.ast.expr.MethodCallExpr","range":{"beginLine":17,"beginColumn":3,"endLine":17,"endColumn":44},"tokenRange":{"beginToken":{"kind":94,"text":"em"},"endToken":{"kind":98,"text":")"}},"arguments":[],"name":{"!":"com.github.javaparser.ast.expr.SimpleName","range":{"beginLine":17,"beginColumn":30,"endLine":17,"endColumn":42},"tokenRange":{"beginToken":{"kind":94,"text":"getResultList"},"endToken":{"kind":94,"text":"getResultList"}},"identifier":"getResultList"},"scope":{"!":"com.github.javaparser.ast.expr.MethodCallExpr","range":{"beginLine":17,"beginColumn":3,"endLine":17,"endColumn":28},"tokenRange":{"beginToken":{"kind":94,"text":"em"},"endToken":{"kind":98,"text":")"}},"arguments":[{"!":"com.github.javaparser.ast.expr.NameExpr","range":{"beginLine":17,"beginColumn":19,"endLine":17,"endColumn":26},"tokenRange":{"beginToken":{"kind":94,"text":"criteria"},"endToken":{"kind":94,"text":"criteria"}},"name":{"!":"com.github.javaparser.ast.expr.SimpleName","range":{"beginLine":17,"beginColumn":19,"endLine":17,"endColumn":26},"tokenRange":{"beginToken":{"kind":94,"text":"criteria"},"endToken":{"kind":94,"text":"criteria"}},"identifier":"criteria"}}],"name":{"!":"com.github.javaparser.ast.expr.SimpleName","range":{"beginLine":17,"beginColumn":6,"endLine":17,"endColumn":16},"tokenRange":{"beginToken":{"kind":94,"text":"createQuery"},"endToken":{"kind":94,"text":"createQuery"}},"identifier":"createQuery"},"scope":{"!":"com.github.javaparser.ast.expr.NameExpr","range":{"beginLine":17,"beginColumn":3,"endLine":17,"endColumn":4},"tokenRange":{"beginToken":{"kind":94,"text":"em"},"endToken":{"kind":94,"text":"em"}},"name":{"!":"com.github.javaparser.ast.expr.SimpleName","range":{"beginLine":17,"beginColumn":3,"endLine":17,"endColumn":4},"tokenRange":{"beginToken":{"kind":94,"text":"em"},"endToken":{"kind":94,"text":"em"}},"identifier":"em"}}}}},{"!":"com.github.javaparser.ast.stmt.ExpressionStmt","range":{"beginLine":19,"beginColumn":3,"endLine":19,"endColumn":31},"tokenRange":{"beginToken":{"kind":94,"text":"em"},"endToken":{"kind":103,"text":";"}},"expression":{"!":"com.github.javaparser.ast.expr.MethodCallExpr","range":{"beginLine":19,"beginColumn":3,"endLine":19,"endColumn":30},"tokenRange":{"beginToken":{"kind":94,"text":"em"},"endToken":{"kind":98,"text":")"}},"arguments":[],"name":{"!":"com.github.javaparser.ast.expr.SimpleName","range":{"beginLine":19,"beginColumn":23,"endLine":19,"endColumn":28},"tokenRange":{"beginToken":{"kind":94,"text":"commit"},"endToken":{"kind":94,"text":"commit"}},"identifier":"commit"},"scope":{"!":"com.github.javaparser.ast.expr.MethodCallExpr","range":{"beginLine":19,"beginColumn":3,"endLine":19,"endColumn":21},"tokenRange":{"beginToken":{"kind":94,"text":"em"},"endToken":{"kind":98,"text":")"}},"arguments":[],"name":{"!":"com.github.javaparser.ast.expr.SimpleName","range":{"beginLine":19,"beginColumn":6,"endLine":19,"endColumn":19},"tokenRange":{"beginToken":{"kind":94,"text":"getTransaction"},"endToken":{"kind":94,"text":"getTransaction"}},"identifier":"getTransaction"},"scope":{"!":"com.github.javaparser.ast.expr.NameExpr","range":{"beginLine":19,"beginColumn":3,"endLine":19,"endColumn":4},"tokenRange":{"beginToken":{"kind":94,"text":"em"},"endToken":{"kind":94,"text":"em"}},"name":{"!":"com.github.javaparser.ast.expr.SimpleName","range":{"beginLine":19,"beginColumn":3,"endLine":19,"endColumn":4},"tokenRange":{"beginToken":{"kind":94,"text":"em"},"endToken":{"kind":94,"text":"em"}},"identifier":"em"}}}}},{"!":"com.github.javaparser.ast.stmt.ExpressionStmt","range":{"beginLine":20,"beginColumn":3,"endLine":20,"endColumn":13},"tokenRange":{"beginToken":{"kind":94,"text":"em"},"endToken":{"kind":103,"text":";"}},"expression":{"!":"com.github.javaparser.ast.expr.MethodCallExpr","range":{"beginLine":20,"beginColumn":3,"endLine":20,"endColumn":12},"tokenRange":{"beginToken":{"kind":94,"text":"em"},"endToken":{"kind":98,"text":")"}},"arguments":[],"name":{"!":"com.github.javaparser.ast.expr.SimpleName","range":{"beginLine":20,"beginColumn":6,"endLine":20,"endColumn":10},"tokenRange":{"beginToken":{"kind":94,"text":"close"},"endToken":{"kind":94,"text":"close"}},"identifier":"close"},"scope":{"!":"com.github.javaparser.ast.expr.NameExpr","range":{"beginLine":20,"beginColumn":3,"endLine":20,"endColumn":4},"tokenRange":{"beginToken":{"kind":94,"text":"em"},"endToken":{"kind":94,"text":"em"}},"name":{"!":"com.github.javaparser.ast.expr.SimpleName","range":{"beginLine":20,"beginColumn":3,"endLine":20,"endColumn":4},"tokenRange":{"beginToken":{"kind":94,"text":"em"},"endToken":{"kind":94,"text":"em"}},"identifier":"em"}}}}]},"type":{"!":"com.github.javaparser.ast.type.VoidType","range":{"beginLine":3,"beginColumn":9,"endLine":3,"endColumn":12},"tokenRange":{"beginToken":{"kind":62,"text":"void"},"endToken":{"kind":62,"text":"void"}},"annotations":[]},"modifiers":[{"!":"com.github.javaparser.ast.Modifier","range":{"beginLine":3,"beginColumn":2,"endLine":3,"endColumn":7},"tokenRange":{"beginToken":{"kind":47,"text":"public"},"endToken":{"kind":47,"text":"public"}},"keyword":"PUBLIC"}],"name":{"!":"com.github.javaparser.ast.expr.SimpleName","range":{"beginLine":3,"beginColumn":14,"endLine":3,"endColumn":57},"tokenRange":{"beginToken":{"kind":94,"text":"testRestrictedCorrelationNoExplicitSelection"},"endToken":{"kind":94,"text":"testRestrictedCorrelationNoExplicitSelection"}},"identifier":"testRestrictedCorrelationNoExplicitSelection"},"parameters":[],"thrownExceptions":[],"typeParameters":[],"annotations":[{"!":"com.github.javaparser.ast.expr.MarkerAnnotationExpr","range":{"beginLine":2,"beginColumn":2,"endLine":2,"endColumn":6},"tokenRange":{"beginToken":{"kind":107,"text":"@"},"endToken":{"kind":94,"text":"Test"}},"name":{"!":"com.github.javaparser.ast.expr.Name","range":{"beginLine":2,"beginColumn":3,"endLine":2,"endColumn":6},"tokenRange":{"beginToken":{"kind":94,"text":"Test"},"endToken":{"kind":94,"text":"Test"}},"identifier":"Test"}}]}],"modifiers":[],"name":{"!":"com.github.javaparser.ast.expr.SimpleName","range":{"beginLine":1,"beginColumn":7,"endLine":1,"endColumn":10},"tokenRange":{"beginToken":{"kind":94,"text":"Test"},"endToken":{"kind":94,"text":"Test"}},"identifier":"Test"},"annotations":[]}]}