{"!":"com.github.javaparser.ast.CompilationUnit","range":{"beginLine":1,"beginColumn":1,"endLine":31,"endColumn":2},"tokenRange":{"beginToken":{"kind":19,"text":"class"},"endToken":{"kind":0,"text":""}},"imports":[],"types":[{"!":"com.github.javaparser.ast.body.ClassOrInterfaceDeclaration","range":{"beginLine":1,"beginColumn":1,"endLine":31,"endColumn":2},"tokenRange":{"beginToken":{"kind":19,"text":"class"},"endToken":{"kind":100,"text":"}"}},"extendedTypes":[],"implementedTypes":[],"isInterface":"false","typeParameters":[],"members":[{"!":"com.github.javaparser.ast.body.MethodDeclaration","range":{"beginLine":2,"beginColumn":5,"endLine":29,"endColumn":4},"tokenRange":{"beginToken":{"kind":45,"text":"private"},"endToken":{"kind":100,"text":"}"}},"body":{"!":"com.github.javaparser.ast.stmt.BlockStmt","range":{"beginLine":2,"beginColumn":107,"endLine":29,"endColumn":4},"tokenRange":{"beginToken":{"kind":99,"text":"{"},"endToken":{"kind":100,"text":"}"}},"statements":[{"!":"com.github.javaparser.ast.stmt.ExpressionStmt","range":{"beginLine":3,"beginColumn":7,"endLine":25,"endColumn":8},"tokenRange":{"beginToken":{"kind":29,"text":"final"},"endToken":{"kind":103,"text":";"}},"expression":{"!":"com.github.javaparser.ast.expr.VariableDeclarationExpr","range":{"beginLine":3,"beginColumn":7,"endLine":25,"endColumn":7},"tokenRange":{"beginToken":{"kind":29,"text":"final"},"endToken":{"kind":100,"text":"}"}},"annotations":[],"modifiers":[{"!":"com.github.javaparser.ast.Modifier","range":{"beginLine":3,"beginColumn":7,"endLine":3,"endColumn":11},"tokenRange":{"beginToken":{"kind":29,"text":"final"},"endToken":{"kind":29,"text":"final"}},"keyword":"FINAL"}],"variables":[{"!":"com.github.javaparser.ast.body.VariableDeclarator","range":{"beginLine":3,"beginColumn":37,"endLine":25,"endColumn":7},"tokenRange":{"beginToken":{"kind":94,"text":"factory"},"endToken":{"kind":100,"text":"}"}},"initializer":{"!":"com.github.javaparser.ast.expr.ObjectCreationExpr","range":{"beginLine":3,"beginColumn":47,"endLine":25,"endColumn":7},"tokenRange":{"beginToken":{"kind":42,"text":"new"},"endToken":{"kind":100,"text":"}"}},"anonymousClassBody":[{"!":"com.github.javaparser.ast.body.MethodDeclaration","range":{"beginLine":5,"beginColumn":10,"endLine":15,"endColumn":10},"tokenRange":{"beginToken":{"kind":107,"text":"@"},"endToken":{"kind":100,"text":"}"}},"body":{"!":"com.github.javaparser.ast.stmt.BlockStmt","range":{"beginLine":6,"beginColumn":152,"endLine":15,"endColumn":10},"tokenRange":{"beginToken":{"kind":99,"text":"{"},"endToken":{"kind":100,"text":"}"}},"statements":[{"!":"com.github.javaparser.ast.stmt.ReturnStmt","range":{"beginLine":7,"beginColumn":13,"endLine":14,"endColumn":14},"tokenRange":{"beginToken":{"kind":49,"text":"return"},"endToken":{"kind":103,"text":";"}},"expression":{"!":"com.github.javaparser.ast.expr.ObjectCreationExpr","range":{"beginLine":7,"beginColumn":20,"endLine":14,"endColumn":13},"tokenRange":{"beginToken":{"kind":42,"text":"new"},"endToken":{"kind":100,"text":"}"}},"anonymousClassBody":[{"!":"com.github.javaparser.ast.body.MethodDeclaration","range":{"beginLine":8,"beginColumn":16,"endLine":13,"endColumn":16},"tokenRange":{"beginToken":{"kind":107,"text":"@"},"endToken":{"kind":100,"text":"}"}},"body":{"!":"com.github.javaparser.ast.stmt.BlockStmt","range":{"beginLine":9,"beginColumn":83,"endLine":13,"endColumn":16},"tokenRange":{"beginToken":{"kind":99,"text":"{"},"endToken":{"kind":100,"text":"}"}},"statements":[{"!":"com.github.javaparser.ast.stmt.ExpressionStmt","range":{"beginLine":10,"beginColumn":19,"endLine":10,"endColumn":77},"tokenRange":{"beginToken":{"kind":94,"text":"AbstractJtaPlatform"},"endToken":{"kind":103,"text":";"}},"expression":{"!":"com.github.javaparser.ast.expr.VariableDeclarationExpr","range":{"beginLine":10,"beginColumn":19,"endLine":10,"endColumn":76},"tokenRange":{"beginToken":{"kind":94,"text":"AbstractJtaPlatform"},"endToken":{"kind":98,"text":")"}},"annotations":[],"modifiers":[],"variables":[{"!":"com.github.javaparser.ast.body.VariableDeclarator","range":{"beginLine":10,"beginColumn":39,"endLine":10,"endColumn":76},"tokenRange":{"beginToken":{"kind":94,"text":"jta"},"endToken":{"kind":98,"text":")"}},"initializer":{"!":"com.github.javaparser.ast.expr.ObjectCreationExpr","range":{"beginLine":10,"beginColumn":45,"endLine":10,"endColumn":76},"tokenRange":{"beginToken":{"kind":42,"text":"new"},"endToken":{"kind":98,"text":")"}},"arguments":[],"type":{"!":"com.github.javaparser.ast.type.ClassOrInterfaceType","range":{"beginLine":10,"beginColumn":49,"endLine":10,"endColumn":74},"tokenRange":{"beginToken":{"kind":94,"text":"JBossStandAloneJtaPlatform"},"endToken":{"kind":94,"text":"JBossStandAloneJtaPlatform"}},"name":{"!":"com.github.javaparser.ast.expr.SimpleName","range":{"beginLine":10,"beginColumn":49,"endLine":10,"endColumn":74},"tokenRange":{"beginToken":{"kind":94,"text":"JBossStandAloneJtaPlatform"},"endToken":{"kind":94,"text":"JBossStandAloneJtaPlatform"}},"identifier":"JBossStandAloneJtaPlatform"},"annotations":[]}},"name":{"!":"com.github.javaparser.ast.expr.SimpleName","range":{"beginLine":10,"beginColumn":39,"endLine":10,"endColumn":41},"tokenRange":{"beginToken":{"kind":94,"text":"jta"},"endToken":{"kind":94,"text":"jta"}},"identifier":"jta"},"type":{"!":"com.github.javaparser.ast.type.ClassOrInterfaceType","range":{"beginLine":10,"beginColumn":19,"endLine":10,"endColumn":37},"tokenRange":{"beginToken":{"kind":94,"text":"AbstractJtaPlatform"},"endToken":{"kind":94,"text":"AbstractJtaPlatform"}},"name":{"!":"com.github.javaparser.ast.expr.SimpleName","range":{"beginLine":10,"beginColumn":19,"endLine":10,"endColumn":37},"tokenRange":{"beginToken":{"kind":94,"text":"AbstractJtaPlatform"},"endToken":{"kind":94,"text":"AbstractJtaPlatform"}},"identifier":"AbstractJtaPlatform"},"annotations":[]}}]}},{"!":"com.github.javaparser.ast.stmt.ExpressionStmt","range":{"beginLine":11,"beginColumn":19,"endLine":11,"endColumn":84},"tokenRange":{"beginToken":{"kind":94,"text":"jta"},"endToken":{"kind":103,"text":";"}},"expression":{"!":"com.github.javaparser.ast.expr.MethodCallExpr","range":{"beginLine":11,"beginColumn":19,"endLine":11,"endColumn":83},"tokenRange":{"beginToken":{"kind":94,"text":"jta"},"endToken":{"kind":98,"text":")"}},"arguments":[{"!":"com.github.javaparser.ast.expr.MethodCallExpr","range":{"beginLine":11,"beginColumn":38,"endLine":11,"endColumn":82},"tokenRange":{"beginToken":{"kind":94,"text":"ServiceRegistryBuilder"},"endToken":{"kind":98,"text":")"}},"arguments":[],"name":{"!":"com.github.javaparser.ast.expr.SimpleName","range":{"beginLine":11,"beginColumn":61,"endLine":11,"endColumn":80},"tokenRange":{"beginToken":{"kind":94,"text":"buildServiceRegistry"},"endToken":{"kind":94,"text":"buildServiceRegistry"}},"identifier":"buildServiceRegistry"},"scope":{"!":"com.github.javaparser.ast.expr.NameExpr","range":{"beginLine":11,"beginColumn":38,"endLine":11,"endColumn":59},"tokenRange":{"beginToken":{"kind":94,"text":"ServiceRegistryBuilder"},"endToken":{"kind":94,"text":"ServiceRegistryBuilder"}},"name":{"!":"com.github.javaparser.ast.expr.SimpleName","range":{"beginLine":11,"beginColumn":38,"endLine":11,"endColumn":59},"tokenRange":{"beginToken":{"kind":94,"text":"ServiceRegistryBuilder"},"endToken":{"kind":94,"text":"ServiceRegistryBuilder"}},"identifier":"ServiceRegistryBuilder"}}}],"name":{"!":"com.github.javaparser.ast.expr.SimpleName","range":{"beginLine":11,"beginColumn":23,"endLine":11,"endColumn":36},"tokenRange":{"beginToken":{"kind":94,"text":"injectServices"},"endToken":{"kind":94,"text":"injectServices"}},"identifier":"injectServices"},"scope":{"!":"com.github.javaparser.ast.expr.NameExpr","range":{"beginLine":11,"beginColumn":19,"endLine":11,"endColumn":21},"tokenRange":{"beginToken":{"kind":94,"text":"jta"},"endToken":{"kind":94,"text":"jta"}},"name":{"!":"com.github.javaparser.ast.expr.SimpleName","range":{"beginLine":11,"beginColumn":19,"endLine":11,"endColumn":21},"tokenRange":{"beginToken":{"kind":94,"text":"jta"},"endToken":{"kind":94,"text":"jta"}},"identifier":"jta"}}}},{"!":"com.github.javaparser.ast.stmt.ReturnStmt","range":{"beginLine":12,"beginColumn":19,"endLine":12,"endColumn":53},"tokenRange":{"beginToken":{"kind":49,"text":"return"},"endToken":{"kind":103,"text":";"}},"expression":{"!":"com.github.javaparser.ast.expr.MethodCallExpr","range":{"beginLine":12,"beginColumn":26,"endLine":12,"endColumn":52},"tokenRange":{"beginToken":{"kind":94,"text":"jta"},"endToken":{"kind":98,"text":")"}},"arguments":[],"name":{"!":"com.github.javaparser.ast.expr.SimpleName","range":{"beginLine":12,"beginColumn":30,"endLine":12,"endColumn":50},"tokenRange":{"beginToken":{"kind":94,"text":"getTransactionManager"},"endToken":{"kind":94,"text":"getTransactionManager"}},"identifier":"getTransactionManager"},"scope":{"!":"com.github.javaparser.ast.expr.NameExpr","range":{"beginLine":12,"beginColumn":26,"endLine":12,"endColumn":28},"tokenRange":{"beginToken":{"kind":94,"text":"jta"},"endToken":{"kind":94,"text":"jta"}},"name":{"!":"com.github.javaparser.ast.expr.SimpleName","range":{"beginLine":12,"beginColumn":26,"endLine":12,"endColumn":28},"tokenRange":{"beginToken":{"kind":94,"text":"jta"},"endToken":{"kind":94,"text":"jta"}},"identifier":"jta"}}}}]},"type":{"!":"com.github.javaparser.ast.type.ClassOrInterfaceType","range":{"beginLine":9,"beginColumn":23,"endLine":9,"endColumn":40},"tokenRange":{"beginToken":{"kind":94,"text":"TransactionManager"},"endToken":{"kind":94,"text":"TransactionManager"}},"name":{"!":"com.github.javaparser.ast.expr.SimpleName","range":{"beginLine":9,"beginColumn":23,"endLine":9,"endColumn":40},"tokenRange":{"beginToken":{"kind":94,"text":"TransactionManager"},"endToken":{"kind":94,"text":"TransactionManager"}},"identifier":"TransactionManager"},"annotations":[]},"modifiers":[{"!":"com.github.javaparser.ast.Modifier","range":{"beginLine":9,"beginColumn":16,"endLine":9,"endColumn":21},"tokenRange":{"beginToken":{"kind":47,"text":"public"},"endToken":{"kind":47,"text":"public"}},"keyword":"PUBLIC"}],"name":{"!":"com.github.javaparser.ast.expr.SimpleName","range":{"beginLine":9,"beginColumn":42,"endLine":9,"endColumn":62},"tokenRange":{"beginToken":{"kind":94,"text":"getTransactionManager"},"endToken":{"kind":94,"text":"getTransactionManager"}},"identifier":"getTransactionManager"},"parameters":[],"thrownExceptions":[{"!":"com.github.javaparser.ast.type.ClassOrInterfaceType","range":{"beginLine":9,"beginColumn":73,"endLine":9,"endColumn":81},"tokenRange":{"beginToken":{"kind":94,"text":"Exception"},"endToken":{"kind":94,"text":"Exception"}},"name":{"!":"com.github.javaparser.ast.expr.SimpleName","range":{"beginLine":9,"beginColumn":73,"endLine":9,"endColumn":81},"tokenRange":{"beginToken":{"kind":94,"text":"Exception"},"endToken":{"kind":94,"text":"Exception"}},"identifier":"Exception"},"annotations":[]}],"typeParameters":[],"annotations":[{"!":"com.github.javaparser.ast.expr.MarkerAnnotationExpr","range":{"beginLine":8,"beginColumn":16,"endLine":8,"endColumn":24},"tokenRange":{"beginToken":{"kind":107,"text":"@"},"endToken":{"kind":94,"text":"Override"}},"name":{"!":"com.github.javaparser.ast.expr.Name","range":{"beginLine":8,"beginColumn":17,"endLine":8,"endColumn":24},"tokenRange":{"beginToken":{"kind":94,"text":"Override"},"endToken":{"kind":94,"text":"Override"}},"identifier":"Override"}}]}],"arguments":[{"!":"com.github.javaparser.ast.expr.NullLiteralExpr","range":{"beginLine":7,"beginColumn":58,"endLine":7,"endColumn":61},"tokenRange":{"beginToken":{"kind":43,"text":"null"},"endToken":{"kind":43,"text":"null"}}},{"!":"com.github.javaparser.ast.expr.NullLiteralExpr","range":{"beginLine":7,"beginColumn":64,"endLine":7,"endColumn":67},"tokenRange":{"beginToken":{"kind":43,"text":"null"},"endToken":{"kind":43,"text":"null"}}}],"type":{"!":"com.github.javaparser.ast.type.ClassOrInterfaceType","range":{"beginLine":7,"beginColumn":24,"endLine":7,"endColumn":56},"tokenRange":{"beginToken":{"kind":94,"text":"HibernateTransactionManagerLookup"},"endToken":{"kind":94,"text":"HibernateTransactionManagerLookup"}},"name":{"!":"com.github.javaparser.ast.expr.SimpleName","range":{"beginLine":7,"beginColumn":24,"endLine":7,"endColumn":56},"tokenRange":{"beginToken":{"kind":94,"text":"HibernateTransactionManagerLookup"},"endToken":{"kind":94,"text":"HibernateTransactionManagerLookup"}},"identifier":"HibernateTransactionManagerLookup"},"annotations":[]}}}]},"type":{"!":"com.github.javaparser.ast.type.ClassOrInterfaceType","range":{"beginLine":6,"beginColumn":20,"endLine":6,"endColumn":77},"tokenRange":{"beginToken":{"kind":94,"text":"org"},"endToken":{"kind":94,"text":"TransactionManagerLookup"}},"name":{"!":"com.github.javaparser.ast.expr.SimpleName","range":{"beginLine":6,"beginColumn":54,"endLine":6,"endColumn":77},"tokenRange":{"beginToken":{"kind":94,"text":"TransactionManagerLookup"},"endToken":{"kind":94,"text":"TransactionManagerLookup"}},"identifier":"TransactionManagerLookup"},"scope":{"!":"com.github.javaparser.ast.type.ClassOrInterfaceType","range":{"beginLine":6,"beginColumn":20,"endLine":6,"endColumn":52},"tokenRange":{"beginToken":{"kind":94,"text":"org"},"endToken":{"kind":94,"text":"lookup"}},"name":{"!":"com.github.javaparser.ast.expr.SimpleName","range":{"beginLine":6,"beginColumn":47,"endLine":6,"endColumn":52},"tokenRange":{"beginToken":{"kind":94,"text":"lookup"},"endToken":{"kind":94,"text":"lookup"}},"identifier":"lookup"},"scope":{"!":"com.github.javaparser.ast.type.ClassOrInterfaceType","range":{"beginLine":6,"beginColumn":20,"endLine":6,"endColumn":45},"tokenRange":{"beginToken":{"kind":94,"text":"org"},"endToken":{"kind":94,"text":"transaction"}},"name":{"!":"com.github.javaparser.ast.expr.SimpleName","range":{"beginLine":6,"beginColumn":35,"endLine":6,"endColumn":45},"tokenRange":{"beginToken":{"kind":94,"text":"transaction"},"endToken":{"kind":94,"text":"transaction"}},"identifier":"transaction"},"scope":{"!":"com.github.javaparser.ast.type.ClassOrInterfaceType","range":{"beginLine":6,"beginColumn":20,"endLine":6,"endColumn":33},"tokenRange":{"beginToken":{"kind":94,"text":"org"},"endToken":{"kind":94,"text":"infinispan"}},"name":{"!":"com.github.javaparser.ast.expr.SimpleName","range":{"beginLine":6,"beginColumn":24,"endLine":6,"endColumn":33},"tokenRange":{"beginToken":{"kind":94,"text":"infinispan"},"endToken":{"kind":94,"text":"infinispan"}},"identifier":"infinispan"},"scope":{"!":"com.github.javaparser.ast.type.ClassOrInterfaceType","range":{"beginLine":6,"beginColumn":20,"endLine":6,"endColumn":22},"tokenRange":{"beginToken":{"kind":94,"text":"org"},"endToken":{"kind":94,"text":"org"}},"name":{"!":"com.github.javaparser.ast.expr.SimpleName","range":{"beginLine":6,"beginColumn":20,"endLine":6,"endColumn":22},"tokenRange":{"beginToken":{"kind":94,"text":"org"},"endToken":{"kind":94,"text":"org"}},"identifier":"org"},"annotations":[]},"annotations":[]},"annotations":[]},"annotations":[]},"annotations":[]},"modifiers":[{"!":"com.github.javaparser.ast.Modifier","range":{"beginLine":6,"beginColumn":10,"endLine":6,"endColumn":18},"tokenRange":{"beginToken":{"kind":46,"text":"protected"},"endToken":{"kind":46,"text":"protected"}},"keyword":"PROTECTED"}],"name":{"!":"com.github.javaparser.ast.expr.SimpleName","range":{"beginLine":6,"beginColumn":79,"endLine":6,"endColumn":108},"tokenRange":{"beginToken":{"kind":94,"text":"createTransactionManagerLookup"},"endToken":{"kind":94,"text":"createTransactionManagerLookup"}},"identifier":"createTransactionManagerLookup"},"parameters":[{"!":"com.github.javaparser.ast.body.Parameter","range":{"beginLine":6,"beginColumn":110,"endLine":6,"endColumn":126},"tokenRange":{"beginToken":{"kind":94,"text":"Settings"},"endToken":{"kind":94,"text":"settings"}},"annotations":[],"isVarArgs":"false","modifiers":[],"name":{"!":"com.github.javaparser.ast.expr.SimpleName","range":{"beginLine":6,"beginColumn":119,"endLine":6,"endColumn":126},"tokenRange":{"beginToken":{"kind":94,"text":"settings"},"endToken":{"kind":94,"text":"settings"}},"identifier":"settings"},"type":{"!":"com.github.javaparser.ast.type.ClassOrInterfaceType","range":{"beginLine":6,"beginColumn":110,"endLine":6,"endColumn":117},"tokenRange":{"beginToken":{"kind":94,"text":"Settings"},"endToken":{"kind":94,"text":"Settings"}},"name":{"!":"com.github.javaparser.ast.expr.SimpleName","range":{"beginLine":6,"beginColumn":110,"endLine":6,"endColumn":117},"tokenRange":{"beginToken":{"kind":94,"text":"Settings"},"endToken":{"kind":94,"text":"Settings"}},"identifier":"Settings"},"annotations":[]},"varArgsAnnotations":[]},{"!":"com.github.javaparser.ast.body.Parameter","range":{"beginLine":6,"beginColumn":129,"endLine":6,"endColumn":149},"tokenRange":{"beginToken":{"kind":94,"text":"Properties"},"endToken":{"kind":94,"text":"properties"}},"annotations":[],"isVarArgs":"false","modifiers":[],"name":{"!":"com.github.javaparser.ast.expr.SimpleName","range":{"beginLine":6,"beginColumn":140,"endLine":6,"endColumn":149},"tokenRange":{"beginToken":{"kind":94,"text":"properties"},"endToken":{"kind":94,"text":"properties"}},"identifier":"properties"},"type":{"!":"com.github.javaparser.ast.type.ClassOrInterfaceType","range":{"beginLine":6,"beginColumn":129,"endLine":6,"endColumn":138},"tokenRange":{"beginToken":{"kind":94,"text":"Properties"},"endToken":{"kind":94,"text":"Properties"}},"name":{"!":"com.github.javaparser.ast.expr.SimpleName","range":{"beginLine":6,"beginColumn":129,"endLine":6,"endColumn":138},"tokenRange":{"beginToken":{"kind":94,"text":"Properties"},"endToken":{"kind":94,"text":"Properties"}},"identifier":"Properties"},"annotations":[]},"varArgsAnnotations":[]}],"thrownExceptions":[],"typeParameters":[],"annotations":[{"!":"com.github.javaparser.ast.expr.MarkerAnnotationExpr","range":{"beginLine":5,"beginColumn":10,"endLine":5,"endColumn":18},"tokenRange":{"beginToken":{"kind":107,"text":"@"},"endToken":{"kind":94,"text":"Override"}},"name":{"!":"com.github.javaparser.ast.expr.Name","range":{"beginLine":5,"beginColumn":11,"endLine":5,"endColumn":18},"tokenRange":{"beginToken":{"kind":94,"text":"Override"},"endToken":{"kind":94,"text":"Override"}},"identifier":"Override"}}]},{"!":"com.github.javaparser.ast.body.MethodDeclaration","range":{"beginLine":17,"beginColumn":10,"endLine":23,"endColumn":10},"tokenRange":{"beginToken":{"kind":107,"text":"@"},"endToken":{"kind":100,"text":"}"}},"body":{"!":"com.github.javaparser.ast.stmt.BlockStmt","range":{"beginLine":18,"beginColumn":105,"endLine":23,"endColumn":10},"tokenRange":{"beginToken":{"kind":99,"text":"{"},"endToken":{"kind":100,"text":"}"}},"statements":[{"!":"com.github.javaparser.ast.stmt.IfStmt","range":{"beginLine":19,"beginColumn":13,"endLine":22,"endColumn":59},"tokenRange":{"beginToken":{"kind":34,"text":"if"},"endToken":{"kind":103,"text":";"}},"condition":{"!":"com.github.javaparser.ast.expr.BinaryExpr","range":{"beginLine":19,"beginColumn":17,"endLine":19,"endColumn":31},"tokenRange":{"beginToken":{"kind":94,"text":"manager"},"endToken":{"kind":43,"text":"null"}},"left":{"!":"com.github.javaparser.ast.expr.NameExpr","range":{"beginLine":19,"beginColumn":17,"endLine":19,"endColumn":23},"tokenRange":{"beginToken":{"kind":94,"text":"manager"},"endToken":{"kind":94,"text":"manager"}},"name":{"!":"com.github.javaparser.ast.expr.SimpleName","range":{"beginLine":19,"beginColumn":17,"endLine":19,"endColumn":23},"tokenRange":{"beginToken":{"kind":94,"text":"manager"},"endToken":{"kind":94,"text":"manager"}},"identifier":"manager"}},"operator":"NOT_EQUALS","right":{"!":"com.github.javaparser.ast.expr.NullLiteralExpr","range":{"beginLine":19,"beginColumn":28,"endLine":19,"endColumn":31},"tokenRange":{"beginToken":{"kind":43,"text":"null"},"endToken":{"kind":43,"text":"null"}}}},"elseStmt":{"!":"com.github.javaparser.ast.stmt.ReturnStmt","range":{"beginLine":22,"beginColumn":16,"endLine":22,"endColumn":59},"tokenRange":{"beginToken":{"kind":49,"text":"return"},"endToken":{"kind":103,"text":";"}},"expression":{"!":"com.github.javaparser.ast.expr.MethodCallExpr","range":{"beginLine":22,"beginColumn":23,"endLine":22,"endColumn":58},"tokenRange":{"beginToken":{"kind":53,"text":"super"},"endToken":{"kind":98,"text":")"}},"arguments":[{"!":"com.github.javaparser.ast.expr.NameExpr","range":{"beginLine":22,"beginColumn":48,"endLine":22,"endColumn":57},"tokenRange":{"beginToken":{"kind":94,"text":"properties"},"endToken":{"kind":94,"text":"properties"}},"name":{"!":"com.github.javaparser.ast.expr.SimpleName","range":{"beginLine":22,"beginColumn":48,"endLine":22,"endColumn":57},"tokenRange":{"beginToken":{"kind":94,"text":"properties"},"endToken":{"kind":94,"text":"properties"}},"identifier":"properties"}}],"name":{"!":"com.github.javaparser.ast.expr.SimpleName","range":{"beginLine":22,"beginColumn":29,"endLine":22,"endColumn":46},"tokenRange":{"beginToken":{"kind":94,"text":"createCacheManager"},"endToken":{"kind":94,"text":"createCacheManager"}},"identifier":"createCacheManager"},"scope":{"!":"com.github.javaparser.ast.expr.SuperExpr","range":{"beginLine":22,"beginColumn":23,"endLine":22,"endColumn":27},"tokenRange":{"beginToken":{"kind":53,"text":"super"},"endToken":{"kind":53,"text":"super"}}}}},"thenStmt":{"!":"com.github.javaparser.ast.stmt.ReturnStmt","range":{"beginLine":20,"beginColumn":16,"endLine":20,"endColumn":30},"tokenRange":{"beginToken":{"kind":49,"text":"return"},"endToken":{"kind":103,"text":";"}},"expression":{"!":"com.github.javaparser.ast.expr.NameExpr","range":{"beginLine":20,"beginColumn":23,"endLine":20,"endColumn":29},"tokenRange":{"beginToken":{"kind":94,"text":"manager"},"endToken":{"kind":94,"text":"manager"}},"name":{"!":"com.github.javaparser.ast.expr.SimpleName","range":{"beginLine":20,"beginColumn":23,"endLine":20,"endColumn":29},"tokenRange":{"beginToken":{"kind":94,"text":"manager"},"endToken":{"kind":94,"text":"manager"}},"identifier":"manager"}}}}]},"type":{"!":"com.github.javaparser.ast.type.ClassOrInterfaceType","range":{"beginLine":18,"beginColumn":20,"endLine":18,"endColumn":39},"tokenRange":{"beginToken":{"kind":94,"text":"EmbeddedCacheManager"},"endToken":{"kind":94,"text":"EmbeddedCacheManager"}},"name":{"!":"com.github.javaparser.ast.expr.SimpleName","range":{"beginLine":18,"beginColumn":20,"endLine":18,"endColumn":39},"tokenRange":{"beginToken":{"kind":94,"text":"EmbeddedCacheManager"},"endToken":{"kind":94,"text":"EmbeddedCacheManager"}},"identifier":"EmbeddedCacheManager"},"annotations":[]},"modifiers":[{"!":"com.github.javaparser.ast.Modifier","range":{"beginLine":18,"beginColumn":10,"endLine":18,"endColumn":18},"tokenRange":{"beginToken":{"kind":46,"text":"protected"},"endToken":{"kind":46,"text":"protected"}},"keyword":"PROTECTED"}],"name":{"!":"com.github.javaparser.ast.expr.SimpleName","range":{"beginLine":18,"beginColumn":41,"endLine":18,"endColumn":58},"tokenRange":{"beginToken":{"kind":94,"text":"createCacheManager"},"endToken":{"kind":94,"text":"createCacheManager"}},"identifier":"createCacheManager"},"parameters":[{"!":"com.github.javaparser.ast.body.Parameter","range":{"beginLine":18,"beginColumn":60,"endLine":18,"endColumn":80},"tokenRange":{"beginToken":{"kind":94,"text":"Properties"},"endToken":{"kind":94,"text":"properties"}},"annotations":[],"isVarArgs":"false","modifiers":[],"name":{"!":"com.github.javaparser.ast.expr.SimpleName","range":{"beginLine":18,"beginColumn":71,"endLine":18,"endColumn":80},"tokenRange":{"beginToken":{"kind":94,"text":"properties"},"endToken":{"kind":94,"text":"properties"}},"identifier":"properties"},"type":{"!":"com.github.javaparser.ast.type.ClassOrInterfaceType","range":{"beginLine":18,"beginColumn":60,"endLine":18,"endColumn":69},"tokenRange":{"beginToken":{"kind":94,"text":"Properties"},"endToken":{"kind":94,"text":"Properties"}},"name":{"!":"com.github.javaparser.ast.expr.SimpleName","range":{"beginLine":18,"beginColumn":60,"endLine":18,"endColumn":69},"tokenRange":{"beginToken":{"kind":94,"text":"Properties"},"endToken":{"kind":94,"text":"Properties"}},"identifier":"Properties"},"annotations":[]},"varArgsAnnotations":[]}],"thrownExceptions":[{"!":"com.github.javaparser.ast.type.ClassOrInterfaceType","range":{"beginLine":18,"beginColumn":90,"endLine":18,"endColumn":103},"tokenRange":{"beginToken":{"kind":94,"text":"CacheException"},"endToken":{"kind":94,"text":"CacheException"}},"name":{"!":"com.github.javaparser.ast.expr.SimpleName","range":{"beginLine":18,"beginColumn":90,"endLine":18,"endColumn":103},"tokenRange":{"beginToken":{"kind":94,"text":"CacheException"},"endToken":{"kind":94,"text":"CacheException"}},"identifier":"CacheException"},"annotations":[]}],"typeParameters":[],"annotations":[{"!":"com.github.javaparser.ast.expr.MarkerAnnotationExpr","range":{"beginLine":17,"beginColumn":10,"endLine":17,"endColumn":18},"tokenRange":{"beginToken":{"kind":107,"text":"@"},"endToken":{"kind":94,"text":"Override"}},"name":{"!":"com.github.javaparser.ast.expr.Name","range":{"beginLine":17,"beginColumn":11,"endLine":17,"endColumn":18},"tokenRange":{"beginToken":{"kind":94,"text":"Override"},"endToken":{"kind":94,"text":"Override"}},"identifier":"Override"}}]}],"arguments":[],"type":{"!":"com.github.javaparser.ast.type.ClassOrInterfaceType","range":{"beginLine":3,"beginColumn":51,"endLine":3,"endColumn":96},"tokenRange":{"beginToken":{"kind":94,"text":"SingleNodeTestCase"},"endToken":{"kind":94,"text":"TestInfinispanRegionFactory"}},"name":{"!":"com.github.javaparser.ast.expr.SimpleName","range":{"beginLine":3,"beginColumn":70,"endLine":3,"endColumn":96},"tokenRange":{"beginToken":{"kind":94,"text":"TestInfinispanRegionFactory"},"endToken":{"kind":94,"text":"TestInfinispanRegionFactory"}},"identifier":"TestInfinispanRegionFactory"},"scope":{"!":"com.github.javaparser.ast.type.ClassOrInterfaceType","range":{"beginLine":3,"beginColumn":51,"endLine":3,"endColumn":68},"tokenRange":{"beginToken":{"kind":94,"text":"SingleNodeTestCase"},"endToken":{"kind":94,"text":"SingleNodeTestCase"}},"name":{"!":"com.github.javaparser.ast.expr.SimpleName","range":{"beginLine":3,"beginColumn":51,"endLine":3,"endColumn":68},"tokenRange":{"beginToken":{"kind":94,"text":"SingleNodeTestCase"},"endToken":{"kind":94,"text":"SingleNodeTestCase"}},"identifier":"SingleNodeTestCase"},"annotations":[]},"annotations":[]}},"name":{"!":"com.github.javaparser.ast.expr.SimpleName","range":{"beginLine":3,"beginColumn":37,"endLine":3,"endColumn":43},"tokenRange":{"beginToken":{"kind":94,"text":"factory"},"endToken":{"kind":94,"text":"factory"}},"identifier":"factory"},"type":{"!":"com.github.javaparser.ast.type.ClassOrInterfaceType","range":{"beginLine":3,"beginColumn":13,"endLine":3,"endColumn":35},"tokenRange":{"beginToken":{"kind":94,"text":"InfinispanRegionFactory"},"endToken":{"kind":94,"text":"InfinispanRegionFactory"}},"name":{"!":"com.github.javaparser.ast.expr.SimpleName","range":{"beginLine":3,"beginColumn":13,"endLine":3,"endColumn":35},"tokenRange":{"beginToken":{"kind":94,"text":"InfinispanRegionFactory"},"endToken":{"kind":94,"text":"InfinispanRegionFactory"}},"identifier":"InfinispanRegionFactory"},"annotations":[]}}]}},{"!":"com.github.javaparser.ast.stmt.ExpressionStmt","range":{"beginLine":27,"beginColumn":7,"endLine":27,"endColumn":29},"tokenRange":{"beginToken":{"kind":94,"text":"factory"},"endToken":{"kind":103,"text":";"}},"expression":{"!":"com.github.javaparser.ast.expr.MethodCallExpr","range":{"beginLine":27,"beginColumn":7,"endLine":27,"endColumn":28},"tokenRange":{"beginToken":{"kind":94,"text":"factory"},"endToken":{"kind":98,"text":")"}},"arguments":[{"!":"com.github.javaparser.ast.expr.NullLiteralExpr","range":{"beginLine":27,"beginColumn":21,"endLine":27,"endColumn":24},"tokenRange":{"beginToken":{"kind":43,"text":"null"},"endToken":{"kind":43,"text":"null"}}},{"!":"com.github.javaparser.ast.expr.NameExpr","range":{"beginLine":27,"beginColumn":27,"endLine":27,"endColumn":27},"tokenRange":{"beginToken":{"kind":94,"text":"p"},"endToken":{"kind":94,"text":"p"}},"name":{"!":"com.github.javaparser.ast.expr.SimpleName","range":{"beginLine":27,"beginColumn":27,"endLine":27,"endColumn":27},"tokenRange":{"beginToken":{"kind":94,"text":"p"},"endToken":{"kind":94,"text":"p"}},"identifier":"p"}}],"name":{"!":"com.github.javaparser.ast.expr.SimpleName","range":{"beginLine":27,"beginColumn":15,"endLine":27,"endColumn":19},"tokenRange":{"beginToken":{"kind":94,"text":"start"},"endToken":{"kind":94,"text":"start"}},"identifier":"start"},"scope":{"!":"com.github.javaparser.ast.expr.NameExpr","range":{"beginLine":27,"beginColumn":7,"endLine":27,"endColumn":13},"tokenRange":{"beginToken":{"kind":94,"text":"factory"},"endToken":{"kind":94,"text":"factory"}},"name":{"!":"com.github.javaparser.ast.expr.SimpleName","range":{"beginLine":27,"beginColumn":7,"endLine":27,"endColumn":13},"tokenRange":{"beginToken":{"kind":94,"text":"factory"},"endToken":{"kind":94,"text":"factory"}},"identifier":"factory"}}}},{"!":"com.github.javaparser.ast.stmt.ReturnStmt","range":{"beginLine":28,"beginColumn":7,"endLine":28,"endColumn":21},"tokenRange":{"beginToken":{"kind":49,"text":"return"},"endToken":{"kind":103,"text":";"}},"expression":{"!":"com.github.javaparser.ast.expr.NameExpr","range":{"beginLine":28,"beginColumn":14,"endLine":28,"endColumn":20},"tokenRange":{"beginToken":{"kind":94,"text":"factory"},"endToken":{"kind":94,"text":"factory"}},"name":{"!":"com.github.javaparser.ast.expr.SimpleName","range":{"beginLine":28,"beginColumn":14,"endLine":28,"endColumn":20},"tokenRange":{"beginToken":{"kind":94,"text":"factory"},"endToken":{"kind":94,"text":"factory"}},"identifier":"factory"}}}]},"type":{"!":"com.github.javaparser.ast.type.ClassOrInterfaceType","range":{"beginLine":2,"beginColumn":13,"endLine":2,"endColumn":35},"tokenRange":{"beginToken":{"kind":94,"text":"InfinispanRegionFactory"},"endToken":{"kind":94,"text":"InfinispanRegionFactory"}},"name":{"!":"com.github.javaparser.ast.expr.SimpleName","range":{"beginLine":2,"beginColumn":13,"endLine":2,"endColumn":35},"tokenRange":{"beginToken":{"kind":94,"text":"InfinispanRegionFactory"},"endToken":{"kind":94,"text":"InfinispanRegionFactory"}},"identifier":"InfinispanRegionFactory"},"annotations":[]},"modifiers":[{"!":"com.github.javaparser.ast.Modifier","range":{"beginLine":2,"beginColumn":5,"endLine":2,"endColumn":11},"tokenRange":{"beginToken":{"kind":45,"text":"private"},"endToken":{"kind":45,"text":"private"}},"keyword":"PRIVATE"}],"name":{"!":"com.github.javaparser.ast.expr.SimpleName","range":{"beginLine":2,"beginColumn":37,"endLine":2,"endColumn":55},"tokenRange":{"beginToken":{"kind":94,"text":"createRegionFactory"},"endToken":{"kind":94,"text":"createRegionFactory"}},"identifier":"createRegionFactory"},"parameters":[{"!":"com.github.javaparser.ast.body.Parameter","range":{"beginLine":2,"beginColumn":57,"endLine":2,"endColumn":90},"tokenRange":{"beginToken":{"kind":29,"text":"final"},"endToken":{"kind":94,"text":"manager"}},"annotations":[],"isVarArgs":"false","modifiers":[{"!":"com.github.javaparser.ast.Modifier","range":{"beginLine":2,"beginColumn":57,"endLine":2,"endColumn":61},"tokenRange":{"beginToken":{"kind":29,"text":"final"},"endToken":{"kind":29,"text":"final"}},"keyword":"FINAL"}],"name":{"!":"com.github.javaparser.ast.expr.SimpleName","range":{"beginLine":2,"beginColumn":84,"endLine":2,"endColumn":90},"tokenRange":{"beginToken":{"kind":94,"text":"manager"},"endToken":{"kind":94,"text":"manager"}},"identifier":"manager"},"type":{"!":"com.github.javaparser.ast.type.ClassOrInterfaceType","range":{"beginLine":2,"beginColumn":63,"endLine":2,"endColumn":82},"tokenRange":{"beginToken":{"kind":94,"text":"EmbeddedCacheManager"},"endToken":{"kind":94,"text":"EmbeddedCacheManager"}},"name":{"!":"com.github.javaparser.ast.expr.SimpleName","range":{"beginLine":2,"beginColumn":63,"endLine":2,"endColumn":82},"tokenRange":{"beginToken":{"kind":94,"text":"EmbeddedCacheManager"},"endToken":{"kind":94,"text":"EmbeddedCacheManager"}},"identifier":"EmbeddedCacheManager"},"annotations":[]},"varArgsAnnotations":[]},{"!":"com.github.javaparser.ast.body.Parameter","range":{"beginLine":2,"beginColumn":93,"endLine":2,"endColumn":104},"tokenRange":{"beginToken":{"kind":94,"text":"Properties"},"endToken":{"kind":94,"text":"p"}},"annotations":[],"isVarArgs":"false","modifiers":[],"name":{"!":"com.github.javaparser.ast.expr.SimpleName","range":{"beginLine":2,"beginColumn":104,"endLine":2,"endColumn":104},"tokenRange":{"beginToken":{"kind":94,"text":"p"},"endToken":{"kind":94,"text":"p"}},"identifier":"p"},"type":{"!":"com.github.javaparser.ast.type.ClassOrInterfaceType","range":{"beginLine":2,"beginColumn":93,"endLine":2,"endColumn":102},"tokenRange":{"beginToken":{"kind":94,"text":"Properties"},"endToken":{"kind":94,"text":"Properties"}},"name":{"!":"com.github.javaparser.ast.expr.SimpleName","range":{"beginLine":2,"beginColumn":93,"endLine":2,"endColumn":102},"tokenRange":{"beginToken":{"kind":94,"text":"Properties"},"endToken":{"kind":94,"text":"Properties"}},"identifier":"Properties"},"annotations":[]},"varArgsAnnotations":[]}],"thrownExceptions":[],"typeParameters":[],"annotations":[]}],"modifiers":[],"name":{"!":"com.github.javaparser.ast.expr.SimpleName","range":{"beginLine":1,"beginColumn":7,"endLine":1,"endColumn":10},"tokenRange":{"beginToken":{"kind":94,"text":"Test"},"endToken":{"kind":94,"text":"Test"}},"identifier":"Test"},"annotations":[]}]}