{"!":"com.github.javaparser.ast.CompilationUnit","range":{"beginLine":1,"beginColumn":1,"endLine":24,"endColumn":2},"tokenRange":{"beginToken":{"kind":19,"text":"class"},"endToken":{"kind":0,"text":""}},"imports":[],"types":[{"!":"com.github.javaparser.ast.body.ClassOrInterfaceDeclaration","range":{"beginLine":1,"beginColumn":1,"endLine":24,"endColumn":2},"tokenRange":{"beginToken":{"kind":19,"text":"class"},"endToken":{"kind":100,"text":"}"}},"extendedTypes":[],"implementedTypes":[],"isInterface":"false","typeParameters":[],"members":[{"!":"com.github.javaparser.ast.body.MethodDeclaration","range":{"beginLine":2,"beginColumn":5,"endLine":22,"endColumn":5},"tokenRange":{"beginToken":{"kind":107,"text":"@"},"endToken":{"kind":100,"text":"}"}},"body":{"!":"com.github.javaparser.ast.stmt.BlockStmt","range":{"beginLine":3,"beginColumn":100,"endLine":22,"endColumn":5},"tokenRange":{"beginToken":{"kind":99,"text":"{"},"endToken":{"kind":100,"text":"}"}},"statements":[{"!":"com.github.javaparser.ast.stmt.ExpressionStmt","range":{"beginLine":4,"beginColumn":9,"endLine":4,"endColumn":68},"tokenRange":{"beginToken":{"kind":94,"text":"AnnotationConfiguration"},"endToken":{"kind":103,"text":";"}},"expression":{"!":"com.github.javaparser.ast.expr.VariableDeclarationExpr","range":{"beginLine":4,"beginColumn":9,"endLine":4,"endColumn":67},"tokenRange":{"beginToken":{"kind":94,"text":"AnnotationConfiguration"},"endToken":{"kind":98,"text":")"}},"annotations":[],"modifiers":[],"variables":[{"!":"com.github.javaparser.ast.body.VariableDeclarator","range":{"beginLine":4,"beginColumn":33,"endLine":4,"endColumn":67},"tokenRange":{"beginToken":{"kind":94,"text":"cfg"},"endToken":{"kind":98,"text":")"}},"initializer":{"!":"com.github.javaparser.ast.expr.ObjectCreationExpr","range":{"beginLine":4,"beginColumn":39,"endLine":4,"endColumn":67},"tokenRange":{"beginToken":{"kind":42,"text":"new"},"endToken":{"kind":98,"text":")"}},"arguments":[],"type":{"!":"com.github.javaparser.ast.type.ClassOrInterfaceType","range":{"beginLine":4,"beginColumn":43,"endLine":4,"endColumn":65},"tokenRange":{"beginToken":{"kind":94,"text":"AnnotationConfiguration"},"endToken":{"kind":94,"text":"AnnotationConfiguration"}},"name":{"!":"com.github.javaparser.ast.expr.SimpleName","range":{"beginLine":4,"beginColumn":43,"endLine":4,"endColumn":65},"tokenRange":{"beginToken":{"kind":94,"text":"AnnotationConfiguration"},"endToken":{"kind":94,"text":"AnnotationConfiguration"}},"identifier":"AnnotationConfiguration"},"annotations":[]}},"name":{"!":"com.github.javaparser.ast.expr.SimpleName","range":{"beginLine":4,"beginColumn":33,"endLine":4,"endColumn":35},"tokenRange":{"beginToken":{"kind":94,"text":"cfg"},"endToken":{"kind":94,"text":"cfg"}},"identifier":"cfg"},"type":{"!":"com.github.javaparser.ast.type.ClassOrInterfaceType","range":{"beginLine":4,"beginColumn":9,"endLine":4,"endColumn":31},"tokenRange":{"beginToken":{"kind":94,"text":"AnnotationConfiguration"},"endToken":{"kind":94,"text":"AnnotationConfiguration"}},"name":{"!":"com.github.javaparser.ast.expr.SimpleName","range":{"beginLine":4,"beginColumn":9,"endLine":4,"endColumn":31},"tokenRange":{"beginToken":{"kind":94,"text":"AnnotationConfiguration"},"endToken":{"kind":94,"text":"AnnotationConfiguration"}},"identifier":"AnnotationConfiguration"},"annotations":[]}}]}},{"!":"com.github.javaparser.ast.stmt.ExpressionStmt","range":{"beginLine":5,"beginColumn":9,"endLine":5,"endColumn":48},"tokenRange":{"beginToken":{"kind":94,"text":"Class"},"endToken":{"kind":103,"text":";"}},"expression":{"!":"com.github.javaparser.ast.expr.VariableDeclarationExpr","range":{"beginLine":5,"beginColumn":9,"endLine":5,"endColumn":47},"tokenRange":{"beginToken":{"kind":94,"text":"Class"},"endToken":{"kind":19,"text":"class"}},"annotations":[],"modifiers":[],"variables":[{"!":"com.github.javaparser.ast.body.VariableDeclarator","range":{"beginLine":5,"beginColumn":18,"endLine":5,"endColumn":47},"tokenRange":{"beginToken":{"kind":94,"text":"classUnderTest"},"endToken":{"kind":19,"text":"class"}},"initializer":{"!":"com.github.javaparser.ast.expr.ClassExpr","range":{"beginLine":5,"beginColumn":35,"endLine":5,"endColumn":47},"tokenRange":{"beginToken":{"kind":94,"text":"Course3"},"endToken":{"kind":19,"text":"class"}},"type":{"!":"com.github.javaparser.ast.type.ClassOrInterfaceType","range":{"beginLine":5,"beginColumn":35,"endLine":5,"endColumn":41},"tokenRange":{"beginToken":{"kind":94,"text":"Course3"},"endToken":{"kind":94,"text":"Course3"}},"name":{"!":"com.github.javaparser.ast.expr.SimpleName","range":{"beginLine":5,"beginColumn":35,"endLine":5,"endColumn":41},"tokenRange":{"beginToken":{"kind":94,"text":"Course3"},"endToken":{"kind":94,"text":"Course3"}},"identifier":"Course3"},"annotations":[]}},"name":{"!":"com.github.javaparser.ast.expr.SimpleName","range":{"beginLine":5,"beginColumn":18,"endLine":5,"endColumn":31},"tokenRange":{"beginToken":{"kind":94,"text":"classUnderTest"},"endToken":{"kind":94,"text":"classUnderTest"}},"identifier":"classUnderTest"},"type":{"!":"com.github.javaparser.ast.type.ClassOrInterfaceType","range":{"beginLine":5,"beginColumn":9,"endLine":5,"endColumn":16},"tokenRange":{"beginToken":{"kind":94,"text":"Class"},"endToken":{"kind":146,"text":">"}},"name":{"!":"com.github.javaparser.ast.expr.SimpleName","range":{"beginLine":5,"beginColumn":9,"endLine":5,"endColumn":13},"tokenRange":{"beginToken":{"kind":94,"text":"Class"},"endToken":{"kind":94,"text":"Class"}},"identifier":"Class"},"typeArguments":[{"!":"com.github.javaparser.ast.type.WildcardType","range":{"beginLine":5,"beginColumn":15,"endLine":5,"endColumn":15},"tokenRange":{"beginToken":{"kind":113,"text":"?"},"endToken":{"kind":113,"text":"?"}},"annotations":[]}],"annotations":[]}}]}},{"!":"com.github.javaparser.ast.stmt.ExpressionStmt","range":{"beginLine":6,"beginColumn":9,"endLine":6,"endColumn":48},"tokenRange":{"beginToken":{"kind":94,"text":"cfg"},"endToken":{"kind":103,"text":";"}},"expression":{"!":"com.github.javaparser.ast.expr.MethodCallExpr","range":{"beginLine":6,"beginColumn":9,"endLine":6,"endColumn":47},"tokenRange":{"beginToken":{"kind":94,"text":"cfg"},"endToken":{"kind":98,"text":")"}},"arguments":[{"!":"com.github.javaparser.ast.expr.NameExpr","range":{"beginLine":6,"beginColumn":32,"endLine":6,"endColumn":45},"tokenRange":{"beginToken":{"kind":94,"text":"classUnderTest"},"endToken":{"kind":94,"text":"classUnderTest"}},"name":{"!":"com.github.javaparser.ast.expr.SimpleName","range":{"beginLine":6,"beginColumn":32,"endLine":6,"endColumn":45},"tokenRange":{"beginToken":{"kind":94,"text":"classUnderTest"},"endToken":{"kind":94,"text":"classUnderTest"}},"identifier":"classUnderTest"}}],"name":{"!":"com.github.javaparser.ast.expr.SimpleName","range":{"beginLine":6,"beginColumn":13,"endLine":6,"endColumn":29},"tokenRange":{"beginToken":{"kind":94,"text":"addAnnotatedClass"},"endToken":{"kind":94,"text":"addAnnotatedClass"}},"identifier":"addAnnotatedClass"},"scope":{"!":"com.github.javaparser.ast.expr.NameExpr","range":{"beginLine":6,"beginColumn":9,"endLine":6,"endColumn":11},"tokenRange":{"beginToken":{"kind":94,"text":"cfg"},"endToken":{"kind":94,"text":"cfg"}},"name":{"!":"com.github.javaparser.ast.expr.SimpleName","range":{"beginLine":6,"beginColumn":9,"endLine":6,"endColumn":11},"tokenRange":{"beginToken":{"kind":94,"text":"cfg"},"endToken":{"kind":94,"text":"cfg"}},"identifier":"cfg"}}}},{"!":"com.github.javaparser.ast.stmt.ExpressionStmt","range":{"beginLine":7,"beginColumn":9,"endLine":7,"endColumn":47},"tokenRange":{"beginToken":{"kind":94,"text":"cfg"},"endToken":{"kind":103,"text":";"}},"expression":{"!":"com.github.javaparser.ast.expr.MethodCallExpr","range":{"beginLine":7,"beginColumn":9,"endLine":7,"endColumn":46},"tokenRange":{"beginToken":{"kind":94,"text":"cfg"},"endToken":{"kind":98,"text":")"}},"arguments":[{"!":"com.github.javaparser.ast.expr.ClassExpr","range":{"beginLine":7,"beginColumn":32,"endLine":7,"endColumn":44},"tokenRange":{"beginToken":{"kind":94,"text":"Student"},"endToken":{"kind":19,"text":"class"}},"type":{"!":"com.github.javaparser.ast.type.ClassOrInterfaceType","range":{"beginLine":7,"beginColumn":32,"endLine":7,"endColumn":38},"tokenRange":{"beginToken":{"kind":94,"text":"Student"},"endToken":{"kind":94,"text":"Student"}},"name":{"!":"com.github.javaparser.ast.expr.SimpleName","range":{"beginLine":7,"beginColumn":32,"endLine":7,"endColumn":38},"tokenRange":{"beginToken":{"kind":94,"text":"Student"},"endToken":{"kind":94,"text":"Student"}},"identifier":"Student"},"annotations":[]}}],"name":{"!":"com.github.javaparser.ast.expr.SimpleName","range":{"beginLine":7,"beginColumn":13,"endLine":7,"endColumn":29},"tokenRange":{"beginToken":{"kind":94,"text":"addAnnotatedClass"},"endToken":{"kind":94,"text":"addAnnotatedClass"}},"identifier":"addAnnotatedClass"},"scope":{"!":"com.github.javaparser.ast.expr.NameExpr","range":{"beginLine":7,"beginColumn":9,"endLine":7,"endColumn":11},"tokenRange":{"beginToken":{"kind":94,"text":"cfg"},"endToken":{"kind":94,"text":"cfg"}},"name":{"!":"com.github.javaparser.ast.expr.SimpleName","range":{"beginLine":7,"beginColumn":9,"endLine":7,"endColumn":11},"tokenRange":{"beginToken":{"kind":94,"text":"cfg"},"endToken":{"kind":94,"text":"cfg"}},"identifier":"cfg"}}}},{"!":"com.github.javaparser.ast.stmt.ExpressionStmt","range":{"beginLine":8,"beginColumn":9,"endLine":8,"endColumn":115},"tokenRange":{"beginToken":{"kind":94,"text":"SessionFactoryImplementor"},"endToken":{"kind":103,"text":";"}},"expression":{"!":"com.github.javaparser.ast.expr.VariableDeclarationExpr","range":{"beginLine":8,"beginColumn":9,"endLine":8,"endColumn":114},"tokenRange":{"beginToken":{"kind":94,"text":"SessionFactoryImplementor"},"endToken":{"kind":98,"text":")"}},"annotations":[],"modifiers":[],"variables":[{"!":"com.github.javaparser.ast.body.VariableDeclarator","range":{"beginLine":8,"beginColumn":35,"endLine":8,"endColumn":114},"tokenRange":{"beginToken":{"kind":94,"text":"factory"},"endToken":{"kind":98,"text":")"}},"initializer":{"!":"com.github.javaparser.ast.expr.CastExpr","range":{"beginLine":8,"beginColumn":45,"endLine":8,"endColumn":114},"tokenRange":{"beginToken":{"kind":97,"text":"("},"endToken":{"kind":98,"text":")"}},"expression":{"!":"com.github.javaparser.ast.expr.MethodCallExpr","range":{"beginLine":8,"beginColumn":73,"endLine":8,"endColumn":114},"tokenRange":{"beginToken":{"kind":94,"text":"cfg"},"endToken":{"kind":98,"text":")"}},"arguments":[{"!":"com.github.javaparser.ast.expr.NameExpr","range":{"beginLine":8,"beginColumn":98,"endLine":8,"endColumn":112},"tokenRange":{"beginToken":{"kind":94,"text":"serviceRegistry"},"endToken":{"kind":94,"text":"serviceRegistry"}},"name":{"!":"com.github.javaparser.ast.expr.SimpleName","range":{"beginLine":8,"beginColumn":98,"endLine":8,"endColumn":112},"tokenRange":{"beginToken":{"kind":94,"text":"serviceRegistry"},"endToken":{"kind":94,"text":"serviceRegistry"}},"identifier":"serviceRegistry"}}],"name":{"!":"com.github.javaparser.ast.expr.SimpleName","range":{"beginLine":8,"beginColumn":77,"endLine":8,"endColumn":95},"tokenRange":{"beginToken":{"kind":94,"text":"buildSessionFactory"},"endToken":{"kind":94,"text":"buildSessionFactory"}},"identifier":"buildSessionFactory"},"scope":{"!":"com.github.javaparser.ast.expr.NameExpr","range":{"beginLine":8,"beginColumn":73,"endLine":8,"endColumn":75},"tokenRange":{"beginToken":{"kind":94,"text":"cfg"},"endToken":{"kind":94,"text":"cfg"}},"name":{"!":"com.github.javaparser.ast.expr.SimpleName","range":{"beginLine":8,"beginColumn":73,"endLine":8,"endColumn":75},"tokenRange":{"beginToken":{"kind":94,"text":"cfg"},"endToken":{"kind":94,"text":"cfg"}},"identifier":"cfg"}}},"type":{"!":"com.github.javaparser.ast.type.ClassOrInterfaceType","range":{"beginLine":8,"beginColumn":46,"endLine":8,"endColumn":70},"tokenRange":{"beginToken":{"kind":94,"text":"SessionFactoryImplementor"},"endToken":{"kind":94,"text":"SessionFactoryImplementor"}},"name":{"!":"com.github.javaparser.ast.expr.SimpleName","range":{"beginLine":8,"beginColumn":46,"endLine":8,"endColumn":70},"tokenRange":{"beginToken":{"kind":94,"text":"SessionFactoryImplementor"},"endToken":{"kind":94,"text":"SessionFactoryImplementor"}},"identifier":"SessionFactoryImplementor"},"annotations":[]}},"name":{"!":"com.github.javaparser.ast.expr.SimpleName","range":{"beginLine":8,"beginColumn":35,"endLine":8,"endColumn":41},"tokenRange":{"beginToken":{"kind":94,"text":"factory"},"endToken":{"kind":94,"text":"factory"}},"identifier":"factory"},"type":{"!":"com.github.javaparser.ast.type.ClassOrInterfaceType","range":{"beginLine":8,"beginColumn":9,"endLine":8,"endColumn":33},"tokenRange":{"beginToken":{"kind":94,"text":"SessionFactoryImplementor"},"endToken":{"kind":94,"text":"SessionFactoryImplementor"}},"name":{"!":"com.github.javaparser.ast.expr.SimpleName","range":{"beginLine":8,"beginColumn":9,"endLine":8,"endColumn":33},"tokenRange":{"beginToken":{"kind":94,"text":"SessionFactoryImplementor"},"endToken":{"kind":94,"text":"SessionFactoryImplementor"}},"identifier":"SessionFactoryImplementor"},"annotations":[]}}]}},{"!":"com.github.javaparser.ast.stmt.ExpressionStmt","range":{"beginLine":9,"beginColumn":9,"endLine":11,"endColumn":31},"tokenRange":{"beginToken":{"kind":94,"text":"EntityTuplizer"},"endToken":{"kind":103,"text":";"}},"expression":{"!":"com.github.javaparser.ast.expr.VariableDeclarationExpr","range":{"beginLine":9,"beginColumn":9,"endLine":11,"endColumn":30},"tokenRange":{"beginToken":{"kind":94,"text":"EntityTuplizer"},"endToken":{"kind":98,"text":")"}},"annotations":[],"modifiers":[],"variables":[{"!":"com.github.javaparser.ast.body.VariableDeclarator","range":{"beginLine":9,"beginColumn":24,"endLine":11,"endColumn":30},"tokenRange":{"beginToken":{"kind":94,"text":"tuplizer"},"endToken":{"kind":98,"text":")"}},"initializer":{"!":"com.github.javaparser.ast.expr.MethodCallExpr","range":{"beginLine":9,"beginColumn":35,"endLine":11,"endColumn":30},"tokenRange":{"beginToken":{"kind":94,"text":"factory"},"endToken":{"kind":98,"text":")"}},"arguments":[],"name":{"!":"com.github.javaparser.ast.expr.SimpleName","range":{"beginLine":11,"beginColumn":18,"endLine":11,"endColumn":28},"tokenRange":{"beginToken":{"kind":94,"text":"getTuplizer"},"endToken":{"kind":94,"text":"getTuplizer"}},"identifier":"getTuplizer"},"scope":{"!":"com.github.javaparser.ast.expr.MethodCallExpr","range":{"beginLine":9,"beginColumn":35,"endLine":10,"endColumn":37},"tokenRange":{"beginToken":{"kind":94,"text":"factory"},"endToken":{"kind":98,"text":")"}},"arguments":[],"name":{"!":"com.github.javaparser.ast.expr.SimpleName","range":{"beginLine":10,"beginColumn":18,"endLine":10,"endColumn":35},"tokenRange":{"beginToken":{"kind":94,"text":"getEntityMetamodel"},"endToken":{"kind":94,"text":"getEntityMetamodel"}},"identifier":"getEntityMetamodel"},"scope":{"!":"com.github.javaparser.ast.expr.MethodCallExpr","range":{"beginLine":9,"beginColumn":35,"endLine":9,"endColumn":88},"tokenRange":{"beginToken":{"kind":94,"text":"factory"},"endToken":{"kind":98,"text":")"}},"arguments":[{"!":"com.github.javaparser.ast.expr.MethodCallExpr","range":{"beginLine":9,"beginColumn":63,"endLine":9,"endColumn":86},"tokenRange":{"beginToken":{"kind":94,"text":"classUnderTest"},"endToken":{"kind":98,"text":")"}},"arguments":[],"name":{"!":"com.github.javaparser.ast.expr.SimpleName","range":{"beginLine":9,"beginColumn":78,"endLine":9,"endColumn":84},"tokenRange":{"beginToken":{"kind":94,"text":"getName"},"endToken":{"kind":94,"text":"getName"}},"identifier":"getName"},"scope":{"!":"com.github.javaparser.ast.expr.NameExpr","range":{"beginLine":9,"beginColumn":63,"endLine":9,"endColumn":76},"tokenRange":{"beginToken":{"kind":94,"text":"classUnderTest"},"endToken":{"kind":94,"text":"classUnderTest"}},"name":{"!":"com.github.javaparser.ast.expr.SimpleName","range":{"beginLine":9,"beginColumn":63,"endLine":9,"endColumn":76},"tokenRange":{"beginToken":{"kind":94,"text":"classUnderTest"},"endToken":{"kind":94,"text":"classUnderTest"}},"identifier":"classUnderTest"}}}],"name":{"!":"com.github.javaparser.ast.expr.SimpleName","range":{"beginLine":9,"beginColumn":43,"endLine":9,"endColumn":60},"tokenRange":{"beginToken":{"kind":94,"text":"getEntityPersister"},"endToken":{"kind":94,"text":"getEntityPersister"}},"identifier":"getEntityPersister"},"scope":{"!":"com.github.javaparser.ast.expr.NameExpr","range":{"beginLine":9,"beginColumn":35,"endLine":9,"endColumn":41},"tokenRange":{"beginToken":{"kind":94,"text":"factory"},"endToken":{"kind":94,"text":"factory"}},"name":{"!":"com.github.javaparser.ast.expr.SimpleName","range":{"beginLine":9,"beginColumn":35,"endLine":9,"endColumn":41},"tokenRange":{"beginToken":{"kind":94,"text":"factory"},"endToken":{"kind":94,"text":"factory"}},"identifier":"factory"}}}}},"name":{"!":"com.github.javaparser.ast.expr.SimpleName","range":{"beginLine":9,"beginColumn":24,"endLine":9,"endColumn":31},"tokenRange":{"beginToken":{"kind":94,"text":"tuplizer"},"endToken":{"kind":94,"text":"tuplizer"}},"identifier":"tuplizer"},"type":{"!":"com.github.javaparser.ast.type.ClassOrInterfaceType","range":{"beginLine":9,"beginColumn":9,"endLine":9,"endColumn":22},"tokenRange":{"beginToken":{"kind":94,"text":"EntityTuplizer"},"endToken":{"kind":94,"text":"EntityTuplizer"}},"name":{"!":"com.github.javaparser.ast.expr.SimpleName","range":{"beginLine":9,"beginColumn":9,"endLine":9,"endColumn":22},"tokenRange":{"beginToken":{"kind":94,"text":"EntityTuplizer"},"endToken":{"kind":94,"text":"EntityTuplizer"}},"identifier":"EntityTuplizer"},"annotations":[]}}]}},{"!":"com.github.javaparser.ast.stmt.ExpressionStmt","range":{"beginLine":12,"beginColumn":9,"endLine":15,"endColumn":10},"tokenRange":{"beginToken":{"kind":94,"text":"assertTrue"},"endToken":{"kind":103,"text":";"}},"expression":{"!":"com.github.javaparser.ast.expr.MethodCallExpr","range":{"beginLine":12,"beginColumn":9,"endLine":15,"endColumn":9},"tokenRange":{"beginToken":{"kind":94,"text":"assertTrue"},"endToken":{"kind":98,"text":")"}},"arguments":[{"!":"com.github.javaparser.ast.expr.StringLiteralExpr","range":{"beginLine":13,"beginColumn":17,"endLine":13,"endColumn":46},"tokenRange":{"beginToken":{"kind":90,"text":"\"Field access should be used.\""},"endToken":{"kind":90,"text":"\"Field access should be used.\""}},"value":"Field access should be used."},{"!":"com.github.javaparser.ast.expr.InstanceOfExpr","range":{"beginLine":14,"beginColumn":17,"endLine":14,"endColumn":93},"tokenRange":{"beginToken":{"kind":94,"text":"tuplizer"},"endToken":{"kind":94,"text":"DirectGetter"}},"expression":{"!":"com.github.javaparser.ast.expr.MethodCallExpr","range":{"beginLine":14,"beginColumn":17,"endLine":14,"endColumn":46},"tokenRange":{"beginToken":{"kind":94,"text":"tuplizer"},"endToken":{"kind":98,"text":")"}},"arguments":[],"name":{"!":"com.github.javaparser.ast.expr.SimpleName","range":{"beginLine":14,"beginColumn":26,"endLine":14,"endColumn":44},"tokenRange":{"beginToken":{"kind":94,"text":"getIdentifierGetter"},"endToken":{"kind":94,"text":"getIdentifierGetter"}},"identifier":"getIdentifierGetter"},"scope":{"!":"com.github.javaparser.ast.expr.NameExpr","range":{"beginLine":14,"beginColumn":17,"endLine":14,"endColumn":24},"tokenRange":{"beginToken":{"kind":94,"text":"tuplizer"},"endToken":{"kind":94,"text":"tuplizer"}},"name":{"!":"com.github.javaparser.ast.expr.SimpleName","range":{"beginLine":14,"beginColumn":17,"endLine":14,"endColumn":24},"tokenRange":{"beginToken":{"kind":94,"text":"tuplizer"},"endToken":{"kind":94,"text":"tuplizer"}},"identifier":"tuplizer"}}},"type":{"!":"com.github.javaparser.ast.type.ClassOrInterfaceType","range":{"beginLine":14,"beginColumn":59,"endLine":14,"endColumn":93},"tokenRange":{"beginToken":{"kind":94,"text":"DirectPropertyAccessor"},"endToken":{"kind":94,"text":"DirectGetter"}},"name":{"!":"com.github.javaparser.ast.expr.SimpleName","range":{"beginLine":14,"beginColumn":82,"endLine":14,"endColumn":93},"tokenRange":{"beginToken":{"kind":94,"text":"DirectGetter"},"endToken":{"kind":94,"text":"DirectGetter"}},"identifier":"DirectGetter"},"scope":{"!":"com.github.javaparser.ast.type.ClassOrInterfaceType","range":{"beginLine":14,"beginColumn":59,"endLine":14,"endColumn":80},"tokenRange":{"beginToken":{"kind":94,"text":"DirectPropertyAccessor"},"endToken":{"kind":94,"text":"DirectPropertyAccessor"}},"name":{"!":"com.github.javaparser.ast.expr.SimpleName","range":{"beginLine":14,"beginColumn":59,"endLine":14,"endColumn":80},"tokenRange":{"beginToken":{"kind":94,"text":"DirectPropertyAccessor"},"endToken":{"kind":94,"text":"DirectPropertyAccessor"}},"identifier":"DirectPropertyAccessor"},"annotations":[]},"annotations":[]}}],"name":{"!":"com.github.javaparser.ast.expr.SimpleName","range":{"beginLine":12,"beginColumn":9,"endLine":12,"endColumn":18},"tokenRange":{"beginToken":{"kind":94,"text":"assertTrue"},"endToken":{"kind":94,"text":"assertTrue"}},"identifier":"assertTrue"}}},{"!":"com.github.javaparser.ast.stmt.ExpressionStmt","range":{"beginLine":17,"beginColumn":9,"endLine":20,"endColumn":10},"tokenRange":{"beginToken":{"kind":94,"text":"assertTrue"},"endToken":{"kind":103,"text":";"}},"expression":{"!":"com.github.javaparser.ast.expr.MethodCallExpr","range":{"beginLine":17,"beginColumn":9,"endLine":20,"endColumn":9},"tokenRange":{"beginToken":{"kind":94,"text":"assertTrue"},"endToken":{"kind":98,"text":")"}},"arguments":[{"!":"com.github.javaparser.ast.expr.StringLiteralExpr","range":{"beginLine":18,"beginColumn":17,"endLine":18,"endColumn":49},"tokenRange":{"beginToken":{"kind":90,"text":"\"Property access should be used.\""},"endToken":{"kind":90,"text":"\"Property access should be used.\""}},"value":"Property access should be used."},{"!":"com.github.javaparser.ast.expr.InstanceOfExpr","range":{"beginLine":19,"beginColumn":17,"endLine":19,"endColumn":84},"tokenRange":{"beginToken":{"kind":94,"text":"tuplizer"},"endToken":{"kind":94,"text":"BasicGetter"}},"expression":{"!":"com.github.javaparser.ast.expr.MethodCallExpr","range":{"beginLine":19,"beginColumn":17,"endLine":19,"endColumn":39},"tokenRange":{"beginToken":{"kind":94,"text":"tuplizer"},"endToken":{"kind":98,"text":")"}},"arguments":[{"!":"com.github.javaparser.ast.expr.IntegerLiteralExpr","range":{"beginLine":19,"beginColumn":37,"endLine":19,"endColumn":37},"tokenRange":{"beginToken":{"kind":77,"text":"0"},"endToken":{"kind":77,"text":"0"}},"value":"0"}],"name":{"!":"com.github.javaparser.ast.expr.SimpleName","range":{"beginLine":19,"beginColumn":26,"endLine":19,"endColumn":34},"tokenRange":{"beginToken":{"kind":94,"text":"getGetter"},"endToken":{"kind":94,"text":"getGetter"}},"identifier":"getGetter"},"scope":{"!":"com.github.javaparser.ast.expr.NameExpr","range":{"beginLine":19,"beginColumn":17,"endLine":19,"endColumn":24},"tokenRange":{"beginToken":{"kind":94,"text":"tuplizer"},"endToken":{"kind":94,"text":"tuplizer"}},"name":{"!":"com.github.javaparser.ast.expr.SimpleName","range":{"beginLine":19,"beginColumn":17,"endLine":19,"endColumn":24},"tokenRange":{"beginToken":{"kind":94,"text":"tuplizer"},"endToken":{"kind":94,"text":"tuplizer"}},"identifier":"tuplizer"}}},"type":{"!":"com.github.javaparser.ast.type.ClassOrInterfaceType","range":{"beginLine":19,"beginColumn":52,"endLine":19,"endColumn":84},"tokenRange":{"beginToken":{"kind":94,"text":"BasicPropertyAccessor"},"endToken":{"kind":94,"text":"BasicGetter"}},"name":{"!":"com.github.javaparser.ast.expr.SimpleName","range":{"beginLine":19,"beginColumn":74,"endLine":19,"endColumn":84},"tokenRange":{"beginToken":{"kind":94,"text":"BasicGetter"},"endToken":{"kind":94,"text":"BasicGetter"}},"identifier":"BasicGetter"},"scope":{"!":"com.github.javaparser.ast.type.ClassOrInterfaceType","range":{"beginLine":19,"beginColumn":52,"endLine":19,"endColumn":72},"tokenRange":{"beginToken":{"kind":94,"text":"BasicPropertyAccessor"},"endToken":{"kind":94,"text":"BasicPropertyAccessor"}},"name":{"!":"com.github.javaparser.ast.expr.SimpleName","range":{"beginLine":19,"beginColumn":52,"endLine":19,"endColumn":72},"tokenRange":{"beginToken":{"kind":94,"text":"BasicPropertyAccessor"},"endToken":{"kind":94,"text":"BasicPropertyAccessor"}},"identifier":"BasicPropertyAccessor"},"annotations":[]},"annotations":[]}}],"name":{"!":"com.github.javaparser.ast.expr.SimpleName","range":{"beginLine":17,"beginColumn":9,"endLine":17,"endColumn":18},"tokenRange":{"beginToken":{"kind":94,"text":"assertTrue"},"endToken":{"kind":94,"text":"assertTrue"}},"identifier":"assertTrue"}}},{"!":"com.github.javaparser.ast.stmt.ExpressionStmt","range":{"beginLine":21,"beginColumn":3,"endLine":21,"endColumn":18},"tokenRange":{"beginToken":{"kind":94,"text":"factory"},"endToken":{"kind":103,"text":";"}},"expression":{"!":"com.github.javaparser.ast.expr.MethodCallExpr","range":{"beginLine":21,"beginColumn":3,"endLine":21,"endColumn":17},"tokenRange":{"beginToken":{"kind":94,"text":"factory"},"endToken":{"kind":98,"text":")"}},"arguments":[],"name":{"!":"com.github.javaparser.ast.expr.SimpleName","range":{"beginLine":21,"beginColumn":11,"endLine":21,"endColumn":15},"tokenRange":{"beginToken":{"kind":94,"text":"close"},"endToken":{"kind":94,"text":"close"}},"identifier":"close"},"scope":{"!":"com.github.javaparser.ast.expr.NameExpr","range":{"beginLine":21,"beginColumn":3,"endLine":21,"endColumn":9},"tokenRange":{"beginToken":{"kind":94,"text":"factory"},"endToken":{"kind":94,"text":"factory"}},"name":{"!":"com.github.javaparser.ast.expr.SimpleName","range":{"beginLine":21,"beginColumn":3,"endLine":21,"endColumn":9},"tokenRange":{"beginToken":{"kind":94,"text":"factory"},"endToken":{"kind":94,"text":"factory"}},"identifier":"factory"}}}}]},"type":{"!":"com.github.javaparser.ast.type.VoidType","range":{"beginLine":3,"beginColumn":12,"endLine":3,"endColumn":15},"tokenRange":{"beginToken":{"kind":62,"text":"void"},"endToken":{"kind":62,"text":"void"}},"annotations":[]},"modifiers":[{"!":"com.github.javaparser.ast.Modifier","range":{"beginLine":3,"beginColumn":5,"endLine":3,"endColumn":10},"tokenRange":{"beginToken":{"kind":47,"text":"public"},"endToken":{"kind":47,"text":"public"}},"keyword":"PUBLIC"}],"name":{"!":"com.github.javaparser.ast.expr.SimpleName","range":{"beginLine":3,"beginColumn":17,"endLine":3,"endColumn":79},"tokenRange":{"beginToken":{"kind":94,"text":"testExplicitPropertyAccessAnnotationsWithHibernateStyleOverride"},"endToken":{"kind":94,"text":"testExplicitPropertyAccessAnnotationsWithHibernateStyleOverride"}},"identifier":"testExplicitPropertyAccessAnnotationsWithHibernateStyleOverride"},"parameters":[],"thrownExceptions":[{"!":"com.github.javaparser.ast.type.ClassOrInterfaceType","range":{"beginLine":3,"beginColumn":90,"endLine":3,"endColumn":98},"tokenRange":{"beginToken":{"kind":94,"text":"Exception"},"endToken":{"kind":94,"text":"Exception"}},"name":{"!":"com.github.javaparser.ast.expr.SimpleName","range":{"beginLine":3,"beginColumn":90,"endLine":3,"endColumn":98},"tokenRange":{"beginToken":{"kind":94,"text":"Exception"},"endToken":{"kind":94,"text":"Exception"}},"identifier":"Exception"},"annotations":[]}],"typeParameters":[],"annotations":[{"!":"com.github.javaparser.ast.expr.MarkerAnnotationExpr","range":{"beginLine":2,"beginColumn":5,"endLine":2,"endColumn":9},"tokenRange":{"beginToken":{"kind":107,"text":"@"},"endToken":{"kind":94,"text":"Test"}},"name":{"!":"com.github.javaparser.ast.expr.Name","range":{"beginLine":2,"beginColumn":6,"endLine":2,"endColumn":9},"tokenRange":{"beginToken":{"kind":94,"text":"Test"},"endToken":{"kind":94,"text":"Test"}},"identifier":"Test"}}]}],"modifiers":[],"name":{"!":"com.github.javaparser.ast.expr.SimpleName","range":{"beginLine":1,"beginColumn":7,"endLine":1,"endColumn":10},"tokenRange":{"beginToken":{"kind":94,"text":"Test"},"endToken":{"kind":94,"text":"Test"}},"identifier":"Test"},"annotations":[]}]}