{"!":"com.github.javaparser.ast.CompilationUnit","range":{"beginLine":1,"beginColumn":1,"endLine":31,"endColumn":2},"tokenRange":{"beginToken":{"kind":19,"text":"class"},"endToken":{"kind":0,"text":""}},"imports":[],"types":[{"!":"com.github.javaparser.ast.body.ClassOrInterfaceDeclaration","range":{"beginLine":1,"beginColumn":1,"endLine":31,"endColumn":2},"tokenRange":{"beginToken":{"kind":19,"text":"class"},"endToken":{"kind":100,"text":"}"}},"extendedTypes":[],"implementedTypes":[],"isInterface":"false","typeParameters":[],"members":[{"!":"com.github.javaparser.ast.body.MethodDeclaration","range":{"beginLine":2,"beginColumn":5,"endLine":29,"endColumn":5},"tokenRange":{"beginToken":{"kind":47,"text":"public"},"endToken":{"kind":100,"text":"}"}},"body":{"!":"com.github.javaparser.ast.stmt.BlockStmt","range":{"beginLine":2,"beginColumn":30,"endLine":29,"endColumn":5},"tokenRange":{"beginToken":{"kind":99,"text":"{"},"endToken":{"kind":100,"text":"}"}},"statements":[{"!":"com.github.javaparser.ast.stmt.IfStmt","range":{"beginLine":3,"beginColumn":9,"endLine":28,"endColumn":9},"tokenRange":{"beginToken":{"kind":34,"text":"if"},"endToken":{"kind":100,"text":"}"}},"condition":{"!":"com.github.javaparser.ast.expr.BinaryExpr","range":{"beginLine":3,"beginColumn":13,"endLine":3,"endColumn":31},"tokenRange":{"beginToken":{"kind":94,"text":"getTarget"},"endToken":{"kind":43,"text":"null"}},"left":{"!":"com.github.javaparser.ast.expr.MethodCallExpr","range":{"beginLine":3,"beginColumn":13,"endLine":3,"endColumn":23},"tokenRange":{"beginToken":{"kind":94,"text":"getTarget"},"endToken":{"kind":98,"text":")"}},"arguments":[],"name":{"!":"com.github.javaparser.ast.expr.SimpleName","range":{"beginLine":3,"beginColumn":13,"endLine":3,"endColumn":21},"tokenRange":{"beginToken":{"kind":94,"text":"getTarget"},"endToken":{"kind":94,"text":"getTarget"}},"identifier":"getTarget"}},"operator":"NOT_EQUALS","right":{"!":"com.github.javaparser.ast.expr.NullLiteralExpr","range":{"beginLine":3,"beginColumn":28,"endLine":3,"endColumn":31},"tokenRange":{"beginToken":{"kind":43,"text":"null"},"endToken":{"kind":43,"text":"null"}}}},"thenStmt":{"!":"com.github.javaparser.ast.stmt.BlockStmt","range":{"beginLine":3,"beginColumn":34,"endLine":28,"endColumn":9},"tokenRange":{"beginToken":{"kind":99,"text":"{"},"endToken":{"kind":100,"text":"}"}},"statements":[{"!":"com.github.javaparser.ast.stmt.ExpressionStmt","range":{"beginLine":4,"beginColumn":13,"endLine":4,"endColumn":40},"tokenRange":{"beginToken":{"kind":94,"text":"Object"},"endToken":{"kind":103,"text":";"}},"expression":{"!":"com.github.javaparser.ast.expr.VariableDeclarationExpr","range":{"beginLine":4,"beginColumn":13,"endLine":4,"endColumn":39},"tokenRange":{"beginToken":{"kind":94,"text":"Object"},"endToken":{"kind":98,"text":")"}},"annotations":[],"modifiers":[],"variables":[{"!":"com.github.javaparser.ast.body.VariableDeclarator","range":{"beginLine":4,"beginColumn":20,"endLine":4,"endColumn":39},"tokenRange":{"beginToken":{"kind":94,"text":"target"},"endToken":{"kind":98,"text":")"}},"initializer":{"!":"com.github.javaparser.ast.expr.MethodCallExpr","range":{"beginLine":4,"beginColumn":29,"endLine":4,"endColumn":39},"tokenRange":{"beginToken":{"kind":94,"text":"getTarget"},"endToken":{"kind":98,"text":")"}},"arguments":[],"name":{"!":"com.github.javaparser.ast.expr.SimpleName","range":{"beginLine":4,"beginColumn":29,"endLine":4,"endColumn":37},"tokenRange":{"beginToken":{"kind":94,"text":"getTarget"},"endToken":{"kind":94,"text":"getTarget"}},"identifier":"getTarget"}},"name":{"!":"com.github.javaparser.ast.expr.SimpleName","range":{"beginLine":4,"beginColumn":20,"endLine":4,"endColumn":25},"tokenRange":{"beginToken":{"kind":94,"text":"target"},"endToken":{"kind":94,"text":"target"}},"identifier":"target"},"type":{"!":"com.github.javaparser.ast.type.ClassOrInterfaceType","range":{"beginLine":4,"beginColumn":13,"endLine":4,"endColumn":18},"tokenRange":{"beginToken":{"kind":94,"text":"Object"},"endToken":{"kind":94,"text":"Object"}},"name":{"!":"com.github.javaparser.ast.expr.SimpleName","range":{"beginLine":4,"beginColumn":13,"endLine":4,"endColumn":18},"tokenRange":{"beginToken":{"kind":94,"text":"Object"},"endToken":{"kind":94,"text":"Object"}},"identifier":"Object"},"annotations":[]}}]}},{"!":"com.github.javaparser.ast.stmt.ExpressionStmt","range":{"beginLine":5,"beginColumn":13,"endLine":5,"endColumn":67},"tokenRange":{"beginToken":{"kind":94,"text":"Object"},"endToken":{"kind":103,"text":";"}},"expression":{"!":"com.github.javaparser.ast.expr.VariableDeclarationExpr","range":{"beginLine":5,"beginColumn":13,"endLine":5,"endColumn":66},"tokenRange":{"beginToken":{"kind":94,"text":"Object"},"endToken":{"kind":98,"text":")"}},"annotations":[],"modifiers":[],"variables":[{"!":"com.github.javaparser.ast.body.VariableDeclarator","range":{"beginLine":5,"beginColumn":20,"endLine":5,"endColumn":66},"tokenRange":{"beginToken":{"kind":94,"text":"kind"},"endToken":{"kind":98,"text":")"}},"initializer":{"!":"com.github.javaparser.ast.expr.MethodCallExpr","range":{"beginLine":5,"beginColumn":27,"endLine":5,"endColumn":66},"tokenRange":{"beginToken":{"kind":94,"text":"Model"},"endToken":{"kind":98,"text":")"}},"arguments":[{"!":"com.github.javaparser.ast.expr.NameExpr","range":{"beginLine":5,"beginColumn":60,"endLine":5,"endColumn":65},"tokenRange":{"beginToken":{"kind":94,"text":"target"},"endToken":{"kind":94,"text":"target"}},"name":{"!":"com.github.javaparser.ast.expr.SimpleName","range":{"beginLine":5,"beginColumn":60,"endLine":5,"endColumn":65},"tokenRange":{"beginToken":{"kind":94,"text":"target"},"endToken":{"kind":94,"text":"target"}},"identifier":"target"}}],"name":{"!":"com.github.javaparser.ast.expr.SimpleName","range":{"beginLine":5,"beginColumn":45,"endLine":5,"endColumn":58},"tokenRange":{"beginToken":{"kind":94,"text":"getAggregation"},"endToken":{"kind":94,"text":"getAggregation"}},"identifier":"getAggregation"},"scope":{"!":"com.github.javaparser.ast.expr.MethodCallExpr","range":{"beginLine":5,"beginColumn":27,"endLine":5,"endColumn":43},"tokenRange":{"beginToken":{"kind":94,"text":"Model"},"endToken":{"kind":98,"text":")"}},"arguments":[],"name":{"!":"com.github.javaparser.ast.expr.SimpleName","range":{"beginLine":5,"beginColumn":33,"endLine":5,"endColumn":41},"tokenRange":{"beginToken":{"kind":94,"text":"getFacade"},"endToken":{"kind":94,"text":"getFacade"}},"identifier":"getFacade"},"scope":{"!":"com.github.javaparser.ast.expr.NameExpr","range":{"beginLine":5,"beginColumn":27,"endLine":5,"endColumn":31},"tokenRange":{"beginToken":{"kind":94,"text":"Model"},"endToken":{"kind":94,"text":"Model"}},"name":{"!":"com.github.javaparser.ast.expr.SimpleName","range":{"beginLine":5,"beginColumn":27,"endLine":5,"endColumn":31},"tokenRange":{"beginToken":{"kind":94,"text":"Model"},"endToken":{"kind":94,"text":"Model"}},"identifier":"Model"}}}},"name":{"!":"com.github.javaparser.ast.expr.SimpleName","range":{"beginLine":5,"beginColumn":20,"endLine":5,"endColumn":23},"tokenRange":{"beginToken":{"kind":94,"text":"kind"},"endToken":{"kind":94,"text":"kind"}},"identifier":"kind"},"type":{"!":"com.github.javaparser.ast.type.ClassOrInterfaceType","range":{"beginLine":5,"beginColumn":13,"endLine":5,"endColumn":18},"tokenRange":{"beginToken":{"kind":94,"text":"Object"},"endToken":{"kind":94,"text":"Object"}},"name":{"!":"com.github.javaparser.ast.expr.SimpleName","range":{"beginLine":5,"beginColumn":13,"endLine":5,"endColumn":18},"tokenRange":{"beginToken":{"kind":94,"text":"Object"},"endToken":{"kind":94,"text":"Object"}},"identifier":"Object"},"annotations":[]}}]}},{"!":"com.github.javaparser.ast.stmt.IfStmt","range":{"beginLine":6,"beginColumn":13,"endLine":27,"endColumn":13},"tokenRange":{"beginToken":{"kind":34,"text":"if"},"endToken":{"kind":100,"text":"}"}},"condition":{"!":"com.github.javaparser.ast.expr.BinaryExpr","range":{"beginLine":6,"beginColumn":17,"endLine":8,"endColumn":65},"tokenRange":{"beginToken":{"kind":94,"text":"kind"},"endToken":{"kind":98,"text":")"}},"left":{"!":"com.github.javaparser.ast.expr.BinaryExpr","range":{"beginLine":6,"beginColumn":17,"endLine":6,"endColumn":28},"tokenRange":{"beginToken":{"kind":94,"text":"kind"},"endToken":{"kind":43,"text":"null"}},"left":{"!":"com.github.javaparser.ast.expr.NameExpr","range":{"beginLine":6,"beginColumn":17,"endLine":6,"endColumn":20},"tokenRange":{"beginToken":{"kind":94,"text":"kind"},"endToken":{"kind":94,"text":"kind"}},"name":{"!":"com.github.javaparser.ast.expr.SimpleName","range":{"beginLine":6,"beginColumn":17,"endLine":6,"endColumn":20},"tokenRange":{"beginToken":{"kind":94,"text":"kind"},"endToken":{"kind":94,"text":"kind"}},"identifier":"kind"}},"operator":"EQUALS","right":{"!":"com.github.javaparser.ast.expr.NullLiteralExpr","range":{"beginLine":6,"beginColumn":25,"endLine":6,"endColumn":28},"tokenRange":{"beginToken":{"kind":43,"text":"null"},"endToken":{"kind":43,"text":"null"}}}},"operator":"OR","right":{"!":"com.github.javaparser.ast.expr.MethodCallExpr","range":{"beginLine":7,"beginColumn":24,"endLine":8,"endColumn":65},"tokenRange":{"beginToken":{"kind":94,"text":"kind"},"endToken":{"kind":98,"text":")"}},"arguments":[{"!":"com.github.javaparser.ast.expr.MethodCallExpr","range":{"beginLine":8,"beginColumn":29,"endLine":8,"endColumn":64},"tokenRange":{"beginToken":{"kind":94,"text":"Model"},"endToken":{"kind":98,"text":")"}},"arguments":[],"name":{"!":"com.github.javaparser.ast.expr.SimpleName","range":{"beginLine":8,"beginColumn":56,"endLine":8,"endColumn":62},"tokenRange":{"beginToken":{"kind":94,"text":"getNone"},"endToken":{"kind":94,"text":"getNone"}},"identifier":"getNone"},"scope":{"!":"com.github.javaparser.ast.expr.MethodCallExpr","range":{"beginLine":8,"beginColumn":29,"endLine":8,"endColumn":54},"tokenRange":{"beginToken":{"kind":94,"text":"Model"},"endToken":{"kind":98,"text":")"}},"arguments":[],"name":{"!":"com.github.javaparser.ast.expr.SimpleName","range":{"beginLine":8,"beginColumn":35,"endLine":8,"endColumn":52},"tokenRange":{"beginToken":{"kind":94,"text":"getAggregationKind"},"endToken":{"kind":94,"text":"getAggregationKind"}},"identifier":"getAggregationKind"},"scope":{"!":"com.github.javaparser.ast.expr.NameExpr","range":{"beginLine":8,"beginColumn":29,"endLine":8,"endColumn":33},"tokenRange":{"beginToken":{"kind":94,"text":"Model"},"endToken":{"kind":94,"text":"Model"}},"name":{"!":"com.github.javaparser.ast.expr.SimpleName","range":{"beginLine":8,"beginColumn":29,"endLine":8,"endColumn":33},"tokenRange":{"beginToken":{"kind":94,"text":"Model"},"endToken":{"kind":94,"text":"Model"}},"identifier":"Model"}}}}],"name":{"!":"com.github.javaparser.ast.expr.SimpleName","range":{"beginLine":7,"beginColumn":29,"endLine":7,"endColumn":34},"tokenRange":{"beginToken":{"kind":94,"text":"equals"},"endToken":{"kind":94,"text":"equals"}},"identifier":"equals"},"scope":{"!":"com.github.javaparser.ast.expr.NameExpr","range":{"beginLine":7,"beginColumn":24,"endLine":7,"endColumn":27},"tokenRange":{"beginToken":{"kind":94,"text":"kind"},"endToken":{"kind":94,"text":"kind"}},"name":{"!":"com.github.javaparser.ast.expr.SimpleName","range":{"beginLine":7,"beginColumn":24,"endLine":7,"endColumn":27},"tokenRange":{"beginToken":{"kind":94,"text":"kind"},"endToken":{"kind":94,"text":"kind"}},"identifier":"kind"}}}},"elseStmt":{"!":"com.github.javaparser.ast.stmt.BlockStmt","range":{"beginLine":10,"beginColumn":20,"endLine":27,"endColumn":13},"tokenRange":{"beginToken":{"kind":99,"text":"{"},"endToken":{"kind":100,"text":"}"}},"statements":[{"!":"com.github.javaparser.ast.stmt.IfStmt","range":{"beginLine":11,"beginColumn":3,"endLine":26,"endColumn":3},"tokenRange":{"beginToken":{"kind":34,"text":"if"},"endToken":{"kind":100,"text":"}"}},"condition":{"!":"com.github.javaparser.ast.expr.MethodCallExpr","range":{"beginLine":11,"beginColumn":7,"endLine":12,"endColumn":52},"tokenRange":{"beginToken":{"kind":94,"text":"kind"},"endToken":{"kind":98,"text":")"}},"arguments":[{"!":"com.github.javaparser.ast.expr.MethodCallExpr","range":{"beginLine":12,"beginColumn":11,"endLine":12,"endColumn":51},"tokenRange":{"beginToken":{"kind":94,"text":"Model"},"endToken":{"kind":98,"text":")"}},"arguments":[],"name":{"!":"com.github.javaparser.ast.expr.SimpleName","range":{"beginLine":12,"beginColumn":38,"endLine":12,"endColumn":49},"tokenRange":{"beginToken":{"kind":94,"text":"getAggregate"},"endToken":{"kind":94,"text":"getAggregate"}},"identifier":"getAggregate"},"scope":{"!":"com.github.javaparser.ast.expr.MethodCallExpr","range":{"beginLine":12,"beginColumn":11,"endLine":12,"endColumn":36},"tokenRange":{"beginToken":{"kind":94,"text":"Model"},"endToken":{"kind":98,"text":")"}},"arguments":[],"name":{"!":"com.github.javaparser.ast.expr.SimpleName","range":{"beginLine":12,"beginColumn":17,"endLine":12,"endColumn":34},"tokenRange":{"beginToken":{"kind":94,"text":"getAggregationKind"},"endToken":{"kind":94,"text":"getAggregationKind"}},"identifier":"getAggregationKind"},"scope":{"!":"com.github.javaparser.ast.expr.NameExpr","range":{"beginLine":12,"beginColumn":11,"endLine":12,"endColumn":15},"tokenRange":{"beginToken":{"kind":94,"text":"Model"},"endToken":{"kind":94,"text":"Model"}},"name":{"!":"com.github.javaparser.ast.expr.SimpleName","range":{"beginLine":12,"beginColumn":11,"endLine":12,"endColumn":15},"tokenRange":{"beginToken":{"kind":94,"text":"Model"},"endToken":{"kind":94,"text":"Model"}},"identifier":"Model"}}}}],"name":{"!":"com.github.javaparser.ast.expr.SimpleName","range":{"beginLine":11,"beginColumn":12,"endLine":11,"endColumn":17},"tokenRange":{"beginToken":{"kind":94,"text":"equals"},"endToken":{"kind":94,"text":"equals"}},"identifier":"equals"},"scope":{"!":"com.github.javaparser.ast.expr.NameExpr","range":{"beginLine":11,"beginColumn":7,"endLine":11,"endColumn":10},"tokenRange":{"beginToken":{"kind":94,"text":"kind"},"endToken":{"kind":94,"text":"kind"}},"name":{"!":"com.github.javaparser.ast.expr.SimpleName","range":{"beginLine":11,"beginColumn":7,"endLine":11,"endColumn":10},"tokenRange":{"beginToken":{"kind":94,"text":"kind"},"endToken":{"kind":94,"text":"kind"}},"identifier":"kind"}}},"elseStmt":{"!":"com.github.javaparser.ast.stmt.BlockStmt","range":{"beginLine":15,"beginColumn":10,"endLine":26,"endColumn":3},"tokenRange":{"beginToken":{"kind":99,"text":"{"},"endToken":{"kind":100,"text":"}"}},"statements":[{"!":"com.github.javaparser.ast.stmt.IfStmt","range":{"beginLine":16,"beginColumn":7,"endLine":25,"endColumn":7},"tokenRange":{"beginToken":{"kind":34,"text":"if"},"endToken":{"kind":100,"text":"}"}},"condition":{"!":"com.github.javaparser.ast.expr.MethodCallExpr","range":{"beginLine":16,"beginColumn":11,"endLine":18,"endColumn":31},"tokenRange":{"beginToken":{"kind":94,"text":"kind"},"endToken":{"kind":98,"text":")"}},"arguments":[{"!":"com.github.javaparser.ast.expr.MethodCallExpr","range":{"beginLine":17,"beginColumn":15,"endLine":18,"endColumn":30},"tokenRange":{"beginToken":{"kind":94,"text":"Model"},"endToken":{"kind":98,"text":")"}},"arguments":[],"name":{"!":"com.github.javaparser.ast.expr.SimpleName","range":{"beginLine":18,"beginColumn":17,"endLine":18,"endColumn":28},"tokenRange":{"beginToken":{"kind":94,"text":"getComposite"},"endToken":{"kind":94,"text":"getComposite"}},"identifier":"getComposite"},"scope":{"!":"com.github.javaparser.ast.expr.MethodCallExpr","range":{"beginLine":17,"beginColumn":15,"endLine":17,"endColumn":40},"tokenRange":{"beginToken":{"kind":94,"text":"Model"},"endToken":{"kind":98,"text":")"}},"arguments":[],"name":{"!":"com.github.javaparser.ast.expr.SimpleName","range":{"beginLine":17,"beginColumn":21,"endLine":17,"endColumn":38},"tokenRange":{"beginToken":{"kind":94,"text":"getAggregationKind"},"endToken":{"kind":94,"text":"getAggregationKind"}},"identifier":"getAggregationKind"},"scope":{"!":"com.github.javaparser.ast.expr.NameExpr","range":{"beginLine":17,"beginColumn":15,"endLine":17,"endColumn":19},"tokenRange":{"beginToken":{"kind":94,"text":"Model"},"endToken":{"kind":94,"text":"Model"}},"name":{"!":"com.github.javaparser.ast.expr.SimpleName","range":{"beginLine":17,"beginColumn":15,"endLine":17,"endColumn":19},"tokenRange":{"beginToken":{"kind":94,"text":"Model"},"endToken":{"kind":94,"text":"Model"}},"identifier":"Model"}}}}],"name":{"!":"com.github.javaparser.ast.expr.SimpleName","range":{"beginLine":16,"beginColumn":16,"endLine":16,"endColumn":21},"tokenRange":{"beginToken":{"kind":94,"text":"equals"},"endToken":{"kind":94,"text":"equals"}},"identifier":"equals"},"scope":{"!":"com.github.javaparser.ast.expr.NameExpr","range":{"beginLine":16,"beginColumn":11,"endLine":16,"endColumn":14},"tokenRange":{"beginToken":{"kind":94,"text":"kind"},"endToken":{"kind":94,"text":"kind"}},"name":{"!":"com.github.javaparser.ast.expr.SimpleName","range":{"beginLine":16,"beginColumn":11,"endLine":16,"endColumn":14},"tokenRange":{"beginToken":{"kind":94,"text":"kind"},"endToken":{"kind":94,"text":"kind"}},"identifier":"kind"}}},"elseStmt":{"!":"com.github.javaparser.ast.stmt.BlockStmt","range":{"beginLine":21,"beginColumn":14,"endLine":25,"endColumn":7},"tokenRange":{"beginToken":{"kind":99,"text":"{"},"endToken":{"kind":100,"text":"}"}},"statements":[{"!":"com.github.javaparser.ast.stmt.ExpressionStmt","range":{"beginLine":22,"beginColumn":11,"endLine":24,"endColumn":26},"tokenRange":{"beginToken":{"kind":94,"text":"setSelected"},"endToken":{"kind":103,"text":";"}},"expression":{"!":"com.github.javaparser.ast.expr.MethodCallExpr","range":{"beginLine":22,"beginColumn":11,"endLine":24,"endColumn":25},"tokenRange":{"beginToken":{"kind":94,"text":"setSelected"},"endToken":{"kind":98,"text":")"}},"arguments":[{"!":"com.github.javaparser.ast.expr.FieldAccessExpr","range":{"beginLine":22,"beginColumn":23,"endLine":24,"endColumn":24},"tokenRange":{"beginToken":{"kind":94,"text":"ActionSetAssociationEndAggregation"},"endToken":{"kind":94,"text":"NONE_COMMAND"}},"name":{"!":"com.github.javaparser.ast.expr.SimpleName","range":{"beginLine":24,"beginColumn":13,"endLine":24,"endColumn":24},"tokenRange":{"beginToken":{"kind":94,"text":"NONE_COMMAND"},"endToken":{"kind":94,"text":"NONE_COMMAND"}},"identifier":"NONE_COMMAND"},"scope":{"!":"com.github.javaparser.ast.expr.NameExpr","range":{"beginLine":22,"beginColumn":23,"endLine":22,"endColumn":56},"tokenRange":{"beginToken":{"kind":94,"text":"ActionSetAssociationEndAggregation"},"endToken":{"kind":94,"text":"ActionSetAssociationEndAggregation"}},"name":{"!":"com.github.javaparser.ast.expr.SimpleName","range":{"beginLine":22,"beginColumn":23,"endLine":22,"endColumn":56},"tokenRange":{"beginToken":{"kind":94,"text":"ActionSetAssociationEndAggregation"},"endToken":{"kind":94,"text":"ActionSetAssociationEndAggregation"}},"identifier":"ActionSetAssociationEndAggregation"}}}],"name":{"!":"com.github.javaparser.ast.expr.SimpleName","range":{"beginLine":22,"beginColumn":11,"endLine":22,"endColumn":21},"tokenRange":{"beginToken":{"kind":94,"text":"setSelected"},"endToken":{"kind":94,"text":"setSelected"}},"identifier":"setSelected"}}}]},"thenStmt":{"!":"com.github.javaparser.ast.stmt.BlockStmt","range":{"beginLine":18,"beginColumn":34,"endLine":21,"endColumn":7},"tokenRange":{"beginToken":{"kind":99,"text":"{"},"endToken":{"kind":100,"text":"}"}},"statements":[{"!":"com.github.javaparser.ast.stmt.ExpressionStmt","range":{"beginLine":19,"beginColumn":4,"endLine":20,"endColumn":31},"tokenRange":{"beginToken":{"kind":94,"text":"setSelected"},"endToken":{"kind":103,"text":";"}},"expression":{"!":"com.github.javaparser.ast.expr.MethodCallExpr","range":{"beginLine":19,"beginColumn":4,"endLine":20,"endColumn":30},"tokenRange":{"beginToken":{"kind":94,"text":"setSelected"},"endToken":{"kind":98,"text":")"}},"arguments":[{"!":"com.github.javaparser.ast.expr.FieldAccessExpr","range":{"beginLine":19,"beginColumn":16,"endLine":20,"endColumn":29},"tokenRange":{"beginToken":{"kind":94,"text":"ActionSetAssociationEndAggregation"},"endToken":{"kind":94,"text":"COMPOSITE_COMMAND"}},"name":{"!":"com.github.javaparser.ast.expr.SimpleName","range":{"beginLine":20,"beginColumn":13,"endLine":20,"endColumn":29},"tokenRange":{"beginToken":{"kind":94,"text":"COMPOSITE_COMMAND"},"endToken":{"kind":94,"text":"COMPOSITE_COMMAND"}},"identifier":"COMPOSITE_COMMAND"},"scope":{"!":"com.github.javaparser.ast.expr.NameExpr","range":{"beginLine":19,"beginColumn":16,"endLine":19,"endColumn":49},"tokenRange":{"beginToken":{"kind":94,"text":"ActionSetAssociationEndAggregation"},"endToken":{"kind":94,"text":"ActionSetAssociationEndAggregation"}},"name":{"!":"com.github.javaparser.ast.expr.SimpleName","range":{"beginLine":19,"beginColumn":16,"endLine":19,"endColumn":49},"tokenRange":{"beginToken":{"kind":94,"text":"ActionSetAssociationEndAggregation"},"endToken":{"kind":94,"text":"ActionSetAssociationEndAggregation"}},"identifier":"ActionSetAssociationEndAggregation"}}}],"name":{"!":"com.github.javaparser.ast.expr.SimpleName","range":{"beginLine":19,"beginColumn":4,"endLine":19,"endColumn":14},"tokenRange":{"beginToken":{"kind":94,"text":"setSelected"},"endToken":{"kind":94,"text":"setSelected"}},"identifier":"setSelected"}}}]}}]},"thenStmt":{"!":"com.github.javaparser.ast.stmt.BlockStmt","range":{"beginLine":12,"beginColumn":55,"endLine":15,"endColumn":3},"tokenRange":{"beginToken":{"kind":99,"text":"{"},"endToken":{"kind":100,"text":"}"}},"statements":[{"!":"com.github.javaparser.ast.stmt.ExpressionStmt","range":{"beginLine":13,"beginColumn":7,"endLine":14,"endColumn":34},"tokenRange":{"beginToken":{"kind":94,"text":"setSelected"},"endToken":{"kind":103,"text":";"}},"expression":{"!":"com.github.javaparser.ast.expr.MethodCallExpr","range":{"beginLine":13,"beginColumn":7,"endLine":14,"endColumn":33},"tokenRange":{"beginToken":{"kind":94,"text":"setSelected"},"endToken":{"kind":98,"text":")"}},"arguments":[{"!":"com.github.javaparser.ast.expr.FieldAccessExpr","range":{"beginLine":13,"beginColumn":19,"endLine":14,"endColumn":32},"tokenRange":{"beginToken":{"kind":94,"text":"ActionSetAssociationEndAggregation"},"endToken":{"kind":94,"text":"AGGREGATE_COMMAND"}},"name":{"!":"com.github.javaparser.ast.expr.SimpleName","range":{"beginLine":14,"beginColumn":16,"endLine":14,"endColumn":32},"tokenRange":{"beginToken":{"kind":94,"text":"AGGREGATE_COMMAND"},"endToken":{"kind":94,"text":"AGGREGATE_COMMAND"}},"identifier":"AGGREGATE_COMMAND"},"scope":{"!":"com.github.javaparser.ast.expr.NameExpr","range":{"beginLine":13,"beginColumn":19,"endLine":13,"endColumn":52},"tokenRange":{"beginToken":{"kind":94,"text":"ActionSetAssociationEndAggregation"},"endToken":{"kind":94,"text":"ActionSetAssociationEndAggregation"}},"name":{"!":"com.github.javaparser.ast.expr.SimpleName","range":{"beginLine":13,"beginColumn":19,"endLine":13,"endColumn":52},"tokenRange":{"beginToken":{"kind":94,"text":"ActionSetAssociationEndAggregation"},"endToken":{"kind":94,"text":"ActionSetAssociationEndAggregation"}},"identifier":"ActionSetAssociationEndAggregation"}}}],"name":{"!":"com.github.javaparser.ast.expr.SimpleName","range":{"beginLine":13,"beginColumn":7,"endLine":13,"endColumn":17},"tokenRange":{"beginToken":{"kind":94,"text":"setSelected"},"endToken":{"kind":94,"text":"setSelected"}},"identifier":"setSelected"}}}]}}]},"thenStmt":{"!":"com.github.javaparser.ast.stmt.BlockStmt","range":{"beginLine":8,"beginColumn":68,"endLine":10,"endColumn":13},"tokenRange":{"beginToken":{"kind":99,"text":"{"},"endToken":{"kind":100,"text":"}"}},"statements":[{"!":"com.github.javaparser.ast.stmt.ExpressionStmt","range":{"beginLine":9,"beginColumn":17,"endLine":9,"endColumn":77},"tokenRange":{"beginToken":{"kind":94,"text":"setSelected"},"endToken":{"kind":103,"text":";"}},"expression":{"!":"com.github.javaparser.ast.expr.MethodCallExpr","range":{"beginLine":9,"beginColumn":17,"endLine":9,"endColumn":76},"tokenRange":{"beginToken":{"kind":94,"text":"setSelected"},"endToken":{"kind":98,"text":")"}},"arguments":[{"!":"com.github.javaparser.ast.expr.FieldAccessExpr","range":{"beginLine":9,"beginColumn":29,"endLine":9,"endColumn":75},"tokenRange":{"beginToken":{"kind":94,"text":"ActionSetAssociationEndAggregation"},"endToken":{"kind":94,"text":"NONE_COMMAND"}},"name":{"!":"com.github.javaparser.ast.expr.SimpleName","range":{"beginLine":9,"beginColumn":64,"endLine":9,"endColumn":75},"tokenRange":{"beginToken":{"kind":94,"text":"NONE_COMMAND"},"endToken":{"kind":94,"text":"NONE_COMMAND"}},"identifier":"NONE_COMMAND"},"scope":{"!":"com.github.javaparser.ast.expr.NameExpr","range":{"beginLine":9,"beginColumn":29,"endLine":9,"endColumn":62},"tokenRange":{"beginToken":{"kind":94,"text":"ActionSetAssociationEndAggregation"},"endToken":{"kind":94,"text":"ActionSetAssociationEndAggregation"}},"name":{"!":"com.github.javaparser.ast.expr.SimpleName","range":{"beginLine":9,"beginColumn":29,"endLine":9,"endColumn":62},"tokenRange":{"beginToken":{"kind":94,"text":"ActionSetAssociationEndAggregation"},"endToken":{"kind":94,"text":"ActionSetAssociationEndAggregation"}},"identifier":"ActionSetAssociationEndAggregation"}}}],"name":{"!":"com.github.javaparser.ast.expr.SimpleName","range":{"beginLine":9,"beginColumn":17,"endLine":9,"endColumn":27},"tokenRange":{"beginToken":{"kind":94,"text":"setSelected"},"endToken":{"kind":94,"text":"setSelected"}},"identifier":"setSelected"}}}]}}]}}]},"type":{"!":"com.github.javaparser.ast.type.VoidType","range":{"beginLine":2,"beginColumn":12,"endLine":2,"endColumn":15},"tokenRange":{"beginToken":{"kind":62,"text":"void"},"endToken":{"kind":62,"text":"void"}},"annotations":[]},"modifiers":[{"!":"com.github.javaparser.ast.Modifier","range":{"beginLine":2,"beginColumn":5,"endLine":2,"endColumn":10},"tokenRange":{"beginToken":{"kind":47,"text":"public"},"endToken":{"kind":47,"text":"public"}},"keyword":"PUBLIC"}],"name":{"!":"com.github.javaparser.ast.expr.SimpleName","range":{"beginLine":2,"beginColumn":17,"endLine":2,"endColumn":26},"tokenRange":{"beginToken":{"kind":94,"text":"buildModel"},"endToken":{"kind":94,"text":"buildModel"}},"identifier":"buildModel"},"parameters":[],"thrownExceptions":[],"typeParameters":[],"annotations":[]}],"modifiers":[],"name":{"!":"com.github.javaparser.ast.expr.SimpleName","range":{"beginLine":1,"beginColumn":7,"endLine":1,"endColumn":10},"tokenRange":{"beginToken":{"kind":94,"text":"Test"},"endToken":{"kind":94,"text":"Test"}},"identifier":"Test"},"annotations":[]}]}