{"!":"com.github.javaparser.ast.CompilationUnit","range":{"beginLine":1,"beginColumn":1,"endLine":39,"endColumn":2},"tokenRange":{"beginToken":{"kind":19,"text":"class"},"endToken":{"kind":0,"text":""}},"imports":[],"types":[{"!":"com.github.javaparser.ast.body.ClassOrInterfaceDeclaration","range":{"beginLine":1,"beginColumn":1,"endLine":39,"endColumn":2},"tokenRange":{"beginToken":{"kind":19,"text":"class"},"endToken":{"kind":100,"text":"}"}},"extendedTypes":[],"implementedTypes":[],"isInterface":"false","typeParameters":[],"members":[{"!":"com.github.javaparser.ast.body.MethodDeclaration","range":{"beginLine":2,"beginColumn":5,"endLine":37,"endColumn":4},"tokenRange":{"beginToken":{"kind":45,"text":"private"},"endToken":{"kind":100,"text":"}"}},"body":{"!":"com.github.javaparser.ast.stmt.BlockStmt","range":{"beginLine":4,"beginColumn":27,"endLine":37,"endColumn":4},"tokenRange":{"beginToken":{"kind":99,"text":"{"},"endToken":{"kind":100,"text":"}"}},"statements":[{"!":"com.github.javaparser.ast.stmt.ExpressionStmt","range":{"beginLine":5,"beginColumn":7,"endLine":36,"endColumn":9},"tokenRange":{"beginToken":{"kind":94,"text":"withCacheManager"},"endToken":{"kind":103,"text":";"}},"expression":{"!":"com.github.javaparser.ast.expr.MethodCallExpr","range":{"beginLine":5,"beginColumn":7,"endLine":36,"endColumn":8},"tokenRange":{"beginToken":{"kind":94,"text":"withCacheManager"},"endToken":{"kind":98,"text":")"}},"arguments":[{"!":"com.github.javaparser.ast.expr.ObjectCreationExpr","range":{"beginLine":5,"beginColumn":24,"endLine":36,"endColumn":7},"tokenRange":{"beginToken":{"kind":42,"text":"new"},"endToken":{"kind":100,"text":"}"}},"anonymousClassBody":[{"!":"com.github.javaparser.ast.body.MethodDeclaration","range":{"beginLine":7,"beginColumn":10,"endLine":35,"endColumn":10},"tokenRange":{"beginToken":{"kind":107,"text":"@"},"endToken":{"kind":100,"text":"}"}},"body":{"!":"com.github.javaparser.ast.stmt.BlockStmt","range":{"beginLine":8,"beginColumn":29,"endLine":35,"endColumn":10},"tokenRange":{"beginToken":{"kind":99,"text":"{"},"endToken":{"kind":100,"text":"}"}},"statements":[{"!":"com.github.javaparser.ast.stmt.ExpressionStmt","range":{"beginLine":9,"beginColumn":13,"endLine":11,"endColumn":70},"tokenRange":{"beginToken":{"kind":94,"text":"PutFromLoadValidator"},"endToken":{"kind":103,"text":";"}},"expression":{"!":"com.github.javaparser.ast.expr.VariableDeclarationExpr","range":{"beginLine":9,"beginColumn":13,"endLine":11,"endColumn":69},"tokenRange":{"beginToken":{"kind":94,"text":"PutFromLoadValidator"},"endToken":{"kind":98,"text":")"}},"annotations":[],"modifiers":[],"variables":[{"!":"com.github.javaparser.ast.body.VariableDeclarator","range":{"beginLine":9,"beginColumn":34,"endLine":11,"endColumn":69},"tokenRange":{"beginToken":{"kind":94,"text":"testee"},"endToken":{"kind":98,"text":")"}},"initializer":{"!":"com.github.javaparser.ast.expr.ObjectCreationExpr","range":{"beginLine":9,"beginColumn":43,"endLine":11,"endColumn":69},"tokenRange":{"beginToken":{"kind":42,"text":"new"},"endToken":{"kind":98,"text":")"}},"arguments":[{"!":"com.github.javaparser.ast.expr.NameExpr","range":{"beginLine":9,"beginColumn":68,"endLine":9,"endColumn":69},"tokenRange":{"beginToken":{"kind":94,"text":"cm"},"endToken":{"kind":94,"text":"cm"}},"name":{"!":"com.github.javaparser.ast.expr.SimpleName","range":{"beginLine":9,"beginColumn":68,"endLine":9,"endColumn":69},"tokenRange":{"beginToken":{"kind":94,"text":"cm"},"endToken":{"kind":94,"text":"cm"}},"identifier":"cm"}},{"!":"com.github.javaparser.ast.expr.ConditionalExpr","range":{"beginLine":10,"beginColumn":19,"endLine":10,"endColumn":43},"tokenRange":{"beginToken":{"kind":94,"text":"transactional"},"endToken":{"kind":43,"text":"null"}},"condition":{"!":"com.github.javaparser.ast.expr.NameExpr","range":{"beginLine":10,"beginColumn":19,"endLine":10,"endColumn":31},"tokenRange":{"beginToken":{"kind":94,"text":"transactional"},"endToken":{"kind":94,"text":"transactional"}},"name":{"!":"com.github.javaparser.ast.expr.SimpleName","range":{"beginLine":10,"beginColumn":19,"endLine":10,"endColumn":31},"tokenRange":{"beginToken":{"kind":94,"text":"transactional"},"endToken":{"kind":94,"text":"transactional"}},"identifier":"transactional"}},"elseExpr":{"!":"com.github.javaparser.ast.expr.NullLiteralExpr","range":{"beginLine":10,"beginColumn":40,"endLine":10,"endColumn":43},"tokenRange":{"beginToken":{"kind":43,"text":"null"},"endToken":{"kind":43,"text":"null"}}},"thenExpr":{"!":"com.github.javaparser.ast.expr.NameExpr","range":{"beginLine":10,"beginColumn":35,"endLine":10,"endColumn":36},"tokenRange":{"beginToken":{"kind":94,"text":"tm"},"endToken":{"kind":94,"text":"tm"}},"name":{"!":"com.github.javaparser.ast.expr.SimpleName","range":{"beginLine":10,"beginColumn":35,"endLine":10,"endColumn":36},"tokenRange":{"beginToken":{"kind":94,"text":"tm"},"endToken":{"kind":94,"text":"tm"}},"identifier":"tm"}}},{"!":"com.github.javaparser.ast.expr.FieldAccessExpr","range":{"beginLine":11,"beginColumn":19,"endLine":11,"endColumn":68},"tokenRange":{"beginToken":{"kind":94,"text":"PutFromLoadValidator"},"endToken":{"kind":94,"text":"NAKED_PUT_INVALIDATION_PERIOD"}},"name":{"!":"com.github.javaparser.ast.expr.SimpleName","range":{"beginLine":11,"beginColumn":40,"endLine":11,"endColumn":68},"tokenRange":{"beginToken":{"kind":94,"text":"NAKED_PUT_INVALIDATION_PERIOD"},"endToken":{"kind":94,"text":"NAKED_PUT_INVALIDATION_PERIOD"}},"identifier":"NAKED_PUT_INVALIDATION_PERIOD"},"scope":{"!":"com.github.javaparser.ast.expr.NameExpr","range":{"beginLine":11,"beginColumn":19,"endLine":11,"endColumn":38},"tokenRange":{"beginToken":{"kind":94,"text":"PutFromLoadValidator"},"endToken":{"kind":94,"text":"PutFromLoadValidator"}},"name":{"!":"com.github.javaparser.ast.expr.SimpleName","range":{"beginLine":11,"beginColumn":19,"endLine":11,"endColumn":38},"tokenRange":{"beginToken":{"kind":94,"text":"PutFromLoadValidator"},"endToken":{"kind":94,"text":"PutFromLoadValidator"}},"identifier":"PutFromLoadValidator"}}}],"type":{"!":"com.github.javaparser.ast.type.ClassOrInterfaceType","range":{"beginLine":9,"beginColumn":47,"endLine":9,"endColumn":66},"tokenRange":{"beginToken":{"kind":94,"text":"PutFromLoadValidator"},"endToken":{"kind":94,"text":"PutFromLoadValidator"}},"name":{"!":"com.github.javaparser.ast.expr.SimpleName","range":{"beginLine":9,"beginColumn":47,"endLine":9,"endColumn":66},"tokenRange":{"beginToken":{"kind":94,"text":"PutFromLoadValidator"},"endToken":{"kind":94,"text":"PutFromLoadValidator"}},"identifier":"PutFromLoadValidator"},"annotations":[]}},"name":{"!":"com.github.javaparser.ast.expr.SimpleName","range":{"beginLine":9,"beginColumn":34,"endLine":9,"endColumn":39},"tokenRange":{"beginToken":{"kind":94,"text":"testee"},"endToken":{"kind":94,"text":"testee"}},"identifier":"testee"},"type":{"!":"com.github.javaparser.ast.type.ClassOrInterfaceType","range":{"beginLine":9,"beginColumn":13,"endLine":9,"endColumn":32},"tokenRange":{"beginToken":{"kind":94,"text":"PutFromLoadValidator"},"endToken":{"kind":94,"text":"PutFromLoadValidator"}},"name":{"!":"com.github.javaparser.ast.expr.SimpleName","range":{"beginLine":9,"beginColumn":13,"endLine":9,"endColumn":32},"tokenRange":{"beginToken":{"kind":94,"text":"PutFromLoadValidator"},"endToken":{"kind":94,"text":"PutFromLoadValidator"}},"identifier":"PutFromLoadValidator"},"annotations":[]}}]}},{"!":"com.github.javaparser.ast.stmt.TryStmt","range":{"beginLine":12,"beginColumn":13,"endLine":34,"endColumn":13},"tokenRange":{"beginToken":{"kind":61,"text":"try"},"endToken":{"kind":100,"text":"}"}},"catchClauses":[{"!":"com.github.javaparser.ast.stmt.CatchClause","range":{"beginLine":32,"beginColumn":15,"endLine":34,"endColumn":13},"tokenRange":{"beginToken":{"kind":17,"text":"catch"},"endToken":{"kind":100,"text":"}"}},"body":{"!":"com.github.javaparser.ast.stmt.BlockStmt","range":{"beginLine":32,"beginColumn":35,"endLine":34,"endColumn":13},"tokenRange":{"beginToken":{"kind":99,"text":"{"},"endToken":{"kind":100,"text":"}"}},"statements":[{"!":"com.github.javaparser.ast.stmt.ThrowStmt","range":{"beginLine":33,"beginColumn":16,"endLine":33,"endColumn":45},"tokenRange":{"beginToken":{"kind":57,"text":"throw"},"endToken":{"kind":103,"text":";"}},"expression":{"!":"com.github.javaparser.ast.expr.ObjectCreationExpr","range":{"beginLine":33,"beginColumn":22,"endLine":33,"endColumn":44},"tokenRange":{"beginToken":{"kind":42,"text":"new"},"endToken":{"kind":98,"text":")"}},"arguments":[{"!":"com.github.javaparser.ast.expr.NameExpr","range":{"beginLine":33,"beginColumn":43,"endLine":33,"endColumn":43},"tokenRange":{"beginToken":{"kind":94,"text":"e"},"endToken":{"kind":94,"text":"e"}},"name":{"!":"com.github.javaparser.ast.expr.SimpleName","range":{"beginLine":33,"beginColumn":43,"endLine":33,"endColumn":43},"tokenRange":{"beginToken":{"kind":94,"text":"e"},"endToken":{"kind":94,"text":"e"}},"identifier":"e"}}],"type":{"!":"com.github.javaparser.ast.type.ClassOrInterfaceType","range":{"beginLine":33,"beginColumn":26,"endLine":33,"endColumn":41},"tokenRange":{"beginToken":{"kind":94,"text":"RuntimeException"},"endToken":{"kind":94,"text":"RuntimeException"}},"name":{"!":"com.github.javaparser.ast.expr.SimpleName","range":{"beginLine":33,"beginColumn":26,"endLine":33,"endColumn":41},"tokenRange":{"beginToken":{"kind":94,"text":"RuntimeException"},"endToken":{"kind":94,"text":"RuntimeException"}},"identifier":"RuntimeException"},"annotations":[]}}}]},"parameter":{"!":"com.github.javaparser.ast.body.Parameter","range":{"beginLine":32,"beginColumn":22,"endLine":32,"endColumn":32},"tokenRange":{"beginToken":{"kind":94,"text":"Exception"},"endToken":{"kind":94,"text":"e"}},"annotations":[],"isVarArgs":"false","modifiers":[],"name":{"!":"com.github.javaparser.ast.expr.SimpleName","range":{"beginLine":32,"beginColumn":32,"endLine":32,"endColumn":32},"tokenRange":{"beginToken":{"kind":94,"text":"e"},"endToken":{"kind":94,"text":"e"}},"identifier":"e"},"type":{"!":"com.github.javaparser.ast.type.ClassOrInterfaceType","range":{"beginLine":32,"beginColumn":22,"endLine":32,"endColumn":30},"tokenRange":{"beginToken":{"kind":94,"text":"Exception"},"endToken":{"kind":94,"text":"Exception"}},"name":{"!":"com.github.javaparser.ast.expr.SimpleName","range":{"beginLine":32,"beginColumn":22,"endLine":32,"endColumn":30},"tokenRange":{"beginToken":{"kind":94,"text":"Exception"},"endToken":{"kind":94,"text":"Exception"}},"identifier":"Exception"},"annotations":[]},"varArgsAnnotations":[]}}],"resources":[],"tryBlock":{"!":"com.github.javaparser.ast.stmt.BlockStmt","range":{"beginLine":12,"beginColumn":17,"endLine":32,"endColumn":13},"tokenRange":{"beginToken":{"kind":99,"text":"{"},"endToken":{"kind":100,"text":"}"}},"statements":[{"!":"com.github.javaparser.ast.stmt.IfStmt","range":{"beginLine":13,"beginColumn":16,"endLine":15,"endColumn":16},"tokenRange":{"beginToken":{"kind":34,"text":"if"},"endToken":{"kind":100,"text":"}"}},"condition":{"!":"com.github.javaparser.ast.expr.NameExpr","range":{"beginLine":13,"beginColumn":20,"endLine":13,"endColumn":32},"tokenRange":{"beginToken":{"kind":94,"text":"transactional"},"endToken":{"kind":94,"text":"transactional"}},"name":{"!":"com.github.javaparser.ast.expr.SimpleName","range":{"beginLine":13,"beginColumn":20,"endLine":13,"endColumn":32},"tokenRange":{"beginToken":{"kind":94,"text":"transactional"},"endToken":{"kind":94,"text":"transactional"}},"identifier":"transactional"}},"thenStmt":{"!":"com.github.javaparser.ast.stmt.BlockStmt","range":{"beginLine":13,"beginColumn":35,"endLine":15,"endColumn":16},"tokenRange":{"beginToken":{"kind":99,"text":"{"},"endToken":{"kind":100,"text":"}"}},"statements":[{"!":"com.github.javaparser.ast.stmt.ExpressionStmt","range":{"beginLine":14,"beginColumn":19,"endLine":14,"endColumn":29},"tokenRange":{"beginToken":{"kind":94,"text":"tm"},"endToken":{"kind":103,"text":";"}},"expression":{"!":"com.github.javaparser.ast.expr.MethodCallExpr","range":{"beginLine":14,"beginColumn":19,"endLine":14,"endColumn":28},"tokenRange":{"beginToken":{"kind":94,"text":"tm"},"endToken":{"kind":98,"text":")"}},"arguments":[],"name":{"!":"com.github.javaparser.ast.expr.SimpleName","range":{"beginLine":14,"beginColumn":22,"endLine":14,"endColumn":26},"tokenRange":{"beginToken":{"kind":94,"text":"begin"},"endToken":{"kind":94,"text":"begin"}},"identifier":"begin"},"scope":{"!":"com.github.javaparser.ast.expr.NameExpr","range":{"beginLine":14,"beginColumn":19,"endLine":14,"endColumn":20},"tokenRange":{"beginToken":{"kind":94,"text":"tm"},"endToken":{"kind":94,"text":"tm"}},"name":{"!":"com.github.javaparser.ast.expr.SimpleName","range":{"beginLine":14,"beginColumn":19,"endLine":14,"endColumn":20},"tokenRange":{"beginToken":{"kind":94,"text":"tm"},"endToken":{"kind":94,"text":"tm"}},"identifier":"tm"}}}}]}},{"!":"com.github.javaparser.ast.stmt.ExpressionStmt","range":{"beginLine":16,"beginColumn":16,"endLine":16,"endColumn":47},"tokenRange":{"beginToken":{"kind":94,"text":"testee"},"endToken":{"kind":103,"text":";"}},"expression":{"!":"com.github.javaparser.ast.expr.MethodCallExpr","range":{"beginLine":16,"beginColumn":16,"endLine":16,"endColumn":46},"tokenRange":{"beginToken":{"kind":94,"text":"testee"},"endToken":{"kind":98,"text":")"}},"arguments":[{"!":"com.github.javaparser.ast.expr.NameExpr","range":{"beginLine":16,"beginColumn":42,"endLine":16,"endColumn":45},"tokenRange":{"beginToken":{"kind":94,"text":"KEY1"},"endToken":{"kind":94,"text":"KEY1"}},"name":{"!":"com.github.javaparser.ast.expr.SimpleName","range":{"beginLine":16,"beginColumn":42,"endLine":16,"endColumn":45},"tokenRange":{"beginToken":{"kind":94,"text":"KEY1"},"endToken":{"kind":94,"text":"KEY1"}},"identifier":"KEY1"}}],"name":{"!":"com.github.javaparser.ast.expr.SimpleName","range":{"beginLine":16,"beginColumn":23,"endLine":16,"endColumn":40},"tokenRange":{"beginToken":{"kind":94,"text":"registerPendingPut"},"endToken":{"kind":94,"text":"registerPendingPut"}},"identifier":"registerPendingPut"},"scope":{"!":"com.github.javaparser.ast.expr.NameExpr","range":{"beginLine":16,"beginColumn":16,"endLine":16,"endColumn":21},"tokenRange":{"beginToken":{"kind":94,"text":"testee"},"endToken":{"kind":94,"text":"testee"}},"name":{"!":"com.github.javaparser.ast.expr.SimpleName","range":{"beginLine":16,"beginColumn":16,"endLine":16,"endColumn":21},"tokenRange":{"beginToken":{"kind":94,"text":"testee"},"endToken":{"kind":94,"text":"testee"}},"identifier":"testee"}}}},{"!":"com.github.javaparser.ast.stmt.IfStmt","range":{"beginLine":17,"beginColumn":16,"endLine":21,"endColumn":16},"tokenRange":{"beginToken":{"kind":34,"text":"if"},"endToken":{"kind":100,"text":"}"}},"condition":{"!":"com.github.javaparser.ast.expr.NameExpr","range":{"beginLine":17,"beginColumn":20,"endLine":17,"endColumn":31},"tokenRange":{"beginToken":{"kind":94,"text":"removeRegion"},"endToken":{"kind":94,"text":"removeRegion"}},"name":{"!":"com.github.javaparser.ast.expr.SimpleName","range":{"beginLine":17,"beginColumn":20,"endLine":17,"endColumn":31},"tokenRange":{"beginToken":{"kind":94,"text":"removeRegion"},"endToken":{"kind":94,"text":"removeRegion"}},"identifier":"removeRegion"}},"elseStmt":{"!":"com.github.javaparser.ast.stmt.BlockStmt","range":{"beginLine":19,"beginColumn":23,"endLine":21,"endColumn":16},"tokenRange":{"beginToken":{"kind":99,"text":"{"},"endToken":{"kind":100,"text":"}"}},"statements":[{"!":"com.github.javaparser.ast.stmt.ExpressionStmt","range":{"beginLine":20,"beginColumn":19,"endLine":20,"endColumn":45},"tokenRange":{"beginToken":{"kind":94,"text":"testee"},"endToken":{"kind":103,"text":";"}},"expression":{"!":"com.github.javaparser.ast.expr.MethodCallExpr","range":{"beginLine":20,"beginColumn":19,"endLine":20,"endColumn":44},"tokenRange":{"beginToken":{"kind":94,"text":"testee"},"endToken":{"kind":98,"text":")"}},"arguments":[{"!":"com.github.javaparser.ast.expr.NameExpr","range":{"beginLine":20,"beginColumn":40,"endLine":20,"endColumn":43},"tokenRange":{"beginToken":{"kind":94,"text":"KEY1"},"endToken":{"kind":94,"text":"KEY1"}},"name":{"!":"com.github.javaparser.ast.expr.SimpleName","range":{"beginLine":20,"beginColumn":40,"endLine":20,"endColumn":43},"tokenRange":{"beginToken":{"kind":94,"text":"KEY1"},"endToken":{"kind":94,"text":"KEY1"}},"identifier":"KEY1"}}],"name":{"!":"com.github.javaparser.ast.expr.SimpleName","range":{"beginLine":20,"beginColumn":26,"endLine":20,"endColumn":38},"tokenRange":{"beginToken":{"kind":94,"text":"invalidateKey"},"endToken":{"kind":94,"text":"invalidateKey"}},"identifier":"invalidateKey"},"scope":{"!":"com.github.javaparser.ast.expr.NameExpr","range":{"beginLine":20,"beginColumn":19,"endLine":20,"endColumn":24},"tokenRange":{"beginToken":{"kind":94,"text":"testee"},"endToken":{"kind":94,"text":"testee"}},"name":{"!":"com.github.javaparser.ast.expr.SimpleName","range":{"beginLine":20,"beginColumn":19,"endLine":20,"endColumn":24},"tokenRange":{"beginToken":{"kind":94,"text":"testee"},"endToken":{"kind":94,"text":"testee"}},"identifier":"testee"}}}}]},"thenStmt":{"!":"com.github.javaparser.ast.stmt.BlockStmt","range":{"beginLine":17,"beginColumn":34,"endLine":19,"endColumn":16},"tokenRange":{"beginToken":{"kind":99,"text":"{"},"endToken":{"kind":100,"text":"}"}},"statements":[{"!":"com.github.javaparser.ast.stmt.ExpressionStmt","range":{"beginLine":18,"beginColumn":19,"endLine":18,"endColumn":44},"tokenRange":{"beginToken":{"kind":94,"text":"testee"},"endToken":{"kind":103,"text":";"}},"expression":{"!":"com.github.javaparser.ast.expr.MethodCallExpr","range":{"beginLine":18,"beginColumn":19,"endLine":18,"endColumn":43},"tokenRange":{"beginToken":{"kind":94,"text":"testee"},"endToken":{"kind":98,"text":")"}},"arguments":[],"name":{"!":"com.github.javaparser.ast.expr.SimpleName","range":{"beginLine":18,"beginColumn":26,"endLine":18,"endColumn":41},"tokenRange":{"beginToken":{"kind":94,"text":"invalidateRegion"},"endToken":{"kind":94,"text":"invalidateRegion"}},"identifier":"invalidateRegion"},"scope":{"!":"com.github.javaparser.ast.expr.NameExpr","range":{"beginLine":18,"beginColumn":19,"endLine":18,"endColumn":24},"tokenRange":{"beginToken":{"kind":94,"text":"testee"},"endToken":{"kind":94,"text":"testee"}},"name":{"!":"com.github.javaparser.ast.expr.SimpleName","range":{"beginLine":18,"beginColumn":19,"endLine":18,"endColumn":24},"tokenRange":{"beginToken":{"kind":94,"text":"testee"},"endToken":{"kind":94,"text":"testee"}},"identifier":"testee"}}}}]}},{"!":"com.github.javaparser.ast.stmt.ExpressionStmt","range":{"beginLine":23,"beginColumn":16,"endLine":23,"endColumn":70},"tokenRange":{"beginToken":{"kind":13,"text":"boolean"},"endToken":{"kind":103,"text":";"}},"expression":{"!":"com.github.javaparser.ast.expr.VariableDeclarationExpr","range":{"beginLine":23,"beginColumn":16,"endLine":23,"endColumn":69},"tokenRange":{"beginToken":{"kind":13,"text":"boolean"},"endToken":{"kind":98,"text":")"}},"annotations":[],"modifiers":[],"variables":[{"!":"com.github.javaparser.ast.body.VariableDeclarator","range":{"beginLine":23,"beginColumn":24,"endLine":23,"endColumn":69},"tokenRange":{"beginToken":{"kind":94,"text":"lockable"},"endToken":{"kind":98,"text":")"}},"initializer":{"!":"com.github.javaparser.ast.expr.MethodCallExpr","range":{"beginLine":23,"beginColumn":35,"endLine":23,"endColumn":69},"tokenRange":{"beginToken":{"kind":94,"text":"testee"},"endToken":{"kind":98,"text":")"}},"arguments":[{"!":"com.github.javaparser.ast.expr.NameExpr","range":{"beginLine":23,"beginColumn":65,"endLine":23,"endColumn":68},"tokenRange":{"beginToken":{"kind":94,"text":"KEY1"},"endToken":{"kind":94,"text":"KEY1"}},"name":{"!":"com.github.javaparser.ast.expr.SimpleName","range":{"beginLine":23,"beginColumn":65,"endLine":23,"endColumn":68},"tokenRange":{"beginToken":{"kind":94,"text":"KEY1"},"endToken":{"kind":94,"text":"KEY1"}},"identifier":"KEY1"}}],"name":{"!":"com.github.javaparser.ast.expr.SimpleName","range":{"beginLine":23,"beginColumn":42,"endLine":23,"endColumn":63},"tokenRange":{"beginToken":{"kind":94,"text":"acquirePutFromLoadLock"},"endToken":{"kind":94,"text":"acquirePutFromLoadLock"}},"identifier":"acquirePutFromLoadLock"},"scope":{"!":"com.github.javaparser.ast.expr.NameExpr","range":{"beginLine":23,"beginColumn":35,"endLine":23,"endColumn":40},"tokenRange":{"beginToken":{"kind":94,"text":"testee"},"endToken":{"kind":94,"text":"testee"}},"name":{"!":"com.github.javaparser.ast.expr.SimpleName","range":{"beginLine":23,"beginColumn":35,"endLine":23,"endColumn":40},"tokenRange":{"beginToken":{"kind":94,"text":"testee"},"endToken":{"kind":94,"text":"testee"}},"identifier":"testee"}}},"name":{"!":"com.github.javaparser.ast.expr.SimpleName","range":{"beginLine":23,"beginColumn":24,"endLine":23,"endColumn":31},"tokenRange":{"beginToken":{"kind":94,"text":"lockable"},"endToken":{"kind":94,"text":"lockable"}},"identifier":"lockable"},"type":{"!":"com.github.javaparser.ast.type.PrimitiveType","range":{"beginLine":23,"beginColumn":16,"endLine":23,"endColumn":22},"tokenRange":{"beginToken":{"kind":13,"text":"boolean"},"endToken":{"kind":13,"text":"boolean"}},"type":"BOOLEAN","annotations":[]}}]}},{"!":"com.github.javaparser.ast.stmt.TryStmt","range":{"beginLine":24,"beginColumn":16,"endLine":31,"endColumn":16},"tokenRange":{"beginToken":{"kind":61,"text":"try"},"endToken":{"kind":100,"text":"}"}},"catchClauses":[],"finallyBlock":{"!":"com.github.javaparser.ast.stmt.BlockStmt","range":{"beginLine":27,"beginColumn":24,"endLine":31,"endColumn":16},"tokenRange":{"beginToken":{"kind":99,"text":"{"},"endToken":{"kind":100,"text":"}"}},"statements":[{"!":"com.github.javaparser.ast.stmt.IfStmt","range":{"beginLine":28,"beginColumn":19,"endLine":30,"endColumn":19},"tokenRange":{"beginToken":{"kind":34,"text":"if"},"endToken":{"kind":100,"text":"}"}},"condition":{"!":"com.github.javaparser.ast.expr.NameExpr","range":{"beginLine":28,"beginColumn":23,"endLine":28,"endColumn":30},"tokenRange":{"beginToken":{"kind":94,"text":"lockable"},"endToken":{"kind":94,"text":"lockable"}},"name":{"!":"com.github.javaparser.ast.expr.SimpleName","range":{"beginLine":28,"beginColumn":23,"endLine":28,"endColumn":30},"tokenRange":{"beginToken":{"kind":94,"text":"lockable"},"endToken":{"kind":94,"text":"lockable"}},"identifier":"lockable"}},"thenStmt":{"!":"com.github.javaparser.ast.stmt.BlockStmt","range":{"beginLine":28,"beginColumn":33,"endLine":30,"endColumn":19},"tokenRange":{"beginToken":{"kind":99,"text":"{"},"endToken":{"kind":100,"text":"}"}},"statements":[{"!":"com.github.javaparser.ast.stmt.ExpressionStmt","range":{"beginLine":29,"beginColumn":22,"endLine":29,"endColumn":57},"tokenRange":{"beginToken":{"kind":94,"text":"testee"},"endToken":{"kind":103,"text":";"}},"expression":{"!":"com.github.javaparser.ast.expr.MethodCallExpr","range":{"beginLine":29,"beginColumn":22,"endLine":29,"endColumn":56},"tokenRange":{"beginToken":{"kind":94,"text":"testee"},"endToken":{"kind":98,"text":")"}},"arguments":[{"!":"com.github.javaparser.ast.expr.NameExpr","range":{"beginLine":29,"beginColumn":52,"endLine":29,"endColumn":55},"tokenRange":{"beginToken":{"kind":94,"text":"KEY1"},"endToken":{"kind":94,"text":"KEY1"}},"name":{"!":"com.github.javaparser.ast.expr.SimpleName","range":{"beginLine":29,"beginColumn":52,"endLine":29,"endColumn":55},"tokenRange":{"beginToken":{"kind":94,"text":"KEY1"},"endToken":{"kind":94,"text":"KEY1"}},"identifier":"KEY1"}}],"name":{"!":"com.github.javaparser.ast.expr.SimpleName","range":{"beginLine":29,"beginColumn":29,"endLine":29,"endColumn":50},"tokenRange":{"beginToken":{"kind":94,"text":"releasePutFromLoadLock"},"endToken":{"kind":94,"text":"releasePutFromLoadLock"}},"identifier":"releasePutFromLoadLock"},"scope":{"!":"com.github.javaparser.ast.expr.NameExpr","range":{"beginLine":29,"beginColumn":22,"endLine":29,"endColumn":27},"tokenRange":{"beginToken":{"kind":94,"text":"testee"},"endToken":{"kind":94,"text":"testee"}},"name":{"!":"com.github.javaparser.ast.expr.SimpleName","range":{"beginLine":29,"beginColumn":22,"endLine":29,"endColumn":27},"tokenRange":{"beginToken":{"kind":94,"text":"testee"},"endToken":{"kind":94,"text":"testee"}},"identifier":"testee"}}}}]}}]},"resources":[],"tryBlock":{"!":"com.github.javaparser.ast.stmt.BlockStmt","range":{"beginLine":24,"beginColumn":20,"endLine":26,"endColumn":16},"tokenRange":{"beginToken":{"kind":99,"text":"{"},"endToken":{"kind":100,"text":"}"}},"statements":[{"!":"com.github.javaparser.ast.stmt.ExpressionStmt","range":{"beginLine":25,"beginColumn":19,"endLine":25,"endColumn":40},"tokenRange":{"beginToken":{"kind":94,"text":"assertFalse"},"endToken":{"kind":103,"text":";"}},"expression":{"!":"com.github.javaparser.ast.expr.MethodCallExpr","range":{"beginLine":25,"beginColumn":19,"endLine":25,"endColumn":39},"tokenRange":{"beginToken":{"kind":94,"text":"assertFalse"},"endToken":{"kind":98,"text":")"}},"arguments":[{"!":"com.github.javaparser.ast.expr.NameExpr","range":{"beginLine":25,"beginColumn":31,"endLine":25,"endColumn":38},"tokenRange":{"beginToken":{"kind":94,"text":"lockable"},"endToken":{"kind":94,"text":"lockable"}},"name":{"!":"com.github.javaparser.ast.expr.SimpleName","range":{"beginLine":25,"beginColumn":31,"endLine":25,"endColumn":38},"tokenRange":{"beginToken":{"kind":94,"text":"lockable"},"endToken":{"kind":94,"text":"lockable"}},"identifier":"lockable"}}],"name":{"!":"com.github.javaparser.ast.expr.SimpleName","range":{"beginLine":25,"beginColumn":19,"endLine":25,"endColumn":29},"tokenRange":{"beginToken":{"kind":94,"text":"assertFalse"},"endToken":{"kind":94,"text":"assertFalse"}},"identifier":"assertFalse"}}}]}}]}}]},"type":{"!":"com.github.javaparser.ast.type.VoidType","range":{"beginLine":8,"beginColumn":17,"endLine":8,"endColumn":20},"tokenRange":{"beginToken":{"kind":62,"text":"void"},"endToken":{"kind":62,"text":"void"}},"annotations":[]},"modifiers":[{"!":"com.github.javaparser.ast.Modifier","range":{"beginLine":8,"beginColumn":10,"endLine":8,"endColumn":15},"tokenRange":{"beginToken":{"kind":47,"text":"public"},"endToken":{"kind":47,"text":"public"}},"keyword":"PUBLIC"}],"name":{"!":"com.github.javaparser.ast.expr.SimpleName","range":{"beginLine":8,"beginColumn":22,"endLine":8,"endColumn":25},"tokenRange":{"beginToken":{"kind":94,"text":"call"},"endToken":{"kind":94,"text":"call"}},"identifier":"call"},"parameters":[],"thrownExceptions":[],"typeParameters":[],"annotations":[{"!":"com.github.javaparser.ast.expr.MarkerAnnotationExpr","range":{"beginLine":7,"beginColumn":10,"endLine":7,"endColumn":18},"tokenRange":{"beginToken":{"kind":107,"text":"@"},"endToken":{"kind":94,"text":"Override"}},"name":{"!":"com.github.javaparser.ast.expr.Name","range":{"beginLine":7,"beginColumn":11,"endLine":7,"endColumn":18},"tokenRange":{"beginToken":{"kind":94,"text":"Override"},"endToken":{"kind":94,"text":"Override"}},"identifier":"Override"}}]}],"arguments":[{"!":"com.github.javaparser.ast.expr.MethodCallExpr","range":{"beginLine":6,"beginColumn":13,"endLine":6,"endColumn":61},"tokenRange":{"beginToken":{"kind":94,"text":"TestCacheManagerFactory"},"endToken":{"kind":98,"text":")"}},"arguments":[{"!":"com.github.javaparser.ast.expr.BooleanLiteralExpr","range":{"beginLine":6,"beginColumn":56,"endLine":6,"endColumn":60},"tokenRange":{"beginToken":{"kind":28,"text":"false"},"endToken":{"kind":28,"text":"false"}},"value":"false"}],"name":{"!":"com.github.javaparser.ast.expr.SimpleName","range":{"beginLine":6,"beginColumn":37,"endLine":6,"endColumn":54},"tokenRange":{"beginToken":{"kind":94,"text":"createCacheManager"},"endToken":{"kind":94,"text":"createCacheManager"}},"identifier":"createCacheManager"},"scope":{"!":"com.github.javaparser.ast.expr.NameExpr","range":{"beginLine":6,"beginColumn":13,"endLine":6,"endColumn":35},"tokenRange":{"beginToken":{"kind":94,"text":"TestCacheManagerFactory"},"endToken":{"kind":94,"text":"TestCacheManagerFactory"}},"name":{"!":"com.github.javaparser.ast.expr.SimpleName","range":{"beginLine":6,"beginColumn":13,"endLine":6,"endColumn":35},"tokenRange":{"beginToken":{"kind":94,"text":"TestCacheManagerFactory"},"endToken":{"kind":94,"text":"TestCacheManagerFactory"}},"identifier":"TestCacheManagerFactory"}}}],"type":{"!":"com.github.javaparser.ast.type.ClassOrInterfaceType","range":{"beginLine":5,"beginColumn":28,"endLine":5,"endColumn":47},"tokenRange":{"beginToken":{"kind":94,"text":"CacheManagerCallable"},"endToken":{"kind":94,"text":"CacheManagerCallable"}},"name":{"!":"com.github.javaparser.ast.expr.SimpleName","range":{"beginLine":5,"beginColumn":28,"endLine":5,"endColumn":47},"tokenRange":{"beginToken":{"kind":94,"text":"CacheManagerCallable"},"endToken":{"kind":94,"text":"CacheManagerCallable"}},"identifier":"CacheManagerCallable"},"annotations":[]}}],"name":{"!":"com.github.javaparser.ast.expr.SimpleName","range":{"beginLine":5,"beginColumn":7,"endLine":5,"endColumn":22},"tokenRange":{"beginToken":{"kind":94,"text":"withCacheManager"},"endToken":{"kind":94,"text":"withCacheManager"}},"identifier":"withCacheManager"}}}]},"type":{"!":"com.github.javaparser.ast.type.VoidType","range":{"beginLine":2,"beginColumn":13,"endLine":2,"endColumn":16},"tokenRange":{"beginToken":{"kind":62,"text":"void"},"endToken":{"kind":62,"text":"void"}},"annotations":[]},"modifiers":[{"!":"com.github.javaparser.ast.Modifier","range":{"beginLine":2,"beginColumn":5,"endLine":2,"endColumn":11},"tokenRange":{"beginToken":{"kind":45,"text":"private"},"endToken":{"kind":45,"text":"private"}},"keyword":"PRIVATE"}],"name":{"!":"com.github.javaparser.ast.expr.SimpleName","range":{"beginLine":2,"beginColumn":18,"endLine":2,"endColumn":56},"tokenRange":{"beginToken":{"kind":94,"text":"registeredPutWithInterveningRemovalTest"},"endToken":{"kind":94,"text":"registeredPutWithInterveningRemovalTest"}},"identifier":"registeredPutWithInterveningRemovalTest"},"parameters":[{"!":"com.github.javaparser.ast.body.Parameter","range":{"beginLine":3,"beginColumn":10,"endLine":3,"endColumn":36},"tokenRange":{"beginToken":{"kind":29,"text":"final"},"endToken":{"kind":94,"text":"transactional"}},"annotations":[],"isVarArgs":"false","modifiers":[{"!":"com.github.javaparser.ast.Modifier","range":{"beginLine":3,"beginColumn":10,"endLine":3,"endColumn":14},"tokenRange":{"beginToken":{"kind":29,"text":"final"},"endToken":{"kind":29,"text":"final"}},"keyword":"FINAL"}],"name":{"!":"com.github.javaparser.ast.expr.SimpleName","range":{"beginLine":3,"beginColumn":24,"endLine":3,"endColumn":36},"tokenRange":{"beginToken":{"kind":94,"text":"transactional"},"endToken":{"kind":94,"text":"transactional"}},"identifier":"transactional"},"type":{"!":"com.github.javaparser.ast.type.PrimitiveType","range":{"beginLine":3,"beginColumn":16,"endLine":3,"endColumn":22},"tokenRange":{"beginToken":{"kind":13,"text":"boolean"},"endToken":{"kind":13,"text":"boolean"}},"type":"BOOLEAN","annotations":[]},"varArgsAnnotations":[]},{"!":"com.github.javaparser.ast.body.Parameter","range":{"beginLine":3,"beginColumn":39,"endLine":3,"endColumn":64},"tokenRange":{"beginToken":{"kind":29,"text":"final"},"endToken":{"kind":94,"text":"removeRegion"}},"annotations":[],"isVarArgs":"false","modifiers":[{"!":"com.github.javaparser.ast.Modifier","range":{"beginLine":3,"beginColumn":39,"endLine":3,"endColumn":43},"tokenRange":{"beginToken":{"kind":29,"text":"final"},"endToken":{"kind":29,"text":"final"}},"keyword":"FINAL"}],"name":{"!":"com.github.javaparser.ast.expr.SimpleName","range":{"beginLine":3,"beginColumn":53,"endLine":3,"endColumn":64},"tokenRange":{"beginToken":{"kind":94,"text":"removeRegion"},"endToken":{"kind":94,"text":"removeRegion"}},"identifier":"removeRegion"},"type":{"!":"com.github.javaparser.ast.type.PrimitiveType","range":{"beginLine":3,"beginColumn":45,"endLine":3,"endColumn":51},"tokenRange":{"beginToken":{"kind":13,"text":"boolean"},"endToken":{"kind":13,"text":"boolean"}},"type":"BOOLEAN","annotations":[]},"varArgsAnnotations":[]}],"thrownExceptions":[{"!":"com.github.javaparser.ast.type.ClassOrInterfaceType","range":{"beginLine":4,"beginColumn":17,"endLine":4,"endColumn":25},"tokenRange":{"beginToken":{"kind":94,"text":"Exception"},"endToken":{"kind":94,"text":"Exception"}},"name":{"!":"com.github.javaparser.ast.expr.SimpleName","range":{"beginLine":4,"beginColumn":17,"endLine":4,"endColumn":25},"tokenRange":{"beginToken":{"kind":94,"text":"Exception"},"endToken":{"kind":94,"text":"Exception"}},"identifier":"Exception"},"annotations":[]}],"typeParameters":[],"annotations":[]}],"modifiers":[],"name":{"!":"com.github.javaparser.ast.expr.SimpleName","range":{"beginLine":1,"beginColumn":7,"endLine":1,"endColumn":10},"tokenRange":{"beginToken":{"kind":94,"text":"Test"},"endToken":{"kind":94,"text":"Test"}},"identifier":"Test"},"annotations":[]}]}