{"!":"com.github.javaparser.ast.CompilationUnit","range":{"beginLine":1,"beginColumn":1,"endLine":43,"endColumn":2},"tokenRange":{"beginToken":{"kind":19,"text":"class"},"endToken":{"kind":0,"text":""}},"imports":[],"types":[{"!":"com.github.javaparser.ast.body.ClassOrInterfaceDeclaration","range":{"beginLine":1,"beginColumn":1,"endLine":43,"endColumn":2},"tokenRange":{"beginToken":{"kind":19,"text":"class"},"endToken":{"kind":100,"text":"}"}},"extendedTypes":[],"implementedTypes":[],"isInterface":"false","typeParameters":[],"members":[{"!":"com.github.javaparser.ast.body.MethodDeclaration","range":{"beginLine":2,"beginColumn":2,"endLine":41,"endColumn":2},"tokenRange":{"beginToken":{"kind":45,"text":"private"},"endToken":{"kind":100,"text":"}"}},"body":{"!":"com.github.javaparser.ast.stmt.BlockStmt","range":{"beginLine":2,"beginColumn":50,"endLine":41,"endColumn":2},"tokenRange":{"beginToken":{"kind":99,"text":"{"},"endToken":{"kind":100,"text":"}"}},"statements":[{"!":"com.github.javaparser.ast.stmt.IfStmt","range":{"beginLine":3,"beginColumn":3,"endLine":40,"endColumn":3},"tokenRange":{"beginToken":{"kind":34,"text":"if"},"endToken":{"kind":100,"text":"}"}},"condition":{"!":"com.github.javaparser.ast.expr.UnaryExpr","range":{"beginLine":3,"beginColumn":8,"endLine":3,"endColumn":32},"tokenRange":{"beginToken":{"kind":111,"text":"!"},"endToken":{"kind":98,"text":")"}},"expression":{"!":"com.github.javaparser.ast.expr.MethodCallExpr","range":{"beginLine":3,"beginColumn":9,"endLine":3,"endColumn":32},"tokenRange":{"beginToken":{"kind":94,"text":"indexColumn"},"endToken":{"kind":98,"text":")"}},"arguments":[],"name":{"!":"com.github.javaparser.ast.expr.SimpleName","range":{"beginLine":3,"beginColumn":21,"endLine":3,"endColumn":30},"tokenRange":{"beginToken":{"kind":94,"text":"isImplicit"},"endToken":{"kind":94,"text":"isImplicit"}},"identifier":"isImplicit"},"scope":{"!":"com.github.javaparser.ast.expr.NameExpr","range":{"beginLine":3,"beginColumn":9,"endLine":3,"endColumn":19},"tokenRange":{"beginToken":{"kind":94,"text":"indexColumn"},"endToken":{"kind":94,"text":"indexColumn"}},"name":{"!":"com.github.javaparser.ast.expr.SimpleName","range":{"beginLine":3,"beginColumn":9,"endLine":3,"endColumn":19},"tokenRange":{"beginToken":{"kind":94,"text":"indexColumn"},"endToken":{"kind":94,"text":"indexColumn"}},"identifier":"indexColumn"}}},"operator":"LOGICAL_COMPLEMENT"},"elseStmt":{"!":"com.github.javaparser.ast.stmt.BlockStmt","range":{"beginLine":34,"beginColumn":8,"endLine":40,"endColumn":3},"tokenRange":{"beginToken":{"kind":99,"text":"{"},"endToken":{"kind":100,"text":"}"}},"statements":[{"!":"com.github.javaparser.ast.stmt.ExpressionStmt","range":{"beginLine":35,"beginColumn":4,"endLine":35,"endColumn":37},"tokenRange":{"beginToken":{"kind":94,"text":"Collection"},"endToken":{"kind":103,"text":";"}},"expression":{"!":"com.github.javaparser.ast.expr.VariableDeclarationExpr","range":{"beginLine":35,"beginColumn":4,"endLine":35,"endColumn":36},"tokenRange":{"beginToken":{"kind":94,"text":"Collection"},"endToken":{"kind":94,"text":"collection"}},"annotations":[],"modifiers":[],"variables":[{"!":"com.github.javaparser.ast.body.VariableDeclarator","range":{"beginLine":35,"beginColumn":15,"endLine":35,"endColumn":36},"tokenRange":{"beginToken":{"kind":94,"text":"coll"},"endToken":{"kind":94,"text":"collection"}},"initializer":{"!":"com.github.javaparser.ast.expr.FieldAccessExpr","range":{"beginLine":35,"beginColumn":22,"endLine":35,"endColumn":36},"tokenRange":{"beginToken":{"kind":56,"text":"this"},"endToken":{"kind":94,"text":"collection"}},"name":{"!":"com.github.javaparser.ast.expr.SimpleName","range":{"beginLine":35,"beginColumn":27,"endLine":35,"endColumn":36},"tokenRange":{"beginToken":{"kind":94,"text":"collection"},"endToken":{"kind":94,"text":"collection"}},"identifier":"collection"},"scope":{"!":"com.github.javaparser.ast.expr.ThisExpr","range":{"beginLine":35,"beginColumn":22,"endLine":35,"endColumn":25},"tokenRange":{"beginToken":{"kind":56,"text":"this"},"endToken":{"kind":56,"text":"this"}}}},"name":{"!":"com.github.javaparser.ast.expr.SimpleName","range":{"beginLine":35,"beginColumn":15,"endLine":35,"endColumn":18},"tokenRange":{"beginToken":{"kind":94,"text":"coll"},"endToken":{"kind":94,"text":"coll"}},"identifier":"coll"},"type":{"!":"com.github.javaparser.ast.type.ClassOrInterfaceType","range":{"beginLine":35,"beginColumn":4,"endLine":35,"endColumn":13},"tokenRange":{"beginToken":{"kind":94,"text":"Collection"},"endToken":{"kind":94,"text":"Collection"}},"name":{"!":"com.github.javaparser.ast.expr.SimpleName","range":{"beginLine":35,"beginColumn":4,"endLine":35,"endColumn":13},"tokenRange":{"beginToken":{"kind":94,"text":"Collection"},"endToken":{"kind":94,"text":"Collection"}},"identifier":"Collection"},"annotations":[]}}]}},{"!":"com.github.javaparser.ast.stmt.ThrowStmt","range":{"beginLine":36,"beginColumn":4,"endLine":39,"endColumn":5},"tokenRange":{"beginToken":{"kind":57,"text":"throw"},"endToken":{"kind":103,"text":";"}},"expression":{"!":"com.github.javaparser.ast.expr.ObjectCreationExpr","range":{"beginLine":36,"beginColumn":10,"endLine":39,"endColumn":4},"tokenRange":{"beginToken":{"kind":42,"text":"new"},"endToken":{"kind":98,"text":")"}},"arguments":[{"!":"com.github.javaparser.ast.expr.BinaryExpr","range":{"beginLine":37,"beginColumn":6,"endLine":38,"endColumn":23},"tokenRange":{"beginToken":{"kind":90,"text":"\"List/array has to be annotated with an @OrderColumn (or @IndexColumn): \""},"endToken":{"kind":98,"text":")"}},"left":{"!":"com.github.javaparser.ast.expr.StringLiteralExpr","range":{"beginLine":37,"beginColumn":6,"endLine":37,"endColumn":78},"tokenRange":{"beginToken":{"kind":90,"text":"\"List/array has to be annotated with an @OrderColumn (or @IndexColumn): \""},"endToken":{"kind":90,"text":"\"List/array has to be annotated with an @OrderColumn (or @IndexColumn): \""}},"value":"List/array has to be annotated with an @OrderColumn (or @IndexColumn): "},"operator":"PLUS","right":{"!":"com.github.javaparser.ast.expr.MethodCallExpr","range":{"beginLine":38,"beginColumn":10,"endLine":38,"endColumn":23},"tokenRange":{"beginToken":{"kind":94,"text":"coll"},"endToken":{"kind":98,"text":")"}},"arguments":[],"name":{"!":"com.github.javaparser.ast.expr.SimpleName","range":{"beginLine":38,"beginColumn":15,"endLine":38,"endColumn":21},"tokenRange":{"beginToken":{"kind":94,"text":"getRole"},"endToken":{"kind":94,"text":"getRole"}},"identifier":"getRole"},"scope":{"!":"com.github.javaparser.ast.expr.NameExpr","range":{"beginLine":38,"beginColumn":10,"endLine":38,"endColumn":13},"tokenRange":{"beginToken":{"kind":94,"text":"coll"},"endToken":{"kind":94,"text":"coll"}},"name":{"!":"com.github.javaparser.ast.expr.SimpleName","range":{"beginLine":38,"beginColumn":10,"endLine":38,"endColumn":13},"tokenRange":{"beginToken":{"kind":94,"text":"coll"},"endToken":{"kind":94,"text":"coll"}},"identifier":"coll"}}}}],"type":{"!":"com.github.javaparser.ast.type.ClassOrInterfaceType","range":{"beginLine":36,"beginColumn":14,"endLine":36,"endColumn":32},"tokenRange":{"beginToken":{"kind":94,"text":"AnnotationException"},"endToken":{"kind":94,"text":"AnnotationException"}},"name":{"!":"com.github.javaparser.ast.expr.SimpleName","range":{"beginLine":36,"beginColumn":14,"endLine":36,"endColumn":32},"tokenRange":{"beginToken":{"kind":94,"text":"AnnotationException"},"endToken":{"kind":94,"text":"AnnotationException"}},"identifier":"AnnotationException"},"annotations":[]}}}]},"thenStmt":{"!":"com.github.javaparser.ast.stmt.BlockStmt","range":{"beginLine":3,"beginColumn":36,"endLine":33,"endColumn":3},"tokenRange":{"beginToken":{"kind":99,"text":"{"},"endToken":{"kind":100,"text":"}"}},"statements":[{"!":"com.github.javaparser.ast.stmt.ExpressionStmt","range":{"beginLine":4,"beginColumn":4,"endLine":9,"endColumn":5},"tokenRange":{"beginToken":{"kind":94,"text":"PropertyHolder"},"endToken":{"kind":103,"text":";"}},"expression":{"!":"com.github.javaparser.ast.expr.VariableDeclarationExpr","range":{"beginLine":4,"beginColumn":4,"endLine":9,"endColumn":4},"tokenRange":{"beginToken":{"kind":94,"text":"PropertyHolder"},"endToken":{"kind":98,"text":")"}},"annotations":[],"modifiers":[],"variables":[{"!":"com.github.javaparser.ast.body.VariableDeclarator","range":{"beginLine":4,"beginColumn":19,"endLine":9,"endColumn":4},"tokenRange":{"beginToken":{"kind":94,"text":"valueHolder"},"endToken":{"kind":98,"text":")"}},"initializer":{"!":"com.github.javaparser.ast.expr.MethodCallExpr","range":{"beginLine":4,"beginColumn":33,"endLine":9,"endColumn":4},"tokenRange":{"beginToken":{"kind":94,"text":"PropertyHolderBuilder"},"endToken":{"kind":98,"text":")"}},"arguments":[{"!":"com.github.javaparser.ast.expr.FieldAccessExpr","range":{"beginLine":5,"beginColumn":6,"endLine":5,"endColumn":20},"tokenRange":{"beginToken":{"kind":56,"text":"this"},"endToken":{"kind":94,"text":"collection"}},"name":{"!":"com.github.javaparser.ast.expr.SimpleName","range":{"beginLine":5,"beginColumn":11,"endLine":5,"endColumn":20},"tokenRange":{"beginToken":{"kind":94,"text":"collection"},"endToken":{"kind":94,"text":"collection"}},"identifier":"collection"},"scope":{"!":"com.github.javaparser.ast.expr.ThisExpr","range":{"beginLine":5,"beginColumn":6,"endLine":5,"endColumn":9},"tokenRange":{"beginToken":{"kind":56,"text":"this"},"endToken":{"kind":56,"text":"this"}}}},{"!":"com.github.javaparser.ast.expr.MethodCallExpr","range":{"beginLine":6,"beginColumn":6,"endLine":6,"endColumn":61},"tokenRange":{"beginToken":{"kind":94,"text":"StringHelper"},"endToken":{"kind":98,"text":")"}},"arguments":[{"!":"com.github.javaparser.ast.expr.MethodCallExpr","range":{"beginLine":6,"beginColumn":28,"endLine":6,"endColumn":52},"tokenRange":{"beginToken":{"kind":56,"text":"this"},"endToken":{"kind":98,"text":")"}},"arguments":[],"name":{"!":"com.github.javaparser.ast.expr.SimpleName","range":{"beginLine":6,"beginColumn":44,"endLine":6,"endColumn":50},"tokenRange":{"beginToken":{"kind":94,"text":"getRole"},"endToken":{"kind":94,"text":"getRole"}},"identifier":"getRole"},"scope":{"!":"com.github.javaparser.ast.expr.FieldAccessExpr","range":{"beginLine":6,"beginColumn":28,"endLine":6,"endColumn":42},"tokenRange":{"beginToken":{"kind":56,"text":"this"},"endToken":{"kind":94,"text":"collection"}},"name":{"!":"com.github.javaparser.ast.expr.SimpleName","range":{"beginLine":6,"beginColumn":33,"endLine":6,"endColumn":42},"tokenRange":{"beginToken":{"kind":94,"text":"collection"},"endToken":{"kind":94,"text":"collection"}},"identifier":"collection"},"scope":{"!":"com.github.javaparser.ast.expr.ThisExpr","range":{"beginLine":6,"beginColumn":28,"endLine":6,"endColumn":31},"tokenRange":{"beginToken":{"kind":56,"text":"this"},"endToken":{"kind":56,"text":"this"}}}}},{"!":"com.github.javaparser.ast.expr.StringLiteralExpr","range":{"beginLine":6,"beginColumn":55,"endLine":6,"endColumn":59},"tokenRange":{"beginToken":{"kind":90,"text":"\"key\""},"endToken":{"kind":90,"text":"\"key\""}},"value":"key"}],"name":{"!":"com.github.javaparser.ast.expr.SimpleName","range":{"beginLine":6,"beginColumn":19,"endLine":6,"endColumn":25},"tokenRange":{"beginToken":{"kind":94,"text":"qualify"},"endToken":{"kind":94,"text":"qualify"}},"identifier":"qualify"},"scope":{"!":"com.github.javaparser.ast.expr.NameExpr","range":{"beginLine":6,"beginColumn":6,"endLine":6,"endColumn":17},"tokenRange":{"beginToken":{"kind":94,"text":"StringHelper"},"endToken":{"kind":94,"text":"StringHelper"}},"name":{"!":"com.github.javaparser.ast.expr.SimpleName","range":{"beginLine":6,"beginColumn":6,"endLine":6,"endColumn":17},"tokenRange":{"beginToken":{"kind":94,"text":"StringHelper"},"endToken":{"kind":94,"text":"StringHelper"}},"identifier":"StringHelper"}}},{"!":"com.github.javaparser.ast.expr.NullLiteralExpr","range":{"beginLine":7,"beginColumn":6,"endLine":7,"endColumn":9},"tokenRange":{"beginToken":{"kind":43,"text":"null"},"endToken":{"kind":43,"text":"null"}}},{"!":"com.github.javaparser.ast.expr.NullLiteralExpr","range":{"beginLine":8,"beginColumn":6,"endLine":8,"endColumn":9},"tokenRange":{"beginToken":{"kind":43,"text":"null"},"endToken":{"kind":43,"text":"null"}}},{"!":"com.github.javaparser.ast.expr.NameExpr","range":{"beginLine":8,"beginColumn":12,"endLine":8,"endColumn":25},"tokenRange":{"beginToken":{"kind":94,"text":"propertyHolder"},"endToken":{"kind":94,"text":"propertyHolder"}},"name":{"!":"com.github.javaparser.ast.expr.SimpleName","range":{"beginLine":8,"beginColumn":12,"endLine":8,"endColumn":25},"tokenRange":{"beginToken":{"kind":94,"text":"propertyHolder"},"endToken":{"kind":94,"text":"propertyHolder"}},"identifier":"propertyHolder"}},{"!":"com.github.javaparser.ast.expr.NameExpr","range":{"beginLine":8,"beginColumn":28,"endLine":8,"endColumn":35},"tokenRange":{"beginToken":{"kind":94,"text":"mappings"},"endToken":{"kind":94,"text":"mappings"}},"name":{"!":"com.github.javaparser.ast.expr.SimpleName","range":{"beginLine":8,"beginColumn":28,"endLine":8,"endColumn":35},"tokenRange":{"beginToken":{"kind":94,"text":"mappings"},"endToken":{"kind":94,"text":"mappings"}},"identifier":"mappings"}}],"name":{"!":"com.github.javaparser.ast.expr.SimpleName","range":{"beginLine":4,"beginColumn":55,"endLine":4,"endColumn":73},"tokenRange":{"beginToken":{"kind":94,"text":"buildPropertyHolder"},"endToken":{"kind":94,"text":"buildPropertyHolder"}},"identifier":"buildPropertyHolder"},"scope":{"!":"com.github.javaparser.ast.expr.NameExpr","range":{"beginLine":4,"beginColumn":33,"endLine":4,"endColumn":53},"tokenRange":{"beginToken":{"kind":94,"text":"PropertyHolderBuilder"},"endToken":{"kind":94,"text":"PropertyHolderBuilder"}},"name":{"!":"com.github.javaparser.ast.expr.SimpleName","range":{"beginLine":4,"beginColumn":33,"endLine":4,"endColumn":53},"tokenRange":{"beginToken":{"kind":94,"text":"PropertyHolderBuilder"},"endToken":{"kind":94,"text":"PropertyHolderBuilder"}},"identifier":"PropertyHolderBuilder"}}},"name":{"!":"com.github.javaparser.ast.expr.SimpleName","range":{"beginLine":4,"beginColumn":19,"endLine":4,"endColumn":29},"tokenRange":{"beginToken":{"kind":94,"text":"valueHolder"},"endToken":{"kind":94,"text":"valueHolder"}},"identifier":"valueHolder"},"type":{"!":"com.github.javaparser.ast.type.ClassOrInterfaceType","range":{"beginLine":4,"beginColumn":4,"endLine":4,"endColumn":17},"tokenRange":{"beginToken":{"kind":94,"text":"PropertyHolder"},"endToken":{"kind":94,"text":"PropertyHolder"}},"name":{"!":"com.github.javaparser.ast.expr.SimpleName","range":{"beginLine":4,"beginColumn":4,"endLine":4,"endColumn":17},"tokenRange":{"beginToken":{"kind":94,"text":"PropertyHolder"},"endToken":{"kind":94,"text":"PropertyHolder"}},"identifier":"PropertyHolder"},"annotations":[]}}]}},{"!":"com.github.javaparser.ast.stmt.ExpressionStmt","range":{"beginLine":10,"beginColumn":4,"endLine":10,"endColumn":38},"tokenRange":{"beginToken":{"kind":94,"text":"List"},"endToken":{"kind":103,"text":";"}},"expression":{"!":"com.github.javaparser.ast.expr.VariableDeclarationExpr","range":{"beginLine":10,"beginColumn":4,"endLine":10,"endColumn":37},"tokenRange":{"beginToken":{"kind":94,"text":"List"},"endToken":{"kind":94,"text":"collection"}},"annotations":[],"modifiers":[],"variables":[{"!":"com.github.javaparser.ast.body.VariableDeclarator","range":{"beginLine":10,"beginColumn":9,"endLine":10,"endColumn":37},"tokenRange":{"beginToken":{"kind":94,"text":"list"},"endToken":{"kind":94,"text":"collection"}},"initializer":{"!":"com.github.javaparser.ast.expr.CastExpr","range":{"beginLine":10,"beginColumn":16,"endLine":10,"endColumn":37},"tokenRange":{"beginToken":{"kind":97,"text":"("},"endToken":{"kind":94,"text":"collection"}},"expression":{"!":"com.github.javaparser.ast.expr.FieldAccessExpr","range":{"beginLine":10,"beginColumn":23,"endLine":10,"endColumn":37},"tokenRange":{"beginToken":{"kind":56,"text":"this"},"endToken":{"kind":94,"text":"collection"}},"name":{"!":"com.github.javaparser.ast.expr.SimpleName","range":{"beginLine":10,"beginColumn":28,"endLine":10,"endColumn":37},"tokenRange":{"beginToken":{"kind":94,"text":"collection"},"endToken":{"kind":94,"text":"collection"}},"identifier":"collection"},"scope":{"!":"com.github.javaparser.ast.expr.ThisExpr","range":{"beginLine":10,"beginColumn":23,"endLine":10,"endColumn":26},"tokenRange":{"beginToken":{"kind":56,"text":"this"},"endToken":{"kind":56,"text":"this"}}}},"type":{"!":"com.github.javaparser.ast.type.ClassOrInterfaceType","range":{"beginLine":10,"beginColumn":17,"endLine":10,"endColumn":20},"tokenRange":{"beginToken":{"kind":94,"text":"List"},"endToken":{"kind":94,"text":"List"}},"name":{"!":"com.github.javaparser.ast.expr.SimpleName","range":{"beginLine":10,"beginColumn":17,"endLine":10,"endColumn":20},"tokenRange":{"beginToken":{"kind":94,"text":"List"},"endToken":{"kind":94,"text":"List"}},"identifier":"List"},"annotations":[]}},"name":{"!":"com.github.javaparser.ast.expr.SimpleName","range":{"beginLine":10,"beginColumn":9,"endLine":10,"endColumn":12},"tokenRange":{"beginToken":{"kind":94,"text":"list"},"endToken":{"kind":94,"text":"list"}},"identifier":"list"},"type":{"!":"com.github.javaparser.ast.type.ClassOrInterfaceType","range":{"beginLine":10,"beginColumn":4,"endLine":10,"endColumn":7},"tokenRange":{"beginToken":{"kind":94,"text":"List"},"endToken":{"kind":94,"text":"List"}},"name":{"!":"com.github.javaparser.ast.expr.SimpleName","range":{"beginLine":10,"beginColumn":4,"endLine":10,"endColumn":7},"tokenRange":{"beginToken":{"kind":94,"text":"List"},"endToken":{"kind":94,"text":"List"}},"identifier":"List"},"annotations":[]}}]}},{"!":"com.github.javaparser.ast.stmt.IfStmt","range":{"beginLine":11,"beginColumn":4,"endLine":11,"endColumn":57},"tokenRange":{"beginToken":{"kind":34,"text":"if"},"endToken":{"kind":103,"text":";"}},"condition":{"!":"com.github.javaparser.ast.expr.UnaryExpr","range":{"beginLine":11,"beginColumn":9,"endLine":11,"endColumn":27},"tokenRange":{"beginToken":{"kind":111,"text":"!"},"endToken":{"kind":98,"text":")"}},"expression":{"!":"com.github.javaparser.ast.expr.MethodCallExpr","range":{"beginLine":11,"beginColumn":10,"endLine":11,"endColumn":27},"tokenRange":{"beginToken":{"kind":94,"text":"list"},"endToken":{"kind":98,"text":")"}},"arguments":[],"name":{"!":"com.github.javaparser.ast.expr.SimpleName","range":{"beginLine":11,"beginColumn":15,"endLine":11,"endColumn":25},"tokenRange":{"beginToken":{"kind":94,"text":"isOneToMany"},"endToken":{"kind":94,"text":"isOneToMany"}},"identifier":"isOneToMany"},"scope":{"!":"com.github.javaparser.ast.expr.NameExpr","range":{"beginLine":11,"beginColumn":10,"endLine":11,"endColumn":13},"tokenRange":{"beginToken":{"kind":94,"text":"list"},"endToken":{"kind":94,"text":"list"}},"name":{"!":"com.github.javaparser.ast.expr.SimpleName","range":{"beginLine":11,"beginColumn":10,"endLine":11,"endColumn":13},"tokenRange":{"beginToken":{"kind":94,"text":"list"},"endToken":{"kind":94,"text":"list"}},"identifier":"list"}}},"operator":"LOGICAL_COMPLEMENT"},"thenStmt":{"!":"com.github.javaparser.ast.stmt.ExpressionStmt","range":{"beginLine":11,"beginColumn":31,"endLine":11,"endColumn":57},"tokenRange":{"beginToken":{"kind":94,"text":"indexColumn"},"endToken":{"kind":103,"text":";"}},"expression":{"!":"com.github.javaparser.ast.expr.MethodCallExpr","range":{"beginLine":11,"beginColumn":31,"endLine":11,"endColumn":56},"tokenRange":{"beginToken":{"kind":94,"text":"indexColumn"},"endToken":{"kind":98,"text":")"}},"arguments":[],"name":{"!":"com.github.javaparser.ast.expr.SimpleName","range":{"beginLine":11,"beginColumn":43,"endLine":11,"endColumn":54},"tokenRange":{"beginToken":{"kind":94,"text":"forceNotNull"},"endToken":{"kind":94,"text":"forceNotNull"}},"identifier":"forceNotNull"},"scope":{"!":"com.github.javaparser.ast.expr.NameExpr","range":{"beginLine":11,"beginColumn":31,"endLine":11,"endColumn":41},"tokenRange":{"beginToken":{"kind":94,"text":"indexColumn"},"endToken":{"kind":94,"text":"indexColumn"}},"name":{"!":"com.github.javaparser.ast.expr.SimpleName","range":{"beginLine":11,"beginColumn":31,"endLine":11,"endColumn":41},"tokenRange":{"beginToken":{"kind":94,"text":"indexColumn"},"endToken":{"kind":94,"text":"indexColumn"}},"identifier":"indexColumn"}}}}},{"!":"com.github.javaparser.ast.stmt.ExpressionStmt","range":{"beginLine":12,"beginColumn":4,"endLine":12,"endColumn":48},"tokenRange":{"beginToken":{"kind":94,"text":"indexColumn"},"endToken":{"kind":103,"text":";"}},"expression":{"!":"com.github.javaparser.ast.expr.MethodCallExpr","range":{"beginLine":12,"beginColumn":4,"endLine":12,"endColumn":47},"tokenRange":{"beginToken":{"kind":94,"text":"indexColumn"},"endToken":{"kind":98,"text":")"}},"arguments":[{"!":"com.github.javaparser.ast.expr.NameExpr","range":{"beginLine":12,"beginColumn":35,"endLine":12,"endColumn":45},"tokenRange":{"beginToken":{"kind":94,"text":"valueHolder"},"endToken":{"kind":94,"text":"valueHolder"}},"name":{"!":"com.github.javaparser.ast.expr.SimpleName","range":{"beginLine":12,"beginColumn":35,"endLine":12,"endColumn":45},"tokenRange":{"beginToken":{"kind":94,"text":"valueHolder"},"endToken":{"kind":94,"text":"valueHolder"}},"identifier":"valueHolder"}}],"name":{"!":"com.github.javaparser.ast.expr.SimpleName","range":{"beginLine":12,"beginColumn":16,"endLine":12,"endColumn":32},"tokenRange":{"beginToken":{"kind":94,"text":"setPropertyHolder"},"endToken":{"kind":94,"text":"setPropertyHolder"}},"identifier":"setPropertyHolder"},"scope":{"!":"com.github.javaparser.ast.expr.NameExpr","range":{"beginLine":12,"beginColumn":4,"endLine":12,"endColumn":14},"tokenRange":{"beginToken":{"kind":94,"text":"indexColumn"},"endToken":{"kind":94,"text":"indexColumn"}},"name":{"!":"com.github.javaparser.ast.expr.SimpleName","range":{"beginLine":12,"beginColumn":4,"endLine":12,"endColumn":14},"tokenRange":{"beginToken":{"kind":94,"text":"indexColumn"},"endToken":{"kind":94,"text":"indexColumn"}},"identifier":"indexColumn"}}}},{"!":"com.github.javaparser.ast.stmt.ExpressionStmt","range":{"beginLine":13,"beginColumn":4,"endLine":13,"endColumn":53},"tokenRange":{"beginToken":{"kind":94,"text":"SimpleValueBinder"},"endToken":{"kind":103,"text":";"}},"expression":{"!":"com.github.javaparser.ast.expr.VariableDeclarationExpr","range":{"beginLine":13,"beginColumn":4,"endLine":13,"endColumn":52},"tokenRange":{"beginToken":{"kind":94,"text":"SimpleValueBinder"},"endToken":{"kind":98,"text":")"}},"annotations":[],"modifiers":[],"variables":[{"!":"com.github.javaparser.ast.body.VariableDeclarator","range":{"beginLine":13,"beginColumn":22,"endLine":13,"endColumn":52},"tokenRange":{"beginToken":{"kind":94,"text":"value"},"endToken":{"kind":98,"text":")"}},"initializer":{"!":"com.github.javaparser.ast.expr.ObjectCreationExpr","range":{"beginLine":13,"beginColumn":30,"endLine":13,"endColumn":52},"tokenRange":{"beginToken":{"kind":42,"text":"new"},"endToken":{"kind":98,"text":")"}},"arguments":[],"type":{"!":"com.github.javaparser.ast.type.ClassOrInterfaceType","range":{"beginLine":13,"beginColumn":34,"endLine":13,"endColumn":50},"tokenRange":{"beginToken":{"kind":94,"text":"SimpleValueBinder"},"endToken":{"kind":94,"text":"SimpleValueBinder"}},"name":{"!":"com.github.javaparser.ast.expr.SimpleName","range":{"beginLine":13,"beginColumn":34,"endLine":13,"endColumn":50},"tokenRange":{"beginToken":{"kind":94,"text":"SimpleValueBinder"},"endToken":{"kind":94,"text":"SimpleValueBinder"}},"identifier":"SimpleValueBinder"},"annotations":[]}},"name":{"!":"com.github.javaparser.ast.expr.SimpleName","range":{"beginLine":13,"beginColumn":22,"endLine":13,"endColumn":26},"tokenRange":{"beginToken":{"kind":94,"text":"value"},"endToken":{"kind":94,"text":"value"}},"identifier":"value"},"type":{"!":"com.github.javaparser.ast.type.ClassOrInterfaceType","range":{"beginLine":13,"beginColumn":4,"endLine":13,"endColumn":20},"tokenRange":{"beginToken":{"kind":94,"text":"SimpleValueBinder"},"endToken":{"kind":94,"text":"SimpleValueBinder"}},"name":{"!":"com.github.javaparser.ast.expr.SimpleName","range":{"beginLine":13,"beginColumn":4,"endLine":13,"endColumn":20},"tokenRange":{"beginToken":{"kind":94,"text":"SimpleValueBinder"},"endToken":{"kind":94,"text":"SimpleValueBinder"}},"identifier":"SimpleValueBinder"},"annotations":[]}}]}},{"!":"com.github.javaparser.ast.stmt.ExpressionStmt","range":{"beginLine":14,"beginColumn":4,"endLine":14,"endColumn":56},"tokenRange":{"beginToken":{"kind":94,"text":"value"},"endToken":{"kind":103,"text":";"}},"expression":{"!":"com.github.javaparser.ast.expr.MethodCallExpr","range":{"beginLine":14,"beginColumn":4,"endLine":14,"endColumn":55},"tokenRange":{"beginToken":{"kind":94,"text":"value"},"endToken":{"kind":98,"text":")"}},"arguments":[{"!":"com.github.javaparser.ast.expr.ArrayCreationExpr","range":{"beginLine":14,"beginColumn":22,"endLine":14,"endColumn":53},"tokenRange":{"beginToken":{"kind":42,"text":"new"},"endToken":{"kind":100,"text":"}"}},"elementType":{"!":"com.github.javaparser.ast.type.ClassOrInterfaceType","range":{"beginLine":14,"beginColumn":26,"endLine":14,"endColumn":35},"tokenRange":{"beginToken":{"kind":94,"text":"Ejb3Column"},"endToken":{"kind":94,"text":"Ejb3Column"}},"name":{"!":"com.github.javaparser.ast.expr.SimpleName","range":{"beginLine":14,"beginColumn":26,"endLine":14,"endColumn":35},"tokenRange":{"beginToken":{"kind":94,"text":"Ejb3Column"},"endToken":{"kind":94,"text":"Ejb3Column"}},"identifier":"Ejb3Column"},"annotations":[]},"initializer":{"!":"com.github.javaparser.ast.expr.ArrayInitializerExpr","range":{"beginLine":14,"beginColumn":39,"endLine":14,"endColumn":53},"tokenRange":{"beginToken":{"kind":99,"text":"{"},"endToken":{"kind":100,"text":"}"}},"values":[{"!":"com.github.javaparser.ast.expr.NameExpr","range":{"beginLine":14,"beginColumn":41,"endLine":14,"endColumn":51},"tokenRange":{"beginToken":{"kind":94,"text":"indexColumn"},"endToken":{"kind":94,"text":"indexColumn"}},"name":{"!":"com.github.javaparser.ast.expr.SimpleName","range":{"beginLine":14,"beginColumn":41,"endLine":14,"endColumn":51},"tokenRange":{"beginToken":{"kind":94,"text":"indexColumn"},"endToken":{"kind":94,"text":"indexColumn"}},"identifier":"indexColumn"}}]},"levels":[{"!":"com.github.javaparser.ast.ArrayCreationLevel","range":{"beginLine":14,"beginColumn":36,"endLine":14,"endColumn":37},"tokenRange":{"beginToken":{"kind":101,"text":"["},"endToken":{"kind":102,"text":"]"}},"annotations":[]}]}],"name":{"!":"com.github.javaparser.ast.expr.SimpleName","range":{"beginLine":14,"beginColumn":10,"endLine":14,"endColumn":19},"tokenRange":{"beginToken":{"kind":94,"text":"setColumns"},"endToken":{"kind":94,"text":"setColumns"}},"identifier":"setColumns"},"scope":{"!":"com.github.javaparser.ast.expr.NameExpr","range":{"beginLine":14,"beginColumn":4,"endLine":14,"endColumn":8},"tokenRange":{"beginToken":{"kind":94,"text":"value"},"endToken":{"kind":94,"text":"value"}},"name":{"!":"com.github.javaparser.ast.expr.SimpleName","range":{"beginLine":14,"beginColumn":4,"endLine":14,"endColumn":8},"tokenRange":{"beginToken":{"kind":94,"text":"value"},"endToken":{"kind":94,"text":"value"}},"identifier":"value"}}}},{"!":"com.github.javaparser.ast.stmt.ExpressionStmt","range":{"beginLine":15,"beginColumn":4,"endLine":15,"endColumn":38},"tokenRange":{"beginToken":{"kind":94,"text":"value"},"endToken":{"kind":103,"text":";"}},"expression":{"!":"com.github.javaparser.ast.expr.MethodCallExpr","range":{"beginLine":15,"beginColumn":4,"endLine":15,"endColumn":37},"tokenRange":{"beginToken":{"kind":94,"text":"value"},"endToken":{"kind":98,"text":")"}},"arguments":[{"!":"com.github.javaparser.ast.expr.StringLiteralExpr","range":{"beginLine":15,"beginColumn":27,"endLine":15,"endColumn":35},"tokenRange":{"beginToken":{"kind":90,"text":"\"integer\""},"endToken":{"kind":90,"text":"\"integer\""}},"value":"integer"}],"name":{"!":"com.github.javaparser.ast.expr.SimpleName","range":{"beginLine":15,"beginColumn":10,"endLine":15,"endColumn":24},"tokenRange":{"beginToken":{"kind":94,"text":"setExplicitType"},"endToken":{"kind":94,"text":"setExplicitType"}},"identifier":"setExplicitType"},"scope":{"!":"com.github.javaparser.ast.expr.NameExpr","range":{"beginLine":15,"beginColumn":4,"endLine":15,"endColumn":8},"tokenRange":{"beginToken":{"kind":94,"text":"value"},"endToken":{"kind":94,"text":"value"}},"name":{"!":"com.github.javaparser.ast.expr.SimpleName","range":{"beginLine":15,"beginColumn":4,"endLine":15,"endColumn":8},"tokenRange":{"beginToken":{"kind":94,"text":"value"},"endToken":{"kind":94,"text":"value"}},"identifier":"value"}}}},{"!":"com.github.javaparser.ast.stmt.ExpressionStmt","range":{"beginLine":16,"beginColumn":4,"endLine":16,"endColumn":33},"tokenRange":{"beginToken":{"kind":94,"text":"value"},"endToken":{"kind":103,"text":";"}},"expression":{"!":"com.github.javaparser.ast.expr.MethodCallExpr","range":{"beginLine":16,"beginColumn":4,"endLine":16,"endColumn":32},"tokenRange":{"beginToken":{"kind":94,"text":"value"},"endToken":{"kind":98,"text":")"}},"arguments":[{"!":"com.github.javaparser.ast.expr.NameExpr","range":{"beginLine":16,"beginColumn":23,"endLine":16,"endColumn":30},"tokenRange":{"beginToken":{"kind":94,"text":"mappings"},"endToken":{"kind":94,"text":"mappings"}},"name":{"!":"com.github.javaparser.ast.expr.SimpleName","range":{"beginLine":16,"beginColumn":23,"endLine":16,"endColumn":30},"tokenRange":{"beginToken":{"kind":94,"text":"mappings"},"endToken":{"kind":94,"text":"mappings"}},"identifier":"mappings"}}],"name":{"!":"com.github.javaparser.ast.expr.SimpleName","range":{"beginLine":16,"beginColumn":10,"endLine":16,"endColumn":20},"tokenRange":{"beginToken":{"kind":94,"text":"setMappings"},"endToken":{"kind":94,"text":"setMappings"}},"identifier":"setMappings"},"scope":{"!":"com.github.javaparser.ast.expr.NameExpr","range":{"beginLine":16,"beginColumn":4,"endLine":16,"endColumn":8},"tokenRange":{"beginToken":{"kind":94,"text":"value"},"endToken":{"kind":94,"text":"value"}},"name":{"!":"com.github.javaparser.ast.expr.SimpleName","range":{"beginLine":16,"beginColumn":4,"endLine":16,"endColumn":8},"tokenRange":{"beginToken":{"kind":94,"text":"value"},"endToken":{"kind":94,"text":"value"}},"identifier":"value"}}}},{"!":"com.github.javaparser.ast.stmt.ExpressionStmt","range":{"beginLine":17,"beginColumn":4,"endLine":17,"endColumn":41},"tokenRange":{"beginToken":{"kind":94,"text":"SimpleValue"},"endToken":{"kind":103,"text":";"}},"expression":{"!":"com.github.javaparser.ast.expr.VariableDeclarationExpr","range":{"beginLine":17,"beginColumn":4,"endLine":17,"endColumn":40},"tokenRange":{"beginToken":{"kind":94,"text":"SimpleValue"},"endToken":{"kind":98,"text":")"}},"annotations":[],"modifiers":[],"variables":[{"!":"com.github.javaparser.ast.body.VariableDeclarator","range":{"beginLine":17,"beginColumn":16,"endLine":17,"endColumn":40},"tokenRange":{"beginToken":{"kind":94,"text":"indexValue"},"endToken":{"kind":98,"text":")"}},"initializer":{"!":"com.github.javaparser.ast.expr.MethodCallExpr","range":{"beginLine":17,"beginColumn":29,"endLine":17,"endColumn":40},"tokenRange":{"beginToken":{"kind":94,"text":"value"},"endToken":{"kind":98,"text":")"}},"arguments":[],"name":{"!":"com.github.javaparser.ast.expr.SimpleName","range":{"beginLine":17,"beginColumn":35,"endLine":17,"endColumn":38},"tokenRange":{"beginToken":{"kind":94,"text":"make"},"endToken":{"kind":94,"text":"make"}},"identifier":"make"},"scope":{"!":"com.github.javaparser.ast.expr.NameExpr","range":{"beginLine":17,"beginColumn":29,"endLine":17,"endColumn":33},"tokenRange":{"beginToken":{"kind":94,"text":"value"},"endToken":{"kind":94,"text":"value"}},"name":{"!":"com.github.javaparser.ast.expr.SimpleName","range":{"beginLine":17,"beginColumn":29,"endLine":17,"endColumn":33},"tokenRange":{"beginToken":{"kind":94,"text":"value"},"endToken":{"kind":94,"text":"value"}},"identifier":"value"}}},"name":{"!":"com.github.javaparser.ast.expr.SimpleName","range":{"beginLine":17,"beginColumn":16,"endLine":17,"endColumn":25},"tokenRange":{"beginToken":{"kind":94,"text":"indexValue"},"endToken":{"kind":94,"text":"indexValue"}},"identifier":"indexValue"},"type":{"!":"com.github.javaparser.ast.type.ClassOrInterfaceType","range":{"beginLine":17,"beginColumn":4,"endLine":17,"endColumn":14},"tokenRange":{"beginToken":{"kind":94,"text":"SimpleValue"},"endToken":{"kind":94,"text":"SimpleValue"}},"name":{"!":"com.github.javaparser.ast.expr.SimpleName","range":{"beginLine":17,"beginColumn":4,"endLine":17,"endColumn":14},"tokenRange":{"beginToken":{"kind":94,"text":"SimpleValue"},"endToken":{"kind":94,"text":"SimpleValue"}},"identifier":"SimpleValue"},"annotations":[]}}]}},{"!":"com.github.javaparser.ast.stmt.ExpressionStmt","range":{"beginLine":18,"beginColumn":4,"endLine":18,"endColumn":43},"tokenRange":{"beginToken":{"kind":94,"text":"indexColumn"},"endToken":{"kind":103,"text":";"}},"expression":{"!":"com.github.javaparser.ast.expr.MethodCallExpr","range":{"beginLine":18,"beginColumn":4,"endLine":18,"endColumn":42},"tokenRange":{"beginToken":{"kind":94,"text":"indexColumn"},"endToken":{"kind":98,"text":")"}},"arguments":[{"!":"com.github.javaparser.ast.expr.NameExpr","range":{"beginLine":18,"beginColumn":31,"endLine":18,"endColumn":40},"tokenRange":{"beginToken":{"kind":94,"text":"indexValue"},"endToken":{"kind":94,"text":"indexValue"}},"name":{"!":"com.github.javaparser.ast.expr.SimpleName","range":{"beginLine":18,"beginColumn":31,"endLine":18,"endColumn":40},"tokenRange":{"beginToken":{"kind":94,"text":"indexValue"},"endToken":{"kind":94,"text":"indexValue"}},"identifier":"indexValue"}}],"name":{"!":"com.github.javaparser.ast.expr.SimpleName","range":{"beginLine":18,"beginColumn":16,"endLine":18,"endColumn":28},"tokenRange":{"beginToken":{"kind":94,"text":"linkWithValue"},"endToken":{"kind":94,"text":"linkWithValue"}},"identifier":"linkWithValue"},"scope":{"!":"com.github.javaparser.ast.expr.NameExpr","range":{"beginLine":18,"beginColumn":4,"endLine":18,"endColumn":14},"tokenRange":{"beginToken":{"kind":94,"text":"indexColumn"},"endToken":{"kind":94,"text":"indexColumn"}},"name":{"!":"com.github.javaparser.ast.expr.SimpleName","range":{"beginLine":18,"beginColumn":4,"endLine":18,"endColumn":14},"tokenRange":{"beginToken":{"kind":94,"text":"indexColumn"},"endToken":{"kind":94,"text":"indexColumn"}},"identifier":"indexColumn"}}}},{"!":"com.github.javaparser.ast.stmt.ExpressionStmt","range":{"beginLine":19,"beginColumn":4,"endLine":19,"endColumn":31},"tokenRange":{"beginToken":{"kind":94,"text":"list"},"endToken":{"kind":103,"text":";"}},"expression":{"!":"com.github.javaparser.ast.expr.MethodCallExpr","range":{"beginLine":19,"beginColumn":4,"endLine":19,"endColumn":30},"tokenRange":{"beginToken":{"kind":94,"text":"list"},"endToken":{"kind":98,"text":")"}},"arguments":[{"!":"com.github.javaparser.ast.expr.NameExpr","range":{"beginLine":19,"beginColumn":19,"endLine":19,"endColumn":28},"tokenRange":{"beginToken":{"kind":94,"text":"indexValue"},"endToken":{"kind":94,"text":"indexValue"}},"name":{"!":"com.github.javaparser.ast.expr.SimpleName","range":{"beginLine":19,"beginColumn":19,"endLine":19,"endColumn":28},"tokenRange":{"beginToken":{"kind":94,"text":"indexValue"},"endToken":{"kind":94,"text":"indexValue"}},"identifier":"indexValue"}}],"name":{"!":"com.github.javaparser.ast.expr.SimpleName","range":{"beginLine":19,"beginColumn":9,"endLine":19,"endColumn":16},"tokenRange":{"beginToken":{"kind":94,"text":"setIndex"},"endToken":{"kind":94,"text":"setIndex"}},"identifier":"setIndex"},"scope":{"!":"com.github.javaparser.ast.expr.NameExpr","range":{"beginLine":19,"beginColumn":4,"endLine":19,"endColumn":7},"tokenRange":{"beginToken":{"kind":94,"text":"list"},"endToken":{"kind":94,"text":"list"}},"name":{"!":"com.github.javaparser.ast.expr.SimpleName","range":{"beginLine":19,"beginColumn":4,"endLine":19,"endColumn":7},"tokenRange":{"beginToken":{"kind":94,"text":"list"},"endToken":{"kind":94,"text":"list"}},"identifier":"list"}}}},{"!":"com.github.javaparser.ast.stmt.ExpressionStmt","range":{"beginLine":20,"beginColumn":4,"endLine":20,"endColumn":46},"tokenRange":{"beginToken":{"kind":94,"text":"list"},"endToken":{"kind":103,"text":";"}},"expression":{"!":"com.github.javaparser.ast.expr.MethodCallExpr","range":{"beginLine":20,"beginColumn":4,"endLine":20,"endColumn":45},"tokenRange":{"beginToken":{"kind":94,"text":"list"},"endToken":{"kind":98,"text":")"}},"arguments":[{"!":"com.github.javaparser.ast.expr.MethodCallExpr","range":{"beginLine":20,"beginColumn":23,"endLine":20,"endColumn":43},"tokenRange":{"beginToken":{"kind":94,"text":"indexColumn"},"endToken":{"kind":98,"text":")"}},"arguments":[],"name":{"!":"com.github.javaparser.ast.expr.SimpleName","range":{"beginLine":20,"beginColumn":35,"endLine":20,"endColumn":41},"tokenRange":{"beginToken":{"kind":94,"text":"getBase"},"endToken":{"kind":94,"text":"getBase"}},"identifier":"getBase"},"scope":{"!":"com.github.javaparser.ast.expr.NameExpr","range":{"beginLine":20,"beginColumn":23,"endLine":20,"endColumn":33},"tokenRange":{"beginToken":{"kind":94,"text":"indexColumn"},"endToken":{"kind":94,"text":"indexColumn"}},"name":{"!":"com.github.javaparser.ast.expr.SimpleName","range":{"beginLine":20,"beginColumn":23,"endLine":20,"endColumn":33},"tokenRange":{"beginToken":{"kind":94,"text":"indexColumn"},"endToken":{"kind":94,"text":"indexColumn"}},"identifier":"indexColumn"}}}],"name":{"!":"com.github.javaparser.ast.expr.SimpleName","range":{"beginLine":20,"beginColumn":9,"endLine":20,"endColumn":20},"tokenRange":{"beginToken":{"kind":94,"text":"setBaseIndex"},"endToken":{"kind":94,"text":"setBaseIndex"}},"identifier":"setBaseIndex"},"scope":{"!":"com.github.javaparser.ast.expr.NameExpr","range":{"beginLine":20,"beginColumn":4,"endLine":20,"endColumn":7},"tokenRange":{"beginToken":{"kind":94,"text":"list"},"endToken":{"kind":94,"text":"list"}},"name":{"!":"com.github.javaparser.ast.expr.SimpleName","range":{"beginLine":20,"beginColumn":4,"endLine":20,"endColumn":7},"tokenRange":{"beginToken":{"kind":94,"text":"list"},"endToken":{"kind":94,"text":"list"}},"identifier":"list"}}}},{"!":"com.github.javaparser.ast.stmt.IfStmt","range":{"beginLine":21,"beginColumn":4,"endLine":32,"endColumn":4},"tokenRange":{"beginToken":{"kind":34,"text":"if"},"endToken":{"kind":100,"text":"}"}},"condition":{"!":"com.github.javaparser.ast.expr.BinaryExpr","range":{"beginLine":21,"beginColumn":9,"endLine":21,"endColumn":78},"tokenRange":{"beginToken":{"kind":94,"text":"list"},"endToken":{"kind":98,"text":")"}},"left":{"!":"com.github.javaparser.ast.expr.BinaryExpr","range":{"beginLine":21,"beginColumn":9,"endLine":21,"endColumn":57},"tokenRange":{"beginToken":{"kind":94,"text":"list"},"endToken":{"kind":98,"text":")"}},"left":{"!":"com.github.javaparser.ast.expr.MethodCallExpr","range":{"beginLine":21,"beginColumn":9,"endLine":21,"endColumn":26},"tokenRange":{"beginToken":{"kind":94,"text":"list"},"endToken":{"kind":98,"text":")"}},"arguments":[],"name":{"!":"com.github.javaparser.ast.expr.SimpleName","range":{"beginLine":21,"beginColumn":14,"endLine":21,"endColumn":24},"tokenRange":{"beginToken":{"kind":94,"text":"isOneToMany"},"endToken":{"kind":94,"text":"isOneToMany"}},"identifier":"isOneToMany"},"scope":{"!":"com.github.javaparser.ast.expr.NameExpr","range":{"beginLine":21,"beginColumn":9,"endLine":21,"endColumn":12},"tokenRange":{"beginToken":{"kind":94,"text":"list"},"endToken":{"kind":94,"text":"list"}},"name":{"!":"com.github.javaparser.ast.expr.SimpleName","range":{"beginLine":21,"beginColumn":9,"endLine":21,"endColumn":12},"tokenRange":{"beginToken":{"kind":94,"text":"list"},"endToken":{"kind":94,"text":"list"}},"identifier":"list"}}},"operator":"AND","right":{"!":"com.github.javaparser.ast.expr.UnaryExpr","range":{"beginLine":21,"beginColumn":31,"endLine":21,"endColumn":57},"tokenRange":{"beginToken":{"kind":111,"text":"!"},"endToken":{"kind":98,"text":")"}},"expression":{"!":"com.github.javaparser.ast.expr.MethodCallExpr","range":{"beginLine":21,"beginColumn":32,"endLine":21,"endColumn":57},"tokenRange":{"beginToken":{"kind":94,"text":"list"},"endToken":{"kind":98,"text":")"}},"arguments":[],"name":{"!":"com.github.javaparser.ast.expr.SimpleName","range":{"beginLine":21,"beginColumn":46,"endLine":21,"endColumn":55},"tokenRange":{"beginToken":{"kind":94,"text":"isNullable"},"endToken":{"kind":94,"text":"isNullable"}},"identifier":"isNullable"},"scope":{"!":"com.github.javaparser.ast.expr.MethodCallExpr","range":{"beginLine":21,"beginColumn":32,"endLine":21,"endColumn":44},"tokenRange":{"beginToken":{"kind":94,"text":"list"},"endToken":{"kind":98,"text":")"}},"arguments":[],"name":{"!":"com.github.javaparser.ast.expr.SimpleName","range":{"beginLine":21,"beginColumn":37,"endLine":21,"endColumn":42},"tokenRange":{"beginToken":{"kind":94,"text":"getKey"},"endToken":{"kind":94,"text":"getKey"}},"identifier":"getKey"},"scope":{"!":"com.github.javaparser.ast.expr.NameExpr","range":{"beginLine":21,"beginColumn":32,"endLine":21,"endColumn":35},"tokenRange":{"beginToken":{"kind":94,"text":"list"},"endToken":{"kind":94,"text":"list"}},"name":{"!":"com.github.javaparser.ast.expr.SimpleName","range":{"beginLine":21,"beginColumn":32,"endLine":21,"endColumn":35},"tokenRange":{"beginToken":{"kind":94,"text":"list"},"endToken":{"kind":94,"text":"list"}},"identifier":"list"}}}},"operator":"LOGICAL_COMPLEMENT"}},"operator":"AND","right":{"!":"com.github.javaparser.ast.expr.UnaryExpr","range":{"beginLine":21,"beginColumn":62,"endLine":21,"endColumn":78},"tokenRange":{"beginToken":{"kind":111,"text":"!"},"endToken":{"kind":98,"text":")"}},"expression":{"!":"com.github.javaparser.ast.expr.MethodCallExpr","range":{"beginLine":21,"beginColumn":63,"endLine":21,"endColumn":78},"tokenRange":{"beginToken":{"kind":94,"text":"list"},"endToken":{"kind":98,"text":")"}},"arguments":[],"name":{"!":"com.github.javaparser.ast.expr.SimpleName","range":{"beginLine":21,"beginColumn":68,"endLine":21,"endColumn":76},"tokenRange":{"beginToken":{"kind":94,"text":"isInverse"},"endToken":{"kind":94,"text":"isInverse"}},"identifier":"isInverse"},"scope":{"!":"com.github.javaparser.ast.expr.NameExpr","range":{"beginLine":21,"beginColumn":63,"endLine":21,"endColumn":66},"tokenRange":{"beginToken":{"kind":94,"text":"list"},"endToken":{"kind":94,"text":"list"}},"name":{"!":"com.github.javaparser.ast.expr.SimpleName","range":{"beginLine":21,"beginColumn":63,"endLine":21,"endColumn":66},"tokenRange":{"beginToken":{"kind":94,"text":"list"},"endToken":{"kind":94,"text":"list"}},"identifier":"list"}}},"operator":"LOGICAL_COMPLEMENT"}},"thenStmt":{"!":"com.github.javaparser.ast.stmt.BlockStmt","range":{"beginLine":21,"beginColumn":82,"endLine":32,"endColumn":4},"tokenRange":{"beginToken":{"kind":99,"text":"{"},"endToken":{"kind":100,"text":"}"}},"statements":[{"!":"com.github.javaparser.ast.stmt.ExpressionStmt","range":{"beginLine":22,"beginColumn":5,"endLine":22,"endColumn":84},"tokenRange":{"beginToken":{"kind":94,"text":"String"},"endToken":{"kind":103,"text":";"}},"expression":{"!":"com.github.javaparser.ast.expr.VariableDeclarationExpr","range":{"beginLine":22,"beginColumn":5,"endLine":22,"endColumn":83},"tokenRange":{"beginToken":{"kind":94,"text":"String"},"endToken":{"kind":98,"text":")"}},"annotations":[],"modifiers":[],"variables":[{"!":"com.github.javaparser.ast.body.VariableDeclarator","range":{"beginLine":22,"beginColumn":12,"endLine":22,"endColumn":83},"tokenRange":{"beginToken":{"kind":94,"text":"entityName"},"endToken":{"kind":98,"text":")"}},"initializer":{"!":"com.github.javaparser.ast.expr.MethodCallExpr","range":{"beginLine":22,"beginColumn":25,"endLine":22,"endColumn":83},"tokenRange":{"beginToken":{"kind":97,"text":"("},"endToken":{"kind":98,"text":")"}},"arguments":[],"name":{"!":"com.github.javaparser.ast.expr.SimpleName","range":{"beginLine":22,"beginColumn":59,"endLine":22,"endColumn":81},"tokenRange":{"beginToken":{"kind":94,"text":"getReferencedEntityName"},"endToken":{"kind":94,"text":"getReferencedEntityName"}},"identifier":"getReferencedEntityName"},"scope":{"!":"com.github.javaparser.ast.expr.EnclosedExpr","range":{"beginLine":22,"beginColumn":25,"endLine":22,"endColumn":57},"tokenRange":{"beginToken":{"kind":97,"text":"("},"endToken":{"kind":98,"text":")"}},"inner":{"!":"com.github.javaparser.ast.expr.CastExpr","range":{"beginLine":22,"beginColumn":27,"endLine":22,"endColumn":55},"tokenRange":{"beginToken":{"kind":97,"text":"("},"endToken":{"kind":98,"text":")"}},"expression":{"!":"com.github.javaparser.ast.expr.MethodCallExpr","range":{"beginLine":22,"beginColumn":39,"endLine":22,"endColumn":55},"tokenRange":{"beginToken":{"kind":94,"text":"list"},"endToken":{"kind":98,"text":")"}},"arguments":[],"name":{"!":"com.github.javaparser.ast.expr.SimpleName","range":{"beginLine":22,"beginColumn":44,"endLine":22,"endColumn":53},"tokenRange":{"beginToken":{"kind":94,"text":"getElement"},"endToken":{"kind":94,"text":"getElement"}},"identifier":"getElement"},"scope":{"!":"com.github.javaparser.ast.expr.NameExpr","range":{"beginLine":22,"beginColumn":39,"endLine":22,"endColumn":42},"tokenRange":{"beginToken":{"kind":94,"text":"list"},"endToken":{"kind":94,"text":"list"}},"name":{"!":"com.github.javaparser.ast.expr.SimpleName","range":{"beginLine":22,"beginColumn":39,"endLine":22,"endColumn":42},"tokenRange":{"beginToken":{"kind":94,"text":"list"},"endToken":{"kind":94,"text":"list"}},"identifier":"list"}}},"type":{"!":"com.github.javaparser.ast.type.ClassOrInterfaceType","range":{"beginLine":22,"beginColumn":28,"endLine":22,"endColumn":36},"tokenRange":{"beginToken":{"kind":94,"text":"OneToMany"},"endToken":{"kind":94,"text":"OneToMany"}},"name":{"!":"com.github.javaparser.ast.expr.SimpleName","range":{"beginLine":22,"beginColumn":28,"endLine":22,"endColumn":36},"tokenRange":{"beginToken":{"kind":94,"text":"OneToMany"},"endToken":{"kind":94,"text":"OneToMany"}},"identifier":"OneToMany"},"annotations":[]}}}},"name":{"!":"com.github.javaparser.ast.expr.SimpleName","range":{"beginLine":22,"beginColumn":12,"endLine":22,"endColumn":21},"tokenRange":{"beginToken":{"kind":94,"text":"entityName"},"endToken":{"kind":94,"text":"entityName"}},"identifier":"entityName"},"type":{"!":"com.github.javaparser.ast.type.ClassOrInterfaceType","range":{"beginLine":22,"beginColumn":5,"endLine":22,"endColumn":10},"tokenRange":{"beginToken":{"kind":94,"text":"String"},"endToken":{"kind":94,"text":"String"}},"name":{"!":"com.github.javaparser.ast.expr.SimpleName","range":{"beginLine":22,"beginColumn":5,"endLine":22,"endColumn":10},"tokenRange":{"beginToken":{"kind":94,"text":"String"},"endToken":{"kind":94,"text":"String"}},"identifier":"String"},"annotations":[]}}]}},{"!":"com.github.javaparser.ast.stmt.ExpressionStmt","range":{"beginLine":23,"beginColumn":5,"endLine":23,"endColumn":65},"tokenRange":{"beginToken":{"kind":94,"text":"PersistentClass"},"endToken":{"kind":103,"text":";"}},"expression":{"!":"com.github.javaparser.ast.expr.VariableDeclarationExpr","range":{"beginLine":23,"beginColumn":5,"endLine":23,"endColumn":64},"tokenRange":{"beginToken":{"kind":94,"text":"PersistentClass"},"endToken":{"kind":98,"text":")"}},"annotations":[],"modifiers":[],"variables":[{"!":"com.github.javaparser.ast.body.VariableDeclarator","range":{"beginLine":23,"beginColumn":21,"endLine":23,"endColumn":64},"tokenRange":{"beginToken":{"kind":94,"text":"referenced"},"endToken":{"kind":98,"text":")"}},"initializer":{"!":"com.github.javaparser.ast.expr.MethodCallExpr","range":{"beginLine":23,"beginColumn":34,"endLine":23,"endColumn":64},"tokenRange":{"beginToken":{"kind":94,"text":"mappings"},"endToken":{"kind":98,"text":")"}},"arguments":[{"!":"com.github.javaparser.ast.expr.NameExpr","range":{"beginLine":23,"beginColumn":53,"endLine":23,"endColumn":62},"tokenRange":{"beginToken":{"kind":94,"text":"entityName"},"endToken":{"kind":94,"text":"entityName"}},"name":{"!":"com.github.javaparser.ast.expr.SimpleName","range":{"beginLine":23,"beginColumn":53,"endLine":23,"endColumn":62},"tokenRange":{"beginToken":{"kind":94,"text":"entityName"},"endToken":{"kind":94,"text":"entityName"}},"identifier":"entityName"}}],"name":{"!":"com.github.javaparser.ast.expr.SimpleName","range":{"beginLine":23,"beginColumn":43,"endLine":23,"endColumn":50},"tokenRange":{"beginToken":{"kind":94,"text":"getClass"},"endToken":{"kind":94,"text":"getClass"}},"identifier":"getClass"},"scope":{"!":"com.github.javaparser.ast.expr.NameExpr","range":{"beginLine":23,"beginColumn":34,"endLine":23,"endColumn":41},"tokenRange":{"beginToken":{"kind":94,"text":"mappings"},"endToken":{"kind":94,"text":"mappings"}},"name":{"!":"com.github.javaparser.ast.expr.SimpleName","range":{"beginLine":23,"beginColumn":34,"endLine":23,"endColumn":41},"tokenRange":{"beginToken":{"kind":94,"text":"mappings"},"endToken":{"kind":94,"text":"mappings"}},"identifier":"mappings"}}},"name":{"!":"com.github.javaparser.ast.expr.SimpleName","range":{"beginLine":23,"beginColumn":21,"endLine":23,"endColumn":30},"tokenRange":{"beginToken":{"kind":94,"text":"referenced"},"endToken":{"kind":94,"text":"referenced"}},"identifier":"referenced"},"type":{"!":"com.github.javaparser.ast.type.ClassOrInterfaceType","range":{"beginLine":23,"beginColumn":5,"endLine":23,"endColumn":19},"tokenRange":{"beginToken":{"kind":94,"text":"PersistentClass"},"endToken":{"kind":94,"text":"PersistentClass"}},"name":{"!":"com.github.javaparser.ast.expr.SimpleName","range":{"beginLine":23,"beginColumn":5,"endLine":23,"endColumn":19},"tokenRange":{"beginToken":{"kind":94,"text":"PersistentClass"},"endToken":{"kind":94,"text":"PersistentClass"}},"identifier":"PersistentClass"},"annotations":[]}}]}},{"!":"com.github.javaparser.ast.stmt.ExpressionStmt","range":{"beginLine":24,"beginColumn":5,"endLine":24,"endColumn":41},"tokenRange":{"beginToken":{"kind":94,"text":"IndexBackref"},"endToken":{"kind":103,"text":";"}},"expression":{"!":"com.github.javaparser.ast.expr.VariableDeclarationExpr","range":{"beginLine":24,"beginColumn":5,"endLine":24,"endColumn":40},"tokenRange":{"beginToken":{"kind":94,"text":"IndexBackref"},"endToken":{"kind":98,"text":")"}},"annotations":[],"modifiers":[],"variables":[{"!":"com.github.javaparser.ast.body.VariableDeclarator","range":{"beginLine":24,"beginColumn":18,"endLine":24,"endColumn":40},"tokenRange":{"beginToken":{"kind":94,"text":"ib"},"endToken":{"kind":98,"text":")"}},"initializer":{"!":"com.github.javaparser.ast.expr.ObjectCreationExpr","range":{"beginLine":24,"beginColumn":23,"endLine":24,"endColumn":40},"tokenRange":{"beginToken":{"kind":42,"text":"new"},"endToken":{"kind":98,"text":")"}},"arguments":[],"type":{"!":"com.github.javaparser.ast.type.ClassOrInterfaceType","range":{"beginLine":24,"beginColumn":27,"endLine":24,"endColumn":38},"tokenRange":{"beginToken":{"kind":94,"text":"IndexBackref"},"endToken":{"kind":94,"text":"IndexBackref"}},"name":{"!":"com.github.javaparser.ast.expr.SimpleName","range":{"beginLine":24,"beginColumn":27,"endLine":24,"endColumn":38},"tokenRange":{"beginToken":{"kind":94,"text":"IndexBackref"},"endToken":{"kind":94,"text":"IndexBackref"}},"identifier":"IndexBackref"},"annotations":[]}},"name":{"!":"com.github.javaparser.ast.expr.SimpleName","range":{"beginLine":24,"beginColumn":18,"endLine":24,"endColumn":19},"tokenRange":{"beginToken":{"kind":94,"text":"ib"},"endToken":{"kind":94,"text":"ib"}},"identifier":"ib"},"type":{"!":"com.github.javaparser.ast.type.ClassOrInterfaceType","range":{"beginLine":24,"beginColumn":5,"endLine":24,"endColumn":16},"tokenRange":{"beginToken":{"kind":94,"text":"IndexBackref"},"endToken":{"kind":94,"text":"IndexBackref"}},"name":{"!":"com.github.javaparser.ast.expr.SimpleName","range":{"beginLine":24,"beginColumn":5,"endLine":24,"endColumn":16},"tokenRange":{"beginToken":{"kind":94,"text":"IndexBackref"},"endToken":{"kind":94,"text":"IndexBackref"}},"identifier":"IndexBackref"},"annotations":[]}}]}},{"!":"com.github.javaparser.ast.stmt.ExpressionStmt","range":{"beginLine":25,"beginColumn":5,"endLine":25,"endColumn":54},"tokenRange":{"beginToken":{"kind":94,"text":"ib"},"endToken":{"kind":103,"text":";"}},"expression":{"!":"com.github.javaparser.ast.expr.MethodCallExpr","range":{"beginLine":25,"beginColumn":5,"endLine":25,"endColumn":53},"tokenRange":{"beginToken":{"kind":94,"text":"ib"},"endToken":{"kind":98,"text":")"}},"arguments":[{"!":"com.github.javaparser.ast.expr.BinaryExpr","range":{"beginLine":25,"beginColumn":17,"endLine":25,"endColumn":51},"tokenRange":{"beginToken":{"kind":89,"text":"'_'"},"endToken":{"kind":90,"text":"\"IndexBackref\""}},"left":{"!":"com.github.javaparser.ast.expr.BinaryExpr","range":{"beginLine":25,"beginColumn":17,"endLine":25,"endColumn":34},"tokenRange":{"beginToken":{"kind":89,"text":"'_'"},"endToken":{"kind":94,"text":"propertyName"}},"left":{"!":"com.github.javaparser.ast.expr.CharLiteralExpr","range":{"beginLine":25,"beginColumn":17,"endLine":25,"endColumn":19},"tokenRange":{"beginToken":{"kind":89,"text":"'_'"},"endToken":{"kind":89,"text":"'_'"}},"value":"_"},"operator":"PLUS","right":{"!":"com.github.javaparser.ast.expr.NameExpr","range":{"beginLine":25,"beginColumn":23,"endLine":25,"endColumn":34},"tokenRange":{"beginToken":{"kind":94,"text":"propertyName"},"endToken":{"kind":94,"text":"propertyName"}},"name":{"!":"com.github.javaparser.ast.expr.SimpleName","range":{"beginLine":25,"beginColumn":23,"endLine":25,"endColumn":34},"tokenRange":{"beginToken":{"kind":94,"text":"propertyName"},"endToken":{"kind":94,"text":"propertyName"}},"identifier":"propertyName"}}},"operator":"PLUS","right":{"!":"com.github.javaparser.ast.expr.StringLiteralExpr","range":{"beginLine":25,"beginColumn":38,"endLine":25,"endColumn":51},"tokenRange":{"beginToken":{"kind":90,"text":"\"IndexBackref\""},"endToken":{"kind":90,"text":"\"IndexBackref\""}},"value":"IndexBackref"}}],"name":{"!":"com.github.javaparser.ast.expr.SimpleName","range":{"beginLine":25,"beginColumn":8,"endLine":25,"endColumn":14},"tokenRange":{"beginToken":{"kind":94,"text":"setName"},"endToken":{"kind":94,"text":"setName"}},"identifier":"setName"},"scope":{"!":"com.github.javaparser.ast.expr.NameExpr","range":{"beginLine":25,"beginColumn":5,"endLine":25,"endColumn":6},"tokenRange":{"beginToken":{"kind":94,"text":"ib"},"endToken":{"kind":94,"text":"ib"}},"name":{"!":"com.github.javaparser.ast.expr.SimpleName","range":{"beginLine":25,"beginColumn":5,"endLine":25,"endColumn":6},"tokenRange":{"beginToken":{"kind":94,"text":"ib"},"endToken":{"kind":94,"text":"ib"}},"identifier":"ib"}}}},{"!":"com.github.javaparser.ast.stmt.ExpressionStmt","range":{"beginLine":26,"beginColumn":5,"endLine":26,"endColumn":30},"tokenRange":{"beginToken":{"kind":94,"text":"ib"},"endToken":{"kind":103,"text":";"}},"expression":{"!":"com.github.javaparser.ast.expr.MethodCallExpr","range":{"beginLine":26,"beginColumn":5,"endLine":26,"endColumn":29},"tokenRange":{"beginToken":{"kind":94,"text":"ib"},"endToken":{"kind":98,"text":")"}},"arguments":[{"!":"com.github.javaparser.ast.expr.BooleanLiteralExpr","range":{"beginLine":26,"beginColumn":23,"endLine":26,"endColumn":27},"tokenRange":{"beginToken":{"kind":28,"text":"false"},"endToken":{"kind":28,"text":"false"}},"value":"false"}],"name":{"!":"com.github.javaparser.ast.expr.SimpleName","range":{"beginLine":26,"beginColumn":8,"endLine":26,"endColumn":20},"tokenRange":{"beginToken":{"kind":94,"text":"setUpdateable"},"endToken":{"kind":94,"text":"setUpdateable"}},"identifier":"setUpdateable"},"scope":{"!":"com.github.javaparser.ast.expr.NameExpr","range":{"beginLine":26,"beginColumn":5,"endLine":26,"endColumn":6},"tokenRange":{"beginToken":{"kind":94,"text":"ib"},"endToken":{"kind":94,"text":"ib"}},"name":{"!":"com.github.javaparser.ast.expr.SimpleName","range":{"beginLine":26,"beginColumn":5,"endLine":26,"endColumn":6},"tokenRange":{"beginToken":{"kind":94,"text":"ib"},"endToken":{"kind":94,"text":"ib"}},"identifier":"ib"}}}},{"!":"com.github.javaparser.ast.stmt.ExpressionStmt","range":{"beginLine":27,"beginColumn":5,"endLine":27,"endColumn":30},"tokenRange":{"beginToken":{"kind":94,"text":"ib"},"endToken":{"kind":103,"text":";"}},"expression":{"!":"com.github.javaparser.ast.expr.MethodCallExpr","range":{"beginLine":27,"beginColumn":5,"endLine":27,"endColumn":29},"tokenRange":{"beginToken":{"kind":94,"text":"ib"},"endToken":{"kind":98,"text":")"}},"arguments":[{"!":"com.github.javaparser.ast.expr.BooleanLiteralExpr","range":{"beginLine":27,"beginColumn":23,"endLine":27,"endColumn":27},"tokenRange":{"beginToken":{"kind":28,"text":"false"},"endToken":{"kind":28,"text":"false"}},"value":"false"}],"name":{"!":"com.github.javaparser.ast.expr.SimpleName","range":{"beginLine":27,"beginColumn":8,"endLine":27,"endColumn":20},"tokenRange":{"beginToken":{"kind":94,"text":"setSelectable"},"endToken":{"kind":94,"text":"setSelectable"}},"identifier":"setSelectable"},"scope":{"!":"com.github.javaparser.ast.expr.NameExpr","range":{"beginLine":27,"beginColumn":5,"endLine":27,"endColumn":6},"tokenRange":{"beginToken":{"kind":94,"text":"ib"},"endToken":{"kind":94,"text":"ib"}},"name":{"!":"com.github.javaparser.ast.expr.SimpleName","range":{"beginLine":27,"beginColumn":5,"endLine":27,"endColumn":6},"tokenRange":{"beginToken":{"kind":94,"text":"ib"},"endToken":{"kind":94,"text":"ib"}},"identifier":"ib"}}}},{"!":"com.github.javaparser.ast.stmt.ExpressionStmt","range":{"beginLine":28,"beginColumn":5,"endLine":28,"endColumn":43},"tokenRange":{"beginToken":{"kind":94,"text":"ib"},"endToken":{"kind":103,"text":";"}},"expression":{"!":"com.github.javaparser.ast.expr.MethodCallExpr","range":{"beginLine":28,"beginColumn":5,"endLine":28,"endColumn":42},"tokenRange":{"beginToken":{"kind":94,"text":"ib"},"endToken":{"kind":98,"text":")"}},"arguments":[{"!":"com.github.javaparser.ast.expr.MethodCallExpr","range":{"beginLine":28,"beginColumn":27,"endLine":28,"endColumn":40},"tokenRange":{"beginToken":{"kind":94,"text":"list"},"endToken":{"kind":98,"text":")"}},"arguments":[],"name":{"!":"com.github.javaparser.ast.expr.SimpleName","range":{"beginLine":28,"beginColumn":32,"endLine":28,"endColumn":38},"tokenRange":{"beginToken":{"kind":94,"text":"getRole"},"endToken":{"kind":94,"text":"getRole"}},"identifier":"getRole"},"scope":{"!":"com.github.javaparser.ast.expr.NameExpr","range":{"beginLine":28,"beginColumn":27,"endLine":28,"endColumn":30},"tokenRange":{"beginToken":{"kind":94,"text":"list"},"endToken":{"kind":94,"text":"list"}},"name":{"!":"com.github.javaparser.ast.expr.SimpleName","range":{"beginLine":28,"beginColumn":27,"endLine":28,"endColumn":30},"tokenRange":{"beginToken":{"kind":94,"text":"list"},"endToken":{"kind":94,"text":"list"}},"identifier":"list"}}}],"name":{"!":"com.github.javaparser.ast.expr.SimpleName","range":{"beginLine":28,"beginColumn":8,"endLine":28,"endColumn":24},"tokenRange":{"beginToken":{"kind":94,"text":"setCollectionRole"},"endToken":{"kind":94,"text":"setCollectionRole"}},"identifier":"setCollectionRole"},"scope":{"!":"com.github.javaparser.ast.expr.NameExpr","range":{"beginLine":28,"beginColumn":5,"endLine":28,"endColumn":6},"tokenRange":{"beginToken":{"kind":94,"text":"ib"},"endToken":{"kind":94,"text":"ib"}},"name":{"!":"com.github.javaparser.ast.expr.SimpleName","range":{"beginLine":28,"beginColumn":5,"endLine":28,"endColumn":6},"tokenRange":{"beginToken":{"kind":94,"text":"ib"},"endToken":{"kind":94,"text":"ib"}},"identifier":"ib"}}}},{"!":"com.github.javaparser.ast.stmt.ExpressionStmt","range":{"beginLine":29,"beginColumn":5,"endLine":29,"endColumn":56},"tokenRange":{"beginToken":{"kind":94,"text":"ib"},"endToken":{"kind":103,"text":";"}},"expression":{"!":"com.github.javaparser.ast.expr.MethodCallExpr","range":{"beginLine":29,"beginColumn":5,"endLine":29,"endColumn":55},"tokenRange":{"beginToken":{"kind":94,"text":"ib"},"endToken":{"kind":98,"text":")"}},"arguments":[{"!":"com.github.javaparser.ast.expr.MethodCallExpr","range":{"beginLine":29,"beginColumn":23,"endLine":29,"endColumn":53},"tokenRange":{"beginToken":{"kind":94,"text":"list"},"endToken":{"kind":98,"text":")"}},"arguments":[],"name":{"!":"com.github.javaparser.ast.expr.SimpleName","range":{"beginLine":29,"beginColumn":39,"endLine":29,"endColumn":51},"tokenRange":{"beginToken":{"kind":94,"text":"getEntityName"},"endToken":{"kind":94,"text":"getEntityName"}},"identifier":"getEntityName"},"scope":{"!":"com.github.javaparser.ast.expr.MethodCallExpr","range":{"beginLine":29,"beginColumn":23,"endLine":29,"endColumn":37},"tokenRange":{"beginToken":{"kind":94,"text":"list"},"endToken":{"kind":98,"text":")"}},"arguments":[],"name":{"!":"com.github.javaparser.ast.expr.SimpleName","range":{"beginLine":29,"beginColumn":28,"endLine":29,"endColumn":35},"tokenRange":{"beginToken":{"kind":94,"text":"getOwner"},"endToken":{"kind":94,"text":"getOwner"}},"identifier":"getOwner"},"scope":{"!":"com.github.javaparser.ast.expr.NameExpr","range":{"beginLine":29,"beginColumn":23,"endLine":29,"endColumn":26},"tokenRange":{"beginToken":{"kind":94,"text":"list"},"endToken":{"kind":94,"text":"list"}},"name":{"!":"com.github.javaparser.ast.expr.SimpleName","range":{"beginLine":29,"beginColumn":23,"endLine":29,"endColumn":26},"tokenRange":{"beginToken":{"kind":94,"text":"list"},"endToken":{"kind":94,"text":"list"}},"identifier":"list"}}}}],"name":{"!":"com.github.javaparser.ast.expr.SimpleName","range":{"beginLine":29,"beginColumn":8,"endLine":29,"endColumn":20},"tokenRange":{"beginToken":{"kind":94,"text":"setEntityName"},"endToken":{"kind":94,"text":"setEntityName"}},"identifier":"setEntityName"},"scope":{"!":"com.github.javaparser.ast.expr.NameExpr","range":{"beginLine":29,"beginColumn":5,"endLine":29,"endColumn":6},"tokenRange":{"beginToken":{"kind":94,"text":"ib"},"endToken":{"kind":94,"text":"ib"}},"name":{"!":"com.github.javaparser.ast.expr.SimpleName","range":{"beginLine":29,"beginColumn":5,"endLine":29,"endColumn":6},"tokenRange":{"beginToken":{"kind":94,"text":"ib"},"endToken":{"kind":94,"text":"ib"}},"identifier":"ib"}}}},{"!":"com.github.javaparser.ast.stmt.ExpressionStmt","range":{"beginLine":30,"beginColumn":5,"endLine":30,"endColumn":35},"tokenRange":{"beginToken":{"kind":94,"text":"ib"},"endToken":{"kind":103,"text":";"}},"expression":{"!":"com.github.javaparser.ast.expr.MethodCallExpr","range":{"beginLine":30,"beginColumn":5,"endLine":30,"endColumn":34},"tokenRange":{"beginToken":{"kind":94,"text":"ib"},"endToken":{"kind":98,"text":")"}},"arguments":[{"!":"com.github.javaparser.ast.expr.MethodCallExpr","range":{"beginLine":30,"beginColumn":18,"endLine":30,"endColumn":32},"tokenRange":{"beginToken":{"kind":94,"text":"list"},"endToken":{"kind":98,"text":")"}},"arguments":[],"name":{"!":"com.github.javaparser.ast.expr.SimpleName","range":{"beginLine":30,"beginColumn":23,"endLine":30,"endColumn":30},"tokenRange":{"beginToken":{"kind":94,"text":"getIndex"},"endToken":{"kind":94,"text":"getIndex"}},"identifier":"getIndex"},"scope":{"!":"com.github.javaparser.ast.expr.NameExpr","range":{"beginLine":30,"beginColumn":18,"endLine":30,"endColumn":21},"tokenRange":{"beginToken":{"kind":94,"text":"list"},"endToken":{"kind":94,"text":"list"}},"name":{"!":"com.github.javaparser.ast.expr.SimpleName","range":{"beginLine":30,"beginColumn":18,"endLine":30,"endColumn":21},"tokenRange":{"beginToken":{"kind":94,"text":"list"},"endToken":{"kind":94,"text":"list"}},"identifier":"list"}}}],"name":{"!":"com.github.javaparser.ast.expr.SimpleName","range":{"beginLine":30,"beginColumn":8,"endLine":30,"endColumn":15},"tokenRange":{"beginToken":{"kind":94,"text":"setValue"},"endToken":{"kind":94,"text":"setValue"}},"identifier":"setValue"},"scope":{"!":"com.github.javaparser.ast.expr.NameExpr","range":{"beginLine":30,"beginColumn":5,"endLine":30,"endColumn":6},"tokenRange":{"beginToken":{"kind":94,"text":"ib"},"endToken":{"kind":94,"text":"ib"}},"name":{"!":"com.github.javaparser.ast.expr.SimpleName","range":{"beginLine":30,"beginColumn":5,"endLine":30,"endColumn":6},"tokenRange":{"beginToken":{"kind":94,"text":"ib"},"endToken":{"kind":94,"text":"ib"}},"identifier":"ib"}}}},{"!":"com.github.javaparser.ast.stmt.ExpressionStmt","range":{"beginLine":31,"beginColumn":5,"endLine":31,"endColumn":33},"tokenRange":{"beginToken":{"kind":94,"text":"referenced"},"endToken":{"kind":103,"text":";"}},"expression":{"!":"com.github.javaparser.ast.expr.MethodCallExpr","range":{"beginLine":31,"beginColumn":5,"endLine":31,"endColumn":32},"tokenRange":{"beginToken":{"kind":94,"text":"referenced"},"endToken":{"kind":98,"text":")"}},"arguments":[{"!":"com.github.javaparser.ast.expr.NameExpr","range":{"beginLine":31,"beginColumn":29,"endLine":31,"endColumn":30},"tokenRange":{"beginToken":{"kind":94,"text":"ib"},"endToken":{"kind":94,"text":"ib"}},"name":{"!":"com.github.javaparser.ast.expr.SimpleName","range":{"beginLine":31,"beginColumn":29,"endLine":31,"endColumn":30},"tokenRange":{"beginToken":{"kind":94,"text":"ib"},"endToken":{"kind":94,"text":"ib"}},"identifier":"ib"}}],"name":{"!":"com.github.javaparser.ast.expr.SimpleName","range":{"beginLine":31,"beginColumn":16,"endLine":31,"endColumn":26},"tokenRange":{"beginToken":{"kind":94,"text":"addProperty"},"endToken":{"kind":94,"text":"addProperty"}},"identifier":"addProperty"},"scope":{"!":"com.github.javaparser.ast.expr.NameExpr","range":{"beginLine":31,"beginColumn":5,"endLine":31,"endColumn":14},"tokenRange":{"beginToken":{"kind":94,"text":"referenced"},"endToken":{"kind":94,"text":"referenced"}},"name":{"!":"com.github.javaparser.ast.expr.SimpleName","range":{"beginLine":31,"beginColumn":5,"endLine":31,"endColumn":14},"tokenRange":{"beginToken":{"kind":94,"text":"referenced"},"endToken":{"kind":94,"text":"referenced"}},"identifier":"referenced"}}}}]}}]}}]},"type":{"!":"com.github.javaparser.ast.type.VoidType","range":{"beginLine":2,"beginColumn":10,"endLine":2,"endColumn":13},"tokenRange":{"beginToken":{"kind":62,"text":"void"},"endToken":{"kind":62,"text":"void"}},"annotations":[]},"modifiers":[{"!":"com.github.javaparser.ast.Modifier","range":{"beginLine":2,"beginColumn":2,"endLine":2,"endColumn":8},"tokenRange":{"beginToken":{"kind":45,"text":"private"},"endToken":{"kind":45,"text":"private"}},"keyword":"PRIVATE"}],"name":{"!":"com.github.javaparser.ast.expr.SimpleName","range":{"beginLine":2,"beginColumn":15,"endLine":2,"endColumn":23},"tokenRange":{"beginToken":{"kind":94,"text":"bindIndex"},"endToken":{"kind":94,"text":"bindIndex"}},"identifier":"bindIndex"},"parameters":[{"!":"com.github.javaparser.ast.body.Parameter","range":{"beginLine":2,"beginColumn":25,"endLine":2,"endColumn":47},"tokenRange":{"beginToken":{"kind":29,"text":"final"},"endToken":{"kind":94,"text":"mappings"}},"annotations":[],"isVarArgs":"false","modifiers":[{"!":"com.github.javaparser.ast.Modifier","range":{"beginLine":2,"beginColumn":25,"endLine":2,"endColumn":29},"tokenRange":{"beginToken":{"kind":29,"text":"final"},"endToken":{"kind":29,"text":"final"}},"keyword":"FINAL"}],"name":{"!":"com.github.javaparser.ast.expr.SimpleName","range":{"beginLine":2,"beginColumn":40,"endLine":2,"endColumn":47},"tokenRange":{"beginToken":{"kind":94,"text":"mappings"},"endToken":{"kind":94,"text":"mappings"}},"identifier":"mappings"},"type":{"!":"com.github.javaparser.ast.type.ClassOrInterfaceType","range":{"beginLine":2,"beginColumn":31,"endLine":2,"endColumn":38},"tokenRange":{"beginToken":{"kind":94,"text":"Mappings"},"endToken":{"kind":94,"text":"Mappings"}},"name":{"!":"com.github.javaparser.ast.expr.SimpleName","range":{"beginLine":2,"beginColumn":31,"endLine":2,"endColumn":38},"tokenRange":{"beginToken":{"kind":94,"text":"Mappings"},"endToken":{"kind":94,"text":"Mappings"}},"identifier":"Mappings"},"annotations":[]},"varArgsAnnotations":[]}],"thrownExceptions":[],"typeParameters":[],"annotations":[]}],"modifiers":[],"name":{"!":"com.github.javaparser.ast.expr.SimpleName","range":{"beginLine":1,"beginColumn":7,"endLine":1,"endColumn":10},"tokenRange":{"beginToken":{"kind":94,"text":"Test"},"endToken":{"kind":94,"text":"Test"}},"identifier":"Test"},"annotations":[]}]}