{"!":"com.github.javaparser.ast.CompilationUnit","range":{"beginLine":1,"beginColumn":1,"endLine":43,"endColumn":2},"tokenRange":{"beginToken":{"kind":19,"text":"class"},"endToken":{"kind":0,"text":""}},"imports":[],"types":[{"!":"com.github.javaparser.ast.body.ClassOrInterfaceDeclaration","range":{"beginLine":1,"beginColumn":1,"endLine":43,"endColumn":2},"tokenRange":{"beginToken":{"kind":19,"text":"class"},"endToken":{"kind":100,"text":"}"}},"extendedTypes":[],"implementedTypes":[],"isInterface":"false","typeParameters":[],"members":[{"!":"com.github.javaparser.ast.body.MethodDeclaration","range":{"beginLine":2,"beginColumn":2,"endLine":41,"endColumn":2},"tokenRange":{"beginToken":{"kind":107,"text":"@"},"endToken":{"kind":100,"text":"}"}},"body":{"!":"com.github.javaparser.ast.stmt.BlockStmt","range":{"beginLine":3,"beginColumn":64,"endLine":41,"endColumn":2},"tokenRange":{"beginToken":{"kind":99,"text":"{"},"endToken":{"kind":100,"text":"}"}},"statements":[{"!":"com.github.javaparser.ast.stmt.ExpressionStmt","range":{"beginLine":4,"beginColumn":3,"endLine":4,"endColumn":78},"tokenRange":{"beginToken":{"kind":94,"text":"CollectionListeners"},"endToken":{"kind":103,"text":";"}},"expression":{"!":"com.github.javaparser.ast.expr.VariableDeclarationExpr","range":{"beginLine":4,"beginColumn":3,"endLine":4,"endColumn":77},"tokenRange":{"beginToken":{"kind":94,"text":"CollectionListeners"},"endToken":{"kind":98,"text":")"}},"annotations":[],"modifiers":[],"variables":[{"!":"com.github.javaparser.ast.body.VariableDeclarator","range":{"beginLine":4,"beginColumn":23,"endLine":4,"endColumn":77},"tokenRange":{"beginToken":{"kind":94,"text":"listeners"},"endToken":{"kind":98,"text":")"}},"initializer":{"!":"com.github.javaparser.ast.expr.ObjectCreationExpr","range":{"beginLine":4,"beginColumn":35,"endLine":4,"endColumn":77},"tokenRange":{"beginToken":{"kind":42,"text":"new"},"endToken":{"kind":98,"text":")"}},"arguments":[{"!":"com.github.javaparser.ast.expr.MethodCallExpr","range":{"beginLine":4,"beginColumn":60,"endLine":4,"endColumn":75},"tokenRange":{"beginToken":{"kind":94,"text":"sessionFactory"},"endToken":{"kind":98,"text":")"}},"arguments":[],"name":{"!":"com.github.javaparser.ast.expr.SimpleName","range":{"beginLine":4,"beginColumn":60,"endLine":4,"endColumn":73},"tokenRange":{"beginToken":{"kind":94,"text":"sessionFactory"},"endToken":{"kind":94,"text":"sessionFactory"}},"identifier":"sessionFactory"}}],"type":{"!":"com.github.javaparser.ast.type.ClassOrInterfaceType","range":{"beginLine":4,"beginColumn":39,"endLine":4,"endColumn":57},"tokenRange":{"beginToken":{"kind":94,"text":"CollectionListeners"},"endToken":{"kind":94,"text":"CollectionListeners"}},"name":{"!":"com.github.javaparser.ast.expr.SimpleName","range":{"beginLine":4,"beginColumn":39,"endLine":4,"endColumn":57},"tokenRange":{"beginToken":{"kind":94,"text":"CollectionListeners"},"endToken":{"kind":94,"text":"CollectionListeners"}},"identifier":"CollectionListeners"},"annotations":[]}},"name":{"!":"com.github.javaparser.ast.expr.SimpleName","range":{"beginLine":4,"beginColumn":23,"endLine":4,"endColumn":31},"tokenRange":{"beginToken":{"kind":94,"text":"listeners"},"endToken":{"kind":94,"text":"listeners"}},"identifier":"listeners"},"type":{"!":"com.github.javaparser.ast.type.ClassOrInterfaceType","range":{"beginLine":4,"beginColumn":3,"endLine":4,"endColumn":21},"tokenRange":{"beginToken":{"kind":94,"text":"CollectionListeners"},"endToken":{"kind":94,"text":"CollectionListeners"}},"name":{"!":"com.github.javaparser.ast.expr.SimpleName","range":{"beginLine":4,"beginColumn":3,"endLine":4,"endColumn":21},"tokenRange":{"beginToken":{"kind":94,"text":"CollectionListeners"},"endToken":{"kind":94,"text":"CollectionListeners"}},"identifier":"CollectionListeners"},"annotations":[]}}]}},{"!":"com.github.javaparser.ast.stmt.ExpressionStmt","range":{"beginLine":5,"beginColumn":3,"endLine":5,"endColumn":78},"tokenRange":{"beginToken":{"kind":94,"text":"ParentWithCollection"},"endToken":{"kind":103,"text":";"}},"expression":{"!":"com.github.javaparser.ast.expr.VariableDeclarationExpr","range":{"beginLine":5,"beginColumn":3,"endLine":5,"endColumn":77},"tokenRange":{"beginToken":{"kind":94,"text":"ParentWithCollection"},"endToken":{"kind":98,"text":")"}},"annotations":[],"modifiers":[],"variables":[{"!":"com.github.javaparser.ast.body.VariableDeclarator","range":{"beginLine":5,"beginColumn":24,"endLine":5,"endColumn":77},"tokenRange":{"beginToken":{"kind":94,"text":"parent"},"endToken":{"kind":98,"text":")"}},"initializer":{"!":"com.github.javaparser.ast.expr.MethodCallExpr","range":{"beginLine":5,"beginColumn":33,"endLine":5,"endColumn":77},"tokenRange":{"beginToken":{"kind":94,"text":"createParentWithOneChild"},"endToken":{"kind":98,"text":")"}},"arguments":[{"!":"com.github.javaparser.ast.expr.StringLiteralExpr","range":{"beginLine":5,"beginColumn":59,"endLine":5,"endColumn":66},"tokenRange":{"beginToken":{"kind":90,"text":"\"parent\""},"endToken":{"kind":90,"text":"\"parent\""}},"value":"parent"},{"!":"com.github.javaparser.ast.expr.StringLiteralExpr","range":{"beginLine":5,"beginColumn":69,"endLine":5,"endColumn":75},"tokenRange":{"beginToken":{"kind":90,"text":"\"child\""},"endToken":{"kind":90,"text":"\"child\""}},"value":"child"}],"name":{"!":"com.github.javaparser.ast.expr.SimpleName","range":{"beginLine":5,"beginColumn":33,"endLine":5,"endColumn":56},"tokenRange":{"beginToken":{"kind":94,"text":"createParentWithOneChild"},"endToken":{"kind":94,"text":"createParentWithOneChild"}},"identifier":"createParentWithOneChild"}},"name":{"!":"com.github.javaparser.ast.expr.SimpleName","range":{"beginLine":5,"beginColumn":24,"endLine":5,"endColumn":29},"tokenRange":{"beginToken":{"kind":94,"text":"parent"},"endToken":{"kind":94,"text":"parent"}},"identifier":"parent"},"type":{"!":"com.github.javaparser.ast.type.ClassOrInterfaceType","range":{"beginLine":5,"beginColumn":3,"endLine":5,"endColumn":22},"tokenRange":{"beginToken":{"kind":94,"text":"ParentWithCollection"},"endToken":{"kind":94,"text":"ParentWithCollection"}},"name":{"!":"com.github.javaparser.ast.expr.SimpleName","range":{"beginLine":5,"beginColumn":3,"endLine":5,"endColumn":22},"tokenRange":{"beginToken":{"kind":94,"text":"ParentWithCollection"},"endToken":{"kind":94,"text":"ParentWithCollection"}},"identifier":"ParentWithCollection"},"annotations":[]}}]}},{"!":"com.github.javaparser.ast.stmt.ExpressionStmt","range":{"beginLine":6,"beginColumn":3,"endLine":6,"endColumn":68},"tokenRange":{"beginToken":{"kind":94,"text":"Child"},"endToken":{"kind":103,"text":";"}},"expression":{"!":"com.github.javaparser.ast.expr.VariableDeclarationExpr","range":{"beginLine":6,"beginColumn":3,"endLine":6,"endColumn":67},"tokenRange":{"beginToken":{"kind":94,"text":"Child"},"endToken":{"kind":98,"text":")"}},"annotations":[],"modifiers":[],"variables":[{"!":"com.github.javaparser.ast.body.VariableDeclarator","range":{"beginLine":6,"beginColumn":9,"endLine":6,"endColumn":67},"tokenRange":{"beginToken":{"kind":94,"text":"oldChild"},"endToken":{"kind":98,"text":")"}},"initializer":{"!":"com.github.javaparser.ast.expr.CastExpr","range":{"beginLine":6,"beginColumn":20,"endLine":6,"endColumn":67},"tokenRange":{"beginToken":{"kind":97,"text":"("},"endToken":{"kind":98,"text":")"}},"expression":{"!":"com.github.javaparser.ast.expr.MethodCallExpr","range":{"beginLine":6,"beginColumn":30,"endLine":6,"endColumn":67},"tokenRange":{"beginToken":{"kind":94,"text":"parent"},"endToken":{"kind":98,"text":")"}},"arguments":[],"name":{"!":"com.github.javaparser.ast.expr.SimpleName","range":{"beginLine":6,"beginColumn":62,"endLine":6,"endColumn":65},"tokenRange":{"beginToken":{"kind":94,"text":"next"},"endToken":{"kind":94,"text":"next"}},"identifier":"next"},"scope":{"!":"com.github.javaparser.ast.expr.MethodCallExpr","range":{"beginLine":6,"beginColumn":30,"endLine":6,"endColumn":60},"tokenRange":{"beginToken":{"kind":94,"text":"parent"},"endToken":{"kind":98,"text":")"}},"arguments":[],"name":{"!":"com.github.javaparser.ast.expr.SimpleName","range":{"beginLine":6,"beginColumn":51,"endLine":6,"endColumn":58},"tokenRange":{"beginToken":{"kind":94,"text":"iterator"},"endToken":{"kind":94,"text":"iterator"}},"identifier":"iterator"},"scope":{"!":"com.github.javaparser.ast.expr.MethodCallExpr","range":{"beginLine":6,"beginColumn":30,"endLine":6,"endColumn":49},"tokenRange":{"beginToken":{"kind":94,"text":"parent"},"endToken":{"kind":98,"text":")"}},"arguments":[],"name":{"!":"com.github.javaparser.ast.expr.SimpleName","range":{"beginLine":6,"beginColumn":37,"endLine":6,"endColumn":47},"tokenRange":{"beginToken":{"kind":94,"text":"getChildren"},"endToken":{"kind":94,"text":"getChildren"}},"identifier":"getChildren"},"scope":{"!":"com.github.javaparser.ast.expr.NameExpr","range":{"beginLine":6,"beginColumn":30,"endLine":6,"endColumn":35},"tokenRange":{"beginToken":{"kind":94,"text":"parent"},"endToken":{"kind":94,"text":"parent"}},"name":{"!":"com.github.javaparser.ast.expr.SimpleName","range":{"beginLine":6,"beginColumn":30,"endLine":6,"endColumn":35},"tokenRange":{"beginToken":{"kind":94,"text":"parent"},"endToken":{"kind":94,"text":"parent"}},"identifier":"parent"}}}}},"type":{"!":"com.github.javaparser.ast.type.ClassOrInterfaceType","range":{"beginLine":6,"beginColumn":22,"endLine":6,"endColumn":26},"tokenRange":{"beginToken":{"kind":94,"text":"Child"},"endToken":{"kind":94,"text":"Child"}},"name":{"!":"com.github.javaparser.ast.expr.SimpleName","range":{"beginLine":6,"beginColumn":22,"endLine":6,"endColumn":26},"tokenRange":{"beginToken":{"kind":94,"text":"Child"},"endToken":{"kind":94,"text":"Child"}},"identifier":"Child"},"annotations":[]}},"name":{"!":"com.github.javaparser.ast.expr.SimpleName","range":{"beginLine":6,"beginColumn":9,"endLine":6,"endColumn":16},"tokenRange":{"beginToken":{"kind":94,"text":"oldChild"},"endToken":{"kind":94,"text":"oldChild"}},"identifier":"oldChild"},"type":{"!":"com.github.javaparser.ast.type.ClassOrInterfaceType","range":{"beginLine":6,"beginColumn":3,"endLine":6,"endColumn":7},"tokenRange":{"beginToken":{"kind":94,"text":"Child"},"endToken":{"kind":94,"text":"Child"}},"name":{"!":"com.github.javaparser.ast.expr.SimpleName","range":{"beginLine":6,"beginColumn":3,"endLine":6,"endColumn":7},"tokenRange":{"beginToken":{"kind":94,"text":"Child"},"endToken":{"kind":94,"text":"Child"}},"identifier":"Child"},"annotations":[]}}]}},{"!":"com.github.javaparser.ast.stmt.ExpressionStmt","range":{"beginLine":7,"beginColumn":3,"endLine":7,"endColumn":20},"tokenRange":{"beginToken":{"kind":94,"text":"listeners"},"endToken":{"kind":103,"text":";"}},"expression":{"!":"com.github.javaparser.ast.expr.MethodCallExpr","range":{"beginLine":7,"beginColumn":3,"endLine":7,"endColumn":19},"tokenRange":{"beginToken":{"kind":94,"text":"listeners"},"endToken":{"kind":98,"text":")"}},"arguments":[],"name":{"!":"com.github.javaparser.ast.expr.SimpleName","range":{"beginLine":7,"beginColumn":13,"endLine":7,"endColumn":17},"tokenRange":{"beginToken":{"kind":94,"text":"clear"},"endToken":{"kind":94,"text":"clear"}},"identifier":"clear"},"scope":{"!":"com.github.javaparser.ast.expr.NameExpr","range":{"beginLine":7,"beginColumn":3,"endLine":7,"endColumn":11},"tokenRange":{"beginToken":{"kind":94,"text":"listeners"},"endToken":{"kind":94,"text":"listeners"}},"name":{"!":"com.github.javaparser.ast.expr.SimpleName","range":{"beginLine":7,"beginColumn":3,"endLine":7,"endColumn":11},"tokenRange":{"beginToken":{"kind":94,"text":"listeners"},"endToken":{"kind":94,"text":"listeners"}},"identifier":"listeners"}}}},{"!":"com.github.javaparser.ast.stmt.ExpressionStmt","range":{"beginLine":8,"beginColumn":3,"endLine":8,"endColumn":49},"tokenRange":{"beginToken":{"kind":94,"text":"assertEquals"},"endToken":{"kind":103,"text":";"}},"expression":{"!":"com.github.javaparser.ast.expr.MethodCallExpr","range":{"beginLine":8,"beginColumn":3,"endLine":8,"endColumn":48},"tokenRange":{"beginToken":{"kind":94,"text":"assertEquals"},"endToken":{"kind":98,"text":")"}},"arguments":[{"!":"com.github.javaparser.ast.expr.IntegerLiteralExpr","range":{"beginLine":8,"beginColumn":17,"endLine":8,"endColumn":17},"tokenRange":{"beginToken":{"kind":77,"text":"1"},"endToken":{"kind":77,"text":"1"}},"value":"1"},{"!":"com.github.javaparser.ast.expr.MethodCallExpr","range":{"beginLine":8,"beginColumn":20,"endLine":8,"endColumn":46},"tokenRange":{"beginToken":{"kind":94,"text":"parent"},"endToken":{"kind":98,"text":")"}},"arguments":[],"name":{"!":"com.github.javaparser.ast.expr.SimpleName","range":{"beginLine":8,"beginColumn":41,"endLine":8,"endColumn":44},"tokenRange":{"beginToken":{"kind":94,"text":"size"},"endToken":{"kind":94,"text":"size"}},"identifier":"size"},"scope":{"!":"com.github.javaparser.ast.expr.MethodCallExpr","range":{"beginLine":8,"beginColumn":20,"endLine":8,"endColumn":39},"tokenRange":{"beginToken":{"kind":94,"text":"parent"},"endToken":{"kind":98,"text":")"}},"arguments":[],"name":{"!":"com.github.javaparser.ast.expr.SimpleName","range":{"beginLine":8,"beginColumn":27,"endLine":8,"endColumn":37},"tokenRange":{"beginToken":{"kind":94,"text":"getChildren"},"endToken":{"kind":94,"text":"getChildren"}},"identifier":"getChildren"},"scope":{"!":"com.github.javaparser.ast.expr.NameExpr","range":{"beginLine":8,"beginColumn":20,"endLine":8,"endColumn":25},"tokenRange":{"beginToken":{"kind":94,"text":"parent"},"endToken":{"kind":94,"text":"parent"}},"name":{"!":"com.github.javaparser.ast.expr.SimpleName","range":{"beginLine":8,"beginColumn":20,"endLine":8,"endColumn":25},"tokenRange":{"beginToken":{"kind":94,"text":"parent"},"endToken":{"kind":94,"text":"parent"}},"identifier":"parent"}}}}],"name":{"!":"com.github.javaparser.ast.expr.SimpleName","range":{"beginLine":8,"beginColumn":3,"endLine":8,"endColumn":14},"tokenRange":{"beginToken":{"kind":94,"text":"assertEquals"},"endToken":{"kind":94,"text":"assertEquals"}},"identifier":"assertEquals"}}},{"!":"com.github.javaparser.ast.stmt.ExpressionStmt","range":{"beginLine":9,"beginColumn":3,"endLine":9,"endColumn":28},"tokenRange":{"beginToken":{"kind":94,"text":"Session"},"endToken":{"kind":103,"text":";"}},"expression":{"!":"com.github.javaparser.ast.expr.VariableDeclarationExpr","range":{"beginLine":9,"beginColumn":3,"endLine":9,"endColumn":27},"tokenRange":{"beginToken":{"kind":94,"text":"Session"},"endToken":{"kind":98,"text":")"}},"annotations":[],"modifiers":[],"variables":[{"!":"com.github.javaparser.ast.body.VariableDeclarator","range":{"beginLine":9,"beginColumn":11,"endLine":9,"endColumn":27},"tokenRange":{"beginToken":{"kind":94,"text":"s"},"endToken":{"kind":98,"text":")"}},"initializer":{"!":"com.github.javaparser.ast.expr.MethodCallExpr","range":{"beginLine":9,"beginColumn":15,"endLine":9,"endColumn":27},"tokenRange":{"beginToken":{"kind":94,"text":"openSession"},"endToken":{"kind":98,"text":")"}},"arguments":[],"name":{"!":"com.github.javaparser.ast.expr.SimpleName","range":{"beginLine":9,"beginColumn":15,"endLine":9,"endColumn":25},"tokenRange":{"beginToken":{"kind":94,"text":"openSession"},"endToken":{"kind":94,"text":"openSession"}},"identifier":"openSession"}},"name":{"!":"com.github.javaparser.ast.expr.SimpleName","range":{"beginLine":9,"beginColumn":11,"endLine":9,"endColumn":11},"tokenRange":{"beginToken":{"kind":94,"text":"s"},"endToken":{"kind":94,"text":"s"}},"identifier":"s"},"type":{"!":"com.github.javaparser.ast.type.ClassOrInterfaceType","range":{"beginLine":9,"beginColumn":3,"endLine":9,"endColumn":9},"tokenRange":{"beginToken":{"kind":94,"text":"Session"},"endToken":{"kind":94,"text":"Session"}},"name":{"!":"com.github.javaparser.ast.expr.SimpleName","range":{"beginLine":9,"beginColumn":3,"endLine":9,"endColumn":9},"tokenRange":{"beginToken":{"kind":94,"text":"Session"},"endToken":{"kind":94,"text":"Session"}},"identifier":"Session"},"annotations":[]}}]}},{"!":"com.github.javaparser.ast.stmt.ExpressionStmt","range":{"beginLine":10,"beginColumn":3,"endLine":10,"endColumn":40},"tokenRange":{"beginToken":{"kind":94,"text":"Transaction"},"endToken":{"kind":103,"text":";"}},"expression":{"!":"com.github.javaparser.ast.expr.VariableDeclarationExpr","range":{"beginLine":10,"beginColumn":3,"endLine":10,"endColumn":39},"tokenRange":{"beginToken":{"kind":94,"text":"Transaction"},"endToken":{"kind":98,"text":")"}},"annotations":[],"modifiers":[],"variables":[{"!":"com.github.javaparser.ast.body.VariableDeclarator","range":{"beginLine":10,"beginColumn":15,"endLine":10,"endColumn":39},"tokenRange":{"beginToken":{"kind":94,"text":"tx"},"endToken":{"kind":98,"text":")"}},"initializer":{"!":"com.github.javaparser.ast.expr.MethodCallExpr","range":{"beginLine":10,"beginColumn":20,"endLine":10,"endColumn":39},"tokenRange":{"beginToken":{"kind":94,"text":"s"},"endToken":{"kind":98,"text":")"}},"arguments":[],"name":{"!":"com.github.javaparser.ast.expr.SimpleName","range":{"beginLine":10,"beginColumn":22,"endLine":10,"endColumn":37},"tokenRange":{"beginToken":{"kind":94,"text":"beginTransaction"},"endToken":{"kind":94,"text":"beginTransaction"}},"identifier":"beginTransaction"},"scope":{"!":"com.github.javaparser.ast.expr.NameExpr","range":{"beginLine":10,"beginColumn":20,"endLine":10,"endColumn":20},"tokenRange":{"beginToken":{"kind":94,"text":"s"},"endToken":{"kind":94,"text":"s"}},"name":{"!":"com.github.javaparser.ast.expr.SimpleName","range":{"beginLine":10,"beginColumn":20,"endLine":10,"endColumn":20},"tokenRange":{"beginToken":{"kind":94,"text":"s"},"endToken":{"kind":94,"text":"s"}},"identifier":"s"}}},"name":{"!":"com.github.javaparser.ast.expr.SimpleName","range":{"beginLine":10,"beginColumn":15,"endLine":10,"endColumn":16},"tokenRange":{"beginToken":{"kind":94,"text":"tx"},"endToken":{"kind":94,"text":"tx"}},"identifier":"tx"},"type":{"!":"com.github.javaparser.ast.type.ClassOrInterfaceType","range":{"beginLine":10,"beginColumn":3,"endLine":10,"endColumn":13},"tokenRange":{"beginToken":{"kind":94,"text":"Transaction"},"endToken":{"kind":94,"text":"Transaction"}},"name":{"!":"com.github.javaparser.ast.expr.SimpleName","range":{"beginLine":10,"beginColumn":3,"endLine":10,"endColumn":13},"tokenRange":{"beginToken":{"kind":94,"text":"Transaction"},"endToken":{"kind":94,"text":"Transaction"}},"identifier":"Transaction"},"annotations":[]}}]}},{"!":"com.github.javaparser.ast.stmt.ExpressionStmt","range":{"beginLine":11,"beginColumn":3,"endLine":11,"endColumn":79},"tokenRange":{"beginToken":{"kind":94,"text":"parent"},"endToken":{"kind":103,"text":";"}},"expression":{"!":"com.github.javaparser.ast.expr.AssignExpr","range":{"beginLine":11,"beginColumn":3,"endLine":11,"endColumn":78},"tokenRange":{"beginToken":{"kind":94,"text":"parent"},"endToken":{"kind":98,"text":")"}},"operator":"ASSIGN","target":{"!":"com.github.javaparser.ast.expr.NameExpr","range":{"beginLine":11,"beginColumn":3,"endLine":11,"endColumn":8},"tokenRange":{"beginToken":{"kind":94,"text":"parent"},"endToken":{"kind":94,"text":"parent"}},"name":{"!":"com.github.javaparser.ast.expr.SimpleName","range":{"beginLine":11,"beginColumn":3,"endLine":11,"endColumn":8},"tokenRange":{"beginToken":{"kind":94,"text":"parent"},"endToken":{"kind":94,"text":"parent"}},"identifier":"parent"}},"value":{"!":"com.github.javaparser.ast.expr.CastExpr","range":{"beginLine":11,"beginColumn":12,"endLine":11,"endColumn":78},"tokenRange":{"beginToken":{"kind":97,"text":"("},"endToken":{"kind":98,"text":")"}},"expression":{"!":"com.github.javaparser.ast.expr.MethodCallExpr","range":{"beginLine":11,"beginColumn":37,"endLine":11,"endColumn":78},"tokenRange":{"beginToken":{"kind":94,"text":"s"},"endToken":{"kind":98,"text":")"}},"arguments":[{"!":"com.github.javaparser.ast.expr.MethodCallExpr","range":{"beginLine":11,"beginColumn":44,"endLine":11,"endColumn":60},"tokenRange":{"beginToken":{"kind":94,"text":"parent"},"endToken":{"kind":98,"text":")"}},"arguments":[],"name":{"!":"com.github.javaparser.ast.expr.SimpleName","range":{"beginLine":11,"beginColumn":51,"endLine":11,"endColumn":58},"tokenRange":{"beginToken":{"kind":94,"text":"getClass"},"endToken":{"kind":94,"text":"getClass"}},"identifier":"getClass"},"scope":{"!":"com.github.javaparser.ast.expr.NameExpr","range":{"beginLine":11,"beginColumn":44,"endLine":11,"endColumn":49},"tokenRange":{"beginToken":{"kind":94,"text":"parent"},"endToken":{"kind":94,"text":"parent"}},"name":{"!":"com.github.javaparser.ast.expr.SimpleName","range":{"beginLine":11,"beginColumn":44,"endLine":11,"endColumn":49},"tokenRange":{"beginToken":{"kind":94,"text":"parent"},"endToken":{"kind":94,"text":"parent"}},"identifier":"parent"}}},{"!":"com.github.javaparser.ast.expr.MethodCallExpr","range":{"beginLine":11,"beginColumn":63,"endLine":11,"endColumn":76},"tokenRange":{"beginToken":{"kind":94,"text":"parent"},"endToken":{"kind":98,"text":")"}},"arguments":[],"name":{"!":"com.github.javaparser.ast.expr.SimpleName","range":{"beginLine":11,"beginColumn":70,"endLine":11,"endColumn":74},"tokenRange":{"beginToken":{"kind":94,"text":"getId"},"endToken":{"kind":94,"text":"getId"}},"identifier":"getId"},"scope":{"!":"com.github.javaparser.ast.expr.NameExpr","range":{"beginLine":11,"beginColumn":63,"endLine":11,"endColumn":68},"tokenRange":{"beginToken":{"kind":94,"text":"parent"},"endToken":{"kind":94,"text":"parent"}},"name":{"!":"com.github.javaparser.ast.expr.SimpleName","range":{"beginLine":11,"beginColumn":63,"endLine":11,"endColumn":68},"tokenRange":{"beginToken":{"kind":94,"text":"parent"},"endToken":{"kind":94,"text":"parent"}},"identifier":"parent"}}}],"name":{"!":"com.github.javaparser.ast.expr.SimpleName","range":{"beginLine":11,"beginColumn":39,"endLine":11,"endColumn":41},"tokenRange":{"beginToken":{"kind":94,"text":"get"},"endToken":{"kind":94,"text":"get"}},"identifier":"get"},"scope":{"!":"com.github.javaparser.ast.expr.NameExpr","range":{"beginLine":11,"beginColumn":37,"endLine":11,"endColumn":37},"tokenRange":{"beginToken":{"kind":94,"text":"s"},"endToken":{"kind":94,"text":"s"}},"name":{"!":"com.github.javaparser.ast.expr.SimpleName","range":{"beginLine":11,"beginColumn":37,"endLine":11,"endColumn":37},"tokenRange":{"beginToken":{"kind":94,"text":"s"},"endToken":{"kind":94,"text":"s"}},"identifier":"s"}}},"type":{"!":"com.github.javaparser.ast.type.ClassOrInterfaceType","range":{"beginLine":11,"beginColumn":14,"endLine":11,"endColumn":33},"tokenRange":{"beginToken":{"kind":94,"text":"ParentWithCollection"},"endToken":{"kind":94,"text":"ParentWithCollection"}},"name":{"!":"com.github.javaparser.ast.expr.SimpleName","range":{"beginLine":11,"beginColumn":14,"endLine":11,"endColumn":33},"tokenRange":{"beginToken":{"kind":94,"text":"ParentWithCollection"},"endToken":{"kind":94,"text":"ParentWithCollection"}},"identifier":"ParentWithCollection"},"annotations":[]}}}},{"!":"com.github.javaparser.ast.stmt.IfStmt","range":{"beginLine":12,"beginColumn":3,"endLine":14,"endColumn":3},"tokenRange":{"beginToken":{"kind":34,"text":"if"},"endToken":{"kind":100,"text":"}"}},"condition":{"!":"com.github.javaparser.ast.expr.InstanceOfExpr","range":{"beginLine":12,"beginColumn":8,"endLine":12,"endColumn":33},"tokenRange":{"beginToken":{"kind":94,"text":"oldChild"},"endToken":{"kind":94,"text":"Entity"}},"expression":{"!":"com.github.javaparser.ast.expr.NameExpr","range":{"beginLine":12,"beginColumn":8,"endLine":12,"endColumn":15},"tokenRange":{"beginToken":{"kind":94,"text":"oldChild"},"endToken":{"kind":94,"text":"oldChild"}},"name":{"!":"com.github.javaparser.ast.expr.SimpleName","range":{"beginLine":12,"beginColumn":8,"endLine":12,"endColumn":15},"tokenRange":{"beginToken":{"kind":94,"text":"oldChild"},"endToken":{"kind":94,"text":"oldChild"}},"identifier":"oldChild"}},"type":{"!":"com.github.javaparser.ast.type.ClassOrInterfaceType","range":{"beginLine":12,"beginColumn":28,"endLine":12,"endColumn":33},"tokenRange":{"beginToken":{"kind":94,"text":"Entity"},"endToken":{"kind":94,"text":"Entity"}},"name":{"!":"com.github.javaparser.ast.expr.SimpleName","range":{"beginLine":12,"beginColumn":28,"endLine":12,"endColumn":33},"tokenRange":{"beginToken":{"kind":94,"text":"Entity"},"endToken":{"kind":94,"text":"Entity"}},"identifier":"Entity"},"annotations":[]}},"thenStmt":{"!":"com.github.javaparser.ast.stmt.BlockStmt","range":{"beginLine":12,"beginColumn":37,"endLine":14,"endColumn":3},"tokenRange":{"beginToken":{"kind":99,"text":"{"},"endToken":{"kind":100,"text":"}"}},"statements":[{"!":"com.github.javaparser.ast.stmt.ExpressionStmt","range":{"beginLine":13,"beginColumn":4,"endLine":13,"endColumn":85},"tokenRange":{"beginToken":{"kind":94,"text":"oldChild"},"endToken":{"kind":103,"text":";"}},"expression":{"!":"com.github.javaparser.ast.expr.AssignExpr","range":{"beginLine":13,"beginColumn":4,"endLine":13,"endColumn":84},"tokenRange":{"beginToken":{"kind":94,"text":"oldChild"},"endToken":{"kind":98,"text":")"}},"operator":"ASSIGN","target":{"!":"com.github.javaparser.ast.expr.NameExpr","range":{"beginLine":13,"beginColumn":4,"endLine":13,"endColumn":11},"tokenRange":{"beginToken":{"kind":94,"text":"oldChild"},"endToken":{"kind":94,"text":"oldChild"}},"name":{"!":"com.github.javaparser.ast.expr.SimpleName","range":{"beginLine":13,"beginColumn":4,"endLine":13,"endColumn":11},"tokenRange":{"beginToken":{"kind":94,"text":"oldChild"},"endToken":{"kind":94,"text":"oldChild"}},"identifier":"oldChild"}},"value":{"!":"com.github.javaparser.ast.expr.CastExpr","range":{"beginLine":13,"beginColumn":15,"endLine":13,"endColumn":84},"tokenRange":{"beginToken":{"kind":97,"text":"("},"endToken":{"kind":98,"text":")"}},"expression":{"!":"com.github.javaparser.ast.expr.MethodCallExpr","range":{"beginLine":13,"beginColumn":25,"endLine":13,"endColumn":84},"tokenRange":{"beginToken":{"kind":94,"text":"s"},"endToken":{"kind":98,"text":")"}},"arguments":[{"!":"com.github.javaparser.ast.expr.MethodCallExpr","range":{"beginLine":13,"beginColumn":32,"endLine":13,"endColumn":50},"tokenRange":{"beginToken":{"kind":94,"text":"oldChild"},"endToken":{"kind":98,"text":")"}},"arguments":[],"name":{"!":"com.github.javaparser.ast.expr.SimpleName","range":{"beginLine":13,"beginColumn":41,"endLine":13,"endColumn":48},"tokenRange":{"beginToken":{"kind":94,"text":"getClass"},"endToken":{"kind":94,"text":"getClass"}},"identifier":"getClass"},"scope":{"!":"com.github.javaparser.ast.expr.NameExpr","range":{"beginLine":13,"beginColumn":32,"endLine":13,"endColumn":39},"tokenRange":{"beginToken":{"kind":94,"text":"oldChild"},"endToken":{"kind":94,"text":"oldChild"}},"name":{"!":"com.github.javaparser.ast.expr.SimpleName","range":{"beginLine":13,"beginColumn":32,"endLine":13,"endColumn":39},"tokenRange":{"beginToken":{"kind":94,"text":"oldChild"},"endToken":{"kind":94,"text":"oldChild"}},"identifier":"oldChild"}}},{"!":"com.github.javaparser.ast.expr.MethodCallExpr","range":{"beginLine":13,"beginColumn":53,"endLine":13,"endColumn":82},"tokenRange":{"beginToken":{"kind":97,"text":"("},"endToken":{"kind":98,"text":")"}},"arguments":[],"name":{"!":"com.github.javaparser.ast.expr.SimpleName","range":{"beginLine":13,"beginColumn":76,"endLine":13,"endColumn":80},"tokenRange":{"beginToken":{"kind":94,"text":"getId"},"endToken":{"kind":94,"text":"getId"}},"identifier":"getId"},"scope":{"!":"com.github.javaparser.ast.expr.EnclosedExpr","range":{"beginLine":13,"beginColumn":53,"endLine":13,"endColumn":74},"tokenRange":{"beginToken":{"kind":97,"text":"("},"endToken":{"kind":98,"text":")"}},"inner":{"!":"com.github.javaparser.ast.expr.CastExpr","range":{"beginLine":13,"beginColumn":55,"endLine":13,"endColumn":73},"tokenRange":{"beginToken":{"kind":97,"text":"("},"endToken":{"kind":94,"text":"oldChild"}},"expression":{"!":"com.github.javaparser.ast.expr.NameExpr","range":{"beginLine":13,"beginColumn":66,"endLine":13,"endColumn":73},"tokenRange":{"beginToken":{"kind":94,"text":"oldChild"},"endToken":{"kind":94,"text":"oldChild"}},"name":{"!":"com.github.javaparser.ast.expr.SimpleName","range":{"beginLine":13,"beginColumn":66,"endLine":13,"endColumn":73},"tokenRange":{"beginToken":{"kind":94,"text":"oldChild"},"endToken":{"kind":94,"text":"oldChild"}},"identifier":"oldChild"}},"type":{"!":"com.github.javaparser.ast.type.ClassOrInterfaceType","range":{"beginLine":13,"beginColumn":57,"endLine":13,"endColumn":62},"tokenRange":{"beginToken":{"kind":94,"text":"Entity"},"endToken":{"kind":94,"text":"Entity"}},"name":{"!":"com.github.javaparser.ast.expr.SimpleName","range":{"beginLine":13,"beginColumn":57,"endLine":13,"endColumn":62},"tokenRange":{"beginToken":{"kind":94,"text":"Entity"},"endToken":{"kind":94,"text":"Entity"}},"identifier":"Entity"},"annotations":[]}}}}],"name":{"!":"com.github.javaparser.ast.expr.SimpleName","range":{"beginLine":13,"beginColumn":27,"endLine":13,"endColumn":29},"tokenRange":{"beginToken":{"kind":94,"text":"get"},"endToken":{"kind":94,"text":"get"}},"identifier":"get"},"scope":{"!":"com.github.javaparser.ast.expr.NameExpr","range":{"beginLine":13,"beginColumn":25,"endLine":13,"endColumn":25},"tokenRange":{"beginToken":{"kind":94,"text":"s"},"endToken":{"kind":94,"text":"s"}},"name":{"!":"com.github.javaparser.ast.expr.SimpleName","range":{"beginLine":13,"beginColumn":25,"endLine":13,"endColumn":25},"tokenRange":{"beginToken":{"kind":94,"text":"s"},"endToken":{"kind":94,"text":"s"}},"identifier":"s"}}},"type":{"!":"com.github.javaparser.ast.type.ClassOrInterfaceType","range":{"beginLine":13,"beginColumn":17,"endLine":13,"endColumn":21},"tokenRange":{"beginToken":{"kind":94,"text":"Child"},"endToken":{"kind":94,"text":"Child"}},"name":{"!":"com.github.javaparser.ast.expr.SimpleName","range":{"beginLine":13,"beginColumn":17,"endLine":13,"endColumn":21},"tokenRange":{"beginToken":{"kind":94,"text":"Child"},"endToken":{"kind":94,"text":"Child"}},"identifier":"Child"},"annotations":[]}}}}]}},{"!":"com.github.javaparser.ast.stmt.ExpressionStmt","range":{"beginLine":15,"beginColumn":3,"endLine":15,"endColumn":50},"tokenRange":{"beginToken":{"kind":94,"text":"Collection"},"endToken":{"kind":103,"text":";"}},"expression":{"!":"com.github.javaparser.ast.expr.VariableDeclarationExpr","range":{"beginLine":15,"beginColumn":3,"endLine":15,"endColumn":49},"tokenRange":{"beginToken":{"kind":94,"text":"Collection"},"endToken":{"kind":98,"text":")"}},"annotations":[],"modifiers":[],"variables":[{"!":"com.github.javaparser.ast.body.VariableDeclarator","range":{"beginLine":15,"beginColumn":14,"endLine":15,"endColumn":49},"tokenRange":{"beginToken":{"kind":94,"text":"oldCollection"},"endToken":{"kind":98,"text":")"}},"initializer":{"!":"com.github.javaparser.ast.expr.MethodCallExpr","range":{"beginLine":15,"beginColumn":30,"endLine":15,"endColumn":49},"tokenRange":{"beginToken":{"kind":94,"text":"parent"},"endToken":{"kind":98,"text":")"}},"arguments":[],"name":{"!":"com.github.javaparser.ast.expr.SimpleName","range":{"beginLine":15,"beginColumn":37,"endLine":15,"endColumn":47},"tokenRange":{"beginToken":{"kind":94,"text":"getChildren"},"endToken":{"kind":94,"text":"getChildren"}},"identifier":"getChildren"},"scope":{"!":"com.github.javaparser.ast.expr.NameExpr","range":{"beginLine":15,"beginColumn":30,"endLine":15,"endColumn":35},"tokenRange":{"beginToken":{"kind":94,"text":"parent"},"endToken":{"kind":94,"text":"parent"}},"name":{"!":"com.github.javaparser.ast.expr.SimpleName","range":{"beginLine":15,"beginColumn":30,"endLine":15,"endColumn":35},"tokenRange":{"beginToken":{"kind":94,"text":"parent"},"endToken":{"kind":94,"text":"parent"}},"identifier":"parent"}}},"name":{"!":"com.github.javaparser.ast.expr.SimpleName","range":{"beginLine":15,"beginColumn":14,"endLine":15,"endColumn":26},"tokenRange":{"beginToken":{"kind":94,"text":"oldCollection"},"endToken":{"kind":94,"text":"oldCollection"}},"identifier":"oldCollection"},"type":{"!":"com.github.javaparser.ast.type.ClassOrInterfaceType","range":{"beginLine":15,"beginColumn":3,"endLine":15,"endColumn":12},"tokenRange":{"beginToken":{"kind":94,"text":"Collection"},"endToken":{"kind":94,"text":"Collection"}},"name":{"!":"com.github.javaparser.ast.expr.SimpleName","range":{"beginLine":15,"beginColumn":3,"endLine":15,"endColumn":12},"tokenRange":{"beginToken":{"kind":94,"text":"Collection"},"endToken":{"kind":94,"text":"Collection"}},"identifier":"Collection"},"annotations":[]}}]}},{"!":"com.github.javaparser.ast.stmt.ExpressionStmt","range":{"beginLine":16,"beginColumn":3,"endLine":16,"endColumn":43},"tokenRange":{"beginToken":{"kind":94,"text":"parent"},"endToken":{"kind":103,"text":";"}},"expression":{"!":"com.github.javaparser.ast.expr.MethodCallExpr","range":{"beginLine":16,"beginColumn":3,"endLine":16,"endColumn":42},"tokenRange":{"beginToken":{"kind":94,"text":"parent"},"endToken":{"kind":98,"text":")"}},"arguments":[{"!":"com.github.javaparser.ast.expr.MethodCallExpr","range":{"beginLine":16,"beginColumn":23,"endLine":16,"endColumn":40},"tokenRange":{"beginToken":{"kind":94,"text":"createCollection"},"endToken":{"kind":98,"text":")"}},"arguments":[],"name":{"!":"com.github.javaparser.ast.expr.SimpleName","range":{"beginLine":16,"beginColumn":23,"endLine":16,"endColumn":38},"tokenRange":{"beginToken":{"kind":94,"text":"createCollection"},"endToken":{"kind":94,"text":"createCollection"}},"identifier":"createCollection"}}],"name":{"!":"com.github.javaparser.ast.expr.SimpleName","range":{"beginLine":16,"beginColumn":10,"endLine":16,"endColumn":20},"tokenRange":{"beginToken":{"kind":94,"text":"newChildren"},"endToken":{"kind":94,"text":"newChildren"}},"identifier":"newChildren"},"scope":{"!":"com.github.javaparser.ast.expr.NameExpr","range":{"beginLine":16,"beginColumn":3,"endLine":16,"endColumn":8},"tokenRange":{"beginToken":{"kind":94,"text":"parent"},"endToken":{"kind":94,"text":"parent"}},"name":{"!":"com.github.javaparser.ast.expr.SimpleName","range":{"beginLine":16,"beginColumn":3,"endLine":16,"endColumn":8},"tokenRange":{"beginToken":{"kind":94,"text":"parent"},"endToken":{"kind":94,"text":"parent"}},"identifier":"parent"}}}},{"!":"com.github.javaparser.ast.stmt.ExpressionStmt","range":{"beginLine":17,"beginColumn":3,"endLine":17,"endColumn":45},"tokenRange":{"beginToken":{"kind":94,"text":"Child"},"endToken":{"kind":103,"text":";"}},"expression":{"!":"com.github.javaparser.ast.expr.VariableDeclarationExpr","range":{"beginLine":17,"beginColumn":3,"endLine":17,"endColumn":44},"tokenRange":{"beginToken":{"kind":94,"text":"Child"},"endToken":{"kind":98,"text":")"}},"annotations":[],"modifiers":[],"variables":[{"!":"com.github.javaparser.ast.body.VariableDeclarator","range":{"beginLine":17,"beginColumn":9,"endLine":17,"endColumn":44},"tokenRange":{"beginToken":{"kind":94,"text":"newChild"},"endToken":{"kind":98,"text":")"}},"initializer":{"!":"com.github.javaparser.ast.expr.MethodCallExpr","range":{"beginLine":17,"beginColumn":20,"endLine":17,"endColumn":44},"tokenRange":{"beginToken":{"kind":94,"text":"parent"},"endToken":{"kind":98,"text":")"}},"arguments":[{"!":"com.github.javaparser.ast.expr.StringLiteralExpr","range":{"beginLine":17,"beginColumn":37,"endLine":17,"endColumn":42},"tokenRange":{"beginToken":{"kind":90,"text":"\"new1\""},"endToken":{"kind":90,"text":"\"new1\""}},"value":"new1"}],"name":{"!":"com.github.javaparser.ast.expr.SimpleName","range":{"beginLine":17,"beginColumn":27,"endLine":17,"endColumn":34},"tokenRange":{"beginToken":{"kind":94,"text":"addChild"},"endToken":{"kind":94,"text":"addChild"}},"identifier":"addChild"},"scope":{"!":"com.github.javaparser.ast.expr.NameExpr","range":{"beginLine":17,"beginColumn":20,"endLine":17,"endColumn":25},"tokenRange":{"beginToken":{"kind":94,"text":"parent"},"endToken":{"kind":94,"text":"parent"}},"name":{"!":"com.github.javaparser.ast.expr.SimpleName","range":{"beginLine":17,"beginColumn":20,"endLine":17,"endColumn":25},"tokenRange":{"beginToken":{"kind":94,"text":"parent"},"endToken":{"kind":94,"text":"parent"}},"identifier":"parent"}}},"name":{"!":"com.github.javaparser.ast.expr.SimpleName","range":{"beginLine":17,"beginColumn":9,"endLine":17,"endColumn":16},"tokenRange":{"beginToken":{"kind":94,"text":"newChild"},"endToken":{"kind":94,"text":"newChild"}},"identifier":"newChild"},"type":{"!":"com.github.javaparser.ast.type.ClassOrInterfaceType","range":{"beginLine":17,"beginColumn":3,"endLine":17,"endColumn":7},"tokenRange":{"beginToken":{"kind":94,"text":"Child"},"endToken":{"kind":94,"text":"Child"}},"name":{"!":"com.github.javaparser.ast.expr.SimpleName","range":{"beginLine":17,"beginColumn":3,"endLine":17,"endColumn":7},"tokenRange":{"beginToken":{"kind":94,"text":"Child"},"endToken":{"kind":94,"text":"Child"}},"identifier":"Child"},"annotations":[]}}]}},{"!":"com.github.javaparser.ast.stmt.ExpressionStmt","range":{"beginLine":18,"beginColumn":3,"endLine":18,"endColumn":14},"tokenRange":{"beginToken":{"kind":94,"text":"tx"},"endToken":{"kind":103,"text":";"}},"expression":{"!":"com.github.javaparser.ast.expr.MethodCallExpr","range":{"beginLine":18,"beginColumn":3,"endLine":18,"endColumn":13},"tokenRange":{"beginToken":{"kind":94,"text":"tx"},"endToken":{"kind":98,"text":")"}},"arguments":[],"name":{"!":"com.github.javaparser.ast.expr.SimpleName","range":{"beginLine":18,"beginColumn":6,"endLine":18,"endColumn":11},"tokenRange":{"beginToken":{"kind":94,"text":"commit"},"endToken":{"kind":94,"text":"commit"}},"identifier":"commit"},"scope":{"!":"com.github.javaparser.ast.expr.NameExpr","range":{"beginLine":18,"beginColumn":3,"endLine":18,"endColumn":4},"tokenRange":{"beginToken":{"kind":94,"text":"tx"},"endToken":{"kind":94,"text":"tx"}},"name":{"!":"com.github.javaparser.ast.expr.SimpleName","range":{"beginLine":18,"beginColumn":3,"endLine":18,"endColumn":4},"tokenRange":{"beginToken":{"kind":94,"text":"tx"},"endToken":{"kind":94,"text":"tx"}},"identifier":"tx"}}}},{"!":"com.github.javaparser.ast.stmt.ExpressionStmt","range":{"beginLine":19,"beginColumn":3,"endLine":19,"endColumn":12},"tokenRange":{"beginToken":{"kind":94,"text":"s"},"endToken":{"kind":103,"text":";"}},"expression":{"!":"com.github.javaparser.ast.expr.MethodCallExpr","range":{"beginLine":19,"beginColumn":3,"endLine":19,"endColumn":11},"tokenRange":{"beginToken":{"kind":94,"text":"s"},"endToken":{"kind":98,"text":")"}},"arguments":[],"name":{"!":"com.github.javaparser.ast.expr.SimpleName","range":{"beginLine":19,"beginColumn":5,"endLine":19,"endColumn":9},"tokenRange":{"beginToken":{"kind":94,"text":"close"},"endToken":{"kind":94,"text":"close"}},"identifier":"close"},"scope":{"!":"com.github.javaparser.ast.expr.NameExpr","range":{"beginLine":19,"beginColumn":3,"endLine":19,"endColumn":3},"tokenRange":{"beginToken":{"kind":94,"text":"s"},"endToken":{"kind":94,"text":"s"}},"name":{"!":"com.github.javaparser.ast.expr.SimpleName","range":{"beginLine":19,"beginColumn":3,"endLine":19,"endColumn":3},"tokenRange":{"beginToken":{"kind":94,"text":"s"},"endToken":{"kind":94,"text":"s"}},"identifier":"s"}}}},{"!":"com.github.javaparser.ast.stmt.ExpressionStmt","range":{"beginLine":20,"beginColumn":3,"endLine":20,"endColumn":16},"tokenRange":{"beginToken":{"kind":38,"text":"int"},"endToken":{"kind":103,"text":";"}},"expression":{"!":"com.github.javaparser.ast.expr.VariableDeclarationExpr","range":{"beginLine":20,"beginColumn":3,"endLine":20,"endColumn":15},"tokenRange":{"beginToken":{"kind":38,"text":"int"},"endToken":{"kind":77,"text":"0"}},"annotations":[],"modifiers":[],"variables":[{"!":"com.github.javaparser.ast.body.VariableDeclarator","range":{"beginLine":20,"beginColumn":7,"endLine":20,"endColumn":15},"tokenRange":{"beginToken":{"kind":94,"text":"index"},"endToken":{"kind":77,"text":"0"}},"initializer":{"!":"com.github.javaparser.ast.expr.IntegerLiteralExpr","range":{"beginLine":20,"beginColumn":15,"endLine":20,"endColumn":15},"tokenRange":{"beginToken":{"kind":77,"text":"0"},"endToken":{"kind":77,"text":"0"}},"value":"0"},"name":{"!":"com.github.javaparser.ast.expr.SimpleName","range":{"beginLine":20,"beginColumn":7,"endLine":20,"endColumn":11},"tokenRange":{"beginToken":{"kind":94,"text":"index"},"endToken":{"kind":94,"text":"index"}},"identifier":"index"},"type":{"!":"com.github.javaparser.ast.type.PrimitiveType","range":{"beginLine":20,"beginColumn":3,"endLine":20,"endColumn":5},"tokenRange":{"beginToken":{"kind":38,"text":"int"},"endToken":{"kind":38,"text":"int"}},"type":"INT","annotations":[]}}]}},{"!":"com.github.javaparser.ast.stmt.IfStmt","range":{"beginLine":21,"beginColumn":3,"endLine":23,"endColumn":3},"tokenRange":{"beginToken":{"kind":34,"text":"if"},"endToken":{"kind":100,"text":"}"}},"condition":{"!":"com.github.javaparser.ast.expr.MethodCallExpr","range":{"beginLine":21,"beginColumn":8,"endLine":21,"endColumn":64},"tokenRange":{"beginToken":{"kind":97,"text":"("},"endToken":{"kind":98,"text":")"}},"arguments":[],"name":{"!":"com.github.javaparser.ast.expr.SimpleName","range":{"beginLine":21,"beginColumn":49,"endLine":21,"endColumn":62},"tokenRange":{"beginToken":{"kind":94,"text":"wasInitialized"},"endToken":{"kind":94,"text":"wasInitialized"}},"identifier":"wasInitialized"},"scope":{"!":"com.github.javaparser.ast.expr.EnclosedExpr","range":{"beginLine":21,"beginColumn":8,"endLine":21,"endColumn":47},"tokenRange":{"beginToken":{"kind":97,"text":"("},"endToken":{"kind":98,"text":")"}},"inner":{"!":"com.github.javaparser.ast.expr.CastExpr","range":{"beginLine":21,"beginColumn":10,"endLine":21,"endColumn":45},"tokenRange":{"beginToken":{"kind":97,"text":"("},"endToken":{"kind":94,"text":"oldCollection"}},"expression":{"!":"com.github.javaparser.ast.expr.NameExpr","range":{"beginLine":21,"beginColumn":33,"endLine":21,"endColumn":45},"tokenRange":{"beginToken":{"kind":94,"text":"oldCollection"},"endToken":{"kind":94,"text":"oldCollection"}},"name":{"!":"com.github.javaparser.ast.expr.SimpleName","range":{"beginLine":21,"beginColumn":33,"endLine":21,"endColumn":45},"tokenRange":{"beginToken":{"kind":94,"text":"oldCollection"},"endToken":{"kind":94,"text":"oldCollection"}},"identifier":"oldCollection"}},"type":{"!":"com.github.javaparser.ast.type.ClassOrInterfaceType","range":{"beginLine":21,"beginColumn":11,"endLine":21,"endColumn":30},"tokenRange":{"beginToken":{"kind":94,"text":"PersistentCollection"},"endToken":{"kind":94,"text":"PersistentCollection"}},"name":{"!":"com.github.javaparser.ast.expr.SimpleName","range":{"beginLine":21,"beginColumn":11,"endLine":21,"endColumn":30},"tokenRange":{"beginToken":{"kind":94,"text":"PersistentCollection"},"endToken":{"kind":94,"text":"PersistentCollection"}},"identifier":"PersistentCollection"},"annotations":[]}}}},"thenStmt":{"!":"com.github.javaparser.ast.stmt.BlockStmt","range":{"beginLine":21,"beginColumn":68,"endLine":23,"endColumn":3},"tokenRange":{"beginToken":{"kind":99,"text":"{"},"endToken":{"kind":100,"text":"}"}},"statements":[{"!":"com.github.javaparser.ast.stmt.ExpressionStmt","range":{"beginLine":22,"beginColumn":4,"endLine":22,"endColumn":105},"tokenRange":{"beginToken":{"kind":94,"text":"checkResult"},"endToken":{"kind":103,"text":";"}},"expression":{"!":"com.github.javaparser.ast.expr.MethodCallExpr","range":{"beginLine":22,"beginColumn":4,"endLine":22,"endColumn":104},"tokenRange":{"beginToken":{"kind":94,"text":"checkResult"},"endToken":{"kind":98,"text":")"}},"arguments":[{"!":"com.github.javaparser.ast.expr.NameExpr","range":{"beginLine":22,"beginColumn":17,"endLine":22,"endColumn":25},"tokenRange":{"beginToken":{"kind":94,"text":"listeners"},"endToken":{"kind":94,"text":"listeners"}},"name":{"!":"com.github.javaparser.ast.expr.SimpleName","range":{"beginLine":22,"beginColumn":17,"endLine":22,"endColumn":25},"tokenRange":{"beginToken":{"kind":94,"text":"listeners"},"endToken":{"kind":94,"text":"listeners"}},"identifier":"listeners"}},{"!":"com.github.javaparser.ast.expr.MethodCallExpr","range":{"beginLine":22,"beginColumn":28,"endLine":22,"endColumn":70},"tokenRange":{"beginToken":{"kind":94,"text":"listeners"},"endToken":{"kind":98,"text":")"}},"arguments":[],"name":{"!":"com.github.javaparser.ast.expr.SimpleName","range":{"beginLine":22,"beginColumn":38,"endLine":22,"endColumn":68},"tokenRange":{"beginToken":{"kind":94,"text":"getInitializeCollectionListener"},"endToken":{"kind":94,"text":"getInitializeCollectionListener"}},"identifier":"getInitializeCollectionListener"},"scope":{"!":"com.github.javaparser.ast.expr.NameExpr","range":{"beginLine":22,"beginColumn":28,"endLine":22,"endColumn":36},"tokenRange":{"beginToken":{"kind":94,"text":"listeners"},"endToken":{"kind":94,"text":"listeners"}},"name":{"!":"com.github.javaparser.ast.expr.SimpleName","range":{"beginLine":22,"beginColumn":28,"endLine":22,"endColumn":36},"tokenRange":{"beginToken":{"kind":94,"text":"listeners"},"endToken":{"kind":94,"text":"listeners"}},"identifier":"listeners"}}},{"!":"com.github.javaparser.ast.expr.NameExpr","range":{"beginLine":22,"beginColumn":73,"endLine":22,"endColumn":78},"tokenRange":{"beginToken":{"kind":94,"text":"parent"},"endToken":{"kind":94,"text":"parent"}},"name":{"!":"com.github.javaparser.ast.expr.SimpleName","range":{"beginLine":22,"beginColumn":73,"endLine":22,"endColumn":78},"tokenRange":{"beginToken":{"kind":94,"text":"parent"},"endToken":{"kind":94,"text":"parent"}},"identifier":"parent"}},{"!":"com.github.javaparser.ast.expr.NameExpr","range":{"beginLine":22,"beginColumn":81,"endLine":22,"endColumn":93},"tokenRange":{"beginToken":{"kind":94,"text":"oldCollection"},"endToken":{"kind":94,"text":"oldCollection"}},"name":{"!":"com.github.javaparser.ast.expr.SimpleName","range":{"beginLine":22,"beginColumn":81,"endLine":22,"endColumn":93},"tokenRange":{"beginToken":{"kind":94,"text":"oldCollection"},"endToken":{"kind":94,"text":"oldCollection"}},"identifier":"oldCollection"}},{"!":"com.github.javaparser.ast.expr.UnaryExpr","range":{"beginLine":22,"beginColumn":96,"endLine":22,"endColumn":102},"tokenRange":{"beginToken":{"kind":94,"text":"index"},"endToken":{"kind":122,"text":"++"}},"expression":{"!":"com.github.javaparser.ast.expr.NameExpr","range":{"beginLine":22,"beginColumn":96,"endLine":22,"endColumn":100},"tokenRange":{"beginToken":{"kind":94,"text":"index"},"endToken":{"kind":94,"text":"index"}},"name":{"!":"com.github.javaparser.ast.expr.SimpleName","range":{"beginLine":22,"beginColumn":96,"endLine":22,"endColumn":100},"tokenRange":{"beginToken":{"kind":94,"text":"index"},"endToken":{"kind":94,"text":"index"}},"identifier":"index"}},"operator":"POSTFIX_INCREMENT"}],"name":{"!":"com.github.javaparser.ast.expr.SimpleName","range":{"beginLine":22,"beginColumn":4,"endLine":22,"endColumn":14},"tokenRange":{"beginToken":{"kind":94,"text":"checkResult"},"endToken":{"kind":94,"text":"checkResult"}},"identifier":"checkResult"}}}]}},{"!":"com.github.javaparser.ast.stmt.IfStmt","range":{"beginLine":24,"beginColumn":3,"endLine":29,"endColumn":3},"tokenRange":{"beginToken":{"kind":34,"text":"if"},"endToken":{"kind":100,"text":"}"}},"condition":{"!":"com.github.javaparser.ast.expr.InstanceOfExpr","range":{"beginLine":24,"beginColumn":8,"endLine":24,"endColumn":59},"tokenRange":{"beginToken":{"kind":94,"text":"oldChild"},"endToken":{"kind":94,"text":"ChildWithBidirectionalManyToMany"}},"expression":{"!":"com.github.javaparser.ast.expr.NameExpr","range":{"beginLine":24,"beginColumn":8,"endLine":24,"endColumn":15},"tokenRange":{"beginToken":{"kind":94,"text":"oldChild"},"endToken":{"kind":94,"text":"oldChild"}},"name":{"!":"com.github.javaparser.ast.expr.SimpleName","range":{"beginLine":24,"beginColumn":8,"endLine":24,"endColumn":15},"tokenRange":{"beginToken":{"kind":94,"text":"oldChild"},"endToken":{"kind":94,"text":"oldChild"}},"identifier":"oldChild"}},"type":{"!":"com.github.javaparser.ast.type.ClassOrInterfaceType","range":{"beginLine":24,"beginColumn":28,"endLine":24,"endColumn":59},"tokenRange":{"beginToken":{"kind":94,"text":"ChildWithBidirectionalManyToMany"},"endToken":{"kind":94,"text":"ChildWithBidirectionalManyToMany"}},"name":{"!":"com.github.javaparser.ast.expr.SimpleName","range":{"beginLine":24,"beginColumn":28,"endLine":24,"endColumn":59},"tokenRange":{"beginToken":{"kind":94,"text":"ChildWithBidirectionalManyToMany"},"endToken":{"kind":94,"text":"ChildWithBidirectionalManyToMany"}},"identifier":"ChildWithBidirectionalManyToMany"},"annotations":[]}},"thenStmt":{"!":"com.github.javaparser.ast.stmt.BlockStmt","range":{"beginLine":24,"beginColumn":63,"endLine":29,"endColumn":3},"tokenRange":{"beginToken":{"kind":99,"text":"{"},"endToken":{"kind":100,"text":"}"}},"statements":[{"!":"com.github.javaparser.ast.stmt.ExpressionStmt","range":{"beginLine":25,"beginColumn":4,"endLine":25,"endColumn":107},"tokenRange":{"beginToken":{"kind":94,"text":"ChildWithBidirectionalManyToMany"},"endToken":{"kind":103,"text":";"}},"expression":{"!":"com.github.javaparser.ast.expr.VariableDeclarationExpr","range":{"beginLine":25,"beginColumn":4,"endLine":25,"endColumn":106},"tokenRange":{"beginToken":{"kind":94,"text":"ChildWithBidirectionalManyToMany"},"endToken":{"kind":94,"text":"oldChild"}},"annotations":[],"modifiers":[],"variables":[{"!":"com.github.javaparser.ast.body.VariableDeclarator","range":{"beginLine":25,"beginColumn":37,"endLine":25,"endColumn":106},"tokenRange":{"beginToken":{"kind":94,"text":"oldChildWithManyToMany"},"endToken":{"kind":94,"text":"oldChild"}},"initializer":{"!":"com.github.javaparser.ast.expr.CastExpr","range":{"beginLine":25,"beginColumn":62,"endLine":25,"endColumn":106},"tokenRange":{"beginToken":{"kind":97,"text":"("},"endToken":{"kind":94,"text":"oldChild"}},"expression":{"!":"com.github.javaparser.ast.expr.NameExpr","range":{"beginLine":25,"beginColumn":99,"endLine":25,"endColumn":106},"tokenRange":{"beginToken":{"kind":94,"text":"oldChild"},"endToken":{"kind":94,"text":"oldChild"}},"name":{"!":"com.github.javaparser.ast.expr.SimpleName","range":{"beginLine":25,"beginColumn":99,"endLine":25,"endColumn":106},"tokenRange":{"beginToken":{"kind":94,"text":"oldChild"},"endToken":{"kind":94,"text":"oldChild"}},"identifier":"oldChild"}},"type":{"!":"com.github.javaparser.ast.type.ClassOrInterfaceType","range":{"beginLine":25,"beginColumn":64,"endLine":25,"endColumn":95},"tokenRange":{"beginToken":{"kind":94,"text":"ChildWithBidirectionalManyToMany"},"endToken":{"kind":94,"text":"ChildWithBidirectionalManyToMany"}},"name":{"!":"com.github.javaparser.ast.expr.SimpleName","range":{"beginLine":25,"beginColumn":64,"endLine":25,"endColumn":95},"tokenRange":{"beginToken":{"kind":94,"text":"ChildWithBidirectionalManyToMany"},"endToken":{"kind":94,"text":"ChildWithBidirectionalManyToMany"}},"identifier":"ChildWithBidirectionalManyToMany"},"annotations":[]}},"name":{"!":"com.github.javaparser.ast.expr.SimpleName","range":{"beginLine":25,"beginColumn":37,"endLine":25,"endColumn":58},"tokenRange":{"beginToken":{"kind":94,"text":"oldChildWithManyToMany"},"endToken":{"kind":94,"text":"oldChildWithManyToMany"}},"identifier":"oldChildWithManyToMany"},"type":{"!":"com.github.javaparser.ast.type.ClassOrInterfaceType","range":{"beginLine":25,"beginColumn":4,"endLine":25,"endColumn":35},"tokenRange":{"beginToken":{"kind":94,"text":"ChildWithBidirectionalManyToMany"},"endToken":{"kind":94,"text":"ChildWithBidirectionalManyToMany"}},"name":{"!":"com.github.javaparser.ast.expr.SimpleName","range":{"beginLine":25,"beginColumn":4,"endLine":25,"endColumn":35},"tokenRange":{"beginToken":{"kind":94,"text":"ChildWithBidirectionalManyToMany"},"endToken":{"kind":94,"text":"ChildWithBidirectionalManyToMany"}},"identifier":"ChildWithBidirectionalManyToMany"},"annotations":[]}}]}},{"!":"com.github.javaparser.ast.stmt.IfStmt","range":{"beginLine":26,"beginColumn":4,"endLine":28,"endColumn":4},"tokenRange":{"beginToken":{"kind":34,"text":"if"},"endToken":{"kind":100,"text":"}"}},"condition":{"!":"com.github.javaparser.ast.expr.MethodCallExpr","range":{"beginLine":26,"beginColumn":9,"endLine":26,"endColumn":89},"tokenRange":{"beginToken":{"kind":97,"text":"("},"endToken":{"kind":98,"text":")"}},"arguments":[],"name":{"!":"com.github.javaparser.ast.expr.SimpleName","range":{"beginLine":26,"beginColumn":74,"endLine":26,"endColumn":87},"tokenRange":{"beginToken":{"kind":94,"text":"wasInitialized"},"endToken":{"kind":94,"text":"wasInitialized"}},"identifier":"wasInitialized"},"scope":{"!":"com.github.javaparser.ast.expr.EnclosedExpr","range":{"beginLine":26,"beginColumn":9,"endLine":26,"endColumn":72},"tokenRange":{"beginToken":{"kind":97,"text":"("},"endToken":{"kind":98,"text":")"}},"inner":{"!":"com.github.javaparser.ast.expr.CastExpr","range":{"beginLine":26,"beginColumn":11,"endLine":26,"endColumn":70},"tokenRange":{"beginToken":{"kind":97,"text":"("},"endToken":{"kind":98,"text":")"}},"expression":{"!":"com.github.javaparser.ast.expr.MethodCallExpr","range":{"beginLine":26,"beginColumn":36,"endLine":26,"endColumn":70},"tokenRange":{"beginToken":{"kind":94,"text":"oldChildWithManyToMany"},"endToken":{"kind":98,"text":")"}},"arguments":[],"name":{"!":"com.github.javaparser.ast.expr.SimpleName","range":{"beginLine":26,"beginColumn":59,"endLine":26,"endColumn":68},"tokenRange":{"beginToken":{"kind":94,"text":"getParents"},"endToken":{"kind":94,"text":"getParents"}},"identifier":"getParents"},"scope":{"!":"com.github.javaparser.ast.expr.NameExpr","range":{"beginLine":26,"beginColumn":36,"endLine":26,"endColumn":57},"tokenRange":{"beginToken":{"kind":94,"text":"oldChildWithManyToMany"},"endToken":{"kind":94,"text":"oldChildWithManyToMany"}},"name":{"!":"com.github.javaparser.ast.expr.SimpleName","range":{"beginLine":26,"beginColumn":36,"endLine":26,"endColumn":57},"tokenRange":{"beginToken":{"kind":94,"text":"oldChildWithManyToMany"},"endToken":{"kind":94,"text":"oldChildWithManyToMany"}},"identifier":"oldChildWithManyToMany"}}},"type":{"!":"com.github.javaparser.ast.type.ClassOrInterfaceType","range":{"beginLine":26,"beginColumn":13,"endLine":26,"endColumn":32},"tokenRange":{"beginToken":{"kind":94,"text":"PersistentCollection"},"endToken":{"kind":94,"text":"PersistentCollection"}},"name":{"!":"com.github.javaparser.ast.expr.SimpleName","range":{"beginLine":26,"beginColumn":13,"endLine":26,"endColumn":32},"tokenRange":{"beginToken":{"kind":94,"text":"PersistentCollection"},"endToken":{"kind":94,"text":"PersistentCollection"}},"identifier":"PersistentCollection"},"annotations":[]}}}},"thenStmt":{"!":"com.github.javaparser.ast.stmt.BlockStmt","range":{"beginLine":26,"beginColumn":93,"endLine":28,"endColumn":4},"tokenRange":{"beginToken":{"kind":99,"text":"{"},"endToken":{"kind":100,"text":"}"}},"statements":[{"!":"com.github.javaparser.ast.stmt.ExpressionStmt","range":{"beginLine":27,"beginColumn":5,"endLine":27,"endColumn":107},"tokenRange":{"beginToken":{"kind":94,"text":"checkResult"},"endToken":{"kind":103,"text":";"}},"expression":{"!":"com.github.javaparser.ast.expr.MethodCallExpr","range":{"beginLine":27,"beginColumn":5,"endLine":27,"endColumn":106},"tokenRange":{"beginToken":{"kind":94,"text":"checkResult"},"endToken":{"kind":98,"text":")"}},"arguments":[{"!":"com.github.javaparser.ast.expr.NameExpr","range":{"beginLine":27,"beginColumn":18,"endLine":27,"endColumn":26},"tokenRange":{"beginToken":{"kind":94,"text":"listeners"},"endToken":{"kind":94,"text":"listeners"}},"name":{"!":"com.github.javaparser.ast.expr.SimpleName","range":{"beginLine":27,"beginColumn":18,"endLine":27,"endColumn":26},"tokenRange":{"beginToken":{"kind":94,"text":"listeners"},"endToken":{"kind":94,"text":"listeners"}},"identifier":"listeners"}},{"!":"com.github.javaparser.ast.expr.MethodCallExpr","range":{"beginLine":27,"beginColumn":29,"endLine":27,"endColumn":71},"tokenRange":{"beginToken":{"kind":94,"text":"listeners"},"endToken":{"kind":98,"text":")"}},"arguments":[],"name":{"!":"com.github.javaparser.ast.expr.SimpleName","range":{"beginLine":27,"beginColumn":39,"endLine":27,"endColumn":69},"tokenRange":{"beginToken":{"kind":94,"text":"getInitializeCollectionListener"},"endToken":{"kind":94,"text":"getInitializeCollectionListener"}},"identifier":"getInitializeCollectionListener"},"scope":{"!":"com.github.javaparser.ast.expr.NameExpr","range":{"beginLine":27,"beginColumn":29,"endLine":27,"endColumn":37},"tokenRange":{"beginToken":{"kind":94,"text":"listeners"},"endToken":{"kind":94,"text":"listeners"}},"name":{"!":"com.github.javaparser.ast.expr.SimpleName","range":{"beginLine":27,"beginColumn":29,"endLine":27,"endColumn":37},"tokenRange":{"beginToken":{"kind":94,"text":"listeners"},"endToken":{"kind":94,"text":"listeners"}},"identifier":"listeners"}}},{"!":"com.github.javaparser.ast.expr.NameExpr","range":{"beginLine":27,"beginColumn":74,"endLine":27,"endColumn":95},"tokenRange":{"beginToken":{"kind":94,"text":"oldChildWithManyToMany"},"endToken":{"kind":94,"text":"oldChildWithManyToMany"}},"name":{"!":"com.github.javaparser.ast.expr.SimpleName","range":{"beginLine":27,"beginColumn":74,"endLine":27,"endColumn":95},"tokenRange":{"beginToken":{"kind":94,"text":"oldChildWithManyToMany"},"endToken":{"kind":94,"text":"oldChildWithManyToMany"}},"identifier":"oldChildWithManyToMany"}},{"!":"com.github.javaparser.ast.expr.UnaryExpr","range":{"beginLine":27,"beginColumn":98,"endLine":27,"endColumn":104},"tokenRange":{"beginToken":{"kind":94,"text":"index"},"endToken":{"kind":122,"text":"++"}},"expression":{"!":"com.github.javaparser.ast.expr.NameExpr","range":{"beginLine":27,"beginColumn":98,"endLine":27,"endColumn":102},"tokenRange":{"beginToken":{"kind":94,"text":"index"},"endToken":{"kind":94,"text":"index"}},"name":{"!":"com.github.javaparser.ast.expr.SimpleName","range":{"beginLine":27,"beginColumn":98,"endLine":27,"endColumn":102},"tokenRange":{"beginToken":{"kind":94,"text":"index"},"endToken":{"kind":94,"text":"index"}},"identifier":"index"}},"operator":"POSTFIX_INCREMENT"}],"name":{"!":"com.github.javaparser.ast.expr.SimpleName","range":{"beginLine":27,"beginColumn":5,"endLine":27,"endColumn":15},"tokenRange":{"beginToken":{"kind":94,"text":"checkResult"},"endToken":{"kind":94,"text":"checkResult"}},"identifier":"checkResult"}}}]}}]}},{"!":"com.github.javaparser.ast.stmt.ExpressionStmt","range":{"beginLine":30,"beginColumn":3,"endLine":30,"endColumn":103},"tokenRange":{"beginToken":{"kind":94,"text":"checkResult"},"endToken":{"kind":103,"text":";"}},"expression":{"!":"com.github.javaparser.ast.expr.MethodCallExpr","range":{"beginLine":30,"beginColumn":3,"endLine":30,"endColumn":102},"tokenRange":{"beginToken":{"kind":94,"text":"checkResult"},"endToken":{"kind":98,"text":")"}},"arguments":[{"!":"com.github.javaparser.ast.expr.NameExpr","range":{"beginLine":30,"beginColumn":16,"endLine":30,"endColumn":24},"tokenRange":{"beginToken":{"kind":94,"text":"listeners"},"endToken":{"kind":94,"text":"listeners"}},"name":{"!":"com.github.javaparser.ast.expr.SimpleName","range":{"beginLine":30,"beginColumn":16,"endLine":30,"endColumn":24},"tokenRange":{"beginToken":{"kind":94,"text":"listeners"},"endToken":{"kind":94,"text":"listeners"}},"identifier":"listeners"}},{"!":"com.github.javaparser.ast.expr.MethodCallExpr","range":{"beginLine":30,"beginColumn":27,"endLine":30,"endColumn":68},"tokenRange":{"beginToken":{"kind":94,"text":"listeners"},"endToken":{"kind":98,"text":")"}},"arguments":[],"name":{"!":"com.github.javaparser.ast.expr.SimpleName","range":{"beginLine":30,"beginColumn":37,"endLine":30,"endColumn":66},"tokenRange":{"beginToken":{"kind":94,"text":"getPreCollectionRemoveListener"},"endToken":{"kind":94,"text":"getPreCollectionRemoveListener"}},"identifier":"getPreCollectionRemoveListener"},"scope":{"!":"com.github.javaparser.ast.expr.NameExpr","range":{"beginLine":30,"beginColumn":27,"endLine":30,"endColumn":35},"tokenRange":{"beginToken":{"kind":94,"text":"listeners"},"endToken":{"kind":94,"text":"listeners"}},"name":{"!":"com.github.javaparser.ast.expr.SimpleName","range":{"beginLine":30,"beginColumn":27,"endLine":30,"endColumn":35},"tokenRange":{"beginToken":{"kind":94,"text":"listeners"},"endToken":{"kind":94,"text":"listeners"}},"identifier":"listeners"}}},{"!":"com.github.javaparser.ast.expr.NameExpr","range":{"beginLine":30,"beginColumn":71,"endLine":30,"endColumn":76},"tokenRange":{"beginToken":{"kind":94,"text":"parent"},"endToken":{"kind":94,"text":"parent"}},"name":{"!":"com.github.javaparser.ast.expr.SimpleName","range":{"beginLine":30,"beginColumn":71,"endLine":30,"endColumn":76},"tokenRange":{"beginToken":{"kind":94,"text":"parent"},"endToken":{"kind":94,"text":"parent"}},"identifier":"parent"}},{"!":"com.github.javaparser.ast.expr.NameExpr","range":{"beginLine":30,"beginColumn":79,"endLine":30,"endColumn":91},"tokenRange":{"beginToken":{"kind":94,"text":"oldCollection"},"endToken":{"kind":94,"text":"oldCollection"}},"name":{"!":"com.github.javaparser.ast.expr.SimpleName","range":{"beginLine":30,"beginColumn":79,"endLine":30,"endColumn":91},"tokenRange":{"beginToken":{"kind":94,"text":"oldCollection"},"endToken":{"kind":94,"text":"oldCollection"}},"identifier":"oldCollection"}},{"!":"com.github.javaparser.ast.expr.UnaryExpr","range":{"beginLine":30,"beginColumn":94,"endLine":30,"endColumn":100},"tokenRange":{"beginToken":{"kind":94,"text":"index"},"endToken":{"kind":122,"text":"++"}},"expression":{"!":"com.github.javaparser.ast.expr.NameExpr","range":{"beginLine":30,"beginColumn":94,"endLine":30,"endColumn":98},"tokenRange":{"beginToken":{"kind":94,"text":"index"},"endToken":{"kind":94,"text":"index"}},"name":{"!":"com.github.javaparser.ast.expr.SimpleName","range":{"beginLine":30,"beginColumn":94,"endLine":30,"endColumn":98},"tokenRange":{"beginToken":{"kind":94,"text":"index"},"endToken":{"kind":94,"text":"index"}},"identifier":"index"}},"operator":"POSTFIX_INCREMENT"}],"name":{"!":"com.github.javaparser.ast.expr.SimpleName","range":{"beginLine":30,"beginColumn":3,"endLine":30,"endColumn":13},"tokenRange":{"beginToken":{"kind":94,"text":"checkResult"},"endToken":{"kind":94,"text":"checkResult"}},"identifier":"checkResult"}}},{"!":"com.github.javaparser.ast.stmt.ExpressionStmt","range":{"beginLine":31,"beginColumn":3,"endLine":31,"endColumn":104},"tokenRange":{"beginToken":{"kind":94,"text":"checkResult"},"endToken":{"kind":103,"text":";"}},"expression":{"!":"com.github.javaparser.ast.expr.MethodCallExpr","range":{"beginLine":31,"beginColumn":3,"endLine":31,"endColumn":103},"tokenRange":{"beginToken":{"kind":94,"text":"checkResult"},"endToken":{"kind":98,"text":")"}},"arguments":[{"!":"com.github.javaparser.ast.expr.NameExpr","range":{"beginLine":31,"beginColumn":16,"endLine":31,"endColumn":24},"tokenRange":{"beginToken":{"kind":94,"text":"listeners"},"endToken":{"kind":94,"text":"listeners"}},"name":{"!":"com.github.javaparser.ast.expr.SimpleName","range":{"beginLine":31,"beginColumn":16,"endLine":31,"endColumn":24},"tokenRange":{"beginToken":{"kind":94,"text":"listeners"},"endToken":{"kind":94,"text":"listeners"}},"identifier":"listeners"}},{"!":"com.github.javaparser.ast.expr.MethodCallExpr","range":{"beginLine":31,"beginColumn":27,"endLine":31,"endColumn":69},"tokenRange":{"beginToken":{"kind":94,"text":"listeners"},"endToken":{"kind":98,"text":")"}},"arguments":[],"name":{"!":"com.github.javaparser.ast.expr.SimpleName","range":{"beginLine":31,"beginColumn":37,"endLine":31,"endColumn":67},"tokenRange":{"beginToken":{"kind":94,"text":"getPostCollectionRemoveListener"},"endToken":{"kind":94,"text":"getPostCollectionRemoveListener"}},"identifier":"getPostCollectionRemoveListener"},"scope":{"!":"com.github.javaparser.ast.expr.NameExpr","range":{"beginLine":31,"beginColumn":27,"endLine":31,"endColumn":35},"tokenRange":{"beginToken":{"kind":94,"text":"listeners"},"endToken":{"kind":94,"text":"listeners"}},"name":{"!":"com.github.javaparser.ast.expr.SimpleName","range":{"beginLine":31,"beginColumn":27,"endLine":31,"endColumn":35},"tokenRange":{"beginToken":{"kind":94,"text":"listeners"},"endToken":{"kind":94,"text":"listeners"}},"identifier":"listeners"}}},{"!":"com.github.javaparser.ast.expr.NameExpr","range":{"beginLine":31,"beginColumn":72,"endLine":31,"endColumn":77},"tokenRange":{"beginToken":{"kind":94,"text":"parent"},"endToken":{"kind":94,"text":"parent"}},"name":{"!":"com.github.javaparser.ast.expr.SimpleName","range":{"beginLine":31,"beginColumn":72,"endLine":31,"endColumn":77},"tokenRange":{"beginToken":{"kind":94,"text":"parent"},"endToken":{"kind":94,"text":"parent"}},"identifier":"parent"}},{"!":"com.github.javaparser.ast.expr.NameExpr","range":{"beginLine":31,"beginColumn":80,"endLine":31,"endColumn":92},"tokenRange":{"beginToken":{"kind":94,"text":"oldCollection"},"endToken":{"kind":94,"text":"oldCollection"}},"name":{"!":"com.github.javaparser.ast.expr.SimpleName","range":{"beginLine":31,"beginColumn":80,"endLine":31,"endColumn":92},"tokenRange":{"beginToken":{"kind":94,"text":"oldCollection"},"endToken":{"kind":94,"text":"oldCollection"}},"identifier":"oldCollection"}},{"!":"com.github.javaparser.ast.expr.UnaryExpr","range":{"beginLine":31,"beginColumn":95,"endLine":31,"endColumn":101},"tokenRange":{"beginToken":{"kind":94,"text":"index"},"endToken":{"kind":122,"text":"++"}},"expression":{"!":"com.github.javaparser.ast.expr.NameExpr","range":{"beginLine":31,"beginColumn":95,"endLine":31,"endColumn":99},"tokenRange":{"beginToken":{"kind":94,"text":"index"},"endToken":{"kind":94,"text":"index"}},"name":{"!":"com.github.javaparser.ast.expr.SimpleName","range":{"beginLine":31,"beginColumn":95,"endLine":31,"endColumn":99},"tokenRange":{"beginToken":{"kind":94,"text":"index"},"endToken":{"kind":94,"text":"index"}},"identifier":"index"}},"operator":"POSTFIX_INCREMENT"}],"name":{"!":"com.github.javaparser.ast.expr.SimpleName","range":{"beginLine":31,"beginColumn":3,"endLine":31,"endColumn":13},"tokenRange":{"beginToken":{"kind":94,"text":"checkResult"},"endToken":{"kind":94,"text":"checkResult"}},"identifier":"checkResult"}}},{"!":"com.github.javaparser.ast.stmt.IfStmt","range":{"beginLine":32,"beginColumn":3,"endLine":37,"endColumn":3},"tokenRange":{"beginToken":{"kind":34,"text":"if"},"endToken":{"kind":100,"text":"}"}},"condition":{"!":"com.github.javaparser.ast.expr.InstanceOfExpr","range":{"beginLine":32,"beginColumn":8,"endLine":32,"endColumn":59},"tokenRange":{"beginToken":{"kind":94,"text":"oldChild"},"endToken":{"kind":94,"text":"ChildWithBidirectionalManyToMany"}},"expression":{"!":"com.github.javaparser.ast.expr.NameExpr","range":{"beginLine":32,"beginColumn":8,"endLine":32,"endColumn":15},"tokenRange":{"beginToken":{"kind":94,"text":"oldChild"},"endToken":{"kind":94,"text":"oldChild"}},"name":{"!":"com.github.javaparser.ast.expr.SimpleName","range":{"beginLine":32,"beginColumn":8,"endLine":32,"endColumn":15},"tokenRange":{"beginToken":{"kind":94,"text":"oldChild"},"endToken":{"kind":94,"text":"oldChild"}},"identifier":"oldChild"}},"type":{"!":"com.github.javaparser.ast.type.ClassOrInterfaceType","range":{"beginLine":32,"beginColumn":28,"endLine":32,"endColumn":59},"tokenRange":{"beginToken":{"kind":94,"text":"ChildWithBidirectionalManyToMany"},"endToken":{"kind":94,"text":"ChildWithBidirectionalManyToMany"}},"name":{"!":"com.github.javaparser.ast.expr.SimpleName","range":{"beginLine":32,"beginColumn":28,"endLine":32,"endColumn":59},"tokenRange":{"beginToken":{"kind":94,"text":"ChildWithBidirectionalManyToMany"},"endToken":{"kind":94,"text":"ChildWithBidirectionalManyToMany"}},"identifier":"ChildWithBidirectionalManyToMany"},"annotations":[]}},"thenStmt":{"!":"com.github.javaparser.ast.stmt.BlockStmt","range":{"beginLine":32,"beginColumn":63,"endLine":37,"endColumn":3},"tokenRange":{"beginToken":{"kind":99,"text":"{"},"endToken":{"kind":100,"text":"}"}},"statements":[{"!":"com.github.javaparser.ast.stmt.ExpressionStmt","range":{"beginLine":33,"beginColumn":4,"endLine":33,"endColumn":128},"tokenRange":{"beginToken":{"kind":94,"text":"checkResult"},"endToken":{"kind":103,"text":";"}},"expression":{"!":"com.github.javaparser.ast.expr.MethodCallExpr","range":{"beginLine":33,"beginColumn":4,"endLine":33,"endColumn":127},"tokenRange":{"beginToken":{"kind":94,"text":"checkResult"},"endToken":{"kind":98,"text":")"}},"arguments":[{"!":"com.github.javaparser.ast.expr.NameExpr","range":{"beginLine":33,"beginColumn":17,"endLine":33,"endColumn":25},"tokenRange":{"beginToken":{"kind":94,"text":"listeners"},"endToken":{"kind":94,"text":"listeners"}},"name":{"!":"com.github.javaparser.ast.expr.SimpleName","range":{"beginLine":33,"beginColumn":17,"endLine":33,"endColumn":25},"tokenRange":{"beginToken":{"kind":94,"text":"listeners"},"endToken":{"kind":94,"text":"listeners"}},"identifier":"listeners"}},{"!":"com.github.javaparser.ast.expr.MethodCallExpr","range":{"beginLine":33,"beginColumn":28,"endLine":33,"endColumn":69},"tokenRange":{"beginToken":{"kind":94,"text":"listeners"},"endToken":{"kind":98,"text":")"}},"arguments":[],"name":{"!":"com.github.javaparser.ast.expr.SimpleName","range":{"beginLine":33,"beginColumn":38,"endLine":33,"endColumn":67},"tokenRange":{"beginToken":{"kind":94,"text":"getPreCollectionUpdateListener"},"endToken":{"kind":94,"text":"getPreCollectionUpdateListener"}},"identifier":"getPreCollectionUpdateListener"},"scope":{"!":"com.github.javaparser.ast.expr.NameExpr","range":{"beginLine":33,"beginColumn":28,"endLine":33,"endColumn":36},"tokenRange":{"beginToken":{"kind":94,"text":"listeners"},"endToken":{"kind":94,"text":"listeners"}},"name":{"!":"com.github.javaparser.ast.expr.SimpleName","range":{"beginLine":33,"beginColumn":28,"endLine":33,"endColumn":36},"tokenRange":{"beginToken":{"kind":94,"text":"listeners"},"endToken":{"kind":94,"text":"listeners"}},"identifier":"listeners"}}},{"!":"com.github.javaparser.ast.expr.CastExpr","range":{"beginLine":33,"beginColumn":72,"endLine":33,"endColumn":116},"tokenRange":{"beginToken":{"kind":97,"text":"("},"endToken":{"kind":94,"text":"oldChild"}},"expression":{"!":"com.github.javaparser.ast.expr.NameExpr","range":{"beginLine":33,"beginColumn":109,"endLine":33,"endColumn":116},"tokenRange":{"beginToken":{"kind":94,"text":"oldChild"},"endToken":{"kind":94,"text":"oldChild"}},"name":{"!":"com.github.javaparser.ast.expr.SimpleName","range":{"beginLine":33,"beginColumn":109,"endLine":33,"endColumn":116},"tokenRange":{"beginToken":{"kind":94,"text":"oldChild"},"endToken":{"kind":94,"text":"oldChild"}},"identifier":"oldChild"}},"type":{"!":"com.github.javaparser.ast.type.ClassOrInterfaceType","range":{"beginLine":33,"beginColumn":74,"endLine":33,"endColumn":105},"tokenRange":{"beginToken":{"kind":94,"text":"ChildWithBidirectionalManyToMany"},"endToken":{"kind":94,"text":"ChildWithBidirectionalManyToMany"}},"name":{"!":"com.github.javaparser.ast.expr.SimpleName","range":{"beginLine":33,"beginColumn":74,"endLine":33,"endColumn":105},"tokenRange":{"beginToken":{"kind":94,"text":"ChildWithBidirectionalManyToMany"},"endToken":{"kind":94,"text":"ChildWithBidirectionalManyToMany"}},"identifier":"ChildWithBidirectionalManyToMany"},"annotations":[]}},{"!":"com.github.javaparser.ast.expr.UnaryExpr","range":{"beginLine":33,"beginColumn":119,"endLine":33,"endColumn":125},"tokenRange":{"beginToken":{"kind":94,"text":"index"},"endToken":{"kind":122,"text":"++"}},"expression":{"!":"com.github.javaparser.ast.expr.NameExpr","range":{"beginLine":33,"beginColumn":119,"endLine":33,"endColumn":123},"tokenRange":{"beginToken":{"kind":94,"text":"index"},"endToken":{"kind":94,"text":"index"}},"name":{"!":"com.github.javaparser.ast.expr.SimpleName","range":{"beginLine":33,"beginColumn":119,"endLine":33,"endColumn":123},"tokenRange":{"beginToken":{"kind":94,"text":"index"},"endToken":{"kind":94,"text":"index"}},"identifier":"index"}},"operator":"POSTFIX_INCREMENT"}],"name":{"!":"com.github.javaparser.ast.expr.SimpleName","range":{"beginLine":33,"beginColumn":4,"endLine":33,"endColumn":14},"tokenRange":{"beginToken":{"kind":94,"text":"checkResult"},"endToken":{"kind":94,"text":"checkResult"}},"identifier":"checkResult"}}},{"!":"com.github.javaparser.ast.stmt.ExpressionStmt","range":{"beginLine":34,"beginColumn":4,"endLine":34,"endColumn":129},"tokenRange":{"beginToken":{"kind":94,"text":"checkResult"},"endToken":{"kind":103,"text":";"}},"expression":{"!":"com.github.javaparser.ast.expr.MethodCallExpr","range":{"beginLine":34,"beginColumn":4,"endLine":34,"endColumn":128},"tokenRange":{"beginToken":{"kind":94,"text":"checkResult"},"endToken":{"kind":98,"text":")"}},"arguments":[{"!":"com.github.javaparser.ast.expr.NameExpr","range":{"beginLine":34,"beginColumn":17,"endLine":34,"endColumn":25},"tokenRange":{"beginToken":{"kind":94,"text":"listeners"},"endToken":{"kind":94,"text":"listeners"}},"name":{"!":"com.github.javaparser.ast.expr.SimpleName","range":{"beginLine":34,"beginColumn":17,"endLine":34,"endColumn":25},"tokenRange":{"beginToken":{"kind":94,"text":"listeners"},"endToken":{"kind":94,"text":"listeners"}},"identifier":"listeners"}},{"!":"com.github.javaparser.ast.expr.MethodCallExpr","range":{"beginLine":34,"beginColumn":28,"endLine":34,"endColumn":70},"tokenRange":{"beginToken":{"kind":94,"text":"listeners"},"endToken":{"kind":98,"text":")"}},"arguments":[],"name":{"!":"com.github.javaparser.ast.expr.SimpleName","range":{"beginLine":34,"beginColumn":38,"endLine":34,"endColumn":68},"tokenRange":{"beginToken":{"kind":94,"text":"getPostCollectionUpdateListener"},"endToken":{"kind":94,"text":"getPostCollectionUpdateListener"}},"identifier":"getPostCollectionUpdateListener"},"scope":{"!":"com.github.javaparser.ast.expr.NameExpr","range":{"beginLine":34,"beginColumn":28,"endLine":34,"endColumn":36},"tokenRange":{"beginToken":{"kind":94,"text":"listeners"},"endToken":{"kind":94,"text":"listeners"}},"name":{"!":"com.github.javaparser.ast.expr.SimpleName","range":{"beginLine":34,"beginColumn":28,"endLine":34,"endColumn":36},"tokenRange":{"beginToken":{"kind":94,"text":"listeners"},"endToken":{"kind":94,"text":"listeners"}},"identifier":"listeners"}}},{"!":"com.github.javaparser.ast.expr.CastExpr","range":{"beginLine":34,"beginColumn":73,"endLine":34,"endColumn":117},"tokenRange":{"beginToken":{"kind":97,"text":"("},"endToken":{"kind":94,"text":"oldChild"}},"expression":{"!":"com.github.javaparser.ast.expr.NameExpr","range":{"beginLine":34,"beginColumn":110,"endLine":34,"endColumn":117},"tokenRange":{"beginToken":{"kind":94,"text":"oldChild"},"endToken":{"kind":94,"text":"oldChild"}},"name":{"!":"com.github.javaparser.ast.expr.SimpleName","range":{"beginLine":34,"beginColumn":110,"endLine":34,"endColumn":117},"tokenRange":{"beginToken":{"kind":94,"text":"oldChild"},"endToken":{"kind":94,"text":"oldChild"}},"identifier":"oldChild"}},"type":{"!":"com.github.javaparser.ast.type.ClassOrInterfaceType","range":{"beginLine":34,"beginColumn":75,"endLine":34,"endColumn":106},"tokenRange":{"beginToken":{"kind":94,"text":"ChildWithBidirectionalManyToMany"},"endToken":{"kind":94,"text":"ChildWithBidirectionalManyToMany"}},"name":{"!":"com.github.javaparser.ast.expr.SimpleName","range":{"beginLine":34,"beginColumn":75,"endLine":34,"endColumn":106},"tokenRange":{"beginToken":{"kind":94,"text":"ChildWithBidirectionalManyToMany"},"endToken":{"kind":94,"text":"ChildWithBidirectionalManyToMany"}},"identifier":"ChildWithBidirectionalManyToMany"},"annotations":[]}},{"!":"com.github.javaparser.ast.expr.UnaryExpr","range":{"beginLine":34,"beginColumn":120,"endLine":34,"endColumn":126},"tokenRange":{"beginToken":{"kind":94,"text":"index"},"endToken":{"kind":122,"text":"++"}},"expression":{"!":"com.github.javaparser.ast.expr.NameExpr","range":{"beginLine":34,"beginColumn":120,"endLine":34,"endColumn":124},"tokenRange":{"beginToken":{"kind":94,"text":"index"},"endToken":{"kind":94,"text":"index"}},"name":{"!":"com.github.javaparser.ast.expr.SimpleName","range":{"beginLine":34,"beginColumn":120,"endLine":34,"endColumn":124},"tokenRange":{"beginToken":{"kind":94,"text":"index"},"endToken":{"kind":94,"text":"index"}},"identifier":"index"}},"operator":"POSTFIX_INCREMENT"}],"name":{"!":"com.github.javaparser.ast.expr.SimpleName","range":{"beginLine":34,"beginColumn":4,"endLine":34,"endColumn":14},"tokenRange":{"beginToken":{"kind":94,"text":"checkResult"},"endToken":{"kind":94,"text":"checkResult"}},"identifier":"checkResult"}}},{"!":"com.github.javaparser.ast.stmt.ExpressionStmt","range":{"beginLine":35,"beginColumn":4,"endLine":35,"endColumn":130},"tokenRange":{"beginToken":{"kind":94,"text":"checkResult"},"endToken":{"kind":103,"text":";"}},"expression":{"!":"com.github.javaparser.ast.expr.MethodCallExpr","range":{"beginLine":35,"beginColumn":4,"endLine":35,"endColumn":129},"tokenRange":{"beginToken":{"kind":94,"text":"checkResult"},"endToken":{"kind":98,"text":")"}},"arguments":[{"!":"com.github.javaparser.ast.expr.NameExpr","range":{"beginLine":35,"beginColumn":17,"endLine":35,"endColumn":25},"tokenRange":{"beginToken":{"kind":94,"text":"listeners"},"endToken":{"kind":94,"text":"listeners"}},"name":{"!":"com.github.javaparser.ast.expr.SimpleName","range":{"beginLine":35,"beginColumn":17,"endLine":35,"endColumn":25},"tokenRange":{"beginToken":{"kind":94,"text":"listeners"},"endToken":{"kind":94,"text":"listeners"}},"identifier":"listeners"}},{"!":"com.github.javaparser.ast.expr.MethodCallExpr","range":{"beginLine":35,"beginColumn":28,"endLine":35,"endColumn":71},"tokenRange":{"beginToken":{"kind":94,"text":"listeners"},"endToken":{"kind":98,"text":")"}},"arguments":[],"name":{"!":"com.github.javaparser.ast.expr.SimpleName","range":{"beginLine":35,"beginColumn":38,"endLine":35,"endColumn":69},"tokenRange":{"beginToken":{"kind":94,"text":"getPreCollectionRecreateListener"},"endToken":{"kind":94,"text":"getPreCollectionRecreateListener"}},"identifier":"getPreCollectionRecreateListener"},"scope":{"!":"com.github.javaparser.ast.expr.NameExpr","range":{"beginLine":35,"beginColumn":28,"endLine":35,"endColumn":36},"tokenRange":{"beginToken":{"kind":94,"text":"listeners"},"endToken":{"kind":94,"text":"listeners"}},"name":{"!":"com.github.javaparser.ast.expr.SimpleName","range":{"beginLine":35,"beginColumn":28,"endLine":35,"endColumn":36},"tokenRange":{"beginToken":{"kind":94,"text":"listeners"},"endToken":{"kind":94,"text":"listeners"}},"identifier":"listeners"}}},{"!":"com.github.javaparser.ast.expr.CastExpr","range":{"beginLine":35,"beginColumn":74,"endLine":35,"endColumn":118},"tokenRange":{"beginToken":{"kind":97,"text":"("},"endToken":{"kind":94,"text":"newChild"}},"expression":{"!":"com.github.javaparser.ast.expr.NameExpr","range":{"beginLine":35,"beginColumn":111,"endLine":35,"endColumn":118},"tokenRange":{"beginToken":{"kind":94,"text":"newChild"},"endToken":{"kind":94,"text":"newChild"}},"name":{"!":"com.github.javaparser.ast.expr.SimpleName","range":{"beginLine":35,"beginColumn":111,"endLine":35,"endColumn":118},"tokenRange":{"beginToken":{"kind":94,"text":"newChild"},"endToken":{"kind":94,"text":"newChild"}},"identifier":"newChild"}},"type":{"!":"com.github.javaparser.ast.type.ClassOrInterfaceType","range":{"beginLine":35,"beginColumn":76,"endLine":35,"endColumn":107},"tokenRange":{"beginToken":{"kind":94,"text":"ChildWithBidirectionalManyToMany"},"endToken":{"kind":94,"text":"ChildWithBidirectionalManyToMany"}},"name":{"!":"com.github.javaparser.ast.expr.SimpleName","range":{"beginLine":35,"beginColumn":76,"endLine":35,"endColumn":107},"tokenRange":{"beginToken":{"kind":94,"text":"ChildWithBidirectionalManyToMany"},"endToken":{"kind":94,"text":"ChildWithBidirectionalManyToMany"}},"identifier":"ChildWithBidirectionalManyToMany"},"annotations":[]}},{"!":"com.github.javaparser.ast.expr.UnaryExpr","range":{"beginLine":35,"beginColumn":121,"endLine":35,"endColumn":127},"tokenRange":{"beginToken":{"kind":94,"text":"index"},"endToken":{"kind":122,"text":"++"}},"expression":{"!":"com.github.javaparser.ast.expr.NameExpr","range":{"beginLine":35,"beginColumn":121,"endLine":35,"endColumn":125},"tokenRange":{"beginToken":{"kind":94,"text":"index"},"endToken":{"kind":94,"text":"index"}},"name":{"!":"com.github.javaparser.ast.expr.SimpleName","range":{"beginLine":35,"beginColumn":121,"endLine":35,"endColumn":125},"tokenRange":{"beginToken":{"kind":94,"text":"index"},"endToken":{"kind":94,"text":"index"}},"identifier":"index"}},"operator":"POSTFIX_INCREMENT"}],"name":{"!":"com.github.javaparser.ast.expr.SimpleName","range":{"beginLine":35,"beginColumn":4,"endLine":35,"endColumn":14},"tokenRange":{"beginToken":{"kind":94,"text":"checkResult"},"endToken":{"kind":94,"text":"checkResult"}},"identifier":"checkResult"}}},{"!":"com.github.javaparser.ast.stmt.ExpressionStmt","range":{"beginLine":36,"beginColumn":4,"endLine":36,"endColumn":131},"tokenRange":{"beginToken":{"kind":94,"text":"checkResult"},"endToken":{"kind":103,"text":";"}},"expression":{"!":"com.github.javaparser.ast.expr.MethodCallExpr","range":{"beginLine":36,"beginColumn":4,"endLine":36,"endColumn":130},"tokenRange":{"beginToken":{"kind":94,"text":"checkResult"},"endToken":{"kind":98,"text":")"}},"arguments":[{"!":"com.github.javaparser.ast.expr.NameExpr","range":{"beginLine":36,"beginColumn":17,"endLine":36,"endColumn":25},"tokenRange":{"beginToken":{"kind":94,"text":"listeners"},"endToken":{"kind":94,"text":"listeners"}},"name":{"!":"com.github.javaparser.ast.expr.SimpleName","range":{"beginLine":36,"beginColumn":17,"endLine":36,"endColumn":25},"tokenRange":{"beginToken":{"kind":94,"text":"listeners"},"endToken":{"kind":94,"text":"listeners"}},"identifier":"listeners"}},{"!":"com.github.javaparser.ast.expr.MethodCallExpr","range":{"beginLine":36,"beginColumn":28,"endLine":36,"endColumn":72},"tokenRange":{"beginToken":{"kind":94,"text":"listeners"},"endToken":{"kind":98,"text":")"}},"arguments":[],"name":{"!":"com.github.javaparser.ast.expr.SimpleName","range":{"beginLine":36,"beginColumn":38,"endLine":36,"endColumn":70},"tokenRange":{"beginToken":{"kind":94,"text":"getPostCollectionRecreateListener"},"endToken":{"kind":94,"text":"getPostCollectionRecreateListener"}},"identifier":"getPostCollectionRecreateListener"},"scope":{"!":"com.github.javaparser.ast.expr.NameExpr","range":{"beginLine":36,"beginColumn":28,"endLine":36,"endColumn":36},"tokenRange":{"beginToken":{"kind":94,"text":"listeners"},"endToken":{"kind":94,"text":"listeners"}},"name":{"!":"com.github.javaparser.ast.expr.SimpleName","range":{"beginLine":36,"beginColumn":28,"endLine":36,"endColumn":36},"tokenRange":{"beginToken":{"kind":94,"text":"listeners"},"endToken":{"kind":94,"text":"listeners"}},"identifier":"listeners"}}},{"!":"com.github.javaparser.ast.expr.CastExpr","range":{"beginLine":36,"beginColumn":75,"endLine":36,"endColumn":119},"tokenRange":{"beginToken":{"kind":97,"text":"("},"endToken":{"kind":94,"text":"newChild"}},"expression":{"!":"com.github.javaparser.ast.expr.NameExpr","range":{"beginLine":36,"beginColumn":112,"endLine":36,"endColumn":119},"tokenRange":{"beginToken":{"kind":94,"text":"newChild"},"endToken":{"kind":94,"text":"newChild"}},"name":{"!":"com.github.javaparser.ast.expr.SimpleName","range":{"beginLine":36,"beginColumn":112,"endLine":36,"endColumn":119},"tokenRange":{"beginToken":{"kind":94,"text":"newChild"},"endToken":{"kind":94,"text":"newChild"}},"identifier":"newChild"}},"type":{"!":"com.github.javaparser.ast.type.ClassOrInterfaceType","range":{"beginLine":36,"beginColumn":77,"endLine":36,"endColumn":108},"tokenRange":{"beginToken":{"kind":94,"text":"ChildWithBidirectionalManyToMany"},"endToken":{"kind":94,"text":"ChildWithBidirectionalManyToMany"}},"name":{"!":"com.github.javaparser.ast.expr.SimpleName","range":{"beginLine":36,"beginColumn":77,"endLine":36,"endColumn":108},"tokenRange":{"beginToken":{"kind":94,"text":"ChildWithBidirectionalManyToMany"},"endToken":{"kind":94,"text":"ChildWithBidirectionalManyToMany"}},"identifier":"ChildWithBidirectionalManyToMany"},"annotations":[]}},{"!":"com.github.javaparser.ast.expr.UnaryExpr","range":{"beginLine":36,"beginColumn":122,"endLine":36,"endColumn":128},"tokenRange":{"beginToken":{"kind":94,"text":"index"},"endToken":{"kind":122,"text":"++"}},"expression":{"!":"com.github.javaparser.ast.expr.NameExpr","range":{"beginLine":36,"beginColumn":122,"endLine":36,"endColumn":126},"tokenRange":{"beginToken":{"kind":94,"text":"index"},"endToken":{"kind":94,"text":"index"}},"name":{"!":"com.github.javaparser.ast.expr.SimpleName","range":{"beginLine":36,"beginColumn":122,"endLine":36,"endColumn":126},"tokenRange":{"beginToken":{"kind":94,"text":"index"},"endToken":{"kind":94,"text":"index"}},"identifier":"index"}},"operator":"POSTFIX_INCREMENT"}],"name":{"!":"com.github.javaparser.ast.expr.SimpleName","range":{"beginLine":36,"beginColumn":4,"endLine":36,"endColumn":14},"tokenRange":{"beginToken":{"kind":94,"text":"checkResult"},"endToken":{"kind":94,"text":"checkResult"}},"identifier":"checkResult"}}}]}},{"!":"com.github.javaparser.ast.stmt.ExpressionStmt","range":{"beginLine":38,"beginColumn":3,"endLine":38,"endColumn":90},"tokenRange":{"beginToken":{"kind":94,"text":"checkResult"},"endToken":{"kind":103,"text":";"}},"expression":{"!":"com.github.javaparser.ast.expr.MethodCallExpr","range":{"beginLine":38,"beginColumn":3,"endLine":38,"endColumn":89},"tokenRange":{"beginToken":{"kind":94,"text":"checkResult"},"endToken":{"kind":98,"text":")"}},"arguments":[{"!":"com.github.javaparser.ast.expr.NameExpr","range":{"beginLine":38,"beginColumn":16,"endLine":38,"endColumn":24},"tokenRange":{"beginToken":{"kind":94,"text":"listeners"},"endToken":{"kind":94,"text":"listeners"}},"name":{"!":"com.github.javaparser.ast.expr.SimpleName","range":{"beginLine":38,"beginColumn":16,"endLine":38,"endColumn":24},"tokenRange":{"beginToken":{"kind":94,"text":"listeners"},"endToken":{"kind":94,"text":"listeners"}},"identifier":"listeners"}},{"!":"com.github.javaparser.ast.expr.MethodCallExpr","range":{"beginLine":38,"beginColumn":27,"endLine":38,"endColumn":70},"tokenRange":{"beginToken":{"kind":94,"text":"listeners"},"endToken":{"kind":98,"text":")"}},"arguments":[],"name":{"!":"com.github.javaparser.ast.expr.SimpleName","range":{"beginLine":38,"beginColumn":37,"endLine":38,"endColumn":68},"tokenRange":{"beginToken":{"kind":94,"text":"getPreCollectionRecreateListener"},"endToken":{"kind":94,"text":"getPreCollectionRecreateListener"}},"identifier":"getPreCollectionRecreateListener"},"scope":{"!":"com.github.javaparser.ast.expr.NameExpr","range":{"beginLine":38,"beginColumn":27,"endLine":38,"endColumn":35},"tokenRange":{"beginToken":{"kind":94,"text":"listeners"},"endToken":{"kind":94,"text":"listeners"}},"name":{"!":"com.github.javaparser.ast.expr.SimpleName","range":{"beginLine":38,"beginColumn":27,"endLine":38,"endColumn":35},"tokenRange":{"beginToken":{"kind":94,"text":"listeners"},"endToken":{"kind":94,"text":"listeners"}},"identifier":"listeners"}}},{"!":"com.github.javaparser.ast.expr.NameExpr","range":{"beginLine":38,"beginColumn":73,"endLine":38,"endColumn":78},"tokenRange":{"beginToken":{"kind":94,"text":"parent"},"endToken":{"kind":94,"text":"parent"}},"name":{"!":"com.github.javaparser.ast.expr.SimpleName","range":{"beginLine":38,"beginColumn":73,"endLine":38,"endColumn":78},"tokenRange":{"beginToken":{"kind":94,"text":"parent"},"endToken":{"kind":94,"text":"parent"}},"identifier":"parent"}},{"!":"com.github.javaparser.ast.expr.UnaryExpr","range":{"beginLine":38,"beginColumn":81,"endLine":38,"endColumn":87},"tokenRange":{"beginToken":{"kind":94,"text":"index"},"endToken":{"kind":122,"text":"++"}},"expression":{"!":"com.github.javaparser.ast.expr.NameExpr","range":{"beginLine":38,"beginColumn":81,"endLine":38,"endColumn":85},"tokenRange":{"beginToken":{"kind":94,"text":"index"},"endToken":{"kind":94,"text":"index"}},"name":{"!":"com.github.javaparser.ast.expr.SimpleName","range":{"beginLine":38,"beginColumn":81,"endLine":38,"endColumn":85},"tokenRange":{"beginToken":{"kind":94,"text":"index"},"endToken":{"kind":94,"text":"index"}},"identifier":"index"}},"operator":"POSTFIX_INCREMENT"}],"name":{"!":"com.github.javaparser.ast.expr.SimpleName","range":{"beginLine":38,"beginColumn":3,"endLine":38,"endColumn":13},"tokenRange":{"beginToken":{"kind":94,"text":"checkResult"},"endToken":{"kind":94,"text":"checkResult"}},"identifier":"checkResult"}}},{"!":"com.github.javaparser.ast.stmt.ExpressionStmt","range":{"beginLine":39,"beginColumn":3,"endLine":39,"endColumn":91},"tokenRange":{"beginToken":{"kind":94,"text":"checkResult"},"endToken":{"kind":103,"text":";"}},"expression":{"!":"com.github.javaparser.ast.expr.MethodCallExpr","range":{"beginLine":39,"beginColumn":3,"endLine":39,"endColumn":90},"tokenRange":{"beginToken":{"kind":94,"text":"checkResult"},"endToken":{"kind":98,"text":")"}},"arguments":[{"!":"com.github.javaparser.ast.expr.NameExpr","range":{"beginLine":39,"beginColumn":16,"endLine":39,"endColumn":24},"tokenRange":{"beginToken":{"kind":94,"text":"listeners"},"endToken":{"kind":94,"text":"listeners"}},"name":{"!":"com.github.javaparser.ast.expr.SimpleName","range":{"beginLine":39,"beginColumn":16,"endLine":39,"endColumn":24},"tokenRange":{"beginToken":{"kind":94,"text":"listeners"},"endToken":{"kind":94,"text":"listeners"}},"identifier":"listeners"}},{"!":"com.github.javaparser.ast.expr.MethodCallExpr","range":{"beginLine":39,"beginColumn":27,"endLine":39,"endColumn":71},"tokenRange":{"beginToken":{"kind":94,"text":"listeners"},"endToken":{"kind":98,"text":")"}},"arguments":[],"name":{"!":"com.github.javaparser.ast.expr.SimpleName","range":{"beginLine":39,"beginColumn":37,"endLine":39,"endColumn":69},"tokenRange":{"beginToken":{"kind":94,"text":"getPostCollectionRecreateListener"},"endToken":{"kind":94,"text":"getPostCollectionRecreateListener"}},"identifier":"getPostCollectionRecreateListener"},"scope":{"!":"com.github.javaparser.ast.expr.NameExpr","range":{"beginLine":39,"beginColumn":27,"endLine":39,"endColumn":35},"tokenRange":{"beginToken":{"kind":94,"text":"listeners"},"endToken":{"kind":94,"text":"listeners"}},"name":{"!":"com.github.javaparser.ast.expr.SimpleName","range":{"beginLine":39,"beginColumn":27,"endLine":39,"endColumn":35},"tokenRange":{"beginToken":{"kind":94,"text":"listeners"},"endToken":{"kind":94,"text":"listeners"}},"identifier":"listeners"}}},{"!":"com.github.javaparser.ast.expr.NameExpr","range":{"beginLine":39,"beginColumn":74,"endLine":39,"endColumn":79},"tokenRange":{"beginToken":{"kind":94,"text":"parent"},"endToken":{"kind":94,"text":"parent"}},"name":{"!":"com.github.javaparser.ast.expr.SimpleName","range":{"beginLine":39,"beginColumn":74,"endLine":39,"endColumn":79},"tokenRange":{"beginToken":{"kind":94,"text":"parent"},"endToken":{"kind":94,"text":"parent"}},"identifier":"parent"}},{"!":"com.github.javaparser.ast.expr.UnaryExpr","range":{"beginLine":39,"beginColumn":82,"endLine":39,"endColumn":88},"tokenRange":{"beginToken":{"kind":94,"text":"index"},"endToken":{"kind":122,"text":"++"}},"expression":{"!":"com.github.javaparser.ast.expr.NameExpr","range":{"beginLine":39,"beginColumn":82,"endLine":39,"endColumn":86},"tokenRange":{"beginToken":{"kind":94,"text":"index"},"endToken":{"kind":94,"text":"index"}},"name":{"!":"com.github.javaparser.ast.expr.SimpleName","range":{"beginLine":39,"beginColumn":82,"endLine":39,"endColumn":86},"tokenRange":{"beginToken":{"kind":94,"text":"index"},"endToken":{"kind":94,"text":"index"}},"identifier":"index"}},"operator":"POSTFIX_INCREMENT"}],"name":{"!":"com.github.javaparser.ast.expr.SimpleName","range":{"beginLine":39,"beginColumn":3,"endLine":39,"endColumn":13},"tokenRange":{"beginToken":{"kind":94,"text":"checkResult"},"endToken":{"kind":94,"text":"checkResult"}},"identifier":"checkResult"}}},{"!":"com.github.javaparser.ast.stmt.ExpressionStmt","range":{"beginLine":40,"beginColumn":3,"endLine":40,"endColumn":43},"tokenRange":{"beginToken":{"kind":94,"text":"checkNumberOfResults"},"endToken":{"kind":103,"text":";"}},"expression":{"!":"com.github.javaparser.ast.expr.MethodCallExpr","range":{"beginLine":40,"beginColumn":3,"endLine":40,"endColumn":42},"tokenRange":{"beginToken":{"kind":94,"text":"checkNumberOfResults"},"endToken":{"kind":98,"text":")"}},"arguments":[{"!":"com.github.javaparser.ast.expr.NameExpr","range":{"beginLine":40,"beginColumn":25,"endLine":40,"endColumn":33},"tokenRange":{"beginToken":{"kind":94,"text":"listeners"},"endToken":{"kind":94,"text":"listeners"}},"name":{"!":"com.github.javaparser.ast.expr.SimpleName","range":{"beginLine":40,"beginColumn":25,"endLine":40,"endColumn":33},"tokenRange":{"beginToken":{"kind":94,"text":"listeners"},"endToken":{"kind":94,"text":"listeners"}},"identifier":"listeners"}},{"!":"com.github.javaparser.ast.expr.NameExpr","range":{"beginLine":40,"beginColumn":36,"endLine":40,"endColumn":40},"tokenRange":{"beginToken":{"kind":94,"text":"index"},"endToken":{"kind":94,"text":"index"}},"name":{"!":"com.github.javaparser.ast.expr.SimpleName","range":{"beginLine":40,"beginColumn":36,"endLine":40,"endColumn":40},"tokenRange":{"beginToken":{"kind":94,"text":"index"},"endToken":{"kind":94,"text":"index"}},"identifier":"index"}}],"name":{"!":"com.github.javaparser.ast.expr.SimpleName","range":{"beginLine":40,"beginColumn":3,"endLine":40,"endColumn":22},"tokenRange":{"beginToken":{"kind":94,"text":"checkNumberOfResults"},"endToken":{"kind":94,"text":"checkNumberOfResults"}},"identifier":"checkNumberOfResults"}}}]},"type":{"!":"com.github.javaparser.ast.type.VoidType","range":{"beginLine":3,"beginColumn":9,"endLine":3,"endColumn":12},"tokenRange":{"beginToken":{"kind":62,"text":"void"},"endToken":{"kind":62,"text":"void"}},"annotations":[]},"modifiers":[{"!":"com.github.javaparser.ast.Modifier","range":{"beginLine":3,"beginColumn":2,"endLine":3,"endColumn":7},"tokenRange":{"beginToken":{"kind":47,"text":"public"},"endToken":{"kind":47,"text":"public"}},"keyword":"PUBLIC"}],"name":{"!":"com.github.javaparser.ast.expr.SimpleName","range":{"beginLine":3,"beginColumn":14,"endLine":3,"endColumn":60},"tokenRange":{"beginToken":{"kind":94,"text":"testUpdateParentOneChildDiffCollectionDiffChild"},"endToken":{"kind":94,"text":"testUpdateParentOneChildDiffCollectionDiffChild"}},"identifier":"testUpdateParentOneChildDiffCollectionDiffChild"},"parameters":[],"thrownExceptions":[],"typeParameters":[],"annotations":[{"!":"com.github.javaparser.ast.expr.MarkerAnnotationExpr","range":{"beginLine":2,"beginColumn":2,"endLine":2,"endColumn":6},"tokenRange":{"beginToken":{"kind":107,"text":"@"},"endToken":{"kind":94,"text":"Test"}},"name":{"!":"com.github.javaparser.ast.expr.Name","range":{"beginLine":2,"beginColumn":3,"endLine":2,"endColumn":6},"tokenRange":{"beginToken":{"kind":94,"text":"Test"},"endToken":{"kind":94,"text":"Test"}},"identifier":"Test"}}]}],"modifiers":[],"name":{"!":"com.github.javaparser.ast.expr.SimpleName","range":{"beginLine":1,"beginColumn":7,"endLine":1,"endColumn":10},"tokenRange":{"beginToken":{"kind":94,"text":"Test"},"endToken":{"kind":94,"text":"Test"}},"identifier":"Test"},"annotations":[]}]}