{"!":"com.github.javaparser.ast.CompilationUnit","range":{"beginLine":1,"beginColumn":1,"endLine":26,"endColumn":2},"tokenRange":{"beginToken":{"kind":19,"text":"class"},"endToken":{"kind":0,"text":""}},"imports":[],"types":[{"!":"com.github.javaparser.ast.body.ClassOrInterfaceDeclaration","range":{"beginLine":1,"beginColumn":1,"endLine":26,"endColumn":2},"tokenRange":{"beginToken":{"kind":19,"text":"class"},"endToken":{"kind":100,"text":"}"}},"extendedTypes":[],"implementedTypes":[],"isInterface":"false","typeParameters":[],"members":[{"!":"com.github.javaparser.ast.body.MethodDeclaration","range":{"beginLine":2,"beginColumn":2,"endLine":24,"endColumn":2},"tokenRange":{"beginToken":{"kind":107,"text":"@"},"endToken":{"kind":100,"text":"}"}},"body":{"!":"com.github.javaparser.ast.stmt.BlockStmt","range":{"beginLine":3,"beginColumn":57,"endLine":24,"endColumn":2},"tokenRange":{"beginToken":{"kind":99,"text":"{"},"endToken":{"kind":100,"text":"}"}},"statements":[{"!":"com.github.javaparser.ast.stmt.IfStmt","range":{"beginLine":5,"beginColumn":3,"endLine":6,"endColumn":76},"tokenRange":{"beginToken":{"kind":34,"text":"if"},"endToken":{"kind":103,"text":";"}},"condition":{"!":"com.github.javaparser.ast.expr.InstanceOfExpr","range":{"beginLine":5,"beginColumn":6,"endLine":5,"endColumn":43},"tokenRange":{"beginToken":{"kind":94,"text":"entity"},"endToken":{"kind":94,"text":"SelfDirtinessTracker"}},"expression":{"!":"com.github.javaparser.ast.expr.NameExpr","range":{"beginLine":5,"beginColumn":6,"endLine":5,"endColumn":11},"tokenRange":{"beginToken":{"kind":94,"text":"entity"},"endToken":{"kind":94,"text":"entity"}},"name":{"!":"com.github.javaparser.ast.expr.SimpleName","range":{"beginLine":5,"beginColumn":6,"endLine":5,"endColumn":11},"tokenRange":{"beginToken":{"kind":94,"text":"entity"},"endToken":{"kind":94,"text":"entity"}},"identifier":"entity"}},"type":{"!":"com.github.javaparser.ast.type.ClassOrInterfaceType","range":{"beginLine":5,"beginColumn":24,"endLine":5,"endColumn":43},"tokenRange":{"beginToken":{"kind":94,"text":"SelfDirtinessTracker"},"endToken":{"kind":94,"text":"SelfDirtinessTracker"}},"name":{"!":"com.github.javaparser.ast.expr.SimpleName","range":{"beginLine":5,"beginColumn":24,"endLine":5,"endColumn":43},"tokenRange":{"beginToken":{"kind":94,"text":"SelfDirtinessTracker"},"endToken":{"kind":94,"text":"SelfDirtinessTracker"}},"identifier":"SelfDirtinessTracker"},"annotations":[]}},"thenStmt":{"!":"com.github.javaparser.ast.stmt.ReturnStmt","range":{"beginLine":6,"beginColumn":4,"endLine":6,"endColumn":76},"tokenRange":{"beginToken":{"kind":49,"text":"return"},"endToken":{"kind":103,"text":";"}},"expression":{"!":"com.github.javaparser.ast.expr.MethodCallExpr","range":{"beginLine":6,"beginColumn":11,"endLine":6,"endColumn":75},"tokenRange":{"beginToken":{"kind":97,"text":"("},"endToken":{"kind":98,"text":")"}},"arguments":[],"name":{"!":"com.github.javaparser.ast.expr.SimpleName","range":{"beginLine":6,"beginColumn":43,"endLine":6,"endColumn":73},"tokenRange":{"beginToken":{"kind":94,"text":"$$_hibernate_hasDirtyAttributes"},"endToken":{"kind":94,"text":"$$_hibernate_hasDirtyAttributes"}},"identifier":"$$_hibernate_hasDirtyAttributes"},"scope":{"!":"com.github.javaparser.ast.expr.EnclosedExpr","range":{"beginLine":6,"beginColumn":11,"endLine":6,"endColumn":41},"tokenRange":{"beginToken":{"kind":97,"text":"("},"endToken":{"kind":98,"text":")"}},"inner":{"!":"com.github.javaparser.ast.expr.CastExpr","range":{"beginLine":6,"beginColumn":12,"endLine":6,"endColumn":40},"tokenRange":{"beginToken":{"kind":97,"text":"("},"endToken":{"kind":94,"text":"entity"}},"expression":{"!":"com.github.javaparser.ast.expr.NameExpr","range":{"beginLine":6,"beginColumn":35,"endLine":6,"endColumn":40},"tokenRange":{"beginToken":{"kind":94,"text":"entity"},"endToken":{"kind":94,"text":"entity"}},"name":{"!":"com.github.javaparser.ast.expr.SimpleName","range":{"beginLine":6,"beginColumn":35,"endLine":6,"endColumn":40},"tokenRange":{"beginToken":{"kind":94,"text":"entity"},"endToken":{"kind":94,"text":"entity"}},"identifier":"entity"}},"type":{"!":"com.github.javaparser.ast.type.ClassOrInterfaceType","range":{"beginLine":6,"beginColumn":13,"endLine":6,"endColumn":32},"tokenRange":{"beginToken":{"kind":94,"text":"SelfDirtinessTracker"},"endToken":{"kind":94,"text":"SelfDirtinessTracker"}},"name":{"!":"com.github.javaparser.ast.expr.SimpleName","range":{"beginLine":6,"beginColumn":13,"endLine":6,"endColumn":32},"tokenRange":{"beginToken":{"kind":94,"text":"SelfDirtinessTracker"},"endToken":{"kind":94,"text":"SelfDirtinessTracker"}},"identifier":"SelfDirtinessTracker"},"annotations":[]}}}}}},{"!":"com.github.javaparser.ast.stmt.ExpressionStmt","range":{"beginLine":8,"beginColumn":3,"endLine":9,"endColumn":84},"tokenRange":{"beginToken":{"kind":29,"text":"final"},"endToken":{"kind":103,"text":";"}},"expression":{"!":"com.github.javaparser.ast.expr.VariableDeclarationExpr","range":{"beginLine":8,"beginColumn":3,"endLine":9,"endColumn":83},"tokenRange":{"beginToken":{"kind":29,"text":"final"},"endToken":{"kind":98,"text":")"}},"annotations":[],"modifiers":[{"!":"com.github.javaparser.ast.Modifier","range":{"beginLine":8,"beginColumn":3,"endLine":8,"endColumn":7},"tokenRange":{"beginToken":{"kind":29,"text":"final"},"endToken":{"kind":29,"text":"final"}},"keyword":"FINAL"}],"variables":[{"!":"com.github.javaparser.ast.body.VariableDeclarator","range":{"beginLine":8,"beginColumn":39,"endLine":9,"endColumn":83},"tokenRange":{"beginToken":{"kind":94,"text":"customEntityDirtinessStrategy"},"endToken":{"kind":98,"text":")"}},"initializer":{"!":"com.github.javaparser.ast.expr.MethodCallExpr","range":{"beginLine":9,"beginColumn":5,"endLine":9,"endColumn":83},"tokenRange":{"beginToken":{"kind":94,"text":"persistenceContext"},"endToken":{"kind":98,"text":")"}},"arguments":[],"name":{"!":"com.github.javaparser.ast.expr.SimpleName","range":{"beginLine":9,"beginColumn":50,"endLine":9,"endColumn":81},"tokenRange":{"beginToken":{"kind":94,"text":"getCustomEntityDirtinessStrategy"},"endToken":{"kind":94,"text":"getCustomEntityDirtinessStrategy"}},"identifier":"getCustomEntityDirtinessStrategy"},"scope":{"!":"com.github.javaparser.ast.expr.MethodCallExpr","range":{"beginLine":9,"beginColumn":5,"endLine":9,"endColumn":48},"tokenRange":{"beginToken":{"kind":94,"text":"persistenceContext"},"endToken":{"kind":98,"text":")"}},"arguments":[],"name":{"!":"com.github.javaparser.ast.expr.SimpleName","range":{"beginLine":9,"beginColumn":37,"endLine":9,"endColumn":46},"tokenRange":{"beginToken":{"kind":94,"text":"getFactory"},"endToken":{"kind":94,"text":"getFactory"}},"identifier":"getFactory"},"scope":{"!":"com.github.javaparser.ast.expr.MethodCallExpr","range":{"beginLine":9,"beginColumn":5,"endLine":9,"endColumn":35},"tokenRange":{"beginToken":{"kind":94,"text":"persistenceContext"},"endToken":{"kind":98,"text":")"}},"arguments":[],"name":{"!":"com.github.javaparser.ast.expr.SimpleName","range":{"beginLine":9,"beginColumn":24,"endLine":9,"endColumn":33},"tokenRange":{"beginToken":{"kind":94,"text":"getSession"},"endToken":{"kind":94,"text":"getSession"}},"identifier":"getSession"},"scope":{"!":"com.github.javaparser.ast.expr.NameExpr","range":{"beginLine":9,"beginColumn":5,"endLine":9,"endColumn":22},"tokenRange":{"beginToken":{"kind":94,"text":"persistenceContext"},"endToken":{"kind":94,"text":"persistenceContext"}},"name":{"!":"com.github.javaparser.ast.expr.SimpleName","range":{"beginLine":9,"beginColumn":5,"endLine":9,"endColumn":22},"tokenRange":{"beginToken":{"kind":94,"text":"persistenceContext"},"endToken":{"kind":94,"text":"persistenceContext"}},"identifier":"persistenceContext"}}}}},"name":{"!":"com.github.javaparser.ast.expr.SimpleName","range":{"beginLine":8,"beginColumn":39,"endLine":8,"endColumn":67},"tokenRange":{"beginToken":{"kind":94,"text":"customEntityDirtinessStrategy"},"endToken":{"kind":94,"text":"customEntityDirtinessStrategy"}},"identifier":"customEntityDirtinessStrategy"},"type":{"!":"com.github.javaparser.ast.type.ClassOrInterfaceType","range":{"beginLine":8,"beginColumn":9,"endLine":8,"endColumn":37},"tokenRange":{"beginToken":{"kind":94,"text":"CustomEntityDirtinessStrategy"},"endToken":{"kind":94,"text":"CustomEntityDirtinessStrategy"}},"name":{"!":"com.github.javaparser.ast.expr.SimpleName","range":{"beginLine":8,"beginColumn":9,"endLine":8,"endColumn":37},"tokenRange":{"beginToken":{"kind":94,"text":"CustomEntityDirtinessStrategy"},"endToken":{"kind":94,"text":"CustomEntityDirtinessStrategy"}},"identifier":"CustomEntityDirtinessStrategy"},"annotations":[]}}]}},{"!":"com.github.javaparser.ast.stmt.IfStmt","range":{"beginLine":10,"beginColumn":3,"endLine":12,"endColumn":3},"tokenRange":{"beginToken":{"kind":34,"text":"if"},"endToken":{"kind":100,"text":"}"}},"condition":{"!":"com.github.javaparser.ast.expr.MethodCallExpr","range":{"beginLine":10,"beginColumn":8,"endLine":10,"endColumn":119},"tokenRange":{"beginToken":{"kind":94,"text":"customEntityDirtinessStrategy"},"endToken":{"kind":98,"text":")"}},"arguments":[{"!":"com.github.javaparser.ast.expr.NameExpr","range":{"beginLine":10,"beginColumn":53,"endLine":10,"endColumn":58},"tokenRange":{"beginToken":{"kind":94,"text":"entity"},"endToken":{"kind":94,"text":"entity"}},"name":{"!":"com.github.javaparser.ast.expr.SimpleName","range":{"beginLine":10,"beginColumn":53,"endLine":10,"endColumn":58},"tokenRange":{"beginToken":{"kind":94,"text":"entity"},"endToken":{"kind":94,"text":"entity"}},"identifier":"entity"}},{"!":"com.github.javaparser.ast.expr.MethodCallExpr","range":{"beginLine":10,"beginColumn":61,"endLine":10,"endColumn":74},"tokenRange":{"beginToken":{"kind":94,"text":"getPersister"},"endToken":{"kind":98,"text":")"}},"arguments":[],"name":{"!":"com.github.javaparser.ast.expr.SimpleName","range":{"beginLine":10,"beginColumn":61,"endLine":10,"endColumn":72},"tokenRange":{"beginToken":{"kind":94,"text":"getPersister"},"endToken":{"kind":94,"text":"getPersister"}},"identifier":"getPersister"}},{"!":"com.github.javaparser.ast.expr.CastExpr","range":{"beginLine":10,"beginColumn":77,"endLine":10,"endColumn":117},"tokenRange":{"beginToken":{"kind":97,"text":"("},"endToken":{"kind":98,"text":")"}},"expression":{"!":"com.github.javaparser.ast.expr.MethodCallExpr","range":{"beginLine":10,"beginColumn":87,"endLine":10,"endColumn":117},"tokenRange":{"beginToken":{"kind":94,"text":"persistenceContext"},"endToken":{"kind":98,"text":")"}},"arguments":[],"name":{"!":"com.github.javaparser.ast.expr.SimpleName","range":{"beginLine":10,"beginColumn":106,"endLine":10,"endColumn":115},"tokenRange":{"beginToken":{"kind":94,"text":"getSession"},"endToken":{"kind":94,"text":"getSession"}},"identifier":"getSession"},"scope":{"!":"com.github.javaparser.ast.expr.NameExpr","range":{"beginLine":10,"beginColumn":87,"endLine":10,"endColumn":104},"tokenRange":{"beginToken":{"kind":94,"text":"persistenceContext"},"endToken":{"kind":94,"text":"persistenceContext"}},"name":{"!":"com.github.javaparser.ast.expr.SimpleName","range":{"beginLine":10,"beginColumn":87,"endLine":10,"endColumn":104},"tokenRange":{"beginToken":{"kind":94,"text":"persistenceContext"},"endToken":{"kind":94,"text":"persistenceContext"}},"identifier":"persistenceContext"}}},"type":{"!":"com.github.javaparser.ast.type.ClassOrInterfaceType","range":{"beginLine":10,"beginColumn":78,"endLine":10,"endColumn":84},"tokenRange":{"beginToken":{"kind":94,"text":"Session"},"endToken":{"kind":94,"text":"Session"}},"name":{"!":"com.github.javaparser.ast.expr.SimpleName","range":{"beginLine":10,"beginColumn":78,"endLine":10,"endColumn":84},"tokenRange":{"beginToken":{"kind":94,"text":"Session"},"endToken":{"kind":94,"text":"Session"}},"identifier":"Session"},"annotations":[]}}],"name":{"!":"com.github.javaparser.ast.expr.SimpleName","range":{"beginLine":10,"beginColumn":38,"endLine":10,"endColumn":50},"tokenRange":{"beginToken":{"kind":94,"text":"canDirtyCheck"},"endToken":{"kind":94,"text":"canDirtyCheck"}},"identifier":"canDirtyCheck"},"scope":{"!":"com.github.javaparser.ast.expr.NameExpr","range":{"beginLine":10,"beginColumn":8,"endLine":10,"endColumn":36},"tokenRange":{"beginToken":{"kind":94,"text":"customEntityDirtinessStrategy"},"endToken":{"kind":94,"text":"customEntityDirtinessStrategy"}},"name":{"!":"com.github.javaparser.ast.expr.SimpleName","range":{"beginLine":10,"beginColumn":8,"endLine":10,"endColumn":36},"tokenRange":{"beginToken":{"kind":94,"text":"customEntityDirtinessStrategy"},"endToken":{"kind":94,"text":"customEntityDirtinessStrategy"}},"identifier":"customEntityDirtinessStrategy"}}},"thenStmt":{"!":"com.github.javaparser.ast.stmt.BlockStmt","range":{"beginLine":10,"beginColumn":123,"endLine":12,"endColumn":3},"tokenRange":{"beginToken":{"kind":99,"text":"{"},"endToken":{"kind":100,"text":"}"}},"statements":[{"!":"com.github.javaparser.ast.stmt.ReturnStmt","range":{"beginLine":11,"beginColumn":4,"endLine":11,"endColumn":119},"tokenRange":{"beginToken":{"kind":49,"text":"return"},"endToken":{"kind":103,"text":";"}},"expression":{"!":"com.github.javaparser.ast.expr.UnaryExpr","range":{"beginLine":11,"beginColumn":11,"endLine":11,"endColumn":118},"tokenRange":{"beginToken":{"kind":111,"text":"!"},"endToken":{"kind":98,"text":")"}},"expression":{"!":"com.github.javaparser.ast.expr.MethodCallExpr","range":{"beginLine":11,"beginColumn":13,"endLine":11,"endColumn":118},"tokenRange":{"beginToken":{"kind":94,"text":"customEntityDirtinessStrategy"},"endToken":{"kind":98,"text":")"}},"arguments":[{"!":"com.github.javaparser.ast.expr.NameExpr","range":{"beginLine":11,"beginColumn":52,"endLine":11,"endColumn":57},"tokenRange":{"beginToken":{"kind":94,"text":"entity"},"endToken":{"kind":94,"text":"entity"}},"name":{"!":"com.github.javaparser.ast.expr.SimpleName","range":{"beginLine":11,"beginColumn":52,"endLine":11,"endColumn":57},"tokenRange":{"beginToken":{"kind":94,"text":"entity"},"endToken":{"kind":94,"text":"entity"}},"identifier":"entity"}},{"!":"com.github.javaparser.ast.expr.MethodCallExpr","range":{"beginLine":11,"beginColumn":60,"endLine":11,"endColumn":73},"tokenRange":{"beginToken":{"kind":94,"text":"getPersister"},"endToken":{"kind":98,"text":")"}},"arguments":[],"name":{"!":"com.github.javaparser.ast.expr.SimpleName","range":{"beginLine":11,"beginColumn":60,"endLine":11,"endColumn":71},"tokenRange":{"beginToken":{"kind":94,"text":"getPersister"},"endToken":{"kind":94,"text":"getPersister"}},"identifier":"getPersister"}},{"!":"com.github.javaparser.ast.expr.CastExpr","range":{"beginLine":11,"beginColumn":76,"endLine":11,"endColumn":116},"tokenRange":{"beginToken":{"kind":97,"text":"("},"endToken":{"kind":98,"text":")"}},"expression":{"!":"com.github.javaparser.ast.expr.MethodCallExpr","range":{"beginLine":11,"beginColumn":86,"endLine":11,"endColumn":116},"tokenRange":{"beginToken":{"kind":94,"text":"persistenceContext"},"endToken":{"kind":98,"text":")"}},"arguments":[],"name":{"!":"com.github.javaparser.ast.expr.SimpleName","range":{"beginLine":11,"beginColumn":105,"endLine":11,"endColumn":114},"tokenRange":{"beginToken":{"kind":94,"text":"getSession"},"endToken":{"kind":94,"text":"getSession"}},"identifier":"getSession"},"scope":{"!":"com.github.javaparser.ast.expr.NameExpr","range":{"beginLine":11,"beginColumn":86,"endLine":11,"endColumn":103},"tokenRange":{"beginToken":{"kind":94,"text":"persistenceContext"},"endToken":{"kind":94,"text":"persistenceContext"}},"name":{"!":"com.github.javaparser.ast.expr.SimpleName","range":{"beginLine":11,"beginColumn":86,"endLine":11,"endColumn":103},"tokenRange":{"beginToken":{"kind":94,"text":"persistenceContext"},"endToken":{"kind":94,"text":"persistenceContext"}},"identifier":"persistenceContext"}}},"type":{"!":"com.github.javaparser.ast.type.ClassOrInterfaceType","range":{"beginLine":11,"beginColumn":77,"endLine":11,"endColumn":83},"tokenRange":{"beginToken":{"kind":94,"text":"Session"},"endToken":{"kind":94,"text":"Session"}},"name":{"!":"com.github.javaparser.ast.expr.SimpleName","range":{"beginLine":11,"beginColumn":77,"endLine":11,"endColumn":83},"tokenRange":{"beginToken":{"kind":94,"text":"Session"},"endToken":{"kind":94,"text":"Session"}},"identifier":"Session"},"annotations":[]}}],"name":{"!":"com.github.javaparser.ast.expr.SimpleName","range":{"beginLine":11,"beginColumn":43,"endLine":11,"endColumn":49},"tokenRange":{"beginToken":{"kind":94,"text":"isDirty"},"endToken":{"kind":94,"text":"isDirty"}},"identifier":"isDirty"},"scope":{"!":"com.github.javaparser.ast.expr.NameExpr","range":{"beginLine":11,"beginColumn":13,"endLine":11,"endColumn":41},"tokenRange":{"beginToken":{"kind":94,"text":"customEntityDirtinessStrategy"},"endToken":{"kind":94,"text":"customEntityDirtinessStrategy"}},"name":{"!":"com.github.javaparser.ast.expr.SimpleName","range":{"beginLine":11,"beginColumn":13,"endLine":11,"endColumn":41},"tokenRange":{"beginToken":{"kind":94,"text":"customEntityDirtinessStrategy"},"endToken":{"kind":94,"text":"customEntityDirtinessStrategy"}},"identifier":"customEntityDirtinessStrategy"}}},"operator":"LOGICAL_COMPLEMENT"}}]}},{"!":"com.github.javaparser.ast.stmt.IfStmt","range":{"beginLine":14,"beginColumn":3,"endLine":16,"endColumn":3},"tokenRange":{"beginToken":{"kind":34,"text":"if"},"endToken":{"kind":100,"text":"}"}},"condition":{"!":"com.github.javaparser.ast.expr.MethodCallExpr","range":{"beginLine":14,"beginColumn":8,"endLine":14,"endColumn":44},"tokenRange":{"beginToken":{"kind":94,"text":"getPersister"},"endToken":{"kind":98,"text":")"}},"arguments":[],"name":{"!":"com.github.javaparser.ast.expr.SimpleName","range":{"beginLine":14,"beginColumn":23,"endLine":14,"endColumn":42},"tokenRange":{"beginToken":{"kind":94,"text":"hasMutableProperties"},"endToken":{"kind":94,"text":"hasMutableProperties"}},"identifier":"hasMutableProperties"},"scope":{"!":"com.github.javaparser.ast.expr.MethodCallExpr","range":{"beginLine":14,"beginColumn":8,"endLine":14,"endColumn":21},"tokenRange":{"beginToken":{"kind":94,"text":"getPersister"},"endToken":{"kind":98,"text":")"}},"arguments":[],"name":{"!":"com.github.javaparser.ast.expr.SimpleName","range":{"beginLine":14,"beginColumn":8,"endLine":14,"endColumn":19},"tokenRange":{"beginToken":{"kind":94,"text":"getPersister"},"endToken":{"kind":94,"text":"getPersister"}},"identifier":"getPersister"}}},"thenStmt":{"!":"com.github.javaparser.ast.stmt.BlockStmt","range":{"beginLine":14,"beginColumn":48,"endLine":16,"endColumn":3},"tokenRange":{"beginToken":{"kind":99,"text":"{"},"endToken":{"kind":100,"text":"}"}},"statements":[{"!":"com.github.javaparser.ast.stmt.ReturnStmt","range":{"beginLine":15,"beginColumn":4,"endLine":15,"endColumn":16},"tokenRange":{"beginToken":{"kind":49,"text":"return"},"endToken":{"kind":103,"text":";"}},"expression":{"!":"com.github.javaparser.ast.expr.BooleanLiteralExpr","range":{"beginLine":15,"beginColumn":11,"endLine":15,"endColumn":15},"tokenRange":{"beginToken":{"kind":28,"text":"false"},"endToken":{"kind":28,"text":"false"}},"value":"false"}}]}},{"!":"com.github.javaparser.ast.stmt.IfStmt","range":{"beginLine":18,"beginColumn":3,"endLine":21,"endColumn":3},"tokenRange":{"beginToken":{"kind":34,"text":"if"},"endToken":{"kind":100,"text":"}"}},"condition":{"!":"com.github.javaparser.ast.expr.MethodCallExpr","range":{"beginLine":18,"beginColumn":8,"endLine":18,"endColumn":67},"tokenRange":{"beginToken":{"kind":94,"text":"getPersister"},"endToken":{"kind":98,"text":")"}},"arguments":[],"name":{"!":"com.github.javaparser.ast.expr.SimpleName","range":{"beginLine":18,"beginColumn":52,"endLine":18,"endColumn":65},"tokenRange":{"beginToken":{"kind":94,"text":"isInstrumented"},"endToken":{"kind":94,"text":"isInstrumented"}},"identifier":"isInstrumented"},"scope":{"!":"com.github.javaparser.ast.expr.MethodCallExpr","range":{"beginLine":18,"beginColumn":8,"endLine":18,"endColumn":50},"tokenRange":{"beginToken":{"kind":94,"text":"getPersister"},"endToken":{"kind":98,"text":")"}},"arguments":[],"name":{"!":"com.github.javaparser.ast.expr.SimpleName","range":{"beginLine":18,"beginColumn":23,"endLine":18,"endColumn":48},"tokenRange":{"beginToken":{"kind":94,"text":"getInstrumentationMetadata"},"endToken":{"kind":94,"text":"getInstrumentationMetadata"}},"identifier":"getInstrumentationMetadata"},"scope":{"!":"com.github.javaparser.ast.expr.MethodCallExpr","range":{"beginLine":18,"beginColumn":8,"endLine":18,"endColumn":21},"tokenRange":{"beginToken":{"kind":94,"text":"getPersister"},"endToken":{"kind":98,"text":")"}},"arguments":[],"name":{"!":"com.github.javaparser.ast.expr.SimpleName","range":{"beginLine":18,"beginColumn":8,"endLine":18,"endColumn":19},"tokenRange":{"beginToken":{"kind":94,"text":"getPersister"},"endToken":{"kind":94,"text":"getPersister"}},"identifier":"getPersister"}}}},"thenStmt":{"!":"com.github.javaparser.ast.stmt.BlockStmt","range":{"beginLine":18,"beginColumn":71,"endLine":21,"endColumn":3},"tokenRange":{"beginToken":{"kind":99,"text":"{"},"endToken":{"kind":100,"text":"}"}},"statements":[{"!":"com.github.javaparser.ast.stmt.ReturnStmt","range":{"beginLine":20,"beginColumn":4,"endLine":20,"endColumn":95},"tokenRange":{"beginToken":{"kind":49,"text":"return"},"endToken":{"kind":103,"text":";"}},"expression":{"!":"com.github.javaparser.ast.expr.UnaryExpr","range":{"beginLine":20,"beginColumn":11,"endLine":20,"endColumn":94},"tokenRange":{"beginToken":{"kind":111,"text":"!"},"endToken":{"kind":98,"text":")"}},"expression":{"!":"com.github.javaparser.ast.expr.MethodCallExpr","range":{"beginLine":20,"beginColumn":13,"endLine":20,"endColumn":94},"tokenRange":{"beginToken":{"kind":94,"text":"getPersister"},"endToken":{"kind":98,"text":")"}},"arguments":[],"name":{"!":"com.github.javaparser.ast.expr.SimpleName","range":{"beginLine":20,"beginColumn":86,"endLine":20,"endColumn":92},"tokenRange":{"beginToken":{"kind":94,"text":"isDirty"},"endToken":{"kind":94,"text":"isDirty"}},"identifier":"isDirty"},"scope":{"!":"com.github.javaparser.ast.expr.MethodCallExpr","range":{"beginLine":20,"beginColumn":13,"endLine":20,"endColumn":84},"tokenRange":{"beginToken":{"kind":94,"text":"getPersister"},"endToken":{"kind":98,"text":")"}},"arguments":[{"!":"com.github.javaparser.ast.expr.NameExpr","range":{"beginLine":20,"beginColumn":77,"endLine":20,"endColumn":82},"tokenRange":{"beginToken":{"kind":94,"text":"entity"},"endToken":{"kind":94,"text":"entity"}},"name":{"!":"com.github.javaparser.ast.expr.SimpleName","range":{"beginLine":20,"beginColumn":77,"endLine":20,"endColumn":82},"tokenRange":{"beginToken":{"kind":94,"text":"entity"},"endToken":{"kind":94,"text":"entity"}},"identifier":"entity"}}],"name":{"!":"com.github.javaparser.ast.expr.SimpleName","range":{"beginLine":20,"beginColumn":57,"endLine":20,"endColumn":74},"tokenRange":{"beginToken":{"kind":94,"text":"extractInterceptor"},"endToken":{"kind":94,"text":"extractInterceptor"}},"identifier":"extractInterceptor"},"scope":{"!":"com.github.javaparser.ast.expr.MethodCallExpr","range":{"beginLine":20,"beginColumn":13,"endLine":20,"endColumn":55},"tokenRange":{"beginToken":{"kind":94,"text":"getPersister"},"endToken":{"kind":98,"text":")"}},"arguments":[],"name":{"!":"com.github.javaparser.ast.expr.SimpleName","range":{"beginLine":20,"beginColumn":28,"endLine":20,"endColumn":53},"tokenRange":{"beginToken":{"kind":94,"text":"getInstrumentationMetadata"},"endToken":{"kind":94,"text":"getInstrumentationMetadata"}},"identifier":"getInstrumentationMetadata"},"scope":{"!":"com.github.javaparser.ast.expr.MethodCallExpr","range":{"beginLine":20,"beginColumn":13,"endLine":20,"endColumn":26},"tokenRange":{"beginToken":{"kind":94,"text":"getPersister"},"endToken":{"kind":98,"text":")"}},"arguments":[],"name":{"!":"com.github.javaparser.ast.expr.SimpleName","range":{"beginLine":20,"beginColumn":13,"endLine":20,"endColumn":24},"tokenRange":{"beginToken":{"kind":94,"text":"getPersister"},"endToken":{"kind":94,"text":"getPersister"}},"identifier":"getPersister"}}}}},"operator":"LOGICAL_COMPLEMENT"},"comment":{"!":"com.github.javaparser.ast.comments.LineComment","range":{"beginLine":19,"beginColumn":4,"endLine":19,"endColumn":102},"tokenRange":{"beginToken":{"kind":5,"text":"// the entity must be instrumented (otherwise we cant check dirty flag) and the dirty flag is false"},"endToken":{"kind":5,"text":"// the entity must be instrumented (otherwise we cant check dirty flag) and the dirty flag is false"}},"content":" the entity must be instrumented (otherwise we cant check dirty flag) and the dirty flag is false"}}]}},{"!":"com.github.javaparser.ast.stmt.ReturnStmt","range":{"beginLine":23,"beginColumn":3,"endLine":23,"endColumn":15},"tokenRange":{"beginToken":{"kind":49,"text":"return"},"endToken":{"kind":103,"text":";"}},"expression":{"!":"com.github.javaparser.ast.expr.BooleanLiteralExpr","range":{"beginLine":23,"beginColumn":10,"endLine":23,"endColumn":14},"tokenRange":{"beginToken":{"kind":28,"text":"false"},"endToken":{"kind":28,"text":"false"}},"value":"false"}}]},"type":{"!":"com.github.javaparser.ast.type.PrimitiveType","range":{"beginLine":3,"beginColumn":10,"endLine":3,"endColumn":16},"tokenRange":{"beginToken":{"kind":13,"text":"boolean"},"endToken":{"kind":13,"text":"boolean"}},"type":"BOOLEAN","annotations":[]},"modifiers":[{"!":"com.github.javaparser.ast.Modifier","range":{"beginLine":3,"beginColumn":2,"endLine":3,"endColumn":8},"tokenRange":{"beginToken":{"kind":45,"text":"private"},"endToken":{"kind":45,"text":"private"}},"keyword":"PRIVATE"}],"name":{"!":"com.github.javaparser.ast.expr.SimpleName","range":{"beginLine":3,"beginColumn":18,"endLine":3,"endColumn":40},"tokenRange":{"beginToken":{"kind":94,"text":"isUnequivocallyNonDirty"},"endToken":{"kind":94,"text":"isUnequivocallyNonDirty"}},"identifier":"isUnequivocallyNonDirty"},"parameters":[{"!":"com.github.javaparser.ast.body.Parameter","range":{"beginLine":3,"beginColumn":42,"endLine":3,"endColumn":54},"tokenRange":{"beginToken":{"kind":94,"text":"Object"},"endToken":{"kind":94,"text":"entity"}},"annotations":[],"isVarArgs":"false","modifiers":[],"name":{"!":"com.github.javaparser.ast.expr.SimpleName","range":{"beginLine":3,"beginColumn":49,"endLine":3,"endColumn":54},"tokenRange":{"beginToken":{"kind":94,"text":"entity"},"endToken":{"kind":94,"text":"entity"}},"identifier":"entity"},"type":{"!":"com.github.javaparser.ast.type.ClassOrInterfaceType","range":{"beginLine":3,"beginColumn":42,"endLine":3,"endColumn":47},"tokenRange":{"beginToken":{"kind":94,"text":"Object"},"endToken":{"kind":94,"text":"Object"}},"name":{"!":"com.github.javaparser.ast.expr.SimpleName","range":{"beginLine":3,"beginColumn":42,"endLine":3,"endColumn":47},"tokenRange":{"beginToken":{"kind":94,"text":"Object"},"endToken":{"kind":94,"text":"Object"}},"identifier":"Object"},"annotations":[]},"varArgsAnnotations":[]}],"thrownExceptions":[],"typeParameters":[],"annotations":[{"!":"com.github.javaparser.ast.expr.SingleMemberAnnotationExpr","range":{"beginLine":2,"beginColumn":2,"endLine":2,"endColumn":48},"tokenRange":{"beginToken":{"kind":107,"text":"@"},"endToken":{"kind":98,"text":")"}},"memberValue":{"!":"com.github.javaparser.ast.expr.ArrayInitializerExpr","range":{"beginLine":2,"beginColumn":21,"endLine":2,"endColumn":47},"tokenRange":{"beginToken":{"kind":99,"text":"{"},"endToken":{"kind":100,"text":"}"}},"values":[{"!":"com.github.javaparser.ast.expr.StringLiteralExpr","range":{"beginLine":2,"beginColumn":22,"endLine":2,"endColumn":46},"tokenRange":{"beginToken":{"kind":90,"text":"\"SimplifiableIfStatement\""},"endToken":{"kind":90,"text":"\"SimplifiableIfStatement\""}},"value":"SimplifiableIfStatement"}]},"name":{"!":"com.github.javaparser.ast.expr.Name","range":{"beginLine":2,"beginColumn":3,"endLine":2,"endColumn":18},"tokenRange":{"beginToken":{"kind":94,"text":"SuppressWarnings"},"endToken":{"kind":94,"text":"SuppressWarnings"}},"identifier":"SuppressWarnings"}}]}],"modifiers":[],"name":{"!":"com.github.javaparser.ast.expr.SimpleName","range":{"beginLine":1,"beginColumn":7,"endLine":1,"endColumn":10},"tokenRange":{"beginToken":{"kind":94,"text":"Test"},"endToken":{"kind":94,"text":"Test"}},"identifier":"Test"},"annotations":[]}]}