{"!":"com.github.javaparser.ast.CompilationUnit","range":{"beginLine":1,"beginColumn":1,"endLine":37,"endColumn":2},"tokenRange":{"beginToken":{"kind":19,"text":"class"},"endToken":{"kind":0,"text":""}},"imports":[],"types":[{"!":"com.github.javaparser.ast.body.ClassOrInterfaceDeclaration","range":{"beginLine":1,"beginColumn":1,"endLine":37,"endColumn":2},"tokenRange":{"beginToken":{"kind":19,"text":"class"},"endToken":{"kind":100,"text":"}"}},"extendedTypes":[],"implementedTypes":[],"isInterface":"false","typeParameters":[],"members":[{"!":"com.github.javaparser.ast.body.MethodDeclaration","range":{"beginLine":2,"beginColumn":2,"endLine":35,"endColumn":2},"tokenRange":{"beginToken":{"kind":107,"text":"@"},"endToken":{"kind":100,"text":"}"}},"body":{"!":"com.github.javaparser.ast.stmt.BlockStmt","range":{"beginLine":3,"beginColumn":60,"endLine":35,"endColumn":2},"tokenRange":{"beginToken":{"kind":99,"text":"{"},"endToken":{"kind":100,"text":"}"}},"statements":[{"!":"com.github.javaparser.ast.stmt.ExpressionStmt","range":{"beginLine":4,"beginColumn":3,"endLine":4,"endColumn":28},"tokenRange":{"beginToken":{"kind":94,"text":"SessionFactory"},"endToken":{"kind":103,"text":";"}},"expression":{"!":"com.github.javaparser.ast.expr.VariableDeclarationExpr","range":{"beginLine":4,"beginColumn":3,"endLine":4,"endColumn":27},"tokenRange":{"beginToken":{"kind":94,"text":"SessionFactory"},"endToken":{"kind":43,"text":"null"}},"annotations":[],"modifiers":[],"variables":[{"!":"com.github.javaparser.ast.body.VariableDeclarator","range":{"beginLine":4,"beginColumn":19,"endLine":4,"endColumn":27},"tokenRange":{"beginToken":{"kind":94,"text":"sf"},"endToken":{"kind":43,"text":"null"}},"initializer":{"!":"com.github.javaparser.ast.expr.NullLiteralExpr","range":{"beginLine":4,"beginColumn":24,"endLine":4,"endColumn":27},"tokenRange":{"beginToken":{"kind":43,"text":"null"},"endToken":{"kind":43,"text":"null"}}},"name":{"!":"com.github.javaparser.ast.expr.SimpleName","range":{"beginLine":4,"beginColumn":19,"endLine":4,"endColumn":20},"tokenRange":{"beginToken":{"kind":94,"text":"sf"},"endToken":{"kind":94,"text":"sf"}},"identifier":"sf"},"type":{"!":"com.github.javaparser.ast.type.ClassOrInterfaceType","range":{"beginLine":4,"beginColumn":3,"endLine":4,"endColumn":16},"tokenRange":{"beginToken":{"kind":94,"text":"SessionFactory"},"endToken":{"kind":94,"text":"SessionFactory"}},"name":{"!":"com.github.javaparser.ast.expr.SimpleName","range":{"beginLine":4,"beginColumn":3,"endLine":4,"endColumn":16},"tokenRange":{"beginToken":{"kind":94,"text":"SessionFactory"},"endToken":{"kind":94,"text":"SessionFactory"}},"identifier":"SessionFactory"},"annotations":[]}}]}},{"!":"com.github.javaparser.ast.stmt.TryStmt","range":{"beginLine":5,"beginColumn":3,"endLine":34,"endColumn":3},"tokenRange":{"beginToken":{"kind":61,"text":"try"},"endToken":{"kind":100,"text":"}"}},"catchClauses":[{"!":"com.github.javaparser.ast.stmt.CatchClause","range":{"beginLine":25,"beginColumn":3,"endLine":30,"endColumn":3},"tokenRange":{"beginToken":{"kind":17,"text":"catch"},"endToken":{"kind":100,"text":"}"}},"body":{"!":"com.github.javaparser.ast.stmt.BlockStmt","range":{"beginLine":25,"beginColumn":24,"endLine":30,"endColumn":3},"tokenRange":{"beginToken":{"kind":99,"text":"{"},"endToken":{"kind":100,"text":"}"}},"statements":[{"!":"com.github.javaparser.ast.stmt.ExpressionStmt","range":{"beginLine":26,"beginColumn":4,"endLine":26,"endColumn":44},"tokenRange":{"beginToken":{"kind":94,"text":"StringWriter"},"endToken":{"kind":103,"text":";"}},"expression":{"!":"com.github.javaparser.ast.expr.VariableDeclarationExpr","range":{"beginLine":26,"beginColumn":4,"endLine":26,"endColumn":43},"tokenRange":{"beginToken":{"kind":94,"text":"StringWriter"},"endToken":{"kind":98,"text":")"}},"annotations":[],"modifiers":[],"variables":[{"!":"com.github.javaparser.ast.body.VariableDeclarator","range":{"beginLine":26,"beginColumn":17,"endLine":26,"endColumn":43},"tokenRange":{"beginToken":{"kind":94,"text":"writer"},"endToken":{"kind":98,"text":")"}},"initializer":{"!":"com.github.javaparser.ast.expr.ObjectCreationExpr","range":{"beginLine":26,"beginColumn":26,"endLine":26,"endColumn":43},"tokenRange":{"beginToken":{"kind":42,"text":"new"},"endToken":{"kind":98,"text":")"}},"arguments":[],"type":{"!":"com.github.javaparser.ast.type.ClassOrInterfaceType","range":{"beginLine":26,"beginColumn":30,"endLine":26,"endColumn":41},"tokenRange":{"beginToken":{"kind":94,"text":"StringWriter"},"endToken":{"kind":94,"text":"StringWriter"}},"name":{"!":"com.github.javaparser.ast.expr.SimpleName","range":{"beginLine":26,"beginColumn":30,"endLine":26,"endColumn":41},"tokenRange":{"beginToken":{"kind":94,"text":"StringWriter"},"endToken":{"kind":94,"text":"StringWriter"}},"identifier":"StringWriter"},"annotations":[]}},"name":{"!":"com.github.javaparser.ast.expr.SimpleName","range":{"beginLine":26,"beginColumn":17,"endLine":26,"endColumn":22},"tokenRange":{"beginToken":{"kind":94,"text":"writer"},"endToken":{"kind":94,"text":"writer"}},"identifier":"writer"},"type":{"!":"com.github.javaparser.ast.type.ClassOrInterfaceType","range":{"beginLine":26,"beginColumn":4,"endLine":26,"endColumn":15},"tokenRange":{"beginToken":{"kind":94,"text":"StringWriter"},"endToken":{"kind":94,"text":"StringWriter"}},"name":{"!":"com.github.javaparser.ast.expr.SimpleName","range":{"beginLine":26,"beginColumn":4,"endLine":26,"endColumn":15},"tokenRange":{"beginToken":{"kind":94,"text":"StringWriter"},"endToken":{"kind":94,"text":"StringWriter"}},"identifier":"StringWriter"},"annotations":[]}}]}},{"!":"com.github.javaparser.ast.stmt.ExpressionStmt","range":{"beginLine":27,"beginColumn":4,"endLine":27,"endColumn":46},"tokenRange":{"beginToken":{"kind":94,"text":"e"},"endToken":{"kind":103,"text":";"}},"expression":{"!":"com.github.javaparser.ast.expr.MethodCallExpr","range":{"beginLine":27,"beginColumn":4,"endLine":27,"endColumn":45},"tokenRange":{"beginToken":{"kind":94,"text":"e"},"endToken":{"kind":98,"text":")"}},"arguments":[{"!":"com.github.javaparser.ast.expr.ObjectCreationExpr","range":{"beginLine":27,"beginColumn":22,"endLine":27,"endColumn":44},"tokenRange":{"beginToken":{"kind":42,"text":"new"},"endToken":{"kind":98,"text":")"}},"arguments":[{"!":"com.github.javaparser.ast.expr.NameExpr","range":{"beginLine":27,"beginColumn":38,"endLine":27,"endColumn":43},"tokenRange":{"beginToken":{"kind":94,"text":"writer"},"endToken":{"kind":94,"text":"writer"}},"name":{"!":"com.github.javaparser.ast.expr.SimpleName","range":{"beginLine":27,"beginColumn":38,"endLine":27,"endColumn":43},"tokenRange":{"beginToken":{"kind":94,"text":"writer"},"endToken":{"kind":94,"text":"writer"}},"identifier":"writer"}}],"type":{"!":"com.github.javaparser.ast.type.ClassOrInterfaceType","range":{"beginLine":27,"beginColumn":26,"endLine":27,"endColumn":36},"tokenRange":{"beginToken":{"kind":94,"text":"PrintWriter"},"endToken":{"kind":94,"text":"PrintWriter"}},"name":{"!":"com.github.javaparser.ast.expr.SimpleName","range":{"beginLine":27,"beginColumn":26,"endLine":27,"endColumn":36},"tokenRange":{"beginToken":{"kind":94,"text":"PrintWriter"},"endToken":{"kind":94,"text":"PrintWriter"}},"identifier":"PrintWriter"},"annotations":[]}}],"name":{"!":"com.github.javaparser.ast.expr.SimpleName","range":{"beginLine":27,"beginColumn":6,"endLine":27,"endColumn":20},"tokenRange":{"beginToken":{"kind":94,"text":"printStackTrace"},"endToken":{"kind":94,"text":"printStackTrace"}},"identifier":"printStackTrace"},"scope":{"!":"com.github.javaparser.ast.expr.NameExpr","range":{"beginLine":27,"beginColumn":4,"endLine":27,"endColumn":4},"tokenRange":{"beginToken":{"kind":94,"text":"e"},"endToken":{"kind":94,"text":"e"}},"name":{"!":"com.github.javaparser.ast.expr.SimpleName","range":{"beginLine":27,"beginColumn":4,"endLine":27,"endColumn":4},"tokenRange":{"beginToken":{"kind":94,"text":"e"},"endToken":{"kind":94,"text":"e"}},"identifier":"e"}}}},{"!":"com.github.javaparser.ast.stmt.ExpressionStmt","range":{"beginLine":28,"beginColumn":13,"endLine":28,"endColumn":41},"tokenRange":{"beginToken":{"kind":94,"text":"log"},"endToken":{"kind":103,"text":";"}},"expression":{"!":"com.github.javaparser.ast.expr.MethodCallExpr","range":{"beginLine":28,"beginColumn":13,"endLine":28,"endColumn":40},"tokenRange":{"beginToken":{"kind":94,"text":"log"},"endToken":{"kind":98,"text":")"}},"arguments":[{"!":"com.github.javaparser.ast.expr.MethodCallExpr","range":{"beginLine":28,"beginColumn":23,"endLine":28,"endColumn":39},"tokenRange":{"beginToken":{"kind":94,"text":"writer"},"endToken":{"kind":98,"text":")"}},"arguments":[],"name":{"!":"com.github.javaparser.ast.expr.SimpleName","range":{"beginLine":28,"beginColumn":30,"endLine":28,"endColumn":37},"tokenRange":{"beginToken":{"kind":94,"text":"toString"},"endToken":{"kind":94,"text":"toString"}},"identifier":"toString"},"scope":{"!":"com.github.javaparser.ast.expr.NameExpr","range":{"beginLine":28,"beginColumn":23,"endLine":28,"endColumn":28},"tokenRange":{"beginToken":{"kind":94,"text":"writer"},"endToken":{"kind":94,"text":"writer"}},"name":{"!":"com.github.javaparser.ast.expr.SimpleName","range":{"beginLine":28,"beginColumn":23,"endLine":28,"endColumn":28},"tokenRange":{"beginToken":{"kind":94,"text":"writer"},"endToken":{"kind":94,"text":"writer"}},"identifier":"writer"}}}],"name":{"!":"com.github.javaparser.ast.expr.SimpleName","range":{"beginLine":28,"beginColumn":17,"endLine":28,"endColumn":21},"tokenRange":{"beginToken":{"kind":94,"text":"debug"},"endToken":{"kind":94,"text":"debug"}},"identifier":"debug"},"scope":{"!":"com.github.javaparser.ast.expr.NameExpr","range":{"beginLine":28,"beginColumn":13,"endLine":28,"endColumn":15},"tokenRange":{"beginToken":{"kind":94,"text":"log"},"endToken":{"kind":94,"text":"log"}},"name":{"!":"com.github.javaparser.ast.expr.SimpleName","range":{"beginLine":28,"beginColumn":13,"endLine":28,"endColumn":15},"tokenRange":{"beginToken":{"kind":94,"text":"log"},"endToken":{"kind":94,"text":"log"}},"identifier":"log"}}}},{"!":"com.github.javaparser.ast.stmt.ExpressionStmt","range":{"beginLine":29,"beginColumn":4,"endLine":29,"endColumn":24},"tokenRange":{"beginToken":{"kind":94,"text":"fail"},"endToken":{"kind":103,"text":";"}},"expression":{"!":"com.github.javaparser.ast.expr.MethodCallExpr","range":{"beginLine":29,"beginColumn":4,"endLine":29,"endColumn":23},"tokenRange":{"beginToken":{"kind":94,"text":"fail"},"endToken":{"kind":98,"text":")"}},"arguments":[{"!":"com.github.javaparser.ast.expr.MethodCallExpr","range":{"beginLine":29,"beginColumn":9,"endLine":29,"endColumn":22},"tokenRange":{"beginToken":{"kind":94,"text":"e"},"endToken":{"kind":98,"text":")"}},"arguments":[],"name":{"!":"com.github.javaparser.ast.expr.SimpleName","range":{"beginLine":29,"beginColumn":11,"endLine":29,"endColumn":20},"tokenRange":{"beginToken":{"kind":94,"text":"getMessage"},"endToken":{"kind":94,"text":"getMessage"}},"identifier":"getMessage"},"scope":{"!":"com.github.javaparser.ast.expr.NameExpr","range":{"beginLine":29,"beginColumn":9,"endLine":29,"endColumn":9},"tokenRange":{"beginToken":{"kind":94,"text":"e"},"endToken":{"kind":94,"text":"e"}},"name":{"!":"com.github.javaparser.ast.expr.SimpleName","range":{"beginLine":29,"beginColumn":9,"endLine":29,"endColumn":9},"tokenRange":{"beginToken":{"kind":94,"text":"e"},"endToken":{"kind":94,"text":"e"}},"identifier":"e"}}}],"name":{"!":"com.github.javaparser.ast.expr.SimpleName","range":{"beginLine":29,"beginColumn":4,"endLine":29,"endColumn":7},"tokenRange":{"beginToken":{"kind":94,"text":"fail"},"endToken":{"kind":94,"text":"fail"}},"identifier":"fail"}}}]},"parameter":{"!":"com.github.javaparser.ast.body.Parameter","range":{"beginLine":25,"beginColumn":10,"endLine":25,"endColumn":20},"tokenRange":{"beginToken":{"kind":94,"text":"Exception"},"endToken":{"kind":94,"text":"e"}},"annotations":[],"isVarArgs":"false","modifiers":[],"name":{"!":"com.github.javaparser.ast.expr.SimpleName","range":{"beginLine":25,"beginColumn":20,"endLine":25,"endColumn":20},"tokenRange":{"beginToken":{"kind":94,"text":"e"},"endToken":{"kind":94,"text":"e"}},"identifier":"e"},"type":{"!":"com.github.javaparser.ast.type.ClassOrInterfaceType","range":{"beginLine":25,"beginColumn":10,"endLine":25,"endColumn":18},"tokenRange":{"beginToken":{"kind":94,"text":"Exception"},"endToken":{"kind":94,"text":"Exception"}},"name":{"!":"com.github.javaparser.ast.expr.SimpleName","range":{"beginLine":25,"beginColumn":10,"endLine":25,"endColumn":18},"tokenRange":{"beginToken":{"kind":94,"text":"Exception"},"endToken":{"kind":94,"text":"Exception"}},"identifier":"Exception"},"annotations":[]},"varArgsAnnotations":[]}}],"finallyBlock":{"!":"com.github.javaparser.ast.stmt.BlockStmt","range":{"beginLine":30,"beginColumn":13,"endLine":34,"endColumn":3},"tokenRange":{"beginToken":{"kind":99,"text":"{"},"endToken":{"kind":100,"text":"}"}},"statements":[{"!":"com.github.javaparser.ast.stmt.IfStmt","range":{"beginLine":31,"beginColumn":4,"endLine":33,"endColumn":4},"tokenRange":{"beginToken":{"kind":34,"text":"if"},"endToken":{"kind":100,"text":"}"}},"condition":{"!":"com.github.javaparser.ast.expr.BinaryExpr","range":{"beginLine":31,"beginColumn":8,"endLine":31,"endColumn":17},"tokenRange":{"beginToken":{"kind":94,"text":"sf"},"endToken":{"kind":43,"text":"null"}},"left":{"!":"com.github.javaparser.ast.expr.NameExpr","range":{"beginLine":31,"beginColumn":8,"endLine":31,"endColumn":9},"tokenRange":{"beginToken":{"kind":94,"text":"sf"},"endToken":{"kind":94,"text":"sf"}},"name":{"!":"com.github.javaparser.ast.expr.SimpleName","range":{"beginLine":31,"beginColumn":8,"endLine":31,"endColumn":9},"tokenRange":{"beginToken":{"kind":94,"text":"sf"},"endToken":{"kind":94,"text":"sf"}},"identifier":"sf"}},"operator":"NOT_EQUALS","right":{"!":"com.github.javaparser.ast.expr.NullLiteralExpr","range":{"beginLine":31,"beginColumn":14,"endLine":31,"endColumn":17},"tokenRange":{"beginToken":{"kind":43,"text":"null"},"endToken":{"kind":43,"text":"null"}}}},"thenStmt":{"!":"com.github.javaparser.ast.stmt.BlockStmt","range":{"beginLine":31,"beginColumn":20,"endLine":33,"endColumn":4},"tokenRange":{"beginToken":{"kind":99,"text":"{"},"endToken":{"kind":100,"text":"}"}},"statements":[{"!":"com.github.javaparser.ast.stmt.ExpressionStmt","range":{"beginLine":32,"beginColumn":5,"endLine":32,"endColumn":15},"tokenRange":{"beginToken":{"kind":94,"text":"sf"},"endToken":{"kind":103,"text":";"}},"expression":{"!":"com.github.javaparser.ast.expr.MethodCallExpr","range":{"beginLine":32,"beginColumn":5,"endLine":32,"endColumn":14},"tokenRange":{"beginToken":{"kind":94,"text":"sf"},"endToken":{"kind":98,"text":")"}},"arguments":[],"name":{"!":"com.github.javaparser.ast.expr.SimpleName","range":{"beginLine":32,"beginColumn":8,"endLine":32,"endColumn":12},"tokenRange":{"beginToken":{"kind":94,"text":"close"},"endToken":{"kind":94,"text":"close"}},"identifier":"close"},"scope":{"!":"com.github.javaparser.ast.expr.NameExpr","range":{"beginLine":32,"beginColumn":5,"endLine":32,"endColumn":6},"tokenRange":{"beginToken":{"kind":94,"text":"sf"},"endToken":{"kind":94,"text":"sf"}},"name":{"!":"com.github.javaparser.ast.expr.SimpleName","range":{"beginLine":32,"beginColumn":5,"endLine":32,"endColumn":6},"tokenRange":{"beginToken":{"kind":94,"text":"sf"},"endToken":{"kind":94,"text":"sf"}},"identifier":"sf"}}}}]}}]},"resources":[],"tryBlock":{"!":"com.github.javaparser.ast.stmt.BlockStmt","range":{"beginLine":5,"beginColumn":7,"endLine":24,"endColumn":3},"tokenRange":{"beginToken":{"kind":99,"text":"{"},"endToken":{"kind":100,"text":"}"}},"statements":[{"!":"com.github.javaparser.ast.stmt.ExpressionStmt","range":{"beginLine":6,"beginColumn":4,"endLine":6,"endColumn":66},"tokenRange":{"beginToken":{"kind":94,"text":"AnnotationConfiguration"},"endToken":{"kind":103,"text":";"}},"expression":{"!":"com.github.javaparser.ast.expr.VariableDeclarationExpr","range":{"beginLine":6,"beginColumn":4,"endLine":6,"endColumn":65},"tokenRange":{"beginToken":{"kind":94,"text":"AnnotationConfiguration"},"endToken":{"kind":98,"text":")"}},"annotations":[],"modifiers":[],"variables":[{"!":"com.github.javaparser.ast.body.VariableDeclarator","range":{"beginLine":6,"beginColumn":28,"endLine":6,"endColumn":65},"tokenRange":{"beginToken":{"kind":94,"text":"config"},"endToken":{"kind":98,"text":")"}},"initializer":{"!":"com.github.javaparser.ast.expr.ObjectCreationExpr","range":{"beginLine":6,"beginColumn":37,"endLine":6,"endColumn":65},"tokenRange":{"beginToken":{"kind":42,"text":"new"},"endToken":{"kind":98,"text":")"}},"arguments":[],"type":{"!":"com.github.javaparser.ast.type.ClassOrInterfaceType","range":{"beginLine":6,"beginColumn":41,"endLine":6,"endColumn":63},"tokenRange":{"beginToken":{"kind":94,"text":"AnnotationConfiguration"},"endToken":{"kind":94,"text":"AnnotationConfiguration"}},"name":{"!":"com.github.javaparser.ast.expr.SimpleName","range":{"beginLine":6,"beginColumn":41,"endLine":6,"endColumn":63},"tokenRange":{"beginToken":{"kind":94,"text":"AnnotationConfiguration"},"endToken":{"kind":94,"text":"AnnotationConfiguration"}},"identifier":"AnnotationConfiguration"},"annotations":[]}},"name":{"!":"com.github.javaparser.ast.expr.SimpleName","range":{"beginLine":6,"beginColumn":28,"endLine":6,"endColumn":33},"tokenRange":{"beginToken":{"kind":94,"text":"config"},"endToken":{"kind":94,"text":"config"}},"identifier":"config"},"type":{"!":"com.github.javaparser.ast.type.ClassOrInterfaceType","range":{"beginLine":6,"beginColumn":4,"endLine":6,"endColumn":26},"tokenRange":{"beginToken":{"kind":94,"text":"AnnotationConfiguration"},"endToken":{"kind":94,"text":"AnnotationConfiguration"}},"name":{"!":"com.github.javaparser.ast.expr.SimpleName","range":{"beginLine":6,"beginColumn":4,"endLine":6,"endColumn":26},"tokenRange":{"beginToken":{"kind":94,"text":"AnnotationConfiguration"},"endToken":{"kind":94,"text":"AnnotationConfiguration"}},"identifier":"AnnotationConfiguration"},"annotations":[]}}]}},{"!":"com.github.javaparser.ast.stmt.ExpressionStmt","range":{"beginLine":7,"beginColumn":4,"endLine":7,"endColumn":57},"tokenRange":{"beginToken":{"kind":94,"text":"config"},"endToken":{"kind":103,"text":";"}},"expression":{"!":"com.github.javaparser.ast.expr.MethodCallExpr","range":{"beginLine":7,"beginColumn":4,"endLine":7,"endColumn":56},"tokenRange":{"beginToken":{"kind":94,"text":"config"},"endToken":{"kind":98,"text":")"}},"arguments":[{"!":"com.github.javaparser.ast.expr.FieldAccessExpr","range":{"beginLine":7,"beginColumn":29,"endLine":7,"endColumn":55},"tokenRange":{"beginToken":{"kind":94,"text":"EJB3NamingStrategy"},"endToken":{"kind":94,"text":"INSTANCE"}},"name":{"!":"com.github.javaparser.ast.expr.SimpleName","range":{"beginLine":7,"beginColumn":48,"endLine":7,"endColumn":55},"tokenRange":{"beginToken":{"kind":94,"text":"INSTANCE"},"endToken":{"kind":94,"text":"INSTANCE"}},"identifier":"INSTANCE"},"scope":{"!":"com.github.javaparser.ast.expr.NameExpr","range":{"beginLine":7,"beginColumn":29,"endLine":7,"endColumn":46},"tokenRange":{"beginToken":{"kind":94,"text":"EJB3NamingStrategy"},"endToken":{"kind":94,"text":"EJB3NamingStrategy"}},"name":{"!":"com.github.javaparser.ast.expr.SimpleName","range":{"beginLine":7,"beginColumn":29,"endLine":7,"endColumn":46},"tokenRange":{"beginToken":{"kind":94,"text":"EJB3NamingStrategy"},"endToken":{"kind":94,"text":"EJB3NamingStrategy"}},"identifier":"EJB3NamingStrategy"}}}],"name":{"!":"com.github.javaparser.ast.expr.SimpleName","range":{"beginLine":7,"beginColumn":11,"endLine":7,"endColumn":27},"tokenRange":{"beginToken":{"kind":94,"text":"setNamingStrategy"},"endToken":{"kind":94,"text":"setNamingStrategy"}},"identifier":"setNamingStrategy"},"scope":{"!":"com.github.javaparser.ast.expr.NameExpr","range":{"beginLine":7,"beginColumn":4,"endLine":7,"endColumn":9},"tokenRange":{"beginToken":{"kind":94,"text":"config"},"endToken":{"kind":94,"text":"config"}},"name":{"!":"com.github.javaparser.ast.expr.SimpleName","range":{"beginLine":7,"beginColumn":4,"endLine":7,"endColumn":9},"tokenRange":{"beginToken":{"kind":94,"text":"config"},"endToken":{"kind":94,"text":"config"}},"identifier":"config"}}}},{"!":"com.github.javaparser.ast.stmt.ExpressionStmt","range":{"beginLine":8,"beginColumn":4,"endLine":8,"endColumn":37},"tokenRange":{"beginToken":{"kind":94,"text":"config"},"endToken":{"kind":103,"text":";"}},"expression":{"!":"com.github.javaparser.ast.expr.MethodCallExpr","range":{"beginLine":8,"beginColumn":4,"endLine":8,"endColumn":36},"tokenRange":{"beginToken":{"kind":94,"text":"config"},"endToken":{"kind":98,"text":")"}},"arguments":[{"!":"com.github.javaparser.ast.expr.ClassExpr","range":{"beginLine":8,"beginColumn":29,"endLine":8,"endColumn":35},"tokenRange":{"beginToken":{"kind":94,"text":"A"},"endToken":{"kind":19,"text":"class"}},"type":{"!":"com.github.javaparser.ast.type.ClassOrInterfaceType","range":{"beginLine":8,"beginColumn":29,"endLine":8,"endColumn":29},"tokenRange":{"beginToken":{"kind":94,"text":"A"},"endToken":{"kind":94,"text":"A"}},"name":{"!":"com.github.javaparser.ast.expr.SimpleName","range":{"beginLine":8,"beginColumn":29,"endLine":8,"endColumn":29},"tokenRange":{"beginToken":{"kind":94,"text":"A"},"endToken":{"kind":94,"text":"A"}},"identifier":"A"},"annotations":[]}}],"name":{"!":"com.github.javaparser.ast.expr.SimpleName","range":{"beginLine":8,"beginColumn":11,"endLine":8,"endColumn":27},"tokenRange":{"beginToken":{"kind":94,"text":"addAnnotatedClass"},"endToken":{"kind":94,"text":"addAnnotatedClass"}},"identifier":"addAnnotatedClass"},"scope":{"!":"com.github.javaparser.ast.expr.NameExpr","range":{"beginLine":8,"beginColumn":4,"endLine":8,"endColumn":9},"tokenRange":{"beginToken":{"kind":94,"text":"config"},"endToken":{"kind":94,"text":"config"}},"name":{"!":"com.github.javaparser.ast.expr.SimpleName","range":{"beginLine":8,"beginColumn":4,"endLine":8,"endColumn":9},"tokenRange":{"beginToken":{"kind":94,"text":"config"},"endToken":{"kind":94,"text":"config"}},"identifier":"config"}}}},{"!":"com.github.javaparser.ast.stmt.ExpressionStmt","range":{"beginLine":9,"beginColumn":4,"endLine":9,"endColumn":48},"tokenRange":{"beginToken":{"kind":94,"text":"config"},"endToken":{"kind":103,"text":";"}},"expression":{"!":"com.github.javaparser.ast.expr.MethodCallExpr","range":{"beginLine":9,"beginColumn":4,"endLine":9,"endColumn":47},"tokenRange":{"beginToken":{"kind":94,"text":"config"},"endToken":{"kind":98,"text":")"}},"arguments":[{"!":"com.github.javaparser.ast.expr.ClassExpr","range":{"beginLine":9,"beginColumn":29,"endLine":9,"endColumn":46},"tokenRange":{"beginToken":{"kind":94,"text":"AddressEntry"},"endToken":{"kind":19,"text":"class"}},"type":{"!":"com.github.javaparser.ast.type.ClassOrInterfaceType","range":{"beginLine":9,"beginColumn":29,"endLine":9,"endColumn":40},"tokenRange":{"beginToken":{"kind":94,"text":"AddressEntry"},"endToken":{"kind":94,"text":"AddressEntry"}},"name":{"!":"com.github.javaparser.ast.expr.SimpleName","range":{"beginLine":9,"beginColumn":29,"endLine":9,"endColumn":40},"tokenRange":{"beginToken":{"kind":94,"text":"AddressEntry"},"endToken":{"kind":94,"text":"AddressEntry"}},"identifier":"AddressEntry"},"annotations":[]}}],"name":{"!":"com.github.javaparser.ast.expr.SimpleName","range":{"beginLine":9,"beginColumn":11,"endLine":9,"endColumn":27},"tokenRange":{"beginToken":{"kind":94,"text":"addAnnotatedClass"},"endToken":{"kind":94,"text":"addAnnotatedClass"}},"identifier":"addAnnotatedClass"},"scope":{"!":"com.github.javaparser.ast.expr.NameExpr","range":{"beginLine":9,"beginColumn":4,"endLine":9,"endColumn":9},"tokenRange":{"beginToken":{"kind":94,"text":"config"},"endToken":{"kind":94,"text":"config"}},"name":{"!":"com.github.javaparser.ast.expr.SimpleName","range":{"beginLine":9,"beginColumn":4,"endLine":9,"endColumn":9},"tokenRange":{"beginToken":{"kind":94,"text":"config"},"endToken":{"kind":94,"text":"config"}},"identifier":"config"}}}},{"!":"com.github.javaparser.ast.stmt.ExpressionStmt","range":{"beginLine":10,"beginColumn":4,"endLine":10,"endColumn":54},"tokenRange":{"beginToken":{"kind":94,"text":"sf"},"endToken":{"kind":103,"text":";"}},"expression":{"!":"com.github.javaparser.ast.expr.AssignExpr","range":{"beginLine":10,"beginColumn":4,"endLine":10,"endColumn":53},"tokenRange":{"beginToken":{"kind":94,"text":"sf"},"endToken":{"kind":98,"text":")"}},"operator":"ASSIGN","target":{"!":"com.github.javaparser.ast.expr.NameExpr","range":{"beginLine":10,"beginColumn":4,"endLine":10,"endColumn":5},"tokenRange":{"beginToken":{"kind":94,"text":"sf"},"endToken":{"kind":94,"text":"sf"}},"name":{"!":"com.github.javaparser.ast.expr.SimpleName","range":{"beginLine":10,"beginColumn":4,"endLine":10,"endColumn":5},"tokenRange":{"beginToken":{"kind":94,"text":"sf"},"endToken":{"kind":94,"text":"sf"}},"identifier":"sf"}},"value":{"!":"com.github.javaparser.ast.expr.MethodCallExpr","range":{"beginLine":10,"beginColumn":9,"endLine":10,"endColumn":53},"tokenRange":{"beginToken":{"kind":94,"text":"config"},"endToken":{"kind":98,"text":")"}},"arguments":[{"!":"com.github.javaparser.ast.expr.NameExpr","range":{"beginLine":10,"beginColumn":37,"endLine":10,"endColumn":51},"tokenRange":{"beginToken":{"kind":94,"text":"serviceRegistry"},"endToken":{"kind":94,"text":"serviceRegistry"}},"name":{"!":"com.github.javaparser.ast.expr.SimpleName","range":{"beginLine":10,"beginColumn":37,"endLine":10,"endColumn":51},"tokenRange":{"beginToken":{"kind":94,"text":"serviceRegistry"},"endToken":{"kind":94,"text":"serviceRegistry"}},"identifier":"serviceRegistry"}}],"name":{"!":"com.github.javaparser.ast.expr.SimpleName","range":{"beginLine":10,"beginColumn":16,"endLine":10,"endColumn":34},"tokenRange":{"beginToken":{"kind":94,"text":"buildSessionFactory"},"endToken":{"kind":94,"text":"buildSessionFactory"}},"identifier":"buildSessionFactory"},"scope":{"!":"com.github.javaparser.ast.expr.NameExpr","range":{"beginLine":10,"beginColumn":9,"endLine":10,"endColumn":14},"tokenRange":{"beginToken":{"kind":94,"text":"config"},"endToken":{"kind":94,"text":"config"}},"name":{"!":"com.github.javaparser.ast.expr.SimpleName","range":{"beginLine":10,"beginColumn":9,"endLine":10,"endColumn":14},"tokenRange":{"beginToken":{"kind":94,"text":"config"},"endToken":{"kind":94,"text":"config"}},"identifier":"config"}}}}},{"!":"com.github.javaparser.ast.stmt.ExpressionStmt","range":{"beginLine":11,"beginColumn":4,"endLine":11,"endColumn":47},"tokenRange":{"beginToken":{"kind":94,"text":"Mappings"},"endToken":{"kind":103,"text":";"}},"expression":{"!":"com.github.javaparser.ast.expr.VariableDeclarationExpr","range":{"beginLine":11,"beginColumn":4,"endLine":11,"endColumn":46},"tokenRange":{"beginToken":{"kind":94,"text":"Mappings"},"endToken":{"kind":98,"text":")"}},"annotations":[],"modifiers":[],"variables":[{"!":"com.github.javaparser.ast.body.VariableDeclarator","range":{"beginLine":11,"beginColumn":13,"endLine":11,"endColumn":46},"tokenRange":{"beginToken":{"kind":94,"text":"mappings"},"endToken":{"kind":98,"text":")"}},"initializer":{"!":"com.github.javaparser.ast.expr.MethodCallExpr","range":{"beginLine":11,"beginColumn":24,"endLine":11,"endColumn":46},"tokenRange":{"beginToken":{"kind":94,"text":"config"},"endToken":{"kind":98,"text":")"}},"arguments":[],"name":{"!":"com.github.javaparser.ast.expr.SimpleName","range":{"beginLine":11,"beginColumn":31,"endLine":11,"endColumn":44},"tokenRange":{"beginToken":{"kind":94,"text":"createMappings"},"endToken":{"kind":94,"text":"createMappings"}},"identifier":"createMappings"},"scope":{"!":"com.github.javaparser.ast.expr.NameExpr","range":{"beginLine":11,"beginColumn":24,"endLine":11,"endColumn":29},"tokenRange":{"beginToken":{"kind":94,"text":"config"},"endToken":{"kind":94,"text":"config"}},"name":{"!":"com.github.javaparser.ast.expr.SimpleName","range":{"beginLine":11,"beginColumn":24,"endLine":11,"endColumn":29},"tokenRange":{"beginToken":{"kind":94,"text":"config"},"endToken":{"kind":94,"text":"config"}},"identifier":"config"}}},"name":{"!":"com.github.javaparser.ast.expr.SimpleName","range":{"beginLine":11,"beginColumn":13,"endLine":11,"endColumn":20},"tokenRange":{"beginToken":{"kind":94,"text":"mappings"},"endToken":{"kind":94,"text":"mappings"}},"identifier":"mappings"},"type":{"!":"com.github.javaparser.ast.type.ClassOrInterfaceType","range":{"beginLine":11,"beginColumn":4,"endLine":11,"endColumn":11},"tokenRange":{"beginToken":{"kind":94,"text":"Mappings"},"endToken":{"kind":94,"text":"Mappings"}},"name":{"!":"com.github.javaparser.ast.expr.SimpleName","range":{"beginLine":11,"beginColumn":4,"endLine":11,"endColumn":11},"tokenRange":{"beginToken":{"kind":94,"text":"Mappings"},"endToken":{"kind":94,"text":"Mappings"}},"identifier":"Mappings"},"annotations":[]}}]}},{"!":"com.github.javaparser.ast.stmt.ExpressionStmt","range":{"beginLine":12,"beginColumn":4,"endLine":12,"endColumn":27},"tokenRange":{"beginToken":{"kind":13,"text":"boolean"},"endToken":{"kind":103,"text":";"}},"expression":{"!":"com.github.javaparser.ast.expr.VariableDeclarationExpr","range":{"beginLine":12,"beginColumn":4,"endLine":12,"endColumn":26},"tokenRange":{"beginToken":{"kind":13,"text":"boolean"},"endToken":{"kind":28,"text":"false"}},"annotations":[],"modifiers":[],"variables":[{"!":"com.github.javaparser.ast.body.VariableDeclarator","range":{"beginLine":12,"beginColumn":12,"endLine":12,"endColumn":26},"tokenRange":{"beginToken":{"kind":94,"text":"foundIt"},"endToken":{"kind":28,"text":"false"}},"initializer":{"!":"com.github.javaparser.ast.expr.BooleanLiteralExpr","range":{"beginLine":12,"beginColumn":22,"endLine":12,"endColumn":26},"tokenRange":{"beginToken":{"kind":28,"text":"false"},"endToken":{"kind":28,"text":"false"}},"value":"false"},"name":{"!":"com.github.javaparser.ast.expr.SimpleName","range":{"beginLine":12,"beginColumn":12,"endLine":12,"endColumn":18},"tokenRange":{"beginToken":{"kind":94,"text":"foundIt"},"endToken":{"kind":94,"text":"foundIt"}},"identifier":"foundIt"},"type":{"!":"com.github.javaparser.ast.type.PrimitiveType","range":{"beginLine":12,"beginColumn":4,"endLine":12,"endColumn":10},"tokenRange":{"beginToken":{"kind":13,"text":"boolean"},"endToken":{"kind":13,"text":"boolean"}},"type":"BOOLEAN","annotations":[]}}]}},{"!":"com.github.javaparser.ast.stmt.ForStmt","range":{"beginLine":14,"beginColumn":4,"endLine":22,"endColumn":4},"tokenRange":{"beginToken":{"kind":32,"text":"for"},"endToken":{"kind":100,"text":"}"}},"body":{"!":"com.github.javaparser.ast.stmt.BlockStmt","range":{"beginLine":14,"beginColumn":71,"endLine":22,"endColumn":4},"tokenRange":{"beginToken":{"kind":99,"text":"{"},"endToken":{"kind":100,"text":"}"}},"statements":[{"!":"com.github.javaparser.ast.stmt.ExpressionStmt","range":{"beginLine":15,"beginColumn":5,"endLine":15,"endColumn":38},"tokenRange":{"beginToken":{"kind":94,"text":"Table"},"endToken":{"kind":103,"text":";"}},"expression":{"!":"com.github.javaparser.ast.expr.VariableDeclarationExpr","range":{"beginLine":15,"beginColumn":5,"endLine":15,"endColumn":37},"tokenRange":{"beginToken":{"kind":94,"text":"Table"},"endToken":{"kind":98,"text":")"}},"annotations":[],"modifiers":[],"variables":[{"!":"com.github.javaparser.ast.body.VariableDeclarator","range":{"beginLine":15,"beginColumn":11,"endLine":15,"endColumn":37},"tokenRange":{"beginToken":{"kind":94,"text":"table"},"endToken":{"kind":98,"text":")"}},"initializer":{"!":"com.github.javaparser.ast.expr.CastExpr","range":{"beginLine":15,"beginColumn":19,"endLine":15,"endColumn":37},"tokenRange":{"beginToken":{"kind":97,"text":"("},"endToken":{"kind":98,"text":")"}},"expression":{"!":"com.github.javaparser.ast.expr.MethodCallExpr","range":{"beginLine":15,"beginColumn":27,"endLine":15,"endColumn":37},"tokenRange":{"beginToken":{"kind":94,"text":"iter"},"endToken":{"kind":98,"text":")"}},"arguments":[],"name":{"!":"com.github.javaparser.ast.expr.SimpleName","range":{"beginLine":15,"beginColumn":32,"endLine":15,"endColumn":35},"tokenRange":{"beginToken":{"kind":94,"text":"next"},"endToken":{"kind":94,"text":"next"}},"identifier":"next"},"scope":{"!":"com.github.javaparser.ast.expr.NameExpr","range":{"beginLine":15,"beginColumn":27,"endLine":15,"endColumn":30},"tokenRange":{"beginToken":{"kind":94,"text":"iter"},"endToken":{"kind":94,"text":"iter"}},"name":{"!":"com.github.javaparser.ast.expr.SimpleName","range":{"beginLine":15,"beginColumn":27,"endLine":15,"endColumn":30},"tokenRange":{"beginToken":{"kind":94,"text":"iter"},"endToken":{"kind":94,"text":"iter"}},"identifier":"iter"}}},"type":{"!":"com.github.javaparser.ast.type.ClassOrInterfaceType","range":{"beginLine":15,"beginColumn":20,"endLine":15,"endColumn":24},"tokenRange":{"beginToken":{"kind":94,"text":"Table"},"endToken":{"kind":94,"text":"Table"}},"name":{"!":"com.github.javaparser.ast.expr.SimpleName","range":{"beginLine":15,"beginColumn":20,"endLine":15,"endColumn":24},"tokenRange":{"beginToken":{"kind":94,"text":"Table"},"endToken":{"kind":94,"text":"Table"}},"identifier":"Table"},"annotations":[]}},"name":{"!":"com.github.javaparser.ast.expr.SimpleName","range":{"beginLine":15,"beginColumn":11,"endLine":15,"endColumn":15},"tokenRange":{"beginToken":{"kind":94,"text":"table"},"endToken":{"kind":94,"text":"table"}},"identifier":"table"},"type":{"!":"com.github.javaparser.ast.type.ClassOrInterfaceType","range":{"beginLine":15,"beginColumn":5,"endLine":15,"endColumn":9},"tokenRange":{"beginToken":{"kind":94,"text":"Table"},"endToken":{"kind":94,"text":"Table"}},"name":{"!":"com.github.javaparser.ast.expr.SimpleName","range":{"beginLine":15,"beginColumn":5,"endLine":15,"endColumn":9},"tokenRange":{"beginToken":{"kind":94,"text":"Table"},"endToken":{"kind":94,"text":"Table"}},"identifier":"Table"},"annotations":[]}}]}},{"!":"com.github.javaparser.ast.stmt.ExpressionStmt","range":{"beginLine":16,"beginColumn":17,"endLine":16,"endColumn":82},"tokenRange":{"beginToken":{"kind":94,"text":"log"},"endToken":{"kind":103,"text":";"}},"expression":{"!":"com.github.javaparser.ast.expr.MethodCallExpr","range":{"beginLine":16,"beginColumn":17,"endLine":16,"endColumn":81},"tokenRange":{"beginToken":{"kind":94,"text":"log"},"endToken":{"kind":98,"text":")"}},"arguments":[{"!":"com.github.javaparser.ast.expr.BinaryExpr","range":{"beginLine":16,"beginColumn":26,"endLine":16,"endColumn":80},"tokenRange":{"beginToken":{"kind":90,"text":"\"testWithEJB3NamingStrategy table = \""},"endToken":{"kind":98,"text":")"}},"left":{"!":"com.github.javaparser.ast.expr.StringLiteralExpr","range":{"beginLine":16,"beginColumn":26,"endLine":16,"endColumn":62},"tokenRange":{"beginToken":{"kind":90,"text":"\"testWithEJB3NamingStrategy table = \""},"endToken":{"kind":90,"text":"\"testWithEJB3NamingStrategy table = \""}},"value":"testWithEJB3NamingStrategy table = "},"operator":"PLUS","right":{"!":"com.github.javaparser.ast.expr.MethodCallExpr","range":{"beginLine":16,"beginColumn":66,"endLine":16,"endColumn":80},"tokenRange":{"beginToken":{"kind":94,"text":"table"},"endToken":{"kind":98,"text":")"}},"arguments":[],"name":{"!":"com.github.javaparser.ast.expr.SimpleName","range":{"beginLine":16,"beginColumn":72,"endLine":16,"endColumn":78},"tokenRange":{"beginToken":{"kind":94,"text":"getName"},"endToken":{"kind":94,"text":"getName"}},"identifier":"getName"},"scope":{"!":"com.github.javaparser.ast.expr.NameExpr","range":{"beginLine":16,"beginColumn":66,"endLine":16,"endColumn":70},"tokenRange":{"beginToken":{"kind":94,"text":"table"},"endToken":{"kind":94,"text":"table"}},"name":{"!":"com.github.javaparser.ast.expr.SimpleName","range":{"beginLine":16,"beginColumn":66,"endLine":16,"endColumn":70},"tokenRange":{"beginToken":{"kind":94,"text":"table"},"endToken":{"kind":94,"text":"table"}},"identifier":"table"}}}}],"name":{"!":"com.github.javaparser.ast.expr.SimpleName","range":{"beginLine":16,"beginColumn":21,"endLine":16,"endColumn":24},"tokenRange":{"beginToken":{"kind":94,"text":"info"},"endToken":{"kind":94,"text":"info"}},"identifier":"info"},"scope":{"!":"com.github.javaparser.ast.expr.NameExpr","range":{"beginLine":16,"beginColumn":17,"endLine":16,"endColumn":19},"tokenRange":{"beginToken":{"kind":94,"text":"log"},"endToken":{"kind":94,"text":"log"}},"name":{"!":"com.github.javaparser.ast.expr.SimpleName","range":{"beginLine":16,"beginColumn":17,"endLine":16,"endColumn":19},"tokenRange":{"beginToken":{"kind":94,"text":"log"},"endToken":{"kind":94,"text":"log"}},"identifier":"log"}}}},{"!":"com.github.javaparser.ast.stmt.IfStmt","range":{"beginLine":17,"beginColumn":5,"endLine":19,"endColumn":5},"tokenRange":{"beginToken":{"kind":34,"text":"if"},"endToken":{"kind":100,"text":"}"}},"condition":{"!":"com.github.javaparser.ast.expr.MethodCallExpr","range":{"beginLine":17,"beginColumn":10,"endLine":17,"endColumn":54},"tokenRange":{"beginToken":{"kind":94,"text":"table"},"endToken":{"kind":98,"text":")"}},"arguments":[{"!":"com.github.javaparser.ast.expr.StringLiteralExpr","range":{"beginLine":17,"beginColumn":43,"endLine":17,"endColumn":53},"tokenRange":{"beginToken":{"kind":90,"text":"\"A_ADDRESS\""},"endToken":{"kind":90,"text":"\"A_ADDRESS\""}},"value":"A_ADDRESS"}],"name":{"!":"com.github.javaparser.ast.expr.SimpleName","range":{"beginLine":17,"beginColumn":26,"endLine":17,"endColumn":41},"tokenRange":{"beginToken":{"kind":94,"text":"equalsIgnoreCase"},"endToken":{"kind":94,"text":"equalsIgnoreCase"}},"identifier":"equalsIgnoreCase"},"scope":{"!":"com.github.javaparser.ast.expr.MethodCallExpr","range":{"beginLine":17,"beginColumn":10,"endLine":17,"endColumn":24},"tokenRange":{"beginToken":{"kind":94,"text":"table"},"endToken":{"kind":98,"text":")"}},"arguments":[],"name":{"!":"com.github.javaparser.ast.expr.SimpleName","range":{"beginLine":17,"beginColumn":16,"endLine":17,"endColumn":22},"tokenRange":{"beginToken":{"kind":94,"text":"getName"},"endToken":{"kind":94,"text":"getName"}},"identifier":"getName"},"scope":{"!":"com.github.javaparser.ast.expr.NameExpr","range":{"beginLine":17,"beginColumn":10,"endLine":17,"endColumn":14},"tokenRange":{"beginToken":{"kind":94,"text":"table"},"endToken":{"kind":94,"text":"table"}},"name":{"!":"com.github.javaparser.ast.expr.SimpleName","range":{"beginLine":17,"beginColumn":10,"endLine":17,"endColumn":14},"tokenRange":{"beginToken":{"kind":94,"text":"table"},"endToken":{"kind":94,"text":"table"}},"identifier":"table"}}}},"thenStmt":{"!":"com.github.javaparser.ast.stmt.BlockStmt","range":{"beginLine":17,"beginColumn":57,"endLine":19,"endColumn":5},"tokenRange":{"beginToken":{"kind":99,"text":"{"},"endToken":{"kind":100,"text":"}"}},"statements":[{"!":"com.github.javaparser.ast.stmt.ExpressionStmt","range":{"beginLine":18,"beginColumn":6,"endLine":18,"endColumn":20},"tokenRange":{"beginToken":{"kind":94,"text":"foundIt"},"endToken":{"kind":103,"text":";"}},"expression":{"!":"com.github.javaparser.ast.expr.AssignExpr","range":{"beginLine":18,"beginColumn":6,"endLine":18,"endColumn":19},"tokenRange":{"beginToken":{"kind":94,"text":"foundIt"},"endToken":{"kind":60,"text":"true"}},"operator":"ASSIGN","target":{"!":"com.github.javaparser.ast.expr.NameExpr","range":{"beginLine":18,"beginColumn":6,"endLine":18,"endColumn":12},"tokenRange":{"beginToken":{"kind":94,"text":"foundIt"},"endToken":{"kind":94,"text":"foundIt"}},"name":{"!":"com.github.javaparser.ast.expr.SimpleName","range":{"beginLine":18,"beginColumn":6,"endLine":18,"endColumn":12},"tokenRange":{"beginToken":{"kind":94,"text":"foundIt"},"endToken":{"kind":94,"text":"foundIt"}},"identifier":"foundIt"}},"value":{"!":"com.github.javaparser.ast.expr.BooleanLiteralExpr","range":{"beginLine":18,"beginColumn":16,"endLine":18,"endColumn":19},"tokenRange":{"beginToken":{"kind":60,"text":"true"},"endToken":{"kind":60,"text":"true"}},"value":"true"}}}]}},{"!":"com.github.javaparser.ast.stmt.ExpressionStmt","range":{"beginLine":21,"beginColumn":5,"endLine":21,"endColumn":219},"tokenRange":{"beginToken":{"kind":94,"text":"assertFalse"},"endToken":{"kind":103,"text":";"}},"expression":{"!":"com.github.javaparser.ast.expr.MethodCallExpr","range":{"beginLine":21,"beginColumn":5,"endLine":21,"endColumn":218},"tokenRange":{"beginToken":{"kind":94,"text":"assertFalse"},"endToken":{"kind":98,"text":")"}},"arguments":[{"!":"com.github.javaparser.ast.expr.StringLiteralExpr","range":{"beginLine":21,"beginColumn":17,"endLine":21,"endColumn":169},"tokenRange":{"beginToken":{"kind":90,"text":"\"got table name mapped to: AEC_address (should be A_ADDRESS) which violates JPA-2 spec section 11.1.8 ([OWNING_ENTITY_NAME]_[COLLECTION_ATTRIBUTE_NAME])\""},"endToken":{"kind":90,"text":"\"got table name mapped to: AEC_address (should be A_ADDRESS) which violates JPA-2 spec section 11.1.8 ([OWNING_ENTITY_NAME]_[COLLECTION_ATTRIBUTE_NAME])\""}},"value":"got table name mapped to: AEC_address (should be A_ADDRESS) which violates JPA-2 spec section 11.1.8 ([OWNING_ENTITY_NAME]_[COLLECTION_ATTRIBUTE_NAME])"},{"!":"com.github.javaparser.ast.expr.MethodCallExpr","range":{"beginLine":21,"beginColumn":171,"endLine":21,"endColumn":217},"tokenRange":{"beginToken":{"kind":94,"text":"table"},"endToken":{"kind":98,"text":")"}},"arguments":[{"!":"com.github.javaparser.ast.expr.StringLiteralExpr","range":{"beginLine":21,"beginColumn":204,"endLine":21,"endColumn":216},"tokenRange":{"beginToken":{"kind":90,"text":"\"AEC_address\""},"endToken":{"kind":90,"text":"\"AEC_address\""}},"value":"AEC_address"}],"name":{"!":"com.github.javaparser.ast.expr.SimpleName","range":{"beginLine":21,"beginColumn":187,"endLine":21,"endColumn":202},"tokenRange":{"beginToken":{"kind":94,"text":"equalsIgnoreCase"},"endToken":{"kind":94,"text":"equalsIgnoreCase"}},"identifier":"equalsIgnoreCase"},"scope":{"!":"com.github.javaparser.ast.expr.MethodCallExpr","range":{"beginLine":21,"beginColumn":171,"endLine":21,"endColumn":185},"tokenRange":{"beginToken":{"kind":94,"text":"table"},"endToken":{"kind":98,"text":")"}},"arguments":[],"name":{"!":"com.github.javaparser.ast.expr.SimpleName","range":{"beginLine":21,"beginColumn":177,"endLine":21,"endColumn":183},"tokenRange":{"beginToken":{"kind":94,"text":"getName"},"endToken":{"kind":94,"text":"getName"}},"identifier":"getName"},"scope":{"!":"com.github.javaparser.ast.expr.NameExpr","range":{"beginLine":21,"beginColumn":171,"endLine":21,"endColumn":175},"tokenRange":{"beginToken":{"kind":94,"text":"table"},"endToken":{"kind":94,"text":"table"}},"name":{"!":"com.github.javaparser.ast.expr.SimpleName","range":{"beginLine":21,"beginColumn":171,"endLine":21,"endColumn":175},"tokenRange":{"beginToken":{"kind":94,"text":"table"},"endToken":{"kind":94,"text":"table"}},"identifier":"table"}}}}],"name":{"!":"com.github.javaparser.ast.expr.SimpleName","range":{"beginLine":21,"beginColumn":5,"endLine":21,"endColumn":15},"tokenRange":{"beginToken":{"kind":94,"text":"assertFalse"},"endToken":{"kind":94,"text":"assertFalse"}},"identifier":"assertFalse"}},"comment":{"!":"com.github.javaparser.ast.comments.LineComment","range":{"beginLine":20,"beginColumn":5,"endLine":20,"endColumn":56},"tokenRange":{"beginToken":{"kind":5,"text":"// make sure we use A_ADDRESS instead of AEC_address"},"endToken":{"kind":5,"text":"// make sure we use A_ADDRESS instead of AEC_address"}},"content":" make sure we use A_ADDRESS instead of AEC_address"}}]},"compare":{"!":"com.github.javaparser.ast.expr.MethodCallExpr","range":{"beginLine":14,"beginColumn":52,"endLine":14,"endColumn":65},"tokenRange":{"beginToken":{"kind":94,"text":"iter"},"endToken":{"kind":98,"text":")"}},"arguments":[],"name":{"!":"com.github.javaparser.ast.expr.SimpleName","range":{"beginLine":14,"beginColumn":57,"endLine":14,"endColumn":63},"tokenRange":{"beginToken":{"kind":94,"text":"hasNext"},"endToken":{"kind":94,"text":"hasNext"}},"identifier":"hasNext"},"scope":{"!":"com.github.javaparser.ast.expr.NameExpr","range":{"beginLine":14,"beginColumn":52,"endLine":14,"endColumn":55},"tokenRange":{"beginToken":{"kind":94,"text":"iter"},"endToken":{"kind":94,"text":"iter"}},"name":{"!":"com.github.javaparser.ast.expr.SimpleName","range":{"beginLine":14,"beginColumn":52,"endLine":14,"endColumn":55},"tokenRange":{"beginToken":{"kind":94,"text":"iter"},"endToken":{"kind":94,"text":"iter"}},"identifier":"iter"}}},"initialization":[{"!":"com.github.javaparser.ast.expr.VariableDeclarationExpr","range":{"beginLine":14,"beginColumn":10,"endLine":14,"endColumn":49},"tokenRange":{"beginToken":{"kind":94,"text":"Iterator"},"endToken":{"kind":98,"text":")"}},"annotations":[],"modifiers":[],"variables":[{"!":"com.github.javaparser.ast.body.VariableDeclarator","range":{"beginLine":14,"beginColumn":19,"endLine":14,"endColumn":49},"tokenRange":{"beginToken":{"kind":94,"text":"iter"},"endToken":{"kind":98,"text":")"}},"initializer":{"!":"com.github.javaparser.ast.expr.MethodCallExpr","range":{"beginLine":14,"beginColumn":26,"endLine":14,"endColumn":49},"tokenRange":{"beginToken":{"kind":94,"text":"mappings"},"endToken":{"kind":98,"text":")"}},"arguments":[],"name":{"!":"com.github.javaparser.ast.expr.SimpleName","range":{"beginLine":14,"beginColumn":35,"endLine":14,"endColumn":47},"tokenRange":{"beginToken":{"kind":94,"text":"iterateTables"},"endToken":{"kind":94,"text":"iterateTables"}},"identifier":"iterateTables"},"scope":{"!":"com.github.javaparser.ast.expr.NameExpr","range":{"beginLine":14,"beginColumn":26,"endLine":14,"endColumn":33},"tokenRange":{"beginToken":{"kind":94,"text":"mappings"},"endToken":{"kind":94,"text":"mappings"}},"name":{"!":"com.github.javaparser.ast.expr.SimpleName","range":{"beginLine":14,"beginColumn":26,"endLine":14,"endColumn":33},"tokenRange":{"beginToken":{"kind":94,"text":"mappings"},"endToken":{"kind":94,"text":"mappings"}},"identifier":"mappings"}}},"name":{"!":"com.github.javaparser.ast.expr.SimpleName","range":{"beginLine":14,"beginColumn":19,"endLine":14,"endColumn":22},"tokenRange":{"beginToken":{"kind":94,"text":"iter"},"endToken":{"kind":94,"text":"iter"}},"identifier":"iter"},"type":{"!":"com.github.javaparser.ast.type.ClassOrInterfaceType","range":{"beginLine":14,"beginColumn":10,"endLine":14,"endColumn":17},"tokenRange":{"beginToken":{"kind":94,"text":"Iterator"},"endToken":{"kind":94,"text":"Iterator"}},"name":{"!":"com.github.javaparser.ast.expr.SimpleName","range":{"beginLine":14,"beginColumn":10,"endLine":14,"endColumn":17},"tokenRange":{"beginToken":{"kind":94,"text":"Iterator"},"endToken":{"kind":94,"text":"Iterator"}},"identifier":"Iterator"},"annotations":[]}}]}],"update":[]},{"!":"com.github.javaparser.ast.stmt.ExpressionStmt","range":{"beginLine":23,"beginColumn":4,"endLine":23,"endColumn":96},"tokenRange":{"beginToken":{"kind":94,"text":"assertTrue"},"endToken":{"kind":103,"text":";"}},"expression":{"!":"com.github.javaparser.ast.expr.MethodCallExpr","range":{"beginLine":23,"beginColumn":4,"endLine":23,"endColumn":95},"tokenRange":{"beginToken":{"kind":94,"text":"assertTrue"},"endToken":{"kind":98,"text":")"}},"arguments":[{"!":"com.github.javaparser.ast.expr.StringLiteralExpr","range":{"beginLine":23,"beginColumn":15,"endLine":23,"endColumn":86},"tokenRange":{"beginToken":{"kind":90,"text":"\"table not mapped to A_ADDRESS which violates JPA-2 spec section 11.1.8\""},"endToken":{"kind":90,"text":"\"table not mapped to A_ADDRESS which violates JPA-2 spec section 11.1.8\""}},"value":"table not mapped to A_ADDRESS which violates JPA-2 spec section 11.1.8"},{"!":"com.github.javaparser.ast.expr.NameExpr","range":{"beginLine":23,"beginColumn":88,"endLine":23,"endColumn":94},"tokenRange":{"beginToken":{"kind":94,"text":"foundIt"},"endToken":{"kind":94,"text":"foundIt"}},"name":{"!":"com.github.javaparser.ast.expr.SimpleName","range":{"beginLine":23,"beginColumn":88,"endLine":23,"endColumn":94},"tokenRange":{"beginToken":{"kind":94,"text":"foundIt"},"endToken":{"kind":94,"text":"foundIt"}},"identifier":"foundIt"}}],"name":{"!":"com.github.javaparser.ast.expr.SimpleName","range":{"beginLine":23,"beginColumn":4,"endLine":23,"endColumn":13},"tokenRange":{"beginToken":{"kind":94,"text":"assertTrue"},"endToken":{"kind":94,"text":"assertTrue"}},"identifier":"assertTrue"}}}]}}]},"type":{"!":"com.github.javaparser.ast.type.VoidType","range":{"beginLine":3,"beginColumn":9,"endLine":3,"endColumn":12},"tokenRange":{"beginToken":{"kind":62,"text":"void"},"endToken":{"kind":62,"text":"void"}},"annotations":[]},"modifiers":[{"!":"com.github.javaparser.ast.Modifier","range":{"beginLine":3,"beginColumn":2,"endLine":3,"endColumn":7},"tokenRange":{"beginToken":{"kind":47,"text":"public"},"endToken":{"kind":47,"text":"public"}},"keyword":"PUBLIC"}],"name":{"!":"com.github.javaparser.ast.expr.SimpleName","range":{"beginLine":3,"beginColumn":14,"endLine":3,"endColumn":39},"tokenRange":{"beginToken":{"kind":94,"text":"testWithEJB3NamingStrategy"},"endToken":{"kind":94,"text":"testWithEJB3NamingStrategy"}},"identifier":"testWithEJB3NamingStrategy"},"parameters":[],"thrownExceptions":[{"!":"com.github.javaparser.ast.type.ClassOrInterfaceType","range":{"beginLine":3,"beginColumn":50,"endLine":3,"endColumn":58},"tokenRange":{"beginToken":{"kind":94,"text":"Exception"},"endToken":{"kind":94,"text":"Exception"}},"name":{"!":"com.github.javaparser.ast.expr.SimpleName","range":{"beginLine":3,"beginColumn":50,"endLine":3,"endColumn":58},"tokenRange":{"beginToken":{"kind":94,"text":"Exception"},"endToken":{"kind":94,"text":"Exception"}},"identifier":"Exception"},"annotations":[]}],"typeParameters":[],"annotations":[{"!":"com.github.javaparser.ast.expr.MarkerAnnotationExpr","range":{"beginLine":2,"beginColumn":2,"endLine":2,"endColumn":6},"tokenRange":{"beginToken":{"kind":107,"text":"@"},"endToken":{"kind":94,"text":"Test"}},"name":{"!":"com.github.javaparser.ast.expr.Name","range":{"beginLine":2,"beginColumn":3,"endLine":2,"endColumn":6},"tokenRange":{"beginToken":{"kind":94,"text":"Test"},"endToken":{"kind":94,"text":"Test"}},"identifier":"Test"}}]}],"modifiers":[],"name":{"!":"com.github.javaparser.ast.expr.SimpleName","range":{"beginLine":1,"beginColumn":7,"endLine":1,"endColumn":10},"tokenRange":{"beginToken":{"kind":94,"text":"Test"},"endToken":{"kind":94,"text":"Test"}},"identifier":"Test"},"annotations":[]}]}