{"!":"com.github.javaparser.ast.CompilationUnit","range":{"beginLine":1,"beginColumn":1,"endLine":14,"endColumn":2},"tokenRange":{"beginToken":{"kind":19,"text":"class"},"endToken":{"kind":0,"text":""}},"imports":[],"types":[{"!":"com.github.javaparser.ast.body.ClassOrInterfaceDeclaration","range":{"beginLine":1,"beginColumn":1,"endLine":14,"endColumn":2},"tokenRange":{"beginToken":{"kind":19,"text":"class"},"endToken":{"kind":100,"text":"}"}},"extendedTypes":[],"implementedTypes":[],"isInterface":"false","typeParameters":[],"members":[{"!":"com.github.javaparser.ast.body.MethodDeclaration","range":{"beginLine":2,"beginColumn":2,"endLine":12,"endColumn":2},"tokenRange":{"beginToken":{"kind":47,"text":"public"},"endToken":{"kind":100,"text":"}"}},"body":{"!":"com.github.javaparser.ast.stmt.BlockStmt","range":{"beginLine":2,"beginColumn":153,"endLine":12,"endColumn":2},"tokenRange":{"beginToken":{"kind":99,"text":"{"},"endToken":{"kind":100,"text":"}"}},"statements":[{"!":"com.github.javaparser.ast.stmt.ExpressionStmt","range":{"beginLine":3,"beginColumn":3,"endLine":4,"endColumn":106},"tokenRange":{"beginToken":{"kind":29,"text":"final"},"endToken":{"kind":103,"text":";"}},"expression":{"!":"com.github.javaparser.ast.expr.VariableDeclarationExpr","range":{"beginLine":3,"beginColumn":3,"endLine":4,"endColumn":105},"tokenRange":{"beginToken":{"kind":29,"text":"final"},"endToken":{"kind":98,"text":")"}},"annotations":[],"modifiers":[{"!":"com.github.javaparser.ast.Modifier","range":{"beginLine":3,"beginColumn":3,"endLine":3,"endColumn":7},"tokenRange":{"beginToken":{"kind":29,"text":"final"},"endToken":{"kind":29,"text":"final"}},"keyword":"FINAL"}],"variables":[{"!":"com.github.javaparser.ast.body.VariableDeclarator","range":{"beginLine":3,"beginColumn":29,"endLine":4,"endColumn":105},"tokenRange":{"beginToken":{"kind":94,"text":"collectionPersister"},"endToken":{"kind":98,"text":")"}},"initializer":{"!":"com.github.javaparser.ast.expr.CastExpr","range":{"beginLine":4,"beginColumn":5,"endLine":4,"endColumn":105},"tokenRange":{"beginToken":{"kind":97,"text":"("},"endToken":{"kind":98,"text":")"}},"expression":{"!":"com.github.javaparser.ast.expr.MethodCallExpr","range":{"beginLine":4,"beginColumn":27,"endLine":4,"endColumn":105},"tokenRange":{"beginToken":{"kind":94,"text":"compositionElementDefinition"},"endToken":{"kind":98,"text":")"}},"arguments":[],"name":{"!":"com.github.javaparser.ast.expr.SimpleName","range":{"beginLine":4,"beginColumn":82,"endLine":4,"endColumn":103},"tokenRange":{"beginToken":{"kind":94,"text":"getCollectionPersister"},"endToken":{"kind":94,"text":"getCollectionPersister"}},"identifier":"getCollectionPersister"},"scope":{"!":"com.github.javaparser.ast.expr.MethodCallExpr","range":{"beginLine":4,"beginColumn":27,"endLine":4,"endColumn":80},"tokenRange":{"beginToken":{"kind":94,"text":"compositionElementDefinition"},"endToken":{"kind":98,"text":")"}},"arguments":[],"name":{"!":"com.github.javaparser.ast.expr.SimpleName","range":{"beginLine":4,"beginColumn":56,"endLine":4,"endColumn":78},"tokenRange":{"beginToken":{"kind":94,"text":"getCollectionDefinition"},"endToken":{"kind":94,"text":"getCollectionDefinition"}},"identifier":"getCollectionDefinition"},"scope":{"!":"com.github.javaparser.ast.expr.NameExpr","range":{"beginLine":4,"beginColumn":27,"endLine":4,"endColumn":54},"tokenRange":{"beginToken":{"kind":94,"text":"compositionElementDefinition"},"endToken":{"kind":94,"text":"compositionElementDefinition"}},"name":{"!":"com.github.javaparser.ast.expr.SimpleName","range":{"beginLine":4,"beginColumn":27,"endLine":4,"endColumn":54},"tokenRange":{"beginToken":{"kind":94,"text":"compositionElementDefinition"},"endToken":{"kind":94,"text":"compositionElementDefinition"}},"identifier":"compositionElementDefinition"}}}},"type":{"!":"com.github.javaparser.ast.type.ClassOrInterfaceType","range":{"beginLine":4,"beginColumn":6,"endLine":4,"endColumn":24},"tokenRange":{"beginToken":{"kind":94,"text":"QueryableCollection"},"endToken":{"kind":94,"text":"QueryableCollection"}},"name":{"!":"com.github.javaparser.ast.expr.SimpleName","range":{"beginLine":4,"beginColumn":6,"endLine":4,"endColumn":24},"tokenRange":{"beginToken":{"kind":94,"text":"QueryableCollection"},"endToken":{"kind":94,"text":"QueryableCollection"}},"identifier":"QueryableCollection"},"annotations":[]}},"name":{"!":"com.github.javaparser.ast.expr.SimpleName","range":{"beginLine":3,"beginColumn":29,"endLine":3,"endColumn":47},"tokenRange":{"beginToken":{"kind":94,"text":"collectionPersister"},"endToken":{"kind":94,"text":"collectionPersister"}},"identifier":"collectionPersister"},"type":{"!":"com.github.javaparser.ast.type.ClassOrInterfaceType","range":{"beginLine":3,"beginColumn":9,"endLine":3,"endColumn":27},"tokenRange":{"beginToken":{"kind":94,"text":"QueryableCollection"},"endToken":{"kind":94,"text":"QueryableCollection"}},"name":{"!":"com.github.javaparser.ast.expr.SimpleName","range":{"beginLine":3,"beginColumn":9,"endLine":3,"endColumn":27},"tokenRange":{"beginToken":{"kind":94,"text":"QueryableCollection"},"endToken":{"kind":94,"text":"QueryableCollection"}},"identifier":"QueryableCollection"},"annotations":[]}}]}},{"!":"com.github.javaparser.ast.stmt.ReturnStmt","range":{"beginLine":5,"beginColumn":3,"endLine":11,"endColumn":4},"tokenRange":{"beginToken":{"kind":49,"text":"return"},"endToken":{"kind":103,"text":";"}},"expression":{"!":"com.github.javaparser.ast.expr.MethodCallExpr","range":{"beginLine":5,"beginColumn":10,"endLine":11,"endColumn":3},"tokenRange":{"beginToken":{"kind":94,"text":"getSingularSubAttributes"},"endToken":{"kind":98,"text":")"}},"arguments":[{"!":"com.github.javaparser.ast.expr.MethodCallExpr","range":{"beginLine":6,"beginColumn":5,"endLine":6,"endColumn":44},"tokenRange":{"beginToken":{"kind":94,"text":"compositionElementDefinition"},"endToken":{"kind":98,"text":")"}},"arguments":[],"name":{"!":"com.github.javaparser.ast.expr.SimpleName","range":{"beginLine":6,"beginColumn":34,"endLine":6,"endColumn":42},"tokenRange":{"beginToken":{"kind":94,"text":"getSource"},"endToken":{"kind":94,"text":"getSource"}},"identifier":"getSource"},"scope":{"!":"com.github.javaparser.ast.expr.NameExpr","range":{"beginLine":6,"beginColumn":5,"endLine":6,"endColumn":32},"tokenRange":{"beginToken":{"kind":94,"text":"compositionElementDefinition"},"endToken":{"kind":94,"text":"compositionElementDefinition"}},"name":{"!":"com.github.javaparser.ast.expr.SimpleName","range":{"beginLine":6,"beginColumn":5,"endLine":6,"endColumn":32},"tokenRange":{"beginToken":{"kind":94,"text":"compositionElementDefinition"},"endToken":{"kind":94,"text":"compositionElementDefinition"}},"identifier":"compositionElementDefinition"}}},{"!":"com.github.javaparser.ast.expr.CastExpr","range":{"beginLine":7,"beginColumn":5,"endLine":7,"endColumn":69},"tokenRange":{"beginToken":{"kind":97,"text":"("},"endToken":{"kind":98,"text":")"}},"expression":{"!":"com.github.javaparser.ast.expr.MethodCallExpr","range":{"beginLine":7,"beginColumn":25,"endLine":7,"endColumn":69},"tokenRange":{"beginToken":{"kind":94,"text":"collectionPersister"},"endToken":{"kind":98,"text":")"}},"arguments":[],"name":{"!":"com.github.javaparser.ast.expr.SimpleName","range":{"beginLine":7,"beginColumn":45,"endLine":7,"endColumn":67},"tokenRange":{"beginToken":{"kind":94,"text":"getOwnerEntityPersister"},"endToken":{"kind":94,"text":"getOwnerEntityPersister"}},"identifier":"getOwnerEntityPersister"},"scope":{"!":"com.github.javaparser.ast.expr.NameExpr","range":{"beginLine":7,"beginColumn":25,"endLine":7,"endColumn":43},"tokenRange":{"beginToken":{"kind":94,"text":"collectionPersister"},"endToken":{"kind":94,"text":"collectionPersister"}},"name":{"!":"com.github.javaparser.ast.expr.SimpleName","range":{"beginLine":7,"beginColumn":25,"endLine":7,"endColumn":43},"tokenRange":{"beginToken":{"kind":94,"text":"collectionPersister"},"endToken":{"kind":94,"text":"collectionPersister"}},"identifier":"collectionPersister"}}},"type":{"!":"com.github.javaparser.ast.type.ClassOrInterfaceType","range":{"beginLine":7,"beginColumn":6,"endLine":7,"endColumn":22},"tokenRange":{"beginToken":{"kind":94,"text":"OuterJoinLoadable"},"endToken":{"kind":94,"text":"OuterJoinLoadable"}},"name":{"!":"com.github.javaparser.ast.expr.SimpleName","range":{"beginLine":7,"beginColumn":6,"endLine":7,"endColumn":22},"tokenRange":{"beginToken":{"kind":94,"text":"OuterJoinLoadable"},"endToken":{"kind":94,"text":"OuterJoinLoadable"}},"identifier":"OuterJoinLoadable"},"annotations":[]}},{"!":"com.github.javaparser.ast.expr.CastExpr","range":{"beginLine":8,"beginColumn":5,"endLine":8,"endColumn":54},"tokenRange":{"beginToken":{"kind":97,"text":"("},"endToken":{"kind":98,"text":")"}},"expression":{"!":"com.github.javaparser.ast.expr.MethodCallExpr","range":{"beginLine":8,"beginColumn":21,"endLine":8,"endColumn":54},"tokenRange":{"beginToken":{"kind":94,"text":"collectionPersister"},"endToken":{"kind":98,"text":")"}},"arguments":[],"name":{"!":"com.github.javaparser.ast.expr.SimpleName","range":{"beginLine":8,"beginColumn":41,"endLine":8,"endColumn":52},"tokenRange":{"beginToken":{"kind":94,"text":"getIndexType"},"endToken":{"kind":94,"text":"getIndexType"}},"identifier":"getIndexType"},"scope":{"!":"com.github.javaparser.ast.expr.NameExpr","range":{"beginLine":8,"beginColumn":21,"endLine":8,"endColumn":39},"tokenRange":{"beginToken":{"kind":94,"text":"collectionPersister"},"endToken":{"kind":94,"text":"collectionPersister"}},"name":{"!":"com.github.javaparser.ast.expr.SimpleName","range":{"beginLine":8,"beginColumn":21,"endLine":8,"endColumn":39},"tokenRange":{"beginToken":{"kind":94,"text":"collectionPersister"},"endToken":{"kind":94,"text":"collectionPersister"}},"identifier":"collectionPersister"}}},"type":{"!":"com.github.javaparser.ast.type.ClassOrInterfaceType","range":{"beginLine":8,"beginColumn":6,"endLine":8,"endColumn":18},"tokenRange":{"beginToken":{"kind":94,"text":"CompositeType"},"endToken":{"kind":94,"text":"CompositeType"}},"name":{"!":"com.github.javaparser.ast.expr.SimpleName","range":{"beginLine":8,"beginColumn":6,"endLine":8,"endColumn":18},"tokenRange":{"beginToken":{"kind":94,"text":"CompositeType"},"endToken":{"kind":94,"text":"CompositeType"}},"identifier":"CompositeType"},"annotations":[]}},{"!":"com.github.javaparser.ast.expr.MethodCallExpr","range":{"beginLine":9,"beginColumn":5,"endLine":9,"endColumn":38},"tokenRange":{"beginToken":{"kind":94,"text":"collectionPersister"},"endToken":{"kind":98,"text":")"}},"arguments":[],"name":{"!":"com.github.javaparser.ast.expr.SimpleName","range":{"beginLine":9,"beginColumn":25,"endLine":9,"endColumn":36},"tokenRange":{"beginToken":{"kind":94,"text":"getTableName"},"endToken":{"kind":94,"text":"getTableName"}},"identifier":"getTableName"},"scope":{"!":"com.github.javaparser.ast.expr.NameExpr","range":{"beginLine":9,"beginColumn":5,"endLine":9,"endColumn":23},"tokenRange":{"beginToken":{"kind":94,"text":"collectionPersister"},"endToken":{"kind":94,"text":"collectionPersister"}},"name":{"!":"com.github.javaparser.ast.expr.SimpleName","range":{"beginLine":9,"beginColumn":5,"endLine":9,"endColumn":23},"tokenRange":{"beginToken":{"kind":94,"text":"collectionPersister"},"endToken":{"kind":94,"text":"collectionPersister"}},"identifier":"collectionPersister"}}},{"!":"com.github.javaparser.ast.expr.MethodCallExpr","range":{"beginLine":10,"beginColumn":5,"endLine":10,"endColumn":45},"tokenRange":{"beginToken":{"kind":94,"text":"collectionPersister"},"endToken":{"kind":98,"text":")"}},"arguments":[],"name":{"!":"com.github.javaparser.ast.expr.SimpleName","range":{"beginLine":10,"beginColumn":25,"endLine":10,"endColumn":43},"tokenRange":{"beginToken":{"kind":94,"text":"getIndexColumnNames"},"endToken":{"kind":94,"text":"getIndexColumnNames"}},"identifier":"getIndexColumnNames"},"scope":{"!":"com.github.javaparser.ast.expr.NameExpr","range":{"beginLine":10,"beginColumn":5,"endLine":10,"endColumn":23},"tokenRange":{"beginToken":{"kind":94,"text":"collectionPersister"},"endToken":{"kind":94,"text":"collectionPersister"}},"name":{"!":"com.github.javaparser.ast.expr.SimpleName","range":{"beginLine":10,"beginColumn":5,"endLine":10,"endColumn":23},"tokenRange":{"beginToken":{"kind":94,"text":"collectionPersister"},"endToken":{"kind":94,"text":"collectionPersister"}},"identifier":"collectionPersister"}}}],"name":{"!":"com.github.javaparser.ast.expr.SimpleName","range":{"beginLine":5,"beginColumn":10,"endLine":5,"endColumn":33},"tokenRange":{"beginToken":{"kind":94,"text":"getSingularSubAttributes"},"endToken":{"kind":94,"text":"getSingularSubAttributes"}},"identifier":"getSingularSubAttributes"}}}]},"type":{"!":"com.github.javaparser.ast.type.ClassOrInterfaceType","range":{"beginLine":2,"beginColumn":16,"endLine":2,"endColumn":44},"tokenRange":{"beginToken":{"kind":94,"text":"Iterable"},"endToken":{"kind":146,"text":">"}},"name":{"!":"com.github.javaparser.ast.expr.SimpleName","range":{"beginLine":2,"beginColumn":16,"endLine":2,"endColumn":23},"tokenRange":{"beginToken":{"kind":94,"text":"Iterable"},"endToken":{"kind":94,"text":"Iterable"}},"identifier":"Iterable"},"typeArguments":[{"!":"com.github.javaparser.ast.type.ClassOrInterfaceType","range":{"beginLine":2,"beginColumn":25,"endLine":2,"endColumn":43},"tokenRange":{"beginToken":{"kind":94,"text":"AttributeDefinition"},"endToken":{"kind":94,"text":"AttributeDefinition"}},"name":{"!":"com.github.javaparser.ast.expr.SimpleName","range":{"beginLine":2,"beginColumn":25,"endLine":2,"endColumn":43},"tokenRange":{"beginToken":{"kind":94,"text":"AttributeDefinition"},"endToken":{"kind":94,"text":"AttributeDefinition"}},"identifier":"AttributeDefinition"},"annotations":[]}],"annotations":[]},"modifiers":[{"!":"com.github.javaparser.ast.Modifier","range":{"beginLine":2,"beginColumn":2,"endLine":2,"endColumn":7},"tokenRange":{"beginToken":{"kind":47,"text":"public"},"endToken":{"kind":47,"text":"public"}},"keyword":"PUBLIC"},{"!":"com.github.javaparser.ast.Modifier","range":{"beginLine":2,"beginColumn":9,"endLine":2,"endColumn":14},"tokenRange":{"beginToken":{"kind":51,"text":"static"},"endToken":{"kind":51,"text":"static"}},"keyword":"STATIC"}],"name":{"!":"com.github.javaparser.ast.expr.SimpleName","range":{"beginLine":2,"beginColumn":46,"endLine":2,"endColumn":85},"tokenRange":{"beginToken":{"kind":94,"text":"getCompositeCollectionIndexSubAttributes"},"endToken":{"kind":94,"text":"getCompositeCollectionIndexSubAttributes"}},"identifier":"getCompositeCollectionIndexSubAttributes"},"parameters":[{"!":"com.github.javaparser.ast.body.Parameter","range":{"beginLine":2,"beginColumn":87,"endLine":2,"endColumn":151},"tokenRange":{"beginToken":{"kind":94,"text":"CompositeCollectionElementDefinition"},"endToken":{"kind":94,"text":"compositionElementDefinition"}},"annotations":[],"isVarArgs":"false","modifiers":[],"name":{"!":"com.github.javaparser.ast.expr.SimpleName","range":{"beginLine":2,"beginColumn":124,"endLine":2,"endColumn":151},"tokenRange":{"beginToken":{"kind":94,"text":"compositionElementDefinition"},"endToken":{"kind":94,"text":"compositionElementDefinition"}},"identifier":"compositionElementDefinition"},"type":{"!":"com.github.javaparser.ast.type.ClassOrInterfaceType","range":{"beginLine":2,"beginColumn":87,"endLine":2,"endColumn":122},"tokenRange":{"beginToken":{"kind":94,"text":"CompositeCollectionElementDefinition"},"endToken":{"kind":94,"text":"CompositeCollectionElementDefinition"}},"name":{"!":"com.github.javaparser.ast.expr.SimpleName","range":{"beginLine":2,"beginColumn":87,"endLine":2,"endColumn":122},"tokenRange":{"beginToken":{"kind":94,"text":"CompositeCollectionElementDefinition"},"endToken":{"kind":94,"text":"CompositeCollectionElementDefinition"}},"identifier":"CompositeCollectionElementDefinition"},"annotations":[]},"varArgsAnnotations":[]}],"thrownExceptions":[],"typeParameters":[],"annotations":[]}],"modifiers":[],"name":{"!":"com.github.javaparser.ast.expr.SimpleName","range":{"beginLine":1,"beginColumn":7,"endLine":1,"endColumn":10},"tokenRange":{"beginToken":{"kind":94,"text":"Test"},"endToken":{"kind":94,"text":"Test"}},"identifier":"Test"},"annotations":[]}]}