{"!":"com.github.javaparser.ast.CompilationUnit","range":{"beginLine":1,"beginColumn":1,"endLine":44,"endColumn":2},"tokenRange":{"beginToken":{"kind":19,"text":"class"},"endToken":{"kind":0,"text":""}},"imports":[],"types":[{"!":"com.github.javaparser.ast.body.ClassOrInterfaceDeclaration","range":{"beginLine":1,"beginColumn":1,"endLine":44,"endColumn":2},"tokenRange":{"beginToken":{"kind":19,"text":"class"},"endToken":{"kind":100,"text":"}"}},"extendedTypes":[],"implementedTypes":[],"isInterface":"false","typeParameters":[],"members":[{"!":"com.github.javaparser.ast.body.MethodDeclaration","range":{"beginLine":12,"beginColumn":2,"endLine":42,"endColumn":2},"tokenRange":{"beginToken":{"kind":107,"text":"@"},"endToken":{"kind":100,"text":"}"}},"body":{"!":"com.github.javaparser.ast.stmt.BlockStmt","range":{"beginLine":13,"beginColumn":111,"endLine":42,"endColumn":2},"tokenRange":{"beginToken":{"kind":99,"text":"{"},"endToken":{"kind":100,"text":"}"}},"statements":[{"!":"com.github.javaparser.ast.stmt.IfStmt","range":{"beginLine":14,"beginColumn":3,"endLine":18,"endColumn":3},"tokenRange":{"beginToken":{"kind":34,"text":"if"},"endToken":{"kind":100,"text":"}"}},"condition":{"!":"com.github.javaparser.ast.expr.MethodCallExpr","range":{"beginLine":14,"beginColumn":8,"endLine":14,"endColumn":29},"tokenRange":{"beginToken":{"kind":94,"text":"property"},"endToken":{"kind":98,"text":")"}},"arguments":[],"name":{"!":"com.github.javaparser.ast.expr.SimpleName","range":{"beginLine":14,"beginColumn":17,"endLine":14,"endColumn":27},"tokenRange":{"beginToken":{"kind":94,"text":"isSynthetic"},"endToken":{"kind":94,"text":"isSynthetic"}},"identifier":"isSynthetic"},"scope":{"!":"com.github.javaparser.ast.expr.NameExpr","range":{"beginLine":14,"beginColumn":8,"endLine":14,"endColumn":15},"tokenRange":{"beginToken":{"kind":94,"text":"property"},"endToken":{"kind":94,"text":"property"}},"name":{"!":"com.github.javaparser.ast.expr.SimpleName","range":{"beginLine":14,"beginColumn":8,"endLine":14,"endColumn":15},"tokenRange":{"beginToken":{"kind":94,"text":"property"},"endToken":{"kind":94,"text":"property"}},"identifier":"property"}}},"thenStmt":{"!":"com.github.javaparser.ast.stmt.BlockStmt","range":{"beginLine":14,"beginColumn":33,"endLine":18,"endColumn":3},"tokenRange":{"beginToken":{"kind":99,"text":"{"},"endToken":{"kind":100,"text":"}"}},"statements":[{"!":"com.github.javaparser.ast.stmt.ExpressionStmt","range":{"beginLine":16,"beginColumn":4,"endLine":16,"endColumn":99},"tokenRange":{"beginToken":{"kind":94,"text":"LOG"},"endToken":{"kind":103,"text":";"}},"expression":{"!":"com.github.javaparser.ast.expr.MethodCallExpr","range":{"beginLine":16,"beginColumn":4,"endLine":16,"endColumn":98},"tokenRange":{"beginToken":{"kind":94,"text":"LOG"},"endToken":{"kind":98,"text":")"}},"arguments":[{"!":"com.github.javaparser.ast.expr.StringLiteralExpr","range":{"beginLine":16,"beginColumn":16,"endLine":16,"endColumn":51},"tokenRange":{"beginToken":{"kind":90,"text":"\"Skipping synthetic property %s(%s)\""},"endToken":{"kind":90,"text":"\"Skipping synthetic property %s(%s)\""}},"value":"Skipping synthetic property %s(%s)"},{"!":"com.github.javaparser.ast.expr.MethodCallExpr","range":{"beginLine":16,"beginColumn":54,"endLine":16,"endColumn":76},"tokenRange":{"beginToken":{"kind":94,"text":"ownerType"},"endToken":{"kind":98,"text":")"}},"arguments":[],"name":{"!":"com.github.javaparser.ast.expr.SimpleName","range":{"beginLine":16,"beginColumn":64,"endLine":16,"endColumn":74},"tokenRange":{"beginToken":{"kind":94,"text":"getTypeName"},"endToken":{"kind":94,"text":"getTypeName"}},"identifier":"getTypeName"},"scope":{"!":"com.github.javaparser.ast.expr.NameExpr","range":{"beginLine":16,"beginColumn":54,"endLine":16,"endColumn":62},"tokenRange":{"beginToken":{"kind":94,"text":"ownerType"},"endToken":{"kind":94,"text":"ownerType"}},"name":{"!":"com.github.javaparser.ast.expr.SimpleName","range":{"beginLine":16,"beginColumn":54,"endLine":16,"endColumn":62},"tokenRange":{"beginToken":{"kind":94,"text":"ownerType"},"endToken":{"kind":94,"text":"ownerType"}},"identifier":"ownerType"}}},{"!":"com.github.javaparser.ast.expr.MethodCallExpr","range":{"beginLine":16,"beginColumn":79,"endLine":16,"endColumn":96},"tokenRange":{"beginToken":{"kind":94,"text":"property"},"endToken":{"kind":98,"text":")"}},"arguments":[],"name":{"!":"com.github.javaparser.ast.expr.SimpleName","range":{"beginLine":16,"beginColumn":88,"endLine":16,"endColumn":94},"tokenRange":{"beginToken":{"kind":94,"text":"getName"},"endToken":{"kind":94,"text":"getName"}},"identifier":"getName"},"scope":{"!":"com.github.javaparser.ast.expr.NameExpr","range":{"beginLine":16,"beginColumn":79,"endLine":16,"endColumn":86},"tokenRange":{"beginToken":{"kind":94,"text":"property"},"endToken":{"kind":94,"text":"property"}},"name":{"!":"com.github.javaparser.ast.expr.SimpleName","range":{"beginLine":16,"beginColumn":79,"endLine":16,"endColumn":86},"tokenRange":{"beginToken":{"kind":94,"text":"property"},"endToken":{"kind":94,"text":"property"}},"identifier":"property"}}}],"name":{"!":"com.github.javaparser.ast.expr.SimpleName","range":{"beginLine":16,"beginColumn":8,"endLine":16,"endColumn":13},"tokenRange":{"beginToken":{"kind":94,"text":"tracef"},"endToken":{"kind":94,"text":"tracef"}},"identifier":"tracef"},"scope":{"!":"com.github.javaparser.ast.expr.NameExpr","range":{"beginLine":16,"beginColumn":4,"endLine":16,"endColumn":6},"tokenRange":{"beginToken":{"kind":94,"text":"LOG"},"endToken":{"kind":94,"text":"LOG"}},"name":{"!":"com.github.javaparser.ast.expr.SimpleName","range":{"beginLine":16,"beginColumn":4,"endLine":16,"endColumn":6},"tokenRange":{"beginToken":{"kind":94,"text":"LOG"},"endToken":{"kind":94,"text":"LOG"}},"identifier":"LOG"}}},"comment":{"!":"com.github.javaparser.ast.comments.LineComment","range":{"beginLine":15,"beginColumn":4,"endLine":15,"endColumn":89},"tokenRange":{"beginToken":{"kind":5,"text":"// hide synthetic/virtual properties (fabricated by Hibernate) from the JPA metamodel."},"endToken":{"kind":5,"text":"// hide synthetic/virtual properties (fabricated by Hibernate) from the JPA metamodel."}},"content":" hide synthetic/virtual properties (fabricated by Hibernate) from the JPA metamodel."}},{"!":"com.github.javaparser.ast.stmt.ReturnStmt","range":{"beginLine":17,"beginColumn":4,"endLine":17,"endColumn":15},"tokenRange":{"beginToken":{"kind":49,"text":"return"},"endToken":{"kind":103,"text":";"}},"expression":{"!":"com.github.javaparser.ast.expr.NullLiteralExpr","range":{"beginLine":17,"beginColumn":11,"endLine":17,"endColumn":14},"tokenRange":{"beginToken":{"kind":43,"text":"null"},"endToken":{"kind":43,"text":"null"}}}}]}},{"!":"com.github.javaparser.ast.stmt.ExpressionStmt","range":{"beginLine":19,"beginColumn":3,"endLine":19,"endColumn":97},"tokenRange":{"beginToken":{"kind":94,"text":"LOG"},"endToken":{"kind":103,"text":";"}},"expression":{"!":"com.github.javaparser.ast.expr.MethodCallExpr","range":{"beginLine":19,"beginColumn":3,"endLine":19,"endColumn":96},"tokenRange":{"beginToken":{"kind":94,"text":"LOG"},"endToken":{"kind":98,"text":")"}},"arguments":[{"!":"com.github.javaparser.ast.expr.BinaryExpr","range":{"beginLine":19,"beginColumn":14,"endLine":19,"endColumn":94},"tokenRange":{"beginToken":{"kind":90,"text":"\"Building attribute [\""},"endToken":{"kind":90,"text":"\"]\""}},"left":{"!":"com.github.javaparser.ast.expr.BinaryExpr","range":{"beginLine":19,"beginColumn":14,"endLine":19,"endColumn":88},"tokenRange":{"beginToken":{"kind":90,"text":"\"Building attribute [\""},"endToken":{"kind":98,"text":")"}},"left":{"!":"com.github.javaparser.ast.expr.BinaryExpr","range":{"beginLine":19,"beginColumn":14,"endLine":19,"endColumn":67},"tokenRange":{"beginToken":{"kind":90,"text":"\"Building attribute [\""},"endToken":{"kind":90,"text":"\".\""}},"left":{"!":"com.github.javaparser.ast.expr.BinaryExpr","range":{"beginLine":19,"beginColumn":14,"endLine":19,"endColumn":61},"tokenRange":{"beginToken":{"kind":90,"text":"\"Building attribute [\""},"endToken":{"kind":98,"text":")"}},"left":{"!":"com.github.javaparser.ast.expr.StringLiteralExpr","range":{"beginLine":19,"beginColumn":14,"endLine":19,"endColumn":35},"tokenRange":{"beginToken":{"kind":90,"text":"\"Building attribute [\""},"endToken":{"kind":90,"text":"\"Building attribute [\""}},"value":"Building attribute ["},"operator":"PLUS","right":{"!":"com.github.javaparser.ast.expr.MethodCallExpr","range":{"beginLine":19,"beginColumn":39,"endLine":19,"endColumn":61},"tokenRange":{"beginToken":{"kind":94,"text":"ownerType"},"endToken":{"kind":98,"text":")"}},"arguments":[],"name":{"!":"com.github.javaparser.ast.expr.SimpleName","range":{"beginLine":19,"beginColumn":49,"endLine":19,"endColumn":59},"tokenRange":{"beginToken":{"kind":94,"text":"getTypeName"},"endToken":{"kind":94,"text":"getTypeName"}},"identifier":"getTypeName"},"scope":{"!":"com.github.javaparser.ast.expr.NameExpr","range":{"beginLine":19,"beginColumn":39,"endLine":19,"endColumn":47},"tokenRange":{"beginToken":{"kind":94,"text":"ownerType"},"endToken":{"kind":94,"text":"ownerType"}},"name":{"!":"com.github.javaparser.ast.expr.SimpleName","range":{"beginLine":19,"beginColumn":39,"endLine":19,"endColumn":47},"tokenRange":{"beginToken":{"kind":94,"text":"ownerType"},"endToken":{"kind":94,"text":"ownerType"}},"identifier":"ownerType"}}}},"operator":"PLUS","right":{"!":"com.github.javaparser.ast.expr.StringLiteralExpr","range":{"beginLine":19,"beginColumn":65,"endLine":19,"endColumn":67},"tokenRange":{"beginToken":{"kind":90,"text":"\".\""},"endToken":{"kind":90,"text":"\".\""}},"value":"."}},"operator":"PLUS","right":{"!":"com.github.javaparser.ast.expr.MethodCallExpr","range":{"beginLine":19,"beginColumn":71,"endLine":19,"endColumn":88},"tokenRange":{"beginToken":{"kind":94,"text":"property"},"endToken":{"kind":98,"text":")"}},"arguments":[],"name":{"!":"com.github.javaparser.ast.expr.SimpleName","range":{"beginLine":19,"beginColumn":80,"endLine":19,"endColumn":86},"tokenRange":{"beginToken":{"kind":94,"text":"getName"},"endToken":{"kind":94,"text":"getName"}},"identifier":"getName"},"scope":{"!":"com.github.javaparser.ast.expr.NameExpr","range":{"beginLine":19,"beginColumn":71,"endLine":19,"endColumn":78},"tokenRange":{"beginToken":{"kind":94,"text":"property"},"endToken":{"kind":94,"text":"property"}},"name":{"!":"com.github.javaparser.ast.expr.SimpleName","range":{"beginLine":19,"beginColumn":71,"endLine":19,"endColumn":78},"tokenRange":{"beginToken":{"kind":94,"text":"property"},"endToken":{"kind":94,"text":"property"}},"identifier":"property"}}}},"operator":"PLUS","right":{"!":"com.github.javaparser.ast.expr.StringLiteralExpr","range":{"beginLine":19,"beginColumn":92,"endLine":19,"endColumn":94},"tokenRange":{"beginToken":{"kind":90,"text":"\"]\""},"endToken":{"kind":90,"text":"\"]\""}},"value":"]"}}],"name":{"!":"com.github.javaparser.ast.expr.SimpleName","range":{"beginLine":19,"beginColumn":7,"endLine":19,"endColumn":11},"tokenRange":{"beginToken":{"kind":94,"text":"trace"},"endToken":{"kind":94,"text":"trace"}},"identifier":"trace"},"scope":{"!":"com.github.javaparser.ast.expr.NameExpr","range":{"beginLine":19,"beginColumn":3,"endLine":19,"endColumn":5},"tokenRange":{"beginToken":{"kind":94,"text":"LOG"},"endToken":{"kind":94,"text":"LOG"}},"name":{"!":"com.github.javaparser.ast.expr.SimpleName","range":{"beginLine":19,"beginColumn":3,"endLine":19,"endColumn":5},"tokenRange":{"beginToken":{"kind":94,"text":"LOG"},"endToken":{"kind":94,"text":"LOG"}},"identifier":"LOG"}}}},{"!":"com.github.javaparser.ast.stmt.ExpressionStmt","range":{"beginLine":20,"beginColumn":3,"endLine":20,"endColumn":75},"tokenRange":{"beginToken":{"kind":29,"text":"final"},"endToken":{"kind":103,"text":";"}},"expression":{"!":"com.github.javaparser.ast.expr.VariableDeclarationExpr","range":{"beginLine":20,"beginColumn":3,"endLine":20,"endColumn":74},"tokenRange":{"beginToken":{"kind":29,"text":"final"},"endToken":{"kind":98,"text":")"}},"annotations":[],"modifiers":[{"!":"com.github.javaparser.ast.Modifier","range":{"beginLine":20,"beginColumn":3,"endLine":20,"endColumn":7},"tokenRange":{"beginToken":{"kind":29,"text":"final"},"endToken":{"kind":29,"text":"final"}},"keyword":"FINAL"}],"variables":[{"!":"com.github.javaparser.ast.body.VariableDeclarator","range":{"beginLine":20,"beginColumn":29,"endLine":20,"endColumn":74},"tokenRange":{"beginToken":{"kind":94,"text":"attributeContext"},"endToken":{"kind":98,"text":")"}},"initializer":{"!":"com.github.javaparser.ast.expr.MethodCallExpr","range":{"beginLine":20,"beginColumn":48,"endLine":20,"endColumn":74},"tokenRange":{"beginToken":{"kind":94,"text":"wrap"},"endToken":{"kind":98,"text":")"}},"arguments":[{"!":"com.github.javaparser.ast.expr.NameExpr","range":{"beginLine":20,"beginColumn":54,"endLine":20,"endColumn":62},"tokenRange":{"beginToken":{"kind":94,"text":"ownerType"},"endToken":{"kind":94,"text":"ownerType"}},"name":{"!":"com.github.javaparser.ast.expr.SimpleName","range":{"beginLine":20,"beginColumn":54,"endLine":20,"endColumn":62},"tokenRange":{"beginToken":{"kind":94,"text":"ownerType"},"endToken":{"kind":94,"text":"ownerType"}},"identifier":"ownerType"}},{"!":"com.github.javaparser.ast.expr.NameExpr","range":{"beginLine":20,"beginColumn":65,"endLine":20,"endColumn":72},"tokenRange":{"beginToken":{"kind":94,"text":"property"},"endToken":{"kind":94,"text":"property"}},"name":{"!":"com.github.javaparser.ast.expr.SimpleName","range":{"beginLine":20,"beginColumn":65,"endLine":20,"endColumn":72},"tokenRange":{"beginToken":{"kind":94,"text":"property"},"endToken":{"kind":94,"text":"property"}},"identifier":"property"}}],"name":{"!":"com.github.javaparser.ast.expr.SimpleName","range":{"beginLine":20,"beginColumn":48,"endLine":20,"endColumn":51},"tokenRange":{"beginToken":{"kind":94,"text":"wrap"},"endToken":{"kind":94,"text":"wrap"}},"identifier":"wrap"}},"name":{"!":"com.github.javaparser.ast.expr.SimpleName","range":{"beginLine":20,"beginColumn":29,"endLine":20,"endColumn":44},"tokenRange":{"beginToken":{"kind":94,"text":"attributeContext"},"endToken":{"kind":94,"text":"attributeContext"}},"identifier":"attributeContext"},"type":{"!":"com.github.javaparser.ast.type.ClassOrInterfaceType","range":{"beginLine":20,"beginColumn":9,"endLine":20,"endColumn":27},"tokenRange":{"beginToken":{"kind":94,"text":"AttributeContext"},"endToken":{"kind":146,"text":">"}},"name":{"!":"com.github.javaparser.ast.expr.SimpleName","range":{"beginLine":20,"beginColumn":9,"endLine":20,"endColumn":24},"tokenRange":{"beginToken":{"kind":94,"text":"AttributeContext"},"endToken":{"kind":94,"text":"AttributeContext"}},"identifier":"AttributeContext"},"typeArguments":[{"!":"com.github.javaparser.ast.type.ClassOrInterfaceType","range":{"beginLine":20,"beginColumn":26,"endLine":20,"endColumn":26},"tokenRange":{"beginToken":{"kind":94,"text":"X"},"endToken":{"kind":94,"text":"X"}},"name":{"!":"com.github.javaparser.ast.expr.SimpleName","range":{"beginLine":20,"beginColumn":26,"endLine":20,"endColumn":26},"tokenRange":{"beginToken":{"kind":94,"text":"X"},"endToken":{"kind":94,"text":"X"}},"identifier":"X"},"annotations":[]}],"annotations":[]}}]}},{"!":"com.github.javaparser.ast.stmt.ExpressionStmt","range":{"beginLine":21,"beginColumn":3,"endLine":22,"endColumn":73},"tokenRange":{"beginToken":{"kind":29,"text":"final"},"endToken":{"kind":103,"text":";"}},"expression":{"!":"com.github.javaparser.ast.expr.VariableDeclarationExpr","range":{"beginLine":21,"beginColumn":3,"endLine":22,"endColumn":72},"tokenRange":{"beginToken":{"kind":29,"text":"final"},"endToken":{"kind":98,"text":")"}},"annotations":[],"modifiers":[{"!":"com.github.javaparser.ast.Modifier","range":{"beginLine":21,"beginColumn":3,"endLine":21,"endColumn":7},"tokenRange":{"beginToken":{"kind":29,"text":"final"},"endToken":{"kind":29,"text":"final"}},"keyword":"FINAL"}],"variables":[{"!":"com.github.javaparser.ast.body.VariableDeclarator","range":{"beginLine":21,"beginColumn":33,"endLine":22,"endColumn":72},"tokenRange":{"beginToken":{"kind":94,"text":"attributeMetadata"},"endToken":{"kind":98,"text":")"}},"initializer":{"!":"com.github.javaparser.ast.expr.MethodCallExpr","range":{"beginLine":22,"beginColumn":5,"endLine":22,"endColumn":72},"tokenRange":{"beginToken":{"kind":94,"text":"determineAttributeMetadata"},"endToken":{"kind":98,"text":")"}},"arguments":[{"!":"com.github.javaparser.ast.expr.NameExpr","range":{"beginLine":22,"beginColumn":33,"endLine":22,"endColumn":48},"tokenRange":{"beginToken":{"kind":94,"text":"attributeContext"},"endToken":{"kind":94,"text":"attributeContext"}},"name":{"!":"com.github.javaparser.ast.expr.SimpleName","range":{"beginLine":22,"beginColumn":33,"endLine":22,"endColumn":48},"tokenRange":{"beginToken":{"kind":94,"text":"attributeContext"},"endToken":{"kind":94,"text":"attributeContext"}},"identifier":"attributeContext"}},{"!":"com.github.javaparser.ast.expr.NameExpr","range":{"beginLine":22,"beginColumn":51,"endLine":22,"endColumn":70},"tokenRange":{"beginToken":{"kind":94,"text":"normalMemberResolver"},"endToken":{"kind":94,"text":"normalMemberResolver"}},"name":{"!":"com.github.javaparser.ast.expr.SimpleName","range":{"beginLine":22,"beginColumn":51,"endLine":22,"endColumn":70},"tokenRange":{"beginToken":{"kind":94,"text":"normalMemberResolver"},"endToken":{"kind":94,"text":"normalMemberResolver"}},"identifier":"normalMemberResolver"}}],"name":{"!":"com.github.javaparser.ast.expr.SimpleName","range":{"beginLine":22,"beginColumn":5,"endLine":22,"endColumn":30},"tokenRange":{"beginToken":{"kind":94,"text":"determineAttributeMetadata"},"endToken":{"kind":94,"text":"determineAttributeMetadata"}},"identifier":"determineAttributeMetadata"}},"name":{"!":"com.github.javaparser.ast.expr.SimpleName","range":{"beginLine":21,"beginColumn":33,"endLine":21,"endColumn":49},"tokenRange":{"beginToken":{"kind":94,"text":"attributeMetadata"},"endToken":{"kind":94,"text":"attributeMetadata"}},"identifier":"attributeMetadata"},"type":{"!":"com.github.javaparser.ast.type.ClassOrInterfaceType","range":{"beginLine":21,"beginColumn":9,"endLine":21,"endColumn":31},"tokenRange":{"beginToken":{"kind":94,"text":"AttributeMetadata"},"endToken":{"kind":146,"text":">"}},"name":{"!":"com.github.javaparser.ast.expr.SimpleName","range":{"beginLine":21,"beginColumn":9,"endLine":21,"endColumn":25},"tokenRange":{"beginToken":{"kind":94,"text":"AttributeMetadata"},"endToken":{"kind":94,"text":"AttributeMetadata"}},"identifier":"AttributeMetadata"},"typeArguments":[{"!":"com.github.javaparser.ast.type.ClassOrInterfaceType","range":{"beginLine":21,"beginColumn":27,"endLine":21,"endColumn":27},"tokenRange":{"beginToken":{"kind":94,"text":"X"},"endToken":{"kind":94,"text":"X"}},"name":{"!":"com.github.javaparser.ast.expr.SimpleName","range":{"beginLine":21,"beginColumn":27,"endLine":21,"endColumn":27},"tokenRange":{"beginToken":{"kind":94,"text":"X"},"endToken":{"kind":94,"text":"X"}},"identifier":"X"},"annotations":[]},{"!":"com.github.javaparser.ast.type.ClassOrInterfaceType","range":{"beginLine":21,"beginColumn":30,"endLine":21,"endColumn":30},"tokenRange":{"beginToken":{"kind":94,"text":"Y"},"endToken":{"kind":94,"text":"Y"}},"name":{"!":"com.github.javaparser.ast.expr.SimpleName","range":{"beginLine":21,"beginColumn":30,"endLine":21,"endColumn":30},"tokenRange":{"beginToken":{"kind":94,"text":"Y"},"endToken":{"kind":94,"text":"Y"}},"identifier":"Y"},"annotations":[]}],"annotations":[]}}]}},{"!":"com.github.javaparser.ast.stmt.IfStmt","range":{"beginLine":23,"beginColumn":3,"endLine":25,"endColumn":3},"tokenRange":{"beginToken":{"kind":34,"text":"if"},"endToken":{"kind":100,"text":"}"}},"condition":{"!":"com.github.javaparser.ast.expr.BinaryExpr","range":{"beginLine":23,"beginColumn":8,"endLine":23,"endColumn":32},"tokenRange":{"beginToken":{"kind":94,"text":"attributeMetadata"},"endToken":{"kind":43,"text":"null"}},"left":{"!":"com.github.javaparser.ast.expr.NameExpr","range":{"beginLine":23,"beginColumn":8,"endLine":23,"endColumn":24},"tokenRange":{"beginToken":{"kind":94,"text":"attributeMetadata"},"endToken":{"kind":94,"text":"attributeMetadata"}},"name":{"!":"com.github.javaparser.ast.expr.SimpleName","range":{"beginLine":23,"beginColumn":8,"endLine":23,"endColumn":24},"tokenRange":{"beginToken":{"kind":94,"text":"attributeMetadata"},"endToken":{"kind":94,"text":"attributeMetadata"}},"identifier":"attributeMetadata"}},"operator":"EQUALS","right":{"!":"com.github.javaparser.ast.expr.NullLiteralExpr","range":{"beginLine":23,"beginColumn":29,"endLine":23,"endColumn":32},"tokenRange":{"beginToken":{"kind":43,"text":"null"},"endToken":{"kind":43,"text":"null"}}}},"thenStmt":{"!":"com.github.javaparser.ast.stmt.BlockStmt","range":{"beginLine":23,"beginColumn":36,"endLine":25,"endColumn":3},"tokenRange":{"beginToken":{"kind":99,"text":"{"},"endToken":{"kind":100,"text":"}"}},"statements":[{"!":"com.github.javaparser.ast.stmt.ReturnStmt","range":{"beginLine":24,"beginColumn":4,"endLine":24,"endColumn":15},"tokenRange":{"beginToken":{"kind":49,"text":"return"},"endToken":{"kind":103,"text":";"}},"expression":{"!":"com.github.javaparser.ast.expr.NullLiteralExpr","range":{"beginLine":24,"beginColumn":11,"endLine":24,"endColumn":14},"tokenRange":{"beginToken":{"kind":43,"text":"null"},"endToken":{"kind":43,"text":"null"}}}}]}},{"!":"com.github.javaparser.ast.stmt.IfStmt","range":{"beginLine":26,"beginColumn":3,"endLine":28,"endColumn":3},"tokenRange":{"beginToken":{"kind":34,"text":"if"},"endToken":{"kind":100,"text":"}"}},"condition":{"!":"com.github.javaparser.ast.expr.MethodCallExpr","range":{"beginLine":26,"beginColumn":8,"endLine":26,"endColumn":35},"tokenRange":{"beginToken":{"kind":94,"text":"attributeMetadata"},"endToken":{"kind":98,"text":")"}},"arguments":[],"name":{"!":"com.github.javaparser.ast.expr.SimpleName","range":{"beginLine":26,"beginColumn":26,"endLine":26,"endColumn":33},"tokenRange":{"beginToken":{"kind":94,"text":"isPlural"},"endToken":{"kind":94,"text":"isPlural"}},"identifier":"isPlural"},"scope":{"!":"com.github.javaparser.ast.expr.NameExpr","range":{"beginLine":26,"beginColumn":8,"endLine":26,"endColumn":24},"tokenRange":{"beginToken":{"kind":94,"text":"attributeMetadata"},"endToken":{"kind":94,"text":"attributeMetadata"}},"name":{"!":"com.github.javaparser.ast.expr.SimpleName","range":{"beginLine":26,"beginColumn":8,"endLine":26,"endColumn":24},"tokenRange":{"beginToken":{"kind":94,"text":"attributeMetadata"},"endToken":{"kind":94,"text":"attributeMetadata"}},"identifier":"attributeMetadata"}}},"thenStmt":{"!":"com.github.javaparser.ast.stmt.BlockStmt","range":{"beginLine":26,"beginColumn":39,"endLine":28,"endColumn":3},"tokenRange":{"beginToken":{"kind":99,"text":"{"},"endToken":{"kind":100,"text":"}"}},"statements":[{"!":"com.github.javaparser.ast.stmt.ReturnStmt","range":{"beginLine":27,"beginColumn":4,"endLine":27,"endColumn":78},"tokenRange":{"beginToken":{"kind":49,"text":"return"},"endToken":{"kind":103,"text":";"}},"expression":{"!":"com.github.javaparser.ast.expr.MethodCallExpr","range":{"beginLine":27,"beginColumn":11,"endLine":27,"endColumn":77},"tokenRange":{"beginToken":{"kind":94,"text":"buildPluralAttribute"},"endToken":{"kind":98,"text":")"}},"arguments":[{"!":"com.github.javaparser.ast.expr.CastExpr","range":{"beginLine":27,"beginColumn":33,"endLine":27,"endColumn":75},"tokenRange":{"beginToken":{"kind":97,"text":"("},"endToken":{"kind":94,"text":"attributeMetadata"}},"expression":{"!":"com.github.javaparser.ast.expr.NameExpr","range":{"beginLine":27,"beginColumn":59,"endLine":27,"endColumn":75},"tokenRange":{"beginToken":{"kind":94,"text":"attributeMetadata"},"endToken":{"kind":94,"text":"attributeMetadata"}},"name":{"!":"com.github.javaparser.ast.expr.SimpleName","range":{"beginLine":27,"beginColumn":59,"endLine":27,"endColumn":75},"tokenRange":{"beginToken":{"kind":94,"text":"attributeMetadata"},"endToken":{"kind":94,"text":"attributeMetadata"}},"identifier":"attributeMetadata"}},"type":{"!":"com.github.javaparser.ast.type.ClassOrInterfaceType","range":{"beginLine":27,"beginColumn":34,"endLine":27,"endColumn":56},"tokenRange":{"beginToken":{"kind":94,"text":"PluralAttributeMetadata"},"endToken":{"kind":94,"text":"PluralAttributeMetadata"}},"name":{"!":"com.github.javaparser.ast.expr.SimpleName","range":{"beginLine":27,"beginColumn":34,"endLine":27,"endColumn":56},"tokenRange":{"beginToken":{"kind":94,"text":"PluralAttributeMetadata"},"endToken":{"kind":94,"text":"PluralAttributeMetadata"}},"identifier":"PluralAttributeMetadata"},"annotations":[]}}],"name":{"!":"com.github.javaparser.ast.expr.SimpleName","range":{"beginLine":27,"beginColumn":11,"endLine":27,"endColumn":30},"tokenRange":{"beginToken":{"kind":94,"text":"buildPluralAttribute"},"endToken":{"kind":94,"text":"buildPluralAttribute"}},"identifier":"buildPluralAttribute"}}}]}},{"!":"com.github.javaparser.ast.stmt.ExpressionStmt","range":{"beginLine":29,"beginColumn":3,"endLine":29,"endColumn":120},"tokenRange":{"beginToken":{"kind":29,"text":"final"},"endToken":{"kind":103,"text":";"}},"expression":{"!":"com.github.javaparser.ast.expr.VariableDeclarationExpr","range":{"beginLine":29,"beginColumn":3,"endLine":29,"endColumn":119},"tokenRange":{"beginToken":{"kind":29,"text":"final"},"endToken":{"kind":94,"text":"attributeMetadata"}},"annotations":[],"modifiers":[{"!":"com.github.javaparser.ast.Modifier","range":{"beginLine":29,"beginColumn":3,"endLine":29,"endColumn":7},"tokenRange":{"beginToken":{"kind":29,"text":"final"},"endToken":{"kind":29,"text":"final"}},"keyword":"FINAL"}],"variables":[{"!":"com.github.javaparser.ast.body.VariableDeclarator","range":{"beginLine":29,"beginColumn":41,"endLine":29,"endColumn":119},"tokenRange":{"beginToken":{"kind":94,"text":"singularAttributeMetadata"},"endToken":{"kind":94,"text":"attributeMetadata"}},"initializer":{"!":"com.github.javaparser.ast.expr.CastExpr","range":{"beginLine":29,"beginColumn":69,"endLine":29,"endColumn":119},"tokenRange":{"beginToken":{"kind":97,"text":"("},"endToken":{"kind":94,"text":"attributeMetadata"}},"expression":{"!":"com.github.javaparser.ast.expr.NameExpr","range":{"beginLine":29,"beginColumn":103,"endLine":29,"endColumn":119},"tokenRange":{"beginToken":{"kind":94,"text":"attributeMetadata"},"endToken":{"kind":94,"text":"attributeMetadata"}},"name":{"!":"com.github.javaparser.ast.expr.SimpleName","range":{"beginLine":29,"beginColumn":103,"endLine":29,"endColumn":119},"tokenRange":{"beginToken":{"kind":94,"text":"attributeMetadata"},"endToken":{"kind":94,"text":"attributeMetadata"}},"identifier":"attributeMetadata"}},"type":{"!":"com.github.javaparser.ast.type.ClassOrInterfaceType","range":{"beginLine":29,"beginColumn":70,"endLine":29,"endColumn":100},"tokenRange":{"beginToken":{"kind":94,"text":"SingularAttributeMetadata"},"endToken":{"kind":146,"text":">"}},"name":{"!":"com.github.javaparser.ast.expr.SimpleName","range":{"beginLine":29,"beginColumn":70,"endLine":29,"endColumn":94},"tokenRange":{"beginToken":{"kind":94,"text":"SingularAttributeMetadata"},"endToken":{"kind":94,"text":"SingularAttributeMetadata"}},"identifier":"SingularAttributeMetadata"},"typeArguments":[{"!":"com.github.javaparser.ast.type.ClassOrInterfaceType","range":{"beginLine":29,"beginColumn":96,"endLine":29,"endColumn":96},"tokenRange":{"beginToken":{"kind":94,"text":"X"},"endToken":{"kind":94,"text":"X"}},"name":{"!":"com.github.javaparser.ast.expr.SimpleName","range":{"beginLine":29,"beginColumn":96,"endLine":29,"endColumn":96},"tokenRange":{"beginToken":{"kind":94,"text":"X"},"endToken":{"kind":94,"text":"X"}},"identifier":"X"},"annotations":[]},{"!":"com.github.javaparser.ast.type.ClassOrInterfaceType","range":{"beginLine":29,"beginColumn":99,"endLine":29,"endColumn":99},"tokenRange":{"beginToken":{"kind":94,"text":"Y"},"endToken":{"kind":94,"text":"Y"}},"name":{"!":"com.github.javaparser.ast.expr.SimpleName","range":{"beginLine":29,"beginColumn":99,"endLine":29,"endColumn":99},"tokenRange":{"beginToken":{"kind":94,"text":"Y"},"endToken":{"kind":94,"text":"Y"}},"identifier":"Y"},"annotations":[]}],"annotations":[]}},"name":{"!":"com.github.javaparser.ast.expr.SimpleName","range":{"beginLine":29,"beginColumn":41,"endLine":29,"endColumn":65},"tokenRange":{"beginToken":{"kind":94,"text":"singularAttributeMetadata"},"endToken":{"kind":94,"text":"singularAttributeMetadata"}},"identifier":"singularAttributeMetadata"},"type":{"!":"com.github.javaparser.ast.type.ClassOrInterfaceType","range":{"beginLine":29,"beginColumn":9,"endLine":29,"endColumn":39},"tokenRange":{"beginToken":{"kind":94,"text":"SingularAttributeMetadata"},"endToken":{"kind":146,"text":">"}},"name":{"!":"com.github.javaparser.ast.expr.SimpleName","range":{"beginLine":29,"beginColumn":9,"endLine":29,"endColumn":33},"tokenRange":{"beginToken":{"kind":94,"text":"SingularAttributeMetadata"},"endToken":{"kind":94,"text":"SingularAttributeMetadata"}},"identifier":"SingularAttributeMetadata"},"typeArguments":[{"!":"com.github.javaparser.ast.type.ClassOrInterfaceType","range":{"beginLine":29,"beginColumn":35,"endLine":29,"endColumn":35},"tokenRange":{"beginToken":{"kind":94,"text":"X"},"endToken":{"kind":94,"text":"X"}},"name":{"!":"com.github.javaparser.ast.expr.SimpleName","range":{"beginLine":29,"beginColumn":35,"endLine":29,"endColumn":35},"tokenRange":{"beginToken":{"kind":94,"text":"X"},"endToken":{"kind":94,"text":"X"}},"identifier":"X"},"annotations":[]},{"!":"com.github.javaparser.ast.type.ClassOrInterfaceType","range":{"beginLine":29,"beginColumn":38,"endLine":29,"endColumn":38},"tokenRange":{"beginToken":{"kind":94,"text":"Y"},"endToken":{"kind":94,"text":"Y"}},"name":{"!":"com.github.javaparser.ast.expr.SimpleName","range":{"beginLine":29,"beginColumn":38,"endLine":29,"endColumn":38},"tokenRange":{"beginToken":{"kind":94,"text":"Y"},"endToken":{"kind":94,"text":"Y"}},"identifier":"Y"},"annotations":[]}],"annotations":[]}}]}},{"!":"com.github.javaparser.ast.stmt.ExpressionStmt","range":{"beginLine":30,"beginColumn":3,"endLine":30,"endColumn":96},"tokenRange":{"beginToken":{"kind":29,"text":"final"},"endToken":{"kind":103,"text":";"}},"expression":{"!":"com.github.javaparser.ast.expr.VariableDeclarationExpr","range":{"beginLine":30,"beginColumn":3,"endLine":30,"endColumn":95},"tokenRange":{"beginToken":{"kind":29,"text":"final"},"endToken":{"kind":98,"text":")"}},"annotations":[],"modifiers":[{"!":"com.github.javaparser.ast.Modifier","range":{"beginLine":30,"beginColumn":3,"endLine":30,"endColumn":7},"tokenRange":{"beginToken":{"kind":29,"text":"final"},"endToken":{"kind":29,"text":"final"}},"keyword":"FINAL"}],"variables":[{"!":"com.github.javaparser.ast.body.VariableDeclarator","range":{"beginLine":30,"beginColumn":17,"endLine":30,"endColumn":95},"tokenRange":{"beginToken":{"kind":94,"text":"metaModelType"},"endToken":{"kind":98,"text":")"}},"initializer":{"!":"com.github.javaparser.ast.expr.MethodCallExpr","range":{"beginLine":30,"beginColumn":33,"endLine":30,"endColumn":95},"tokenRange":{"beginToken":{"kind":94,"text":"getMetaModelType"},"endToken":{"kind":98,"text":")"}},"arguments":[{"!":"com.github.javaparser.ast.expr.MethodCallExpr","range":{"beginLine":30,"beginColumn":51,"endLine":30,"endColumn":93},"tokenRange":{"beginToken":{"kind":94,"text":"singularAttributeMetadata"},"endToken":{"kind":98,"text":")"}},"arguments":[],"name":{"!":"com.github.javaparser.ast.expr.SimpleName","range":{"beginLine":30,"beginColumn":77,"endLine":30,"endColumn":91},"tokenRange":{"beginToken":{"kind":94,"text":"getValueContext"},"endToken":{"kind":94,"text":"getValueContext"}},"identifier":"getValueContext"},"scope":{"!":"com.github.javaparser.ast.expr.NameExpr","range":{"beginLine":30,"beginColumn":51,"endLine":30,"endColumn":75},"tokenRange":{"beginToken":{"kind":94,"text":"singularAttributeMetadata"},"endToken":{"kind":94,"text":"singularAttributeMetadata"}},"name":{"!":"com.github.javaparser.ast.expr.SimpleName","range":{"beginLine":30,"beginColumn":51,"endLine":30,"endColumn":75},"tokenRange":{"beginToken":{"kind":94,"text":"singularAttributeMetadata"},"endToken":{"kind":94,"text":"singularAttributeMetadata"}},"identifier":"singularAttributeMetadata"}}}],"name":{"!":"com.github.javaparser.ast.expr.SimpleName","range":{"beginLine":30,"beginColumn":33,"endLine":30,"endColumn":48},"tokenRange":{"beginToken":{"kind":94,"text":"getMetaModelType"},"endToken":{"kind":94,"text":"getMetaModelType"}},"identifier":"getMetaModelType"}},"name":{"!":"com.github.javaparser.ast.expr.SimpleName","range":{"beginLine":30,"beginColumn":17,"endLine":30,"endColumn":29},"tokenRange":{"beginToken":{"kind":94,"text":"metaModelType"},"endToken":{"kind":94,"text":"metaModelType"}},"identifier":"metaModelType"},"type":{"!":"com.github.javaparser.ast.type.ClassOrInterfaceType","range":{"beginLine":30,"beginColumn":9,"endLine":30,"endColumn":15},"tokenRange":{"beginToken":{"kind":94,"text":"Type"},"endToken":{"kind":146,"text":">"}},"name":{"!":"com.github.javaparser.ast.expr.SimpleName","range":{"beginLine":30,"beginColumn":9,"endLine":30,"endColumn":12},"tokenRange":{"beginToken":{"kind":94,"text":"Type"},"endToken":{"kind":94,"text":"Type"}},"identifier":"Type"},"typeArguments":[{"!":"com.github.javaparser.ast.type.ClassOrInterfaceType","range":{"beginLine":30,"beginColumn":14,"endLine":30,"endColumn":14},"tokenRange":{"beginToken":{"kind":94,"text":"Y"},"endToken":{"kind":94,"text":"Y"}},"name":{"!":"com.github.javaparser.ast.expr.SimpleName","range":{"beginLine":30,"beginColumn":14,"endLine":30,"endColumn":14},"tokenRange":{"beginToken":{"kind":94,"text":"Y"},"endToken":{"kind":94,"text":"Y"}},"identifier":"Y"},"annotations":[]}],"annotations":[]}}]}},{"!":"com.github.javaparser.ast.stmt.ReturnStmt","range":{"beginLine":31,"beginColumn":3,"endLine":41,"endColumn":4},"tokenRange":{"beginToken":{"kind":49,"text":"return"},"endToken":{"kind":103,"text":";"}},"expression":{"!":"com.github.javaparser.ast.expr.ObjectCreationExpr","range":{"beginLine":31,"beginColumn":10,"endLine":41,"endColumn":3},"tokenRange":{"beginToken":{"kind":42,"text":"new"},"endToken":{"kind":98,"text":")"}},"arguments":[{"!":"com.github.javaparser.ast.expr.MethodCallExpr","range":{"beginLine":32,"beginColumn":5,"endLine":32,"endColumn":31},"tokenRange":{"beginToken":{"kind":94,"text":"attributeMetadata"},"endToken":{"kind":98,"text":")"}},"arguments":[],"name":{"!":"com.github.javaparser.ast.expr.SimpleName","range":{"beginLine":32,"beginColumn":23,"endLine":32,"endColumn":29},"tokenRange":{"beginToken":{"kind":94,"text":"getName"},"endToken":{"kind":94,"text":"getName"}},"identifier":"getName"},"scope":{"!":"com.github.javaparser.ast.expr.NameExpr","range":{"beginLine":32,"beginColumn":5,"endLine":32,"endColumn":21},"tokenRange":{"beginToken":{"kind":94,"text":"attributeMetadata"},"endToken":{"kind":94,"text":"attributeMetadata"}},"name":{"!":"com.github.javaparser.ast.expr.SimpleName","range":{"beginLine":32,"beginColumn":5,"endLine":32,"endColumn":21},"tokenRange":{"beginToken":{"kind":94,"text":"attributeMetadata"},"endToken":{"kind":94,"text":"attributeMetadata"}},"identifier":"attributeMetadata"}}},{"!":"com.github.javaparser.ast.expr.MethodCallExpr","range":{"beginLine":33,"beginColumn":5,"endLine":33,"endColumn":35},"tokenRange":{"beginToken":{"kind":94,"text":"attributeMetadata"},"endToken":{"kind":98,"text":")"}},"arguments":[],"name":{"!":"com.github.javaparser.ast.expr.SimpleName","range":{"beginLine":33,"beginColumn":23,"endLine":33,"endColumn":33},"tokenRange":{"beginToken":{"kind":94,"text":"getJavaType"},"endToken":{"kind":94,"text":"getJavaType"}},"identifier":"getJavaType"},"scope":{"!":"com.github.javaparser.ast.expr.NameExpr","range":{"beginLine":33,"beginColumn":5,"endLine":33,"endColumn":21},"tokenRange":{"beginToken":{"kind":94,"text":"attributeMetadata"},"endToken":{"kind":94,"text":"attributeMetadata"}},"name":{"!":"com.github.javaparser.ast.expr.SimpleName","range":{"beginLine":33,"beginColumn":5,"endLine":33,"endColumn":21},"tokenRange":{"beginToken":{"kind":94,"text":"attributeMetadata"},"endToken":{"kind":94,"text":"attributeMetadata"}},"identifier":"attributeMetadata"}}},{"!":"com.github.javaparser.ast.expr.NameExpr","range":{"beginLine":34,"beginColumn":5,"endLine":34,"endColumn":13},"tokenRange":{"beginToken":{"kind":94,"text":"ownerType"},"endToken":{"kind":94,"text":"ownerType"}},"name":{"!":"com.github.javaparser.ast.expr.SimpleName","range":{"beginLine":34,"beginColumn":5,"endLine":34,"endColumn":13},"tokenRange":{"beginToken":{"kind":94,"text":"ownerType"},"endToken":{"kind":94,"text":"ownerType"}},"identifier":"ownerType"}},{"!":"com.github.javaparser.ast.expr.MethodCallExpr","range":{"beginLine":35,"beginColumn":5,"endLine":35,"endColumn":33},"tokenRange":{"beginToken":{"kind":94,"text":"attributeMetadata"},"endToken":{"kind":98,"text":")"}},"arguments":[],"name":{"!":"com.github.javaparser.ast.expr.SimpleName","range":{"beginLine":35,"beginColumn":23,"endLine":35,"endColumn":31},"tokenRange":{"beginToken":{"kind":94,"text":"getMember"},"endToken":{"kind":94,"text":"getMember"}},"identifier":"getMember"},"scope":{"!":"com.github.javaparser.ast.expr.NameExpr","range":{"beginLine":35,"beginColumn":5,"endLine":35,"endColumn":21},"tokenRange":{"beginToken":{"kind":94,"text":"attributeMetadata"},"endToken":{"kind":94,"text":"attributeMetadata"}},"name":{"!":"com.github.javaparser.ast.expr.SimpleName","range":{"beginLine":35,"beginColumn":5,"endLine":35,"endColumn":21},"tokenRange":{"beginToken":{"kind":94,"text":"attributeMetadata"},"endToken":{"kind":94,"text":"attributeMetadata"}},"identifier":"attributeMetadata"}}},{"!":"com.github.javaparser.ast.expr.BooleanLiteralExpr","range":{"beginLine":36,"beginColumn":5,"endLine":36,"endColumn":9},"tokenRange":{"beginToken":{"kind":28,"text":"false"},"endToken":{"kind":28,"text":"false"}},"value":"false"},{"!":"com.github.javaparser.ast.expr.BooleanLiteralExpr","range":{"beginLine":37,"beginColumn":5,"endLine":37,"endColumn":9},"tokenRange":{"beginToken":{"kind":28,"text":"false"},"endToken":{"kind":28,"text":"false"}},"value":"false"},{"!":"com.github.javaparser.ast.expr.MethodCallExpr","range":{"beginLine":38,"beginColumn":5,"endLine":38,"endColumn":25},"tokenRange":{"beginToken":{"kind":94,"text":"property"},"endToken":{"kind":98,"text":")"}},"arguments":[],"name":{"!":"com.github.javaparser.ast.expr.SimpleName","range":{"beginLine":38,"beginColumn":14,"endLine":38,"endColumn":23},"tokenRange":{"beginToken":{"kind":94,"text":"isOptional"},"endToken":{"kind":94,"text":"isOptional"}},"identifier":"isOptional"},"scope":{"!":"com.github.javaparser.ast.expr.NameExpr","range":{"beginLine":38,"beginColumn":5,"endLine":38,"endColumn":12},"tokenRange":{"beginToken":{"kind":94,"text":"property"},"endToken":{"kind":94,"text":"property"}},"name":{"!":"com.github.javaparser.ast.expr.SimpleName","range":{"beginLine":38,"beginColumn":5,"endLine":38,"endColumn":12},"tokenRange":{"beginToken":{"kind":94,"text":"property"},"endToken":{"kind":94,"text":"property"}},"identifier":"property"}}},{"!":"com.github.javaparser.ast.expr.NameExpr","range":{"beginLine":39,"beginColumn":5,"endLine":39,"endColumn":17},"tokenRange":{"beginToken":{"kind":94,"text":"metaModelType"},"endToken":{"kind":94,"text":"metaModelType"}},"name":{"!":"com.github.javaparser.ast.expr.SimpleName","range":{"beginLine":39,"beginColumn":5,"endLine":39,"endColumn":17},"tokenRange":{"beginToken":{"kind":94,"text":"metaModelType"},"endToken":{"kind":94,"text":"metaModelType"}},"identifier":"metaModelType"}},{"!":"com.github.javaparser.ast.expr.MethodCallExpr","range":{"beginLine":40,"beginColumn":5,"endLine":40,"endColumn":50},"tokenRange":{"beginToken":{"kind":94,"text":"attributeMetadata"},"endToken":{"kind":98,"text":")"}},"arguments":[],"name":{"!":"com.github.javaparser.ast.expr.SimpleName","range":{"beginLine":40,"beginColumn":23,"endLine":40,"endColumn":48},"tokenRange":{"beginToken":{"kind":94,"text":"getPersistentAttributeType"},"endToken":{"kind":94,"text":"getPersistentAttributeType"}},"identifier":"getPersistentAttributeType"},"scope":{"!":"com.github.javaparser.ast.expr.NameExpr","range":{"beginLine":40,"beginColumn":5,"endLine":40,"endColumn":21},"tokenRange":{"beginToken":{"kind":94,"text":"attributeMetadata"},"endToken":{"kind":94,"text":"attributeMetadata"}},"name":{"!":"com.github.javaparser.ast.expr.SimpleName","range":{"beginLine":40,"beginColumn":5,"endLine":40,"endColumn":21},"tokenRange":{"beginToken":{"kind":94,"text":"attributeMetadata"},"endToken":{"kind":94,"text":"attributeMetadata"}},"identifier":"attributeMetadata"}}}],"type":{"!":"com.github.javaparser.ast.type.ClassOrInterfaceType","range":{"beginLine":31,"beginColumn":14,"endLine":31,"endColumn":40},"tokenRange":{"beginToken":{"kind":94,"text":"SingularAttributeImpl"},"endToken":{"kind":146,"text":">"}},"name":{"!":"com.github.javaparser.ast.expr.SimpleName","range":{"beginLine":31,"beginColumn":14,"endLine":31,"endColumn":34},"tokenRange":{"beginToken":{"kind":94,"text":"SingularAttributeImpl"},"endToken":{"kind":94,"text":"SingularAttributeImpl"}},"identifier":"SingularAttributeImpl"},"typeArguments":[{"!":"com.github.javaparser.ast.type.ClassOrInterfaceType","range":{"beginLine":31,"beginColumn":36,"endLine":31,"endColumn":36},"tokenRange":{"beginToken":{"kind":94,"text":"X"},"endToken":{"kind":94,"text":"X"}},"name":{"!":"com.github.javaparser.ast.expr.SimpleName","range":{"beginLine":31,"beginColumn":36,"endLine":31,"endColumn":36},"tokenRange":{"beginToken":{"kind":94,"text":"X"},"endToken":{"kind":94,"text":"X"}},"identifier":"X"},"annotations":[]},{"!":"com.github.javaparser.ast.type.ClassOrInterfaceType","range":{"beginLine":31,"beginColumn":39,"endLine":31,"endColumn":39},"tokenRange":{"beginToken":{"kind":94,"text":"Y"},"endToken":{"kind":94,"text":"Y"}},"name":{"!":"com.github.javaparser.ast.expr.SimpleName","range":{"beginLine":31,"beginColumn":39,"endLine":31,"endColumn":39},"tokenRange":{"beginToken":{"kind":94,"text":"Y"},"endToken":{"kind":94,"text":"Y"}},"identifier":"Y"},"annotations":[]}],"annotations":[]}}}]},"type":{"!":"com.github.javaparser.ast.type.ClassOrInterfaceType","range":{"beginLine":13,"beginColumn":16,"endLine":13,"endColumn":41},"tokenRange":{"beginToken":{"kind":94,"text":"AttributeImplementor"},"endToken":{"kind":146,"text":">"}},"name":{"!":"com.github.javaparser.ast.expr.SimpleName","range":{"beginLine":13,"beginColumn":16,"endLine":13,"endColumn":35},"tokenRange":{"beginToken":{"kind":94,"text":"AttributeImplementor"},"endToken":{"kind":94,"text":"AttributeImplementor"}},"identifier":"AttributeImplementor"},"typeArguments":[{"!":"com.github.javaparser.ast.type.ClassOrInterfaceType","range":{"beginLine":13,"beginColumn":37,"endLine":13,"endColumn":37},"tokenRange":{"beginToken":{"kind":94,"text":"X"},"endToken":{"kind":94,"text":"X"}},"name":{"!":"com.github.javaparser.ast.expr.SimpleName","range":{"beginLine":13,"beginColumn":37,"endLine":13,"endColumn":37},"tokenRange":{"beginToken":{"kind":94,"text":"X"},"endToken":{"kind":94,"text":"X"}},"identifier":"X"},"annotations":[]},{"!":"com.github.javaparser.ast.type.ClassOrInterfaceType","range":{"beginLine":13,"beginColumn":40,"endLine":13,"endColumn":40},"tokenRange":{"beginToken":{"kind":94,"text":"Y"},"endToken":{"kind":94,"text":"Y"}},"name":{"!":"com.github.javaparser.ast.expr.SimpleName","range":{"beginLine":13,"beginColumn":40,"endLine":13,"endColumn":40},"tokenRange":{"beginToken":{"kind":94,"text":"Y"},"endToken":{"kind":94,"text":"Y"}},"identifier":"Y"},"annotations":[]}],"annotations":[]},"modifiers":[{"!":"com.github.javaparser.ast.Modifier","range":{"beginLine":13,"beginColumn":2,"endLine":13,"endColumn":7},"tokenRange":{"beginToken":{"kind":47,"text":"public"},"endToken":{"kind":47,"text":"public"}},"keyword":"PUBLIC"}],"name":{"!":"com.github.javaparser.ast.expr.SimpleName","range":{"beginLine":13,"beginColumn":43,"endLine":13,"endColumn":56},"tokenRange":{"beginToken":{"kind":94,"text":"buildAttribute"},"endToken":{"kind":94,"text":"buildAttribute"}},"identifier":"buildAttribute"},"parameters":[{"!":"com.github.javaparser.ast.body.Parameter","range":{"beginLine":13,"beginColumn":58,"endLine":13,"endColumn":89},"tokenRange":{"beginToken":{"kind":94,"text":"AbstractManagedType"},"endToken":{"kind":94,"text":"ownerType"}},"annotations":[],"isVarArgs":"false","modifiers":[],"name":{"!":"com.github.javaparser.ast.expr.SimpleName","range":{"beginLine":13,"beginColumn":81,"endLine":13,"endColumn":89},"tokenRange":{"beginToken":{"kind":94,"text":"ownerType"},"endToken":{"kind":94,"text":"ownerType"}},"identifier":"ownerType"},"type":{"!":"com.github.javaparser.ast.type.ClassOrInterfaceType","range":{"beginLine":13,"beginColumn":58,"endLine":13,"endColumn":79},"tokenRange":{"beginToken":{"kind":94,"text":"AbstractManagedType"},"endToken":{"kind":146,"text":">"}},"name":{"!":"com.github.javaparser.ast.expr.SimpleName","range":{"beginLine":13,"beginColumn":58,"endLine":13,"endColumn":76},"tokenRange":{"beginToken":{"kind":94,"text":"AbstractManagedType"},"endToken":{"kind":94,"text":"AbstractManagedType"}},"identifier":"AbstractManagedType"},"typeArguments":[{"!":"com.github.javaparser.ast.type.ClassOrInterfaceType","range":{"beginLine":13,"beginColumn":78,"endLine":13,"endColumn":78},"tokenRange":{"beginToken":{"kind":94,"text":"X"},"endToken":{"kind":94,"text":"X"}},"name":{"!":"com.github.javaparser.ast.expr.SimpleName","range":{"beginLine":13,"beginColumn":78,"endLine":13,"endColumn":78},"tokenRange":{"beginToken":{"kind":94,"text":"X"},"endToken":{"kind":94,"text":"X"}},"identifier":"X"},"annotations":[]}],"annotations":[]},"varArgsAnnotations":[]},{"!":"com.github.javaparser.ast.body.Parameter","range":{"beginLine":13,"beginColumn":92,"endLine":13,"endColumn":108},"tokenRange":{"beginToken":{"kind":94,"text":"Property"},"endToken":{"kind":94,"text":"property"}},"annotations":[],"isVarArgs":"false","modifiers":[],"name":{"!":"com.github.javaparser.ast.expr.SimpleName","range":{"beginLine":13,"beginColumn":101,"endLine":13,"endColumn":108},"tokenRange":{"beginToken":{"kind":94,"text":"property"},"endToken":{"kind":94,"text":"property"}},"identifier":"property"},"type":{"!":"com.github.javaparser.ast.type.ClassOrInterfaceType","range":{"beginLine":13,"beginColumn":92,"endLine":13,"endColumn":99},"tokenRange":{"beginToken":{"kind":94,"text":"Property"},"endToken":{"kind":94,"text":"Property"}},"name":{"!":"com.github.javaparser.ast.expr.SimpleName","range":{"beginLine":13,"beginColumn":92,"endLine":13,"endColumn":99},"tokenRange":{"beginToken":{"kind":94,"text":"Property"},"endToken":{"kind":94,"text":"Property"}},"identifier":"Property"},"annotations":[]},"varArgsAnnotations":[]}],"thrownExceptions":[],"typeParameters":[{"!":"com.github.javaparser.ast.type.TypeParameter","range":{"beginLine":13,"beginColumn":10,"endLine":13,"endColumn":10},"tokenRange":{"beginToken":{"kind":94,"text":"X"},"endToken":{"kind":94,"text":"X"}},"name":{"!":"com.github.javaparser.ast.expr.SimpleName","range":{"beginLine":13,"beginColumn":10,"endLine":13,"endColumn":10},"tokenRange":{"beginToken":{"kind":94,"text":"X"},"endToken":{"kind":94,"text":"X"}},"identifier":"X"},"typeBound":[],"annotations":[]},{"!":"com.github.javaparser.ast.type.TypeParameter","range":{"beginLine":13,"beginColumn":13,"endLine":13,"endColumn":13},"tokenRange":{"beginToken":{"kind":94,"text":"Y"},"endToken":{"kind":94,"text":"Y"}},"name":{"!":"com.github.javaparser.ast.expr.SimpleName","range":{"beginLine":13,"beginColumn":13,"endLine":13,"endColumn":13},"tokenRange":{"beginToken":{"kind":94,"text":"Y"},"endToken":{"kind":94,"text":"Y"}},"identifier":"Y"},"typeBound":[],"annotations":[]}],"annotations":[{"!":"com.github.javaparser.ast.expr.SingleMemberAnnotationExpr","range":{"beginLine":12,"beginColumn":2,"endLine":12,"endColumn":33},"tokenRange":{"beginToken":{"kind":107,"text":"@"},"endToken":{"kind":98,"text":")"}},"memberValue":{"!":"com.github.javaparser.ast.expr.ArrayInitializerExpr","range":{"beginLine":12,"beginColumn":20,"endLine":12,"endColumn":32},"tokenRange":{"beginToken":{"kind":99,"text":"{"},"endToken":{"kind":100,"text":"}"}},"values":[{"!":"com.github.javaparser.ast.expr.StringLiteralExpr","range":{"beginLine":12,"beginColumn":21,"endLine":12,"endColumn":31},"tokenRange":{"beginToken":{"kind":90,"text":"\"unchecked\""},"endToken":{"kind":90,"text":"\"unchecked\""}},"value":"unchecked"}]},"name":{"!":"com.github.javaparser.ast.expr.Name","range":{"beginLine":12,"beginColumn":3,"endLine":12,"endColumn":18},"tokenRange":{"beginToken":{"kind":94,"text":"SuppressWarnings"},"endToken":{"kind":94,"text":"SuppressWarnings"}},"identifier":"SuppressWarnings"}}],"comment":{"!":"com.github.javaparser.ast.comments.JavadocComment","range":{"beginLine":2,"beginColumn":2,"endLine":11,"endColumn":4},"tokenRange":{"beginToken":{"kind":8,"text":"/**\n\t * Build a normal attribute.\n\t *\n\t * @param ownerType The descriptor of the attribute owner (aka declarer).\n\t * @param property The Hibernate property descriptor for the attribute\n\t * @param <X> The type of the owner\n\t * @param <Y> The attribute type\n\t *\n\t * @return The built attribute descriptor or null if the attribute is not part of the JPA 2 model (eg backrefs)\n\t */"},"endToken":{"kind":8,"text":"/**\n\t * Build a normal attribute.\n\t *\n\t * @param ownerType The descriptor of the attribute owner (aka declarer).\n\t * @param property The Hibernate property descriptor for the attribute\n\t * @param <X> The type of the owner\n\t * @param <Y> The attribute type\n\t *\n\t * @return The built attribute descriptor or null if the attribute is not part of the JPA 2 model (eg backrefs)\n\t */"}},"content":"\n\t * Build a normal attribute.\n\t *\n\t * @param ownerType The descriptor of the attribute owner (aka declarer).\n\t * @param property The Hibernate property descriptor for the attribute\n\t * @param <X> The type of the owner\n\t * @param <Y> The attribute type\n\t *\n\t * @return The built attribute descriptor or null if the attribute is not part of the JPA 2 model (eg backrefs)\n\t "}}],"modifiers":[],"name":{"!":"com.github.javaparser.ast.expr.SimpleName","range":{"beginLine":1,"beginColumn":7,"endLine":1,"endColumn":10},"tokenRange":{"beginToken":{"kind":94,"text":"Test"},"endToken":{"kind":94,"text":"Test"}},"identifier":"Test"},"annotations":[]}]}