{"!":"com.github.javaparser.ast.CompilationUnit","range":{"beginLine":1,"beginColumn":1,"endLine":33,"endColumn":2},"tokenRange":{"beginToken":{"kind":19,"text":"class"},"endToken":{"kind":0,"text":""}},"imports":[],"types":[{"!":"com.github.javaparser.ast.body.ClassOrInterfaceDeclaration","range":{"beginLine":1,"beginColumn":1,"endLine":33,"endColumn":2},"tokenRange":{"beginToken":{"kind":19,"text":"class"},"endToken":{"kind":100,"text":"}"}},"extendedTypes":[],"implementedTypes":[],"isInterface":"false","typeParameters":[],"members":[{"!":"com.github.javaparser.ast.body.MethodDeclaration","range":{"beginLine":2,"beginColumn":2,"endLine":31,"endColumn":2},"tokenRange":{"beginToken":{"kind":107,"text":"@"},"endToken":{"kind":100,"text":"}"}},"body":{"!":"com.github.javaparser.ast.stmt.BlockStmt","range":{"beginLine":3,"beginColumn":99,"endLine":31,"endColumn":2},"tokenRange":{"beginToken":{"kind":99,"text":"{"},"endToken":{"kind":100,"text":"}"}},"statements":[{"!":"com.github.javaparser.ast.stmt.ExpressionStmt","range":{"beginLine":4,"beginColumn":3,"endLine":8,"endColumn":4},"tokenRange":{"beginToken":{"kind":94,"text":"HqlExecutor"},"endToken":{"kind":103,"text":";"}},"expression":{"!":"com.github.javaparser.ast.expr.VariableDeclarationExpr","range":{"beginLine":4,"beginColumn":3,"endLine":8,"endColumn":3},"tokenRange":{"beginToken":{"kind":94,"text":"HqlExecutor"},"endToken":{"kind":100,"text":"}"}},"annotations":[],"modifiers":[],"variables":[{"!":"com.github.javaparser.ast.body.VariableDeclarator","range":{"beginLine":4,"beginColumn":15,"endLine":8,"endColumn":3},"tokenRange":{"beginToken":{"kind":94,"text":"hqlExecutor"},"endToken":{"kind":100,"text":"}"}},"initializer":{"!":"com.github.javaparser.ast.expr.ObjectCreationExpr","range":{"beginLine":4,"beginColumn":29,"endLine":8,"endColumn":3},"tokenRange":{"beginToken":{"kind":42,"text":"new"},"endToken":{"kind":100,"text":"}"}},"anonymousClassBody":[{"!":"com.github.javaparser.ast.body.MethodDeclaration","range":{"beginLine":5,"beginColumn":4,"endLine":7,"endColumn":4},"tokenRange":{"beginToken":{"kind":47,"text":"public"},"endToken":{"kind":100,"text":"}"}},"body":{"!":"com.github.javaparser.ast.stmt.BlockStmt","range":{"beginLine":5,"beginColumn":37,"endLine":7,"endColumn":4},"tokenRange":{"beginToken":{"kind":99,"text":"{"},"endToken":{"kind":100,"text":"}"}},"statements":[{"!":"com.github.javaparser.ast.stmt.ReturnStmt","range":{"beginLine":6,"beginColumn":5,"endLine":6,"endColumn":101},"tokenRange":{"beginToken":{"kind":49,"text":"return"},"endToken":{"kind":103,"text":";"}},"expression":{"!":"com.github.javaparser.ast.expr.MethodCallExpr","range":{"beginLine":6,"beginColumn":12,"endLine":6,"endColumn":100},"tokenRange":{"beginToken":{"kind":94,"text":"s"},"endToken":{"kind":98,"text":")"}},"arguments":[{"!":"com.github.javaparser.ast.expr.StringLiteralExpr","range":{"beginLine":6,"beginColumn":27,"endLine":6,"endColumn":98},"tokenRange":{"beginToken":{"kind":90,"text":"\"from Student s left join fetch s.enrolments e order by s.studentNumber\""},"endToken":{"kind":90,"text":"\"from Student s left join fetch s.enrolments e order by s.studentNumber\""}},"value":"from Student s left join fetch s.enrolments e order by s.studentNumber"}],"name":{"!":"com.github.javaparser.ast.expr.SimpleName","range":{"beginLine":6,"beginColumn":14,"endLine":6,"endColumn":24},"tokenRange":{"beginToken":{"kind":94,"text":"createQuery"},"endToken":{"kind":94,"text":"createQuery"}},"identifier":"createQuery"},"scope":{"!":"com.github.javaparser.ast.expr.NameExpr","range":{"beginLine":6,"beginColumn":12,"endLine":6,"endColumn":12},"tokenRange":{"beginToken":{"kind":94,"text":"s"},"endToken":{"kind":94,"text":"s"}},"name":{"!":"com.github.javaparser.ast.expr.SimpleName","range":{"beginLine":6,"beginColumn":12,"endLine":6,"endColumn":12},"tokenRange":{"beginToken":{"kind":94,"text":"s"},"endToken":{"kind":94,"text":"s"}},"identifier":"s"}}}}]},"type":{"!":"com.github.javaparser.ast.type.ClassOrInterfaceType","range":{"beginLine":5,"beginColumn":11,"endLine":5,"endColumn":15},"tokenRange":{"beginToken":{"kind":94,"text":"Query"},"endToken":{"kind":94,"text":"Query"}},"name":{"!":"com.github.javaparser.ast.expr.SimpleName","range":{"beginLine":5,"beginColumn":11,"endLine":5,"endColumn":15},"tokenRange":{"beginToken":{"kind":94,"text":"Query"},"endToken":{"kind":94,"text":"Query"}},"identifier":"Query"},"annotations":[]},"modifiers":[{"!":"com.github.javaparser.ast.Modifier","range":{"beginLine":5,"beginColumn":4,"endLine":5,"endColumn":9},"tokenRange":{"beginToken":{"kind":47,"text":"public"},"endToken":{"kind":47,"text":"public"}},"keyword":"PUBLIC"}],"name":{"!":"com.github.javaparser.ast.expr.SimpleName","range":{"beginLine":5,"beginColumn":17,"endLine":5,"endColumn":24},"tokenRange":{"beginToken":{"kind":94,"text":"getQuery"},"endToken":{"kind":94,"text":"getQuery"}},"identifier":"getQuery"},"parameters":[{"!":"com.github.javaparser.ast.body.Parameter","range":{"beginLine":5,"beginColumn":26,"endLine":5,"endColumn":34},"tokenRange":{"beginToken":{"kind":94,"text":"Session"},"endToken":{"kind":94,"text":"s"}},"annotations":[],"isVarArgs":"false","modifiers":[],"name":{"!":"com.github.javaparser.ast.expr.SimpleName","range":{"beginLine":5,"beginColumn":34,"endLine":5,"endColumn":34},"tokenRange":{"beginToken":{"kind":94,"text":"s"},"endToken":{"kind":94,"text":"s"}},"identifier":"s"},"type":{"!":"com.github.javaparser.ast.type.ClassOrInterfaceType","range":{"beginLine":5,"beginColumn":26,"endLine":5,"endColumn":32},"tokenRange":{"beginToken":{"kind":94,"text":"Session"},"endToken":{"kind":94,"text":"Session"}},"name":{"!":"com.github.javaparser.ast.expr.SimpleName","range":{"beginLine":5,"beginColumn":26,"endLine":5,"endColumn":32},"tokenRange":{"beginToken":{"kind":94,"text":"Session"},"endToken":{"kind":94,"text":"Session"}},"identifier":"Session"},"annotations":[]},"varArgsAnnotations":[]}],"thrownExceptions":[],"typeParameters":[],"annotations":[]}],"arguments":[],"type":{"!":"com.github.javaparser.ast.type.ClassOrInterfaceType","range":{"beginLine":4,"beginColumn":33,"endLine":4,"endColumn":43},"tokenRange":{"beginToken":{"kind":94,"text":"HqlExecutor"},"endToken":{"kind":94,"text":"HqlExecutor"}},"name":{"!":"com.github.javaparser.ast.expr.SimpleName","range":{"beginLine":4,"beginColumn":33,"endLine":4,"endColumn":43},"tokenRange":{"beginToken":{"kind":94,"text":"HqlExecutor"},"endToken":{"kind":94,"text":"HqlExecutor"}},"identifier":"HqlExecutor"},"annotations":[]}},"name":{"!":"com.github.javaparser.ast.expr.SimpleName","range":{"beginLine":4,"beginColumn":15,"endLine":4,"endColumn":25},"tokenRange":{"beginToken":{"kind":94,"text":"hqlExecutor"},"endToken":{"kind":94,"text":"hqlExecutor"}},"identifier":"hqlExecutor"},"type":{"!":"com.github.javaparser.ast.type.ClassOrInterfaceType","range":{"beginLine":4,"beginColumn":3,"endLine":4,"endColumn":13},"tokenRange":{"beginToken":{"kind":94,"text":"HqlExecutor"},"endToken":{"kind":94,"text":"HqlExecutor"}},"name":{"!":"com.github.javaparser.ast.expr.SimpleName","range":{"beginLine":4,"beginColumn":3,"endLine":4,"endColumn":13},"tokenRange":{"beginToken":{"kind":94,"text":"HqlExecutor"},"endToken":{"kind":94,"text":"HqlExecutor"}},"identifier":"HqlExecutor"},"annotations":[]}}]}},{"!":"com.github.javaparser.ast.stmt.ExpressionStmt","range":{"beginLine":10,"beginColumn":3,"endLine":28,"endColumn":4},"tokenRange":{"beginToken":{"kind":94,"text":"ResultChecker"},"endToken":{"kind":103,"text":";"}},"expression":{"!":"com.github.javaparser.ast.expr.VariableDeclarationExpr","range":{"beginLine":10,"beginColumn":3,"endLine":28,"endColumn":3},"tokenRange":{"beginToken":{"kind":94,"text":"ResultChecker"},"endToken":{"kind":100,"text":"}"}},"annotations":[],"modifiers":[],"variables":[{"!":"com.github.javaparser.ast.body.VariableDeclarator","range":{"beginLine":10,"beginColumn":17,"endLine":28,"endColumn":3},"tokenRange":{"beginToken":{"kind":94,"text":"checker"},"endToken":{"kind":100,"text":"}"}},"initializer":{"!":"com.github.javaparser.ast.expr.ObjectCreationExpr","range":{"beginLine":10,"beginColumn":27,"endLine":28,"endColumn":3},"tokenRange":{"beginToken":{"kind":42,"text":"new"},"endToken":{"kind":100,"text":"}"}},"anonymousClassBody":[{"!":"com.github.javaparser.ast.body.MethodDeclaration","range":{"beginLine":11,"beginColumn":4,"endLine":27,"endColumn":4},"tokenRange":{"beginToken":{"kind":47,"text":"public"},"endToken":{"kind":100,"text":"}"}},"body":{"!":"com.github.javaparser.ast.stmt.BlockStmt","range":{"beginLine":11,"beginColumn":38,"endLine":27,"endColumn":4},"tokenRange":{"beginToken":{"kind":99,"text":"{"},"endToken":{"kind":100,"text":"}"}},"statements":[{"!":"com.github.javaparser.ast.stmt.ExpressionStmt","range":{"beginLine":12,"beginColumn":5,"endLine":12,"endColumn":39},"tokenRange":{"beginToken":{"kind":94,"text":"List"},"endToken":{"kind":103,"text":";"}},"expression":{"!":"com.github.javaparser.ast.expr.VariableDeclarationExpr","range":{"beginLine":12,"beginColumn":5,"endLine":12,"endColumn":38},"tokenRange":{"beginToken":{"kind":94,"text":"List"},"endToken":{"kind":94,"text":"results"}},"annotations":[],"modifiers":[],"variables":[{"!":"com.github.javaparser.ast.body.VariableDeclarator","range":{"beginLine":12,"beginColumn":10,"endLine":12,"endColumn":38},"tokenRange":{"beginToken":{"kind":94,"text":"resultList"},"endToken":{"kind":94,"text":"results"}},"initializer":{"!":"com.github.javaparser.ast.expr.CastExpr","range":{"beginLine":12,"beginColumn":23,"endLine":12,"endColumn":38},"tokenRange":{"beginToken":{"kind":97,"text":"("},"endToken":{"kind":94,"text":"results"}},"expression":{"!":"com.github.javaparser.ast.expr.NameExpr","range":{"beginLine":12,"beginColumn":32,"endLine":12,"endColumn":38},"tokenRange":{"beginToken":{"kind":94,"text":"results"},"endToken":{"kind":94,"text":"results"}},"name":{"!":"com.github.javaparser.ast.expr.SimpleName","range":{"beginLine":12,"beginColumn":32,"endLine":12,"endColumn":38},"tokenRange":{"beginToken":{"kind":94,"text":"results"},"endToken":{"kind":94,"text":"results"}},"identifier":"results"}},"type":{"!":"com.github.javaparser.ast.type.ClassOrInterfaceType","range":{"beginLine":12,"beginColumn":25,"endLine":12,"endColumn":28},"tokenRange":{"beginToken":{"kind":94,"text":"List"},"endToken":{"kind":94,"text":"List"}},"name":{"!":"com.github.javaparser.ast.expr.SimpleName","range":{"beginLine":12,"beginColumn":25,"endLine":12,"endColumn":28},"tokenRange":{"beginToken":{"kind":94,"text":"List"},"endToken":{"kind":94,"text":"List"}},"identifier":"List"},"annotations":[]}},"name":{"!":"com.github.javaparser.ast.expr.SimpleName","range":{"beginLine":12,"beginColumn":10,"endLine":12,"endColumn":19},"tokenRange":{"beginToken":{"kind":94,"text":"resultList"},"endToken":{"kind":94,"text":"resultList"}},"identifier":"resultList"},"type":{"!":"com.github.javaparser.ast.type.ClassOrInterfaceType","range":{"beginLine":12,"beginColumn":5,"endLine":12,"endColumn":8},"tokenRange":{"beginToken":{"kind":94,"text":"List"},"endToken":{"kind":94,"text":"List"}},"name":{"!":"com.github.javaparser.ast.expr.SimpleName","range":{"beginLine":12,"beginColumn":5,"endLine":12,"endColumn":8},"tokenRange":{"beginToken":{"kind":94,"text":"List"},"endToken":{"kind":94,"text":"List"}},"identifier":"List"},"annotations":[]}}]}},{"!":"com.github.javaparser.ast.stmt.ExpressionStmt","range":{"beginLine":13,"beginColumn":5,"endLine":13,"endColumn":41},"tokenRange":{"beginToken":{"kind":94,"text":"assertEquals"},"endToken":{"kind":103,"text":";"}},"expression":{"!":"com.github.javaparser.ast.expr.MethodCallExpr","range":{"beginLine":13,"beginColumn":5,"endLine":13,"endColumn":40},"tokenRange":{"beginToken":{"kind":94,"text":"assertEquals"},"endToken":{"kind":98,"text":")"}},"arguments":[{"!":"com.github.javaparser.ast.expr.IntegerLiteralExpr","range":{"beginLine":13,"beginColumn":19,"endLine":13,"endColumn":19},"tokenRange":{"beginToken":{"kind":77,"text":"2"},"endToken":{"kind":77,"text":"2"}},"value":"2"},{"!":"com.github.javaparser.ast.expr.MethodCallExpr","range":{"beginLine":13,"beginColumn":22,"endLine":13,"endColumn":38},"tokenRange":{"beginToken":{"kind":94,"text":"resultList"},"endToken":{"kind":98,"text":")"}},"arguments":[],"name":{"!":"com.github.javaparser.ast.expr.SimpleName","range":{"beginLine":13,"beginColumn":33,"endLine":13,"endColumn":36},"tokenRange":{"beginToken":{"kind":94,"text":"size"},"endToken":{"kind":94,"text":"size"}},"identifier":"size"},"scope":{"!":"com.github.javaparser.ast.expr.NameExpr","range":{"beginLine":13,"beginColumn":22,"endLine":13,"endColumn":31},"tokenRange":{"beginToken":{"kind":94,"text":"resultList"},"endToken":{"kind":94,"text":"resultList"}},"name":{"!":"com.github.javaparser.ast.expr.SimpleName","range":{"beginLine":13,"beginColumn":22,"endLine":13,"endColumn":31},"tokenRange":{"beginToken":{"kind":94,"text":"resultList"},"endToken":{"kind":94,"text":"resultList"}},"identifier":"resultList"}}}],"name":{"!":"com.github.javaparser.ast.expr.SimpleName","range":{"beginLine":13,"beginColumn":5,"endLine":13,"endColumn":16},"tokenRange":{"beginToken":{"kind":94,"text":"assertEquals"},"endToken":{"kind":94,"text":"assertEquals"}},"identifier":"assertEquals"}}},{"!":"com.github.javaparser.ast.stmt.ExpressionStmt","range":{"beginLine":14,"beginColumn":5,"endLine":14,"endColumn":54},"tokenRange":{"beginToken":{"kind":94,"text":"assertEquals"},"endToken":{"kind":103,"text":";"}},"expression":{"!":"com.github.javaparser.ast.expr.MethodCallExpr","range":{"beginLine":14,"beginColumn":5,"endLine":14,"endColumn":53},"tokenRange":{"beginToken":{"kind":94,"text":"assertEquals"},"endToken":{"kind":98,"text":")"}},"arguments":[{"!":"com.github.javaparser.ast.expr.NameExpr","range":{"beginLine":14,"beginColumn":19,"endLine":14,"endColumn":30},"tokenRange":{"beginToken":{"kind":94,"text":"yogiExpected"},"endToken":{"kind":94,"text":"yogiExpected"}},"name":{"!":"com.github.javaparser.ast.expr.SimpleName","range":{"beginLine":14,"beginColumn":19,"endLine":14,"endColumn":30},"tokenRange":{"beginToken":{"kind":94,"text":"yogiExpected"},"endToken":{"kind":94,"text":"yogiExpected"}},"identifier":"yogiExpected"}},{"!":"com.github.javaparser.ast.expr.MethodCallExpr","range":{"beginLine":14,"beginColumn":33,"endLine":14,"endColumn":51},"tokenRange":{"beginToken":{"kind":94,"text":"resultList"},"endToken":{"kind":98,"text":")"}},"arguments":[{"!":"com.github.javaparser.ast.expr.IntegerLiteralExpr","range":{"beginLine":14,"beginColumn":49,"endLine":14,"endColumn":49},"tokenRange":{"beginToken":{"kind":77,"text":"0"},"endToken":{"kind":77,"text":"0"}},"value":"0"}],"name":{"!":"com.github.javaparser.ast.expr.SimpleName","range":{"beginLine":14,"beginColumn":44,"endLine":14,"endColumn":46},"tokenRange":{"beginToken":{"kind":94,"text":"get"},"endToken":{"kind":94,"text":"get"}},"identifier":"get"},"scope":{"!":"com.github.javaparser.ast.expr.NameExpr","range":{"beginLine":14,"beginColumn":33,"endLine":14,"endColumn":42},"tokenRange":{"beginToken":{"kind":94,"text":"resultList"},"endToken":{"kind":94,"text":"resultList"}},"name":{"!":"com.github.javaparser.ast.expr.SimpleName","range":{"beginLine":14,"beginColumn":33,"endLine":14,"endColumn":42},"tokenRange":{"beginToken":{"kind":94,"text":"resultList"},"endToken":{"kind":94,"text":"resultList"}},"identifier":"resultList"}}}],"name":{"!":"com.github.javaparser.ast.expr.SimpleName","range":{"beginLine":14,"beginColumn":5,"endLine":14,"endColumn":16},"tokenRange":{"beginToken":{"kind":94,"text":"assertEquals"},"endToken":{"kind":94,"text":"assertEquals"}},"identifier":"assertEquals"}}},{"!":"com.github.javaparser.ast.stmt.ExpressionStmt","range":{"beginLine":15,"beginColumn":5,"endLine":18,"endColumn":6},"tokenRange":{"beginToken":{"kind":94,"text":"assertEquals"},"endToken":{"kind":103,"text":";"}},"expression":{"!":"com.github.javaparser.ast.expr.MethodCallExpr","range":{"beginLine":15,"beginColumn":5,"endLine":18,"endColumn":5},"tokenRange":{"beginToken":{"kind":94,"text":"assertEquals"},"endToken":{"kind":98,"text":")"}},"arguments":[{"!":"com.github.javaparser.ast.expr.MethodCallExpr","range":{"beginLine":16,"beginColumn":7,"endLine":16,"endColumn":55},"tokenRange":{"beginToken":{"kind":94,"text":"yogiExpected"},"endToken":{"kind":98,"text":")"}},"arguments":[],"name":{"!":"com.github.javaparser.ast.expr.SimpleName","range":{"beginLine":16,"beginColumn":41,"endLine":16,"endColumn":53},"tokenRange":{"beginToken":{"kind":94,"text":"getCourseCode"},"endToken":{"kind":94,"text":"getCourseCode"}},"identifier":"getCourseCode"},"scope":{"!":"com.github.javaparser.ast.expr.MethodCallExpr","range":{"beginLine":16,"beginColumn":7,"endLine":16,"endColumn":39},"tokenRange":{"beginToken":{"kind":94,"text":"yogiExpected"},"endToken":{"kind":98,"text":")"}},"arguments":[],"name":{"!":"com.github.javaparser.ast.expr.SimpleName","range":{"beginLine":16,"beginColumn":20,"endLine":16,"endColumn":37},"tokenRange":{"beginToken":{"kind":94,"text":"getPreferredCourse"},"endToken":{"kind":94,"text":"getPreferredCourse"}},"identifier":"getPreferredCourse"},"scope":{"!":"com.github.javaparser.ast.expr.NameExpr","range":{"beginLine":16,"beginColumn":7,"endLine":16,"endColumn":18},"tokenRange":{"beginToken":{"kind":94,"text":"yogiExpected"},"endToken":{"kind":94,"text":"yogiExpected"}},"name":{"!":"com.github.javaparser.ast.expr.SimpleName","range":{"beginLine":16,"beginColumn":7,"endLine":16,"endColumn":18},"tokenRange":{"beginToken":{"kind":94,"text":"yogiExpected"},"endToken":{"kind":94,"text":"yogiExpected"}},"identifier":"yogiExpected"}}}},{"!":"com.github.javaparser.ast.expr.MethodCallExpr","range":{"beginLine":17,"beginColumn":7,"endLine":17,"endColumn":78},"tokenRange":{"beginToken":{"kind":97,"text":"("},"endToken":{"kind":98,"text":")"}},"arguments":[],"name":{"!":"com.github.javaparser.ast.expr.SimpleName","range":{"beginLine":17,"beginColumn":64,"endLine":17,"endColumn":76},"tokenRange":{"beginToken":{"kind":94,"text":"getCourseCode"},"endToken":{"kind":94,"text":"getCourseCode"}},"identifier":"getCourseCode"},"scope":{"!":"com.github.javaparser.ast.expr.MethodCallExpr","range":{"beginLine":17,"beginColumn":7,"endLine":17,"endColumn":62},"tokenRange":{"beginToken":{"kind":97,"text":"("},"endToken":{"kind":98,"text":")"}},"arguments":[],"name":{"!":"com.github.javaparser.ast.expr.SimpleName","range":{"beginLine":17,"beginColumn":43,"endLine":17,"endColumn":60},"tokenRange":{"beginToken":{"kind":94,"text":"getPreferredCourse"},"endToken":{"kind":94,"text":"getPreferredCourse"}},"identifier":"getPreferredCourse"},"scope":{"!":"com.github.javaparser.ast.expr.EnclosedExpr","range":{"beginLine":17,"beginColumn":7,"endLine":17,"endColumn":41},"tokenRange":{"beginToken":{"kind":97,"text":"("},"endToken":{"kind":98,"text":")"}},"inner":{"!":"com.github.javaparser.ast.expr.CastExpr","range":{"beginLine":17,"beginColumn":9,"endLine":17,"endColumn":39},"tokenRange":{"beginToken":{"kind":97,"text":"("},"endToken":{"kind":98,"text":")"}},"expression":{"!":"com.github.javaparser.ast.expr.MethodCallExpr","range":{"beginLine":17,"beginColumn":21,"endLine":17,"endColumn":39},"tokenRange":{"beginToken":{"kind":94,"text":"resultList"},"endToken":{"kind":98,"text":")"}},"arguments":[{"!":"com.github.javaparser.ast.expr.IntegerLiteralExpr","range":{"beginLine":17,"beginColumn":37,"endLine":17,"endColumn":37},"tokenRange":{"beginToken":{"kind":77,"text":"0"},"endToken":{"kind":77,"text":"0"}},"value":"0"}],"name":{"!":"com.github.javaparser.ast.expr.SimpleName","range":{"beginLine":17,"beginColumn":32,"endLine":17,"endColumn":34},"tokenRange":{"beginToken":{"kind":94,"text":"get"},"endToken":{"kind":94,"text":"get"}},"identifier":"get"},"scope":{"!":"com.github.javaparser.ast.expr.NameExpr","range":{"beginLine":17,"beginColumn":21,"endLine":17,"endColumn":30},"tokenRange":{"beginToken":{"kind":94,"text":"resultList"},"endToken":{"kind":94,"text":"resultList"}},"name":{"!":"com.github.javaparser.ast.expr.SimpleName","range":{"beginLine":17,"beginColumn":21,"endLine":17,"endColumn":30},"tokenRange":{"beginToken":{"kind":94,"text":"resultList"},"endToken":{"kind":94,"text":"resultList"}},"identifier":"resultList"}}},"type":{"!":"com.github.javaparser.ast.type.ClassOrInterfaceType","range":{"beginLine":17,"beginColumn":11,"endLine":17,"endColumn":17},"tokenRange":{"beginToken":{"kind":94,"text":"Student"},"endToken":{"kind":94,"text":"Student"}},"name":{"!":"com.github.javaparser.ast.expr.SimpleName","range":{"beginLine":17,"beginColumn":11,"endLine":17,"endColumn":17},"tokenRange":{"beginToken":{"kind":94,"text":"Student"},"endToken":{"kind":94,"text":"Student"}},"identifier":"Student"},"annotations":[]}}}}}],"name":{"!":"com.github.javaparser.ast.expr.SimpleName","range":{"beginLine":15,"beginColumn":5,"endLine":15,"endColumn":16},"tokenRange":{"beginToken":{"kind":94,"text":"assertEquals"},"endToken":{"kind":94,"text":"assertEquals"}},"identifier":"assertEquals"}}},{"!":"com.github.javaparser.ast.stmt.ExpressionStmt","range":{"beginLine":19,"beginColumn":5,"endLine":19,"endColumn":57},"tokenRange":{"beginToken":{"kind":94,"text":"assertEquals"},"endToken":{"kind":103,"text":";"}},"expression":{"!":"com.github.javaparser.ast.expr.MethodCallExpr","range":{"beginLine":19,"beginColumn":5,"endLine":19,"endColumn":56},"tokenRange":{"beginToken":{"kind":94,"text":"assertEquals"},"endToken":{"kind":98,"text":")"}},"arguments":[{"!":"com.github.javaparser.ast.expr.NameExpr","range":{"beginLine":19,"beginColumn":19,"endLine":19,"endColumn":33},"tokenRange":{"beginToken":{"kind":94,"text":"shermanExpected"},"endToken":{"kind":94,"text":"shermanExpected"}},"name":{"!":"com.github.javaparser.ast.expr.SimpleName","range":{"beginLine":19,"beginColumn":19,"endLine":19,"endColumn":33},"tokenRange":{"beginToken":{"kind":94,"text":"shermanExpected"},"endToken":{"kind":94,"text":"shermanExpected"}},"identifier":"shermanExpected"}},{"!":"com.github.javaparser.ast.expr.MethodCallExpr","range":{"beginLine":19,"beginColumn":36,"endLine":19,"endColumn":54},"tokenRange":{"beginToken":{"kind":94,"text":"resultList"},"endToken":{"kind":98,"text":")"}},"arguments":[{"!":"com.github.javaparser.ast.expr.IntegerLiteralExpr","range":{"beginLine":19,"beginColumn":52,"endLine":19,"endColumn":52},"tokenRange":{"beginToken":{"kind":77,"text":"1"},"endToken":{"kind":77,"text":"1"}},"value":"1"}],"name":{"!":"com.github.javaparser.ast.expr.SimpleName","range":{"beginLine":19,"beginColumn":47,"endLine":19,"endColumn":49},"tokenRange":{"beginToken":{"kind":94,"text":"get"},"endToken":{"kind":94,"text":"get"}},"identifier":"get"},"scope":{"!":"com.github.javaparser.ast.expr.NameExpr","range":{"beginLine":19,"beginColumn":36,"endLine":19,"endColumn":45},"tokenRange":{"beginToken":{"kind":94,"text":"resultList"},"endToken":{"kind":94,"text":"resultList"}},"name":{"!":"com.github.javaparser.ast.expr.SimpleName","range":{"beginLine":19,"beginColumn":36,"endLine":19,"endColumn":45},"tokenRange":{"beginToken":{"kind":94,"text":"resultList"},"endToken":{"kind":94,"text":"resultList"}},"identifier":"resultList"}}}],"name":{"!":"com.github.javaparser.ast.expr.SimpleName","range":{"beginLine":19,"beginColumn":5,"endLine":19,"endColumn":16},"tokenRange":{"beginToken":{"kind":94,"text":"assertEquals"},"endToken":{"kind":94,"text":"assertEquals"}},"identifier":"assertEquals"}}},{"!":"com.github.javaparser.ast.stmt.ExpressionStmt","range":{"beginLine":20,"beginColumn":5,"endLine":20,"endColumn":75},"tokenRange":{"beginToken":{"kind":94,"text":"assertNull"},"endToken":{"kind":103,"text":";"}},"expression":{"!":"com.github.javaparser.ast.expr.MethodCallExpr","range":{"beginLine":20,"beginColumn":5,"endLine":20,"endColumn":74},"tokenRange":{"beginToken":{"kind":94,"text":"assertNull"},"endToken":{"kind":98,"text":")"}},"arguments":[{"!":"com.github.javaparser.ast.expr.MethodCallExpr","range":{"beginLine":20,"beginColumn":17,"endLine":20,"endColumn":72},"tokenRange":{"beginToken":{"kind":97,"text":"("},"endToken":{"kind":98,"text":")"}},"arguments":[],"name":{"!":"com.github.javaparser.ast.expr.SimpleName","range":{"beginLine":20,"beginColumn":53,"endLine":20,"endColumn":70},"tokenRange":{"beginToken":{"kind":94,"text":"getPreferredCourse"},"endToken":{"kind":94,"text":"getPreferredCourse"}},"identifier":"getPreferredCourse"},"scope":{"!":"com.github.javaparser.ast.expr.EnclosedExpr","range":{"beginLine":20,"beginColumn":17,"endLine":20,"endColumn":51},"tokenRange":{"beginToken":{"kind":97,"text":"("},"endToken":{"kind":98,"text":")"}},"inner":{"!":"com.github.javaparser.ast.expr.CastExpr","range":{"beginLine":20,"beginColumn":19,"endLine":20,"endColumn":49},"tokenRange":{"beginToken":{"kind":97,"text":"("},"endToken":{"kind":98,"text":")"}},"expression":{"!":"com.github.javaparser.ast.expr.MethodCallExpr","range":{"beginLine":20,"beginColumn":31,"endLine":20,"endColumn":49},"tokenRange":{"beginToken":{"kind":94,"text":"resultList"},"endToken":{"kind":98,"text":")"}},"arguments":[{"!":"com.github.javaparser.ast.expr.IntegerLiteralExpr","range":{"beginLine":20,"beginColumn":47,"endLine":20,"endColumn":47},"tokenRange":{"beginToken":{"kind":77,"text":"1"},"endToken":{"kind":77,"text":"1"}},"value":"1"}],"name":{"!":"com.github.javaparser.ast.expr.SimpleName","range":{"beginLine":20,"beginColumn":42,"endLine":20,"endColumn":44},"tokenRange":{"beginToken":{"kind":94,"text":"get"},"endToken":{"kind":94,"text":"get"}},"identifier":"get"},"scope":{"!":"com.github.javaparser.ast.expr.NameExpr","range":{"beginLine":20,"beginColumn":31,"endLine":20,"endColumn":40},"tokenRange":{"beginToken":{"kind":94,"text":"resultList"},"endToken":{"kind":94,"text":"resultList"}},"name":{"!":"com.github.javaparser.ast.expr.SimpleName","range":{"beginLine":20,"beginColumn":31,"endLine":20,"endColumn":40},"tokenRange":{"beginToken":{"kind":94,"text":"resultList"},"endToken":{"kind":94,"text":"resultList"}},"identifier":"resultList"}}},"type":{"!":"com.github.javaparser.ast.type.ClassOrInterfaceType","range":{"beginLine":20,"beginColumn":21,"endLine":20,"endColumn":27},"tokenRange":{"beginToken":{"kind":94,"text":"Student"},"endToken":{"kind":94,"text":"Student"}},"name":{"!":"com.github.javaparser.ast.expr.SimpleName","range":{"beginLine":20,"beginColumn":21,"endLine":20,"endColumn":27},"tokenRange":{"beginToken":{"kind":94,"text":"Student"},"endToken":{"kind":94,"text":"Student"}},"identifier":"Student"},"annotations":[]}}}}],"name":{"!":"com.github.javaparser.ast.expr.SimpleName","range":{"beginLine":20,"beginColumn":5,"endLine":20,"endColumn":14},"tokenRange":{"beginToken":{"kind":94,"text":"assertNull"},"endToken":{"kind":94,"text":"assertNull"}},"identifier":"assertNull"}}},{"!":"com.github.javaparser.ast.stmt.IfStmt","range":{"beginLine":21,"beginColumn":5,"endLine":26,"endColumn":5},"tokenRange":{"beginToken":{"kind":34,"text":"if"},"endToken":{"kind":100,"text":"}"}},"condition":{"!":"com.github.javaparser.ast.expr.MethodCallExpr","range":{"beginLine":21,"beginColumn":10,"endLine":21,"endColumn":47},"tokenRange":{"beginToken":{"kind":94,"text":"areDynamicNonLazyAssociationsChecked"},"endToken":{"kind":98,"text":")"}},"arguments":[],"name":{"!":"com.github.javaparser.ast.expr.SimpleName","range":{"beginLine":21,"beginColumn":10,"endLine":21,"endColumn":45},"tokenRange":{"beginToken":{"kind":94,"text":"areDynamicNonLazyAssociationsChecked"},"endToken":{"kind":94,"text":"areDynamicNonLazyAssociationsChecked"}},"identifier":"areDynamicNonLazyAssociationsChecked"}},"thenStmt":{"!":"com.github.javaparser.ast.stmt.BlockStmt","range":{"beginLine":21,"beginColumn":51,"endLine":26,"endColumn":5},"tokenRange":{"beginToken":{"kind":99,"text":"{"},"endToken":{"kind":100,"text":"}"}},"statements":[{"!":"com.github.javaparser.ast.stmt.ExpressionStmt","range":{"beginLine":22,"beginColumn":6,"endLine":22,"endColumn":98},"tokenRange":{"beginToken":{"kind":94,"text":"assertTrue"},"endToken":{"kind":103,"text":";"}},"expression":{"!":"com.github.javaparser.ast.expr.MethodCallExpr","range":{"beginLine":22,"beginColumn":6,"endLine":22,"endColumn":97},"tokenRange":{"beginToken":{"kind":94,"text":"assertTrue"},"endToken":{"kind":98,"text":")"}},"arguments":[{"!":"com.github.javaparser.ast.expr.MethodCallExpr","range":{"beginLine":22,"beginColumn":18,"endLine":22,"endColumn":95},"tokenRange":{"beginToken":{"kind":94,"text":"Hibernate"},"endToken":{"kind":98,"text":")"}},"arguments":[{"!":"com.github.javaparser.ast.expr.MethodCallExpr","range":{"beginLine":22,"beginColumn":43,"endLine":22,"endColumn":93},"tokenRange":{"beginToken":{"kind":97,"text":"("},"endToken":{"kind":98,"text":")"}},"arguments":[],"name":{"!":"com.github.javaparser.ast.expr.SimpleName","range":{"beginLine":22,"beginColumn":79,"endLine":22,"endColumn":91},"tokenRange":{"beginToken":{"kind":94,"text":"getEnrolments"},"endToken":{"kind":94,"text":"getEnrolments"}},"identifier":"getEnrolments"},"scope":{"!":"com.github.javaparser.ast.expr.EnclosedExpr","range":{"beginLine":22,"beginColumn":43,"endLine":22,"endColumn":77},"tokenRange":{"beginToken":{"kind":97,"text":"("},"endToken":{"kind":98,"text":")"}},"inner":{"!":"com.github.javaparser.ast.expr.CastExpr","range":{"beginLine":22,"beginColumn":45,"endLine":22,"endColumn":75},"tokenRange":{"beginToken":{"kind":97,"text":"("},"endToken":{"kind":98,"text":")"}},"expression":{"!":"com.github.javaparser.ast.expr.MethodCallExpr","range":{"beginLine":22,"beginColumn":57,"endLine":22,"endColumn":75},"tokenRange":{"beginToken":{"kind":94,"text":"resultList"},"endToken":{"kind":98,"text":")"}},"arguments":[{"!":"com.github.javaparser.ast.expr.IntegerLiteralExpr","range":{"beginLine":22,"beginColumn":73,"endLine":22,"endColumn":73},"tokenRange":{"beginToken":{"kind":77,"text":"0"},"endToken":{"kind":77,"text":"0"}},"value":"0"}],"name":{"!":"com.github.javaparser.ast.expr.SimpleName","range":{"beginLine":22,"beginColumn":68,"endLine":22,"endColumn":70},"tokenRange":{"beginToken":{"kind":94,"text":"get"},"endToken":{"kind":94,"text":"get"}},"identifier":"get"},"scope":{"!":"com.github.javaparser.ast.expr.NameExpr","range":{"beginLine":22,"beginColumn":57,"endLine":22,"endColumn":66},"tokenRange":{"beginToken":{"kind":94,"text":"resultList"},"endToken":{"kind":94,"text":"resultList"}},"name":{"!":"com.github.javaparser.ast.expr.SimpleName","range":{"beginLine":22,"beginColumn":57,"endLine":22,"endColumn":66},"tokenRange":{"beginToken":{"kind":94,"text":"resultList"},"endToken":{"kind":94,"text":"resultList"}},"identifier":"resultList"}}},"type":{"!":"com.github.javaparser.ast.type.ClassOrInterfaceType","range":{"beginLine":22,"beginColumn":47,"endLine":22,"endColumn":53},"tokenRange":{"beginToken":{"kind":94,"text":"Student"},"endToken":{"kind":94,"text":"Student"}},"name":{"!":"com.github.javaparser.ast.expr.SimpleName","range":{"beginLine":22,"beginColumn":47,"endLine":22,"endColumn":53},"tokenRange":{"beginToken":{"kind":94,"text":"Student"},"endToken":{"kind":94,"text":"Student"}},"identifier":"Student"},"annotations":[]}}}}],"name":{"!":"com.github.javaparser.ast.expr.SimpleName","range":{"beginLine":22,"beginColumn":28,"endLine":22,"endColumn":40},"tokenRange":{"beginToken":{"kind":94,"text":"isInitialized"},"endToken":{"kind":94,"text":"isInitialized"}},"identifier":"isInitialized"},"scope":{"!":"com.github.javaparser.ast.expr.NameExpr","range":{"beginLine":22,"beginColumn":18,"endLine":22,"endColumn":26},"tokenRange":{"beginToken":{"kind":94,"text":"Hibernate"},"endToken":{"kind":94,"text":"Hibernate"}},"name":{"!":"com.github.javaparser.ast.expr.SimpleName","range":{"beginLine":22,"beginColumn":18,"endLine":22,"endColumn":26},"tokenRange":{"beginToken":{"kind":94,"text":"Hibernate"},"endToken":{"kind":94,"text":"Hibernate"}},"identifier":"Hibernate"}}}],"name":{"!":"com.github.javaparser.ast.expr.SimpleName","range":{"beginLine":22,"beginColumn":6,"endLine":22,"endColumn":15},"tokenRange":{"beginToken":{"kind":94,"text":"assertTrue"},"endToken":{"kind":94,"text":"assertTrue"}},"identifier":"assertTrue"}}},{"!":"com.github.javaparser.ast.stmt.ExpressionStmt","range":{"beginLine":23,"beginColumn":6,"endLine":23,"endColumn":103},"tokenRange":{"beginToken":{"kind":94,"text":"assertEquals"},"endToken":{"kind":103,"text":";"}},"expression":{"!":"com.github.javaparser.ast.expr.MethodCallExpr","range":{"beginLine":23,"beginColumn":6,"endLine":23,"endColumn":102},"tokenRange":{"beginToken":{"kind":94,"text":"assertEquals"},"endToken":{"kind":98,"text":")"}},"arguments":[{"!":"com.github.javaparser.ast.expr.MethodCallExpr","range":{"beginLine":23,"beginColumn":20,"endLine":23,"endColumn":47},"tokenRange":{"beginToken":{"kind":94,"text":"yogiExpected"},"endToken":{"kind":98,"text":")"}},"arguments":[],"name":{"!":"com.github.javaparser.ast.expr.SimpleName","range":{"beginLine":23,"beginColumn":33,"endLine":23,"endColumn":45},"tokenRange":{"beginToken":{"kind":94,"text":"getEnrolments"},"endToken":{"kind":94,"text":"getEnrolments"}},"identifier":"getEnrolments"},"scope":{"!":"com.github.javaparser.ast.expr.NameExpr","range":{"beginLine":23,"beginColumn":20,"endLine":23,"endColumn":31},"tokenRange":{"beginToken":{"kind":94,"text":"yogiExpected"},"endToken":{"kind":94,"text":"yogiExpected"}},"name":{"!":"com.github.javaparser.ast.expr.SimpleName","range":{"beginLine":23,"beginColumn":20,"endLine":23,"endColumn":31},"tokenRange":{"beginToken":{"kind":94,"text":"yogiExpected"},"endToken":{"kind":94,"text":"yogiExpected"}},"identifier":"yogiExpected"}}},{"!":"com.github.javaparser.ast.expr.MethodCallExpr","range":{"beginLine":23,"beginColumn":50,"endLine":23,"endColumn":100},"tokenRange":{"beginToken":{"kind":97,"text":"("},"endToken":{"kind":98,"text":")"}},"arguments":[],"name":{"!":"com.github.javaparser.ast.expr.SimpleName","range":{"beginLine":23,"beginColumn":86,"endLine":23,"endColumn":98},"tokenRange":{"beginToken":{"kind":94,"text":"getEnrolments"},"endToken":{"kind":94,"text":"getEnrolments"}},"identifier":"getEnrolments"},"scope":{"!":"com.github.javaparser.ast.expr.EnclosedExpr","range":{"beginLine":23,"beginColumn":50,"endLine":23,"endColumn":84},"tokenRange":{"beginToken":{"kind":97,"text":"("},"endToken":{"kind":98,"text":")"}},"inner":{"!":"com.github.javaparser.ast.expr.CastExpr","range":{"beginLine":23,"beginColumn":52,"endLine":23,"endColumn":82},"tokenRange":{"beginToken":{"kind":97,"text":"("},"endToken":{"kind":98,"text":")"}},"expression":{"!":"com.github.javaparser.ast.expr.MethodCallExpr","range":{"beginLine":23,"beginColumn":64,"endLine":23,"endColumn":82},"tokenRange":{"beginToken":{"kind":94,"text":"resultList"},"endToken":{"kind":98,"text":")"}},"arguments":[{"!":"com.github.javaparser.ast.expr.IntegerLiteralExpr","range":{"beginLine":23,"beginColumn":80,"endLine":23,"endColumn":80},"tokenRange":{"beginToken":{"kind":77,"text":"0"},"endToken":{"kind":77,"text":"0"}},"value":"0"}],"name":{"!":"com.github.javaparser.ast.expr.SimpleName","range":{"beginLine":23,"beginColumn":75,"endLine":23,"endColumn":77},"tokenRange":{"beginToken":{"kind":94,"text":"get"},"endToken":{"kind":94,"text":"get"}},"identifier":"get"},"scope":{"!":"com.github.javaparser.ast.expr.NameExpr","range":{"beginLine":23,"beginColumn":64,"endLine":23,"endColumn":73},"tokenRange":{"beginToken":{"kind":94,"text":"resultList"},"endToken":{"kind":94,"text":"resultList"}},"name":{"!":"com.github.javaparser.ast.expr.SimpleName","range":{"beginLine":23,"beginColumn":64,"endLine":23,"endColumn":73},"tokenRange":{"beginToken":{"kind":94,"text":"resultList"},"endToken":{"kind":94,"text":"resultList"}},"identifier":"resultList"}}},"type":{"!":"com.github.javaparser.ast.type.ClassOrInterfaceType","range":{"beginLine":23,"beginColumn":54,"endLine":23,"endColumn":60},"tokenRange":{"beginToken":{"kind":94,"text":"Student"},"endToken":{"kind":94,"text":"Student"}},"name":{"!":"com.github.javaparser.ast.expr.SimpleName","range":{"beginLine":23,"beginColumn":54,"endLine":23,"endColumn":60},"tokenRange":{"beginToken":{"kind":94,"text":"Student"},"endToken":{"kind":94,"text":"Student"}},"identifier":"Student"},"annotations":[]}}}}],"name":{"!":"com.github.javaparser.ast.expr.SimpleName","range":{"beginLine":23,"beginColumn":6,"endLine":23,"endColumn":17},"tokenRange":{"beginToken":{"kind":94,"text":"assertEquals"},"endToken":{"kind":94,"text":"assertEquals"}},"identifier":"assertEquals"}}},{"!":"com.github.javaparser.ast.stmt.ExpressionStmt","range":{"beginLine":24,"beginColumn":6,"endLine":24,"endColumn":98},"tokenRange":{"beginToken":{"kind":94,"text":"assertTrue"},"endToken":{"kind":103,"text":";"}},"expression":{"!":"com.github.javaparser.ast.expr.MethodCallExpr","range":{"beginLine":24,"beginColumn":6,"endLine":24,"endColumn":97},"tokenRange":{"beginToken":{"kind":94,"text":"assertTrue"},"endToken":{"kind":98,"text":")"}},"arguments":[{"!":"com.github.javaparser.ast.expr.MethodCallExpr","range":{"beginLine":24,"beginColumn":18,"endLine":24,"endColumn":95},"tokenRange":{"beginToken":{"kind":94,"text":"Hibernate"},"endToken":{"kind":98,"text":")"}},"arguments":[{"!":"com.github.javaparser.ast.expr.MethodCallExpr","range":{"beginLine":24,"beginColumn":43,"endLine":24,"endColumn":93},"tokenRange":{"beginToken":{"kind":97,"text":"("},"endToken":{"kind":98,"text":")"}},"arguments":[],"name":{"!":"com.github.javaparser.ast.expr.SimpleName","range":{"beginLine":24,"beginColumn":79,"endLine":24,"endColumn":91},"tokenRange":{"beginToken":{"kind":94,"text":"getEnrolments"},"endToken":{"kind":94,"text":"getEnrolments"}},"identifier":"getEnrolments"},"scope":{"!":"com.github.javaparser.ast.expr.EnclosedExpr","range":{"beginLine":24,"beginColumn":43,"endLine":24,"endColumn":77},"tokenRange":{"beginToken":{"kind":97,"text":"("},"endToken":{"kind":98,"text":")"}},"inner":{"!":"com.github.javaparser.ast.expr.CastExpr","range":{"beginLine":24,"beginColumn":45,"endLine":24,"endColumn":75},"tokenRange":{"beginToken":{"kind":97,"text":"("},"endToken":{"kind":98,"text":")"}},"expression":{"!":"com.github.javaparser.ast.expr.MethodCallExpr","range":{"beginLine":24,"beginColumn":57,"endLine":24,"endColumn":75},"tokenRange":{"beginToken":{"kind":94,"text":"resultList"},"endToken":{"kind":98,"text":")"}},"arguments":[{"!":"com.github.javaparser.ast.expr.IntegerLiteralExpr","range":{"beginLine":24,"beginColumn":73,"endLine":24,"endColumn":73},"tokenRange":{"beginToken":{"kind":77,"text":"1"},"endToken":{"kind":77,"text":"1"}},"value":"1"}],"name":{"!":"com.github.javaparser.ast.expr.SimpleName","range":{"beginLine":24,"beginColumn":68,"endLine":24,"endColumn":70},"tokenRange":{"beginToken":{"kind":94,"text":"get"},"endToken":{"kind":94,"text":"get"}},"identifier":"get"},"scope":{"!":"com.github.javaparser.ast.expr.NameExpr","range":{"beginLine":24,"beginColumn":57,"endLine":24,"endColumn":66},"tokenRange":{"beginToken":{"kind":94,"text":"resultList"},"endToken":{"kind":94,"text":"resultList"}},"name":{"!":"com.github.javaparser.ast.expr.SimpleName","range":{"beginLine":24,"beginColumn":57,"endLine":24,"endColumn":66},"tokenRange":{"beginToken":{"kind":94,"text":"resultList"},"endToken":{"kind":94,"text":"resultList"}},"identifier":"resultList"}}},"type":{"!":"com.github.javaparser.ast.type.ClassOrInterfaceType","range":{"beginLine":24,"beginColumn":47,"endLine":24,"endColumn":53},"tokenRange":{"beginToken":{"kind":94,"text":"Student"},"endToken":{"kind":94,"text":"Student"}},"name":{"!":"com.github.javaparser.ast.expr.SimpleName","range":{"beginLine":24,"beginColumn":47,"endLine":24,"endColumn":53},"tokenRange":{"beginToken":{"kind":94,"text":"Student"},"endToken":{"kind":94,"text":"Student"}},"identifier":"Student"},"annotations":[]}}}}],"name":{"!":"com.github.javaparser.ast.expr.SimpleName","range":{"beginLine":24,"beginColumn":28,"endLine":24,"endColumn":40},"tokenRange":{"beginToken":{"kind":94,"text":"isInitialized"},"endToken":{"kind":94,"text":"isInitialized"}},"identifier":"isInitialized"},"scope":{"!":"com.github.javaparser.ast.expr.NameExpr","range":{"beginLine":24,"beginColumn":18,"endLine":24,"endColumn":26},"tokenRange":{"beginToken":{"kind":94,"text":"Hibernate"},"endToken":{"kind":94,"text":"Hibernate"}},"name":{"!":"com.github.javaparser.ast.expr.SimpleName","range":{"beginLine":24,"beginColumn":18,"endLine":24,"endColumn":26},"tokenRange":{"beginToken":{"kind":94,"text":"Hibernate"},"endToken":{"kind":94,"text":"Hibernate"}},"identifier":"Hibernate"}}}],"name":{"!":"com.github.javaparser.ast.expr.SimpleName","range":{"beginLine":24,"beginColumn":6,"endLine":24,"endColumn":15},"tokenRange":{"beginToken":{"kind":94,"text":"assertTrue"},"endToken":{"kind":94,"text":"assertTrue"}},"identifier":"assertTrue"}}},{"!":"com.github.javaparser.ast.stmt.ExpressionStmt","range":{"beginLine":25,"beginColumn":6,"endLine":25,"endColumn":110},"tokenRange":{"beginToken":{"kind":94,"text":"assertEquals"},"endToken":{"kind":103,"text":";"}},"expression":{"!":"com.github.javaparser.ast.expr.MethodCallExpr","range":{"beginLine":25,"beginColumn":6,"endLine":25,"endColumn":109},"tokenRange":{"beginToken":{"kind":94,"text":"assertEquals"},"endToken":{"kind":98,"text":")"}},"arguments":[{"!":"com.github.javaparser.ast.expr.MethodCallExpr","range":{"beginLine":25,"beginColumn":20,"endLine":25,"endColumn":50},"tokenRange":{"beginToken":{"kind":94,"text":"shermanExpected"},"endToken":{"kind":98,"text":")"}},"arguments":[],"name":{"!":"com.github.javaparser.ast.expr.SimpleName","range":{"beginLine":25,"beginColumn":36,"endLine":25,"endColumn":48},"tokenRange":{"beginToken":{"kind":94,"text":"getEnrolments"},"endToken":{"kind":94,"text":"getEnrolments"}},"identifier":"getEnrolments"},"scope":{"!":"com.github.javaparser.ast.expr.NameExpr","range":{"beginLine":25,"beginColumn":20,"endLine":25,"endColumn":34},"tokenRange":{"beginToken":{"kind":94,"text":"shermanExpected"},"endToken":{"kind":94,"text":"shermanExpected"}},"name":{"!":"com.github.javaparser.ast.expr.SimpleName","range":{"beginLine":25,"beginColumn":20,"endLine":25,"endColumn":34},"tokenRange":{"beginToken":{"kind":94,"text":"shermanExpected"},"endToken":{"kind":94,"text":"shermanExpected"}},"identifier":"shermanExpected"}}},{"!":"com.github.javaparser.ast.expr.EnclosedExpr","range":{"beginLine":25,"beginColumn":53,"endLine":25,"endColumn":107},"tokenRange":{"beginToken":{"kind":97,"text":"("},"endToken":{"kind":98,"text":")"}},"inner":{"!":"com.github.javaparser.ast.expr.MethodCallExpr","range":{"beginLine":25,"beginColumn":55,"endLine":25,"endColumn":105},"tokenRange":{"beginToken":{"kind":97,"text":"("},"endToken":{"kind":98,"text":")"}},"arguments":[],"name":{"!":"com.github.javaparser.ast.expr.SimpleName","range":{"beginLine":25,"beginColumn":91,"endLine":25,"endColumn":103},"tokenRange":{"beginToken":{"kind":94,"text":"getEnrolments"},"endToken":{"kind":94,"text":"getEnrolments"}},"identifier":"getEnrolments"},"scope":{"!":"com.github.javaparser.ast.expr.EnclosedExpr","range":{"beginLine":25,"beginColumn":55,"endLine":25,"endColumn":89},"tokenRange":{"beginToken":{"kind":97,"text":"("},"endToken":{"kind":98,"text":")"}},"inner":{"!":"com.github.javaparser.ast.expr.CastExpr","range":{"beginLine":25,"beginColumn":57,"endLine":25,"endColumn":87},"tokenRange":{"beginToken":{"kind":97,"text":"("},"endToken":{"kind":98,"text":")"}},"expression":{"!":"com.github.javaparser.ast.expr.MethodCallExpr","range":{"beginLine":25,"beginColumn":69,"endLine":25,"endColumn":87},"tokenRange":{"beginToken":{"kind":94,"text":"resultList"},"endToken":{"kind":98,"text":")"}},"arguments":[{"!":"com.github.javaparser.ast.expr.IntegerLiteralExpr","range":{"beginLine":25,"beginColumn":85,"endLine":25,"endColumn":85},"tokenRange":{"beginToken":{"kind":77,"text":"1"},"endToken":{"kind":77,"text":"1"}},"value":"1"}],"name":{"!":"com.github.javaparser.ast.expr.SimpleName","range":{"beginLine":25,"beginColumn":80,"endLine":25,"endColumn":82},"tokenRange":{"beginToken":{"kind":94,"text":"get"},"endToken":{"kind":94,"text":"get"}},"identifier":"get"},"scope":{"!":"com.github.javaparser.ast.expr.NameExpr","range":{"beginLine":25,"beginColumn":69,"endLine":25,"endColumn":78},"tokenRange":{"beginToken":{"kind":94,"text":"resultList"},"endToken":{"kind":94,"text":"resultList"}},"name":{"!":"com.github.javaparser.ast.expr.SimpleName","range":{"beginLine":25,"beginColumn":69,"endLine":25,"endColumn":78},"tokenRange":{"beginToken":{"kind":94,"text":"resultList"},"endToken":{"kind":94,"text":"resultList"}},"identifier":"resultList"}}},"type":{"!":"com.github.javaparser.ast.type.ClassOrInterfaceType","range":{"beginLine":25,"beginColumn":59,"endLine":25,"endColumn":65},"tokenRange":{"beginToken":{"kind":94,"text":"Student"},"endToken":{"kind":94,"text":"Student"}},"name":{"!":"com.github.javaparser.ast.expr.SimpleName","range":{"beginLine":25,"beginColumn":59,"endLine":25,"endColumn":65},"tokenRange":{"beginToken":{"kind":94,"text":"Student"},"endToken":{"kind":94,"text":"Student"}},"identifier":"Student"},"annotations":[]}}}}}],"name":{"!":"com.github.javaparser.ast.expr.SimpleName","range":{"beginLine":25,"beginColumn":6,"endLine":25,"endColumn":17},"tokenRange":{"beginToken":{"kind":94,"text":"assertEquals"},"endToken":{"kind":94,"text":"assertEquals"}},"identifier":"assertEquals"}}}]}}]},"type":{"!":"com.github.javaparser.ast.type.VoidType","range":{"beginLine":11,"beginColumn":11,"endLine":11,"endColumn":14},"tokenRange":{"beginToken":{"kind":62,"text":"void"},"endToken":{"kind":62,"text":"void"}},"annotations":[]},"modifiers":[{"!":"com.github.javaparser.ast.Modifier","range":{"beginLine":11,"beginColumn":4,"endLine":11,"endColumn":9},"tokenRange":{"beginToken":{"kind":47,"text":"public"},"endToken":{"kind":47,"text":"public"}},"keyword":"PUBLIC"}],"name":{"!":"com.github.javaparser.ast.expr.SimpleName","range":{"beginLine":11,"beginColumn":16,"endLine":11,"endColumn":20},"tokenRange":{"beginToken":{"kind":94,"text":"check"},"endToken":{"kind":94,"text":"check"}},"identifier":"check"},"parameters":[{"!":"com.github.javaparser.ast.body.Parameter","range":{"beginLine":11,"beginColumn":22,"endLine":11,"endColumn":35},"tokenRange":{"beginToken":{"kind":94,"text":"Object"},"endToken":{"kind":94,"text":"results"}},"annotations":[],"isVarArgs":"false","modifiers":[],"name":{"!":"com.github.javaparser.ast.expr.SimpleName","range":{"beginLine":11,"beginColumn":29,"endLine":11,"endColumn":35},"tokenRange":{"beginToken":{"kind":94,"text":"results"},"endToken":{"kind":94,"text":"results"}},"identifier":"results"},"type":{"!":"com.github.javaparser.ast.type.ClassOrInterfaceType","range":{"beginLine":11,"beginColumn":22,"endLine":11,"endColumn":27},"tokenRange":{"beginToken":{"kind":94,"text":"Object"},"endToken":{"kind":94,"text":"Object"}},"name":{"!":"com.github.javaparser.ast.expr.SimpleName","range":{"beginLine":11,"beginColumn":22,"endLine":11,"endColumn":27},"tokenRange":{"beginToken":{"kind":94,"text":"Object"},"endToken":{"kind":94,"text":"Object"}},"identifier":"Object"},"annotations":[]},"varArgsAnnotations":[]}],"thrownExceptions":[],"typeParameters":[],"annotations":[]}],"arguments":[],"type":{"!":"com.github.javaparser.ast.type.ClassOrInterfaceType","range":{"beginLine":10,"beginColumn":31,"endLine":10,"endColumn":43},"tokenRange":{"beginToken":{"kind":94,"text":"ResultChecker"},"endToken":{"kind":94,"text":"ResultChecker"}},"name":{"!":"com.github.javaparser.ast.expr.SimpleName","range":{"beginLine":10,"beginColumn":31,"endLine":10,"endColumn":43},"tokenRange":{"beginToken":{"kind":94,"text":"ResultChecker"},"endToken":{"kind":94,"text":"ResultChecker"}},"identifier":"ResultChecker"},"annotations":[]}},"name":{"!":"com.github.javaparser.ast.expr.SimpleName","range":{"beginLine":10,"beginColumn":17,"endLine":10,"endColumn":23},"tokenRange":{"beginToken":{"kind":94,"text":"checker"},"endToken":{"kind":94,"text":"checker"}},"identifier":"checker"},"type":{"!":"com.github.javaparser.ast.type.ClassOrInterfaceType","range":{"beginLine":10,"beginColumn":3,"endLine":10,"endColumn":15},"tokenRange":{"beginToken":{"kind":94,"text":"ResultChecker"},"endToken":{"kind":94,"text":"ResultChecker"}},"name":{"!":"com.github.javaparser.ast.expr.SimpleName","range":{"beginLine":10,"beginColumn":3,"endLine":10,"endColumn":15},"tokenRange":{"beginToken":{"kind":94,"text":"ResultChecker"},"endToken":{"kind":94,"text":"ResultChecker"}},"identifier":"ResultChecker"},"annotations":[]}}]}},{"!":"com.github.javaparser.ast.stmt.ExpressionStmt","range":{"beginLine":30,"beginColumn":3,"endLine":30,"endColumn":46},"tokenRange":{"beginToken":{"kind":94,"text":"runTest"},"endToken":{"kind":103,"text":";"}},"expression":{"!":"com.github.javaparser.ast.expr.MethodCallExpr","range":{"beginLine":30,"beginColumn":3,"endLine":30,"endColumn":45},"tokenRange":{"beginToken":{"kind":94,"text":"runTest"},"endToken":{"kind":98,"text":")"}},"arguments":[{"!":"com.github.javaparser.ast.expr.NameExpr","range":{"beginLine":30,"beginColumn":12,"endLine":30,"endColumn":22},"tokenRange":{"beginToken":{"kind":94,"text":"hqlExecutor"},"endToken":{"kind":94,"text":"hqlExecutor"}},"name":{"!":"com.github.javaparser.ast.expr.SimpleName","range":{"beginLine":30,"beginColumn":12,"endLine":30,"endColumn":22},"tokenRange":{"beginToken":{"kind":94,"text":"hqlExecutor"},"endToken":{"kind":94,"text":"hqlExecutor"}},"identifier":"hqlExecutor"}},{"!":"com.github.javaparser.ast.expr.NullLiteralExpr","range":{"beginLine":30,"beginColumn":25,"endLine":30,"endColumn":28},"tokenRange":{"beginToken":{"kind":43,"text":"null"},"endToken":{"kind":43,"text":"null"}}},{"!":"com.github.javaparser.ast.expr.NameExpr","range":{"beginLine":30,"beginColumn":31,"endLine":30,"endColumn":37},"tokenRange":{"beginToken":{"kind":94,"text":"checker"},"endToken":{"kind":94,"text":"checker"}},"name":{"!":"com.github.javaparser.ast.expr.SimpleName","range":{"beginLine":30,"beginColumn":31,"endLine":30,"endColumn":37},"tokenRange":{"beginToken":{"kind":94,"text":"checker"},"endToken":{"kind":94,"text":"checker"}},"identifier":"checker"}},{"!":"com.github.javaparser.ast.expr.BooleanLiteralExpr","range":{"beginLine":30,"beginColumn":40,"endLine":30,"endColumn":44},"tokenRange":{"beginToken":{"kind":28,"text":"false"},"endToken":{"kind":28,"text":"false"}},"value":"false"}],"name":{"!":"com.github.javaparser.ast.expr.SimpleName","range":{"beginLine":30,"beginColumn":3,"endLine":30,"endColumn":9},"tokenRange":{"beginToken":{"kind":94,"text":"runTest"},"endToken":{"kind":94,"text":"runTest"}},"identifier":"runTest"}}}]},"type":{"!":"com.github.javaparser.ast.type.VoidType","range":{"beginLine":3,"beginColumn":9,"endLine":3,"endColumn":12},"tokenRange":{"beginToken":{"kind":62,"text":"void"},"endToken":{"kind":62,"text":"void"}},"annotations":[]},"modifiers":[{"!":"com.github.javaparser.ast.Modifier","range":{"beginLine":3,"beginColumn":2,"endLine":3,"endColumn":7},"tokenRange":{"beginToken":{"kind":47,"text":"public"},"endToken":{"kind":47,"text":"public"}},"keyword":"PUBLIC"}],"name":{"!":"com.github.javaparser.ast.expr.SimpleName","range":{"beginLine":3,"beginColumn":14,"endLine":3,"endColumn":78},"tokenRange":{"beginToken":{"kind":94,"text":"testEntityWithAliasedJoinFetchedLazyOneToManySingleElementListHql"},"endToken":{"kind":94,"text":"testEntityWithAliasedJoinFetchedLazyOneToManySingleElementListHql"}},"identifier":"testEntityWithAliasedJoinFetchedLazyOneToManySingleElementListHql"},"parameters":[],"thrownExceptions":[{"!":"com.github.javaparser.ast.type.ClassOrInterfaceType","range":{"beginLine":3,"beginColumn":89,"endLine":3,"endColumn":97},"tokenRange":{"beginToken":{"kind":94,"text":"Exception"},"endToken":{"kind":94,"text":"Exception"}},"name":{"!":"com.github.javaparser.ast.expr.SimpleName","range":{"beginLine":3,"beginColumn":89,"endLine":3,"endColumn":97},"tokenRange":{"beginToken":{"kind":94,"text":"Exception"},"endToken":{"kind":94,"text":"Exception"}},"identifier":"Exception"},"annotations":[]}],"typeParameters":[],"annotations":[{"!":"com.github.javaparser.ast.expr.MarkerAnnotationExpr","range":{"beginLine":2,"beginColumn":2,"endLine":2,"endColumn":6},"tokenRange":{"beginToken":{"kind":107,"text":"@"},"endToken":{"kind":94,"text":"Test"}},"name":{"!":"com.github.javaparser.ast.expr.Name","range":{"beginLine":2,"beginColumn":3,"endLine":2,"endColumn":6},"tokenRange":{"beginToken":{"kind":94,"text":"Test"},"endToken":{"kind":94,"text":"Test"}},"identifier":"Test"}}]}],"modifiers":[],"name":{"!":"com.github.javaparser.ast.expr.SimpleName","range":{"beginLine":1,"beginColumn":7,"endLine":1,"endColumn":10},"tokenRange":{"beginToken":{"kind":94,"text":"Test"},"endToken":{"kind":94,"text":"Test"}},"identifier":"Test"},"annotations":[]}]}