{"!":"com.github.javaparser.ast.CompilationUnit","range":{"beginLine":1,"beginColumn":1,"endLine":14,"endColumn":2},"tokenRange":{"beginToken":{"kind":19,"text":"class"},"endToken":{"kind":0,"text":""}},"imports":[],"types":[{"!":"com.github.javaparser.ast.body.ClassOrInterfaceDeclaration","range":{"beginLine":1,"beginColumn":1,"endLine":14,"endColumn":2},"tokenRange":{"beginToken":{"kind":19,"text":"class"},"endToken":{"kind":100,"text":"}"}},"extendedTypes":[],"implementedTypes":[],"isInterface":"false","typeParameters":[],"members":[{"!":"com.github.javaparser.ast.body.ConstructorDeclaration","range":{"beginLine":2,"beginColumn":2,"endLine":12,"endColumn":2},"tokenRange":{"beginToken":{"kind":47,"text":"public"},"endToken":{"kind":100,"text":"}"}},"body":{"!":"com.github.javaparser.ast.stmt.BlockStmt","range":{"beginLine":2,"beginColumn":60,"endLine":12,"endColumn":2},"tokenRange":{"beginToken":{"kind":99,"text":"{"},"endToken":{"kind":100,"text":"}"}},"statements":[{"!":"com.github.javaparser.ast.stmt.ExpressionStmt","range":{"beginLine":3,"beginColumn":3,"endLine":5,"endColumn":58},"tokenRange":{"beginToken":{"kind":56,"text":"this"},"endToken":{"kind":103,"text":";"}},"expression":{"!":"com.github.javaparser.ast.expr.AssignExpr","range":{"beginLine":3,"beginColumn":3,"endLine":5,"endColumn":57},"tokenRange":{"beginToken":{"kind":56,"text":"this"},"endToken":{"kind":98,"text":")"}},"operator":"ASSIGN","target":{"!":"com.github.javaparser.ast.expr.FieldAccessExpr","range":{"beginLine":3,"beginColumn":3,"endLine":3,"endColumn":34},"tokenRange":{"beginToken":{"kind":56,"text":"this"},"endToken":{"kind":94,"text":"entityReferenceInitializers"}},"name":{"!":"com.github.javaparser.ast.expr.SimpleName","range":{"beginLine":3,"beginColumn":8,"endLine":3,"endColumn":34},"tokenRange":{"beginToken":{"kind":94,"text":"entityReferenceInitializers"},"endToken":{"kind":94,"text":"entityReferenceInitializers"}},"identifier":"entityReferenceInitializers"},"scope":{"!":"com.github.javaparser.ast.expr.ThisExpr","range":{"beginLine":3,"beginColumn":3,"endLine":3,"endColumn":6},"tokenRange":{"beginToken":{"kind":56,"text":"this"},"endToken":{"kind":56,"text":"this"}}}},"value":{"!":"com.github.javaparser.ast.expr.ConditionalExpr","range":{"beginLine":3,"beginColumn":38,"endLine":5,"endColumn":57},"tokenRange":{"beginToken":{"kind":94,"text":"readerCollector"},"endToken":{"kind":98,"text":")"}},"condition":{"!":"com.github.javaparser.ast.expr.BinaryExpr","range":{"beginLine":3,"beginColumn":38,"endLine":3,"endColumn":93},"tokenRange":{"beginToken":{"kind":94,"text":"readerCollector"},"endToken":{"kind":43,"text":"null"}},"left":{"!":"com.github.javaparser.ast.expr.MethodCallExpr","range":{"beginLine":3,"beginColumn":38,"endLine":3,"endColumn":85},"tokenRange":{"beginToken":{"kind":94,"text":"readerCollector"},"endToken":{"kind":98,"text":")"}},"arguments":[],"name":{"!":"com.github.javaparser.ast.expr.SimpleName","range":{"beginLine":3,"beginColumn":54,"endLine":3,"endColumn":83},"tokenRange":{"beginToken":{"kind":94,"text":"getEntityReferenceInitializers"},"endToken":{"kind":94,"text":"getEntityReferenceInitializers"}},"identifier":"getEntityReferenceInitializers"},"scope":{"!":"com.github.javaparser.ast.expr.NameExpr","range":{"beginLine":3,"beginColumn":38,"endLine":3,"endColumn":52},"tokenRange":{"beginToken":{"kind":94,"text":"readerCollector"},"endToken":{"kind":94,"text":"readerCollector"}},"name":{"!":"com.github.javaparser.ast.expr.SimpleName","range":{"beginLine":3,"beginColumn":38,"endLine":3,"endColumn":52},"tokenRange":{"beginToken":{"kind":94,"text":"readerCollector"},"endToken":{"kind":94,"text":"readerCollector"}},"identifier":"readerCollector"}}},"operator":"NOT_EQUALS","right":{"!":"com.github.javaparser.ast.expr.NullLiteralExpr","range":{"beginLine":3,"beginColumn":90,"endLine":3,"endColumn":93},"tokenRange":{"beginToken":{"kind":43,"text":"null"},"endToken":{"kind":43,"text":"null"}}}},"elseExpr":{"!":"com.github.javaparser.ast.expr.MethodCallExpr","range":{"beginLine":5,"beginColumn":7,"endLine":5,"endColumn":57},"tokenRange":{"beginToken":{"kind":94,"text":"Collections"},"endToken":{"kind":98,"text":")"}},"arguments":[],"name":{"!":"com.github.javaparser.ast.expr.SimpleName","range":{"beginLine":5,"beginColumn":47,"endLine":5,"endColumn":55},"tokenRange":{"beginToken":{"kind":94,"text":"emptyList"},"endToken":{"kind":94,"text":"emptyList"}},"identifier":"emptyList"},"scope":{"!":"com.github.javaparser.ast.expr.NameExpr","range":{"beginLine":5,"beginColumn":7,"endLine":5,"endColumn":17},"tokenRange":{"beginToken":{"kind":94,"text":"Collections"},"endToken":{"kind":94,"text":"Collections"}},"name":{"!":"com.github.javaparser.ast.expr.SimpleName","range":{"beginLine":5,"beginColumn":7,"endLine":5,"endColumn":17},"tokenRange":{"beginToken":{"kind":94,"text":"Collections"},"endToken":{"kind":94,"text":"Collections"}},"identifier":"Collections"}},"typeArguments":[{"!":"com.github.javaparser.ast.type.ClassOrInterfaceType","range":{"beginLine":5,"beginColumn":20,"endLine":5,"endColumn":45},"tokenRange":{"beginToken":{"kind":94,"text":"EntityReferenceInitializer"},"endToken":{"kind":94,"text":"EntityReferenceInitializer"}},"name":{"!":"com.github.javaparser.ast.expr.SimpleName","range":{"beginLine":5,"beginColumn":20,"endLine":5,"endColumn":45},"tokenRange":{"beginToken":{"kind":94,"text":"EntityReferenceInitializer"},"endToken":{"kind":94,"text":"EntityReferenceInitializer"}},"identifier":"EntityReferenceInitializer"},"annotations":[]}]},"thenExpr":{"!":"com.github.javaparser.ast.expr.ObjectCreationExpr","range":{"beginLine":4,"beginColumn":7,"endLine":4,"endColumn":99},"tokenRange":{"beginToken":{"kind":42,"text":"new"},"endToken":{"kind":98,"text":")"}},"arguments":[{"!":"com.github.javaparser.ast.expr.MethodCallExpr","range":{"beginLine":4,"beginColumn":50,"endLine":4,"endColumn":97},"tokenRange":{"beginToken":{"kind":94,"text":"readerCollector"},"endToken":{"kind":98,"text":")"}},"arguments":[],"name":{"!":"com.github.javaparser.ast.expr.SimpleName","range":{"beginLine":4,"beginColumn":66,"endLine":4,"endColumn":95},"tokenRange":{"beginToken":{"kind":94,"text":"getEntityReferenceInitializers"},"endToken":{"kind":94,"text":"getEntityReferenceInitializers"}},"identifier":"getEntityReferenceInitializers"},"scope":{"!":"com.github.javaparser.ast.expr.NameExpr","range":{"beginLine":4,"beginColumn":50,"endLine":4,"endColumn":64},"tokenRange":{"beginToken":{"kind":94,"text":"readerCollector"},"endToken":{"kind":94,"text":"readerCollector"}},"name":{"!":"com.github.javaparser.ast.expr.SimpleName","range":{"beginLine":4,"beginColumn":50,"endLine":4,"endColumn":64},"tokenRange":{"beginToken":{"kind":94,"text":"readerCollector"},"endToken":{"kind":94,"text":"readerCollector"}},"identifier":"readerCollector"}}}],"type":{"!":"com.github.javaparser.ast.type.ClassOrInterfaceType","range":{"beginLine":4,"beginColumn":11,"endLine":4,"endColumn":47},"tokenRange":{"beginToken":{"kind":94,"text":"ArrayList"},"endToken":{"kind":146,"text":">"}},"name":{"!":"com.github.javaparser.ast.expr.SimpleName","range":{"beginLine":4,"beginColumn":11,"endLine":4,"endColumn":19},"tokenRange":{"beginToken":{"kind":94,"text":"ArrayList"},"endToken":{"kind":94,"text":"ArrayList"}},"identifier":"ArrayList"},"typeArguments":[{"!":"com.github.javaparser.ast.type.ClassOrInterfaceType","range":{"beginLine":4,"beginColumn":21,"endLine":4,"endColumn":46},"tokenRange":{"beginToken":{"kind":94,"text":"EntityReferenceInitializer"},"endToken":{"kind":94,"text":"EntityReferenceInitializer"}},"name":{"!":"com.github.javaparser.ast.expr.SimpleName","range":{"beginLine":4,"beginColumn":21,"endLine":4,"endColumn":46},"tokenRange":{"beginToken":{"kind":94,"text":"EntityReferenceInitializer"},"endToken":{"kind":94,"text":"EntityReferenceInitializer"}},"identifier":"EntityReferenceInitializer"},"annotations":[]}],"annotations":[]}}}}},{"!":"com.github.javaparser.ast.stmt.ExpressionStmt","range":{"beginLine":6,"beginColumn":3,"endLine":8,"endColumn":62},"tokenRange":{"beginToken":{"kind":56,"text":"this"},"endToken":{"kind":103,"text":";"}},"expression":{"!":"com.github.javaparser.ast.expr.AssignExpr","range":{"beginLine":6,"beginColumn":3,"endLine":8,"endColumn":61},"tokenRange":{"beginToken":{"kind":56,"text":"this"},"endToken":{"kind":98,"text":")"}},"operator":"ASSIGN","target":{"!":"com.github.javaparser.ast.expr.FieldAccessExpr","range":{"beginLine":6,"beginColumn":3,"endLine":6,"endColumn":33},"tokenRange":{"beginToken":{"kind":56,"text":"this"},"endToken":{"kind":94,"text":"arrayReferenceInitializers"}},"name":{"!":"com.github.javaparser.ast.expr.SimpleName","range":{"beginLine":6,"beginColumn":8,"endLine":6,"endColumn":33},"tokenRange":{"beginToken":{"kind":94,"text":"arrayReferenceInitializers"},"endToken":{"kind":94,"text":"arrayReferenceInitializers"}},"identifier":"arrayReferenceInitializers"},"scope":{"!":"com.github.javaparser.ast.expr.ThisExpr","range":{"beginLine":6,"beginColumn":3,"endLine":6,"endColumn":6},"tokenRange":{"beginToken":{"kind":56,"text":"this"},"endToken":{"kind":56,"text":"this"}}}},"value":{"!":"com.github.javaparser.ast.expr.ConditionalExpr","range":{"beginLine":6,"beginColumn":37,"endLine":8,"endColumn":61},"tokenRange":{"beginToken":{"kind":94,"text":"readerCollector"},"endToken":{"kind":98,"text":")"}},"condition":{"!":"com.github.javaparser.ast.expr.BinaryExpr","range":{"beginLine":6,"beginColumn":37,"endLine":6,"endColumn":91},"tokenRange":{"beginToken":{"kind":94,"text":"readerCollector"},"endToken":{"kind":43,"text":"null"}},"left":{"!":"com.github.javaparser.ast.expr.MethodCallExpr","range":{"beginLine":6,"beginColumn":37,"endLine":6,"endColumn":83},"tokenRange":{"beginToken":{"kind":94,"text":"readerCollector"},"endToken":{"kind":98,"text":")"}},"arguments":[],"name":{"!":"com.github.javaparser.ast.expr.SimpleName","range":{"beginLine":6,"beginColumn":53,"endLine":6,"endColumn":81},"tokenRange":{"beginToken":{"kind":94,"text":"getArrayReferenceInitializers"},"endToken":{"kind":94,"text":"getArrayReferenceInitializers"}},"identifier":"getArrayReferenceInitializers"},"scope":{"!":"com.github.javaparser.ast.expr.NameExpr","range":{"beginLine":6,"beginColumn":37,"endLine":6,"endColumn":51},"tokenRange":{"beginToken":{"kind":94,"text":"readerCollector"},"endToken":{"kind":94,"text":"readerCollector"}},"name":{"!":"com.github.javaparser.ast.expr.SimpleName","range":{"beginLine":6,"beginColumn":37,"endLine":6,"endColumn":51},"tokenRange":{"beginToken":{"kind":94,"text":"readerCollector"},"endToken":{"kind":94,"text":"readerCollector"}},"identifier":"readerCollector"}}},"operator":"NOT_EQUALS","right":{"!":"com.github.javaparser.ast.expr.NullLiteralExpr","range":{"beginLine":6,"beginColumn":88,"endLine":6,"endColumn":91},"tokenRange":{"beginToken":{"kind":43,"text":"null"},"endToken":{"kind":43,"text":"null"}}}},"elseExpr":{"!":"com.github.javaparser.ast.expr.MethodCallExpr","range":{"beginLine":8,"beginColumn":7,"endLine":8,"endColumn":61},"tokenRange":{"beginToken":{"kind":94,"text":"Collections"},"endToken":{"kind":98,"text":")"}},"arguments":[],"name":{"!":"com.github.javaparser.ast.expr.SimpleName","range":{"beginLine":8,"beginColumn":51,"endLine":8,"endColumn":59},"tokenRange":{"beginToken":{"kind":94,"text":"emptyList"},"endToken":{"kind":94,"text":"emptyList"}},"identifier":"emptyList"},"scope":{"!":"com.github.javaparser.ast.expr.NameExpr","range":{"beginLine":8,"beginColumn":7,"endLine":8,"endColumn":17},"tokenRange":{"beginToken":{"kind":94,"text":"Collections"},"endToken":{"kind":94,"text":"Collections"}},"name":{"!":"com.github.javaparser.ast.expr.SimpleName","range":{"beginLine":8,"beginColumn":7,"endLine":8,"endColumn":17},"tokenRange":{"beginToken":{"kind":94,"text":"Collections"},"endToken":{"kind":94,"text":"Collections"}},"identifier":"Collections"}},"typeArguments":[{"!":"com.github.javaparser.ast.type.ClassOrInterfaceType","range":{"beginLine":8,"beginColumn":20,"endLine":8,"endColumn":49},"tokenRange":{"beginToken":{"kind":94,"text":"CollectionReferenceInitializer"},"endToken":{"kind":94,"text":"CollectionReferenceInitializer"}},"name":{"!":"com.github.javaparser.ast.expr.SimpleName","range":{"beginLine":8,"beginColumn":20,"endLine":8,"endColumn":49},"tokenRange":{"beginToken":{"kind":94,"text":"CollectionReferenceInitializer"},"endToken":{"kind":94,"text":"CollectionReferenceInitializer"}},"identifier":"CollectionReferenceInitializer"},"annotations":[]}]},"thenExpr":{"!":"com.github.javaparser.ast.expr.ObjectCreationExpr","range":{"beginLine":7,"beginColumn":7,"endLine":7,"endColumn":102},"tokenRange":{"beginToken":{"kind":42,"text":"new"},"endToken":{"kind":98,"text":")"}},"arguments":[{"!":"com.github.javaparser.ast.expr.MethodCallExpr","range":{"beginLine":7,"beginColumn":54,"endLine":7,"endColumn":100},"tokenRange":{"beginToken":{"kind":94,"text":"readerCollector"},"endToken":{"kind":98,"text":")"}},"arguments":[],"name":{"!":"com.github.javaparser.ast.expr.SimpleName","range":{"beginLine":7,"beginColumn":70,"endLine":7,"endColumn":98},"tokenRange":{"beginToken":{"kind":94,"text":"getArrayReferenceInitializers"},"endToken":{"kind":94,"text":"getArrayReferenceInitializers"}},"identifier":"getArrayReferenceInitializers"},"scope":{"!":"com.github.javaparser.ast.expr.NameExpr","range":{"beginLine":7,"beginColumn":54,"endLine":7,"endColumn":68},"tokenRange":{"beginToken":{"kind":94,"text":"readerCollector"},"endToken":{"kind":94,"text":"readerCollector"}},"name":{"!":"com.github.javaparser.ast.expr.SimpleName","range":{"beginLine":7,"beginColumn":54,"endLine":7,"endColumn":68},"tokenRange":{"beginToken":{"kind":94,"text":"readerCollector"},"endToken":{"kind":94,"text":"readerCollector"}},"identifier":"readerCollector"}}}],"type":{"!":"com.github.javaparser.ast.type.ClassOrInterfaceType","range":{"beginLine":7,"beginColumn":11,"endLine":7,"endColumn":51},"tokenRange":{"beginToken":{"kind":94,"text":"ArrayList"},"endToken":{"kind":146,"text":">"}},"name":{"!":"com.github.javaparser.ast.expr.SimpleName","range":{"beginLine":7,"beginColumn":11,"endLine":7,"endColumn":19},"tokenRange":{"beginToken":{"kind":94,"text":"ArrayList"},"endToken":{"kind":94,"text":"ArrayList"}},"identifier":"ArrayList"},"typeArguments":[{"!":"com.github.javaparser.ast.type.ClassOrInterfaceType","range":{"beginLine":7,"beginColumn":21,"endLine":7,"endColumn":50},"tokenRange":{"beginToken":{"kind":94,"text":"CollectionReferenceInitializer"},"endToken":{"kind":94,"text":"CollectionReferenceInitializer"}},"name":{"!":"com.github.javaparser.ast.expr.SimpleName","range":{"beginLine":7,"beginColumn":21,"endLine":7,"endColumn":50},"tokenRange":{"beginToken":{"kind":94,"text":"CollectionReferenceInitializer"},"endToken":{"kind":94,"text":"CollectionReferenceInitializer"}},"identifier":"CollectionReferenceInitializer"},"annotations":[]}],"annotations":[]}}}}},{"!":"com.github.javaparser.ast.stmt.ExpressionStmt","range":{"beginLine":9,"beginColumn":3,"endLine":11,"endColumn":62},"tokenRange":{"beginToken":{"kind":56,"text":"this"},"endToken":{"kind":103,"text":";"}},"expression":{"!":"com.github.javaparser.ast.expr.AssignExpr","range":{"beginLine":9,"beginColumn":3,"endLine":11,"endColumn":61},"tokenRange":{"beginToken":{"kind":56,"text":"this"},"endToken":{"kind":98,"text":")"}},"operator":"ASSIGN","target":{"!":"com.github.javaparser.ast.expr.FieldAccessExpr","range":{"beginLine":9,"beginColumn":3,"endLine":9,"endColumn":38},"tokenRange":{"beginToken":{"kind":56,"text":"this"},"endToken":{"kind":94,"text":"collectionReferenceInitializers"}},"name":{"!":"com.github.javaparser.ast.expr.SimpleName","range":{"beginLine":9,"beginColumn":8,"endLine":9,"endColumn":38},"tokenRange":{"beginToken":{"kind":94,"text":"collectionReferenceInitializers"},"endToken":{"kind":94,"text":"collectionReferenceInitializers"}},"identifier":"collectionReferenceInitializers"},"scope":{"!":"com.github.javaparser.ast.expr.ThisExpr","range":{"beginLine":9,"beginColumn":3,"endLine":9,"endColumn":6},"tokenRange":{"beginToken":{"kind":56,"text":"this"},"endToken":{"kind":56,"text":"this"}}}},"value":{"!":"com.github.javaparser.ast.expr.ConditionalExpr","range":{"beginLine":9,"beginColumn":42,"endLine":11,"endColumn":61},"tokenRange":{"beginToken":{"kind":94,"text":"readerCollector"},"endToken":{"kind":98,"text":")"}},"condition":{"!":"com.github.javaparser.ast.expr.BinaryExpr","range":{"beginLine":9,"beginColumn":42,"endLine":9,"endColumn":109},"tokenRange":{"beginToken":{"kind":94,"text":"readerCollector"},"endToken":{"kind":43,"text":"null"}},"left":{"!":"com.github.javaparser.ast.expr.MethodCallExpr","range":{"beginLine":9,"beginColumn":42,"endLine":9,"endColumn":101},"tokenRange":{"beginToken":{"kind":94,"text":"readerCollector"},"endToken":{"kind":98,"text":")"}},"arguments":[],"name":{"!":"com.github.javaparser.ast.expr.SimpleName","range":{"beginLine":9,"beginColumn":58,"endLine":9,"endColumn":99},"tokenRange":{"beginToken":{"kind":94,"text":"getNonArrayCollectionReferenceInitializers"},"endToken":{"kind":94,"text":"getNonArrayCollectionReferenceInitializers"}},"identifier":"getNonArrayCollectionReferenceInitializers"},"scope":{"!":"com.github.javaparser.ast.expr.NameExpr","range":{"beginLine":9,"beginColumn":42,"endLine":9,"endColumn":56},"tokenRange":{"beginToken":{"kind":94,"text":"readerCollector"},"endToken":{"kind":94,"text":"readerCollector"}},"name":{"!":"com.github.javaparser.ast.expr.SimpleName","range":{"beginLine":9,"beginColumn":42,"endLine":9,"endColumn":56},"tokenRange":{"beginToken":{"kind":94,"text":"readerCollector"},"endToken":{"kind":94,"text":"readerCollector"}},"identifier":"readerCollector"}}},"operator":"NOT_EQUALS","right":{"!":"com.github.javaparser.ast.expr.NullLiteralExpr","range":{"beginLine":9,"beginColumn":106,"endLine":9,"endColumn":109},"tokenRange":{"beginToken":{"kind":43,"text":"null"},"endToken":{"kind":43,"text":"null"}}}},"elseExpr":{"!":"com.github.javaparser.ast.expr.MethodCallExpr","range":{"beginLine":11,"beginColumn":7,"endLine":11,"endColumn":61},"tokenRange":{"beginToken":{"kind":94,"text":"Collections"},"endToken":{"kind":98,"text":")"}},"arguments":[],"name":{"!":"com.github.javaparser.ast.expr.SimpleName","range":{"beginLine":11,"beginColumn":51,"endLine":11,"endColumn":59},"tokenRange":{"beginToken":{"kind":94,"text":"emptyList"},"endToken":{"kind":94,"text":"emptyList"}},"identifier":"emptyList"},"scope":{"!":"com.github.javaparser.ast.expr.NameExpr","range":{"beginLine":11,"beginColumn":7,"endLine":11,"endColumn":17},"tokenRange":{"beginToken":{"kind":94,"text":"Collections"},"endToken":{"kind":94,"text":"Collections"}},"name":{"!":"com.github.javaparser.ast.expr.SimpleName","range":{"beginLine":11,"beginColumn":7,"endLine":11,"endColumn":17},"tokenRange":{"beginToken":{"kind":94,"text":"Collections"},"endToken":{"kind":94,"text":"Collections"}},"identifier":"Collections"}},"typeArguments":[{"!":"com.github.javaparser.ast.type.ClassOrInterfaceType","range":{"beginLine":11,"beginColumn":20,"endLine":11,"endColumn":49},"tokenRange":{"beginToken":{"kind":94,"text":"CollectionReferenceInitializer"},"endToken":{"kind":94,"text":"CollectionReferenceInitializer"}},"name":{"!":"com.github.javaparser.ast.expr.SimpleName","range":{"beginLine":11,"beginColumn":20,"endLine":11,"endColumn":49},"tokenRange":{"beginToken":{"kind":94,"text":"CollectionReferenceInitializer"},"endToken":{"kind":94,"text":"CollectionReferenceInitializer"}},"identifier":"CollectionReferenceInitializer"},"annotations":[]}]},"thenExpr":{"!":"com.github.javaparser.ast.expr.ObjectCreationExpr","range":{"beginLine":10,"beginColumn":7,"endLine":10,"endColumn":115},"tokenRange":{"beginToken":{"kind":42,"text":"new"},"endToken":{"kind":98,"text":")"}},"arguments":[{"!":"com.github.javaparser.ast.expr.MethodCallExpr","range":{"beginLine":10,"beginColumn":54,"endLine":10,"endColumn":113},"tokenRange":{"beginToken":{"kind":94,"text":"readerCollector"},"endToken":{"kind":98,"text":")"}},"arguments":[],"name":{"!":"com.github.javaparser.ast.expr.SimpleName","range":{"beginLine":10,"beginColumn":70,"endLine":10,"endColumn":111},"tokenRange":{"beginToken":{"kind":94,"text":"getNonArrayCollectionReferenceInitializers"},"endToken":{"kind":94,"text":"getNonArrayCollectionReferenceInitializers"}},"identifier":"getNonArrayCollectionReferenceInitializers"},"scope":{"!":"com.github.javaparser.ast.expr.NameExpr","range":{"beginLine":10,"beginColumn":54,"endLine":10,"endColumn":68},"tokenRange":{"beginToken":{"kind":94,"text":"readerCollector"},"endToken":{"kind":94,"text":"readerCollector"}},"name":{"!":"com.github.javaparser.ast.expr.SimpleName","range":{"beginLine":10,"beginColumn":54,"endLine":10,"endColumn":68},"tokenRange":{"beginToken":{"kind":94,"text":"readerCollector"},"endToken":{"kind":94,"text":"readerCollector"}},"identifier":"readerCollector"}}}],"type":{"!":"com.github.javaparser.ast.type.ClassOrInterfaceType","range":{"beginLine":10,"beginColumn":11,"endLine":10,"endColumn":51},"tokenRange":{"beginToken":{"kind":94,"text":"ArrayList"},"endToken":{"kind":146,"text":">"}},"name":{"!":"com.github.javaparser.ast.expr.SimpleName","range":{"beginLine":10,"beginColumn":11,"endLine":10,"endColumn":19},"tokenRange":{"beginToken":{"kind":94,"text":"ArrayList"},"endToken":{"kind":94,"text":"ArrayList"}},"identifier":"ArrayList"},"typeArguments":[{"!":"com.github.javaparser.ast.type.ClassOrInterfaceType","range":{"beginLine":10,"beginColumn":21,"endLine":10,"endColumn":50},"tokenRange":{"beginToken":{"kind":94,"text":"CollectionReferenceInitializer"},"endToken":{"kind":94,"text":"CollectionReferenceInitializer"}},"name":{"!":"com.github.javaparser.ast.expr.SimpleName","range":{"beginLine":10,"beginColumn":21,"endLine":10,"endColumn":50},"tokenRange":{"beginToken":{"kind":94,"text":"CollectionReferenceInitializer"},"endToken":{"kind":94,"text":"CollectionReferenceInitializer"}},"identifier":"CollectionReferenceInitializer"},"annotations":[]}],"annotations":[]}}}}}]},"modifiers":[{"!":"com.github.javaparser.ast.Modifier","range":{"beginLine":2,"beginColumn":2,"endLine":2,"endColumn":7},"tokenRange":{"beginToken":{"kind":47,"text":"public"},"endToken":{"kind":47,"text":"public"}},"keyword":"PUBLIC"}],"name":{"!":"com.github.javaparser.ast.expr.SimpleName","range":{"beginLine":2,"beginColumn":9,"endLine":2,"endColumn":25},"tokenRange":{"beginToken":{"kind":94,"text":"AbstractRowReader"},"endToken":{"kind":94,"text":"AbstractRowReader"}},"identifier":"AbstractRowReader"},"parameters":[{"!":"com.github.javaparser.ast.body.Parameter","range":{"beginLine":2,"beginColumn":27,"endLine":2,"endColumn":57},"tokenRange":{"beginToken":{"kind":94,"text":"ReaderCollector"},"endToken":{"kind":94,"text":"readerCollector"}},"annotations":[],"isVarArgs":"false","modifiers":[],"name":{"!":"com.github.javaparser.ast.expr.SimpleName","range":{"beginLine":2,"beginColumn":43,"endLine":2,"endColumn":57},"tokenRange":{"beginToken":{"kind":94,"text":"readerCollector"},"endToken":{"kind":94,"text":"readerCollector"}},"identifier":"readerCollector"},"type":{"!":"com.github.javaparser.ast.type.ClassOrInterfaceType","range":{"beginLine":2,"beginColumn":27,"endLine":2,"endColumn":41},"tokenRange":{"beginToken":{"kind":94,"text":"ReaderCollector"},"endToken":{"kind":94,"text":"ReaderCollector"}},"name":{"!":"com.github.javaparser.ast.expr.SimpleName","range":{"beginLine":2,"beginColumn":27,"endLine":2,"endColumn":41},"tokenRange":{"beginToken":{"kind":94,"text":"ReaderCollector"},"endToken":{"kind":94,"text":"ReaderCollector"}},"identifier":"ReaderCollector"},"annotations":[]},"varArgsAnnotations":[]}],"thrownExceptions":[],"typeParameters":[],"annotations":[]}],"modifiers":[],"name":{"!":"com.github.javaparser.ast.expr.SimpleName","range":{"beginLine":1,"beginColumn":7,"endLine":1,"endColumn":10},"tokenRange":{"beginToken":{"kind":94,"text":"Test"},"endToken":{"kind":94,"text":"Test"}},"identifier":"Test"},"annotations":[]}]}