{"!":"com.github.javaparser.ast.CompilationUnit","range":{"beginLine":1,"beginColumn":1,"endLine":38,"endColumn":2},"tokenRange":{"beginToken":{"kind":19,"text":"class"},"endToken":{"kind":0,"text":""}},"imports":[],"types":[{"!":"com.github.javaparser.ast.body.ClassOrInterfaceDeclaration","range":{"beginLine":1,"beginColumn":1,"endLine":38,"endColumn":2},"tokenRange":{"beginToken":{"kind":19,"text":"class"},"endToken":{"kind":100,"text":"}"}},"extendedTypes":[],"implementedTypes":[],"isInterface":"false","typeParameters":[],"members":[{"!":"com.github.javaparser.ast.body.MethodDeclaration","range":{"beginLine":2,"beginColumn":2,"endLine":36,"endColumn":2},"tokenRange":{"beginToken":{"kind":107,"text":"@"},"endToken":{"kind":100,"text":"}"}},"body":{"!":"com.github.javaparser.ast.stmt.BlockStmt","range":{"beginLine":10,"beginColumn":49,"endLine":36,"endColumn":2},"tokenRange":{"beginToken":{"kind":99,"text":"{"},"endToken":{"kind":100,"text":"}"}},"statements":[{"!":"com.github.javaparser.ast.stmt.ExpressionStmt","range":{"beginLine":11,"beginColumn":3,"endLine":11,"endColumn":91},"tokenRange":{"beginToken":{"kind":94,"text":"EntityBinding"},"endToken":{"kind":103,"text":";"}},"expression":{"!":"com.github.javaparser.ast.expr.VariableDeclarationExpr","range":{"beginLine":11,"beginColumn":3,"endLine":11,"endColumn":90},"tokenRange":{"beginToken":{"kind":94,"text":"EntityBinding"},"endToken":{"kind":98,"text":")"}},"annotations":[],"modifiers":[],"variables":[{"!":"com.github.javaparser.ast.body.VariableDeclarator","range":{"beginLine":11,"beginColumn":17,"endLine":11,"endColumn":90},"tokenRange":{"beginToken":{"kind":94,"text":"rootEntityBinding"},"endToken":{"kind":98,"text":")"}},"initializer":{"!":"com.github.javaparser.ast.expr.MethodCallExpr","range":{"beginLine":11,"beginColumn":37,"endLine":11,"endColumn":90},"tokenRange":{"beginToken":{"kind":94,"text":"getEntityBinding"},"endToken":{"kind":98,"text":")"}},"arguments":[{"!":"com.github.javaparser.ast.expr.ClassExpr","range":{"beginLine":11,"beginColumn":55,"endLine":11,"endColumn":88},"tokenRange":{"beginToken":{"kind":94,"text":"RootOfSingleTableInheritance"},"endToken":{"kind":19,"text":"class"}},"type":{"!":"com.github.javaparser.ast.type.ClassOrInterfaceType","range":{"beginLine":11,"beginColumn":55,"endLine":11,"endColumn":82},"tokenRange":{"beginToken":{"kind":94,"text":"RootOfSingleTableInheritance"},"endToken":{"kind":94,"text":"RootOfSingleTableInheritance"}},"name":{"!":"com.github.javaparser.ast.expr.SimpleName","range":{"beginLine":11,"beginColumn":55,"endLine":11,"endColumn":82},"tokenRange":{"beginToken":{"kind":94,"text":"RootOfSingleTableInheritance"},"endToken":{"kind":94,"text":"RootOfSingleTableInheritance"}},"identifier":"RootOfSingleTableInheritance"},"annotations":[]}}],"name":{"!":"com.github.javaparser.ast.expr.SimpleName","range":{"beginLine":11,"beginColumn":37,"endLine":11,"endColumn":52},"tokenRange":{"beginToken":{"kind":94,"text":"getEntityBinding"},"endToken":{"kind":94,"text":"getEntityBinding"}},"identifier":"getEntityBinding"}},"name":{"!":"com.github.javaparser.ast.expr.SimpleName","range":{"beginLine":11,"beginColumn":17,"endLine":11,"endColumn":33},"tokenRange":{"beginToken":{"kind":94,"text":"rootEntityBinding"},"endToken":{"kind":94,"text":"rootEntityBinding"}},"identifier":"rootEntityBinding"},"type":{"!":"com.github.javaparser.ast.type.ClassOrInterfaceType","range":{"beginLine":11,"beginColumn":3,"endLine":11,"endColumn":15},"tokenRange":{"beginToken":{"kind":94,"text":"EntityBinding"},"endToken":{"kind":94,"text":"EntityBinding"}},"name":{"!":"com.github.javaparser.ast.expr.SimpleName","range":{"beginLine":11,"beginColumn":3,"endLine":11,"endColumn":15},"tokenRange":{"beginToken":{"kind":94,"text":"EntityBinding"},"endToken":{"kind":94,"text":"EntityBinding"}},"identifier":"EntityBinding"},"annotations":[]}}]}},{"!":"com.github.javaparser.ast.stmt.ExpressionStmt","range":{"beginLine":12,"beginColumn":3,"endLine":12,"endColumn":99},"tokenRange":{"beginToken":{"kind":94,"text":"EntityBinding"},"endToken":{"kind":103,"text":";"}},"expression":{"!":"com.github.javaparser.ast.expr.VariableDeclarationExpr","range":{"beginLine":12,"beginColumn":3,"endLine":12,"endColumn":98},"tokenRange":{"beginToken":{"kind":94,"text":"EntityBinding"},"endToken":{"kind":98,"text":")"}},"annotations":[],"modifiers":[],"variables":[{"!":"com.github.javaparser.ast.body.VariableDeclarator","range":{"beginLine":12,"beginColumn":17,"endLine":12,"endColumn":98},"tokenRange":{"beginToken":{"kind":94,"text":"subclassEntityBinding"},"endToken":{"kind":98,"text":")"}},"initializer":{"!":"com.github.javaparser.ast.expr.MethodCallExpr","range":{"beginLine":12,"beginColumn":41,"endLine":12,"endColumn":98},"tokenRange":{"beginToken":{"kind":94,"text":"getEntityBinding"},"endToken":{"kind":98,"text":")"}},"arguments":[{"!":"com.github.javaparser.ast.expr.ClassExpr","range":{"beginLine":12,"beginColumn":59,"endLine":12,"endColumn":96},"tokenRange":{"beginToken":{"kind":94,"text":"SubclassOfSingleTableInheritance"},"endToken":{"kind":19,"text":"class"}},"type":{"!":"com.github.javaparser.ast.type.ClassOrInterfaceType","range":{"beginLine":12,"beginColumn":59,"endLine":12,"endColumn":90},"tokenRange":{"beginToken":{"kind":94,"text":"SubclassOfSingleTableInheritance"},"endToken":{"kind":94,"text":"SubclassOfSingleTableInheritance"}},"name":{"!":"com.github.javaparser.ast.expr.SimpleName","range":{"beginLine":12,"beginColumn":59,"endLine":12,"endColumn":90},"tokenRange":{"beginToken":{"kind":94,"text":"SubclassOfSingleTableInheritance"},"endToken":{"kind":94,"text":"SubclassOfSingleTableInheritance"}},"identifier":"SubclassOfSingleTableInheritance"},"annotations":[]}}],"name":{"!":"com.github.javaparser.ast.expr.SimpleName","range":{"beginLine":12,"beginColumn":41,"endLine":12,"endColumn":56},"tokenRange":{"beginToken":{"kind":94,"text":"getEntityBinding"},"endToken":{"kind":94,"text":"getEntityBinding"}},"identifier":"getEntityBinding"}},"name":{"!":"com.github.javaparser.ast.expr.SimpleName","range":{"beginLine":12,"beginColumn":17,"endLine":12,"endColumn":37},"tokenRange":{"beginToken":{"kind":94,"text":"subclassEntityBinding"},"endToken":{"kind":94,"text":"subclassEntityBinding"}},"identifier":"subclassEntityBinding"},"type":{"!":"com.github.javaparser.ast.type.ClassOrInterfaceType","range":{"beginLine":12,"beginColumn":3,"endLine":12,"endColumn":15},"tokenRange":{"beginToken":{"kind":94,"text":"EntityBinding"},"endToken":{"kind":94,"text":"EntityBinding"}},"name":{"!":"com.github.javaparser.ast.expr.SimpleName","range":{"beginLine":12,"beginColumn":3,"endLine":12,"endColumn":15},"tokenRange":{"beginToken":{"kind":94,"text":"EntityBinding"},"endToken":{"kind":94,"text":"EntityBinding"}},"identifier":"EntityBinding"},"annotations":[]}}]}},{"!":"com.github.javaparser.ast.stmt.ExpressionStmt","range":{"beginLine":13,"beginColumn":3,"endLine":13,"endColumn":109},"tokenRange":{"beginToken":{"kind":94,"text":"EntityBinding"},"endToken":{"kind":103,"text":";"}},"expression":{"!":"com.github.javaparser.ast.expr.VariableDeclarationExpr","range":{"beginLine":13,"beginColumn":3,"endLine":13,"endColumn":108},"tokenRange":{"beginToken":{"kind":94,"text":"EntityBinding"},"endToken":{"kind":98,"text":")"}},"annotations":[],"modifiers":[],"variables":[{"!":"com.github.javaparser.ast.body.VariableDeclarator","range":{"beginLine":13,"beginColumn":17,"endLine":13,"endColumn":108},"tokenRange":{"beginToken":{"kind":94,"text":"otherSubclassEntityBinding"},"endToken":{"kind":98,"text":")"}},"initializer":{"!":"com.github.javaparser.ast.expr.MethodCallExpr","range":{"beginLine":13,"beginColumn":46,"endLine":13,"endColumn":108},"tokenRange":{"beginToken":{"kind":94,"text":"getEntityBinding"},"endToken":{"kind":98,"text":")"}},"arguments":[{"!":"com.github.javaparser.ast.expr.ClassExpr","range":{"beginLine":13,"beginColumn":64,"endLine":13,"endColumn":106},"tokenRange":{"beginToken":{"kind":94,"text":"OtherSubclassOfSingleTableInheritance"},"endToken":{"kind":19,"text":"class"}},"type":{"!":"com.github.javaparser.ast.type.ClassOrInterfaceType","range":{"beginLine":13,"beginColumn":64,"endLine":13,"endColumn":100},"tokenRange":{"beginToken":{"kind":94,"text":"OtherSubclassOfSingleTableInheritance"},"endToken":{"kind":94,"text":"OtherSubclassOfSingleTableInheritance"}},"name":{"!":"com.github.javaparser.ast.expr.SimpleName","range":{"beginLine":13,"beginColumn":64,"endLine":13,"endColumn":100},"tokenRange":{"beginToken":{"kind":94,"text":"OtherSubclassOfSingleTableInheritance"},"endToken":{"kind":94,"text":"OtherSubclassOfSingleTableInheritance"}},"identifier":"OtherSubclassOfSingleTableInheritance"},"annotations":[]}}],"name":{"!":"com.github.javaparser.ast.expr.SimpleName","range":{"beginLine":13,"beginColumn":46,"endLine":13,"endColumn":61},"tokenRange":{"beginToken":{"kind":94,"text":"getEntityBinding"},"endToken":{"kind":94,"text":"getEntityBinding"}},"identifier":"getEntityBinding"}},"name":{"!":"com.github.javaparser.ast.expr.SimpleName","range":{"beginLine":13,"beginColumn":17,"endLine":13,"endColumn":42},"tokenRange":{"beginToken":{"kind":94,"text":"otherSubclassEntityBinding"},"endToken":{"kind":94,"text":"otherSubclassEntityBinding"}},"identifier":"otherSubclassEntityBinding"},"type":{"!":"com.github.javaparser.ast.type.ClassOrInterfaceType","range":{"beginLine":13,"beginColumn":3,"endLine":13,"endColumn":15},"tokenRange":{"beginToken":{"kind":94,"text":"EntityBinding"},"endToken":{"kind":94,"text":"EntityBinding"}},"name":{"!":"com.github.javaparser.ast.expr.SimpleName","range":{"beginLine":13,"beginColumn":3,"endLine":13,"endColumn":15},"tokenRange":{"beginToken":{"kind":94,"text":"EntityBinding"},"endToken":{"kind":94,"text":"EntityBinding"}},"identifier":"EntityBinding"},"annotations":[]}}]}},{"!":"com.github.javaparser.ast.stmt.ExpressionStmt","range":{"beginLine":14,"beginColumn":3,"endLine":14,"endColumn":119},"tokenRange":{"beginToken":{"kind":94,"text":"EntityBinding"},"endToken":{"kind":103,"text":";"}},"expression":{"!":"com.github.javaparser.ast.expr.VariableDeclarationExpr","range":{"beginLine":14,"beginColumn":3,"endLine":14,"endColumn":118},"tokenRange":{"beginToken":{"kind":94,"text":"EntityBinding"},"endToken":{"kind":98,"text":")"}},"annotations":[],"modifiers":[],"variables":[{"!":"com.github.javaparser.ast.body.VariableDeclarator","range":{"beginLine":14,"beginColumn":17,"endLine":14,"endColumn":118},"tokenRange":{"beginToken":{"kind":94,"text":"subclassOfSubclassEntityBinding"},"endToken":{"kind":98,"text":")"}},"initializer":{"!":"com.github.javaparser.ast.expr.MethodCallExpr","range":{"beginLine":14,"beginColumn":51,"endLine":14,"endColumn":118},"tokenRange":{"beginToken":{"kind":94,"text":"getEntityBinding"},"endToken":{"kind":98,"text":")"}},"arguments":[{"!":"com.github.javaparser.ast.expr.ClassExpr","range":{"beginLine":14,"beginColumn":69,"endLine":14,"endColumn":116},"tokenRange":{"beginToken":{"kind":94,"text":"SubclassOfSubclassOfSingleTableInheritance"},"endToken":{"kind":19,"text":"class"}},"type":{"!":"com.github.javaparser.ast.type.ClassOrInterfaceType","range":{"beginLine":14,"beginColumn":69,"endLine":14,"endColumn":110},"tokenRange":{"beginToken":{"kind":94,"text":"SubclassOfSubclassOfSingleTableInheritance"},"endToken":{"kind":94,"text":"SubclassOfSubclassOfSingleTableInheritance"}},"name":{"!":"com.github.javaparser.ast.expr.SimpleName","range":{"beginLine":14,"beginColumn":69,"endLine":14,"endColumn":110},"tokenRange":{"beginToken":{"kind":94,"text":"SubclassOfSubclassOfSingleTableInheritance"},"endToken":{"kind":94,"text":"SubclassOfSubclassOfSingleTableInheritance"}},"identifier":"SubclassOfSubclassOfSingleTableInheritance"},"annotations":[]}}],"name":{"!":"com.github.javaparser.ast.expr.SimpleName","range":{"beginLine":14,"beginColumn":51,"endLine":14,"endColumn":66},"tokenRange":{"beginToken":{"kind":94,"text":"getEntityBinding"},"endToken":{"kind":94,"text":"getEntityBinding"}},"identifier":"getEntityBinding"}},"name":{"!":"com.github.javaparser.ast.expr.SimpleName","range":{"beginLine":14,"beginColumn":17,"endLine":14,"endColumn":47},"tokenRange":{"beginToken":{"kind":94,"text":"subclassOfSubclassEntityBinding"},"endToken":{"kind":94,"text":"subclassOfSubclassEntityBinding"}},"identifier":"subclassOfSubclassEntityBinding"},"type":{"!":"com.github.javaparser.ast.type.ClassOrInterfaceType","range":{"beginLine":14,"beginColumn":3,"endLine":14,"endColumn":15},"tokenRange":{"beginToken":{"kind":94,"text":"EntityBinding"},"endToken":{"kind":94,"text":"EntityBinding"}},"name":{"!":"com.github.javaparser.ast.expr.SimpleName","range":{"beginLine":14,"beginColumn":3,"endLine":14,"endColumn":15},"tokenRange":{"beginToken":{"kind":94,"text":"EntityBinding"},"endToken":{"kind":94,"text":"EntityBinding"}},"identifier":"EntityBinding"},"annotations":[]}}]}},{"!":"com.github.javaparser.ast.stmt.ExpressionStmt","range":{"beginLine":16,"beginColumn":3,"endLine":16,"endColumn":114},"tokenRange":{"beginToken":{"kind":94,"text":"Iterator"},"endToken":{"kind":103,"text":";"}},"expression":{"!":"com.github.javaparser.ast.expr.VariableDeclarationExpr","range":{"beginLine":16,"beginColumn":3,"endLine":16,"endColumn":113},"tokenRange":{"beginToken":{"kind":94,"text":"Iterator"},"endToken":{"kind":98,"text":")"}},"annotations":[],"modifiers":[],"variables":[{"!":"com.github.javaparser.ast.body.VariableDeclarator","range":{"beginLine":16,"beginColumn":27,"endLine":16,"endColumn":113},"tokenRange":{"beginToken":{"kind":94,"text":"directEntityBindingIterator"},"endToken":{"kind":98,"text":")"}},"initializer":{"!":"com.github.javaparser.ast.expr.MethodCallExpr","range":{"beginLine":16,"beginColumn":57,"endLine":16,"endColumn":113},"tokenRange":{"beginToken":{"kind":94,"text":"rootEntityBinding"},"endToken":{"kind":98,"text":")"}},"arguments":[],"name":{"!":"com.github.javaparser.ast.expr.SimpleName","range":{"beginLine":16,"beginColumn":104,"endLine":16,"endColumn":111},"tokenRange":{"beginToken":{"kind":94,"text":"iterator"},"endToken":{"kind":94,"text":"iterator"}},"identifier":"iterator"},"scope":{"!":"com.github.javaparser.ast.expr.MethodCallExpr","range":{"beginLine":16,"beginColumn":57,"endLine":16,"endColumn":102},"tokenRange":{"beginToken":{"kind":94,"text":"rootEntityBinding"},"endToken":{"kind":98,"text":")"}},"arguments":[],"name":{"!":"com.github.javaparser.ast.expr.SimpleName","range":{"beginLine":16,"beginColumn":75,"endLine":16,"endColumn":100},"tokenRange":{"beginToken":{"kind":94,"text":"getDirectSubEntityBindings"},"endToken":{"kind":94,"text":"getDirectSubEntityBindings"}},"identifier":"getDirectSubEntityBindings"},"scope":{"!":"com.github.javaparser.ast.expr.NameExpr","range":{"beginLine":16,"beginColumn":57,"endLine":16,"endColumn":73},"tokenRange":{"beginToken":{"kind":94,"text":"rootEntityBinding"},"endToken":{"kind":94,"text":"rootEntityBinding"}},"name":{"!":"com.github.javaparser.ast.expr.SimpleName","range":{"beginLine":16,"beginColumn":57,"endLine":16,"endColumn":73},"tokenRange":{"beginToken":{"kind":94,"text":"rootEntityBinding"},"endToken":{"kind":94,"text":"rootEntityBinding"}},"identifier":"rootEntityBinding"}}}},"name":{"!":"com.github.javaparser.ast.expr.SimpleName","range":{"beginLine":16,"beginColumn":27,"endLine":16,"endColumn":53},"tokenRange":{"beginToken":{"kind":94,"text":"directEntityBindingIterator"},"endToken":{"kind":94,"text":"directEntityBindingIterator"}},"identifier":"directEntityBindingIterator"},"type":{"!":"com.github.javaparser.ast.type.ClassOrInterfaceType","range":{"beginLine":16,"beginColumn":3,"endLine":16,"endColumn":25},"tokenRange":{"beginToken":{"kind":94,"text":"Iterator"},"endToken":{"kind":146,"text":">"}},"name":{"!":"com.github.javaparser.ast.expr.SimpleName","range":{"beginLine":16,"beginColumn":3,"endLine":16,"endColumn":10},"tokenRange":{"beginToken":{"kind":94,"text":"Iterator"},"endToken":{"kind":94,"text":"Iterator"}},"identifier":"Iterator"},"typeArguments":[{"!":"com.github.javaparser.ast.type.ClassOrInterfaceType","range":{"beginLine":16,"beginColumn":12,"endLine":16,"endColumn":24},"tokenRange":{"beginToken":{"kind":94,"text":"EntityBinding"},"endToken":{"kind":94,"text":"EntityBinding"}},"name":{"!":"com.github.javaparser.ast.expr.SimpleName","range":{"beginLine":16,"beginColumn":12,"endLine":16,"endColumn":24},"tokenRange":{"beginToken":{"kind":94,"text":"EntityBinding"},"endToken":{"kind":94,"text":"EntityBinding"}},"identifier":"EntityBinding"},"annotations":[]}],"annotations":[]}}]},"comment":{"!":"com.github.javaparser.ast.comments.LineComment","range":{"beginLine":15,"beginColumn":3,"endLine":15,"endColumn":80},"tokenRange":{"beginToken":{"kind":5,"text":"// need to figure out the order of direct subclasses, since it's indeterminate"},"endToken":{"kind":5,"text":"// need to figure out the order of direct subclasses, since it's indeterminate"}},"content":" need to figure out the order of direct subclasses, since it's indeterminate"}},{"!":"com.github.javaparser.ast.stmt.ExpressionStmt","range":{"beginLine":17,"beginColumn":3,"endLine":17,"endColumn":101},"tokenRange":{"beginToken":{"kind":13,"text":"boolean"},"endToken":{"kind":103,"text":";"}},"expression":{"!":"com.github.javaparser.ast.expr.VariableDeclarationExpr","range":{"beginLine":17,"beginColumn":3,"endLine":17,"endColumn":100},"tokenRange":{"beginToken":{"kind":13,"text":"boolean"},"endToken":{"kind":98,"text":")"}},"annotations":[],"modifiers":[],"variables":[{"!":"com.github.javaparser.ast.body.VariableDeclarator","range":{"beginLine":17,"beginColumn":11,"endLine":17,"endColumn":100},"tokenRange":{"beginToken":{"kind":94,"text":"isSubclassEntityBindingFirst"},"endToken":{"kind":98,"text":")"}},"initializer":{"!":"com.github.javaparser.ast.expr.BinaryExpr","range":{"beginLine":17,"beginColumn":42,"endLine":17,"endColumn":100},"tokenRange":{"beginToken":{"kind":94,"text":"subclassEntityBinding"},"endToken":{"kind":98,"text":")"}},"left":{"!":"com.github.javaparser.ast.expr.NameExpr","range":{"beginLine":17,"beginColumn":42,"endLine":17,"endColumn":62},"tokenRange":{"beginToken":{"kind":94,"text":"subclassEntityBinding"},"endToken":{"kind":94,"text":"subclassEntityBinding"}},"name":{"!":"com.github.javaparser.ast.expr.SimpleName","range":{"beginLine":17,"beginColumn":42,"endLine":17,"endColumn":62},"tokenRange":{"beginToken":{"kind":94,"text":"subclassEntityBinding"},"endToken":{"kind":94,"text":"subclassEntityBinding"}},"identifier":"subclassEntityBinding"}},"operator":"EQUALS","right":{"!":"com.github.javaparser.ast.expr.MethodCallExpr","range":{"beginLine":17,"beginColumn":67,"endLine":17,"endColumn":100},"tokenRange":{"beginToken":{"kind":94,"text":"directEntityBindingIterator"},"endToken":{"kind":98,"text":")"}},"arguments":[],"name":{"!":"com.github.javaparser.ast.expr.SimpleName","range":{"beginLine":17,"beginColumn":95,"endLine":17,"endColumn":98},"tokenRange":{"beginToken":{"kind":94,"text":"next"},"endToken":{"kind":94,"text":"next"}},"identifier":"next"},"scope":{"!":"com.github.javaparser.ast.expr.NameExpr","range":{"beginLine":17,"beginColumn":67,"endLine":17,"endColumn":93},"tokenRange":{"beginToken":{"kind":94,"text":"directEntityBindingIterator"},"endToken":{"kind":94,"text":"directEntityBindingIterator"}},"name":{"!":"com.github.javaparser.ast.expr.SimpleName","range":{"beginLine":17,"beginColumn":67,"endLine":17,"endColumn":93},"tokenRange":{"beginToken":{"kind":94,"text":"directEntityBindingIterator"},"endToken":{"kind":94,"text":"directEntityBindingIterator"}},"identifier":"directEntityBindingIterator"}}}},"name":{"!":"com.github.javaparser.ast.expr.SimpleName","range":{"beginLine":17,"beginColumn":11,"endLine":17,"endColumn":38},"tokenRange":{"beginToken":{"kind":94,"text":"isSubclassEntityBindingFirst"},"endToken":{"kind":94,"text":"isSubclassEntityBindingFirst"}},"identifier":"isSubclassEntityBindingFirst"},"type":{"!":"com.github.javaparser.ast.type.PrimitiveType","range":{"beginLine":17,"beginColumn":3,"endLine":17,"endColumn":9},"tokenRange":{"beginToken":{"kind":13,"text":"boolean"},"endToken":{"kind":13,"text":"boolean"}},"type":"BOOLEAN","annotations":[]}}]}},{"!":"com.github.javaparser.ast.stmt.ExpressionStmt","range":{"beginLine":18,"beginColumn":3,"endLine":18,"endColumn":72},"tokenRange":{"beginToken":{"kind":94,"text":"assertEquals"},"endToken":{"kind":103,"text":";"}},"expression":{"!":"com.github.javaparser.ast.expr.MethodCallExpr","range":{"beginLine":18,"beginColumn":3,"endLine":18,"endColumn":71},"tokenRange":{"beginToken":{"kind":94,"text":"assertEquals"},"endToken":{"kind":98,"text":")"}},"arguments":[{"!":"com.github.javaparser.ast.expr.IntegerLiteralExpr","range":{"beginLine":18,"beginColumn":17,"endLine":18,"endColumn":17},"tokenRange":{"beginToken":{"kind":77,"text":"3"},"endToken":{"kind":77,"text":"3"}},"value":"3"},{"!":"com.github.javaparser.ast.expr.MethodCallExpr","range":{"beginLine":18,"beginColumn":20,"endLine":18,"endColumn":69},"tokenRange":{"beginToken":{"kind":94,"text":"rootEntityBinding"},"endToken":{"kind":98,"text":")"}},"arguments":[],"name":{"!":"com.github.javaparser.ast.expr.SimpleName","range":{"beginLine":18,"beginColumn":38,"endLine":18,"endColumn":67},"tokenRange":{"beginToken":{"kind":94,"text":"getSubEntityBindingClosureSpan"},"endToken":{"kind":94,"text":"getSubEntityBindingClosureSpan"}},"identifier":"getSubEntityBindingClosureSpan"},"scope":{"!":"com.github.javaparser.ast.expr.NameExpr","range":{"beginLine":18,"beginColumn":20,"endLine":18,"endColumn":36},"tokenRange":{"beginToken":{"kind":94,"text":"rootEntityBinding"},"endToken":{"kind":94,"text":"rootEntityBinding"}},"name":{"!":"com.github.javaparser.ast.expr.SimpleName","range":{"beginLine":18,"beginColumn":20,"endLine":18,"endColumn":36},"tokenRange":{"beginToken":{"kind":94,"text":"rootEntityBinding"},"endToken":{"kind":94,"text":"rootEntityBinding"}},"identifier":"rootEntityBinding"}}}],"name":{"!":"com.github.javaparser.ast.expr.SimpleName","range":{"beginLine":18,"beginColumn":3,"endLine":18,"endColumn":14},"tokenRange":{"beginToken":{"kind":94,"text":"assertEquals"},"endToken":{"kind":94,"text":"assertEquals"}},"identifier":"assertEquals"}}},{"!":"com.github.javaparser.ast.stmt.ExpressionStmt","range":{"beginLine":19,"beginColumn":3,"endLine":19,"endColumn":119},"tokenRange":{"beginToken":{"kind":94,"text":"Iterator"},"endToken":{"kind":103,"text":";"}},"expression":{"!":"com.github.javaparser.ast.expr.VariableDeclarationExpr","range":{"beginLine":19,"beginColumn":3,"endLine":19,"endColumn":118},"tokenRange":{"beginToken":{"kind":94,"text":"Iterator"},"endToken":{"kind":98,"text":")"}},"annotations":[],"modifiers":[],"variables":[{"!":"com.github.javaparser.ast.body.VariableDeclarator","range":{"beginLine":19,"beginColumn":27,"endLine":19,"endColumn":118},"tokenRange":{"beginToken":{"kind":94,"text":"subEntityBindingIterator"},"endToken":{"kind":98,"text":")"}},"initializer":{"!":"com.github.javaparser.ast.expr.MethodCallExpr","range":{"beginLine":19,"beginColumn":54,"endLine":19,"endColumn":118},"tokenRange":{"beginToken":{"kind":94,"text":"rootEntityBinding"},"endToken":{"kind":98,"text":")"}},"arguments":[],"name":{"!":"com.github.javaparser.ast.expr.SimpleName","range":{"beginLine":19,"beginColumn":109,"endLine":19,"endColumn":116},"tokenRange":{"beginToken":{"kind":94,"text":"iterator"},"endToken":{"kind":94,"text":"iterator"}},"identifier":"iterator"},"scope":{"!":"com.github.javaparser.ast.expr.MethodCallExpr","range":{"beginLine":19,"beginColumn":54,"endLine":19,"endColumn":107},"tokenRange":{"beginToken":{"kind":94,"text":"rootEntityBinding"},"endToken":{"kind":98,"text":")"}},"arguments":[],"name":{"!":"com.github.javaparser.ast.expr.SimpleName","range":{"beginLine":19,"beginColumn":72,"endLine":19,"endColumn":105},"tokenRange":{"beginToken":{"kind":94,"text":"getPreOrderSubEntityBindingClosure"},"endToken":{"kind":94,"text":"getPreOrderSubEntityBindingClosure"}},"identifier":"getPreOrderSubEntityBindingClosure"},"scope":{"!":"com.github.javaparser.ast.expr.NameExpr","range":{"beginLine":19,"beginColumn":54,"endLine":19,"endColumn":70},"tokenRange":{"beginToken":{"kind":94,"text":"rootEntityBinding"},"endToken":{"kind":94,"text":"rootEntityBinding"}},"name":{"!":"com.github.javaparser.ast.expr.SimpleName","range":{"beginLine":19,"beginColumn":54,"endLine":19,"endColumn":70},"tokenRange":{"beginToken":{"kind":94,"text":"rootEntityBinding"},"endToken":{"kind":94,"text":"rootEntityBinding"}},"identifier":"rootEntityBinding"}}}},"name":{"!":"com.github.javaparser.ast.expr.SimpleName","range":{"beginLine":19,"beginColumn":27,"endLine":19,"endColumn":50},"tokenRange":{"beginToken":{"kind":94,"text":"subEntityBindingIterator"},"endToken":{"kind":94,"text":"subEntityBindingIterator"}},"identifier":"subEntityBindingIterator"},"type":{"!":"com.github.javaparser.ast.type.ClassOrInterfaceType","range":{"beginLine":19,"beginColumn":3,"endLine":19,"endColumn":25},"tokenRange":{"beginToken":{"kind":94,"text":"Iterator"},"endToken":{"kind":146,"text":">"}},"name":{"!":"com.github.javaparser.ast.expr.SimpleName","range":{"beginLine":19,"beginColumn":3,"endLine":19,"endColumn":10},"tokenRange":{"beginToken":{"kind":94,"text":"Iterator"},"endToken":{"kind":94,"text":"Iterator"}},"identifier":"Iterator"},"typeArguments":[{"!":"com.github.javaparser.ast.type.ClassOrInterfaceType","range":{"beginLine":19,"beginColumn":12,"endLine":19,"endColumn":24},"tokenRange":{"beginToken":{"kind":94,"text":"EntityBinding"},"endToken":{"kind":94,"text":"EntityBinding"}},"name":{"!":"com.github.javaparser.ast.expr.SimpleName","range":{"beginLine":19,"beginColumn":12,"endLine":19,"endColumn":24},"tokenRange":{"beginToken":{"kind":94,"text":"EntityBinding"},"endToken":{"kind":94,"text":"EntityBinding"}},"identifier":"EntityBinding"},"annotations":[]}],"annotations":[]}}]}},{"!":"com.github.javaparser.ast.stmt.ExpressionStmt","range":{"beginLine":20,"beginColumn":3,"endLine":20,"endColumn":51},"tokenRange":{"beginToken":{"kind":94,"text":"assertTrue"},"endToken":{"kind":103,"text":";"}},"expression":{"!":"com.github.javaparser.ast.expr.MethodCallExpr","range":{"beginLine":20,"beginColumn":3,"endLine":20,"endColumn":50},"tokenRange":{"beginToken":{"kind":94,"text":"assertTrue"},"endToken":{"kind":98,"text":")"}},"arguments":[{"!":"com.github.javaparser.ast.expr.MethodCallExpr","range":{"beginLine":20,"beginColumn":15,"endLine":20,"endColumn":48},"tokenRange":{"beginToken":{"kind":94,"text":"subEntityBindingIterator"},"endToken":{"kind":98,"text":")"}},"arguments":[],"name":{"!":"com.github.javaparser.ast.expr.SimpleName","range":{"beginLine":20,"beginColumn":40,"endLine":20,"endColumn":46},"tokenRange":{"beginToken":{"kind":94,"text":"hasNext"},"endToken":{"kind":94,"text":"hasNext"}},"identifier":"hasNext"},"scope":{"!":"com.github.javaparser.ast.expr.NameExpr","range":{"beginLine":20,"beginColumn":15,"endLine":20,"endColumn":38},"tokenRange":{"beginToken":{"kind":94,"text":"subEntityBindingIterator"},"endToken":{"kind":94,"text":"subEntityBindingIterator"}},"name":{"!":"com.github.javaparser.ast.expr.SimpleName","range":{"beginLine":20,"beginColumn":15,"endLine":20,"endColumn":38},"tokenRange":{"beginToken":{"kind":94,"text":"subEntityBindingIterator"},"endToken":{"kind":94,"text":"subEntityBindingIterator"}},"identifier":"subEntityBindingIterator"}}}],"name":{"!":"com.github.javaparser.ast.expr.SimpleName","range":{"beginLine":20,"beginColumn":3,"endLine":20,"endColumn":12},"tokenRange":{"beginToken":{"kind":94,"text":"assertTrue"},"endToken":{"kind":94,"text":"assertTrue"}},"identifier":"assertTrue"}}},{"!":"com.github.javaparser.ast.stmt.IfStmt","range":{"beginLine":21,"beginColumn":3,"endLine":34,"endColumn":3},"tokenRange":{"beginToken":{"kind":34,"text":"if"},"endToken":{"kind":100,"text":"}"}},"condition":{"!":"com.github.javaparser.ast.expr.NameExpr","range":{"beginLine":21,"beginColumn":8,"endLine":21,"endColumn":35},"tokenRange":{"beginToken":{"kind":94,"text":"isSubclassEntityBindingFirst"},"endToken":{"kind":94,"text":"isSubclassEntityBindingFirst"}},"name":{"!":"com.github.javaparser.ast.expr.SimpleName","range":{"beginLine":21,"beginColumn":8,"endLine":21,"endColumn":35},"tokenRange":{"beginToken":{"kind":94,"text":"isSubclassEntityBindingFirst"},"endToken":{"kind":94,"text":"isSubclassEntityBindingFirst"}},"identifier":"isSubclassEntityBindingFirst"}},"elseStmt":{"!":"com.github.javaparser.ast.stmt.BlockStmt","range":{"beginLine":28,"beginColumn":8,"endLine":34,"endColumn":3},"tokenRange":{"beginToken":{"kind":99,"text":"{"},"endToken":{"kind":100,"text":"}"}},"statements":[{"!":"com.github.javaparser.ast.stmt.ExpressionStmt","range":{"beginLine":29,"beginColumn":4,"endLine":29,"endColumn":77},"tokenRange":{"beginToken":{"kind":94,"text":"assertSame"},"endToken":{"kind":103,"text":";"}},"expression":{"!":"com.github.javaparser.ast.expr.MethodCallExpr","range":{"beginLine":29,"beginColumn":4,"endLine":29,"endColumn":76},"tokenRange":{"beginToken":{"kind":94,"text":"assertSame"},"endToken":{"kind":98,"text":")"}},"arguments":[{"!":"com.github.javaparser.ast.expr.NameExpr","range":{"beginLine":29,"beginColumn":16,"endLine":29,"endColumn":41},"tokenRange":{"beginToken":{"kind":94,"text":"otherSubclassEntityBinding"},"endToken":{"kind":94,"text":"otherSubclassEntityBinding"}},"name":{"!":"com.github.javaparser.ast.expr.SimpleName","range":{"beginLine":29,"beginColumn":16,"endLine":29,"endColumn":41},"tokenRange":{"beginToken":{"kind":94,"text":"otherSubclassEntityBinding"},"endToken":{"kind":94,"text":"otherSubclassEntityBinding"}},"identifier":"otherSubclassEntityBinding"}},{"!":"com.github.javaparser.ast.expr.MethodCallExpr","range":{"beginLine":29,"beginColumn":44,"endLine":29,"endColumn":74},"tokenRange":{"beginToken":{"kind":94,"text":"subEntityBindingIterator"},"endToken":{"kind":98,"text":")"}},"arguments":[],"name":{"!":"com.github.javaparser.ast.expr.SimpleName","range":{"beginLine":29,"beginColumn":69,"endLine":29,"endColumn":72},"tokenRange":{"beginToken":{"kind":94,"text":"next"},"endToken":{"kind":94,"text":"next"}},"identifier":"next"},"scope":{"!":"com.github.javaparser.ast.expr.NameExpr","range":{"beginLine":29,"beginColumn":44,"endLine":29,"endColumn":67},"tokenRange":{"beginToken":{"kind":94,"text":"subEntityBindingIterator"},"endToken":{"kind":94,"text":"subEntityBindingIterator"}},"name":{"!":"com.github.javaparser.ast.expr.SimpleName","range":{"beginLine":29,"beginColumn":44,"endLine":29,"endColumn":67},"tokenRange":{"beginToken":{"kind":94,"text":"subEntityBindingIterator"},"endToken":{"kind":94,"text":"subEntityBindingIterator"}},"identifier":"subEntityBindingIterator"}}}],"name":{"!":"com.github.javaparser.ast.expr.SimpleName","range":{"beginLine":29,"beginColumn":4,"endLine":29,"endColumn":13},"tokenRange":{"beginToken":{"kind":94,"text":"assertSame"},"endToken":{"kind":94,"text":"assertSame"}},"identifier":"assertSame"}}},{"!":"com.github.javaparser.ast.stmt.ExpressionStmt","range":{"beginLine":30,"beginColumn":4,"endLine":30,"endColumn":52},"tokenRange":{"beginToken":{"kind":94,"text":"assertTrue"},"endToken":{"kind":103,"text":";"}},"expression":{"!":"com.github.javaparser.ast.expr.MethodCallExpr","range":{"beginLine":30,"beginColumn":4,"endLine":30,"endColumn":51},"tokenRange":{"beginToken":{"kind":94,"text":"assertTrue"},"endToken":{"kind":98,"text":")"}},"arguments":[{"!":"com.github.javaparser.ast.expr.MethodCallExpr","range":{"beginLine":30,"beginColumn":16,"endLine":30,"endColumn":49},"tokenRange":{"beginToken":{"kind":94,"text":"subEntityBindingIterator"},"endToken":{"kind":98,"text":")"}},"arguments":[],"name":{"!":"com.github.javaparser.ast.expr.SimpleName","range":{"beginLine":30,"beginColumn":41,"endLine":30,"endColumn":47},"tokenRange":{"beginToken":{"kind":94,"text":"hasNext"},"endToken":{"kind":94,"text":"hasNext"}},"identifier":"hasNext"},"scope":{"!":"com.github.javaparser.ast.expr.NameExpr","range":{"beginLine":30,"beginColumn":16,"endLine":30,"endColumn":39},"tokenRange":{"beginToken":{"kind":94,"text":"subEntityBindingIterator"},"endToken":{"kind":94,"text":"subEntityBindingIterator"}},"name":{"!":"com.github.javaparser.ast.expr.SimpleName","range":{"beginLine":30,"beginColumn":16,"endLine":30,"endColumn":39},"tokenRange":{"beginToken":{"kind":94,"text":"subEntityBindingIterator"},"endToken":{"kind":94,"text":"subEntityBindingIterator"}},"identifier":"subEntityBindingIterator"}}}],"name":{"!":"com.github.javaparser.ast.expr.SimpleName","range":{"beginLine":30,"beginColumn":4,"endLine":30,"endColumn":13},"tokenRange":{"beginToken":{"kind":94,"text":"assertTrue"},"endToken":{"kind":94,"text":"assertTrue"}},"identifier":"assertTrue"}}},{"!":"com.github.javaparser.ast.stmt.ExpressionStmt","range":{"beginLine":31,"beginColumn":4,"endLine":31,"endColumn":72},"tokenRange":{"beginToken":{"kind":94,"text":"assertSame"},"endToken":{"kind":103,"text":";"}},"expression":{"!":"com.github.javaparser.ast.expr.MethodCallExpr","range":{"beginLine":31,"beginColumn":4,"endLine":31,"endColumn":71},"tokenRange":{"beginToken":{"kind":94,"text":"assertSame"},"endToken":{"kind":98,"text":")"}},"arguments":[{"!":"com.github.javaparser.ast.expr.NameExpr","range":{"beginLine":31,"beginColumn":16,"endLine":31,"endColumn":36},"tokenRange":{"beginToken":{"kind":94,"text":"subclassEntityBinding"},"endToken":{"kind":94,"text":"subclassEntityBinding"}},"name":{"!":"com.github.javaparser.ast.expr.SimpleName","range":{"beginLine":31,"beginColumn":16,"endLine":31,"endColumn":36},"tokenRange":{"beginToken":{"kind":94,"text":"subclassEntityBinding"},"endToken":{"kind":94,"text":"subclassEntityBinding"}},"identifier":"subclassEntityBinding"}},{"!":"com.github.javaparser.ast.expr.MethodCallExpr","range":{"beginLine":31,"beginColumn":39,"endLine":31,"endColumn":69},"tokenRange":{"beginToken":{"kind":94,"text":"subEntityBindingIterator"},"endToken":{"kind":98,"text":")"}},"arguments":[],"name":{"!":"com.github.javaparser.ast.expr.SimpleName","range":{"beginLine":31,"beginColumn":64,"endLine":31,"endColumn":67},"tokenRange":{"beginToken":{"kind":94,"text":"next"},"endToken":{"kind":94,"text":"next"}},"identifier":"next"},"scope":{"!":"com.github.javaparser.ast.expr.NameExpr","range":{"beginLine":31,"beginColumn":39,"endLine":31,"endColumn":62},"tokenRange":{"beginToken":{"kind":94,"text":"subEntityBindingIterator"},"endToken":{"kind":94,"text":"subEntityBindingIterator"}},"name":{"!":"com.github.javaparser.ast.expr.SimpleName","range":{"beginLine":31,"beginColumn":39,"endLine":31,"endColumn":62},"tokenRange":{"beginToken":{"kind":94,"text":"subEntityBindingIterator"},"endToken":{"kind":94,"text":"subEntityBindingIterator"}},"identifier":"subEntityBindingIterator"}}}],"name":{"!":"com.github.javaparser.ast.expr.SimpleName","range":{"beginLine":31,"beginColumn":4,"endLine":31,"endColumn":13},"tokenRange":{"beginToken":{"kind":94,"text":"assertSame"},"endToken":{"kind":94,"text":"assertSame"}},"identifier":"assertSame"}}},{"!":"com.github.javaparser.ast.stmt.ExpressionStmt","range":{"beginLine":32,"beginColumn":4,"endLine":32,"endColumn":52},"tokenRange":{"beginToken":{"kind":94,"text":"assertTrue"},"endToken":{"kind":103,"text":";"}},"expression":{"!":"com.github.javaparser.ast.expr.MethodCallExpr","range":{"beginLine":32,"beginColumn":4,"endLine":32,"endColumn":51},"tokenRange":{"beginToken":{"kind":94,"text":"assertTrue"},"endToken":{"kind":98,"text":")"}},"arguments":[{"!":"com.github.javaparser.ast.expr.MethodCallExpr","range":{"beginLine":32,"beginColumn":16,"endLine":32,"endColumn":49},"tokenRange":{"beginToken":{"kind":94,"text":"subEntityBindingIterator"},"endToken":{"kind":98,"text":")"}},"arguments":[],"name":{"!":"com.github.javaparser.ast.expr.SimpleName","range":{"beginLine":32,"beginColumn":41,"endLine":32,"endColumn":47},"tokenRange":{"beginToken":{"kind":94,"text":"hasNext"},"endToken":{"kind":94,"text":"hasNext"}},"identifier":"hasNext"},"scope":{"!":"com.github.javaparser.ast.expr.NameExpr","range":{"beginLine":32,"beginColumn":16,"endLine":32,"endColumn":39},"tokenRange":{"beginToken":{"kind":94,"text":"subEntityBindingIterator"},"endToken":{"kind":94,"text":"subEntityBindingIterator"}},"name":{"!":"com.github.javaparser.ast.expr.SimpleName","range":{"beginLine":32,"beginColumn":16,"endLine":32,"endColumn":39},"tokenRange":{"beginToken":{"kind":94,"text":"subEntityBindingIterator"},"endToken":{"kind":94,"text":"subEntityBindingIterator"}},"identifier":"subEntityBindingIterator"}}}],"name":{"!":"com.github.javaparser.ast.expr.SimpleName","range":{"beginLine":32,"beginColumn":4,"endLine":32,"endColumn":13},"tokenRange":{"beginToken":{"kind":94,"text":"assertTrue"},"endToken":{"kind":94,"text":"assertTrue"}},"identifier":"assertTrue"}}},{"!":"com.github.javaparser.ast.stmt.ExpressionStmt","range":{"beginLine":33,"beginColumn":4,"endLine":33,"endColumn":82},"tokenRange":{"beginToken":{"kind":94,"text":"assertSame"},"endToken":{"kind":103,"text":";"}},"expression":{"!":"com.github.javaparser.ast.expr.MethodCallExpr","range":{"beginLine":33,"beginColumn":4,"endLine":33,"endColumn":81},"tokenRange":{"beginToken":{"kind":94,"text":"assertSame"},"endToken":{"kind":98,"text":")"}},"arguments":[{"!":"com.github.javaparser.ast.expr.NameExpr","range":{"beginLine":33,"beginColumn":16,"endLine":33,"endColumn":46},"tokenRange":{"beginToken":{"kind":94,"text":"subclassOfSubclassEntityBinding"},"endToken":{"kind":94,"text":"subclassOfSubclassEntityBinding"}},"name":{"!":"com.github.javaparser.ast.expr.SimpleName","range":{"beginLine":33,"beginColumn":16,"endLine":33,"endColumn":46},"tokenRange":{"beginToken":{"kind":94,"text":"subclassOfSubclassEntityBinding"},"endToken":{"kind":94,"text":"subclassOfSubclassEntityBinding"}},"identifier":"subclassOfSubclassEntityBinding"}},{"!":"com.github.javaparser.ast.expr.MethodCallExpr","range":{"beginLine":33,"beginColumn":49,"endLine":33,"endColumn":79},"tokenRange":{"beginToken":{"kind":94,"text":"subEntityBindingIterator"},"endToken":{"kind":98,"text":")"}},"arguments":[],"name":{"!":"com.github.javaparser.ast.expr.SimpleName","range":{"beginLine":33,"beginColumn":74,"endLine":33,"endColumn":77},"tokenRange":{"beginToken":{"kind":94,"text":"next"},"endToken":{"kind":94,"text":"next"}},"identifier":"next"},"scope":{"!":"com.github.javaparser.ast.expr.NameExpr","range":{"beginLine":33,"beginColumn":49,"endLine":33,"endColumn":72},"tokenRange":{"beginToken":{"kind":94,"text":"subEntityBindingIterator"},"endToken":{"kind":94,"text":"subEntityBindingIterator"}},"name":{"!":"com.github.javaparser.ast.expr.SimpleName","range":{"beginLine":33,"beginColumn":49,"endLine":33,"endColumn":72},"tokenRange":{"beginToken":{"kind":94,"text":"subEntityBindingIterator"},"endToken":{"kind":94,"text":"subEntityBindingIterator"}},"identifier":"subEntityBindingIterator"}}}],"name":{"!":"com.github.javaparser.ast.expr.SimpleName","range":{"beginLine":33,"beginColumn":4,"endLine":33,"endColumn":13},"tokenRange":{"beginToken":{"kind":94,"text":"assertSame"},"endToken":{"kind":94,"text":"assertSame"}},"identifier":"assertSame"}}}]},"thenStmt":{"!":"com.github.javaparser.ast.stmt.BlockStmt","range":{"beginLine":21,"beginColumn":39,"endLine":27,"endColumn":3},"tokenRange":{"beginToken":{"kind":99,"text":"{"},"endToken":{"kind":100,"text":"}"}},"statements":[{"!":"com.github.javaparser.ast.stmt.ExpressionStmt","range":{"beginLine":22,"beginColumn":4,"endLine":22,"endColumn":72},"tokenRange":{"beginToken":{"kind":94,"text":"assertSame"},"endToken":{"kind":103,"text":";"}},"expression":{"!":"com.github.javaparser.ast.expr.MethodCallExpr","range":{"beginLine":22,"beginColumn":4,"endLine":22,"endColumn":71},"tokenRange":{"beginToken":{"kind":94,"text":"assertSame"},"endToken":{"kind":98,"text":")"}},"arguments":[{"!":"com.github.javaparser.ast.expr.NameExpr","range":{"beginLine":22,"beginColumn":16,"endLine":22,"endColumn":36},"tokenRange":{"beginToken":{"kind":94,"text":"subclassEntityBinding"},"endToken":{"kind":94,"text":"subclassEntityBinding"}},"name":{"!":"com.github.javaparser.ast.expr.SimpleName","range":{"beginLine":22,"beginColumn":16,"endLine":22,"endColumn":36},"tokenRange":{"beginToken":{"kind":94,"text":"subclassEntityBinding"},"endToken":{"kind":94,"text":"subclassEntityBinding"}},"identifier":"subclassEntityBinding"}},{"!":"com.github.javaparser.ast.expr.MethodCallExpr","range":{"beginLine":22,"beginColumn":39,"endLine":22,"endColumn":69},"tokenRange":{"beginToken":{"kind":94,"text":"subEntityBindingIterator"},"endToken":{"kind":98,"text":")"}},"arguments":[],"name":{"!":"com.github.javaparser.ast.expr.SimpleName","range":{"beginLine":22,"beginColumn":64,"endLine":22,"endColumn":67},"tokenRange":{"beginToken":{"kind":94,"text":"next"},"endToken":{"kind":94,"text":"next"}},"identifier":"next"},"scope":{"!":"com.github.javaparser.ast.expr.NameExpr","range":{"beginLine":22,"beginColumn":39,"endLine":22,"endColumn":62},"tokenRange":{"beginToken":{"kind":94,"text":"subEntityBindingIterator"},"endToken":{"kind":94,"text":"subEntityBindingIterator"}},"name":{"!":"com.github.javaparser.ast.expr.SimpleName","range":{"beginLine":22,"beginColumn":39,"endLine":22,"endColumn":62},"tokenRange":{"beginToken":{"kind":94,"text":"subEntityBindingIterator"},"endToken":{"kind":94,"text":"subEntityBindingIterator"}},"identifier":"subEntityBindingIterator"}}}],"name":{"!":"com.github.javaparser.ast.expr.SimpleName","range":{"beginLine":22,"beginColumn":4,"endLine":22,"endColumn":13},"tokenRange":{"beginToken":{"kind":94,"text":"assertSame"},"endToken":{"kind":94,"text":"assertSame"}},"identifier":"assertSame"}}},{"!":"com.github.javaparser.ast.stmt.ExpressionStmt","range":{"beginLine":23,"beginColumn":4,"endLine":23,"endColumn":52},"tokenRange":{"beginToken":{"kind":94,"text":"assertTrue"},"endToken":{"kind":103,"text":";"}},"expression":{"!":"com.github.javaparser.ast.expr.MethodCallExpr","range":{"beginLine":23,"beginColumn":4,"endLine":23,"endColumn":51},"tokenRange":{"beginToken":{"kind":94,"text":"assertTrue"},"endToken":{"kind":98,"text":")"}},"arguments":[{"!":"com.github.javaparser.ast.expr.MethodCallExpr","range":{"beginLine":23,"beginColumn":16,"endLine":23,"endColumn":49},"tokenRange":{"beginToken":{"kind":94,"text":"subEntityBindingIterator"},"endToken":{"kind":98,"text":")"}},"arguments":[],"name":{"!":"com.github.javaparser.ast.expr.SimpleName","range":{"beginLine":23,"beginColumn":41,"endLine":23,"endColumn":47},"tokenRange":{"beginToken":{"kind":94,"text":"hasNext"},"endToken":{"kind":94,"text":"hasNext"}},"identifier":"hasNext"},"scope":{"!":"com.github.javaparser.ast.expr.NameExpr","range":{"beginLine":23,"beginColumn":16,"endLine":23,"endColumn":39},"tokenRange":{"beginToken":{"kind":94,"text":"subEntityBindingIterator"},"endToken":{"kind":94,"text":"subEntityBindingIterator"}},"name":{"!":"com.github.javaparser.ast.expr.SimpleName","range":{"beginLine":23,"beginColumn":16,"endLine":23,"endColumn":39},"tokenRange":{"beginToken":{"kind":94,"text":"subEntityBindingIterator"},"endToken":{"kind":94,"text":"subEntityBindingIterator"}},"identifier":"subEntityBindingIterator"}}}],"name":{"!":"com.github.javaparser.ast.expr.SimpleName","range":{"beginLine":23,"beginColumn":4,"endLine":23,"endColumn":13},"tokenRange":{"beginToken":{"kind":94,"text":"assertTrue"},"endToken":{"kind":94,"text":"assertTrue"}},"identifier":"assertTrue"}}},{"!":"com.github.javaparser.ast.stmt.ExpressionStmt","range":{"beginLine":24,"beginColumn":4,"endLine":24,"endColumn":82},"tokenRange":{"beginToken":{"kind":94,"text":"assertSame"},"endToken":{"kind":103,"text":";"}},"expression":{"!":"com.github.javaparser.ast.expr.MethodCallExpr","range":{"beginLine":24,"beginColumn":4,"endLine":24,"endColumn":81},"tokenRange":{"beginToken":{"kind":94,"text":"assertSame"},"endToken":{"kind":98,"text":")"}},"arguments":[{"!":"com.github.javaparser.ast.expr.NameExpr","range":{"beginLine":24,"beginColumn":16,"endLine":24,"endColumn":46},"tokenRange":{"beginToken":{"kind":94,"text":"subclassOfSubclassEntityBinding"},"endToken":{"kind":94,"text":"subclassOfSubclassEntityBinding"}},"name":{"!":"com.github.javaparser.ast.expr.SimpleName","range":{"beginLine":24,"beginColumn":16,"endLine":24,"endColumn":46},"tokenRange":{"beginToken":{"kind":94,"text":"subclassOfSubclassEntityBinding"},"endToken":{"kind":94,"text":"subclassOfSubclassEntityBinding"}},"identifier":"subclassOfSubclassEntityBinding"}},{"!":"com.github.javaparser.ast.expr.MethodCallExpr","range":{"beginLine":24,"beginColumn":49,"endLine":24,"endColumn":79},"tokenRange":{"beginToken":{"kind":94,"text":"subEntityBindingIterator"},"endToken":{"kind":98,"text":")"}},"arguments":[],"name":{"!":"com.github.javaparser.ast.expr.SimpleName","range":{"beginLine":24,"beginColumn":74,"endLine":24,"endColumn":77},"tokenRange":{"beginToken":{"kind":94,"text":"next"},"endToken":{"kind":94,"text":"next"}},"identifier":"next"},"scope":{"!":"com.github.javaparser.ast.expr.NameExpr","range":{"beginLine":24,"beginColumn":49,"endLine":24,"endColumn":72},"tokenRange":{"beginToken":{"kind":94,"text":"subEntityBindingIterator"},"endToken":{"kind":94,"text":"subEntityBindingIterator"}},"name":{"!":"com.github.javaparser.ast.expr.SimpleName","range":{"beginLine":24,"beginColumn":49,"endLine":24,"endColumn":72},"tokenRange":{"beginToken":{"kind":94,"text":"subEntityBindingIterator"},"endToken":{"kind":94,"text":"subEntityBindingIterator"}},"identifier":"subEntityBindingIterator"}}}],"name":{"!":"com.github.javaparser.ast.expr.SimpleName","range":{"beginLine":24,"beginColumn":4,"endLine":24,"endColumn":13},"tokenRange":{"beginToken":{"kind":94,"text":"assertSame"},"endToken":{"kind":94,"text":"assertSame"}},"identifier":"assertSame"}}},{"!":"com.github.javaparser.ast.stmt.ExpressionStmt","range":{"beginLine":25,"beginColumn":4,"endLine":25,"endColumn":52},"tokenRange":{"beginToken":{"kind":94,"text":"assertTrue"},"endToken":{"kind":103,"text":";"}},"expression":{"!":"com.github.javaparser.ast.expr.MethodCallExpr","range":{"beginLine":25,"beginColumn":4,"endLine":25,"endColumn":51},"tokenRange":{"beginToken":{"kind":94,"text":"assertTrue"},"endToken":{"kind":98,"text":")"}},"arguments":[{"!":"com.github.javaparser.ast.expr.MethodCallExpr","range":{"beginLine":25,"beginColumn":16,"endLine":25,"endColumn":49},"tokenRange":{"beginToken":{"kind":94,"text":"subEntityBindingIterator"},"endToken":{"kind":98,"text":")"}},"arguments":[],"name":{"!":"com.github.javaparser.ast.expr.SimpleName","range":{"beginLine":25,"beginColumn":41,"endLine":25,"endColumn":47},"tokenRange":{"beginToken":{"kind":94,"text":"hasNext"},"endToken":{"kind":94,"text":"hasNext"}},"identifier":"hasNext"},"scope":{"!":"com.github.javaparser.ast.expr.NameExpr","range":{"beginLine":25,"beginColumn":16,"endLine":25,"endColumn":39},"tokenRange":{"beginToken":{"kind":94,"text":"subEntityBindingIterator"},"endToken":{"kind":94,"text":"subEntityBindingIterator"}},"name":{"!":"com.github.javaparser.ast.expr.SimpleName","range":{"beginLine":25,"beginColumn":16,"endLine":25,"endColumn":39},"tokenRange":{"beginToken":{"kind":94,"text":"subEntityBindingIterator"},"endToken":{"kind":94,"text":"subEntityBindingIterator"}},"identifier":"subEntityBindingIterator"}}}],"name":{"!":"com.github.javaparser.ast.expr.SimpleName","range":{"beginLine":25,"beginColumn":4,"endLine":25,"endColumn":13},"tokenRange":{"beginToken":{"kind":94,"text":"assertTrue"},"endToken":{"kind":94,"text":"assertTrue"}},"identifier":"assertTrue"}}},{"!":"com.github.javaparser.ast.stmt.ExpressionStmt","range":{"beginLine":26,"beginColumn":4,"endLine":26,"endColumn":77},"tokenRange":{"beginToken":{"kind":94,"text":"assertSame"},"endToken":{"kind":103,"text":";"}},"expression":{"!":"com.github.javaparser.ast.expr.MethodCallExpr","range":{"beginLine":26,"beginColumn":4,"endLine":26,"endColumn":76},"tokenRange":{"beginToken":{"kind":94,"text":"assertSame"},"endToken":{"kind":98,"text":")"}},"arguments":[{"!":"com.github.javaparser.ast.expr.NameExpr","range":{"beginLine":26,"beginColumn":16,"endLine":26,"endColumn":41},"tokenRange":{"beginToken":{"kind":94,"text":"otherSubclassEntityBinding"},"endToken":{"kind":94,"text":"otherSubclassEntityBinding"}},"name":{"!":"com.github.javaparser.ast.expr.SimpleName","range":{"beginLine":26,"beginColumn":16,"endLine":26,"endColumn":41},"tokenRange":{"beginToken":{"kind":94,"text":"otherSubclassEntityBinding"},"endToken":{"kind":94,"text":"otherSubclassEntityBinding"}},"identifier":"otherSubclassEntityBinding"}},{"!":"com.github.javaparser.ast.expr.MethodCallExpr","range":{"beginLine":26,"beginColumn":44,"endLine":26,"endColumn":74},"tokenRange":{"beginToken":{"kind":94,"text":"subEntityBindingIterator"},"endToken":{"kind":98,"text":")"}},"arguments":[],"name":{"!":"com.github.javaparser.ast.expr.SimpleName","range":{"beginLine":26,"beginColumn":69,"endLine":26,"endColumn":72},"tokenRange":{"beginToken":{"kind":94,"text":"next"},"endToken":{"kind":94,"text":"next"}},"identifier":"next"},"scope":{"!":"com.github.javaparser.ast.expr.NameExpr","range":{"beginLine":26,"beginColumn":44,"endLine":26,"endColumn":67},"tokenRange":{"beginToken":{"kind":94,"text":"subEntityBindingIterator"},"endToken":{"kind":94,"text":"subEntityBindingIterator"}},"name":{"!":"com.github.javaparser.ast.expr.SimpleName","range":{"beginLine":26,"beginColumn":44,"endLine":26,"endColumn":67},"tokenRange":{"beginToken":{"kind":94,"text":"subEntityBindingIterator"},"endToken":{"kind":94,"text":"subEntityBindingIterator"}},"identifier":"subEntityBindingIterator"}}}],"name":{"!":"com.github.javaparser.ast.expr.SimpleName","range":{"beginLine":26,"beginColumn":4,"endLine":26,"endColumn":13},"tokenRange":{"beginToken":{"kind":94,"text":"assertSame"},"endToken":{"kind":94,"text":"assertSame"}},"identifier":"assertSame"}}}]}},{"!":"com.github.javaparser.ast.stmt.ExpressionStmt","range":{"beginLine":35,"beginColumn":3,"endLine":35,"endColumn":52},"tokenRange":{"beginToken":{"kind":94,"text":"assertFalse"},"endToken":{"kind":103,"text":";"}},"expression":{"!":"com.github.javaparser.ast.expr.MethodCallExpr","range":{"beginLine":35,"beginColumn":3,"endLine":35,"endColumn":51},"tokenRange":{"beginToken":{"kind":94,"text":"assertFalse"},"endToken":{"kind":98,"text":")"}},"arguments":[{"!":"com.github.javaparser.ast.expr.MethodCallExpr","range":{"beginLine":35,"beginColumn":16,"endLine":35,"endColumn":49},"tokenRange":{"beginToken":{"kind":94,"text":"subEntityBindingIterator"},"endToken":{"kind":98,"text":")"}},"arguments":[],"name":{"!":"com.github.javaparser.ast.expr.SimpleName","range":{"beginLine":35,"beginColumn":41,"endLine":35,"endColumn":47},"tokenRange":{"beginToken":{"kind":94,"text":"hasNext"},"endToken":{"kind":94,"text":"hasNext"}},"identifier":"hasNext"},"scope":{"!":"com.github.javaparser.ast.expr.NameExpr","range":{"beginLine":35,"beginColumn":16,"endLine":35,"endColumn":39},"tokenRange":{"beginToken":{"kind":94,"text":"subEntityBindingIterator"},"endToken":{"kind":94,"text":"subEntityBindingIterator"}},"name":{"!":"com.github.javaparser.ast.expr.SimpleName","range":{"beginLine":35,"beginColumn":16,"endLine":35,"endColumn":39},"tokenRange":{"beginToken":{"kind":94,"text":"subEntityBindingIterator"},"endToken":{"kind":94,"text":"subEntityBindingIterator"}},"identifier":"subEntityBindingIterator"}}}],"name":{"!":"com.github.javaparser.ast.expr.SimpleName","range":{"beginLine":35,"beginColumn":3,"endLine":35,"endColumn":13},"tokenRange":{"beginToken":{"kind":94,"text":"assertFalse"},"endToken":{"kind":94,"text":"assertFalse"}},"identifier":"assertFalse"}}}]},"type":{"!":"com.github.javaparser.ast.type.VoidType","range":{"beginLine":10,"beginColumn":9,"endLine":10,"endColumn":12},"tokenRange":{"beginToken":{"kind":62,"text":"void"},"endToken":{"kind":62,"text":"void"}},"annotations":[]},"modifiers":[{"!":"com.github.javaparser.ast.Modifier","range":{"beginLine":10,"beginColumn":2,"endLine":10,"endColumn":7},"tokenRange":{"beginToken":{"kind":47,"text":"public"},"endToken":{"kind":47,"text":"public"}},"keyword":"PUBLIC"}],"name":{"!":"com.github.javaparser.ast.expr.SimpleName","range":{"beginLine":10,"beginColumn":14,"endLine":10,"endColumn":45},"tokenRange":{"beginToken":{"kind":94,"text":"testPreOrderRootSubEntityClosure"},"endToken":{"kind":94,"text":"testPreOrderRootSubEntityClosure"}},"identifier":"testPreOrderRootSubEntityClosure"},"parameters":[],"thrownExceptions":[],"typeParameters":[],"annotations":[{"!":"com.github.javaparser.ast.expr.MarkerAnnotationExpr","range":{"beginLine":2,"beginColumn":2,"endLine":2,"endColumn":6},"tokenRange":{"beginToken":{"kind":107,"text":"@"},"endToken":{"kind":94,"text":"Test"}},"name":{"!":"com.github.javaparser.ast.expr.Name","range":{"beginLine":2,"beginColumn":3,"endLine":2,"endColumn":6},"tokenRange":{"beginToken":{"kind":94,"text":"Test"},"endToken":{"kind":94,"text":"Test"}},"identifier":"Test"}},{"!":"com.github.javaparser.ast.expr.NormalAnnotationExpr","range":{"beginLine":3,"beginColumn":2,"endLine":9,"endColumn":3},"tokenRange":{"beginToken":{"kind":107,"text":"@"},"endToken":{"kind":98,"text":")"}},"pairs":[{"!":"com.github.javaparser.ast.expr.MemberValuePair","range":{"beginLine":3,"beginColumn":13,"endLine":9,"endColumn":2},"tokenRange":{"beginToken":{"kind":94,"text":"annotatedClasses"},"endToken":{"kind":100,"text":"}"}},"name":{"!":"com.github.javaparser.ast.expr.SimpleName","range":{"beginLine":3,"beginColumn":13,"endLine":3,"endColumn":28},"tokenRange":{"beginToken":{"kind":94,"text":"annotatedClasses"},"endToken":{"kind":94,"text":"annotatedClasses"}},"identifier":"annotatedClasses"},"value":{"!":"com.github.javaparser.ast.expr.ArrayInitializerExpr","range":{"beginLine":3,"beginColumn":32,"endLine":9,"endColumn":2},"tokenRange":{"beginToken":{"kind":99,"text":"{"},"endToken":{"kind":100,"text":"}"}},"values":[{"!":"com.github.javaparser.ast.expr.ClassExpr","range":{"beginLine":4,"beginColumn":4,"endLine":4,"endColumn":41},"tokenRange":{"beginToken":{"kind":94,"text":"SubclassOfSingleTableInheritance"},"endToken":{"kind":19,"text":"class"}},"type":{"!":"com.github.javaparser.ast.type.ClassOrInterfaceType","range":{"beginLine":4,"beginColumn":4,"endLine":4,"endColumn":35},"tokenRange":{"beginToken":{"kind":94,"text":"SubclassOfSingleTableInheritance"},"endToken":{"kind":94,"text":"SubclassOfSingleTableInheritance"}},"name":{"!":"com.github.javaparser.ast.expr.SimpleName","range":{"beginLine":4,"beginColumn":4,"endLine":4,"endColumn":35},"tokenRange":{"beginToken":{"kind":94,"text":"SubclassOfSingleTableInheritance"},"endToken":{"kind":94,"text":"SubclassOfSingleTableInheritance"}},"identifier":"SubclassOfSingleTableInheritance"},"annotations":[]}},{"!":"com.github.javaparser.ast.expr.ClassExpr","range":{"beginLine":5,"beginColumn":4,"endLine":5,"endColumn":21},"tokenRange":{"beginToken":{"kind":94,"text":"SingleEntity"},"endToken":{"kind":19,"text":"class"}},"type":{"!":"com.github.javaparser.ast.type.ClassOrInterfaceType","range":{"beginLine":5,"beginColumn":4,"endLine":5,"endColumn":15},"tokenRange":{"beginToken":{"kind":94,"text":"SingleEntity"},"endToken":{"kind":94,"text":"SingleEntity"}},"name":{"!":"com.github.javaparser.ast.expr.SimpleName","range":{"beginLine":5,"beginColumn":4,"endLine":5,"endColumn":15},"tokenRange":{"beginToken":{"kind":94,"text":"SingleEntity"},"endToken":{"kind":94,"text":"SingleEntity"}},"identifier":"SingleEntity"},"annotations":[]}},{"!":"com.github.javaparser.ast.expr.ClassExpr","range":{"beginLine":6,"beginColumn":4,"endLine":6,"endColumn":37},"tokenRange":{"beginToken":{"kind":94,"text":"RootOfSingleTableInheritance"},"endToken":{"kind":19,"text":"class"}},"type":{"!":"com.github.javaparser.ast.type.ClassOrInterfaceType","range":{"beginLine":6,"beginColumn":4,"endLine":6,"endColumn":31},"tokenRange":{"beginToken":{"kind":94,"text":"RootOfSingleTableInheritance"},"endToken":{"kind":94,"text":"RootOfSingleTableInheritance"}},"name":{"!":"com.github.javaparser.ast.expr.SimpleName","range":{"beginLine":6,"beginColumn":4,"endLine":6,"endColumn":31},"tokenRange":{"beginToken":{"kind":94,"text":"RootOfSingleTableInheritance"},"endToken":{"kind":94,"text":"RootOfSingleTableInheritance"}},"identifier":"RootOfSingleTableInheritance"},"annotations":[]}},{"!":"com.github.javaparser.ast.expr.ClassExpr","range":{"beginLine":7,"beginColumn":4,"endLine":7,"endColumn":46},"tokenRange":{"beginToken":{"kind":94,"text":"OtherSubclassOfSingleTableInheritance"},"endToken":{"kind":19,"text":"class"}},"type":{"!":"com.github.javaparser.ast.type.ClassOrInterfaceType","range":{"beginLine":7,"beginColumn":4,"endLine":7,"endColumn":40},"tokenRange":{"beginToken":{"kind":94,"text":"OtherSubclassOfSingleTableInheritance"},"endToken":{"kind":94,"text":"OtherSubclassOfSingleTableInheritance"}},"name":{"!":"com.github.javaparser.ast.expr.SimpleName","range":{"beginLine":7,"beginColumn":4,"endLine":7,"endColumn":40},"tokenRange":{"beginToken":{"kind":94,"text":"OtherSubclassOfSingleTableInheritance"},"endToken":{"kind":94,"text":"OtherSubclassOfSingleTableInheritance"}},"identifier":"OtherSubclassOfSingleTableInheritance"},"annotations":[]}},{"!":"com.github.javaparser.ast.expr.ClassExpr","range":{"beginLine":8,"beginColumn":4,"endLine":8,"endColumn":51},"tokenRange":{"beginToken":{"kind":94,"text":"SubclassOfSubclassOfSingleTableInheritance"},"endToken":{"kind":19,"text":"class"}},"type":{"!":"com.github.javaparser.ast.type.ClassOrInterfaceType","range":{"beginLine":8,"beginColumn":4,"endLine":8,"endColumn":45},"tokenRange":{"beginToken":{"kind":94,"text":"SubclassOfSubclassOfSingleTableInheritance"},"endToken":{"kind":94,"text":"SubclassOfSubclassOfSingleTableInheritance"}},"name":{"!":"com.github.javaparser.ast.expr.SimpleName","range":{"beginLine":8,"beginColumn":4,"endLine":8,"endColumn":45},"tokenRange":{"beginToken":{"kind":94,"text":"SubclassOfSubclassOfSingleTableInheritance"},"endToken":{"kind":94,"text":"SubclassOfSubclassOfSingleTableInheritance"}},"identifier":"SubclassOfSubclassOfSingleTableInheritance"},"annotations":[]}}]}}],"name":{"!":"com.github.javaparser.ast.expr.Name","range":{"beginLine":3,"beginColumn":3,"endLine":3,"endColumn":11},"tokenRange":{"beginToken":{"kind":94,"text":"Resources"},"endToken":{"kind":94,"text":"Resources"}},"identifier":"Resources"}}]}],"modifiers":[],"name":{"!":"com.github.javaparser.ast.expr.SimpleName","range":{"beginLine":1,"beginColumn":7,"endLine":1,"endColumn":10},"tokenRange":{"beginToken":{"kind":94,"text":"Test"},"endToken":{"kind":94,"text":"Test"}},"identifier":"Test"},"annotations":[]}]}