{"!":"com.github.javaparser.ast.CompilationUnit","range":{"beginLine":1,"beginColumn":1,"endLine":43,"endColumn":2},"tokenRange":{"beginToken":{"kind":19,"text":"class"},"endToken":{"kind":0,"text":""}},"imports":[],"types":[{"!":"com.github.javaparser.ast.body.ClassOrInterfaceDeclaration","range":{"beginLine":1,"beginColumn":1,"endLine":43,"endColumn":2},"tokenRange":{"beginToken":{"kind":19,"text":"class"},"endToken":{"kind":100,"text":"}"}},"extendedTypes":[],"implementedTypes":[],"isInterface":"false","typeParameters":[],"members":[{"!":"com.github.javaparser.ast.body.MethodDeclaration","range":{"beginLine":2,"beginColumn":2,"endLine":41,"endColumn":2},"tokenRange":{"beginToken":{"kind":107,"text":"@"},"endToken":{"kind":100,"text":"}"}},"body":{"!":"com.github.javaparser.ast.stmt.BlockStmt","range":{"beginLine":3,"beginColumn":70,"endLine":41,"endColumn":2},"tokenRange":{"beginToken":{"kind":99,"text":"{"},"endToken":{"kind":100,"text":"}"}},"statements":[{"!":"com.github.javaparser.ast.stmt.ExpressionStmt","range":{"beginLine":4,"beginColumn":3,"endLine":4,"endColumn":80},"tokenRange":{"beginToken":{"kind":94,"text":"reader"},"endToken":{"kind":103,"text":";"}},"expression":{"!":"com.github.javaparser.ast.expr.AssignExpr","range":{"beginLine":4,"beginColumn":3,"endLine":4,"endColumn":79},"tokenRange":{"beginToken":{"kind":94,"text":"reader"},"endToken":{"kind":98,"text":")"}},"operator":"ASSIGN","target":{"!":"com.github.javaparser.ast.expr.NameExpr","range":{"beginLine":4,"beginColumn":3,"endLine":4,"endColumn":8},"tokenRange":{"beginToken":{"kind":94,"text":"reader"},"endToken":{"kind":94,"text":"reader"}},"name":{"!":"com.github.javaparser.ast.expr.SimpleName","range":{"beginLine":4,"beginColumn":3,"endLine":4,"endColumn":8},"tokenRange":{"beginToken":{"kind":94,"text":"reader"},"endToken":{"kind":94,"text":"reader"}},"identifier":"reader"}},"value":{"!":"com.github.javaparser.ast.expr.MethodCallExpr","range":{"beginLine":4,"beginColumn":12,"endLine":4,"endColumn":79},"tokenRange":{"beginToken":{"kind":94,"text":"getReader"},"endToken":{"kind":98,"text":")"}},"arguments":[{"!":"com.github.javaparser.ast.expr.ClassExpr","range":{"beginLine":4,"beginColumn":23,"endLine":4,"endColumn":35},"tokenRange":{"beginToken":{"kind":94,"text":"Entity3"},"endToken":{"kind":19,"text":"class"}},"type":{"!":"com.github.javaparser.ast.type.ClassOrInterfaceType","range":{"beginLine":4,"beginColumn":23,"endLine":4,"endColumn":29},"tokenRange":{"beginToken":{"kind":94,"text":"Entity3"},"endToken":{"kind":94,"text":"Entity3"}},"name":{"!":"com.github.javaparser.ast.expr.SimpleName","range":{"beginLine":4,"beginColumn":23,"endLine":4,"endColumn":29},"tokenRange":{"beginToken":{"kind":94,"text":"Entity3"},"endToken":{"kind":94,"text":"Entity3"}},"identifier":"Entity3"},"annotations":[]}},{"!":"com.github.javaparser.ast.expr.StringLiteralExpr","range":{"beginLine":4,"beginColumn":38,"endLine":4,"endColumn":45},"tokenRange":{"beginToken":{"kind":90,"text":"\"field1\""},"endToken":{"kind":90,"text":"\"field1\""}},"value":"field1"},{"!":"com.github.javaparser.ast.expr.StringLiteralExpr","range":{"beginLine":4,"beginColumn":48,"endLine":4,"endColumn":77},"tokenRange":{"beginToken":{"kind":90,"text":"\"element-collection.orm11.xml\""},"endToken":{"kind":90,"text":"\"element-collection.orm11.xml\""}},"value":"element-collection.orm11.xml"}],"name":{"!":"com.github.javaparser.ast.expr.SimpleName","range":{"beginLine":4,"beginColumn":12,"endLine":4,"endColumn":20},"tokenRange":{"beginToken":{"kind":94,"text":"getReader"},"endToken":{"kind":94,"text":"getReader"}},"identifier":"getReader"}}}},{"!":"com.github.javaparser.ast.stmt.ExpressionStmt","range":{"beginLine":5,"beginColumn":3,"endLine":5,"endColumn":53},"tokenRange":{"beginToken":{"kind":94,"text":"assertAnnotationPresent"},"endToken":{"kind":103,"text":";"}},"expression":{"!":"com.github.javaparser.ast.expr.MethodCallExpr","range":{"beginLine":5,"beginColumn":3,"endLine":5,"endColumn":52},"tokenRange":{"beginToken":{"kind":94,"text":"assertAnnotationPresent"},"endToken":{"kind":98,"text":")"}},"arguments":[{"!":"com.github.javaparser.ast.expr.ClassExpr","range":{"beginLine":5,"beginColumn":28,"endLine":5,"endColumn":50},"tokenRange":{"beginToken":{"kind":94,"text":"ElementCollection"},"endToken":{"kind":19,"text":"class"}},"type":{"!":"com.github.javaparser.ast.type.ClassOrInterfaceType","range":{"beginLine":5,"beginColumn":28,"endLine":5,"endColumn":44},"tokenRange":{"beginToken":{"kind":94,"text":"ElementCollection"},"endToken":{"kind":94,"text":"ElementCollection"}},"name":{"!":"com.github.javaparser.ast.expr.SimpleName","range":{"beginLine":5,"beginColumn":28,"endLine":5,"endColumn":44},"tokenRange":{"beginToken":{"kind":94,"text":"ElementCollection"},"endToken":{"kind":94,"text":"ElementCollection"}},"identifier":"ElementCollection"},"annotations":[]}}],"name":{"!":"com.github.javaparser.ast.expr.SimpleName","range":{"beginLine":5,"beginColumn":3,"endLine":5,"endColumn":25},"tokenRange":{"beginToken":{"kind":94,"text":"assertAnnotationPresent"},"endToken":{"kind":94,"text":"assertAnnotationPresent"}},"identifier":"assertAnnotationPresent"}}},{"!":"com.github.javaparser.ast.stmt.ExpressionStmt","range":{"beginLine":6,"beginColumn":3,"endLine":6,"endColumn":45},"tokenRange":{"beginToken":{"kind":94,"text":"assertAnnotationNotPresent"},"endToken":{"kind":103,"text":";"}},"expression":{"!":"com.github.javaparser.ast.expr.MethodCallExpr","range":{"beginLine":6,"beginColumn":3,"endLine":6,"endColumn":44},"tokenRange":{"beginToken":{"kind":94,"text":"assertAnnotationNotPresent"},"endToken":{"kind":98,"text":")"}},"arguments":[{"!":"com.github.javaparser.ast.expr.ClassExpr","range":{"beginLine":6,"beginColumn":31,"endLine":6,"endColumn":42},"tokenRange":{"beginToken":{"kind":94,"text":"MapKey"},"endToken":{"kind":19,"text":"class"}},"type":{"!":"com.github.javaparser.ast.type.ClassOrInterfaceType","range":{"beginLine":6,"beginColumn":31,"endLine":6,"endColumn":36},"tokenRange":{"beginToken":{"kind":94,"text":"MapKey"},"endToken":{"kind":94,"text":"MapKey"}},"name":{"!":"com.github.javaparser.ast.expr.SimpleName","range":{"beginLine":6,"beginColumn":31,"endLine":6,"endColumn":36},"tokenRange":{"beginToken":{"kind":94,"text":"MapKey"},"endToken":{"kind":94,"text":"MapKey"}},"identifier":"MapKey"},"annotations":[]}}],"name":{"!":"com.github.javaparser.ast.expr.SimpleName","range":{"beginLine":6,"beginColumn":3,"endLine":6,"endColumn":28},"tokenRange":{"beginToken":{"kind":94,"text":"assertAnnotationNotPresent"},"endToken":{"kind":94,"text":"assertAnnotationNotPresent"}},"identifier":"assertAnnotationNotPresent"}}},{"!":"com.github.javaparser.ast.stmt.ExpressionStmt","range":{"beginLine":7,"beginColumn":3,"endLine":7,"endColumn":50},"tokenRange":{"beginToken":{"kind":94,"text":"assertAnnotationNotPresent"},"endToken":{"kind":103,"text":";"}},"expression":{"!":"com.github.javaparser.ast.expr.MethodCallExpr","range":{"beginLine":7,"beginColumn":3,"endLine":7,"endColumn":49},"tokenRange":{"beginToken":{"kind":94,"text":"assertAnnotationNotPresent"},"endToken":{"kind":98,"text":")"}},"arguments":[{"!":"com.github.javaparser.ast.expr.ClassExpr","range":{"beginLine":7,"beginColumn":31,"endLine":7,"endColumn":47},"tokenRange":{"beginToken":{"kind":94,"text":"MapKeyClass"},"endToken":{"kind":19,"text":"class"}},"type":{"!":"com.github.javaparser.ast.type.ClassOrInterfaceType","range":{"beginLine":7,"beginColumn":31,"endLine":7,"endColumn":41},"tokenRange":{"beginToken":{"kind":94,"text":"MapKeyClass"},"endToken":{"kind":94,"text":"MapKeyClass"}},"name":{"!":"com.github.javaparser.ast.expr.SimpleName","range":{"beginLine":7,"beginColumn":31,"endLine":7,"endColumn":41},"tokenRange":{"beginToken":{"kind":94,"text":"MapKeyClass"},"endToken":{"kind":94,"text":"MapKeyClass"}},"identifier":"MapKeyClass"},"annotations":[]}}],"name":{"!":"com.github.javaparser.ast.expr.SimpleName","range":{"beginLine":7,"beginColumn":3,"endLine":7,"endColumn":28},"tokenRange":{"beginToken":{"kind":94,"text":"assertAnnotationNotPresent"},"endToken":{"kind":94,"text":"assertAnnotationNotPresent"}},"identifier":"assertAnnotationNotPresent"}}},{"!":"com.github.javaparser.ast.stmt.ExpressionStmt","range":{"beginLine":8,"beginColumn":3,"endLine":8,"endColumn":53},"tokenRange":{"beginToken":{"kind":94,"text":"assertAnnotationNotPresent"},"endToken":{"kind":103,"text":";"}},"expression":{"!":"com.github.javaparser.ast.expr.MethodCallExpr","range":{"beginLine":8,"beginColumn":3,"endLine":8,"endColumn":52},"tokenRange":{"beginToken":{"kind":94,"text":"assertAnnotationNotPresent"},"endToken":{"kind":98,"text":")"}},"arguments":[{"!":"com.github.javaparser.ast.expr.ClassExpr","range":{"beginLine":8,"beginColumn":31,"endLine":8,"endColumn":50},"tokenRange":{"beginToken":{"kind":94,"text":"MapKeyTemporal"},"endToken":{"kind":19,"text":"class"}},"type":{"!":"com.github.javaparser.ast.type.ClassOrInterfaceType","range":{"beginLine":8,"beginColumn":31,"endLine":8,"endColumn":44},"tokenRange":{"beginToken":{"kind":94,"text":"MapKeyTemporal"},"endToken":{"kind":94,"text":"MapKeyTemporal"}},"name":{"!":"com.github.javaparser.ast.expr.SimpleName","range":{"beginLine":8,"beginColumn":31,"endLine":8,"endColumn":44},"tokenRange":{"beginToken":{"kind":94,"text":"MapKeyTemporal"},"endToken":{"kind":94,"text":"MapKeyTemporal"}},"identifier":"MapKeyTemporal"},"annotations":[]}}],"name":{"!":"com.github.javaparser.ast.expr.SimpleName","range":{"beginLine":8,"beginColumn":3,"endLine":8,"endColumn":28},"tokenRange":{"beginToken":{"kind":94,"text":"assertAnnotationNotPresent"},"endToken":{"kind":94,"text":"assertAnnotationNotPresent"}},"identifier":"assertAnnotationNotPresent"}}},{"!":"com.github.javaparser.ast.stmt.ExpressionStmt","range":{"beginLine":9,"beginColumn":3,"endLine":9,"endColumn":55},"tokenRange":{"beginToken":{"kind":94,"text":"assertAnnotationNotPresent"},"endToken":{"kind":103,"text":";"}},"expression":{"!":"com.github.javaparser.ast.expr.MethodCallExpr","range":{"beginLine":9,"beginColumn":3,"endLine":9,"endColumn":54},"tokenRange":{"beginToken":{"kind":94,"text":"assertAnnotationNotPresent"},"endToken":{"kind":98,"text":")"}},"arguments":[{"!":"com.github.javaparser.ast.expr.ClassExpr","range":{"beginLine":9,"beginColumn":31,"endLine":9,"endColumn":52},"tokenRange":{"beginToken":{"kind":94,"text":"MapKeyEnumerated"},"endToken":{"kind":19,"text":"class"}},"type":{"!":"com.github.javaparser.ast.type.ClassOrInterfaceType","range":{"beginLine":9,"beginColumn":31,"endLine":9,"endColumn":46},"tokenRange":{"beginToken":{"kind":94,"text":"MapKeyEnumerated"},"endToken":{"kind":94,"text":"MapKeyEnumerated"}},"name":{"!":"com.github.javaparser.ast.expr.SimpleName","range":{"beginLine":9,"beginColumn":31,"endLine":9,"endColumn":46},"tokenRange":{"beginToken":{"kind":94,"text":"MapKeyEnumerated"},"endToken":{"kind":94,"text":"MapKeyEnumerated"}},"identifier":"MapKeyEnumerated"},"annotations":[]}}],"name":{"!":"com.github.javaparser.ast.expr.SimpleName","range":{"beginLine":9,"beginColumn":3,"endLine":9,"endColumn":28},"tokenRange":{"beginToken":{"kind":94,"text":"assertAnnotationNotPresent"},"endToken":{"kind":94,"text":"assertAnnotationNotPresent"}},"identifier":"assertAnnotationNotPresent"}}},{"!":"com.github.javaparser.ast.stmt.ExpressionStmt","range":{"beginLine":10,"beginColumn":3,"endLine":10,"endColumn":51},"tokenRange":{"beginToken":{"kind":94,"text":"assertAnnotationNotPresent"},"endToken":{"kind":103,"text":";"}},"expression":{"!":"com.github.javaparser.ast.expr.MethodCallExpr","range":{"beginLine":10,"beginColumn":3,"endLine":10,"endColumn":50},"tokenRange":{"beginToken":{"kind":94,"text":"assertAnnotationNotPresent"},"endToken":{"kind":98,"text":")"}},"arguments":[{"!":"com.github.javaparser.ast.expr.ClassExpr","range":{"beginLine":10,"beginColumn":31,"endLine":10,"endColumn":48},"tokenRange":{"beginToken":{"kind":94,"text":"MapKeyColumn"},"endToken":{"kind":19,"text":"class"}},"type":{"!":"com.github.javaparser.ast.type.ClassOrInterfaceType","range":{"beginLine":10,"beginColumn":31,"endLine":10,"endColumn":42},"tokenRange":{"beginToken":{"kind":94,"text":"MapKeyColumn"},"endToken":{"kind":94,"text":"MapKeyColumn"}},"name":{"!":"com.github.javaparser.ast.expr.SimpleName","range":{"beginLine":10,"beginColumn":31,"endLine":10,"endColumn":42},"tokenRange":{"beginToken":{"kind":94,"text":"MapKeyColumn"},"endToken":{"kind":94,"text":"MapKeyColumn"}},"identifier":"MapKeyColumn"},"annotations":[]}}],"name":{"!":"com.github.javaparser.ast.expr.SimpleName","range":{"beginLine":10,"beginColumn":3,"endLine":10,"endColumn":28},"tokenRange":{"beginToken":{"kind":94,"text":"assertAnnotationNotPresent"},"endToken":{"kind":94,"text":"assertAnnotationNotPresent"}},"identifier":"assertAnnotationNotPresent"}}},{"!":"com.github.javaparser.ast.stmt.ExpressionStmt","range":{"beginLine":11,"beginColumn":3,"endLine":11,"endColumn":56},"tokenRange":{"beginToken":{"kind":94,"text":"assertAnnotationNotPresent"},"endToken":{"kind":103,"text":";"}},"expression":{"!":"com.github.javaparser.ast.expr.MethodCallExpr","range":{"beginLine":11,"beginColumn":3,"endLine":11,"endColumn":55},"tokenRange":{"beginToken":{"kind":94,"text":"assertAnnotationNotPresent"},"endToken":{"kind":98,"text":")"}},"arguments":[{"!":"com.github.javaparser.ast.expr.ClassExpr","range":{"beginLine":11,"beginColumn":31,"endLine":11,"endColumn":53},"tokenRange":{"beginToken":{"kind":94,"text":"MapKeyJoinColumns"},"endToken":{"kind":19,"text":"class"}},"type":{"!":"com.github.javaparser.ast.type.ClassOrInterfaceType","range":{"beginLine":11,"beginColumn":31,"endLine":11,"endColumn":47},"tokenRange":{"beginToken":{"kind":94,"text":"MapKeyJoinColumns"},"endToken":{"kind":94,"text":"MapKeyJoinColumns"}},"name":{"!":"com.github.javaparser.ast.expr.SimpleName","range":{"beginLine":11,"beginColumn":31,"endLine":11,"endColumn":47},"tokenRange":{"beginToken":{"kind":94,"text":"MapKeyJoinColumns"},"endToken":{"kind":94,"text":"MapKeyJoinColumns"}},"identifier":"MapKeyJoinColumns"},"annotations":[]}}],"name":{"!":"com.github.javaparser.ast.expr.SimpleName","range":{"beginLine":11,"beginColumn":3,"endLine":11,"endColumn":28},"tokenRange":{"beginToken":{"kind":94,"text":"assertAnnotationNotPresent"},"endToken":{"kind":94,"text":"assertAnnotationNotPresent"}},"identifier":"assertAnnotationNotPresent"}}},{"!":"com.github.javaparser.ast.stmt.ExpressionStmt","range":{"beginLine":12,"beginColumn":3,"endLine":12,"endColumn":55},"tokenRange":{"beginToken":{"kind":94,"text":"assertAnnotationNotPresent"},"endToken":{"kind":103,"text":";"}},"expression":{"!":"com.github.javaparser.ast.expr.MethodCallExpr","range":{"beginLine":12,"beginColumn":3,"endLine":12,"endColumn":54},"tokenRange":{"beginToken":{"kind":94,"text":"assertAnnotationNotPresent"},"endToken":{"kind":98,"text":")"}},"arguments":[{"!":"com.github.javaparser.ast.expr.ClassExpr","range":{"beginLine":12,"beginColumn":31,"endLine":12,"endColumn":52},"tokenRange":{"beginToken":{"kind":94,"text":"MapKeyJoinColumn"},"endToken":{"kind":19,"text":"class"}},"type":{"!":"com.github.javaparser.ast.type.ClassOrInterfaceType","range":{"beginLine":12,"beginColumn":31,"endLine":12,"endColumn":46},"tokenRange":{"beginToken":{"kind":94,"text":"MapKeyJoinColumn"},"endToken":{"kind":94,"text":"MapKeyJoinColumn"}},"name":{"!":"com.github.javaparser.ast.expr.SimpleName","range":{"beginLine":12,"beginColumn":31,"endLine":12,"endColumn":46},"tokenRange":{"beginToken":{"kind":94,"text":"MapKeyJoinColumn"},"endToken":{"kind":94,"text":"MapKeyJoinColumn"}},"identifier":"MapKeyJoinColumn"},"annotations":[]}}],"name":{"!":"com.github.javaparser.ast.expr.SimpleName","range":{"beginLine":12,"beginColumn":3,"endLine":12,"endColumn":28},"tokenRange":{"beginToken":{"kind":94,"text":"assertAnnotationNotPresent"},"endToken":{"kind":94,"text":"assertAnnotationNotPresent"}},"identifier":"assertAnnotationNotPresent"}}},{"!":"com.github.javaparser.ast.stmt.ExpressionStmt","range":{"beginLine":13,"beginColumn":3,"endLine":13,"endColumn":56},"tokenRange":{"beginToken":{"kind":94,"text":"assertAnnotationNotPresent"},"endToken":{"kind":103,"text":";"}},"expression":{"!":"com.github.javaparser.ast.expr.MethodCallExpr","range":{"beginLine":13,"beginColumn":3,"endLine":13,"endColumn":55},"tokenRange":{"beginToken":{"kind":94,"text":"assertAnnotationNotPresent"},"endToken":{"kind":98,"text":")"}},"arguments":[{"!":"com.github.javaparser.ast.expr.ClassExpr","range":{"beginLine":13,"beginColumn":31,"endLine":13,"endColumn":53},"tokenRange":{"beginToken":{"kind":94,"text":"AttributeOverride"},"endToken":{"kind":19,"text":"class"}},"type":{"!":"com.github.javaparser.ast.type.ClassOrInterfaceType","range":{"beginLine":13,"beginColumn":31,"endLine":13,"endColumn":47},"tokenRange":{"beginToken":{"kind":94,"text":"AttributeOverride"},"endToken":{"kind":94,"text":"AttributeOverride"}},"name":{"!":"com.github.javaparser.ast.expr.SimpleName","range":{"beginLine":13,"beginColumn":31,"endLine":13,"endColumn":47},"tokenRange":{"beginToken":{"kind":94,"text":"AttributeOverride"},"endToken":{"kind":94,"text":"AttributeOverride"}},"identifier":"AttributeOverride"},"annotations":[]}}],"name":{"!":"com.github.javaparser.ast.expr.SimpleName","range":{"beginLine":13,"beginColumn":3,"endLine":13,"endColumn":28},"tokenRange":{"beginToken":{"kind":94,"text":"assertAnnotationNotPresent"},"endToken":{"kind":94,"text":"assertAnnotationNotPresent"}},"identifier":"assertAnnotationNotPresent"}}},{"!":"com.github.javaparser.ast.stmt.ExpressionStmt","range":{"beginLine":14,"beginColumn":3,"endLine":14,"endColumn":54},"tokenRange":{"beginToken":{"kind":94,"text":"assertAnnotationPresent"},"endToken":{"kind":103,"text":";"}},"expression":{"!":"com.github.javaparser.ast.expr.MethodCallExpr","range":{"beginLine":14,"beginColumn":3,"endLine":14,"endColumn":53},"tokenRange":{"beginToken":{"kind":94,"text":"assertAnnotationPresent"},"endToken":{"kind":98,"text":")"}},"arguments":[{"!":"com.github.javaparser.ast.expr.ClassExpr","range":{"beginLine":14,"beginColumn":28,"endLine":14,"endColumn":51},"tokenRange":{"beginToken":{"kind":94,"text":"AttributeOverrides"},"endToken":{"kind":19,"text":"class"}},"type":{"!":"com.github.javaparser.ast.type.ClassOrInterfaceType","range":{"beginLine":14,"beginColumn":28,"endLine":14,"endColumn":45},"tokenRange":{"beginToken":{"kind":94,"text":"AttributeOverrides"},"endToken":{"kind":94,"text":"AttributeOverrides"}},"name":{"!":"com.github.javaparser.ast.expr.SimpleName","range":{"beginLine":14,"beginColumn":28,"endLine":14,"endColumn":45},"tokenRange":{"beginToken":{"kind":94,"text":"AttributeOverrides"},"endToken":{"kind":94,"text":"AttributeOverrides"}},"identifier":"AttributeOverrides"},"annotations":[]}}],"name":{"!":"com.github.javaparser.ast.expr.SimpleName","range":{"beginLine":14,"beginColumn":3,"endLine":14,"endColumn":25},"tokenRange":{"beginToken":{"kind":94,"text":"assertAnnotationPresent"},"endToken":{"kind":94,"text":"assertAnnotationPresent"}},"identifier":"assertAnnotationPresent"}}},{"!":"com.github.javaparser.ast.stmt.ExpressionStmt","range":{"beginLine":15,"beginColumn":3,"endLine":16,"endColumn":47},"tokenRange":{"beginToken":{"kind":94,"text":"AttributeOverrides"},"endToken":{"kind":103,"text":";"}},"expression":{"!":"com.github.javaparser.ast.expr.VariableDeclarationExpr","range":{"beginLine":15,"beginColumn":3,"endLine":16,"endColumn":46},"tokenRange":{"beginToken":{"kind":94,"text":"AttributeOverrides"},"endToken":{"kind":98,"text":")"}},"annotations":[],"modifiers":[],"variables":[{"!":"com.github.javaparser.ast.body.VariableDeclarator","range":{"beginLine":15,"beginColumn":22,"endLine":16,"endColumn":46},"tokenRange":{"beginToken":{"kind":94,"text":"overridesAnno"},"endToken":{"kind":98,"text":")"}},"initializer":{"!":"com.github.javaparser.ast.expr.MethodCallExpr","range":{"beginLine":15,"beginColumn":38,"endLine":16,"endColumn":46},"tokenRange":{"beginToken":{"kind":94,"text":"reader"},"endToken":{"kind":98,"text":")"}},"arguments":[{"!":"com.github.javaparser.ast.expr.ClassExpr","range":{"beginLine":16,"beginColumn":21,"endLine":16,"endColumn":44},"tokenRange":{"beginToken":{"kind":94,"text":"AttributeOverrides"},"endToken":{"kind":19,"text":"class"}},"type":{"!":"com.github.javaparser.ast.type.ClassOrInterfaceType","range":{"beginLine":16,"beginColumn":21,"endLine":16,"endColumn":38},"tokenRange":{"beginToken":{"kind":94,"text":"AttributeOverrides"},"endToken":{"kind":94,"text":"AttributeOverrides"}},"name":{"!":"com.github.javaparser.ast.expr.SimpleName","range":{"beginLine":16,"beginColumn":21,"endLine":16,"endColumn":38},"tokenRange":{"beginToken":{"kind":94,"text":"AttributeOverrides"},"endToken":{"kind":94,"text":"AttributeOverrides"}},"identifier":"AttributeOverrides"},"annotations":[]}}],"name":{"!":"com.github.javaparser.ast.expr.SimpleName","range":{"beginLine":16,"beginColumn":6,"endLine":16,"endColumn":18},"tokenRange":{"beginToken":{"kind":94,"text":"getAnnotation"},"endToken":{"kind":94,"text":"getAnnotation"}},"identifier":"getAnnotation"},"scope":{"!":"com.github.javaparser.ast.expr.NameExpr","range":{"beginLine":15,"beginColumn":38,"endLine":15,"endColumn":43},"tokenRange":{"beginToken":{"kind":94,"text":"reader"},"endToken":{"kind":94,"text":"reader"}},"name":{"!":"com.github.javaparser.ast.expr.SimpleName","range":{"beginLine":15,"beginColumn":38,"endLine":15,"endColumn":43},"tokenRange":{"beginToken":{"kind":94,"text":"reader"},"endToken":{"kind":94,"text":"reader"}},"identifier":"reader"}}},"name":{"!":"com.github.javaparser.ast.expr.SimpleName","range":{"beginLine":15,"beginColumn":22,"endLine":15,"endColumn":34},"tokenRange":{"beginToken":{"kind":94,"text":"overridesAnno"},"endToken":{"kind":94,"text":"overridesAnno"}},"identifier":"overridesAnno"},"type":{"!":"com.github.javaparser.ast.type.ClassOrInterfaceType","range":{"beginLine":15,"beginColumn":3,"endLine":15,"endColumn":20},"tokenRange":{"beginToken":{"kind":94,"text":"AttributeOverrides"},"endToken":{"kind":94,"text":"AttributeOverrides"}},"name":{"!":"com.github.javaparser.ast.expr.SimpleName","range":{"beginLine":15,"beginColumn":3,"endLine":15,"endColumn":20},"tokenRange":{"beginToken":{"kind":94,"text":"AttributeOverrides"},"endToken":{"kind":94,"text":"AttributeOverrides"}},"identifier":"AttributeOverrides"},"annotations":[]}}]}},{"!":"com.github.javaparser.ast.stmt.ExpressionStmt","range":{"beginLine":17,"beginColumn":3,"endLine":17,"endColumn":56},"tokenRange":{"beginToken":{"kind":94,"text":"AttributeOverride"},"endToken":{"kind":103,"text":";"}},"expression":{"!":"com.github.javaparser.ast.expr.VariableDeclarationExpr","range":{"beginLine":17,"beginColumn":3,"endLine":17,"endColumn":55},"tokenRange":{"beginToken":{"kind":94,"text":"AttributeOverride"},"endToken":{"kind":98,"text":")"}},"annotations":[],"modifiers":[],"variables":[{"!":"com.github.javaparser.ast.body.VariableDeclarator","range":{"beginLine":17,"beginColumn":23,"endLine":17,"endColumn":55},"tokenRange":{"beginToken":{"kind":94,"text":"overrides"},"endToken":{"kind":98,"text":")"}},"initializer":{"!":"com.github.javaparser.ast.expr.MethodCallExpr","range":{"beginLine":17,"beginColumn":35,"endLine":17,"endColumn":55},"tokenRange":{"beginToken":{"kind":94,"text":"overridesAnno"},"endToken":{"kind":98,"text":")"}},"arguments":[],"name":{"!":"com.github.javaparser.ast.expr.SimpleName","range":{"beginLine":17,"beginColumn":49,"endLine":17,"endColumn":53},"tokenRange":{"beginToken":{"kind":94,"text":"value"},"endToken":{"kind":94,"text":"value"}},"identifier":"value"},"scope":{"!":"com.github.javaparser.ast.expr.NameExpr","range":{"beginLine":17,"beginColumn":35,"endLine":17,"endColumn":47},"tokenRange":{"beginToken":{"kind":94,"text":"overridesAnno"},"endToken":{"kind":94,"text":"overridesAnno"}},"name":{"!":"com.github.javaparser.ast.expr.SimpleName","range":{"beginLine":17,"beginColumn":35,"endLine":17,"endColumn":47},"tokenRange":{"beginToken":{"kind":94,"text":"overridesAnno"},"endToken":{"kind":94,"text":"overridesAnno"}},"identifier":"overridesAnno"}}},"name":{"!":"com.github.javaparser.ast.expr.SimpleName","range":{"beginLine":17,"beginColumn":23,"endLine":17,"endColumn":31},"tokenRange":{"beginToken":{"kind":94,"text":"overrides"},"endToken":{"kind":94,"text":"overrides"}},"identifier":"overrides"},"type":{"!":"com.github.javaparser.ast.type.ArrayType","range":{"beginLine":17,"beginColumn":3,"endLine":17,"endColumn":21},"tokenRange":{"beginToken":{"kind":94,"text":"AttributeOverride"},"endToken":{"kind":102,"text":"]"}},"componentType":{"!":"com.github.javaparser.ast.type.ClassOrInterfaceType","range":{"beginLine":17,"beginColumn":3,"endLine":17,"endColumn":19},"tokenRange":{"beginToken":{"kind":94,"text":"AttributeOverride"},"endToken":{"kind":94,"text":"AttributeOverride"}},"name":{"!":"com.github.javaparser.ast.expr.SimpleName","range":{"beginLine":17,"beginColumn":3,"endLine":17,"endColumn":19},"tokenRange":{"beginToken":{"kind":94,"text":"AttributeOverride"},"endToken":{"kind":94,"text":"AttributeOverride"}},"identifier":"AttributeOverride"},"annotations":[]},"origin":"TYPE","annotations":[]}}]}},{"!":"com.github.javaparser.ast.stmt.ExpressionStmt","range":{"beginLine":18,"beginColumn":3,"endLine":18,"endColumn":38},"tokenRange":{"beginToken":{"kind":94,"text":"assertEquals"},"endToken":{"kind":103,"text":";"}},"expression":{"!":"com.github.javaparser.ast.expr.MethodCallExpr","range":{"beginLine":18,"beginColumn":3,"endLine":18,"endColumn":37},"tokenRange":{"beginToken":{"kind":94,"text":"assertEquals"},"endToken":{"kind":98,"text":")"}},"arguments":[{"!":"com.github.javaparser.ast.expr.IntegerLiteralExpr","range":{"beginLine":18,"beginColumn":17,"endLine":18,"endColumn":17},"tokenRange":{"beginToken":{"kind":77,"text":"2"},"endToken":{"kind":77,"text":"2"}},"value":"2"},{"!":"com.github.javaparser.ast.expr.FieldAccessExpr","range":{"beginLine":18,"beginColumn":20,"endLine":18,"endColumn":35},"tokenRange":{"beginToken":{"kind":94,"text":"overrides"},"endToken":{"kind":94,"text":"length"}},"name":{"!":"com.github.javaparser.ast.expr.SimpleName","range":{"beginLine":18,"beginColumn":30,"endLine":18,"endColumn":35},"tokenRange":{"beginToken":{"kind":94,"text":"length"},"endToken":{"kind":94,"text":"length"}},"identifier":"length"},"scope":{"!":"com.github.javaparser.ast.expr.NameExpr","range":{"beginLine":18,"beginColumn":20,"endLine":18,"endColumn":28},"tokenRange":{"beginToken":{"kind":94,"text":"overrides"},"endToken":{"kind":94,"text":"overrides"}},"name":{"!":"com.github.javaparser.ast.expr.SimpleName","range":{"beginLine":18,"beginColumn":20,"endLine":18,"endColumn":28},"tokenRange":{"beginToken":{"kind":94,"text":"overrides"},"endToken":{"kind":94,"text":"overrides"}},"identifier":"overrides"}}}],"name":{"!":"com.github.javaparser.ast.expr.SimpleName","range":{"beginLine":18,"beginColumn":3,"endLine":18,"endColumn":14},"tokenRange":{"beginToken":{"kind":94,"text":"assertEquals"},"endToken":{"kind":94,"text":"assertEquals"}},"identifier":"assertEquals"}}},{"!":"com.github.javaparser.ast.stmt.ExpressionStmt","range":{"beginLine":19,"beginColumn":3,"endLine":19,"endColumn":48},"tokenRange":{"beginToken":{"kind":94,"text":"assertEquals"},"endToken":{"kind":103,"text":";"}},"expression":{"!":"com.github.javaparser.ast.expr.MethodCallExpr","range":{"beginLine":19,"beginColumn":3,"endLine":19,"endColumn":47},"tokenRange":{"beginToken":{"kind":94,"text":"assertEquals"},"endToken":{"kind":98,"text":")"}},"arguments":[{"!":"com.github.javaparser.ast.expr.StringLiteralExpr","range":{"beginLine":19,"beginColumn":17,"endLine":19,"endColumn":24},"tokenRange":{"beginToken":{"kind":90,"text":"\"field1\""},"endToken":{"kind":90,"text":"\"field1\""}},"value":"field1"},{"!":"com.github.javaparser.ast.expr.MethodCallExpr","range":{"beginLine":19,"beginColumn":27,"endLine":19,"endColumn":45},"tokenRange":{"beginToken":{"kind":94,"text":"overrides"},"endToken":{"kind":98,"text":")"}},"arguments":[],"name":{"!":"com.github.javaparser.ast.expr.SimpleName","range":{"beginLine":19,"beginColumn":40,"endLine":19,"endColumn":43},"tokenRange":{"beginToken":{"kind":94,"text":"name"},"endToken":{"kind":94,"text":"name"}},"identifier":"name"},"scope":{"!":"com.github.javaparser.ast.expr.ArrayAccessExpr","range":{"beginLine":19,"beginColumn":27,"endLine":19,"endColumn":38},"tokenRange":{"beginToken":{"kind":94,"text":"overrides"},"endToken":{"kind":102,"text":"]"}},"index":{"!":"com.github.javaparser.ast.expr.IntegerLiteralExpr","range":{"beginLine":19,"beginColumn":37,"endLine":19,"endColumn":37},"tokenRange":{"beginToken":{"kind":77,"text":"0"},"endToken":{"kind":77,"text":"0"}},"value":"0"},"name":{"!":"com.github.javaparser.ast.expr.NameExpr","range":{"beginLine":19,"beginColumn":27,"endLine":19,"endColumn":35},"tokenRange":{"beginToken":{"kind":94,"text":"overrides"},"endToken":{"kind":94,"text":"overrides"}},"name":{"!":"com.github.javaparser.ast.expr.SimpleName","range":{"beginLine":19,"beginColumn":27,"endLine":19,"endColumn":35},"tokenRange":{"beginToken":{"kind":94,"text":"overrides"},"endToken":{"kind":94,"text":"overrides"}},"identifier":"overrides"}}}}],"name":{"!":"com.github.javaparser.ast.expr.SimpleName","range":{"beginLine":19,"beginColumn":3,"endLine":19,"endColumn":14},"tokenRange":{"beginToken":{"kind":94,"text":"assertEquals"},"endToken":{"kind":94,"text":"assertEquals"}},"identifier":"assertEquals"}}},{"!":"com.github.javaparser.ast.stmt.ExpressionStmt","range":{"beginLine":20,"beginColumn":3,"endLine":20,"endColumn":51},"tokenRange":{"beginToken":{"kind":94,"text":"assertEquals"},"endToken":{"kind":103,"text":";"}},"expression":{"!":"com.github.javaparser.ast.expr.MethodCallExpr","range":{"beginLine":20,"beginColumn":3,"endLine":20,"endColumn":50},"tokenRange":{"beginToken":{"kind":94,"text":"assertEquals"},"endToken":{"kind":98,"text":")"}},"arguments":[{"!":"com.github.javaparser.ast.expr.StringLiteralExpr","range":{"beginLine":20,"beginColumn":17,"endLine":20,"endColumn":18},"tokenRange":{"beginToken":{"kind":90,"text":"\"\""},"endToken":{"kind":90,"text":"\"\""}},"value":""},{"!":"com.github.javaparser.ast.expr.MethodCallExpr","range":{"beginLine":20,"beginColumn":21,"endLine":20,"endColumn":48},"tokenRange":{"beginToken":{"kind":94,"text":"overrides"},"endToken":{"kind":98,"text":")"}},"arguments":[],"name":{"!":"com.github.javaparser.ast.expr.SimpleName","range":{"beginLine":20,"beginColumn":43,"endLine":20,"endColumn":46},"tokenRange":{"beginToken":{"kind":94,"text":"name"},"endToken":{"kind":94,"text":"name"}},"identifier":"name"},"scope":{"!":"com.github.javaparser.ast.expr.MethodCallExpr","range":{"beginLine":20,"beginColumn":21,"endLine":20,"endColumn":41},"tokenRange":{"beginToken":{"kind":94,"text":"overrides"},"endToken":{"kind":98,"text":")"}},"arguments":[],"name":{"!":"com.github.javaparser.ast.expr.SimpleName","range":{"beginLine":20,"beginColumn":34,"endLine":20,"endColumn":39},"tokenRange":{"beginToken":{"kind":94,"text":"column"},"endToken":{"kind":94,"text":"column"}},"identifier":"column"},"scope":{"!":"com.github.javaparser.ast.expr.ArrayAccessExpr","range":{"beginLine":20,"beginColumn":21,"endLine":20,"endColumn":32},"tokenRange":{"beginToken":{"kind":94,"text":"overrides"},"endToken":{"kind":102,"text":"]"}},"index":{"!":"com.github.javaparser.ast.expr.IntegerLiteralExpr","range":{"beginLine":20,"beginColumn":31,"endLine":20,"endColumn":31},"tokenRange":{"beginToken":{"kind":77,"text":"0"},"endToken":{"kind":77,"text":"0"}},"value":"0"},"name":{"!":"com.github.javaparser.ast.expr.NameExpr","range":{"beginLine":20,"beginColumn":21,"endLine":20,"endColumn":29},"tokenRange":{"beginToken":{"kind":94,"text":"overrides"},"endToken":{"kind":94,"text":"overrides"}},"name":{"!":"com.github.javaparser.ast.expr.SimpleName","range":{"beginLine":20,"beginColumn":21,"endLine":20,"endColumn":29},"tokenRange":{"beginToken":{"kind":94,"text":"overrides"},"endToken":{"kind":94,"text":"overrides"}},"identifier":"overrides"}}}}}],"name":{"!":"com.github.javaparser.ast.expr.SimpleName","range":{"beginLine":20,"beginColumn":3,"endLine":20,"endColumn":14},"tokenRange":{"beginToken":{"kind":94,"text":"assertEquals"},"endToken":{"kind":94,"text":"assertEquals"}},"identifier":"assertEquals"}}},{"!":"com.github.javaparser.ast.stmt.ExpressionStmt","range":{"beginLine":21,"beginColumn":3,"endLine":21,"endColumn":48},"tokenRange":{"beginToken":{"kind":94,"text":"assertFalse"},"endToken":{"kind":103,"text":";"}},"expression":{"!":"com.github.javaparser.ast.expr.MethodCallExpr","range":{"beginLine":21,"beginColumn":3,"endLine":21,"endColumn":47},"tokenRange":{"beginToken":{"kind":94,"text":"assertFalse"},"endToken":{"kind":98,"text":")"}},"arguments":[{"!":"com.github.javaparser.ast.expr.MethodCallExpr","range":{"beginLine":21,"beginColumn":16,"endLine":21,"endColumn":45},"tokenRange":{"beginToken":{"kind":94,"text":"overrides"},"endToken":{"kind":98,"text":")"}},"arguments":[],"name":{"!":"com.github.javaparser.ast.expr.SimpleName","range":{"beginLine":21,"beginColumn":38,"endLine":21,"endColumn":43},"tokenRange":{"beginToken":{"kind":94,"text":"unique"},"endToken":{"kind":94,"text":"unique"}},"identifier":"unique"},"scope":{"!":"com.github.javaparser.ast.expr.MethodCallExpr","range":{"beginLine":21,"beginColumn":16,"endLine":21,"endColumn":36},"tokenRange":{"beginToken":{"kind":94,"text":"overrides"},"endToken":{"kind":98,"text":")"}},"arguments":[],"name":{"!":"com.github.javaparser.ast.expr.SimpleName","range":{"beginLine":21,"beginColumn":29,"endLine":21,"endColumn":34},"tokenRange":{"beginToken":{"kind":94,"text":"column"},"endToken":{"kind":94,"text":"column"}},"identifier":"column"},"scope":{"!":"com.github.javaparser.ast.expr.ArrayAccessExpr","range":{"beginLine":21,"beginColumn":16,"endLine":21,"endColumn":27},"tokenRange":{"beginToken":{"kind":94,"text":"overrides"},"endToken":{"kind":102,"text":"]"}},"index":{"!":"com.github.javaparser.ast.expr.IntegerLiteralExpr","range":{"beginLine":21,"beginColumn":26,"endLine":21,"endColumn":26},"tokenRange":{"beginToken":{"kind":77,"text":"0"},"endToken":{"kind":77,"text":"0"}},"value":"0"},"name":{"!":"com.github.javaparser.ast.expr.NameExpr","range":{"beginLine":21,"beginColumn":16,"endLine":21,"endColumn":24},"tokenRange":{"beginToken":{"kind":94,"text":"overrides"},"endToken":{"kind":94,"text":"overrides"}},"name":{"!":"com.github.javaparser.ast.expr.SimpleName","range":{"beginLine":21,"beginColumn":16,"endLine":21,"endColumn":24},"tokenRange":{"beginToken":{"kind":94,"text":"overrides"},"endToken":{"kind":94,"text":"overrides"}},"identifier":"overrides"}}}}}],"name":{"!":"com.github.javaparser.ast.expr.SimpleName","range":{"beginLine":21,"beginColumn":3,"endLine":21,"endColumn":13},"tokenRange":{"beginToken":{"kind":94,"text":"assertFalse"},"endToken":{"kind":94,"text":"assertFalse"}},"identifier":"assertFalse"}}},{"!":"com.github.javaparser.ast.stmt.ExpressionStmt","range":{"beginLine":22,"beginColumn":3,"endLine":22,"endColumn":49},"tokenRange":{"beginToken":{"kind":94,"text":"assertTrue"},"endToken":{"kind":103,"text":";"}},"expression":{"!":"com.github.javaparser.ast.expr.MethodCallExpr","range":{"beginLine":22,"beginColumn":3,"endLine":22,"endColumn":48},"tokenRange":{"beginToken":{"kind":94,"text":"assertTrue"},"endToken":{"kind":98,"text":")"}},"arguments":[{"!":"com.github.javaparser.ast.expr.MethodCallExpr","range":{"beginLine":22,"beginColumn":15,"endLine":22,"endColumn":46},"tokenRange":{"beginToken":{"kind":94,"text":"overrides"},"endToken":{"kind":98,"text":")"}},"arguments":[],"name":{"!":"com.github.javaparser.ast.expr.SimpleName","range":{"beginLine":22,"beginColumn":37,"endLine":22,"endColumn":44},"tokenRange":{"beginToken":{"kind":94,"text":"nullable"},"endToken":{"kind":94,"text":"nullable"}},"identifier":"nullable"},"scope":{"!":"com.github.javaparser.ast.expr.MethodCallExpr","range":{"beginLine":22,"beginColumn":15,"endLine":22,"endColumn":35},"tokenRange":{"beginToken":{"kind":94,"text":"overrides"},"endToken":{"kind":98,"text":")"}},"arguments":[],"name":{"!":"com.github.javaparser.ast.expr.SimpleName","range":{"beginLine":22,"beginColumn":28,"endLine":22,"endColumn":33},"tokenRange":{"beginToken":{"kind":94,"text":"column"},"endToken":{"kind":94,"text":"column"}},"identifier":"column"},"scope":{"!":"com.github.javaparser.ast.expr.ArrayAccessExpr","range":{"beginLine":22,"beginColumn":15,"endLine":22,"endColumn":26},"tokenRange":{"beginToken":{"kind":94,"text":"overrides"},"endToken":{"kind":102,"text":"]"}},"index":{"!":"com.github.javaparser.ast.expr.IntegerLiteralExpr","range":{"beginLine":22,"beginColumn":25,"endLine":22,"endColumn":25},"tokenRange":{"beginToken":{"kind":77,"text":"0"},"endToken":{"kind":77,"text":"0"}},"value":"0"},"name":{"!":"com.github.javaparser.ast.expr.NameExpr","range":{"beginLine":22,"beginColumn":15,"endLine":22,"endColumn":23},"tokenRange":{"beginToken":{"kind":94,"text":"overrides"},"endToken":{"kind":94,"text":"overrides"}},"name":{"!":"com.github.javaparser.ast.expr.SimpleName","range":{"beginLine":22,"beginColumn":15,"endLine":22,"endColumn":23},"tokenRange":{"beginToken":{"kind":94,"text":"overrides"},"endToken":{"kind":94,"text":"overrides"}},"identifier":"overrides"}}}}}],"name":{"!":"com.github.javaparser.ast.expr.SimpleName","range":{"beginLine":22,"beginColumn":3,"endLine":22,"endColumn":12},"tokenRange":{"beginToken":{"kind":94,"text":"assertTrue"},"endToken":{"kind":94,"text":"assertTrue"}},"identifier":"assertTrue"}}},{"!":"com.github.javaparser.ast.stmt.ExpressionStmt","range":{"beginLine":23,"beginColumn":3,"endLine":23,"endColumn":51},"tokenRange":{"beginToken":{"kind":94,"text":"assertTrue"},"endToken":{"kind":103,"text":";"}},"expression":{"!":"com.github.javaparser.ast.expr.MethodCallExpr","range":{"beginLine":23,"beginColumn":3,"endLine":23,"endColumn":50},"tokenRange":{"beginToken":{"kind":94,"text":"assertTrue"},"endToken":{"kind":98,"text":")"}},"arguments":[{"!":"com.github.javaparser.ast.expr.MethodCallExpr","range":{"beginLine":23,"beginColumn":15,"endLine":23,"endColumn":48},"tokenRange":{"beginToken":{"kind":94,"text":"overrides"},"endToken":{"kind":98,"text":")"}},"arguments":[],"name":{"!":"com.github.javaparser.ast.expr.SimpleName","range":{"beginLine":23,"beginColumn":37,"endLine":23,"endColumn":46},"tokenRange":{"beginToken":{"kind":94,"text":"insertable"},"endToken":{"kind":94,"text":"insertable"}},"identifier":"insertable"},"scope":{"!":"com.github.javaparser.ast.expr.MethodCallExpr","range":{"beginLine":23,"beginColumn":15,"endLine":23,"endColumn":35},"tokenRange":{"beginToken":{"kind":94,"text":"overrides"},"endToken":{"kind":98,"text":")"}},"arguments":[],"name":{"!":"com.github.javaparser.ast.expr.SimpleName","range":{"beginLine":23,"beginColumn":28,"endLine":23,"endColumn":33},"tokenRange":{"beginToken":{"kind":94,"text":"column"},"endToken":{"kind":94,"text":"column"}},"identifier":"column"},"scope":{"!":"com.github.javaparser.ast.expr.ArrayAccessExpr","range":{"beginLine":23,"beginColumn":15,"endLine":23,"endColumn":26},"tokenRange":{"beginToken":{"kind":94,"text":"overrides"},"endToken":{"kind":102,"text":"]"}},"index":{"!":"com.github.javaparser.ast.expr.IntegerLiteralExpr","range":{"beginLine":23,"beginColumn":25,"endLine":23,"endColumn":25},"tokenRange":{"beginToken":{"kind":77,"text":"0"},"endToken":{"kind":77,"text":"0"}},"value":"0"},"name":{"!":"com.github.javaparser.ast.expr.NameExpr","range":{"beginLine":23,"beginColumn":15,"endLine":23,"endColumn":23},"tokenRange":{"beginToken":{"kind":94,"text":"overrides"},"endToken":{"kind":94,"text":"overrides"}},"name":{"!":"com.github.javaparser.ast.expr.SimpleName","range":{"beginLine":23,"beginColumn":15,"endLine":23,"endColumn":23},"tokenRange":{"beginToken":{"kind":94,"text":"overrides"},"endToken":{"kind":94,"text":"overrides"}},"identifier":"overrides"}}}}}],"name":{"!":"com.github.javaparser.ast.expr.SimpleName","range":{"beginLine":23,"beginColumn":3,"endLine":23,"endColumn":12},"tokenRange":{"beginToken":{"kind":94,"text":"assertTrue"},"endToken":{"kind":94,"text":"assertTrue"}},"identifier":"assertTrue"}}},{"!":"com.github.javaparser.ast.stmt.ExpressionStmt","range":{"beginLine":24,"beginColumn":3,"endLine":24,"endColumn":50},"tokenRange":{"beginToken":{"kind":94,"text":"assertTrue"},"endToken":{"kind":103,"text":";"}},"expression":{"!":"com.github.javaparser.ast.expr.MethodCallExpr","range":{"beginLine":24,"beginColumn":3,"endLine":24,"endColumn":49},"tokenRange":{"beginToken":{"kind":94,"text":"assertTrue"},"endToken":{"kind":98,"text":")"}},"arguments":[{"!":"com.github.javaparser.ast.expr.MethodCallExpr","range":{"beginLine":24,"beginColumn":15,"endLine":24,"endColumn":47},"tokenRange":{"beginToken":{"kind":94,"text":"overrides"},"endToken":{"kind":98,"text":")"}},"arguments":[],"name":{"!":"com.github.javaparser.ast.expr.SimpleName","range":{"beginLine":24,"beginColumn":37,"endLine":24,"endColumn":45},"tokenRange":{"beginToken":{"kind":94,"text":"updatable"},"endToken":{"kind":94,"text":"updatable"}},"identifier":"updatable"},"scope":{"!":"com.github.javaparser.ast.expr.MethodCallExpr","range":{"beginLine":24,"beginColumn":15,"endLine":24,"endColumn":35},"tokenRange":{"beginToken":{"kind":94,"text":"overrides"},"endToken":{"kind":98,"text":")"}},"arguments":[],"name":{"!":"com.github.javaparser.ast.expr.SimpleName","range":{"beginLine":24,"beginColumn":28,"endLine":24,"endColumn":33},"tokenRange":{"beginToken":{"kind":94,"text":"column"},"endToken":{"kind":94,"text":"column"}},"identifier":"column"},"scope":{"!":"com.github.javaparser.ast.expr.ArrayAccessExpr","range":{"beginLine":24,"beginColumn":15,"endLine":24,"endColumn":26},"tokenRange":{"beginToken":{"kind":94,"text":"overrides"},"endToken":{"kind":102,"text":"]"}},"index":{"!":"com.github.javaparser.ast.expr.IntegerLiteralExpr","range":{"beginLine":24,"beginColumn":25,"endLine":24,"endColumn":25},"tokenRange":{"beginToken":{"kind":77,"text":"0"},"endToken":{"kind":77,"text":"0"}},"value":"0"},"name":{"!":"com.github.javaparser.ast.expr.NameExpr","range":{"beginLine":24,"beginColumn":15,"endLine":24,"endColumn":23},"tokenRange":{"beginToken":{"kind":94,"text":"overrides"},"endToken":{"kind":94,"text":"overrides"}},"name":{"!":"com.github.javaparser.ast.expr.SimpleName","range":{"beginLine":24,"beginColumn":15,"endLine":24,"endColumn":23},"tokenRange":{"beginToken":{"kind":94,"text":"overrides"},"endToken":{"kind":94,"text":"overrides"}},"identifier":"overrides"}}}}}],"name":{"!":"com.github.javaparser.ast.expr.SimpleName","range":{"beginLine":24,"beginColumn":3,"endLine":24,"endColumn":12},"tokenRange":{"beginToken":{"kind":94,"text":"assertTrue"},"endToken":{"kind":94,"text":"assertTrue"}},"identifier":"assertTrue"}}},{"!":"com.github.javaparser.ast.stmt.ExpressionStmt","range":{"beginLine":25,"beginColumn":3,"endLine":25,"endColumn":63},"tokenRange":{"beginToken":{"kind":94,"text":"assertEquals"},"endToken":{"kind":103,"text":";"}},"expression":{"!":"com.github.javaparser.ast.expr.MethodCallExpr","range":{"beginLine":25,"beginColumn":3,"endLine":25,"endColumn":62},"tokenRange":{"beginToken":{"kind":94,"text":"assertEquals"},"endToken":{"kind":98,"text":")"}},"arguments":[{"!":"com.github.javaparser.ast.expr.StringLiteralExpr","range":{"beginLine":25,"beginColumn":17,"endLine":25,"endColumn":18},"tokenRange":{"beginToken":{"kind":90,"text":"\"\""},"endToken":{"kind":90,"text":"\"\""}},"value":""},{"!":"com.github.javaparser.ast.expr.MethodCallExpr","range":{"beginLine":25,"beginColumn":21,"endLine":25,"endColumn":60},"tokenRange":{"beginToken":{"kind":94,"text":"overrides"},"endToken":{"kind":98,"text":")"}},"arguments":[],"name":{"!":"com.github.javaparser.ast.expr.SimpleName","range":{"beginLine":25,"beginColumn":43,"endLine":25,"endColumn":58},"tokenRange":{"beginToken":{"kind":94,"text":"columnDefinition"},"endToken":{"kind":94,"text":"columnDefinition"}},"identifier":"columnDefinition"},"scope":{"!":"com.github.javaparser.ast.expr.MethodCallExpr","range":{"beginLine":25,"beginColumn":21,"endLine":25,"endColumn":41},"tokenRange":{"beginToken":{"kind":94,"text":"overrides"},"endToken":{"kind":98,"text":")"}},"arguments":[],"name":{"!":"com.github.javaparser.ast.expr.SimpleName","range":{"beginLine":25,"beginColumn":34,"endLine":25,"endColumn":39},"tokenRange":{"beginToken":{"kind":94,"text":"column"},"endToken":{"kind":94,"text":"column"}},"identifier":"column"},"scope":{"!":"com.github.javaparser.ast.expr.ArrayAccessExpr","range":{"beginLine":25,"beginColumn":21,"endLine":25,"endColumn":32},"tokenRange":{"beginToken":{"kind":94,"text":"overrides"},"endToken":{"kind":102,"text":"]"}},"index":{"!":"com.github.javaparser.ast.expr.IntegerLiteralExpr","range":{"beginLine":25,"beginColumn":31,"endLine":25,"endColumn":31},"tokenRange":{"beginToken":{"kind":77,"text":"0"},"endToken":{"kind":77,"text":"0"}},"value":"0"},"name":{"!":"com.github.javaparser.ast.expr.NameExpr","range":{"beginLine":25,"beginColumn":21,"endLine":25,"endColumn":29},"tokenRange":{"beginToken":{"kind":94,"text":"overrides"},"endToken":{"kind":94,"text":"overrides"}},"name":{"!":"com.github.javaparser.ast.expr.SimpleName","range":{"beginLine":25,"beginColumn":21,"endLine":25,"endColumn":29},"tokenRange":{"beginToken":{"kind":94,"text":"overrides"},"endToken":{"kind":94,"text":"overrides"}},"identifier":"overrides"}}}}}],"name":{"!":"com.github.javaparser.ast.expr.SimpleName","range":{"beginLine":25,"beginColumn":3,"endLine":25,"endColumn":14},"tokenRange":{"beginToken":{"kind":94,"text":"assertEquals"},"endToken":{"kind":94,"text":"assertEquals"}},"identifier":"assertEquals"}}},{"!":"com.github.javaparser.ast.stmt.ExpressionStmt","range":{"beginLine":26,"beginColumn":3,"endLine":26,"endColumn":52},"tokenRange":{"beginToken":{"kind":94,"text":"assertEquals"},"endToken":{"kind":103,"text":";"}},"expression":{"!":"com.github.javaparser.ast.expr.MethodCallExpr","range":{"beginLine":26,"beginColumn":3,"endLine":26,"endColumn":51},"tokenRange":{"beginToken":{"kind":94,"text":"assertEquals"},"endToken":{"kind":98,"text":")"}},"arguments":[{"!":"com.github.javaparser.ast.expr.StringLiteralExpr","range":{"beginLine":26,"beginColumn":17,"endLine":26,"endColumn":18},"tokenRange":{"beginToken":{"kind":90,"text":"\"\""},"endToken":{"kind":90,"text":"\"\""}},"value":""},{"!":"com.github.javaparser.ast.expr.MethodCallExpr","range":{"beginLine":26,"beginColumn":21,"endLine":26,"endColumn":49},"tokenRange":{"beginToken":{"kind":94,"text":"overrides"},"endToken":{"kind":98,"text":")"}},"arguments":[],"name":{"!":"com.github.javaparser.ast.expr.SimpleName","range":{"beginLine":26,"beginColumn":43,"endLine":26,"endColumn":47},"tokenRange":{"beginToken":{"kind":94,"text":"table"},"endToken":{"kind":94,"text":"table"}},"identifier":"table"},"scope":{"!":"com.github.javaparser.ast.expr.MethodCallExpr","range":{"beginLine":26,"beginColumn":21,"endLine":26,"endColumn":41},"tokenRange":{"beginToken":{"kind":94,"text":"overrides"},"endToken":{"kind":98,"text":")"}},"arguments":[],"name":{"!":"com.github.javaparser.ast.expr.SimpleName","range":{"beginLine":26,"beginColumn":34,"endLine":26,"endColumn":39},"tokenRange":{"beginToken":{"kind":94,"text":"column"},"endToken":{"kind":94,"text":"column"}},"identifier":"column"},"scope":{"!":"com.github.javaparser.ast.expr.ArrayAccessExpr","range":{"beginLine":26,"beginColumn":21,"endLine":26,"endColumn":32},"tokenRange":{"beginToken":{"kind":94,"text":"overrides"},"endToken":{"kind":102,"text":"]"}},"index":{"!":"com.github.javaparser.ast.expr.IntegerLiteralExpr","range":{"beginLine":26,"beginColumn":31,"endLine":26,"endColumn":31},"tokenRange":{"beginToken":{"kind":77,"text":"0"},"endToken":{"kind":77,"text":"0"}},"value":"0"},"name":{"!":"com.github.javaparser.ast.expr.NameExpr","range":{"beginLine":26,"beginColumn":21,"endLine":26,"endColumn":29},"tokenRange":{"beginToken":{"kind":94,"text":"overrides"},"endToken":{"kind":94,"text":"overrides"}},"name":{"!":"com.github.javaparser.ast.expr.SimpleName","range":{"beginLine":26,"beginColumn":21,"endLine":26,"endColumn":29},"tokenRange":{"beginToken":{"kind":94,"text":"overrides"},"endToken":{"kind":94,"text":"overrides"}},"identifier":"overrides"}}}}}],"name":{"!":"com.github.javaparser.ast.expr.SimpleName","range":{"beginLine":26,"beginColumn":3,"endLine":26,"endColumn":14},"tokenRange":{"beginToken":{"kind":94,"text":"assertEquals"},"endToken":{"kind":94,"text":"assertEquals"}},"identifier":"assertEquals"}}},{"!":"com.github.javaparser.ast.stmt.ExpressionStmt","range":{"beginLine":27,"beginColumn":3,"endLine":27,"endColumn":54},"tokenRange":{"beginToken":{"kind":94,"text":"assertEquals"},"endToken":{"kind":103,"text":";"}},"expression":{"!":"com.github.javaparser.ast.expr.MethodCallExpr","range":{"beginLine":27,"beginColumn":3,"endLine":27,"endColumn":53},"tokenRange":{"beginToken":{"kind":94,"text":"assertEquals"},"endToken":{"kind":98,"text":")"}},"arguments":[{"!":"com.github.javaparser.ast.expr.IntegerLiteralExpr","range":{"beginLine":27,"beginColumn":17,"endLine":27,"endColumn":19},"tokenRange":{"beginToken":{"kind":77,"text":"255"},"endToken":{"kind":77,"text":"255"}},"value":"255"},{"!":"com.github.javaparser.ast.expr.MethodCallExpr","range":{"beginLine":27,"beginColumn":22,"endLine":27,"endColumn":51},"tokenRange":{"beginToken":{"kind":94,"text":"overrides"},"endToken":{"kind":98,"text":")"}},"arguments":[],"name":{"!":"com.github.javaparser.ast.expr.SimpleName","range":{"beginLine":27,"beginColumn":44,"endLine":27,"endColumn":49},"tokenRange":{"beginToken":{"kind":94,"text":"length"},"endToken":{"kind":94,"text":"length"}},"identifier":"length"},"scope":{"!":"com.github.javaparser.ast.expr.MethodCallExpr","range":{"beginLine":27,"beginColumn":22,"endLine":27,"endColumn":42},"tokenRange":{"beginToken":{"kind":94,"text":"overrides"},"endToken":{"kind":98,"text":")"}},"arguments":[],"name":{"!":"com.github.javaparser.ast.expr.SimpleName","range":{"beginLine":27,"beginColumn":35,"endLine":27,"endColumn":40},"tokenRange":{"beginToken":{"kind":94,"text":"column"},"endToken":{"kind":94,"text":"column"}},"identifier":"column"},"scope":{"!":"com.github.javaparser.ast.expr.ArrayAccessExpr","range":{"beginLine":27,"beginColumn":22,"endLine":27,"endColumn":33},"tokenRange":{"beginToken":{"kind":94,"text":"overrides"},"endToken":{"kind":102,"text":"]"}},"index":{"!":"com.github.javaparser.ast.expr.IntegerLiteralExpr","range":{"beginLine":27,"beginColumn":32,"endLine":27,"endColumn":32},"tokenRange":{"beginToken":{"kind":77,"text":"0"},"endToken":{"kind":77,"text":"0"}},"value":"0"},"name":{"!":"com.github.javaparser.ast.expr.NameExpr","range":{"beginLine":27,"beginColumn":22,"endLine":27,"endColumn":30},"tokenRange":{"beginToken":{"kind":94,"text":"overrides"},"endToken":{"kind":94,"text":"overrides"}},"name":{"!":"com.github.javaparser.ast.expr.SimpleName","range":{"beginLine":27,"beginColumn":22,"endLine":27,"endColumn":30},"tokenRange":{"beginToken":{"kind":94,"text":"overrides"},"endToken":{"kind":94,"text":"overrides"}},"identifier":"overrides"}}}}}],"name":{"!":"com.github.javaparser.ast.expr.SimpleName","range":{"beginLine":27,"beginColumn":3,"endLine":27,"endColumn":14},"tokenRange":{"beginToken":{"kind":94,"text":"assertEquals"},"endToken":{"kind":94,"text":"assertEquals"}},"identifier":"assertEquals"}}},{"!":"com.github.javaparser.ast.stmt.ExpressionStmt","range":{"beginLine":28,"beginColumn":3,"endLine":28,"endColumn":55},"tokenRange":{"beginToken":{"kind":94,"text":"assertEquals"},"endToken":{"kind":103,"text":";"}},"expression":{"!":"com.github.javaparser.ast.expr.MethodCallExpr","range":{"beginLine":28,"beginColumn":3,"endLine":28,"endColumn":54},"tokenRange":{"beginToken":{"kind":94,"text":"assertEquals"},"endToken":{"kind":98,"text":")"}},"arguments":[{"!":"com.github.javaparser.ast.expr.IntegerLiteralExpr","range":{"beginLine":28,"beginColumn":17,"endLine":28,"endColumn":17},"tokenRange":{"beginToken":{"kind":77,"text":"0"},"endToken":{"kind":77,"text":"0"}},"value":"0"},{"!":"com.github.javaparser.ast.expr.MethodCallExpr","range":{"beginLine":28,"beginColumn":20,"endLine":28,"endColumn":52},"tokenRange":{"beginToken":{"kind":94,"text":"overrides"},"endToken":{"kind":98,"text":")"}},"arguments":[],"name":{"!":"com.github.javaparser.ast.expr.SimpleName","range":{"beginLine":28,"beginColumn":42,"endLine":28,"endColumn":50},"tokenRange":{"beginToken":{"kind":94,"text":"precision"},"endToken":{"kind":94,"text":"precision"}},"identifier":"precision"},"scope":{"!":"com.github.javaparser.ast.expr.MethodCallExpr","range":{"beginLine":28,"beginColumn":20,"endLine":28,"endColumn":40},"tokenRange":{"beginToken":{"kind":94,"text":"overrides"},"endToken":{"kind":98,"text":")"}},"arguments":[],"name":{"!":"com.github.javaparser.ast.expr.SimpleName","range":{"beginLine":28,"beginColumn":33,"endLine":28,"endColumn":38},"tokenRange":{"beginToken":{"kind":94,"text":"column"},"endToken":{"kind":94,"text":"column"}},"identifier":"column"},"scope":{"!":"com.github.javaparser.ast.expr.ArrayAccessExpr","range":{"beginLine":28,"beginColumn":20,"endLine":28,"endColumn":31},"tokenRange":{"beginToken":{"kind":94,"text":"overrides"},"endToken":{"kind":102,"text":"]"}},"index":{"!":"com.github.javaparser.ast.expr.IntegerLiteralExpr","range":{"beginLine":28,"beginColumn":30,"endLine":28,"endColumn":30},"tokenRange":{"beginToken":{"kind":77,"text":"0"},"endToken":{"kind":77,"text":"0"}},"value":"0"},"name":{"!":"com.github.javaparser.ast.expr.NameExpr","range":{"beginLine":28,"beginColumn":20,"endLine":28,"endColumn":28},"tokenRange":{"beginToken":{"kind":94,"text":"overrides"},"endToken":{"kind":94,"text":"overrides"}},"name":{"!":"com.github.javaparser.ast.expr.SimpleName","range":{"beginLine":28,"beginColumn":20,"endLine":28,"endColumn":28},"tokenRange":{"beginToken":{"kind":94,"text":"overrides"},"endToken":{"kind":94,"text":"overrides"}},"identifier":"overrides"}}}}}],"name":{"!":"com.github.javaparser.ast.expr.SimpleName","range":{"beginLine":28,"beginColumn":3,"endLine":28,"endColumn":14},"tokenRange":{"beginToken":{"kind":94,"text":"assertEquals"},"endToken":{"kind":94,"text":"assertEquals"}},"identifier":"assertEquals"}}},{"!":"com.github.javaparser.ast.stmt.ExpressionStmt","range":{"beginLine":29,"beginColumn":3,"endLine":29,"endColumn":51},"tokenRange":{"beginToken":{"kind":94,"text":"assertEquals"},"endToken":{"kind":103,"text":";"}},"expression":{"!":"com.github.javaparser.ast.expr.MethodCallExpr","range":{"beginLine":29,"beginColumn":3,"endLine":29,"endColumn":50},"tokenRange":{"beginToken":{"kind":94,"text":"assertEquals"},"endToken":{"kind":98,"text":")"}},"arguments":[{"!":"com.github.javaparser.ast.expr.IntegerLiteralExpr","range":{"beginLine":29,"beginColumn":17,"endLine":29,"endColumn":17},"tokenRange":{"beginToken":{"kind":77,"text":"0"},"endToken":{"kind":77,"text":"0"}},"value":"0"},{"!":"com.github.javaparser.ast.expr.MethodCallExpr","range":{"beginLine":29,"beginColumn":20,"endLine":29,"endColumn":48},"tokenRange":{"beginToken":{"kind":94,"text":"overrides"},"endToken":{"kind":98,"text":")"}},"arguments":[],"name":{"!":"com.github.javaparser.ast.expr.SimpleName","range":{"beginLine":29,"beginColumn":42,"endLine":29,"endColumn":46},"tokenRange":{"beginToken":{"kind":94,"text":"scale"},"endToken":{"kind":94,"text":"scale"}},"identifier":"scale"},"scope":{"!":"com.github.javaparser.ast.expr.MethodCallExpr","range":{"beginLine":29,"beginColumn":20,"endLine":29,"endColumn":40},"tokenRange":{"beginToken":{"kind":94,"text":"overrides"},"endToken":{"kind":98,"text":")"}},"arguments":[],"name":{"!":"com.github.javaparser.ast.expr.SimpleName","range":{"beginLine":29,"beginColumn":33,"endLine":29,"endColumn":38},"tokenRange":{"beginToken":{"kind":94,"text":"column"},"endToken":{"kind":94,"text":"column"}},"identifier":"column"},"scope":{"!":"com.github.javaparser.ast.expr.ArrayAccessExpr","range":{"beginLine":29,"beginColumn":20,"endLine":29,"endColumn":31},"tokenRange":{"beginToken":{"kind":94,"text":"overrides"},"endToken":{"kind":102,"text":"]"}},"index":{"!":"com.github.javaparser.ast.expr.IntegerLiteralExpr","range":{"beginLine":29,"beginColumn":30,"endLine":29,"endColumn":30},"tokenRange":{"beginToken":{"kind":77,"text":"0"},"endToken":{"kind":77,"text":"0"}},"value":"0"},"name":{"!":"com.github.javaparser.ast.expr.NameExpr","range":{"beginLine":29,"beginColumn":20,"endLine":29,"endColumn":28},"tokenRange":{"beginToken":{"kind":94,"text":"overrides"},"endToken":{"kind":94,"text":"overrides"}},"name":{"!":"com.github.javaparser.ast.expr.SimpleName","range":{"beginLine":29,"beginColumn":20,"endLine":29,"endColumn":28},"tokenRange":{"beginToken":{"kind":94,"text":"overrides"},"endToken":{"kind":94,"text":"overrides"}},"identifier":"overrides"}}}}}],"name":{"!":"com.github.javaparser.ast.expr.SimpleName","range":{"beginLine":29,"beginColumn":3,"endLine":29,"endColumn":14},"tokenRange":{"beginToken":{"kind":94,"text":"assertEquals"},"endToken":{"kind":94,"text":"assertEquals"}},"identifier":"assertEquals"}}},{"!":"com.github.javaparser.ast.stmt.ExpressionStmt","range":{"beginLine":30,"beginColumn":3,"endLine":30,"endColumn":48},"tokenRange":{"beginToken":{"kind":94,"text":"assertEquals"},"endToken":{"kind":103,"text":";"}},"expression":{"!":"com.github.javaparser.ast.expr.MethodCallExpr","range":{"beginLine":30,"beginColumn":3,"endLine":30,"endColumn":47},"tokenRange":{"beginToken":{"kind":94,"text":"assertEquals"},"endToken":{"kind":98,"text":")"}},"arguments":[{"!":"com.github.javaparser.ast.expr.StringLiteralExpr","range":{"beginLine":30,"beginColumn":17,"endLine":30,"endColumn":24},"tokenRange":{"beginToken":{"kind":90,"text":"\"field2\""},"endToken":{"kind":90,"text":"\"field2\""}},"value":"field2"},{"!":"com.github.javaparser.ast.expr.MethodCallExpr","range":{"beginLine":30,"beginColumn":27,"endLine":30,"endColumn":45},"tokenRange":{"beginToken":{"kind":94,"text":"overrides"},"endToken":{"kind":98,"text":")"}},"arguments":[],"name":{"!":"com.github.javaparser.ast.expr.SimpleName","range":{"beginLine":30,"beginColumn":40,"endLine":30,"endColumn":43},"tokenRange":{"beginToken":{"kind":94,"text":"name"},"endToken":{"kind":94,"text":"name"}},"identifier":"name"},"scope":{"!":"com.github.javaparser.ast.expr.ArrayAccessExpr","range":{"beginLine":30,"beginColumn":27,"endLine":30,"endColumn":38},"tokenRange":{"beginToken":{"kind":94,"text":"overrides"},"endToken":{"kind":102,"text":"]"}},"index":{"!":"com.github.javaparser.ast.expr.IntegerLiteralExpr","range":{"beginLine":30,"beginColumn":37,"endLine":30,"endColumn":37},"tokenRange":{"beginToken":{"kind":77,"text":"1"},"endToken":{"kind":77,"text":"1"}},"value":"1"},"name":{"!":"com.github.javaparser.ast.expr.NameExpr","range":{"beginLine":30,"beginColumn":27,"endLine":30,"endColumn":35},"tokenRange":{"beginToken":{"kind":94,"text":"overrides"},"endToken":{"kind":94,"text":"overrides"}},"name":{"!":"com.github.javaparser.ast.expr.SimpleName","range":{"beginLine":30,"beginColumn":27,"endLine":30,"endColumn":35},"tokenRange":{"beginToken":{"kind":94,"text":"overrides"},"endToken":{"kind":94,"text":"overrides"}},"identifier":"overrides"}}}}],"name":{"!":"com.github.javaparser.ast.expr.SimpleName","range":{"beginLine":30,"beginColumn":3,"endLine":30,"endColumn":14},"tokenRange":{"beginToken":{"kind":94,"text":"assertEquals"},"endToken":{"kind":94,"text":"assertEquals"}},"identifier":"assertEquals"}}},{"!":"com.github.javaparser.ast.stmt.ExpressionStmt","range":{"beginLine":31,"beginColumn":3,"endLine":31,"endColumn":55},"tokenRange":{"beginToken":{"kind":94,"text":"assertEquals"},"endToken":{"kind":103,"text":";"}},"expression":{"!":"com.github.javaparser.ast.expr.MethodCallExpr","range":{"beginLine":31,"beginColumn":3,"endLine":31,"endColumn":54},"tokenRange":{"beginToken":{"kind":94,"text":"assertEquals"},"endToken":{"kind":98,"text":")"}},"arguments":[{"!":"com.github.javaparser.ast.expr.StringLiteralExpr","range":{"beginLine":31,"beginColumn":17,"endLine":31,"endColumn":22},"tokenRange":{"beginToken":{"kind":90,"text":"\"col1\""},"endToken":{"kind":90,"text":"\"col1\""}},"value":"col1"},{"!":"com.github.javaparser.ast.expr.MethodCallExpr","range":{"beginLine":31,"beginColumn":25,"endLine":31,"endColumn":52},"tokenRange":{"beginToken":{"kind":94,"text":"overrides"},"endToken":{"kind":98,"text":")"}},"arguments":[],"name":{"!":"com.github.javaparser.ast.expr.SimpleName","range":{"beginLine":31,"beginColumn":47,"endLine":31,"endColumn":50},"tokenRange":{"beginToken":{"kind":94,"text":"name"},"endToken":{"kind":94,"text":"name"}},"identifier":"name"},"scope":{"!":"com.github.javaparser.ast.expr.MethodCallExpr","range":{"beginLine":31,"beginColumn":25,"endLine":31,"endColumn":45},"tokenRange":{"beginToken":{"kind":94,"text":"overrides"},"endToken":{"kind":98,"text":")"}},"arguments":[],"name":{"!":"com.github.javaparser.ast.expr.SimpleName","range":{"beginLine":31,"beginColumn":38,"endLine":31,"endColumn":43},"tokenRange":{"beginToken":{"kind":94,"text":"column"},"endToken":{"kind":94,"text":"column"}},"identifier":"column"},"scope":{"!":"com.github.javaparser.ast.expr.ArrayAccessExpr","range":{"beginLine":31,"beginColumn":25,"endLine":31,"endColumn":36},"tokenRange":{"beginToken":{"kind":94,"text":"overrides"},"endToken":{"kind":102,"text":"]"}},"index":{"!":"com.github.javaparser.ast.expr.IntegerLiteralExpr","range":{"beginLine":31,"beginColumn":35,"endLine":31,"endColumn":35},"tokenRange":{"beginToken":{"kind":77,"text":"1"},"endToken":{"kind":77,"text":"1"}},"value":"1"},"name":{"!":"com.github.javaparser.ast.expr.NameExpr","range":{"beginLine":31,"beginColumn":25,"endLine":31,"endColumn":33},"tokenRange":{"beginToken":{"kind":94,"text":"overrides"},"endToken":{"kind":94,"text":"overrides"}},"name":{"!":"com.github.javaparser.ast.expr.SimpleName","range":{"beginLine":31,"beginColumn":25,"endLine":31,"endColumn":33},"tokenRange":{"beginToken":{"kind":94,"text":"overrides"},"endToken":{"kind":94,"text":"overrides"}},"identifier":"overrides"}}}}}],"name":{"!":"com.github.javaparser.ast.expr.SimpleName","range":{"beginLine":31,"beginColumn":3,"endLine":31,"endColumn":14},"tokenRange":{"beginToken":{"kind":94,"text":"assertEquals"},"endToken":{"kind":94,"text":"assertEquals"}},"identifier":"assertEquals"}}},{"!":"com.github.javaparser.ast.stmt.ExpressionStmt","range":{"beginLine":32,"beginColumn":3,"endLine":32,"endColumn":47},"tokenRange":{"beginToken":{"kind":94,"text":"assertTrue"},"endToken":{"kind":103,"text":";"}},"expression":{"!":"com.github.javaparser.ast.expr.MethodCallExpr","range":{"beginLine":32,"beginColumn":3,"endLine":32,"endColumn":46},"tokenRange":{"beginToken":{"kind":94,"text":"assertTrue"},"endToken":{"kind":98,"text":")"}},"arguments":[{"!":"com.github.javaparser.ast.expr.MethodCallExpr","range":{"beginLine":32,"beginColumn":15,"endLine":32,"endColumn":44},"tokenRange":{"beginToken":{"kind":94,"text":"overrides"},"endToken":{"kind":98,"text":")"}},"arguments":[],"name":{"!":"com.github.javaparser.ast.expr.SimpleName","range":{"beginLine":32,"beginColumn":37,"endLine":32,"endColumn":42},"tokenRange":{"beginToken":{"kind":94,"text":"unique"},"endToken":{"kind":94,"text":"unique"}},"identifier":"unique"},"scope":{"!":"com.github.javaparser.ast.expr.MethodCallExpr","range":{"beginLine":32,"beginColumn":15,"endLine":32,"endColumn":35},"tokenRange":{"beginToken":{"kind":94,"text":"overrides"},"endToken":{"kind":98,"text":")"}},"arguments":[],"name":{"!":"com.github.javaparser.ast.expr.SimpleName","range":{"beginLine":32,"beginColumn":28,"endLine":32,"endColumn":33},"tokenRange":{"beginToken":{"kind":94,"text":"column"},"endToken":{"kind":94,"text":"column"}},"identifier":"column"},"scope":{"!":"com.github.javaparser.ast.expr.ArrayAccessExpr","range":{"beginLine":32,"beginColumn":15,"endLine":32,"endColumn":26},"tokenRange":{"beginToken":{"kind":94,"text":"overrides"},"endToken":{"kind":102,"text":"]"}},"index":{"!":"com.github.javaparser.ast.expr.IntegerLiteralExpr","range":{"beginLine":32,"beginColumn":25,"endLine":32,"endColumn":25},"tokenRange":{"beginToken":{"kind":77,"text":"1"},"endToken":{"kind":77,"text":"1"}},"value":"1"},"name":{"!":"com.github.javaparser.ast.expr.NameExpr","range":{"beginLine":32,"beginColumn":15,"endLine":32,"endColumn":23},"tokenRange":{"beginToken":{"kind":94,"text":"overrides"},"endToken":{"kind":94,"text":"overrides"}},"name":{"!":"com.github.javaparser.ast.expr.SimpleName","range":{"beginLine":32,"beginColumn":15,"endLine":32,"endColumn":23},"tokenRange":{"beginToken":{"kind":94,"text":"overrides"},"endToken":{"kind":94,"text":"overrides"}},"identifier":"overrides"}}}}}],"name":{"!":"com.github.javaparser.ast.expr.SimpleName","range":{"beginLine":32,"beginColumn":3,"endLine":32,"endColumn":12},"tokenRange":{"beginToken":{"kind":94,"text":"assertTrue"},"endToken":{"kind":94,"text":"assertTrue"}},"identifier":"assertTrue"}}},{"!":"com.github.javaparser.ast.stmt.ExpressionStmt","range":{"beginLine":33,"beginColumn":3,"endLine":33,"endColumn":50},"tokenRange":{"beginToken":{"kind":94,"text":"assertFalse"},"endToken":{"kind":103,"text":";"}},"expression":{"!":"com.github.javaparser.ast.expr.MethodCallExpr","range":{"beginLine":33,"beginColumn":3,"endLine":33,"endColumn":49},"tokenRange":{"beginToken":{"kind":94,"text":"assertFalse"},"endToken":{"kind":98,"text":")"}},"arguments":[{"!":"com.github.javaparser.ast.expr.MethodCallExpr","range":{"beginLine":33,"beginColumn":16,"endLine":33,"endColumn":47},"tokenRange":{"beginToken":{"kind":94,"text":"overrides"},"endToken":{"kind":98,"text":")"}},"arguments":[],"name":{"!":"com.github.javaparser.ast.expr.SimpleName","range":{"beginLine":33,"beginColumn":38,"endLine":33,"endColumn":45},"tokenRange":{"beginToken":{"kind":94,"text":"nullable"},"endToken":{"kind":94,"text":"nullable"}},"identifier":"nullable"},"scope":{"!":"com.github.javaparser.ast.expr.MethodCallExpr","range":{"beginLine":33,"beginColumn":16,"endLine":33,"endColumn":36},"tokenRange":{"beginToken":{"kind":94,"text":"overrides"},"endToken":{"kind":98,"text":")"}},"arguments":[],"name":{"!":"com.github.javaparser.ast.expr.SimpleName","range":{"beginLine":33,"beginColumn":29,"endLine":33,"endColumn":34},"tokenRange":{"beginToken":{"kind":94,"text":"column"},"endToken":{"kind":94,"text":"column"}},"identifier":"column"},"scope":{"!":"com.github.javaparser.ast.expr.ArrayAccessExpr","range":{"beginLine":33,"beginColumn":16,"endLine":33,"endColumn":27},"tokenRange":{"beginToken":{"kind":94,"text":"overrides"},"endToken":{"kind":102,"text":"]"}},"index":{"!":"com.github.javaparser.ast.expr.IntegerLiteralExpr","range":{"beginLine":33,"beginColumn":26,"endLine":33,"endColumn":26},"tokenRange":{"beginToken":{"kind":77,"text":"1"},"endToken":{"kind":77,"text":"1"}},"value":"1"},"name":{"!":"com.github.javaparser.ast.expr.NameExpr","range":{"beginLine":33,"beginColumn":16,"endLine":33,"endColumn":24},"tokenRange":{"beginToken":{"kind":94,"text":"overrides"},"endToken":{"kind":94,"text":"overrides"}},"name":{"!":"com.github.javaparser.ast.expr.SimpleName","range":{"beginLine":33,"beginColumn":16,"endLine":33,"endColumn":24},"tokenRange":{"beginToken":{"kind":94,"text":"overrides"},"endToken":{"kind":94,"text":"overrides"}},"identifier":"overrides"}}}}}],"name":{"!":"com.github.javaparser.ast.expr.SimpleName","range":{"beginLine":33,"beginColumn":3,"endLine":33,"endColumn":13},"tokenRange":{"beginToken":{"kind":94,"text":"assertFalse"},"endToken":{"kind":94,"text":"assertFalse"}},"identifier":"assertFalse"}}},{"!":"com.github.javaparser.ast.stmt.ExpressionStmt","range":{"beginLine":34,"beginColumn":3,"endLine":34,"endColumn":52},"tokenRange":{"beginToken":{"kind":94,"text":"assertFalse"},"endToken":{"kind":103,"text":";"}},"expression":{"!":"com.github.javaparser.ast.expr.MethodCallExpr","range":{"beginLine":34,"beginColumn":3,"endLine":34,"endColumn":51},"tokenRange":{"beginToken":{"kind":94,"text":"assertFalse"},"endToken":{"kind":98,"text":")"}},"arguments":[{"!":"com.github.javaparser.ast.expr.MethodCallExpr","range":{"beginLine":34,"beginColumn":16,"endLine":34,"endColumn":49},"tokenRange":{"beginToken":{"kind":94,"text":"overrides"},"endToken":{"kind":98,"text":")"}},"arguments":[],"name":{"!":"com.github.javaparser.ast.expr.SimpleName","range":{"beginLine":34,"beginColumn":38,"endLine":34,"endColumn":47},"tokenRange":{"beginToken":{"kind":94,"text":"insertable"},"endToken":{"kind":94,"text":"insertable"}},"identifier":"insertable"},"scope":{"!":"com.github.javaparser.ast.expr.MethodCallExpr","range":{"beginLine":34,"beginColumn":16,"endLine":34,"endColumn":36},"tokenRange":{"beginToken":{"kind":94,"text":"overrides"},"endToken":{"kind":98,"text":")"}},"arguments":[],"name":{"!":"com.github.javaparser.ast.expr.SimpleName","range":{"beginLine":34,"beginColumn":29,"endLine":34,"endColumn":34},"tokenRange":{"beginToken":{"kind":94,"text":"column"},"endToken":{"kind":94,"text":"column"}},"identifier":"column"},"scope":{"!":"com.github.javaparser.ast.expr.ArrayAccessExpr","range":{"beginLine":34,"beginColumn":16,"endLine":34,"endColumn":27},"tokenRange":{"beginToken":{"kind":94,"text":"overrides"},"endToken":{"kind":102,"text":"]"}},"index":{"!":"com.github.javaparser.ast.expr.IntegerLiteralExpr","range":{"beginLine":34,"beginColumn":26,"endLine":34,"endColumn":26},"tokenRange":{"beginToken":{"kind":77,"text":"1"},"endToken":{"kind":77,"text":"1"}},"value":"1"},"name":{"!":"com.github.javaparser.ast.expr.NameExpr","range":{"beginLine":34,"beginColumn":16,"endLine":34,"endColumn":24},"tokenRange":{"beginToken":{"kind":94,"text":"overrides"},"endToken":{"kind":94,"text":"overrides"}},"name":{"!":"com.github.javaparser.ast.expr.SimpleName","range":{"beginLine":34,"beginColumn":16,"endLine":34,"endColumn":24},"tokenRange":{"beginToken":{"kind":94,"text":"overrides"},"endToken":{"kind":94,"text":"overrides"}},"identifier":"overrides"}}}}}],"name":{"!":"com.github.javaparser.ast.expr.SimpleName","range":{"beginLine":34,"beginColumn":3,"endLine":34,"endColumn":13},"tokenRange":{"beginToken":{"kind":94,"text":"assertFalse"},"endToken":{"kind":94,"text":"assertFalse"}},"identifier":"assertFalse"}}},{"!":"com.github.javaparser.ast.stmt.ExpressionStmt","range":{"beginLine":35,"beginColumn":3,"endLine":35,"endColumn":51},"tokenRange":{"beginToken":{"kind":94,"text":"assertFalse"},"endToken":{"kind":103,"text":";"}},"expression":{"!":"com.github.javaparser.ast.expr.MethodCallExpr","range":{"beginLine":35,"beginColumn":3,"endLine":35,"endColumn":50},"tokenRange":{"beginToken":{"kind":94,"text":"assertFalse"},"endToken":{"kind":98,"text":")"}},"arguments":[{"!":"com.github.javaparser.ast.expr.MethodCallExpr","range":{"beginLine":35,"beginColumn":16,"endLine":35,"endColumn":48},"tokenRange":{"beginToken":{"kind":94,"text":"overrides"},"endToken":{"kind":98,"text":")"}},"arguments":[],"name":{"!":"com.github.javaparser.ast.expr.SimpleName","range":{"beginLine":35,"beginColumn":38,"endLine":35,"endColumn":46},"tokenRange":{"beginToken":{"kind":94,"text":"updatable"},"endToken":{"kind":94,"text":"updatable"}},"identifier":"updatable"},"scope":{"!":"com.github.javaparser.ast.expr.MethodCallExpr","range":{"beginLine":35,"beginColumn":16,"endLine":35,"endColumn":36},"tokenRange":{"beginToken":{"kind":94,"text":"overrides"},"endToken":{"kind":98,"text":")"}},"arguments":[],"name":{"!":"com.github.javaparser.ast.expr.SimpleName","range":{"beginLine":35,"beginColumn":29,"endLine":35,"endColumn":34},"tokenRange":{"beginToken":{"kind":94,"text":"column"},"endToken":{"kind":94,"text":"column"}},"identifier":"column"},"scope":{"!":"com.github.javaparser.ast.expr.ArrayAccessExpr","range":{"beginLine":35,"beginColumn":16,"endLine":35,"endColumn":27},"tokenRange":{"beginToken":{"kind":94,"text":"overrides"},"endToken":{"kind":102,"text":"]"}},"index":{"!":"com.github.javaparser.ast.expr.IntegerLiteralExpr","range":{"beginLine":35,"beginColumn":26,"endLine":35,"endColumn":26},"tokenRange":{"beginToken":{"kind":77,"text":"1"},"endToken":{"kind":77,"text":"1"}},"value":"1"},"name":{"!":"com.github.javaparser.ast.expr.NameExpr","range":{"beginLine":35,"beginColumn":16,"endLine":35,"endColumn":24},"tokenRange":{"beginToken":{"kind":94,"text":"overrides"},"endToken":{"kind":94,"text":"overrides"}},"name":{"!":"com.github.javaparser.ast.expr.SimpleName","range":{"beginLine":35,"beginColumn":16,"endLine":35,"endColumn":24},"tokenRange":{"beginToken":{"kind":94,"text":"overrides"},"endToken":{"kind":94,"text":"overrides"}},"identifier":"overrides"}}}}}],"name":{"!":"com.github.javaparser.ast.expr.SimpleName","range":{"beginLine":35,"beginColumn":3,"endLine":35,"endColumn":13},"tokenRange":{"beginToken":{"kind":94,"text":"assertFalse"},"endToken":{"kind":94,"text":"assertFalse"}},"identifier":"assertFalse"}}},{"!":"com.github.javaparser.ast.stmt.ExpressionStmt","range":{"beginLine":36,"beginColumn":3,"endLine":36,"endColumn":66},"tokenRange":{"beginToken":{"kind":94,"text":"assertEquals"},"endToken":{"kind":103,"text":";"}},"expression":{"!":"com.github.javaparser.ast.expr.MethodCallExpr","range":{"beginLine":36,"beginColumn":3,"endLine":36,"endColumn":65},"tokenRange":{"beginToken":{"kind":94,"text":"assertEquals"},"endToken":{"kind":98,"text":")"}},"arguments":[{"!":"com.github.javaparser.ast.expr.StringLiteralExpr","range":{"beginLine":36,"beginColumn":17,"endLine":36,"endColumn":21},"tokenRange":{"beginToken":{"kind":90,"text":"\"int\""},"endToken":{"kind":90,"text":"\"int\""}},"value":"int"},{"!":"com.github.javaparser.ast.expr.MethodCallExpr","range":{"beginLine":36,"beginColumn":24,"endLine":36,"endColumn":63},"tokenRange":{"beginToken":{"kind":94,"text":"overrides"},"endToken":{"kind":98,"text":")"}},"arguments":[],"name":{"!":"com.github.javaparser.ast.expr.SimpleName","range":{"beginLine":36,"beginColumn":46,"endLine":36,"endColumn":61},"tokenRange":{"beginToken":{"kind":94,"text":"columnDefinition"},"endToken":{"kind":94,"text":"columnDefinition"}},"identifier":"columnDefinition"},"scope":{"!":"com.github.javaparser.ast.expr.MethodCallExpr","range":{"beginLine":36,"beginColumn":24,"endLine":36,"endColumn":44},"tokenRange":{"beginToken":{"kind":94,"text":"overrides"},"endToken":{"kind":98,"text":")"}},"arguments":[],"name":{"!":"com.github.javaparser.ast.expr.SimpleName","range":{"beginLine":36,"beginColumn":37,"endLine":36,"endColumn":42},"tokenRange":{"beginToken":{"kind":94,"text":"column"},"endToken":{"kind":94,"text":"column"}},"identifier":"column"},"scope":{"!":"com.github.javaparser.ast.expr.ArrayAccessExpr","range":{"beginLine":36,"beginColumn":24,"endLine":36,"endColumn":35},"tokenRange":{"beginToken":{"kind":94,"text":"overrides"},"endToken":{"kind":102,"text":"]"}},"index":{"!":"com.github.javaparser.ast.expr.IntegerLiteralExpr","range":{"beginLine":36,"beginColumn":34,"endLine":36,"endColumn":34},"tokenRange":{"beginToken":{"kind":77,"text":"1"},"endToken":{"kind":77,"text":"1"}},"value":"1"},"name":{"!":"com.github.javaparser.ast.expr.NameExpr","range":{"beginLine":36,"beginColumn":24,"endLine":36,"endColumn":32},"tokenRange":{"beginToken":{"kind":94,"text":"overrides"},"endToken":{"kind":94,"text":"overrides"}},"name":{"!":"com.github.javaparser.ast.expr.SimpleName","range":{"beginLine":36,"beginColumn":24,"endLine":36,"endColumn":32},"tokenRange":{"beginToken":{"kind":94,"text":"overrides"},"endToken":{"kind":94,"text":"overrides"}},"identifier":"overrides"}}}}}],"name":{"!":"com.github.javaparser.ast.expr.SimpleName","range":{"beginLine":36,"beginColumn":3,"endLine":36,"endColumn":14},"tokenRange":{"beginToken":{"kind":94,"text":"assertEquals"},"endToken":{"kind":94,"text":"assertEquals"}},"identifier":"assertEquals"}}},{"!":"com.github.javaparser.ast.stmt.ExpressionStmt","range":{"beginLine":37,"beginColumn":3,"endLine":37,"endColumn":58},"tokenRange":{"beginToken":{"kind":94,"text":"assertEquals"},"endToken":{"kind":103,"text":";"}},"expression":{"!":"com.github.javaparser.ast.expr.MethodCallExpr","range":{"beginLine":37,"beginColumn":3,"endLine":37,"endColumn":57},"tokenRange":{"beginToken":{"kind":94,"text":"assertEquals"},"endToken":{"kind":98,"text":")"}},"arguments":[{"!":"com.github.javaparser.ast.expr.StringLiteralExpr","range":{"beginLine":37,"beginColumn":17,"endLine":37,"endColumn":24},"tokenRange":{"beginToken":{"kind":90,"text":"\"table1\""},"endToken":{"kind":90,"text":"\"table1\""}},"value":"table1"},{"!":"com.github.javaparser.ast.expr.MethodCallExpr","range":{"beginLine":37,"beginColumn":27,"endLine":37,"endColumn":55},"tokenRange":{"beginToken":{"kind":94,"text":"overrides"},"endToken":{"kind":98,"text":")"}},"arguments":[],"name":{"!":"com.github.javaparser.ast.expr.SimpleName","range":{"beginLine":37,"beginColumn":49,"endLine":37,"endColumn":53},"tokenRange":{"beginToken":{"kind":94,"text":"table"},"endToken":{"kind":94,"text":"table"}},"identifier":"table"},"scope":{"!":"com.github.javaparser.ast.expr.MethodCallExpr","range":{"beginLine":37,"beginColumn":27,"endLine":37,"endColumn":47},"tokenRange":{"beginToken":{"kind":94,"text":"overrides"},"endToken":{"kind":98,"text":")"}},"arguments":[],"name":{"!":"com.github.javaparser.ast.expr.SimpleName","range":{"beginLine":37,"beginColumn":40,"endLine":37,"endColumn":45},"tokenRange":{"beginToken":{"kind":94,"text":"column"},"endToken":{"kind":94,"text":"column"}},"identifier":"column"},"scope":{"!":"com.github.javaparser.ast.expr.ArrayAccessExpr","range":{"beginLine":37,"beginColumn":27,"endLine":37,"endColumn":38},"tokenRange":{"beginToken":{"kind":94,"text":"overrides"},"endToken":{"kind":102,"text":"]"}},"index":{"!":"com.github.javaparser.ast.expr.IntegerLiteralExpr","range":{"beginLine":37,"beginColumn":37,"endLine":37,"endColumn":37},"tokenRange":{"beginToken":{"kind":77,"text":"1"},"endToken":{"kind":77,"text":"1"}},"value":"1"},"name":{"!":"com.github.javaparser.ast.expr.NameExpr","range":{"beginLine":37,"beginColumn":27,"endLine":37,"endColumn":35},"tokenRange":{"beginToken":{"kind":94,"text":"overrides"},"endToken":{"kind":94,"text":"overrides"}},"name":{"!":"com.github.javaparser.ast.expr.SimpleName","range":{"beginLine":37,"beginColumn":27,"endLine":37,"endColumn":35},"tokenRange":{"beginToken":{"kind":94,"text":"overrides"},"endToken":{"kind":94,"text":"overrides"}},"identifier":"overrides"}}}}}],"name":{"!":"com.github.javaparser.ast.expr.SimpleName","range":{"beginLine":37,"beginColumn":3,"endLine":37,"endColumn":14},"tokenRange":{"beginToken":{"kind":94,"text":"assertEquals"},"endToken":{"kind":94,"text":"assertEquals"}},"identifier":"assertEquals"}}},{"!":"com.github.javaparser.ast.stmt.ExpressionStmt","range":{"beginLine":38,"beginColumn":3,"endLine":38,"endColumn":53},"tokenRange":{"beginToken":{"kind":94,"text":"assertEquals"},"endToken":{"kind":103,"text":";"}},"expression":{"!":"com.github.javaparser.ast.expr.MethodCallExpr","range":{"beginLine":38,"beginColumn":3,"endLine":38,"endColumn":52},"tokenRange":{"beginToken":{"kind":94,"text":"assertEquals"},"endToken":{"kind":98,"text":")"}},"arguments":[{"!":"com.github.javaparser.ast.expr.IntegerLiteralExpr","range":{"beginLine":38,"beginColumn":17,"endLine":38,"endColumn":18},"tokenRange":{"beginToken":{"kind":77,"text":"50"},"endToken":{"kind":77,"text":"50"}},"value":"50"},{"!":"com.github.javaparser.ast.expr.MethodCallExpr","range":{"beginLine":38,"beginColumn":21,"endLine":38,"endColumn":50},"tokenRange":{"beginToken":{"kind":94,"text":"overrides"},"endToken":{"kind":98,"text":")"}},"arguments":[],"name":{"!":"com.github.javaparser.ast.expr.SimpleName","range":{"beginLine":38,"beginColumn":43,"endLine":38,"endColumn":48},"tokenRange":{"beginToken":{"kind":94,"text":"length"},"endToken":{"kind":94,"text":"length"}},"identifier":"length"},"scope":{"!":"com.github.javaparser.ast.expr.MethodCallExpr","range":{"beginLine":38,"beginColumn":21,"endLine":38,"endColumn":41},"tokenRange":{"beginToken":{"kind":94,"text":"overrides"},"endToken":{"kind":98,"text":")"}},"arguments":[],"name":{"!":"com.github.javaparser.ast.expr.SimpleName","range":{"beginLine":38,"beginColumn":34,"endLine":38,"endColumn":39},"tokenRange":{"beginToken":{"kind":94,"text":"column"},"endToken":{"kind":94,"text":"column"}},"identifier":"column"},"scope":{"!":"com.github.javaparser.ast.expr.ArrayAccessExpr","range":{"beginLine":38,"beginColumn":21,"endLine":38,"endColumn":32},"tokenRange":{"beginToken":{"kind":94,"text":"overrides"},"endToken":{"kind":102,"text":"]"}},"index":{"!":"com.github.javaparser.ast.expr.IntegerLiteralExpr","range":{"beginLine":38,"beginColumn":31,"endLine":38,"endColumn":31},"tokenRange":{"beginToken":{"kind":77,"text":"1"},"endToken":{"kind":77,"text":"1"}},"value":"1"},"name":{"!":"com.github.javaparser.ast.expr.NameExpr","range":{"beginLine":38,"beginColumn":21,"endLine":38,"endColumn":29},"tokenRange":{"beginToken":{"kind":94,"text":"overrides"},"endToken":{"kind":94,"text":"overrides"}},"name":{"!":"com.github.javaparser.ast.expr.SimpleName","range":{"beginLine":38,"beginColumn":21,"endLine":38,"endColumn":29},"tokenRange":{"beginToken":{"kind":94,"text":"overrides"},"endToken":{"kind":94,"text":"overrides"}},"identifier":"overrides"}}}}}],"name":{"!":"com.github.javaparser.ast.expr.SimpleName","range":{"beginLine":38,"beginColumn":3,"endLine":38,"endColumn":14},"tokenRange":{"beginToken":{"kind":94,"text":"assertEquals"},"endToken":{"kind":94,"text":"assertEquals"}},"identifier":"assertEquals"}}},{"!":"com.github.javaparser.ast.stmt.ExpressionStmt","range":{"beginLine":39,"beginColumn":3,"endLine":39,"endColumn":55},"tokenRange":{"beginToken":{"kind":94,"text":"assertEquals"},"endToken":{"kind":103,"text":";"}},"expression":{"!":"com.github.javaparser.ast.expr.MethodCallExpr","range":{"beginLine":39,"beginColumn":3,"endLine":39,"endColumn":54},"tokenRange":{"beginToken":{"kind":94,"text":"assertEquals"},"endToken":{"kind":98,"text":")"}},"arguments":[{"!":"com.github.javaparser.ast.expr.IntegerLiteralExpr","range":{"beginLine":39,"beginColumn":17,"endLine":39,"endColumn":17},"tokenRange":{"beginToken":{"kind":77,"text":"2"},"endToken":{"kind":77,"text":"2"}},"value":"2"},{"!":"com.github.javaparser.ast.expr.MethodCallExpr","range":{"beginLine":39,"beginColumn":20,"endLine":39,"endColumn":52},"tokenRange":{"beginToken":{"kind":94,"text":"overrides"},"endToken":{"kind":98,"text":")"}},"arguments":[],"name":{"!":"com.github.javaparser.ast.expr.SimpleName","range":{"beginLine":39,"beginColumn":42,"endLine":39,"endColumn":50},"tokenRange":{"beginToken":{"kind":94,"text":"precision"},"endToken":{"kind":94,"text":"precision"}},"identifier":"precision"},"scope":{"!":"com.github.javaparser.ast.expr.MethodCallExpr","range":{"beginLine":39,"beginColumn":20,"endLine":39,"endColumn":40},"tokenRange":{"beginToken":{"kind":94,"text":"overrides"},"endToken":{"kind":98,"text":")"}},"arguments":[],"name":{"!":"com.github.javaparser.ast.expr.SimpleName","range":{"beginLine":39,"beginColumn":33,"endLine":39,"endColumn":38},"tokenRange":{"beginToken":{"kind":94,"text":"column"},"endToken":{"kind":94,"text":"column"}},"identifier":"column"},"scope":{"!":"com.github.javaparser.ast.expr.ArrayAccessExpr","range":{"beginLine":39,"beginColumn":20,"endLine":39,"endColumn":31},"tokenRange":{"beginToken":{"kind":94,"text":"overrides"},"endToken":{"kind":102,"text":"]"}},"index":{"!":"com.github.javaparser.ast.expr.IntegerLiteralExpr","range":{"beginLine":39,"beginColumn":30,"endLine":39,"endColumn":30},"tokenRange":{"beginToken":{"kind":77,"text":"1"},"endToken":{"kind":77,"text":"1"}},"value":"1"},"name":{"!":"com.github.javaparser.ast.expr.NameExpr","range":{"beginLine":39,"beginColumn":20,"endLine":39,"endColumn":28},"tokenRange":{"beginToken":{"kind":94,"text":"overrides"},"endToken":{"kind":94,"text":"overrides"}},"name":{"!":"com.github.javaparser.ast.expr.SimpleName","range":{"beginLine":39,"beginColumn":20,"endLine":39,"endColumn":28},"tokenRange":{"beginToken":{"kind":94,"text":"overrides"},"endToken":{"kind":94,"text":"overrides"}},"identifier":"overrides"}}}}}],"name":{"!":"com.github.javaparser.ast.expr.SimpleName","range":{"beginLine":39,"beginColumn":3,"endLine":39,"endColumn":14},"tokenRange":{"beginToken":{"kind":94,"text":"assertEquals"},"endToken":{"kind":94,"text":"assertEquals"}},"identifier":"assertEquals"}}},{"!":"com.github.javaparser.ast.stmt.ExpressionStmt","range":{"beginLine":40,"beginColumn":3,"endLine":40,"endColumn":51},"tokenRange":{"beginToken":{"kind":94,"text":"assertEquals"},"endToken":{"kind":103,"text":";"}},"expression":{"!":"com.github.javaparser.ast.expr.MethodCallExpr","range":{"beginLine":40,"beginColumn":3,"endLine":40,"endColumn":50},"tokenRange":{"beginToken":{"kind":94,"text":"assertEquals"},"endToken":{"kind":98,"text":")"}},"arguments":[{"!":"com.github.javaparser.ast.expr.IntegerLiteralExpr","range":{"beginLine":40,"beginColumn":17,"endLine":40,"endColumn":17},"tokenRange":{"beginToken":{"kind":77,"text":"1"},"endToken":{"kind":77,"text":"1"}},"value":"1"},{"!":"com.github.javaparser.ast.expr.MethodCallExpr","range":{"beginLine":40,"beginColumn":20,"endLine":40,"endColumn":48},"tokenRange":{"beginToken":{"kind":94,"text":"overrides"},"endToken":{"kind":98,"text":")"}},"arguments":[],"name":{"!":"com.github.javaparser.ast.expr.SimpleName","range":{"beginLine":40,"beginColumn":42,"endLine":40,"endColumn":46},"tokenRange":{"beginToken":{"kind":94,"text":"scale"},"endToken":{"kind":94,"text":"scale"}},"identifier":"scale"},"scope":{"!":"com.github.javaparser.ast.expr.MethodCallExpr","range":{"beginLine":40,"beginColumn":20,"endLine":40,"endColumn":40},"tokenRange":{"beginToken":{"kind":94,"text":"overrides"},"endToken":{"kind":98,"text":")"}},"arguments":[],"name":{"!":"com.github.javaparser.ast.expr.SimpleName","range":{"beginLine":40,"beginColumn":33,"endLine":40,"endColumn":38},"tokenRange":{"beginToken":{"kind":94,"text":"column"},"endToken":{"kind":94,"text":"column"}},"identifier":"column"},"scope":{"!":"com.github.javaparser.ast.expr.ArrayAccessExpr","range":{"beginLine":40,"beginColumn":20,"endLine":40,"endColumn":31},"tokenRange":{"beginToken":{"kind":94,"text":"overrides"},"endToken":{"kind":102,"text":"]"}},"index":{"!":"com.github.javaparser.ast.expr.IntegerLiteralExpr","range":{"beginLine":40,"beginColumn":30,"endLine":40,"endColumn":30},"tokenRange":{"beginToken":{"kind":77,"text":"1"},"endToken":{"kind":77,"text":"1"}},"value":"1"},"name":{"!":"com.github.javaparser.ast.expr.NameExpr","range":{"beginLine":40,"beginColumn":20,"endLine":40,"endColumn":28},"tokenRange":{"beginToken":{"kind":94,"text":"overrides"},"endToken":{"kind":94,"text":"overrides"}},"name":{"!":"com.github.javaparser.ast.expr.SimpleName","range":{"beginLine":40,"beginColumn":20,"endLine":40,"endColumn":28},"tokenRange":{"beginToken":{"kind":94,"text":"overrides"},"endToken":{"kind":94,"text":"overrides"}},"identifier":"overrides"}}}}}],"name":{"!":"com.github.javaparser.ast.expr.SimpleName","range":{"beginLine":40,"beginColumn":3,"endLine":40,"endColumn":14},"tokenRange":{"beginToken":{"kind":94,"text":"assertEquals"},"endToken":{"kind":94,"text":"assertEquals"}},"identifier":"assertEquals"}}}]},"type":{"!":"com.github.javaparser.ast.type.VoidType","range":{"beginLine":3,"beginColumn":9,"endLine":3,"endColumn":12},"tokenRange":{"beginToken":{"kind":62,"text":"void"},"endToken":{"kind":62,"text":"void"}},"annotations":[]},"modifiers":[{"!":"com.github.javaparser.ast.Modifier","range":{"beginLine":3,"beginColumn":2,"endLine":3,"endColumn":7},"tokenRange":{"beginToken":{"kind":47,"text":"public"},"endToken":{"kind":47,"text":"public"}},"keyword":"PUBLIC"}],"name":{"!":"com.github.javaparser.ast.expr.SimpleName","range":{"beginLine":3,"beginColumn":14,"endLine":3,"endColumn":49},"tokenRange":{"beginToken":{"kind":94,"text":"testMultipleMapKeyAttributeOverrides"},"endToken":{"kind":94,"text":"testMultipleMapKeyAttributeOverrides"}},"identifier":"testMultipleMapKeyAttributeOverrides"},"parameters":[],"thrownExceptions":[{"!":"com.github.javaparser.ast.type.ClassOrInterfaceType","range":{"beginLine":3,"beginColumn":60,"endLine":3,"endColumn":68},"tokenRange":{"beginToken":{"kind":94,"text":"Exception"},"endToken":{"kind":94,"text":"Exception"}},"name":{"!":"com.github.javaparser.ast.expr.SimpleName","range":{"beginLine":3,"beginColumn":60,"endLine":3,"endColumn":68},"tokenRange":{"beginToken":{"kind":94,"text":"Exception"},"endToken":{"kind":94,"text":"Exception"}},"identifier":"Exception"},"annotations":[]}],"typeParameters":[],"annotations":[{"!":"com.github.javaparser.ast.expr.MarkerAnnotationExpr","range":{"beginLine":2,"beginColumn":2,"endLine":2,"endColumn":6},"tokenRange":{"beginToken":{"kind":107,"text":"@"},"endToken":{"kind":94,"text":"Test"}},"name":{"!":"com.github.javaparser.ast.expr.Name","range":{"beginLine":2,"beginColumn":3,"endLine":2,"endColumn":6},"tokenRange":{"beginToken":{"kind":94,"text":"Test"},"endToken":{"kind":94,"text":"Test"}},"identifier":"Test"}}]}],"modifiers":[],"name":{"!":"com.github.javaparser.ast.expr.SimpleName","range":{"beginLine":1,"beginColumn":7,"endLine":1,"endColumn":10},"tokenRange":{"beginToken":{"kind":94,"text":"Test"},"endToken":{"kind":94,"text":"Test"}},"identifier":"Test"},"annotations":[]}]}