{"!":"com.github.javaparser.ast.CompilationUnit","range":{"beginLine":1,"beginColumn":1,"endLine":36,"endColumn":2},"tokenRange":{"beginToken":{"kind":19,"text":"class"},"endToken":{"kind":0,"text":""}},"imports":[],"types":[{"!":"com.github.javaparser.ast.body.ClassOrInterfaceDeclaration","range":{"beginLine":1,"beginColumn":1,"endLine":36,"endColumn":2},"tokenRange":{"beginToken":{"kind":19,"text":"class"},"endToken":{"kind":100,"text":"}"}},"extendedTypes":[],"implementedTypes":[],"isInterface":"false","typeParameters":[],"members":[{"!":"com.github.javaparser.ast.body.MethodDeclaration","range":{"beginLine":2,"beginColumn":5,"endLine":34,"endColumn":5},"tokenRange":{"beginToken":{"kind":46,"text":"protected"},"endToken":{"kind":100,"text":"}"}},"body":{"!":"com.github.javaparser.ast.stmt.BlockStmt","range":{"beginLine":6,"beginColumn":32,"endLine":34,"endColumn":5},"tokenRange":{"beginToken":{"kind":99,"text":"{"},"endToken":{"kind":100,"text":"}"}},"statements":[{"!":"com.github.javaparser.ast.stmt.ExpressionStmt","range":{"beginLine":8,"beginColumn":9,"endLine":8,"endColumn":43},"tokenRange":{"beginToken":{"kind":94,"text":"_scratchBindings"},"endToken":{"kind":103,"text":";"}},"expression":{"!":"com.github.javaparser.ast.expr.MethodCallExpr","range":{"beginLine":8,"beginColumn":9,"endLine":8,"endColumn":42},"tokenRange":{"beginToken":{"kind":94,"text":"_scratchBindings"},"endToken":{"kind":98,"text":")"}},"arguments":[{"!":"com.github.javaparser.ast.expr.StringLiteralExpr","range":{"beginLine":8,"beginColumn":30,"endLine":8,"endColumn":35},"tokenRange":{"beginToken":{"kind":90,"text":"\"self\""},"endToken":{"kind":90,"text":"\"self\""}},"value":"self"},{"!":"com.github.javaparser.ast.expr.NameExpr","range":{"beginLine":8,"beginColumn":38,"endLine":8,"endColumn":41},"tokenRange":{"beginToken":{"kind":94,"text":"self"},"endToken":{"kind":94,"text":"self"}},"name":{"!":"com.github.javaparser.ast.expr.SimpleName","range":{"beginLine":8,"beginColumn":38,"endLine":8,"endColumn":41},"tokenRange":{"beginToken":{"kind":94,"text":"self"},"endToken":{"kind":94,"text":"self"}},"identifier":"self"}}],"name":{"!":"com.github.javaparser.ast.expr.SimpleName","range":{"beginLine":8,"beginColumn":26,"endLine":8,"endColumn":28},"tokenRange":{"beginToken":{"kind":94,"text":"put"},"endToken":{"kind":94,"text":"put"}},"identifier":"put"},"scope":{"!":"com.github.javaparser.ast.expr.NameExpr","range":{"beginLine":8,"beginColumn":9,"endLine":8,"endColumn":24},"tokenRange":{"beginToken":{"kind":94,"text":"_scratchBindings"},"endToken":{"kind":94,"text":"_scratchBindings"}},"name":{"!":"com.github.javaparser.ast.expr.SimpleName","range":{"beginLine":8,"beginColumn":9,"endLine":8,"endColumn":24},"tokenRange":{"beginToken":{"kind":94,"text":"_scratchBindings"},"endToken":{"kind":94,"text":"_scratchBindings"}},"identifier":"_scratchBindings"}}}},{"!":"com.github.javaparser.ast.stmt.ExpressionStmt","range":{"beginLine":9,"beginColumn":9,"endLine":9,"endColumn":61},"tokenRange":{"beginToken":{"kind":94,"text":"java"},"endToken":{"kind":103,"text":";"}},"expression":{"!":"com.github.javaparser.ast.expr.VariableDeclarationExpr","range":{"beginLine":9,"beginColumn":9,"endLine":9,"endColumn":60},"tokenRange":{"beginToken":{"kind":94,"text":"java"},"endToken":{"kind":98,"text":")"}},"annotations":[],"modifiers":[],"variables":[{"!":"com.github.javaparser.ast.body.VariableDeclarator","range":{"beginLine":9,"beginColumn":24,"endLine":9,"endColumn":60},"tokenRange":{"beginToken":{"kind":94,"text":"values"},"endToken":{"kind":98,"text":")"}},"initializer":{"!":"com.github.javaparser.ast.expr.MethodCallExpr","range":{"beginLine":9,"beginColumn":33,"endLine":9,"endColumn":60},"tokenRange":{"beginToken":{"kind":94,"text":"eval"},"endToken":{"kind":98,"text":")"}},"arguments":[{"!":"com.github.javaparser.ast.expr.NameExpr","range":{"beginLine":9,"beginColumn":38,"endLine":9,"endColumn":53},"tokenRange":{"beginToken":{"kind":94,"text":"_scratchBindings"},"endToken":{"kind":94,"text":"_scratchBindings"}},"name":{"!":"com.github.javaparser.ast.expr.SimpleName","range":{"beginLine":9,"beginColumn":38,"endLine":9,"endColumn":53},"tokenRange":{"beginToken":{"kind":94,"text":"_scratchBindings"},"endToken":{"kind":94,"text":"_scratchBindings"}},"identifier":"_scratchBindings"}},{"!":"com.github.javaparser.ast.expr.NameExpr","range":{"beginLine":9,"beginColumn":56,"endLine":9,"endColumn":59},"tokenRange":{"beginToken":{"kind":94,"text":"expr"},"endToken":{"kind":94,"text":"expr"}},"name":{"!":"com.github.javaparser.ast.expr.SimpleName","range":{"beginLine":9,"beginColumn":56,"endLine":9,"endColumn":59},"tokenRange":{"beginToken":{"kind":94,"text":"expr"},"endToken":{"kind":94,"text":"expr"}},"identifier":"expr"}}],"name":{"!":"com.github.javaparser.ast.expr.SimpleName","range":{"beginLine":9,"beginColumn":33,"endLine":9,"endColumn":36},"tokenRange":{"beginToken":{"kind":94,"text":"eval"},"endToken":{"kind":94,"text":"eval"}},"identifier":"eval"}},"name":{"!":"com.github.javaparser.ast.expr.SimpleName","range":{"beginLine":9,"beginColumn":24,"endLine":9,"endColumn":29},"tokenRange":{"beginToken":{"kind":94,"text":"values"},"endToken":{"kind":94,"text":"values"}},"identifier":"values"},"type":{"!":"com.github.javaparser.ast.type.ClassOrInterfaceType","range":{"beginLine":9,"beginColumn":9,"endLine":9,"endColumn":22},"tokenRange":{"beginToken":{"kind":94,"text":"java"},"endToken":{"kind":94,"text":"List"}},"name":{"!":"com.github.javaparser.ast.expr.SimpleName","range":{"beginLine":9,"beginColumn":19,"endLine":9,"endColumn":22},"tokenRange":{"beginToken":{"kind":94,"text":"List"},"endToken":{"kind":94,"text":"List"}},"identifier":"List"},"scope":{"!":"com.github.javaparser.ast.type.ClassOrInterfaceType","range":{"beginLine":9,"beginColumn":9,"endLine":9,"endColumn":17},"tokenRange":{"beginToken":{"kind":94,"text":"java"},"endToken":{"kind":94,"text":"util"}},"name":{"!":"com.github.javaparser.ast.expr.SimpleName","range":{"beginLine":9,"beginColumn":14,"endLine":9,"endColumn":17},"tokenRange":{"beginToken":{"kind":94,"text":"util"},"endToken":{"kind":94,"text":"util"}},"identifier":"util"},"scope":{"!":"com.github.javaparser.ast.type.ClassOrInterfaceType","range":{"beginLine":9,"beginColumn":9,"endLine":9,"endColumn":12},"tokenRange":{"beginToken":{"kind":94,"text":"java"},"endToken":{"kind":94,"text":"java"}},"name":{"!":"com.github.javaparser.ast.expr.SimpleName","range":{"beginLine":9,"beginColumn":9,"endLine":9,"endColumn":12},"tokenRange":{"beginToken":{"kind":94,"text":"java"},"endToken":{"kind":94,"text":"java"}},"identifier":"java"},"annotations":[]},"annotations":[]},"annotations":[]}}]}},{"!":"com.github.javaparser.ast.stmt.ExpressionStmt","range":{"beginLine":10,"beginColumn":9,"endLine":10,"endColumn":29},"tokenRange":{"beginToken":{"kind":94,"text":"_strBuf"},"endToken":{"kind":103,"text":";"}},"expression":{"!":"com.github.javaparser.ast.expr.MethodCallExpr","range":{"beginLine":10,"beginColumn":9,"endLine":10,"endColumn":28},"tokenRange":{"beginToken":{"kind":94,"text":"_strBuf"},"endToken":{"kind":98,"text":")"}},"arguments":[{"!":"com.github.javaparser.ast.expr.IntegerLiteralExpr","range":{"beginLine":10,"beginColumn":27,"endLine":10,"endColumn":27},"tokenRange":{"beginToken":{"kind":77,"text":"0"},"endToken":{"kind":77,"text":"0"}},"value":"0"}],"name":{"!":"com.github.javaparser.ast.expr.SimpleName","range":{"beginLine":10,"beginColumn":17,"endLine":10,"endColumn":25},"tokenRange":{"beginToken":{"kind":94,"text":"setLength"},"endToken":{"kind":94,"text":"setLength"}},"identifier":"setLength"},"scope":{"!":"com.github.javaparser.ast.expr.NameExpr","range":{"beginLine":10,"beginColumn":9,"endLine":10,"endColumn":15},"tokenRange":{"beginToken":{"kind":94,"text":"_strBuf"},"endToken":{"kind":94,"text":"_strBuf"}},"name":{"!":"com.github.javaparser.ast.expr.SimpleName","range":{"beginLine":10,"beginColumn":9,"endLine":10,"endColumn":15},"tokenRange":{"beginToken":{"kind":94,"text":"_strBuf"},"endToken":{"kind":94,"text":"_strBuf"}},"identifier":"_strBuf"}}}},{"!":"com.github.javaparser.ast.stmt.ExpressionStmt","range":{"beginLine":11,"beginColumn":9,"endLine":11,"endColumn":42},"tokenRange":{"beginToken":{"kind":94,"text":"Iterator"},"endToken":{"kind":103,"text":";"}},"expression":{"!":"com.github.javaparser.ast.expr.VariableDeclarationExpr","range":{"beginLine":11,"beginColumn":9,"endLine":11,"endColumn":41},"tokenRange":{"beginToken":{"kind":94,"text":"Iterator"},"endToken":{"kind":98,"text":")"}},"annotations":[],"modifiers":[],"variables":[{"!":"com.github.javaparser.ast.body.VariableDeclarator","range":{"beginLine":11,"beginColumn":18,"endLine":11,"endColumn":41},"tokenRange":{"beginToken":{"kind":94,"text":"iter"},"endToken":{"kind":98,"text":")"}},"initializer":{"!":"com.github.javaparser.ast.expr.MethodCallExpr","range":{"beginLine":11,"beginColumn":25,"endLine":11,"endColumn":41},"tokenRange":{"beginToken":{"kind":94,"text":"values"},"endToken":{"kind":98,"text":")"}},"arguments":[],"name":{"!":"com.github.javaparser.ast.expr.SimpleName","range":{"beginLine":11,"beginColumn":32,"endLine":11,"endColumn":39},"tokenRange":{"beginToken":{"kind":94,"text":"iterator"},"endToken":{"kind":94,"text":"iterator"}},"identifier":"iterator"},"scope":{"!":"com.github.javaparser.ast.expr.NameExpr","range":{"beginLine":11,"beginColumn":25,"endLine":11,"endColumn":30},"tokenRange":{"beginToken":{"kind":94,"text":"values"},"endToken":{"kind":94,"text":"values"}},"name":{"!":"com.github.javaparser.ast.expr.SimpleName","range":{"beginLine":11,"beginColumn":25,"endLine":11,"endColumn":30},"tokenRange":{"beginToken":{"kind":94,"text":"values"},"endToken":{"kind":94,"text":"values"}},"identifier":"values"}}},"name":{"!":"com.github.javaparser.ast.expr.SimpleName","range":{"beginLine":11,"beginColumn":18,"endLine":11,"endColumn":21},"tokenRange":{"beginToken":{"kind":94,"text":"iter"},"endToken":{"kind":94,"text":"iter"}},"identifier":"iter"},"type":{"!":"com.github.javaparser.ast.type.ClassOrInterfaceType","range":{"beginLine":11,"beginColumn":9,"endLine":11,"endColumn":16},"tokenRange":{"beginToken":{"kind":94,"text":"Iterator"},"endToken":{"kind":94,"text":"Iterator"}},"name":{"!":"com.github.javaparser.ast.expr.SimpleName","range":{"beginLine":11,"beginColumn":9,"endLine":11,"endColumn":16},"tokenRange":{"beginToken":{"kind":94,"text":"Iterator"},"endToken":{"kind":94,"text":"Iterator"}},"identifier":"Iterator"},"annotations":[]}}]}},{"!":"com.github.javaparser.ast.stmt.WhileStmt","range":{"beginLine":12,"beginColumn":9,"endLine":32,"endColumn":9},"tokenRange":{"beginToken":{"kind":64,"text":"while"},"endToken":{"kind":100,"text":"}"}},"body":{"!":"com.github.javaparser.ast.stmt.BlockStmt","range":{"beginLine":12,"beginColumn":32,"endLine":32,"endColumn":9},"tokenRange":{"beginToken":{"kind":99,"text":"{"},"endToken":{"kind":100,"text":"}"}},"statements":[{"!":"com.github.javaparser.ast.stmt.ExpressionStmt","range":{"beginLine":13,"beginColumn":13,"endLine":13,"endColumn":35},"tokenRange":{"beginToken":{"kind":94,"text":"Object"},"endToken":{"kind":103,"text":";"}},"expression":{"!":"com.github.javaparser.ast.expr.VariableDeclarationExpr","range":{"beginLine":13,"beginColumn":13,"endLine":13,"endColumn":34},"tokenRange":{"beginToken":{"kind":94,"text":"Object"},"endToken":{"kind":98,"text":")"}},"annotations":[],"modifiers":[],"variables":[{"!":"com.github.javaparser.ast.body.VariableDeclarator","range":{"beginLine":13,"beginColumn":20,"endLine":13,"endColumn":34},"tokenRange":{"beginToken":{"kind":94,"text":"v"},"endToken":{"kind":98,"text":")"}},"initializer":{"!":"com.github.javaparser.ast.expr.MethodCallExpr","range":{"beginLine":13,"beginColumn":24,"endLine":13,"endColumn":34},"tokenRange":{"beginToken":{"kind":94,"text":"iter"},"endToken":{"kind":98,"text":")"}},"arguments":[],"name":{"!":"com.github.javaparser.ast.expr.SimpleName","range":{"beginLine":13,"beginColumn":29,"endLine":13,"endColumn":32},"tokenRange":{"beginToken":{"kind":94,"text":"next"},"endToken":{"kind":94,"text":"next"}},"identifier":"next"},"scope":{"!":"com.github.javaparser.ast.expr.NameExpr","range":{"beginLine":13,"beginColumn":24,"endLine":13,"endColumn":27},"tokenRange":{"beginToken":{"kind":94,"text":"iter"},"endToken":{"kind":94,"text":"iter"}},"name":{"!":"com.github.javaparser.ast.expr.SimpleName","range":{"beginLine":13,"beginColumn":24,"endLine":13,"endColumn":27},"tokenRange":{"beginToken":{"kind":94,"text":"iter"},"endToken":{"kind":94,"text":"iter"}},"identifier":"iter"}}},"name":{"!":"com.github.javaparser.ast.expr.SimpleName","range":{"beginLine":13,"beginColumn":20,"endLine":13,"endColumn":20},"tokenRange":{"beginToken":{"kind":94,"text":"v"},"endToken":{"kind":94,"text":"v"}},"identifier":"v"},"type":{"!":"com.github.javaparser.ast.type.ClassOrInterfaceType","range":{"beginLine":13,"beginColumn":13,"endLine":13,"endColumn":18},"tokenRange":{"beginToken":{"kind":94,"text":"Object"},"endToken":{"kind":94,"text":"Object"}},"name":{"!":"com.github.javaparser.ast.expr.SimpleName","range":{"beginLine":13,"beginColumn":13,"endLine":13,"endColumn":18},"tokenRange":{"beginToken":{"kind":94,"text":"Object"},"endToken":{"kind":94,"text":"Object"}},"identifier":"Object"},"annotations":[]}}]}},{"!":"com.github.javaparser.ast.stmt.IfStmt","range":{"beginLine":14,"beginColumn":13,"endLine":19,"endColumn":13},"tokenRange":{"beginToken":{"kind":34,"text":"if"},"endToken":{"kind":100,"text":"}"}},"condition":{"!":"com.github.javaparser.ast.expr.MethodCallExpr","range":{"beginLine":14,"beginColumn":17,"endLine":14,"endColumn":52},"tokenRange":{"beginToken":{"kind":94,"text":"Model"},"endToken":{"kind":98,"text":")"}},"arguments":[{"!":"com.github.javaparser.ast.expr.NameExpr","range":{"beginLine":14,"beginColumn":51,"endLine":14,"endColumn":51},"tokenRange":{"beginToken":{"kind":94,"text":"v"},"endToken":{"kind":94,"text":"v"}},"name":{"!":"com.github.javaparser.ast.expr.SimpleName","range":{"beginLine":14,"beginColumn":51,"endLine":14,"endColumn":51},"tokenRange":{"beginToken":{"kind":94,"text":"v"},"endToken":{"kind":94,"text":"v"}},"identifier":"v"}}],"name":{"!":"com.github.javaparser.ast.expr.SimpleName","range":{"beginLine":14,"beginColumn":35,"endLine":14,"endColumn":49},"tokenRange":{"beginToken":{"kind":94,"text":"isAModelElement"},"endToken":{"kind":94,"text":"isAModelElement"}},"identifier":"isAModelElement"},"scope":{"!":"com.github.javaparser.ast.expr.MethodCallExpr","range":{"beginLine":14,"beginColumn":17,"endLine":14,"endColumn":33},"tokenRange":{"beginToken":{"kind":94,"text":"Model"},"endToken":{"kind":98,"text":")"}},"arguments":[],"name":{"!":"com.github.javaparser.ast.expr.SimpleName","range":{"beginLine":14,"beginColumn":23,"endLine":14,"endColumn":31},"tokenRange":{"beginToken":{"kind":94,"text":"getFacade"},"endToken":{"kind":94,"text":"getFacade"}},"identifier":"getFacade"},"scope":{"!":"com.github.javaparser.ast.expr.NameExpr","range":{"beginLine":14,"beginColumn":17,"endLine":14,"endColumn":21},"tokenRange":{"beginToken":{"kind":94,"text":"Model"},"endToken":{"kind":94,"text":"Model"}},"name":{"!":"com.github.javaparser.ast.expr.SimpleName","range":{"beginLine":14,"beginColumn":17,"endLine":14,"endColumn":21},"tokenRange":{"beginToken":{"kind":94,"text":"Model"},"endToken":{"kind":94,"text":"Model"}},"identifier":"Model"}}}},"thenStmt":{"!":"com.github.javaparser.ast.stmt.BlockStmt","range":{"beginLine":14,"beginColumn":55,"endLine":19,"endColumn":13},"tokenRange":{"beginToken":{"kind":99,"text":"{"},"endToken":{"kind":100,"text":"}"}},"statements":[{"!":"com.github.javaparser.ast.stmt.ExpressionStmt","range":{"beginLine":15,"beginColumn":17,"endLine":15,"endColumn":49},"tokenRange":{"beginToken":{"kind":94,"text":"v"},"endToken":{"kind":103,"text":";"}},"expression":{"!":"com.github.javaparser.ast.expr.AssignExpr","range":{"beginLine":15,"beginColumn":17,"endLine":15,"endColumn":48},"tokenRange":{"beginToken":{"kind":94,"text":"v"},"endToken":{"kind":98,"text":")"}},"operator":"ASSIGN","target":{"!":"com.github.javaparser.ast.expr.NameExpr","range":{"beginLine":15,"beginColumn":17,"endLine":15,"endColumn":17},"tokenRange":{"beginToken":{"kind":94,"text":"v"},"endToken":{"kind":94,"text":"v"}},"name":{"!":"com.github.javaparser.ast.expr.SimpleName","range":{"beginLine":15,"beginColumn":17,"endLine":15,"endColumn":17},"tokenRange":{"beginToken":{"kind":94,"text":"v"},"endToken":{"kind":94,"text":"v"}},"identifier":"v"}},"value":{"!":"com.github.javaparser.ast.expr.MethodCallExpr","range":{"beginLine":15,"beginColumn":21,"endLine":15,"endColumn":48},"tokenRange":{"beginToken":{"kind":94,"text":"Model"},"endToken":{"kind":98,"text":")"}},"arguments":[{"!":"com.github.javaparser.ast.expr.NameExpr","range":{"beginLine":15,"beginColumn":47,"endLine":15,"endColumn":47},"tokenRange":{"beginToken":{"kind":94,"text":"v"},"endToken":{"kind":94,"text":"v"}},"name":{"!":"com.github.javaparser.ast.expr.SimpleName","range":{"beginLine":15,"beginColumn":47,"endLine":15,"endColumn":47},"tokenRange":{"beginToken":{"kind":94,"text":"v"},"endToken":{"kind":94,"text":"v"}},"identifier":"v"}}],"name":{"!":"com.github.javaparser.ast.expr.SimpleName","range":{"beginLine":15,"beginColumn":39,"endLine":15,"endColumn":45},"tokenRange":{"beginToken":{"kind":94,"text":"getName"},"endToken":{"kind":94,"text":"getName"}},"identifier":"getName"},"scope":{"!":"com.github.javaparser.ast.expr.MethodCallExpr","range":{"beginLine":15,"beginColumn":21,"endLine":15,"endColumn":37},"tokenRange":{"beginToken":{"kind":94,"text":"Model"},"endToken":{"kind":98,"text":")"}},"arguments":[],"name":{"!":"com.github.javaparser.ast.expr.SimpleName","range":{"beginLine":15,"beginColumn":27,"endLine":15,"endColumn":35},"tokenRange":{"beginToken":{"kind":94,"text":"getFacade"},"endToken":{"kind":94,"text":"getFacade"}},"identifier":"getFacade"},"scope":{"!":"com.github.javaparser.ast.expr.NameExpr","range":{"beginLine":15,"beginColumn":21,"endLine":15,"endColumn":25},"tokenRange":{"beginToken":{"kind":94,"text":"Model"},"endToken":{"kind":94,"text":"Model"}},"name":{"!":"com.github.javaparser.ast.expr.SimpleName","range":{"beginLine":15,"beginColumn":21,"endLine":15,"endColumn":25},"tokenRange":{"beginToken":{"kind":94,"text":"Model"},"endToken":{"kind":94,"text":"Model"}},"identifier":"Model"}}}}}},{"!":"com.github.javaparser.ast.stmt.IfStmt","range":{"beginLine":16,"beginColumn":17,"endLine":18,"endColumn":17},"tokenRange":{"beginToken":{"kind":34,"text":"if"},"endToken":{"kind":100,"text":"}"}},"condition":{"!":"com.github.javaparser.ast.expr.MethodCallExpr","range":{"beginLine":16,"beginColumn":21,"endLine":16,"endColumn":32},"tokenRange":{"beginToken":{"kind":90,"text":"\"\""},"endToken":{"kind":98,"text":")"}},"arguments":[{"!":"com.github.javaparser.ast.expr.NameExpr","range":{"beginLine":16,"beginColumn":31,"endLine":16,"endColumn":31},"tokenRange":{"beginToken":{"kind":94,"text":"v"},"endToken":{"kind":94,"text":"v"}},"name":{"!":"com.github.javaparser.ast.expr.SimpleName","range":{"beginLine":16,"beginColumn":31,"endLine":16,"endColumn":31},"tokenRange":{"beginToken":{"kind":94,"text":"v"},"endToken":{"kind":94,"text":"v"}},"identifier":"v"}}],"name":{"!":"com.github.javaparser.ast.expr.SimpleName","range":{"beginLine":16,"beginColumn":24,"endLine":16,"endColumn":29},"tokenRange":{"beginToken":{"kind":94,"text":"equals"},"endToken":{"kind":94,"text":"equals"}},"identifier":"equals"},"scope":{"!":"com.github.javaparser.ast.expr.StringLiteralExpr","range":{"beginLine":16,"beginColumn":21,"endLine":16,"endColumn":22},"tokenRange":{"beginToken":{"kind":90,"text":"\"\""},"endToken":{"kind":90,"text":"\"\""}},"value":""}},"thenStmt":{"!":"com.github.javaparser.ast.stmt.BlockStmt","range":{"beginLine":16,"beginColumn":35,"endLine":18,"endColumn":17},"tokenRange":{"beginToken":{"kind":99,"text":"{"},"endToken":{"kind":100,"text":"}"}},"statements":[{"!":"com.github.javaparser.ast.stmt.ExpressionStmt","range":{"beginLine":17,"beginColumn":21,"endLine":17,"endColumn":62},"tokenRange":{"beginToken":{"kind":94,"text":"v"},"endToken":{"kind":103,"text":";"}},"expression":{"!":"com.github.javaparser.ast.expr.AssignExpr","range":{"beginLine":17,"beginColumn":21,"endLine":17,"endColumn":61},"tokenRange":{"beginToken":{"kind":94,"text":"v"},"endToken":{"kind":98,"text":")"}},"operator":"ASSIGN","target":{"!":"com.github.javaparser.ast.expr.NameExpr","range":{"beginLine":17,"beginColumn":21,"endLine":17,"endColumn":21},"tokenRange":{"beginToken":{"kind":94,"text":"v"},"endToken":{"kind":94,"text":"v"}},"name":{"!":"com.github.javaparser.ast.expr.SimpleName","range":{"beginLine":17,"beginColumn":21,"endLine":17,"endColumn":21},"tokenRange":{"beginToken":{"kind":94,"text":"v"},"endToken":{"kind":94,"text":"v"}},"identifier":"v"}},"value":{"!":"com.github.javaparser.ast.expr.MethodCallExpr","range":{"beginLine":17,"beginColumn":25,"endLine":17,"endColumn":61},"tokenRange":{"beginToken":{"kind":94,"text":"Translator"},"endToken":{"kind":98,"text":")"}},"arguments":[{"!":"com.github.javaparser.ast.expr.StringLiteralExpr","range":{"beginLine":17,"beginColumn":45,"endLine":17,"endColumn":60},"tokenRange":{"beginToken":{"kind":90,"text":"\"misc.name.anon\""},"endToken":{"kind":90,"text":"\"misc.name.anon\""}},"value":"misc.name.anon"}],"name":{"!":"com.github.javaparser.ast.expr.SimpleName","range":{"beginLine":17,"beginColumn":36,"endLine":17,"endColumn":43},"tokenRange":{"beginToken":{"kind":94,"text":"localize"},"endToken":{"kind":94,"text":"localize"}},"identifier":"localize"},"scope":{"!":"com.github.javaparser.ast.expr.NameExpr","range":{"beginLine":17,"beginColumn":25,"endLine":17,"endColumn":34},"tokenRange":{"beginToken":{"kind":94,"text":"Translator"},"endToken":{"kind":94,"text":"Translator"}},"name":{"!":"com.github.javaparser.ast.expr.SimpleName","range":{"beginLine":17,"beginColumn":25,"endLine":17,"endColumn":34},"tokenRange":{"beginToken":{"kind":94,"text":"Translator"},"endToken":{"kind":94,"text":"Translator"}},"identifier":"Translator"}}}}}]}}]}},{"!":"com.github.javaparser.ast.stmt.IfStmt","range":{"beginLine":20,"beginColumn":13,"endLine":25,"endColumn":13},"tokenRange":{"beginToken":{"kind":34,"text":"if"},"endToken":{"kind":100,"text":"}"}},"condition":{"!":"com.github.javaparser.ast.expr.MethodCallExpr","range":{"beginLine":20,"beginColumn":17,"endLine":20,"endColumn":50},"tokenRange":{"beginToken":{"kind":94,"text":"Model"},"endToken":{"kind":98,"text":")"}},"arguments":[{"!":"com.github.javaparser.ast.expr.NameExpr","range":{"beginLine":20,"beginColumn":49,"endLine":20,"endColumn":49},"tokenRange":{"beginToken":{"kind":94,"text":"v"},"endToken":{"kind":94,"text":"v"}},"name":{"!":"com.github.javaparser.ast.expr.SimpleName","range":{"beginLine":20,"beginColumn":49,"endLine":20,"endColumn":49},"tokenRange":{"beginToken":{"kind":94,"text":"v"},"endToken":{"kind":94,"text":"v"}},"identifier":"v"}}],"name":{"!":"com.github.javaparser.ast.expr.SimpleName","range":{"beginLine":20,"beginColumn":35,"endLine":20,"endColumn":47},"tokenRange":{"beginToken":{"kind":94,"text":"isAExpression"},"endToken":{"kind":94,"text":"isAExpression"}},"identifier":"isAExpression"},"scope":{"!":"com.github.javaparser.ast.expr.MethodCallExpr","range":{"beginLine":20,"beginColumn":17,"endLine":20,"endColumn":33},"tokenRange":{"beginToken":{"kind":94,"text":"Model"},"endToken":{"kind":98,"text":")"}},"arguments":[],"name":{"!":"com.github.javaparser.ast.expr.SimpleName","range":{"beginLine":20,"beginColumn":23,"endLine":20,"endColumn":31},"tokenRange":{"beginToken":{"kind":94,"text":"getFacade"},"endToken":{"kind":94,"text":"getFacade"}},"identifier":"getFacade"},"scope":{"!":"com.github.javaparser.ast.expr.NameExpr","range":{"beginLine":20,"beginColumn":17,"endLine":20,"endColumn":21},"tokenRange":{"beginToken":{"kind":94,"text":"Model"},"endToken":{"kind":94,"text":"Model"}},"name":{"!":"com.github.javaparser.ast.expr.SimpleName","range":{"beginLine":20,"beginColumn":17,"endLine":20,"endColumn":21},"tokenRange":{"beginToken":{"kind":94,"text":"Model"},"endToken":{"kind":94,"text":"Model"}},"identifier":"Model"}}}},"thenStmt":{"!":"com.github.javaparser.ast.stmt.BlockStmt","range":{"beginLine":20,"beginColumn":53,"endLine":25,"endColumn":13},"tokenRange":{"beginToken":{"kind":99,"text":"{"},"endToken":{"kind":100,"text":"}"}},"statements":[{"!":"com.github.javaparser.ast.stmt.ExpressionStmt","range":{"beginLine":21,"beginColumn":17,"endLine":21,"endColumn":49},"tokenRange":{"beginToken":{"kind":94,"text":"v"},"endToken":{"kind":103,"text":";"}},"expression":{"!":"com.github.javaparser.ast.expr.AssignExpr","range":{"beginLine":21,"beginColumn":17,"endLine":21,"endColumn":48},"tokenRange":{"beginToken":{"kind":94,"text":"v"},"endToken":{"kind":98,"text":")"}},"operator":"ASSIGN","target":{"!":"com.github.javaparser.ast.expr.NameExpr","range":{"beginLine":21,"beginColumn":17,"endLine":21,"endColumn":17},"tokenRange":{"beginToken":{"kind":94,"text":"v"},"endToken":{"kind":94,"text":"v"}},"name":{"!":"com.github.javaparser.ast.expr.SimpleName","range":{"beginLine":21,"beginColumn":17,"endLine":21,"endColumn":17},"tokenRange":{"beginToken":{"kind":94,"text":"v"},"endToken":{"kind":94,"text":"v"}},"identifier":"v"}},"value":{"!":"com.github.javaparser.ast.expr.MethodCallExpr","range":{"beginLine":21,"beginColumn":21,"endLine":21,"endColumn":48},"tokenRange":{"beginToken":{"kind":94,"text":"Model"},"endToken":{"kind":98,"text":")"}},"arguments":[{"!":"com.github.javaparser.ast.expr.NameExpr","range":{"beginLine":21,"beginColumn":47,"endLine":21,"endColumn":47},"tokenRange":{"beginToken":{"kind":94,"text":"v"},"endToken":{"kind":94,"text":"v"}},"name":{"!":"com.github.javaparser.ast.expr.SimpleName","range":{"beginLine":21,"beginColumn":47,"endLine":21,"endColumn":47},"tokenRange":{"beginToken":{"kind":94,"text":"v"},"endToken":{"kind":94,"text":"v"}},"identifier":"v"}}],"name":{"!":"com.github.javaparser.ast.expr.SimpleName","range":{"beginLine":21,"beginColumn":39,"endLine":21,"endColumn":45},"tokenRange":{"beginToken":{"kind":94,"text":"getBody"},"endToken":{"kind":94,"text":"getBody"}},"identifier":"getBody"},"scope":{"!":"com.github.javaparser.ast.expr.MethodCallExpr","range":{"beginLine":21,"beginColumn":21,"endLine":21,"endColumn":37},"tokenRange":{"beginToken":{"kind":94,"text":"Model"},"endToken":{"kind":98,"text":")"}},"arguments":[],"name":{"!":"com.github.javaparser.ast.expr.SimpleName","range":{"beginLine":21,"beginColumn":27,"endLine":21,"endColumn":35},"tokenRange":{"beginToken":{"kind":94,"text":"getFacade"},"endToken":{"kind":94,"text":"getFacade"}},"identifier":"getFacade"},"scope":{"!":"com.github.javaparser.ast.expr.NameExpr","range":{"beginLine":21,"beginColumn":21,"endLine":21,"endColumn":25},"tokenRange":{"beginToken":{"kind":94,"text":"Model"},"endToken":{"kind":94,"text":"Model"}},"name":{"!":"com.github.javaparser.ast.expr.SimpleName","range":{"beginLine":21,"beginColumn":21,"endLine":21,"endColumn":25},"tokenRange":{"beginToken":{"kind":94,"text":"Model"},"endToken":{"kind":94,"text":"Model"}},"identifier":"Model"}}}}}},{"!":"com.github.javaparser.ast.stmt.IfStmt","range":{"beginLine":22,"beginColumn":17,"endLine":24,"endColumn":17},"tokenRange":{"beginToken":{"kind":34,"text":"if"},"endToken":{"kind":100,"text":"}"}},"condition":{"!":"com.github.javaparser.ast.expr.MethodCallExpr","range":{"beginLine":22,"beginColumn":21,"endLine":22,"endColumn":32},"tokenRange":{"beginToken":{"kind":90,"text":"\"\""},"endToken":{"kind":98,"text":")"}},"arguments":[{"!":"com.github.javaparser.ast.expr.NameExpr","range":{"beginLine":22,"beginColumn":31,"endLine":22,"endColumn":31},"tokenRange":{"beginToken":{"kind":94,"text":"v"},"endToken":{"kind":94,"text":"v"}},"name":{"!":"com.github.javaparser.ast.expr.SimpleName","range":{"beginLine":22,"beginColumn":31,"endLine":22,"endColumn":31},"tokenRange":{"beginToken":{"kind":94,"text":"v"},"endToken":{"kind":94,"text":"v"}},"identifier":"v"}}],"name":{"!":"com.github.javaparser.ast.expr.SimpleName","range":{"beginLine":22,"beginColumn":24,"endLine":22,"endColumn":29},"tokenRange":{"beginToken":{"kind":94,"text":"equals"},"endToken":{"kind":94,"text":"equals"}},"identifier":"equals"},"scope":{"!":"com.github.javaparser.ast.expr.StringLiteralExpr","range":{"beginLine":22,"beginColumn":21,"endLine":22,"endColumn":22},"tokenRange":{"beginToken":{"kind":90,"text":"\"\""},"endToken":{"kind":90,"text":"\"\""}},"value":""}},"thenStmt":{"!":"com.github.javaparser.ast.stmt.BlockStmt","range":{"beginLine":22,"beginColumn":35,"endLine":24,"endColumn":17},"tokenRange":{"beginToken":{"kind":99,"text":"{"},"endToken":{"kind":100,"text":"}"}},"statements":[{"!":"com.github.javaparser.ast.stmt.ExpressionStmt","range":{"beginLine":23,"beginColumn":21,"endLine":23,"endColumn":40},"tokenRange":{"beginToken":{"kind":94,"text":"v"},"endToken":{"kind":103,"text":";"}},"expression":{"!":"com.github.javaparser.ast.expr.AssignExpr","range":{"beginLine":23,"beginColumn":21,"endLine":23,"endColumn":39},"tokenRange":{"beginToken":{"kind":94,"text":"v"},"endToken":{"kind":90,"text":"\"(unspecified)\""}},"operator":"ASSIGN","target":{"!":"com.github.javaparser.ast.expr.NameExpr","range":{"beginLine":23,"beginColumn":21,"endLine":23,"endColumn":21},"tokenRange":{"beginToken":{"kind":94,"text":"v"},"endToken":{"kind":94,"text":"v"}},"name":{"!":"com.github.javaparser.ast.expr.SimpleName","range":{"beginLine":23,"beginColumn":21,"endLine":23,"endColumn":21},"tokenRange":{"beginToken":{"kind":94,"text":"v"},"endToken":{"kind":94,"text":"v"}},"identifier":"v"}},"value":{"!":"com.github.javaparser.ast.expr.StringLiteralExpr","range":{"beginLine":23,"beginColumn":25,"endLine":23,"endColumn":39},"tokenRange":{"beginToken":{"kind":90,"text":"\"(unspecified)\""},"endToken":{"kind":90,"text":"\"(unspecified)\""}},"value":"(unspecified)"}}}]}}]}},{"!":"com.github.javaparser.ast.stmt.IfStmt","range":{"beginLine":26,"beginColumn":13,"endLine":31,"endColumn":13},"tokenRange":{"beginToken":{"kind":34,"text":"if"},"endToken":{"kind":100,"text":"}"}},"condition":{"!":"com.github.javaparser.ast.expr.UnaryExpr","range":{"beginLine":26,"beginColumn":17,"endLine":26,"endColumn":29},"tokenRange":{"beginToken":{"kind":111,"text":"!"},"endToken":{"kind":98,"text":")"}},"expression":{"!":"com.github.javaparser.ast.expr.MethodCallExpr","range":{"beginLine":26,"beginColumn":18,"endLine":26,"endColumn":29},"tokenRange":{"beginToken":{"kind":90,"text":"\"\""},"endToken":{"kind":98,"text":")"}},"arguments":[{"!":"com.github.javaparser.ast.expr.NameExpr","range":{"beginLine":26,"beginColumn":28,"endLine":26,"endColumn":28},"tokenRange":{"beginToken":{"kind":94,"text":"v"},"endToken":{"kind":94,"text":"v"}},"name":{"!":"com.github.javaparser.ast.expr.SimpleName","range":{"beginLine":26,"beginColumn":28,"endLine":26,"endColumn":28},"tokenRange":{"beginToken":{"kind":94,"text":"v"},"endToken":{"kind":94,"text":"v"}},"identifier":"v"}}],"name":{"!":"com.github.javaparser.ast.expr.SimpleName","range":{"beginLine":26,"beginColumn":21,"endLine":26,"endColumn":26},"tokenRange":{"beginToken":{"kind":94,"text":"equals"},"endToken":{"kind":94,"text":"equals"}},"identifier":"equals"},"scope":{"!":"com.github.javaparser.ast.expr.StringLiteralExpr","range":{"beginLine":26,"beginColumn":18,"endLine":26,"endColumn":19},"tokenRange":{"beginToken":{"kind":90,"text":"\"\""},"endToken":{"kind":90,"text":"\"\""}},"value":""}},"operator":"LOGICAL_COMPLEMENT"},"thenStmt":{"!":"com.github.javaparser.ast.stmt.BlockStmt","range":{"beginLine":26,"beginColumn":32,"endLine":31,"endColumn":13},"tokenRange":{"beginToken":{"kind":99,"text":"{"},"endToken":{"kind":100,"text":"}"}},"statements":[{"!":"com.github.javaparser.ast.stmt.ExpressionStmt","range":{"beginLine":27,"beginColumn":17,"endLine":27,"endColumn":34},"tokenRange":{"beginToken":{"kind":94,"text":"_strBuf"},"endToken":{"kind":103,"text":";"}},"expression":{"!":"com.github.javaparser.ast.expr.MethodCallExpr","range":{"beginLine":27,"beginColumn":17,"endLine":27,"endColumn":33},"tokenRange":{"beginToken":{"kind":94,"text":"_strBuf"},"endToken":{"kind":98,"text":")"}},"arguments":[{"!":"com.github.javaparser.ast.expr.NameExpr","range":{"beginLine":27,"beginColumn":32,"endLine":27,"endColumn":32},"tokenRange":{"beginToken":{"kind":94,"text":"v"},"endToken":{"kind":94,"text":"v"}},"name":{"!":"com.github.javaparser.ast.expr.SimpleName","range":{"beginLine":27,"beginColumn":32,"endLine":27,"endColumn":32},"tokenRange":{"beginToken":{"kind":94,"text":"v"},"endToken":{"kind":94,"text":"v"}},"identifier":"v"}}],"name":{"!":"com.github.javaparser.ast.expr.SimpleName","range":{"beginLine":27,"beginColumn":25,"endLine":27,"endColumn":30},"tokenRange":{"beginToken":{"kind":94,"text":"append"},"endToken":{"kind":94,"text":"append"}},"identifier":"append"},"scope":{"!":"com.github.javaparser.ast.expr.NameExpr","range":{"beginLine":27,"beginColumn":17,"endLine":27,"endColumn":23},"tokenRange":{"beginToken":{"kind":94,"text":"_strBuf"},"endToken":{"kind":94,"text":"_strBuf"}},"name":{"!":"com.github.javaparser.ast.expr.SimpleName","range":{"beginLine":27,"beginColumn":17,"endLine":27,"endColumn":23},"tokenRange":{"beginToken":{"kind":94,"text":"_strBuf"},"endToken":{"kind":94,"text":"_strBuf"}},"identifier":"_strBuf"}}}},{"!":"com.github.javaparser.ast.stmt.IfStmt","range":{"beginLine":28,"beginColumn":17,"endLine":30,"endColumn":17},"tokenRange":{"beginToken":{"kind":34,"text":"if"},"endToken":{"kind":100,"text":"}"}},"condition":{"!":"com.github.javaparser.ast.expr.MethodCallExpr","range":{"beginLine":28,"beginColumn":21,"endLine":28,"endColumn":34},"tokenRange":{"beginToken":{"kind":94,"text":"iter"},"endToken":{"kind":98,"text":")"}},"arguments":[],"name":{"!":"com.github.javaparser.ast.expr.SimpleName","range":{"beginLine":28,"beginColumn":26,"endLine":28,"endColumn":32},"tokenRange":{"beginToken":{"kind":94,"text":"hasNext"},"endToken":{"kind":94,"text":"hasNext"}},"identifier":"hasNext"},"scope":{"!":"com.github.javaparser.ast.expr.NameExpr","range":{"beginLine":28,"beginColumn":21,"endLine":28,"endColumn":24},"tokenRange":{"beginToken":{"kind":94,"text":"iter"},"endToken":{"kind":94,"text":"iter"}},"name":{"!":"com.github.javaparser.ast.expr.SimpleName","range":{"beginLine":28,"beginColumn":21,"endLine":28,"endColumn":24},"tokenRange":{"beginToken":{"kind":94,"text":"iter"},"endToken":{"kind":94,"text":"iter"}},"identifier":"iter"}}},"thenStmt":{"!":"com.github.javaparser.ast.stmt.BlockStmt","range":{"beginLine":28,"beginColumn":37,"endLine":30,"endColumn":17},"tokenRange":{"beginToken":{"kind":99,"text":"{"},"endToken":{"kind":100,"text":"}"}},"statements":[{"!":"com.github.javaparser.ast.stmt.ExpressionStmt","range":{"beginLine":29,"beginColumn":21,"endLine":29,"endColumn":40},"tokenRange":{"beginToken":{"kind":94,"text":"_strBuf"},"endToken":{"kind":103,"text":";"}},"expression":{"!":"com.github.javaparser.ast.expr.MethodCallExpr","range":{"beginLine":29,"beginColumn":21,"endLine":29,"endColumn":39},"tokenRange":{"beginToken":{"kind":94,"text":"_strBuf"},"endToken":{"kind":98,"text":")"}},"arguments":[{"!":"com.github.javaparser.ast.expr.NameExpr","range":{"beginLine":29,"beginColumn":36,"endLine":29,"endColumn":38},"tokenRange":{"beginToken":{"kind":94,"text":"sep"},"endToken":{"kind":94,"text":"sep"}},"name":{"!":"com.github.javaparser.ast.expr.SimpleName","range":{"beginLine":29,"beginColumn":36,"endLine":29,"endColumn":38},"tokenRange":{"beginToken":{"kind":94,"text":"sep"},"endToken":{"kind":94,"text":"sep"}},"identifier":"sep"}}],"name":{"!":"com.github.javaparser.ast.expr.SimpleName","range":{"beginLine":29,"beginColumn":29,"endLine":29,"endColumn":34},"tokenRange":{"beginToken":{"kind":94,"text":"append"},"endToken":{"kind":94,"text":"append"}},"identifier":"append"},"scope":{"!":"com.github.javaparser.ast.expr.NameExpr","range":{"beginLine":29,"beginColumn":21,"endLine":29,"endColumn":27},"tokenRange":{"beginToken":{"kind":94,"text":"_strBuf"},"endToken":{"kind":94,"text":"_strBuf"}},"name":{"!":"com.github.javaparser.ast.expr.SimpleName","range":{"beginLine":29,"beginColumn":21,"endLine":29,"endColumn":27},"tokenRange":{"beginToken":{"kind":94,"text":"_strBuf"},"endToken":{"kind":94,"text":"_strBuf"}},"identifier":"_strBuf"}}}}]}}]}}]},"condition":{"!":"com.github.javaparser.ast.expr.MethodCallExpr","range":{"beginLine":12,"beginColumn":16,"endLine":12,"endColumn":29},"tokenRange":{"beginToken":{"kind":94,"text":"iter"},"endToken":{"kind":98,"text":")"}},"arguments":[],"name":{"!":"com.github.javaparser.ast.expr.SimpleName","range":{"beginLine":12,"beginColumn":21,"endLine":12,"endColumn":27},"tokenRange":{"beginToken":{"kind":94,"text":"hasNext"},"endToken":{"kind":94,"text":"hasNext"}},"identifier":"hasNext"},"scope":{"!":"com.github.javaparser.ast.expr.NameExpr","range":{"beginLine":12,"beginColumn":16,"endLine":12,"endColumn":19},"tokenRange":{"beginToken":{"kind":94,"text":"iter"},"endToken":{"kind":94,"text":"iter"}},"name":{"!":"com.github.javaparser.ast.expr.SimpleName","range":{"beginLine":12,"beginColumn":16,"endLine":12,"endColumn":19},"tokenRange":{"beginToken":{"kind":94,"text":"iter"},"endToken":{"kind":94,"text":"iter"}},"identifier":"iter"}}}},{"!":"com.github.javaparser.ast.stmt.ReturnStmt","range":{"beginLine":33,"beginColumn":9,"endLine":33,"endColumn":34},"tokenRange":{"beginToken":{"kind":49,"text":"return"},"endToken":{"kind":103,"text":";"}},"expression":{"!":"com.github.javaparser.ast.expr.MethodCallExpr","range":{"beginLine":33,"beginColumn":16,"endLine":33,"endColumn":33},"tokenRange":{"beginToken":{"kind":94,"text":"_strBuf"},"endToken":{"kind":98,"text":")"}},"arguments":[],"name":{"!":"com.github.javaparser.ast.expr.SimpleName","range":{"beginLine":33,"beginColumn":24,"endLine":33,"endColumn":31},"tokenRange":{"beginToken":{"kind":94,"text":"toString"},"endToken":{"kind":94,"text":"toString"}},"identifier":"toString"},"scope":{"!":"com.github.javaparser.ast.expr.NameExpr","range":{"beginLine":33,"beginColumn":16,"endLine":33,"endColumn":22},"tokenRange":{"beginToken":{"kind":94,"text":"_strBuf"},"endToken":{"kind":94,"text":"_strBuf"}},"name":{"!":"com.github.javaparser.ast.expr.SimpleName","range":{"beginLine":33,"beginColumn":16,"endLine":33,"endColumn":22},"tokenRange":{"beginToken":{"kind":94,"text":"_strBuf"},"endToken":{"kind":94,"text":"_strBuf"}},"identifier":"_strBuf"}}}}]},"type":{"!":"com.github.javaparser.ast.type.ClassOrInterfaceType","range":{"beginLine":2,"beginColumn":28,"endLine":2,"endColumn":33},"tokenRange":{"beginToken":{"kind":94,"text":"String"},"endToken":{"kind":94,"text":"String"}},"name":{"!":"com.github.javaparser.ast.expr.SimpleName","range":{"beginLine":2,"beginColumn":28,"endLine":2,"endColumn":33},"tokenRange":{"beginToken":{"kind":94,"text":"String"},"endToken":{"kind":94,"text":"String"}},"identifier":"String"},"annotations":[]},"modifiers":[{"!":"com.github.javaparser.ast.Modifier","range":{"beginLine":2,"beginColumn":5,"endLine":2,"endColumn":13},"tokenRange":{"beginToken":{"kind":46,"text":"protected"},"endToken":{"kind":46,"text":"protected"}},"keyword":"PROTECTED"},{"!":"com.github.javaparser.ast.Modifier","range":{"beginLine":2,"beginColumn":15,"endLine":2,"endColumn":26},"tokenRange":{"beginToken":{"kind":55,"text":"synchronized"},"endToken":{"kind":55,"text":"synchronized"}},"keyword":"SYNCHRONIZED"}],"name":{"!":"com.github.javaparser.ast.expr.SimpleName","range":{"beginLine":2,"beginColumn":35,"endLine":2,"endColumn":46},"tokenRange":{"beginToken":{"kind":94,"text":"evalToString"},"endToken":{"kind":94,"text":"evalToString"}},"identifier":"evalToString"},"parameters":[{"!":"com.github.javaparser.ast.body.Parameter","range":{"beginLine":3,"beginColumn":13,"endLine":3,"endColumn":23},"tokenRange":{"beginToken":{"kind":94,"text":"Object"},"endToken":{"kind":94,"text":"self"}},"annotations":[],"isVarArgs":"false","modifiers":[],"name":{"!":"com.github.javaparser.ast.expr.SimpleName","range":{"beginLine":3,"beginColumn":20,"endLine":3,"endColumn":23},"tokenRange":{"beginToken":{"kind":94,"text":"self"},"endToken":{"kind":94,"text":"self"}},"identifier":"self"},"type":{"!":"com.github.javaparser.ast.type.ClassOrInterfaceType","range":{"beginLine":3,"beginColumn":13,"endLine":3,"endColumn":18},"tokenRange":{"beginToken":{"kind":94,"text":"Object"},"endToken":{"kind":94,"text":"Object"}},"name":{"!":"com.github.javaparser.ast.expr.SimpleName","range":{"beginLine":3,"beginColumn":13,"endLine":3,"endColumn":18},"tokenRange":{"beginToken":{"kind":94,"text":"Object"},"endToken":{"kind":94,"text":"Object"}},"identifier":"Object"},"annotations":[]},"varArgsAnnotations":[]},{"!":"com.github.javaparser.ast.body.Parameter","range":{"beginLine":4,"beginColumn":13,"endLine":4,"endColumn":23},"tokenRange":{"beginToken":{"kind":94,"text":"String"},"endToken":{"kind":94,"text":"expr"}},"annotations":[],"isVarArgs":"false","modifiers":[],"name":{"!":"com.github.javaparser.ast.expr.SimpleName","range":{"beginLine":4,"beginColumn":20,"endLine":4,"endColumn":23},"tokenRange":{"beginToken":{"kind":94,"text":"expr"},"endToken":{"kind":94,"text":"expr"}},"identifier":"expr"},"type":{"!":"com.github.javaparser.ast.type.ClassOrInterfaceType","range":{"beginLine":4,"beginColumn":13,"endLine":4,"endColumn":18},"tokenRange":{"beginToken":{"kind":94,"text":"String"},"endToken":{"kind":94,"text":"String"}},"name":{"!":"com.github.javaparser.ast.expr.SimpleName","range":{"beginLine":4,"beginColumn":13,"endLine":4,"endColumn":18},"tokenRange":{"beginToken":{"kind":94,"text":"String"},"endToken":{"kind":94,"text":"String"}},"identifier":"String"},"annotations":[]},"varArgsAnnotations":[]},{"!":"com.github.javaparser.ast.body.Parameter","range":{"beginLine":5,"beginColumn":13,"endLine":5,"endColumn":22},"tokenRange":{"beginToken":{"kind":94,"text":"String"},"endToken":{"kind":94,"text":"sep"}},"annotations":[],"isVarArgs":"false","modifiers":[],"name":{"!":"com.github.javaparser.ast.expr.SimpleName","range":{"beginLine":5,"beginColumn":20,"endLine":5,"endColumn":22},"tokenRange":{"beginToken":{"kind":94,"text":"sep"},"endToken":{"kind":94,"text":"sep"}},"identifier":"sep"},"type":{"!":"com.github.javaparser.ast.type.ClassOrInterfaceType","range":{"beginLine":5,"beginColumn":13,"endLine":5,"endColumn":18},"tokenRange":{"beginToken":{"kind":94,"text":"String"},"endToken":{"kind":94,"text":"String"}},"name":{"!":"com.github.javaparser.ast.expr.SimpleName","range":{"beginLine":5,"beginColumn":13,"endLine":5,"endColumn":18},"tokenRange":{"beginToken":{"kind":94,"text":"String"},"endToken":{"kind":94,"text":"String"}},"identifier":"String"},"annotations":[]},"varArgsAnnotations":[]}],"thrownExceptions":[{"!":"com.github.javaparser.ast.type.ClassOrInterfaceType","range":{"beginLine":6,"beginColumn":13,"endLine":6,"endColumn":30},"tokenRange":{"beginToken":{"kind":94,"text":"ExpansionException"},"endToken":{"kind":94,"text":"ExpansionException"}},"name":{"!":"com.github.javaparser.ast.expr.SimpleName","range":{"beginLine":6,"beginColumn":13,"endLine":6,"endColumn":30},"tokenRange":{"beginToken":{"kind":94,"text":"ExpansionException"},"endToken":{"kind":94,"text":"ExpansionException"}},"identifier":"ExpansionException"},"annotations":[]}],"typeParameters":[],"annotations":[]}],"modifiers":[],"name":{"!":"com.github.javaparser.ast.expr.SimpleName","range":{"beginLine":1,"beginColumn":7,"endLine":1,"endColumn":10},"tokenRange":{"beginToken":{"kind":94,"text":"Test"},"endToken":{"kind":94,"text":"Test"}},"identifier":"Test"},"annotations":[]}]}