{"!":"com.github.javaparser.ast.CompilationUnit","range":{"beginLine":1,"beginColumn":1,"endLine":40,"endColumn":2},"tokenRange":{"beginToken":{"kind":19,"text":"class"},"endToken":{"kind":0,"text":""}},"imports":[],"types":[{"!":"com.github.javaparser.ast.body.ClassOrInterfaceDeclaration","range":{"beginLine":1,"beginColumn":1,"endLine":40,"endColumn":2},"tokenRange":{"beginToken":{"kind":19,"text":"class"},"endToken":{"kind":100,"text":"}"}},"extendedTypes":[],"implementedTypes":[],"isInterface":"false","typeParameters":[],"members":[{"!":"com.github.javaparser.ast.body.MethodDeclaration","range":{"beginLine":2,"beginColumn":2,"endLine":38,"endColumn":2},"tokenRange":{"beginToken":{"kind":107,"text":"@"},"endToken":{"kind":100,"text":"}"}},"body":{"!":"com.github.javaparser.ast.stmt.BlockStmt","range":{"beginLine":3,"beginColumn":67,"endLine":38,"endColumn":2},"tokenRange":{"beginToken":{"kind":99,"text":"{"},"endToken":{"kind":100,"text":"}"}},"statements":[{"!":"com.github.javaparser.ast.stmt.ExpressionStmt","range":{"beginLine":4,"beginColumn":3,"endLine":4,"endColumn":91},"tokenRange":{"beginToken":{"kind":94,"text":"XMLContext"},"endToken":{"kind":103,"text":";"}},"expression":{"!":"com.github.javaparser.ast.expr.VariableDeclarationExpr","range":{"beginLine":4,"beginColumn":3,"endLine":4,"endColumn":90},"tokenRange":{"beginToken":{"kind":94,"text":"XMLContext"},"endToken":{"kind":98,"text":")"}},"annotations":[],"modifiers":[],"variables":[{"!":"com.github.javaparser.ast.body.VariableDeclarator","range":{"beginLine":4,"beginColumn":14,"endLine":4,"endColumn":90},"tokenRange":{"beginToken":{"kind":94,"text":"context"},"endToken":{"kind":98,"text":")"}},"initializer":{"!":"com.github.javaparser.ast.expr.MethodCallExpr","range":{"beginLine":4,"beginColumn":24,"endLine":4,"endColumn":90},"tokenRange":{"beginToken":{"kind":94,"text":"buildContext"},"endToken":{"kind":98,"text":")"}},"arguments":[{"!":"com.github.javaparser.ast.expr.StringLiteralExpr","range":{"beginLine":4,"beginColumn":38,"endLine":4,"endColumn":88},"tokenRange":{"beginToken":{"kind":90,"text":"\"org/hibernate/test/annotations/reflection/orm.xml\""},"endToken":{"kind":90,"text":"\"org/hibernate/test/annotations/reflection/orm.xml\""}},"value":"org/hibernate/test/annotations/reflection/orm.xml"}],"name":{"!":"com.github.javaparser.ast.expr.SimpleName","range":{"beginLine":4,"beginColumn":24,"endLine":4,"endColumn":35},"tokenRange":{"beginToken":{"kind":94,"text":"buildContext"},"endToken":{"kind":94,"text":"buildContext"}},"identifier":"buildContext"}},"name":{"!":"com.github.javaparser.ast.expr.SimpleName","range":{"beginLine":4,"beginColumn":14,"endLine":4,"endColumn":20},"tokenRange":{"beginToken":{"kind":94,"text":"context"},"endToken":{"kind":94,"text":"context"}},"identifier":"context"},"type":{"!":"com.github.javaparser.ast.type.ClassOrInterfaceType","range":{"beginLine":4,"beginColumn":3,"endLine":4,"endColumn":12},"tokenRange":{"beginToken":{"kind":94,"text":"XMLContext"},"endToken":{"kind":94,"text":"XMLContext"}},"name":{"!":"com.github.javaparser.ast.expr.SimpleName","range":{"beginLine":4,"beginColumn":3,"endLine":4,"endColumn":12},"tokenRange":{"beginToken":{"kind":94,"text":"XMLContext"},"endToken":{"kind":94,"text":"XMLContext"}},"identifier":"XMLContext"},"annotations":[]}}]}},{"!":"com.github.javaparser.ast.stmt.ExpressionStmt","range":{"beginLine":6,"beginColumn":3,"endLine":6,"endColumn":74},"tokenRange":{"beginToken":{"kind":94,"text":"Field"},"endToken":{"kind":103,"text":";"}},"expression":{"!":"com.github.javaparser.ast.expr.VariableDeclarationExpr","range":{"beginLine":6,"beginColumn":3,"endLine":6,"endColumn":73},"tokenRange":{"beginToken":{"kind":94,"text":"Field"},"endToken":{"kind":98,"text":")"}},"annotations":[],"modifiers":[],"variables":[{"!":"com.github.javaparser.ast.body.VariableDeclarator","range":{"beginLine":6,"beginColumn":9,"endLine":6,"endColumn":73},"tokenRange":{"beginToken":{"kind":94,"text":"field"},"endToken":{"kind":98,"text":")"}},"initializer":{"!":"com.github.javaparser.ast.expr.MethodCallExpr","range":{"beginLine":6,"beginColumn":17,"endLine":6,"endColumn":73},"tokenRange":{"beginToken":{"kind":94,"text":"Administration"},"endToken":{"kind":98,"text":")"}},"arguments":[{"!":"com.github.javaparser.ast.expr.StringLiteralExpr","range":{"beginLine":6,"beginColumn":56,"endLine":6,"endColumn":71},"tokenRange":{"beginToken":{"kind":90,"text":"\"defaultBusTrip\""},"endToken":{"kind":90,"text":"\"defaultBusTrip\""}},"value":"defaultBusTrip"}],"name":{"!":"com.github.javaparser.ast.expr.SimpleName","range":{"beginLine":6,"beginColumn":38,"endLine":6,"endColumn":53},"tokenRange":{"beginToken":{"kind":94,"text":"getDeclaredField"},"endToken":{"kind":94,"text":"getDeclaredField"}},"identifier":"getDeclaredField"},"scope":{"!":"com.github.javaparser.ast.expr.ClassExpr","range":{"beginLine":6,"beginColumn":17,"endLine":6,"endColumn":36},"tokenRange":{"beginToken":{"kind":94,"text":"Administration"},"endToken":{"kind":19,"text":"class"}},"type":{"!":"com.github.javaparser.ast.type.ClassOrInterfaceType","range":{"beginLine":6,"beginColumn":17,"endLine":6,"endColumn":30},"tokenRange":{"beginToken":{"kind":94,"text":"Administration"},"endToken":{"kind":94,"text":"Administration"}},"name":{"!":"com.github.javaparser.ast.expr.SimpleName","range":{"beginLine":6,"beginColumn":17,"endLine":6,"endColumn":30},"tokenRange":{"beginToken":{"kind":94,"text":"Administration"},"endToken":{"kind":94,"text":"Administration"}},"identifier":"Administration"},"annotations":[]}}},"name":{"!":"com.github.javaparser.ast.expr.SimpleName","range":{"beginLine":6,"beginColumn":9,"endLine":6,"endColumn":13},"tokenRange":{"beginToken":{"kind":94,"text":"field"},"endToken":{"kind":94,"text":"field"}},"identifier":"field"},"type":{"!":"com.github.javaparser.ast.type.ClassOrInterfaceType","range":{"beginLine":6,"beginColumn":3,"endLine":6,"endColumn":7},"tokenRange":{"beginToken":{"kind":94,"text":"Field"},"endToken":{"kind":94,"text":"Field"}},"name":{"!":"com.github.javaparser.ast.expr.SimpleName","range":{"beginLine":6,"beginColumn":3,"endLine":6,"endColumn":7},"tokenRange":{"beginToken":{"kind":94,"text":"Field"},"endToken":{"kind":94,"text":"Field"}},"identifier":"Field"},"annotations":[]}}]}},{"!":"com.github.javaparser.ast.stmt.ExpressionStmt","range":{"beginLine":7,"beginColumn":3,"endLine":7,"endColumn":93},"tokenRange":{"beginToken":{"kind":94,"text":"JPAOverriddenAnnotationReader"},"endToken":{"kind":103,"text":";"}},"expression":{"!":"com.github.javaparser.ast.expr.VariableDeclarationExpr","range":{"beginLine":7,"beginColumn":3,"endLine":7,"endColumn":92},"tokenRange":{"beginToken":{"kind":94,"text":"JPAOverriddenAnnotationReader"},"endToken":{"kind":98,"text":")"}},"annotations":[],"modifiers":[],"variables":[{"!":"com.github.javaparser.ast.body.VariableDeclarator","range":{"beginLine":7,"beginColumn":33,"endLine":7,"endColumn":92},"tokenRange":{"beginToken":{"kind":94,"text":"reader"},"endToken":{"kind":98,"text":")"}},"initializer":{"!":"com.github.javaparser.ast.expr.ObjectCreationExpr","range":{"beginLine":7,"beginColumn":42,"endLine":7,"endColumn":92},"tokenRange":{"beginToken":{"kind":42,"text":"new"},"endToken":{"kind":98,"text":")"}},"arguments":[{"!":"com.github.javaparser.ast.expr.NameExpr","range":{"beginLine":7,"beginColumn":77,"endLine":7,"endColumn":81},"tokenRange":{"beginToken":{"kind":94,"text":"field"},"endToken":{"kind":94,"text":"field"}},"name":{"!":"com.github.javaparser.ast.expr.SimpleName","range":{"beginLine":7,"beginColumn":77,"endLine":7,"endColumn":81},"tokenRange":{"beginToken":{"kind":94,"text":"field"},"endToken":{"kind":94,"text":"field"}},"identifier":"field"}},{"!":"com.github.javaparser.ast.expr.NameExpr","range":{"beginLine":7,"beginColumn":84,"endLine":7,"endColumn":90},"tokenRange":{"beginToken":{"kind":94,"text":"context"},"endToken":{"kind":94,"text":"context"}},"name":{"!":"com.github.javaparser.ast.expr.SimpleName","range":{"beginLine":7,"beginColumn":84,"endLine":7,"endColumn":90},"tokenRange":{"beginToken":{"kind":94,"text":"context"},"endToken":{"kind":94,"text":"context"}},"identifier":"context"}}],"type":{"!":"com.github.javaparser.ast.type.ClassOrInterfaceType","range":{"beginLine":7,"beginColumn":46,"endLine":7,"endColumn":74},"tokenRange":{"beginToken":{"kind":94,"text":"JPAOverriddenAnnotationReader"},"endToken":{"kind":94,"text":"JPAOverriddenAnnotationReader"}},"name":{"!":"com.github.javaparser.ast.expr.SimpleName","range":{"beginLine":7,"beginColumn":46,"endLine":7,"endColumn":74},"tokenRange":{"beginToken":{"kind":94,"text":"JPAOverriddenAnnotationReader"},"endToken":{"kind":94,"text":"JPAOverriddenAnnotationReader"}},"identifier":"JPAOverriddenAnnotationReader"},"annotations":[]}},"name":{"!":"com.github.javaparser.ast.expr.SimpleName","range":{"beginLine":7,"beginColumn":33,"endLine":7,"endColumn":38},"tokenRange":{"beginToken":{"kind":94,"text":"reader"},"endToken":{"kind":94,"text":"reader"}},"identifier":"reader"},"type":{"!":"com.github.javaparser.ast.type.ClassOrInterfaceType","range":{"beginLine":7,"beginColumn":3,"endLine":7,"endColumn":31},"tokenRange":{"beginToken":{"kind":94,"text":"JPAOverriddenAnnotationReader"},"endToken":{"kind":94,"text":"JPAOverriddenAnnotationReader"}},"name":{"!":"com.github.javaparser.ast.expr.SimpleName","range":{"beginLine":7,"beginColumn":3,"endLine":7,"endColumn":31},"tokenRange":{"beginToken":{"kind":94,"text":"JPAOverriddenAnnotationReader"},"endToken":{"kind":94,"text":"JPAOverriddenAnnotationReader"}},"identifier":"JPAOverriddenAnnotationReader"},"annotations":[]}}]}},{"!":"com.github.javaparser.ast.stmt.ExpressionStmt","range":{"beginLine":8,"beginColumn":3,"endLine":8,"endColumn":58},"tokenRange":{"beginToken":{"kind":94,"text":"assertNotNull"},"endToken":{"kind":103,"text":";"}},"expression":{"!":"com.github.javaparser.ast.expr.MethodCallExpr","range":{"beginLine":8,"beginColumn":3,"endLine":8,"endColumn":57},"tokenRange":{"beginToken":{"kind":94,"text":"assertNotNull"},"endToken":{"kind":98,"text":")"}},"arguments":[{"!":"com.github.javaparser.ast.expr.MethodCallExpr","range":{"beginLine":8,"beginColumn":18,"endLine":8,"endColumn":55},"tokenRange":{"beginToken":{"kind":94,"text":"reader"},"endToken":{"kind":98,"text":")"}},"arguments":[{"!":"com.github.javaparser.ast.expr.ClassExpr","range":{"beginLine":8,"beginColumn":40,"endLine":8,"endColumn":53},"tokenRange":{"beginToken":{"kind":94,"text":"OneToOne"},"endToken":{"kind":19,"text":"class"}},"type":{"!":"com.github.javaparser.ast.type.ClassOrInterfaceType","range":{"beginLine":8,"beginColumn":40,"endLine":8,"endColumn":47},"tokenRange":{"beginToken":{"kind":94,"text":"OneToOne"},"endToken":{"kind":94,"text":"OneToOne"}},"name":{"!":"com.github.javaparser.ast.expr.SimpleName","range":{"beginLine":8,"beginColumn":40,"endLine":8,"endColumn":47},"tokenRange":{"beginToken":{"kind":94,"text":"OneToOne"},"endToken":{"kind":94,"text":"OneToOne"}},"identifier":"OneToOne"},"annotations":[]}}],"name":{"!":"com.github.javaparser.ast.expr.SimpleName","range":{"beginLine":8,"beginColumn":25,"endLine":8,"endColumn":37},"tokenRange":{"beginToken":{"kind":94,"text":"getAnnotation"},"endToken":{"kind":94,"text":"getAnnotation"}},"identifier":"getAnnotation"},"scope":{"!":"com.github.javaparser.ast.expr.NameExpr","range":{"beginLine":8,"beginColumn":18,"endLine":8,"endColumn":23},"tokenRange":{"beginToken":{"kind":94,"text":"reader"},"endToken":{"kind":94,"text":"reader"}},"name":{"!":"com.github.javaparser.ast.expr.SimpleName","range":{"beginLine":8,"beginColumn":18,"endLine":8,"endColumn":23},"tokenRange":{"beginToken":{"kind":94,"text":"reader"},"endToken":{"kind":94,"text":"reader"}},"identifier":"reader"}}}],"name":{"!":"com.github.javaparser.ast.expr.SimpleName","range":{"beginLine":8,"beginColumn":3,"endLine":8,"endColumn":15},"tokenRange":{"beginToken":{"kind":94,"text":"assertNotNull"},"endToken":{"kind":94,"text":"assertNotNull"}},"identifier":"assertNotNull"}}},{"!":"com.github.javaparser.ast.stmt.ExpressionStmt","range":{"beginLine":9,"beginColumn":3,"endLine":9,"endColumn":58},"tokenRange":{"beginToken":{"kind":94,"text":"assertNull"},"endToken":{"kind":103,"text":";"}},"expression":{"!":"com.github.javaparser.ast.expr.MethodCallExpr","range":{"beginLine":9,"beginColumn":3,"endLine":9,"endColumn":57},"tokenRange":{"beginToken":{"kind":94,"text":"assertNull"},"endToken":{"kind":98,"text":")"}},"arguments":[{"!":"com.github.javaparser.ast.expr.MethodCallExpr","range":{"beginLine":9,"beginColumn":15,"endLine":9,"endColumn":55},"tokenRange":{"beginToken":{"kind":94,"text":"reader"},"endToken":{"kind":98,"text":")"}},"arguments":[{"!":"com.github.javaparser.ast.expr.ClassExpr","range":{"beginLine":9,"beginColumn":37,"endLine":9,"endColumn":53},"tokenRange":{"beginToken":{"kind":94,"text":"JoinColumns"},"endToken":{"kind":19,"text":"class"}},"type":{"!":"com.github.javaparser.ast.type.ClassOrInterfaceType","range":{"beginLine":9,"beginColumn":37,"endLine":9,"endColumn":47},"tokenRange":{"beginToken":{"kind":94,"text":"JoinColumns"},"endToken":{"kind":94,"text":"JoinColumns"}},"name":{"!":"com.github.javaparser.ast.expr.SimpleName","range":{"beginLine":9,"beginColumn":37,"endLine":9,"endColumn":47},"tokenRange":{"beginToken":{"kind":94,"text":"JoinColumns"},"endToken":{"kind":94,"text":"JoinColumns"}},"identifier":"JoinColumns"},"annotations":[]}}],"name":{"!":"com.github.javaparser.ast.expr.SimpleName","range":{"beginLine":9,"beginColumn":22,"endLine":9,"endColumn":34},"tokenRange":{"beginToken":{"kind":94,"text":"getAnnotation"},"endToken":{"kind":94,"text":"getAnnotation"}},"identifier":"getAnnotation"},"scope":{"!":"com.github.javaparser.ast.expr.NameExpr","range":{"beginLine":9,"beginColumn":15,"endLine":9,"endColumn":20},"tokenRange":{"beginToken":{"kind":94,"text":"reader"},"endToken":{"kind":94,"text":"reader"}},"name":{"!":"com.github.javaparser.ast.expr.SimpleName","range":{"beginLine":9,"beginColumn":15,"endLine":9,"endColumn":20},"tokenRange":{"beginToken":{"kind":94,"text":"reader"},"endToken":{"kind":94,"text":"reader"}},"identifier":"reader"}}}],"name":{"!":"com.github.javaparser.ast.expr.SimpleName","range":{"beginLine":9,"beginColumn":3,"endLine":9,"endColumn":12},"tokenRange":{"beginToken":{"kind":94,"text":"assertNull"},"endToken":{"kind":94,"text":"assertNull"}},"identifier":"assertNull"}}},{"!":"com.github.javaparser.ast.stmt.ExpressionStmt","range":{"beginLine":10,"beginColumn":3,"endLine":10,"endColumn":71},"tokenRange":{"beginToken":{"kind":94,"text":"assertNotNull"},"endToken":{"kind":103,"text":";"}},"expression":{"!":"com.github.javaparser.ast.expr.MethodCallExpr","range":{"beginLine":10,"beginColumn":3,"endLine":10,"endColumn":70},"tokenRange":{"beginToken":{"kind":94,"text":"assertNotNull"},"endToken":{"kind":98,"text":")"}},"arguments":[{"!":"com.github.javaparser.ast.expr.MethodCallExpr","range":{"beginLine":10,"beginColumn":18,"endLine":10,"endColumn":68},"tokenRange":{"beginToken":{"kind":94,"text":"reader"},"endToken":{"kind":98,"text":")"}},"arguments":[{"!":"com.github.javaparser.ast.expr.ClassExpr","range":{"beginLine":10,"beginColumn":40,"endLine":10,"endColumn":66},"tokenRange":{"beginToken":{"kind":94,"text":"PrimaryKeyJoinColumns"},"endToken":{"kind":19,"text":"class"}},"type":{"!":"com.github.javaparser.ast.type.ClassOrInterfaceType","range":{"beginLine":10,"beginColumn":40,"endLine":10,"endColumn":60},"tokenRange":{"beginToken":{"kind":94,"text":"PrimaryKeyJoinColumns"},"endToken":{"kind":94,"text":"PrimaryKeyJoinColumns"}},"name":{"!":"com.github.javaparser.ast.expr.SimpleName","range":{"beginLine":10,"beginColumn":40,"endLine":10,"endColumn":60},"tokenRange":{"beginToken":{"kind":94,"text":"PrimaryKeyJoinColumns"},"endToken":{"kind":94,"text":"PrimaryKeyJoinColumns"}},"identifier":"PrimaryKeyJoinColumns"},"annotations":[]}}],"name":{"!":"com.github.javaparser.ast.expr.SimpleName","range":{"beginLine":10,"beginColumn":25,"endLine":10,"endColumn":37},"tokenRange":{"beginToken":{"kind":94,"text":"getAnnotation"},"endToken":{"kind":94,"text":"getAnnotation"}},"identifier":"getAnnotation"},"scope":{"!":"com.github.javaparser.ast.expr.NameExpr","range":{"beginLine":10,"beginColumn":18,"endLine":10,"endColumn":23},"tokenRange":{"beginToken":{"kind":94,"text":"reader"},"endToken":{"kind":94,"text":"reader"}},"name":{"!":"com.github.javaparser.ast.expr.SimpleName","range":{"beginLine":10,"beginColumn":18,"endLine":10,"endColumn":23},"tokenRange":{"beginToken":{"kind":94,"text":"reader"},"endToken":{"kind":94,"text":"reader"}},"identifier":"reader"}}}],"name":{"!":"com.github.javaparser.ast.expr.SimpleName","range":{"beginLine":10,"beginColumn":3,"endLine":10,"endColumn":15},"tokenRange":{"beginToken":{"kind":94,"text":"assertNotNull"},"endToken":{"kind":94,"text":"assertNotNull"}},"identifier":"assertNotNull"}}},{"!":"com.github.javaparser.ast.stmt.ExpressionStmt","range":{"beginLine":11,"beginColumn":3,"endLine":11,"endColumn":94},"tokenRange":{"beginToken":{"kind":94,"text":"assertEquals"},"endToken":{"kind":103,"text":";"}},"expression":{"!":"com.github.javaparser.ast.expr.MethodCallExpr","range":{"beginLine":11,"beginColumn":3,"endLine":11,"endColumn":93},"tokenRange":{"beginToken":{"kind":94,"text":"assertEquals"},"endToken":{"kind":98,"text":")"}},"arguments":[{"!":"com.github.javaparser.ast.expr.StringLiteralExpr","range":{"beginLine":11,"beginColumn":17,"endLine":11,"endColumn":20},"tokenRange":{"beginToken":{"kind":90,"text":"\"pk\""},"endToken":{"kind":90,"text":"\"pk\""}},"value":"pk"},{"!":"com.github.javaparser.ast.expr.MethodCallExpr","range":{"beginLine":11,"beginColumn":23,"endLine":11,"endColumn":91},"tokenRange":{"beginToken":{"kind":94,"text":"reader"},"endToken":{"kind":98,"text":")"}},"arguments":[],"name":{"!":"com.github.javaparser.ast.expr.SimpleName","range":{"beginLine":11,"beginColumn":86,"endLine":11,"endColumn":89},"tokenRange":{"beginToken":{"kind":94,"text":"name"},"endToken":{"kind":94,"text":"name"}},"identifier":"name"},"scope":{"!":"com.github.javaparser.ast.expr.ArrayAccessExpr","range":{"beginLine":11,"beginColumn":23,"endLine":11,"endColumn":84},"tokenRange":{"beginToken":{"kind":94,"text":"reader"},"endToken":{"kind":102,"text":"]"}},"index":{"!":"com.github.javaparser.ast.expr.IntegerLiteralExpr","range":{"beginLine":11,"beginColumn":83,"endLine":11,"endColumn":83},"tokenRange":{"beginToken":{"kind":77,"text":"0"},"endToken":{"kind":77,"text":"0"}},"value":"0"},"name":{"!":"com.github.javaparser.ast.expr.MethodCallExpr","range":{"beginLine":11,"beginColumn":23,"endLine":11,"endColumn":81},"tokenRange":{"beginToken":{"kind":94,"text":"reader"},"endToken":{"kind":98,"text":")"}},"arguments":[],"name":{"!":"com.github.javaparser.ast.expr.SimpleName","range":{"beginLine":11,"beginColumn":75,"endLine":11,"endColumn":79},"tokenRange":{"beginToken":{"kind":94,"text":"value"},"endToken":{"kind":94,"text":"value"}},"identifier":"value"},"scope":{"!":"com.github.javaparser.ast.expr.MethodCallExpr","range":{"beginLine":11,"beginColumn":23,"endLine":11,"endColumn":73},"tokenRange":{"beginToken":{"kind":94,"text":"reader"},"endToken":{"kind":98,"text":")"}},"arguments":[{"!":"com.github.javaparser.ast.expr.ClassExpr","range":{"beginLine":11,"beginColumn":45,"endLine":11,"endColumn":71},"tokenRange":{"beginToken":{"kind":94,"text":"PrimaryKeyJoinColumns"},"endToken":{"kind":19,"text":"class"}},"type":{"!":"com.github.javaparser.ast.type.ClassOrInterfaceType","range":{"beginLine":11,"beginColumn":45,"endLine":11,"endColumn":65},"tokenRange":{"beginToken":{"kind":94,"text":"PrimaryKeyJoinColumns"},"endToken":{"kind":94,"text":"PrimaryKeyJoinColumns"}},"name":{"!":"com.github.javaparser.ast.expr.SimpleName","range":{"beginLine":11,"beginColumn":45,"endLine":11,"endColumn":65},"tokenRange":{"beginToken":{"kind":94,"text":"PrimaryKeyJoinColumns"},"endToken":{"kind":94,"text":"PrimaryKeyJoinColumns"}},"identifier":"PrimaryKeyJoinColumns"},"annotations":[]}}],"name":{"!":"com.github.javaparser.ast.expr.SimpleName","range":{"beginLine":11,"beginColumn":30,"endLine":11,"endColumn":42},"tokenRange":{"beginToken":{"kind":94,"text":"getAnnotation"},"endToken":{"kind":94,"text":"getAnnotation"}},"identifier":"getAnnotation"},"scope":{"!":"com.github.javaparser.ast.expr.NameExpr","range":{"beginLine":11,"beginColumn":23,"endLine":11,"endColumn":28},"tokenRange":{"beginToken":{"kind":94,"text":"reader"},"endToken":{"kind":94,"text":"reader"}},"name":{"!":"com.github.javaparser.ast.expr.SimpleName","range":{"beginLine":11,"beginColumn":23,"endLine":11,"endColumn":28},"tokenRange":{"beginToken":{"kind":94,"text":"reader"},"endToken":{"kind":94,"text":"reader"}},"identifier":"reader"}}}}}}],"name":{"!":"com.github.javaparser.ast.expr.SimpleName","range":{"beginLine":11,"beginColumn":3,"endLine":11,"endColumn":14},"tokenRange":{"beginToken":{"kind":94,"text":"assertEquals"},"endToken":{"kind":94,"text":"assertEquals"}},"identifier":"assertEquals"}}},{"!":"com.github.javaparser.ast.stmt.ExpressionStmt","range":{"beginLine":12,"beginColumn":3,"endLine":12,"endColumn":77},"tokenRange":{"beginToken":{"kind":94,"text":"assertEquals"},"endToken":{"kind":103,"text":";"}},"expression":{"!":"com.github.javaparser.ast.expr.MethodCallExpr","range":{"beginLine":12,"beginColumn":3,"endLine":12,"endColumn":76},"tokenRange":{"beginToken":{"kind":94,"text":"assertEquals"},"endToken":{"kind":98,"text":")"}},"arguments":[{"!":"com.github.javaparser.ast.expr.IntegerLiteralExpr","range":{"beginLine":12,"beginColumn":17,"endLine":12,"endColumn":17},"tokenRange":{"beginToken":{"kind":77,"text":"5"},"endToken":{"kind":77,"text":"5"}},"value":"5"},{"!":"com.github.javaparser.ast.expr.FieldAccessExpr","range":{"beginLine":12,"beginColumn":20,"endLine":12,"endColumn":74},"tokenRange":{"beginToken":{"kind":94,"text":"reader"},"endToken":{"kind":94,"text":"length"}},"name":{"!":"com.github.javaparser.ast.expr.SimpleName","range":{"beginLine":12,"beginColumn":69,"endLine":12,"endColumn":74},"tokenRange":{"beginToken":{"kind":94,"text":"length"},"endToken":{"kind":94,"text":"length"}},"identifier":"length"},"scope":{"!":"com.github.javaparser.ast.expr.MethodCallExpr","range":{"beginLine":12,"beginColumn":20,"endLine":12,"endColumn":67},"tokenRange":{"beginToken":{"kind":94,"text":"reader"},"endToken":{"kind":98,"text":")"}},"arguments":[],"name":{"!":"com.github.javaparser.ast.expr.SimpleName","range":{"beginLine":12,"beginColumn":59,"endLine":12,"endColumn":65},"tokenRange":{"beginToken":{"kind":94,"text":"cascade"},"endToken":{"kind":94,"text":"cascade"}},"identifier":"cascade"},"scope":{"!":"com.github.javaparser.ast.expr.MethodCallExpr","range":{"beginLine":12,"beginColumn":20,"endLine":12,"endColumn":57},"tokenRange":{"beginToken":{"kind":94,"text":"reader"},"endToken":{"kind":98,"text":")"}},"arguments":[{"!":"com.github.javaparser.ast.expr.ClassExpr","range":{"beginLine":12,"beginColumn":42,"endLine":12,"endColumn":55},"tokenRange":{"beginToken":{"kind":94,"text":"OneToOne"},"endToken":{"kind":19,"text":"class"}},"type":{"!":"com.github.javaparser.ast.type.ClassOrInterfaceType","range":{"beginLine":12,"beginColumn":42,"endLine":12,"endColumn":49},"tokenRange":{"beginToken":{"kind":94,"text":"OneToOne"},"endToken":{"kind":94,"text":"OneToOne"}},"name":{"!":"com.github.javaparser.ast.expr.SimpleName","range":{"beginLine":12,"beginColumn":42,"endLine":12,"endColumn":49},"tokenRange":{"beginToken":{"kind":94,"text":"OneToOne"},"endToken":{"kind":94,"text":"OneToOne"}},"identifier":"OneToOne"},"annotations":[]}}],"name":{"!":"com.github.javaparser.ast.expr.SimpleName","range":{"beginLine":12,"beginColumn":27,"endLine":12,"endColumn":39},"tokenRange":{"beginToken":{"kind":94,"text":"getAnnotation"},"endToken":{"kind":94,"text":"getAnnotation"}},"identifier":"getAnnotation"},"scope":{"!":"com.github.javaparser.ast.expr.NameExpr","range":{"beginLine":12,"beginColumn":20,"endLine":12,"endColumn":25},"tokenRange":{"beginToken":{"kind":94,"text":"reader"},"endToken":{"kind":94,"text":"reader"}},"name":{"!":"com.github.javaparser.ast.expr.SimpleName","range":{"beginLine":12,"beginColumn":20,"endLine":12,"endColumn":25},"tokenRange":{"beginToken":{"kind":94,"text":"reader"},"endToken":{"kind":94,"text":"reader"}},"identifier":"reader"}}}}}],"name":{"!":"com.github.javaparser.ast.expr.SimpleName","range":{"beginLine":12,"beginColumn":3,"endLine":12,"endColumn":14},"tokenRange":{"beginToken":{"kind":94,"text":"assertEquals"},"endToken":{"kind":94,"text":"assertEquals"}},"identifier":"assertEquals"}}},{"!":"com.github.javaparser.ast.stmt.ExpressionStmt","range":{"beginLine":13,"beginColumn":3,"endLine":13,"endColumn":81},"tokenRange":{"beginToken":{"kind":94,"text":"assertEquals"},"endToken":{"kind":103,"text":";"}},"expression":{"!":"com.github.javaparser.ast.expr.MethodCallExpr","range":{"beginLine":13,"beginColumn":3,"endLine":13,"endColumn":80},"tokenRange":{"beginToken":{"kind":94,"text":"assertEquals"},"endToken":{"kind":98,"text":")"}},"arguments":[{"!":"com.github.javaparser.ast.expr.FieldAccessExpr","range":{"beginLine":13,"beginColumn":17,"endLine":13,"endColumn":30},"tokenRange":{"beginToken":{"kind":94,"text":"FetchType"},"endToken":{"kind":94,"text":"LAZY"}},"name":{"!":"com.github.javaparser.ast.expr.SimpleName","range":{"beginLine":13,"beginColumn":27,"endLine":13,"endColumn":30},"tokenRange":{"beginToken":{"kind":94,"text":"LAZY"},"endToken":{"kind":94,"text":"LAZY"}},"identifier":"LAZY"},"scope":{"!":"com.github.javaparser.ast.expr.NameExpr","range":{"beginLine":13,"beginColumn":17,"endLine":13,"endColumn":25},"tokenRange":{"beginToken":{"kind":94,"text":"FetchType"},"endToken":{"kind":94,"text":"FetchType"}},"name":{"!":"com.github.javaparser.ast.expr.SimpleName","range":{"beginLine":13,"beginColumn":17,"endLine":13,"endColumn":25},"tokenRange":{"beginToken":{"kind":94,"text":"FetchType"},"endToken":{"kind":94,"text":"FetchType"}},"identifier":"FetchType"}}},{"!":"com.github.javaparser.ast.expr.MethodCallExpr","range":{"beginLine":13,"beginColumn":33,"endLine":13,"endColumn":78},"tokenRange":{"beginToken":{"kind":94,"text":"reader"},"endToken":{"kind":98,"text":")"}},"arguments":[],"name":{"!":"com.github.javaparser.ast.expr.SimpleName","range":{"beginLine":13,"beginColumn":72,"endLine":13,"endColumn":76},"tokenRange":{"beginToken":{"kind":94,"text":"fetch"},"endToken":{"kind":94,"text":"fetch"}},"identifier":"fetch"},"scope":{"!":"com.github.javaparser.ast.expr.MethodCallExpr","range":{"beginLine":13,"beginColumn":33,"endLine":13,"endColumn":70},"tokenRange":{"beginToken":{"kind":94,"text":"reader"},"endToken":{"kind":98,"text":")"}},"arguments":[{"!":"com.github.javaparser.ast.expr.ClassExpr","range":{"beginLine":13,"beginColumn":55,"endLine":13,"endColumn":68},"tokenRange":{"beginToken":{"kind":94,"text":"OneToOne"},"endToken":{"kind":19,"text":"class"}},"type":{"!":"com.github.javaparser.ast.type.ClassOrInterfaceType","range":{"beginLine":13,"beginColumn":55,"endLine":13,"endColumn":62},"tokenRange":{"beginToken":{"kind":94,"text":"OneToOne"},"endToken":{"kind":94,"text":"OneToOne"}},"name":{"!":"com.github.javaparser.ast.expr.SimpleName","range":{"beginLine":13,"beginColumn":55,"endLine":13,"endColumn":62},"tokenRange":{"beginToken":{"kind":94,"text":"OneToOne"},"endToken":{"kind":94,"text":"OneToOne"}},"identifier":"OneToOne"},"annotations":[]}}],"name":{"!":"com.github.javaparser.ast.expr.SimpleName","range":{"beginLine":13,"beginColumn":40,"endLine":13,"endColumn":52},"tokenRange":{"beginToken":{"kind":94,"text":"getAnnotation"},"endToken":{"kind":94,"text":"getAnnotation"}},"identifier":"getAnnotation"},"scope":{"!":"com.github.javaparser.ast.expr.NameExpr","range":{"beginLine":13,"beginColumn":33,"endLine":13,"endColumn":38},"tokenRange":{"beginToken":{"kind":94,"text":"reader"},"endToken":{"kind":94,"text":"reader"}},"name":{"!":"com.github.javaparser.ast.expr.SimpleName","range":{"beginLine":13,"beginColumn":33,"endLine":13,"endColumn":38},"tokenRange":{"beginToken":{"kind":94,"text":"reader"},"endToken":{"kind":94,"text":"reader"}},"identifier":"reader"}}}}],"name":{"!":"com.github.javaparser.ast.expr.SimpleName","range":{"beginLine":13,"beginColumn":3,"endLine":13,"endColumn":14},"tokenRange":{"beginToken":{"kind":94,"text":"assertEquals"},"endToken":{"kind":94,"text":"assertEquals"}},"identifier":"assertEquals"}}},{"!":"com.github.javaparser.ast.stmt.ExpressionStmt","range":{"beginLine":14,"beginColumn":3,"endLine":14,"endColumn":76},"tokenRange":{"beginToken":{"kind":94,"text":"assertEquals"},"endToken":{"kind":103,"text":";"}},"expression":{"!":"com.github.javaparser.ast.expr.MethodCallExpr","range":{"beginLine":14,"beginColumn":3,"endLine":14,"endColumn":75},"tokenRange":{"beginToken":{"kind":94,"text":"assertEquals"},"endToken":{"kind":98,"text":")"}},"arguments":[{"!":"com.github.javaparser.ast.expr.StringLiteralExpr","range":{"beginLine":14,"beginColumn":17,"endLine":14,"endColumn":22},"tokenRange":{"beginToken":{"kind":90,"text":"\"test\""},"endToken":{"kind":90,"text":"\"test\""}},"value":"test"},{"!":"com.github.javaparser.ast.expr.MethodCallExpr","range":{"beginLine":14,"beginColumn":25,"endLine":14,"endColumn":73},"tokenRange":{"beginToken":{"kind":94,"text":"reader"},"endToken":{"kind":98,"text":")"}},"arguments":[],"name":{"!":"com.github.javaparser.ast.expr.SimpleName","range":{"beginLine":14,"beginColumn":64,"endLine":14,"endColumn":71},"tokenRange":{"beginToken":{"kind":94,"text":"mappedBy"},"endToken":{"kind":94,"text":"mappedBy"}},"identifier":"mappedBy"},"scope":{"!":"com.github.javaparser.ast.expr.MethodCallExpr","range":{"beginLine":14,"beginColumn":25,"endLine":14,"endColumn":62},"tokenRange":{"beginToken":{"kind":94,"text":"reader"},"endToken":{"kind":98,"text":")"}},"arguments":[{"!":"com.github.javaparser.ast.expr.ClassExpr","range":{"beginLine":14,"beginColumn":47,"endLine":14,"endColumn":60},"tokenRange":{"beginToken":{"kind":94,"text":"OneToOne"},"endToken":{"kind":19,"text":"class"}},"type":{"!":"com.github.javaparser.ast.type.ClassOrInterfaceType","range":{"beginLine":14,"beginColumn":47,"endLine":14,"endColumn":54},"tokenRange":{"beginToken":{"kind":94,"text":"OneToOne"},"endToken":{"kind":94,"text":"OneToOne"}},"name":{"!":"com.github.javaparser.ast.expr.SimpleName","range":{"beginLine":14,"beginColumn":47,"endLine":14,"endColumn":54},"tokenRange":{"beginToken":{"kind":94,"text":"OneToOne"},"endToken":{"kind":94,"text":"OneToOne"}},"identifier":"OneToOne"},"annotations":[]}}],"name":{"!":"com.github.javaparser.ast.expr.SimpleName","range":{"beginLine":14,"beginColumn":32,"endLine":14,"endColumn":44},"tokenRange":{"beginToken":{"kind":94,"text":"getAnnotation"},"endToken":{"kind":94,"text":"getAnnotation"}},"identifier":"getAnnotation"},"scope":{"!":"com.github.javaparser.ast.expr.NameExpr","range":{"beginLine":14,"beginColumn":25,"endLine":14,"endColumn":30},"tokenRange":{"beginToken":{"kind":94,"text":"reader"},"endToken":{"kind":94,"text":"reader"}},"name":{"!":"com.github.javaparser.ast.expr.SimpleName","range":{"beginLine":14,"beginColumn":25,"endLine":14,"endColumn":30},"tokenRange":{"beginToken":{"kind":94,"text":"reader"},"endToken":{"kind":94,"text":"reader"}},"identifier":"reader"}}}}],"name":{"!":"com.github.javaparser.ast.expr.SimpleName","range":{"beginLine":14,"beginColumn":3,"endLine":14,"endColumn":14},"tokenRange":{"beginToken":{"kind":94,"text":"assertEquals"},"endToken":{"kind":94,"text":"assertEquals"}},"identifier":"assertEquals"}}},{"!":"com.github.javaparser.ast.stmt.ExpressionStmt","range":{"beginLine":16,"beginColumn":3,"endLine":18,"endColumn":4},"tokenRange":{"beginToken":{"kind":94,"text":"context"},"endToken":{"kind":103,"text":";"}},"expression":{"!":"com.github.javaparser.ast.expr.AssignExpr","range":{"beginLine":16,"beginColumn":3,"endLine":18,"endColumn":3},"tokenRange":{"beginToken":{"kind":94,"text":"context"},"endToken":{"kind":98,"text":")"}},"operator":"ASSIGN","target":{"!":"com.github.javaparser.ast.expr.NameExpr","range":{"beginLine":16,"beginColumn":3,"endLine":16,"endColumn":9},"tokenRange":{"beginToken":{"kind":94,"text":"context"},"endToken":{"kind":94,"text":"context"}},"name":{"!":"com.github.javaparser.ast.expr.SimpleName","range":{"beginLine":16,"beginColumn":3,"endLine":16,"endColumn":9},"tokenRange":{"beginToken":{"kind":94,"text":"context"},"endToken":{"kind":94,"text":"context"}},"identifier":"context"}},"value":{"!":"com.github.javaparser.ast.expr.MethodCallExpr","range":{"beginLine":16,"beginColumn":13,"endLine":18,"endColumn":3},"tokenRange":{"beginToken":{"kind":94,"text":"buildContext"},"endToken":{"kind":98,"text":")"}},"arguments":[{"!":"com.github.javaparser.ast.expr.StringLiteralExpr","range":{"beginLine":17,"beginColumn":5,"endLine":17,"endColumn":69},"tokenRange":{"beginToken":{"kind":90,"text":"\"org/hibernate/test/annotations/reflection/metadata-complete.xml\""},"endToken":{"kind":90,"text":"\"org/hibernate/test/annotations/reflection/metadata-complete.xml\""}},"value":"org/hibernate/test/annotations/reflection/metadata-complete.xml"}],"name":{"!":"com.github.javaparser.ast.expr.SimpleName","range":{"beginLine":16,"beginColumn":13,"endLine":16,"endColumn":24},"tokenRange":{"beginToken":{"kind":94,"text":"buildContext"},"endToken":{"kind":94,"text":"buildContext"}},"identifier":"buildContext"}}}},{"!":"com.github.javaparser.ast.stmt.ExpressionStmt","range":{"beginLine":19,"beginColumn":3,"endLine":19,"endColumn":54},"tokenRange":{"beginToken":{"kind":94,"text":"field"},"endToken":{"kind":103,"text":";"}},"expression":{"!":"com.github.javaparser.ast.expr.AssignExpr","range":{"beginLine":19,"beginColumn":3,"endLine":19,"endColumn":53},"tokenRange":{"beginToken":{"kind":94,"text":"field"},"endToken":{"kind":98,"text":")"}},"operator":"ASSIGN","target":{"!":"com.github.javaparser.ast.expr.NameExpr","range":{"beginLine":19,"beginColumn":3,"endLine":19,"endColumn":7},"tokenRange":{"beginToken":{"kind":94,"text":"field"},"endToken":{"kind":94,"text":"field"}},"name":{"!":"com.github.javaparser.ast.expr.SimpleName","range":{"beginLine":19,"beginColumn":3,"endLine":19,"endColumn":7},"tokenRange":{"beginToken":{"kind":94,"text":"field"},"endToken":{"kind":94,"text":"field"}},"identifier":"field"}},"value":{"!":"com.github.javaparser.ast.expr.MethodCallExpr","range":{"beginLine":19,"beginColumn":11,"endLine":19,"endColumn":53},"tokenRange":{"beginToken":{"kind":94,"text":"BusTrip"},"endToken":{"kind":98,"text":")"}},"arguments":[{"!":"com.github.javaparser.ast.expr.StringLiteralExpr","range":{"beginLine":19,"beginColumn":43,"endLine":19,"endColumn":51},"tokenRange":{"beginToken":{"kind":90,"text":"\"players\""},"endToken":{"kind":90,"text":"\"players\""}},"value":"players"}],"name":{"!":"com.github.javaparser.ast.expr.SimpleName","range":{"beginLine":19,"beginColumn":25,"endLine":19,"endColumn":40},"tokenRange":{"beginToken":{"kind":94,"text":"getDeclaredField"},"endToken":{"kind":94,"text":"getDeclaredField"}},"identifier":"getDeclaredField"},"scope":{"!":"com.github.javaparser.ast.expr.ClassExpr","range":{"beginLine":19,"beginColumn":11,"endLine":19,"endColumn":23},"tokenRange":{"beginToken":{"kind":94,"text":"BusTrip"},"endToken":{"kind":19,"text":"class"}},"type":{"!":"com.github.javaparser.ast.type.ClassOrInterfaceType","range":{"beginLine":19,"beginColumn":11,"endLine":19,"endColumn":17},"tokenRange":{"beginToken":{"kind":94,"text":"BusTrip"},"endToken":{"kind":94,"text":"BusTrip"}},"name":{"!":"com.github.javaparser.ast.expr.SimpleName","range":{"beginLine":19,"beginColumn":11,"endLine":19,"endColumn":17},"tokenRange":{"beginToken":{"kind":94,"text":"BusTrip"},"endToken":{"kind":94,"text":"BusTrip"}},"identifier":"BusTrip"},"annotations":[]}}}}},{"!":"com.github.javaparser.ast.stmt.ExpressionStmt","range":{"beginLine":20,"beginColumn":3,"endLine":20,"endColumn":63},"tokenRange":{"beginToken":{"kind":94,"text":"reader"},"endToken":{"kind":103,"text":";"}},"expression":{"!":"com.github.javaparser.ast.expr.AssignExpr","range":{"beginLine":20,"beginColumn":3,"endLine":20,"endColumn":62},"tokenRange":{"beginToken":{"kind":94,"text":"reader"},"endToken":{"kind":98,"text":")"}},"operator":"ASSIGN","target":{"!":"com.github.javaparser.ast.expr.NameExpr","range":{"beginLine":20,"beginColumn":3,"endLine":20,"endColumn":8},"tokenRange":{"beginToken":{"kind":94,"text":"reader"},"endToken":{"kind":94,"text":"reader"}},"name":{"!":"com.github.javaparser.ast.expr.SimpleName","range":{"beginLine":20,"beginColumn":3,"endLine":20,"endColumn":8},"tokenRange":{"beginToken":{"kind":94,"text":"reader"},"endToken":{"kind":94,"text":"reader"}},"identifier":"reader"}},"value":{"!":"com.github.javaparser.ast.expr.ObjectCreationExpr","range":{"beginLine":20,"beginColumn":12,"endLine":20,"endColumn":62},"tokenRange":{"beginToken":{"kind":42,"text":"new"},"endToken":{"kind":98,"text":")"}},"arguments":[{"!":"com.github.javaparser.ast.expr.NameExpr","range":{"beginLine":20,"beginColumn":47,"endLine":20,"endColumn":51},"tokenRange":{"beginToken":{"kind":94,"text":"field"},"endToken":{"kind":94,"text":"field"}},"name":{"!":"com.github.javaparser.ast.expr.SimpleName","range":{"beginLine":20,"beginColumn":47,"endLine":20,"endColumn":51},"tokenRange":{"beginToken":{"kind":94,"text":"field"},"endToken":{"kind":94,"text":"field"}},"identifier":"field"}},{"!":"com.github.javaparser.ast.expr.NameExpr","range":{"beginLine":20,"beginColumn":54,"endLine":20,"endColumn":60},"tokenRange":{"beginToken":{"kind":94,"text":"context"},"endToken":{"kind":94,"text":"context"}},"name":{"!":"com.github.javaparser.ast.expr.SimpleName","range":{"beginLine":20,"beginColumn":54,"endLine":20,"endColumn":60},"tokenRange":{"beginToken":{"kind":94,"text":"context"},"endToken":{"kind":94,"text":"context"}},"identifier":"context"}}],"type":{"!":"com.github.javaparser.ast.type.ClassOrInterfaceType","range":{"beginLine":20,"beginColumn":16,"endLine":20,"endColumn":44},"tokenRange":{"beginToken":{"kind":94,"text":"JPAOverriddenAnnotationReader"},"endToken":{"kind":94,"text":"JPAOverriddenAnnotationReader"}},"name":{"!":"com.github.javaparser.ast.expr.SimpleName","range":{"beginLine":20,"beginColumn":16,"endLine":20,"endColumn":44},"tokenRange":{"beginToken":{"kind":94,"text":"JPAOverriddenAnnotationReader"},"endToken":{"kind":94,"text":"JPAOverriddenAnnotationReader"}},"identifier":"JPAOverriddenAnnotationReader"},"annotations":[]}}}},{"!":"com.github.javaparser.ast.stmt.ExpressionStmt","range":{"beginLine":21,"beginColumn":3,"endLine":21,"endColumn":59},"tokenRange":{"beginToken":{"kind":94,"text":"assertNotNull"},"endToken":{"kind":103,"text":";"}},"expression":{"!":"com.github.javaparser.ast.expr.MethodCallExpr","range":{"beginLine":21,"beginColumn":3,"endLine":21,"endColumn":58},"tokenRange":{"beginToken":{"kind":94,"text":"assertNotNull"},"endToken":{"kind":98,"text":")"}},"arguments":[{"!":"com.github.javaparser.ast.expr.MethodCallExpr","range":{"beginLine":21,"beginColumn":18,"endLine":21,"endColumn":56},"tokenRange":{"beginToken":{"kind":94,"text":"reader"},"endToken":{"kind":98,"text":")"}},"arguments":[{"!":"com.github.javaparser.ast.expr.ClassExpr","range":{"beginLine":21,"beginColumn":40,"endLine":21,"endColumn":54},"tokenRange":{"beginToken":{"kind":94,"text":"OneToMany"},"endToken":{"kind":19,"text":"class"}},"type":{"!":"com.github.javaparser.ast.type.ClassOrInterfaceType","range":{"beginLine":21,"beginColumn":40,"endLine":21,"endColumn":48},"tokenRange":{"beginToken":{"kind":94,"text":"OneToMany"},"endToken":{"kind":94,"text":"OneToMany"}},"name":{"!":"com.github.javaparser.ast.expr.SimpleName","range":{"beginLine":21,"beginColumn":40,"endLine":21,"endColumn":48},"tokenRange":{"beginToken":{"kind":94,"text":"OneToMany"},"endToken":{"kind":94,"text":"OneToMany"}},"identifier":"OneToMany"},"annotations":[]}}],"name":{"!":"com.github.javaparser.ast.expr.SimpleName","range":{"beginLine":21,"beginColumn":25,"endLine":21,"endColumn":37},"tokenRange":{"beginToken":{"kind":94,"text":"getAnnotation"},"endToken":{"kind":94,"text":"getAnnotation"}},"identifier":"getAnnotation"},"scope":{"!":"com.github.javaparser.ast.expr.NameExpr","range":{"beginLine":21,"beginColumn":18,"endLine":21,"endColumn":23},"tokenRange":{"beginToken":{"kind":94,"text":"reader"},"endToken":{"kind":94,"text":"reader"}},"name":{"!":"com.github.javaparser.ast.expr.SimpleName","range":{"beginLine":21,"beginColumn":18,"endLine":21,"endColumn":23},"tokenRange":{"beginToken":{"kind":94,"text":"reader"},"endToken":{"kind":94,"text":"reader"}},"identifier":"reader"}}}],"name":{"!":"com.github.javaparser.ast.expr.SimpleName","range":{"beginLine":21,"beginColumn":3,"endLine":21,"endColumn":15},"tokenRange":{"beginToken":{"kind":94,"text":"assertNotNull"},"endToken":{"kind":94,"text":"assertNotNull"}},"identifier":"assertNotNull"}}},{"!":"com.github.javaparser.ast.stmt.ExpressionStmt","range":{"beginLine":22,"beginColumn":3,"endLine":22,"endColumn":61},"tokenRange":{"beginToken":{"kind":94,"text":"assertNotNull"},"endToken":{"kind":103,"text":";"}},"expression":{"!":"com.github.javaparser.ast.expr.MethodCallExpr","range":{"beginLine":22,"beginColumn":3,"endLine":22,"endColumn":60},"tokenRange":{"beginToken":{"kind":94,"text":"assertNotNull"},"endToken":{"kind":98,"text":")"}},"arguments":[{"!":"com.github.javaparser.ast.expr.MethodCallExpr","range":{"beginLine":22,"beginColumn":18,"endLine":22,"endColumn":58},"tokenRange":{"beginToken":{"kind":94,"text":"reader"},"endToken":{"kind":98,"text":")"}},"arguments":[{"!":"com.github.javaparser.ast.expr.ClassExpr","range":{"beginLine":22,"beginColumn":40,"endLine":22,"endColumn":56},"tokenRange":{"beginToken":{"kind":94,"text":"JoinColumns"},"endToken":{"kind":19,"text":"class"}},"type":{"!":"com.github.javaparser.ast.type.ClassOrInterfaceType","range":{"beginLine":22,"beginColumn":40,"endLine":22,"endColumn":50},"tokenRange":{"beginToken":{"kind":94,"text":"JoinColumns"},"endToken":{"kind":94,"text":"JoinColumns"}},"name":{"!":"com.github.javaparser.ast.expr.SimpleName","range":{"beginLine":22,"beginColumn":40,"endLine":22,"endColumn":50},"tokenRange":{"beginToken":{"kind":94,"text":"JoinColumns"},"endToken":{"kind":94,"text":"JoinColumns"}},"identifier":"JoinColumns"},"annotations":[]}}],"name":{"!":"com.github.javaparser.ast.expr.SimpleName","range":{"beginLine":22,"beginColumn":25,"endLine":22,"endColumn":37},"tokenRange":{"beginToken":{"kind":94,"text":"getAnnotation"},"endToken":{"kind":94,"text":"getAnnotation"}},"identifier":"getAnnotation"},"scope":{"!":"com.github.javaparser.ast.expr.NameExpr","range":{"beginLine":22,"beginColumn":18,"endLine":22,"endColumn":23},"tokenRange":{"beginToken":{"kind":94,"text":"reader"},"endToken":{"kind":94,"text":"reader"}},"name":{"!":"com.github.javaparser.ast.expr.SimpleName","range":{"beginLine":22,"beginColumn":18,"endLine":22,"endColumn":23},"tokenRange":{"beginToken":{"kind":94,"text":"reader"},"endToken":{"kind":94,"text":"reader"}},"identifier":"reader"}}}],"name":{"!":"com.github.javaparser.ast.expr.SimpleName","range":{"beginLine":22,"beginColumn":3,"endLine":22,"endColumn":15},"tokenRange":{"beginToken":{"kind":94,"text":"assertNotNull"},"endToken":{"kind":94,"text":"assertNotNull"}},"identifier":"assertNotNull"}}},{"!":"com.github.javaparser.ast.stmt.ExpressionStmt","range":{"beginLine":23,"beginColumn":3,"endLine":23,"endColumn":78},"tokenRange":{"beginToken":{"kind":94,"text":"assertEquals"},"endToken":{"kind":103,"text":";"}},"expression":{"!":"com.github.javaparser.ast.expr.MethodCallExpr","range":{"beginLine":23,"beginColumn":3,"endLine":23,"endColumn":77},"tokenRange":{"beginToken":{"kind":94,"text":"assertEquals"},"endToken":{"kind":98,"text":")"}},"arguments":[{"!":"com.github.javaparser.ast.expr.IntegerLiteralExpr","range":{"beginLine":23,"beginColumn":17,"endLine":23,"endColumn":17},"tokenRange":{"beginToken":{"kind":77,"text":"2"},"endToken":{"kind":77,"text":"2"}},"value":"2"},{"!":"com.github.javaparser.ast.expr.FieldAccessExpr","range":{"beginLine":23,"beginColumn":20,"endLine":23,"endColumn":75},"tokenRange":{"beginToken":{"kind":94,"text":"reader"},"endToken":{"kind":94,"text":"length"}},"name":{"!":"com.github.javaparser.ast.expr.SimpleName","range":{"beginLine":23,"beginColumn":70,"endLine":23,"endColumn":75},"tokenRange":{"beginToken":{"kind":94,"text":"length"},"endToken":{"kind":94,"text":"length"}},"identifier":"length"},"scope":{"!":"com.github.javaparser.ast.expr.MethodCallExpr","range":{"beginLine":23,"beginColumn":20,"endLine":23,"endColumn":68},"tokenRange":{"beginToken":{"kind":94,"text":"reader"},"endToken":{"kind":98,"text":")"}},"arguments":[],"name":{"!":"com.github.javaparser.ast.expr.SimpleName","range":{"beginLine":23,"beginColumn":62,"endLine":23,"endColumn":66},"tokenRange":{"beginToken":{"kind":94,"text":"value"},"endToken":{"kind":94,"text":"value"}},"identifier":"value"},"scope":{"!":"com.github.javaparser.ast.expr.MethodCallExpr","range":{"beginLine":23,"beginColumn":20,"endLine":23,"endColumn":60},"tokenRange":{"beginToken":{"kind":94,"text":"reader"},"endToken":{"kind":98,"text":")"}},"arguments":[{"!":"com.github.javaparser.ast.expr.ClassExpr","range":{"beginLine":23,"beginColumn":42,"endLine":23,"endColumn":58},"tokenRange":{"beginToken":{"kind":94,"text":"JoinColumns"},"endToken":{"kind":19,"text":"class"}},"type":{"!":"com.github.javaparser.ast.type.ClassOrInterfaceType","range":{"beginLine":23,"beginColumn":42,"endLine":23,"endColumn":52},"tokenRange":{"beginToken":{"kind":94,"text":"JoinColumns"},"endToken":{"kind":94,"text":"JoinColumns"}},"name":{"!":"com.github.javaparser.ast.expr.SimpleName","range":{"beginLine":23,"beginColumn":42,"endLine":23,"endColumn":52},"tokenRange":{"beginToken":{"kind":94,"text":"JoinColumns"},"endToken":{"kind":94,"text":"JoinColumns"}},"identifier":"JoinColumns"},"annotations":[]}}],"name":{"!":"com.github.javaparser.ast.expr.SimpleName","range":{"beginLine":23,"beginColumn":27,"endLine":23,"endColumn":39},"tokenRange":{"beginToken":{"kind":94,"text":"getAnnotation"},"endToken":{"kind":94,"text":"getAnnotation"}},"identifier":"getAnnotation"},"scope":{"!":"com.github.javaparser.ast.expr.NameExpr","range":{"beginLine":23,"beginColumn":20,"endLine":23,"endColumn":25},"tokenRange":{"beginToken":{"kind":94,"text":"reader"},"endToken":{"kind":94,"text":"reader"}},"name":{"!":"com.github.javaparser.ast.expr.SimpleName","range":{"beginLine":23,"beginColumn":20,"endLine":23,"endColumn":25},"tokenRange":{"beginToken":{"kind":94,"text":"reader"},"endToken":{"kind":94,"text":"reader"}},"identifier":"reader"}}}}}],"name":{"!":"com.github.javaparser.ast.expr.SimpleName","range":{"beginLine":23,"beginColumn":3,"endLine":23,"endColumn":14},"tokenRange":{"beginToken":{"kind":94,"text":"assertEquals"},"endToken":{"kind":94,"text":"assertEquals"}},"identifier":"assertEquals"}}},{"!":"com.github.javaparser.ast.stmt.ExpressionStmt","range":{"beginLine":24,"beginColumn":3,"endLine":24,"endColumn":88},"tokenRange":{"beginToken":{"kind":94,"text":"assertEquals"},"endToken":{"kind":103,"text":";"}},"expression":{"!":"com.github.javaparser.ast.expr.MethodCallExpr","range":{"beginLine":24,"beginColumn":3,"endLine":24,"endColumn":87},"tokenRange":{"beginToken":{"kind":94,"text":"assertEquals"},"endToken":{"kind":98,"text":")"}},"arguments":[{"!":"com.github.javaparser.ast.expr.StringLiteralExpr","range":{"beginLine":24,"beginColumn":17,"endLine":24,"endColumn":24},"tokenRange":{"beginToken":{"kind":90,"text":"\"driver\""},"endToken":{"kind":90,"text":"\"driver\""}},"value":"driver"},{"!":"com.github.javaparser.ast.expr.MethodCallExpr","range":{"beginLine":24,"beginColumn":27,"endLine":24,"endColumn":85},"tokenRange":{"beginToken":{"kind":94,"text":"reader"},"endToken":{"kind":98,"text":")"}},"arguments":[],"name":{"!":"com.github.javaparser.ast.expr.SimpleName","range":{"beginLine":24,"beginColumn":80,"endLine":24,"endColumn":83},"tokenRange":{"beginToken":{"kind":94,"text":"name"},"endToken":{"kind":94,"text":"name"}},"identifier":"name"},"scope":{"!":"com.github.javaparser.ast.expr.ArrayAccessExpr","range":{"beginLine":24,"beginColumn":27,"endLine":24,"endColumn":78},"tokenRange":{"beginToken":{"kind":94,"text":"reader"},"endToken":{"kind":102,"text":"]"}},"index":{"!":"com.github.javaparser.ast.expr.IntegerLiteralExpr","range":{"beginLine":24,"beginColumn":77,"endLine":24,"endColumn":77},"tokenRange":{"beginToken":{"kind":77,"text":"0"},"endToken":{"kind":77,"text":"0"}},"value":"0"},"name":{"!":"com.github.javaparser.ast.expr.MethodCallExpr","range":{"beginLine":24,"beginColumn":27,"endLine":24,"endColumn":75},"tokenRange":{"beginToken":{"kind":94,"text":"reader"},"endToken":{"kind":98,"text":")"}},"arguments":[],"name":{"!":"com.github.javaparser.ast.expr.SimpleName","range":{"beginLine":24,"beginColumn":69,"endLine":24,"endColumn":73},"tokenRange":{"beginToken":{"kind":94,"text":"value"},"endToken":{"kind":94,"text":"value"}},"identifier":"value"},"scope":{"!":"com.github.javaparser.ast.expr.MethodCallExpr","range":{"beginLine":24,"beginColumn":27,"endLine":24,"endColumn":67},"tokenRange":{"beginToken":{"kind":94,"text":"reader"},"endToken":{"kind":98,"text":")"}},"arguments":[{"!":"com.github.javaparser.ast.expr.ClassExpr","range":{"beginLine":24,"beginColumn":49,"endLine":24,"endColumn":65},"tokenRange":{"beginToken":{"kind":94,"text":"JoinColumns"},"endToken":{"kind":19,"text":"class"}},"type":{"!":"com.github.javaparser.ast.type.ClassOrInterfaceType","range":{"beginLine":24,"beginColumn":49,"endLine":24,"endColumn":59},"tokenRange":{"beginToken":{"kind":94,"text":"JoinColumns"},"endToken":{"kind":94,"text":"JoinColumns"}},"name":{"!":"com.github.javaparser.ast.expr.SimpleName","range":{"beginLine":24,"beginColumn":49,"endLine":24,"endColumn":59},"tokenRange":{"beginToken":{"kind":94,"text":"JoinColumns"},"endToken":{"kind":94,"text":"JoinColumns"}},"identifier":"JoinColumns"},"annotations":[]}}],"name":{"!":"com.github.javaparser.ast.expr.SimpleName","range":{"beginLine":24,"beginColumn":34,"endLine":24,"endColumn":46},"tokenRange":{"beginToken":{"kind":94,"text":"getAnnotation"},"endToken":{"kind":94,"text":"getAnnotation"}},"identifier":"getAnnotation"},"scope":{"!":"com.github.javaparser.ast.expr.NameExpr","range":{"beginLine":24,"beginColumn":27,"endLine":24,"endColumn":32},"tokenRange":{"beginToken":{"kind":94,"text":"reader"},"endToken":{"kind":94,"text":"reader"}},"name":{"!":"com.github.javaparser.ast.expr.SimpleName","range":{"beginLine":24,"beginColumn":27,"endLine":24,"endColumn":32},"tokenRange":{"beginToken":{"kind":94,"text":"reader"},"endToken":{"kind":94,"text":"reader"}},"identifier":"reader"}}}}}}],"name":{"!":"com.github.javaparser.ast.expr.SimpleName","range":{"beginLine":24,"beginColumn":3,"endLine":24,"endColumn":14},"tokenRange":{"beginToken":{"kind":94,"text":"assertEquals"},"endToken":{"kind":94,"text":"assertEquals"}},"identifier":"assertEquals"}}},{"!":"com.github.javaparser.ast.stmt.ExpressionStmt","range":{"beginLine":25,"beginColumn":3,"endLine":25,"endColumn":56},"tokenRange":{"beginToken":{"kind":94,"text":"assertNotNull"},"endToken":{"kind":103,"text":";"}},"expression":{"!":"com.github.javaparser.ast.expr.MethodCallExpr","range":{"beginLine":25,"beginColumn":3,"endLine":25,"endColumn":55},"tokenRange":{"beginToken":{"kind":94,"text":"assertNotNull"},"endToken":{"kind":98,"text":")"}},"arguments":[{"!":"com.github.javaparser.ast.expr.MethodCallExpr","range":{"beginLine":25,"beginColumn":18,"endLine":25,"endColumn":53},"tokenRange":{"beginToken":{"kind":94,"text":"reader"},"endToken":{"kind":98,"text":")"}},"arguments":[{"!":"com.github.javaparser.ast.expr.ClassExpr","range":{"beginLine":25,"beginColumn":40,"endLine":25,"endColumn":51},"tokenRange":{"beginToken":{"kind":94,"text":"MapKey"},"endToken":{"kind":19,"text":"class"}},"type":{"!":"com.github.javaparser.ast.type.ClassOrInterfaceType","range":{"beginLine":25,"beginColumn":40,"endLine":25,"endColumn":45},"tokenRange":{"beginToken":{"kind":94,"text":"MapKey"},"endToken":{"kind":94,"text":"MapKey"}},"name":{"!":"com.github.javaparser.ast.expr.SimpleName","range":{"beginLine":25,"beginColumn":40,"endLine":25,"endColumn":45},"tokenRange":{"beginToken":{"kind":94,"text":"MapKey"},"endToken":{"kind":94,"text":"MapKey"}},"identifier":"MapKey"},"annotations":[]}}],"name":{"!":"com.github.javaparser.ast.expr.SimpleName","range":{"beginLine":25,"beginColumn":25,"endLine":25,"endColumn":37},"tokenRange":{"beginToken":{"kind":94,"text":"getAnnotation"},"endToken":{"kind":94,"text":"getAnnotation"}},"identifier":"getAnnotation"},"scope":{"!":"com.github.javaparser.ast.expr.NameExpr","range":{"beginLine":25,"beginColumn":18,"endLine":25,"endColumn":23},"tokenRange":{"beginToken":{"kind":94,"text":"reader"},"endToken":{"kind":94,"text":"reader"}},"name":{"!":"com.github.javaparser.ast.expr.SimpleName","range":{"beginLine":25,"beginColumn":18,"endLine":25,"endColumn":23},"tokenRange":{"beginToken":{"kind":94,"text":"reader"},"endToken":{"kind":94,"text":"reader"}},"identifier":"reader"}}}],"name":{"!":"com.github.javaparser.ast.expr.SimpleName","range":{"beginLine":25,"beginColumn":3,"endLine":25,"endColumn":15},"tokenRange":{"beginToken":{"kind":94,"text":"assertNotNull"},"endToken":{"kind":94,"text":"assertNotNull"}},"identifier":"assertNotNull"}}},{"!":"com.github.javaparser.ast.stmt.ExpressionStmt","range":{"beginLine":26,"beginColumn":3,"endLine":26,"endColumn":70},"tokenRange":{"beginToken":{"kind":94,"text":"assertEquals"},"endToken":{"kind":103,"text":";"}},"expression":{"!":"com.github.javaparser.ast.expr.MethodCallExpr","range":{"beginLine":26,"beginColumn":3,"endLine":26,"endColumn":69},"tokenRange":{"beginToken":{"kind":94,"text":"assertEquals"},"endToken":{"kind":98,"text":")"}},"arguments":[{"!":"com.github.javaparser.ast.expr.StringLiteralExpr","range":{"beginLine":26,"beginColumn":17,"endLine":26,"endColumn":22},"tokenRange":{"beginToken":{"kind":90,"text":"\"name\""},"endToken":{"kind":90,"text":"\"name\""}},"value":"name"},{"!":"com.github.javaparser.ast.expr.MethodCallExpr","range":{"beginLine":26,"beginColumn":25,"endLine":26,"endColumn":67},"tokenRange":{"beginToken":{"kind":94,"text":"reader"},"endToken":{"kind":98,"text":")"}},"arguments":[],"name":{"!":"com.github.javaparser.ast.expr.SimpleName","range":{"beginLine":26,"beginColumn":62,"endLine":26,"endColumn":65},"tokenRange":{"beginToken":{"kind":94,"text":"name"},"endToken":{"kind":94,"text":"name"}},"identifier":"name"},"scope":{"!":"com.github.javaparser.ast.expr.MethodCallExpr","range":{"beginLine":26,"beginColumn":25,"endLine":26,"endColumn":60},"tokenRange":{"beginToken":{"kind":94,"text":"reader"},"endToken":{"kind":98,"text":")"}},"arguments":[{"!":"com.github.javaparser.ast.expr.ClassExpr","range":{"beginLine":26,"beginColumn":47,"endLine":26,"endColumn":58},"tokenRange":{"beginToken":{"kind":94,"text":"MapKey"},"endToken":{"kind":19,"text":"class"}},"type":{"!":"com.github.javaparser.ast.type.ClassOrInterfaceType","range":{"beginLine":26,"beginColumn":47,"endLine":26,"endColumn":52},"tokenRange":{"beginToken":{"kind":94,"text":"MapKey"},"endToken":{"kind":94,"text":"MapKey"}},"name":{"!":"com.github.javaparser.ast.expr.SimpleName","range":{"beginLine":26,"beginColumn":47,"endLine":26,"endColumn":52},"tokenRange":{"beginToken":{"kind":94,"text":"MapKey"},"endToken":{"kind":94,"text":"MapKey"}},"identifier":"MapKey"},"annotations":[]}}],"name":{"!":"com.github.javaparser.ast.expr.SimpleName","range":{"beginLine":26,"beginColumn":32,"endLine":26,"endColumn":44},"tokenRange":{"beginToken":{"kind":94,"text":"getAnnotation"},"endToken":{"kind":94,"text":"getAnnotation"}},"identifier":"getAnnotation"},"scope":{"!":"com.github.javaparser.ast.expr.NameExpr","range":{"beginLine":26,"beginColumn":25,"endLine":26,"endColumn":30},"tokenRange":{"beginToken":{"kind":94,"text":"reader"},"endToken":{"kind":94,"text":"reader"}},"name":{"!":"com.github.javaparser.ast.expr.SimpleName","range":{"beginLine":26,"beginColumn":25,"endLine":26,"endColumn":30},"tokenRange":{"beginToken":{"kind":94,"text":"reader"},"endToken":{"kind":94,"text":"reader"}},"identifier":"reader"}}}}],"name":{"!":"com.github.javaparser.ast.expr.SimpleName","range":{"beginLine":26,"beginColumn":3,"endLine":26,"endColumn":14},"tokenRange":{"beginToken":{"kind":94,"text":"assertEquals"},"endToken":{"kind":94,"text":"assertEquals"}},"identifier":"assertEquals"}}},{"!":"com.github.javaparser.ast.stmt.ExpressionStmt","range":{"beginLine":28,"beginColumn":3,"endLine":28,"endColumn":52},"tokenRange":{"beginToken":{"kind":94,"text":"field"},"endToken":{"kind":103,"text":";"}},"expression":{"!":"com.github.javaparser.ast.expr.AssignExpr","range":{"beginLine":28,"beginColumn":3,"endLine":28,"endColumn":51},"tokenRange":{"beginToken":{"kind":94,"text":"field"},"endToken":{"kind":98,"text":")"}},"operator":"ASSIGN","target":{"!":"com.github.javaparser.ast.expr.NameExpr","range":{"beginLine":28,"beginColumn":3,"endLine":28,"endColumn":7},"tokenRange":{"beginToken":{"kind":94,"text":"field"},"endToken":{"kind":94,"text":"field"}},"name":{"!":"com.github.javaparser.ast.expr.SimpleName","range":{"beginLine":28,"beginColumn":3,"endLine":28,"endColumn":7},"tokenRange":{"beginToken":{"kind":94,"text":"field"},"endToken":{"kind":94,"text":"field"}},"identifier":"field"}},"value":{"!":"com.github.javaparser.ast.expr.MethodCallExpr","range":{"beginLine":28,"beginColumn":11,"endLine":28,"endColumn":51},"tokenRange":{"beginToken":{"kind":94,"text":"BusTrip"},"endToken":{"kind":98,"text":")"}},"arguments":[{"!":"com.github.javaparser.ast.expr.StringLiteralExpr","range":{"beginLine":28,"beginColumn":43,"endLine":28,"endColumn":49},"tokenRange":{"beginToken":{"kind":90,"text":"\"roads\""},"endToken":{"kind":90,"text":"\"roads\""}},"value":"roads"}],"name":{"!":"com.github.javaparser.ast.expr.SimpleName","range":{"beginLine":28,"beginColumn":25,"endLine":28,"endColumn":40},"tokenRange":{"beginToken":{"kind":94,"text":"getDeclaredField"},"endToken":{"kind":94,"text":"getDeclaredField"}},"identifier":"getDeclaredField"},"scope":{"!":"com.github.javaparser.ast.expr.ClassExpr","range":{"beginLine":28,"beginColumn":11,"endLine":28,"endColumn":23},"tokenRange":{"beginToken":{"kind":94,"text":"BusTrip"},"endToken":{"kind":19,"text":"class"}},"type":{"!":"com.github.javaparser.ast.type.ClassOrInterfaceType","range":{"beginLine":28,"beginColumn":11,"endLine":28,"endColumn":17},"tokenRange":{"beginToken":{"kind":94,"text":"BusTrip"},"endToken":{"kind":94,"text":"BusTrip"}},"name":{"!":"com.github.javaparser.ast.expr.SimpleName","range":{"beginLine":28,"beginColumn":11,"endLine":28,"endColumn":17},"tokenRange":{"beginToken":{"kind":94,"text":"BusTrip"},"endToken":{"kind":94,"text":"BusTrip"}},"identifier":"BusTrip"},"annotations":[]}}}}},{"!":"com.github.javaparser.ast.stmt.ExpressionStmt","range":{"beginLine":29,"beginColumn":3,"endLine":29,"endColumn":63},"tokenRange":{"beginToken":{"kind":94,"text":"reader"},"endToken":{"kind":103,"text":";"}},"expression":{"!":"com.github.javaparser.ast.expr.AssignExpr","range":{"beginLine":29,"beginColumn":3,"endLine":29,"endColumn":62},"tokenRange":{"beginToken":{"kind":94,"text":"reader"},"endToken":{"kind":98,"text":")"}},"operator":"ASSIGN","target":{"!":"com.github.javaparser.ast.expr.NameExpr","range":{"beginLine":29,"beginColumn":3,"endLine":29,"endColumn":8},"tokenRange":{"beginToken":{"kind":94,"text":"reader"},"endToken":{"kind":94,"text":"reader"}},"name":{"!":"com.github.javaparser.ast.expr.SimpleName","range":{"beginLine":29,"beginColumn":3,"endLine":29,"endColumn":8},"tokenRange":{"beginToken":{"kind":94,"text":"reader"},"endToken":{"kind":94,"text":"reader"}},"identifier":"reader"}},"value":{"!":"com.github.javaparser.ast.expr.ObjectCreationExpr","range":{"beginLine":29,"beginColumn":12,"endLine":29,"endColumn":62},"tokenRange":{"beginToken":{"kind":42,"text":"new"},"endToken":{"kind":98,"text":")"}},"arguments":[{"!":"com.github.javaparser.ast.expr.NameExpr","range":{"beginLine":29,"beginColumn":47,"endLine":29,"endColumn":51},"tokenRange":{"beginToken":{"kind":94,"text":"field"},"endToken":{"kind":94,"text":"field"}},"name":{"!":"com.github.javaparser.ast.expr.SimpleName","range":{"beginLine":29,"beginColumn":47,"endLine":29,"endColumn":51},"tokenRange":{"beginToken":{"kind":94,"text":"field"},"endToken":{"kind":94,"text":"field"}},"identifier":"field"}},{"!":"com.github.javaparser.ast.expr.NameExpr","range":{"beginLine":29,"beginColumn":54,"endLine":29,"endColumn":60},"tokenRange":{"beginToken":{"kind":94,"text":"context"},"endToken":{"kind":94,"text":"context"}},"name":{"!":"com.github.javaparser.ast.expr.SimpleName","range":{"beginLine":29,"beginColumn":54,"endLine":29,"endColumn":60},"tokenRange":{"beginToken":{"kind":94,"text":"context"},"endToken":{"kind":94,"text":"context"}},"identifier":"context"}}],"type":{"!":"com.github.javaparser.ast.type.ClassOrInterfaceType","range":{"beginLine":29,"beginColumn":16,"endLine":29,"endColumn":44},"tokenRange":{"beginToken":{"kind":94,"text":"JPAOverriddenAnnotationReader"},"endToken":{"kind":94,"text":"JPAOverriddenAnnotationReader"}},"name":{"!":"com.github.javaparser.ast.expr.SimpleName","range":{"beginLine":29,"beginColumn":16,"endLine":29,"endColumn":44},"tokenRange":{"beginToken":{"kind":94,"text":"JPAOverriddenAnnotationReader"},"endToken":{"kind":94,"text":"JPAOverriddenAnnotationReader"}},"identifier":"JPAOverriddenAnnotationReader"},"annotations":[]}}}},{"!":"com.github.javaparser.ast.stmt.ExpressionStmt","range":{"beginLine":30,"beginColumn":3,"endLine":30,"endColumn":60},"tokenRange":{"beginToken":{"kind":94,"text":"assertNotNull"},"endToken":{"kind":103,"text":";"}},"expression":{"!":"com.github.javaparser.ast.expr.MethodCallExpr","range":{"beginLine":30,"beginColumn":3,"endLine":30,"endColumn":59},"tokenRange":{"beginToken":{"kind":94,"text":"assertNotNull"},"endToken":{"kind":98,"text":")"}},"arguments":[{"!":"com.github.javaparser.ast.expr.MethodCallExpr","range":{"beginLine":30,"beginColumn":18,"endLine":30,"endColumn":57},"tokenRange":{"beginToken":{"kind":94,"text":"reader"},"endToken":{"kind":98,"text":")"}},"arguments":[{"!":"com.github.javaparser.ast.expr.ClassExpr","range":{"beginLine":30,"beginColumn":40,"endLine":30,"endColumn":55},"tokenRange":{"beginToken":{"kind":94,"text":"ManyToMany"},"endToken":{"kind":19,"text":"class"}},"type":{"!":"com.github.javaparser.ast.type.ClassOrInterfaceType","range":{"beginLine":30,"beginColumn":40,"endLine":30,"endColumn":49},"tokenRange":{"beginToken":{"kind":94,"text":"ManyToMany"},"endToken":{"kind":94,"text":"ManyToMany"}},"name":{"!":"com.github.javaparser.ast.expr.SimpleName","range":{"beginLine":30,"beginColumn":40,"endLine":30,"endColumn":49},"tokenRange":{"beginToken":{"kind":94,"text":"ManyToMany"},"endToken":{"kind":94,"text":"ManyToMany"}},"identifier":"ManyToMany"},"annotations":[]}}],"name":{"!":"com.github.javaparser.ast.expr.SimpleName","range":{"beginLine":30,"beginColumn":25,"endLine":30,"endColumn":37},"tokenRange":{"beginToken":{"kind":94,"text":"getAnnotation"},"endToken":{"kind":94,"text":"getAnnotation"}},"identifier":"getAnnotation"},"scope":{"!":"com.github.javaparser.ast.expr.NameExpr","range":{"beginLine":30,"beginColumn":18,"endLine":30,"endColumn":23},"tokenRange":{"beginToken":{"kind":94,"text":"reader"},"endToken":{"kind":94,"text":"reader"}},"name":{"!":"com.github.javaparser.ast.expr.SimpleName","range":{"beginLine":30,"beginColumn":18,"endLine":30,"endColumn":23},"tokenRange":{"beginToken":{"kind":94,"text":"reader"},"endToken":{"kind":94,"text":"reader"}},"identifier":"reader"}}}],"name":{"!":"com.github.javaparser.ast.expr.SimpleName","range":{"beginLine":30,"beginColumn":3,"endLine":30,"endColumn":15},"tokenRange":{"beginToken":{"kind":94,"text":"assertNotNull"},"endToken":{"kind":94,"text":"assertNotNull"}},"identifier":"assertNotNull"}}},{"!":"com.github.javaparser.ast.stmt.ExpressionStmt","range":{"beginLine":31,"beginColumn":3,"endLine":31,"endColumn":59},"tokenRange":{"beginToken":{"kind":94,"text":"assertNotNull"},"endToken":{"kind":103,"text":";"}},"expression":{"!":"com.github.javaparser.ast.expr.MethodCallExpr","range":{"beginLine":31,"beginColumn":3,"endLine":31,"endColumn":58},"tokenRange":{"beginToken":{"kind":94,"text":"assertNotNull"},"endToken":{"kind":98,"text":")"}},"arguments":[{"!":"com.github.javaparser.ast.expr.MethodCallExpr","range":{"beginLine":31,"beginColumn":18,"endLine":31,"endColumn":56},"tokenRange":{"beginToken":{"kind":94,"text":"reader"},"endToken":{"kind":98,"text":")"}},"arguments":[{"!":"com.github.javaparser.ast.expr.ClassExpr","range":{"beginLine":31,"beginColumn":40,"endLine":31,"endColumn":54},"tokenRange":{"beginToken":{"kind":94,"text":"JoinTable"},"endToken":{"kind":19,"text":"class"}},"type":{"!":"com.github.javaparser.ast.type.ClassOrInterfaceType","range":{"beginLine":31,"beginColumn":40,"endLine":31,"endColumn":48},"tokenRange":{"beginToken":{"kind":94,"text":"JoinTable"},"endToken":{"kind":94,"text":"JoinTable"}},"name":{"!":"com.github.javaparser.ast.expr.SimpleName","range":{"beginLine":31,"beginColumn":40,"endLine":31,"endColumn":48},"tokenRange":{"beginToken":{"kind":94,"text":"JoinTable"},"endToken":{"kind":94,"text":"JoinTable"}},"identifier":"JoinTable"},"annotations":[]}}],"name":{"!":"com.github.javaparser.ast.expr.SimpleName","range":{"beginLine":31,"beginColumn":25,"endLine":31,"endColumn":37},"tokenRange":{"beginToken":{"kind":94,"text":"getAnnotation"},"endToken":{"kind":94,"text":"getAnnotation"}},"identifier":"getAnnotation"},"scope":{"!":"com.github.javaparser.ast.expr.NameExpr","range":{"beginLine":31,"beginColumn":18,"endLine":31,"endColumn":23},"tokenRange":{"beginToken":{"kind":94,"text":"reader"},"endToken":{"kind":94,"text":"reader"}},"name":{"!":"com.github.javaparser.ast.expr.SimpleName","range":{"beginLine":31,"beginColumn":18,"endLine":31,"endColumn":23},"tokenRange":{"beginToken":{"kind":94,"text":"reader"},"endToken":{"kind":94,"text":"reader"}},"identifier":"reader"}}}],"name":{"!":"com.github.javaparser.ast.expr.SimpleName","range":{"beginLine":31,"beginColumn":3,"endLine":31,"endColumn":15},"tokenRange":{"beginToken":{"kind":94,"text":"assertNotNull"},"endToken":{"kind":94,"text":"assertNotNull"}},"identifier":"assertNotNull"}}},{"!":"com.github.javaparser.ast.stmt.ExpressionStmt","range":{"beginLine":32,"beginColumn":3,"endLine":32,"endColumn":77},"tokenRange":{"beginToken":{"kind":94,"text":"assertEquals"},"endToken":{"kind":103,"text":";"}},"expression":{"!":"com.github.javaparser.ast.expr.MethodCallExpr","range":{"beginLine":32,"beginColumn":3,"endLine":32,"endColumn":76},"tokenRange":{"beginToken":{"kind":94,"text":"assertEquals"},"endToken":{"kind":98,"text":")"}},"arguments":[{"!":"com.github.javaparser.ast.expr.StringLiteralExpr","range":{"beginLine":32,"beginColumn":17,"endLine":32,"endColumn":26},"tokenRange":{"beginToken":{"kind":90,"text":"\"bus_road\""},"endToken":{"kind":90,"text":"\"bus_road\""}},"value":"bus_road"},{"!":"com.github.javaparser.ast.expr.MethodCallExpr","range":{"beginLine":32,"beginColumn":29,"endLine":32,"endColumn":74},"tokenRange":{"beginToken":{"kind":94,"text":"reader"},"endToken":{"kind":98,"text":")"}},"arguments":[],"name":{"!":"com.github.javaparser.ast.expr.SimpleName","range":{"beginLine":32,"beginColumn":69,"endLine":32,"endColumn":72},"tokenRange":{"beginToken":{"kind":94,"text":"name"},"endToken":{"kind":94,"text":"name"}},"identifier":"name"},"scope":{"!":"com.github.javaparser.ast.expr.MethodCallExpr","range":{"beginLine":32,"beginColumn":29,"endLine":32,"endColumn":67},"tokenRange":{"beginToken":{"kind":94,"text":"reader"},"endToken":{"kind":98,"text":")"}},"arguments":[{"!":"com.github.javaparser.ast.expr.ClassExpr","range":{"beginLine":32,"beginColumn":51,"endLine":32,"endColumn":65},"tokenRange":{"beginToken":{"kind":94,"text":"JoinTable"},"endToken":{"kind":19,"text":"class"}},"type":{"!":"com.github.javaparser.ast.type.ClassOrInterfaceType","range":{"beginLine":32,"beginColumn":51,"endLine":32,"endColumn":59},"tokenRange":{"beginToken":{"kind":94,"text":"JoinTable"},"endToken":{"kind":94,"text":"JoinTable"}},"name":{"!":"com.github.javaparser.ast.expr.SimpleName","range":{"beginLine":32,"beginColumn":51,"endLine":32,"endColumn":59},"tokenRange":{"beginToken":{"kind":94,"text":"JoinTable"},"endToken":{"kind":94,"text":"JoinTable"}},"identifier":"JoinTable"},"annotations":[]}}],"name":{"!":"com.github.javaparser.ast.expr.SimpleName","range":{"beginLine":32,"beginColumn":36,"endLine":32,"endColumn":48},"tokenRange":{"beginToken":{"kind":94,"text":"getAnnotation"},"endToken":{"kind":94,"text":"getAnnotation"}},"identifier":"getAnnotation"},"scope":{"!":"com.github.javaparser.ast.expr.NameExpr","range":{"beginLine":32,"beginColumn":29,"endLine":32,"endColumn":34},"tokenRange":{"beginToken":{"kind":94,"text":"reader"},"endToken":{"kind":94,"text":"reader"}},"name":{"!":"com.github.javaparser.ast.expr.SimpleName","range":{"beginLine":32,"beginColumn":29,"endLine":32,"endColumn":34},"tokenRange":{"beginToken":{"kind":94,"text":"reader"},"endToken":{"kind":94,"text":"reader"}},"identifier":"reader"}}}}],"name":{"!":"com.github.javaparser.ast.expr.SimpleName","range":{"beginLine":32,"beginColumn":3,"endLine":32,"endColumn":14},"tokenRange":{"beginToken":{"kind":94,"text":"assertEquals"},"endToken":{"kind":94,"text":"assertEquals"}},"identifier":"assertEquals"}}},{"!":"com.github.javaparser.ast.stmt.ExpressionStmt","range":{"beginLine":33,"beginColumn":3,"endLine":33,"endColumn":82},"tokenRange":{"beginToken":{"kind":94,"text":"assertEquals"},"endToken":{"kind":103,"text":";"}},"expression":{"!":"com.github.javaparser.ast.expr.MethodCallExpr","range":{"beginLine":33,"beginColumn":3,"endLine":33,"endColumn":81},"tokenRange":{"beginToken":{"kind":94,"text":"assertEquals"},"endToken":{"kind":98,"text":")"}},"arguments":[{"!":"com.github.javaparser.ast.expr.IntegerLiteralExpr","range":{"beginLine":33,"beginColumn":17,"endLine":33,"endColumn":17},"tokenRange":{"beginToken":{"kind":77,"text":"2"},"endToken":{"kind":77,"text":"2"}},"value":"2"},{"!":"com.github.javaparser.ast.expr.FieldAccessExpr","range":{"beginLine":33,"beginColumn":20,"endLine":33,"endColumn":79},"tokenRange":{"beginToken":{"kind":94,"text":"reader"},"endToken":{"kind":94,"text":"length"}},"name":{"!":"com.github.javaparser.ast.expr.SimpleName","range":{"beginLine":33,"beginColumn":74,"endLine":33,"endColumn":79},"tokenRange":{"beginToken":{"kind":94,"text":"length"},"endToken":{"kind":94,"text":"length"}},"identifier":"length"},"scope":{"!":"com.github.javaparser.ast.expr.MethodCallExpr","range":{"beginLine":33,"beginColumn":20,"endLine":33,"endColumn":72},"tokenRange":{"beginToken":{"kind":94,"text":"reader"},"endToken":{"kind":98,"text":")"}},"arguments":[],"name":{"!":"com.github.javaparser.ast.expr.SimpleName","range":{"beginLine":33,"beginColumn":60,"endLine":33,"endColumn":70},"tokenRange":{"beginToken":{"kind":94,"text":"joinColumns"},"endToken":{"kind":94,"text":"joinColumns"}},"identifier":"joinColumns"},"scope":{"!":"com.github.javaparser.ast.expr.MethodCallExpr","range":{"beginLine":33,"beginColumn":20,"endLine":33,"endColumn":58},"tokenRange":{"beginToken":{"kind":94,"text":"reader"},"endToken":{"kind":98,"text":")"}},"arguments":[{"!":"com.github.javaparser.ast.expr.ClassExpr","range":{"beginLine":33,"beginColumn":42,"endLine":33,"endColumn":56},"tokenRange":{"beginToken":{"kind":94,"text":"JoinTable"},"endToken":{"kind":19,"text":"class"}},"type":{"!":"com.github.javaparser.ast.type.ClassOrInterfaceType","range":{"beginLine":33,"beginColumn":42,"endLine":33,"endColumn":50},"tokenRange":{"beginToken":{"kind":94,"text":"JoinTable"},"endToken":{"kind":94,"text":"JoinTable"}},"name":{"!":"com.github.javaparser.ast.expr.SimpleName","range":{"beginLine":33,"beginColumn":42,"endLine":33,"endColumn":50},"tokenRange":{"beginToken":{"kind":94,"text":"JoinTable"},"endToken":{"kind":94,"text":"JoinTable"}},"identifier":"JoinTable"},"annotations":[]}}],"name":{"!":"com.github.javaparser.ast.expr.SimpleName","range":{"beginLine":33,"beginColumn":27,"endLine":33,"endColumn":39},"tokenRange":{"beginToken":{"kind":94,"text":"getAnnotation"},"endToken":{"kind":94,"text":"getAnnotation"}},"identifier":"getAnnotation"},"scope":{"!":"com.github.javaparser.ast.expr.NameExpr","range":{"beginLine":33,"beginColumn":20,"endLine":33,"endColumn":25},"tokenRange":{"beginToken":{"kind":94,"text":"reader"},"endToken":{"kind":94,"text":"reader"}},"name":{"!":"com.github.javaparser.ast.expr.SimpleName","range":{"beginLine":33,"beginColumn":20,"endLine":33,"endColumn":25},"tokenRange":{"beginToken":{"kind":94,"text":"reader"},"endToken":{"kind":94,"text":"reader"}},"identifier":"reader"}}}}}],"name":{"!":"com.github.javaparser.ast.expr.SimpleName","range":{"beginLine":33,"beginColumn":3,"endLine":33,"endColumn":14},"tokenRange":{"beginToken":{"kind":94,"text":"assertEquals"},"endToken":{"kind":94,"text":"assertEquals"}},"identifier":"assertEquals"}}},{"!":"com.github.javaparser.ast.stmt.ExpressionStmt","range":{"beginLine":34,"beginColumn":3,"endLine":34,"endColumn":89},"tokenRange":{"beginToken":{"kind":94,"text":"assertEquals"},"endToken":{"kind":103,"text":";"}},"expression":{"!":"com.github.javaparser.ast.expr.MethodCallExpr","range":{"beginLine":34,"beginColumn":3,"endLine":34,"endColumn":88},"tokenRange":{"beginToken":{"kind":94,"text":"assertEquals"},"endToken":{"kind":98,"text":")"}},"arguments":[{"!":"com.github.javaparser.ast.expr.IntegerLiteralExpr","range":{"beginLine":34,"beginColumn":17,"endLine":34,"endColumn":17},"tokenRange":{"beginToken":{"kind":77,"text":"1"},"endToken":{"kind":77,"text":"1"}},"value":"1"},{"!":"com.github.javaparser.ast.expr.FieldAccessExpr","range":{"beginLine":34,"beginColumn":20,"endLine":34,"endColumn":86},"tokenRange":{"beginToken":{"kind":94,"text":"reader"},"endToken":{"kind":94,"text":"length"}},"name":{"!":"com.github.javaparser.ast.expr.SimpleName","range":{"beginLine":34,"beginColumn":81,"endLine":34,"endColumn":86},"tokenRange":{"beginToken":{"kind":94,"text":"length"},"endToken":{"kind":94,"text":"length"}},"identifier":"length"},"scope":{"!":"com.github.javaparser.ast.expr.MethodCallExpr","range":{"beginLine":34,"beginColumn":20,"endLine":34,"endColumn":79},"tokenRange":{"beginToken":{"kind":94,"text":"reader"},"endToken":{"kind":98,"text":")"}},"arguments":[],"name":{"!":"com.github.javaparser.ast.expr.SimpleName","range":{"beginLine":34,"beginColumn":60,"endLine":34,"endColumn":77},"tokenRange":{"beginToken":{"kind":94,"text":"inverseJoinColumns"},"endToken":{"kind":94,"text":"inverseJoinColumns"}},"identifier":"inverseJoinColumns"},"scope":{"!":"com.github.javaparser.ast.expr.MethodCallExpr","range":{"beginLine":34,"beginColumn":20,"endLine":34,"endColumn":58},"tokenRange":{"beginToken":{"kind":94,"text":"reader"},"endToken":{"kind":98,"text":")"}},"arguments":[{"!":"com.github.javaparser.ast.expr.ClassExpr","range":{"beginLine":34,"beginColumn":42,"endLine":34,"endColumn":56},"tokenRange":{"beginToken":{"kind":94,"text":"JoinTable"},"endToken":{"kind":19,"text":"class"}},"type":{"!":"com.github.javaparser.ast.type.ClassOrInterfaceType","range":{"beginLine":34,"beginColumn":42,"endLine":34,"endColumn":50},"tokenRange":{"beginToken":{"kind":94,"text":"JoinTable"},"endToken":{"kind":94,"text":"JoinTable"}},"name":{"!":"com.github.javaparser.ast.expr.SimpleName","range":{"beginLine":34,"beginColumn":42,"endLine":34,"endColumn":50},"tokenRange":{"beginToken":{"kind":94,"text":"JoinTable"},"endToken":{"kind":94,"text":"JoinTable"}},"identifier":"JoinTable"},"annotations":[]}}],"name":{"!":"com.github.javaparser.ast.expr.SimpleName","range":{"beginLine":34,"beginColumn":27,"endLine":34,"endColumn":39},"tokenRange":{"beginToken":{"kind":94,"text":"getAnnotation"},"endToken":{"kind":94,"text":"getAnnotation"}},"identifier":"getAnnotation"},"scope":{"!":"com.github.javaparser.ast.expr.NameExpr","range":{"beginLine":34,"beginColumn":20,"endLine":34,"endColumn":25},"tokenRange":{"beginToken":{"kind":94,"text":"reader"},"endToken":{"kind":94,"text":"reader"}},"name":{"!":"com.github.javaparser.ast.expr.SimpleName","range":{"beginLine":34,"beginColumn":20,"endLine":34,"endColumn":25},"tokenRange":{"beginToken":{"kind":94,"text":"reader"},"endToken":{"kind":94,"text":"reader"}},"identifier":"reader"}}}}}],"name":{"!":"com.github.javaparser.ast.expr.SimpleName","range":{"beginLine":34,"beginColumn":3,"endLine":34,"endColumn":14},"tokenRange":{"beginToken":{"kind":94,"text":"assertEquals"},"endToken":{"kind":94,"text":"assertEquals"}},"identifier":"assertEquals"}}},{"!":"com.github.javaparser.ast.stmt.ExpressionStmt","range":{"beginLine":35,"beginColumn":3,"endLine":35,"endColumn":105},"tokenRange":{"beginToken":{"kind":94,"text":"assertEquals"},"endToken":{"kind":103,"text":";"}},"expression":{"!":"com.github.javaparser.ast.expr.MethodCallExpr","range":{"beginLine":35,"beginColumn":3,"endLine":35,"endColumn":104},"tokenRange":{"beginToken":{"kind":94,"text":"assertEquals"},"endToken":{"kind":98,"text":")"}},"arguments":[{"!":"com.github.javaparser.ast.expr.IntegerLiteralExpr","range":{"beginLine":35,"beginColumn":17,"endLine":35,"endColumn":17},"tokenRange":{"beginToken":{"kind":77,"text":"2"},"endToken":{"kind":77,"text":"2"}},"value":"2"},{"!":"com.github.javaparser.ast.expr.FieldAccessExpr","range":{"beginLine":35,"beginColumn":20,"endLine":35,"endColumn":102},"tokenRange":{"beginToken":{"kind":94,"text":"reader"},"endToken":{"kind":94,"text":"length"}},"name":{"!":"com.github.javaparser.ast.expr.SimpleName","range":{"beginLine":35,"beginColumn":97,"endLine":35,"endColumn":102},"tokenRange":{"beginToken":{"kind":94,"text":"length"},"endToken":{"kind":94,"text":"length"}},"identifier":"length"},"scope":{"!":"com.github.javaparser.ast.expr.MethodCallExpr","range":{"beginLine":35,"beginColumn":20,"endLine":35,"endColumn":95},"tokenRange":{"beginToken":{"kind":94,"text":"reader"},"endToken":{"kind":98,"text":")"}},"arguments":[],"name":{"!":"com.github.javaparser.ast.expr.SimpleName","range":{"beginLine":35,"beginColumn":83,"endLine":35,"endColumn":93},"tokenRange":{"beginToken":{"kind":94,"text":"columnNames"},"endToken":{"kind":94,"text":"columnNames"}},"identifier":"columnNames"},"scope":{"!":"com.github.javaparser.ast.expr.ArrayAccessExpr","range":{"beginLine":35,"beginColumn":20,"endLine":35,"endColumn":81},"tokenRange":{"beginToken":{"kind":94,"text":"reader"},"endToken":{"kind":102,"text":"]"}},"index":{"!":"com.github.javaparser.ast.expr.IntegerLiteralExpr","range":{"beginLine":35,"beginColumn":80,"endLine":35,"endColumn":80},"tokenRange":{"beginToken":{"kind":77,"text":"0"},"endToken":{"kind":77,"text":"0"}},"value":"0"},"name":{"!":"com.github.javaparser.ast.expr.MethodCallExpr","range":{"beginLine":35,"beginColumn":20,"endLine":35,"endColumn":78},"tokenRange":{"beginToken":{"kind":94,"text":"reader"},"endToken":{"kind":98,"text":")"}},"arguments":[],"name":{"!":"com.github.javaparser.ast.expr.SimpleName","range":{"beginLine":35,"beginColumn":60,"endLine":35,"endColumn":76},"tokenRange":{"beginToken":{"kind":94,"text":"uniqueConstraints"},"endToken":{"kind":94,"text":"uniqueConstraints"}},"identifier":"uniqueConstraints"},"scope":{"!":"com.github.javaparser.ast.expr.MethodCallExpr","range":{"beginLine":35,"beginColumn":20,"endLine":35,"endColumn":58},"tokenRange":{"beginToken":{"kind":94,"text":"reader"},"endToken":{"kind":98,"text":")"}},"arguments":[{"!":"com.github.javaparser.ast.expr.ClassExpr","range":{"beginLine":35,"beginColumn":42,"endLine":35,"endColumn":56},"tokenRange":{"beginToken":{"kind":94,"text":"JoinTable"},"endToken":{"kind":19,"text":"class"}},"type":{"!":"com.github.javaparser.ast.type.ClassOrInterfaceType","range":{"beginLine":35,"beginColumn":42,"endLine":35,"endColumn":50},"tokenRange":{"beginToken":{"kind":94,"text":"JoinTable"},"endToken":{"kind":94,"text":"JoinTable"}},"name":{"!":"com.github.javaparser.ast.expr.SimpleName","range":{"beginLine":35,"beginColumn":42,"endLine":35,"endColumn":50},"tokenRange":{"beginToken":{"kind":94,"text":"JoinTable"},"endToken":{"kind":94,"text":"JoinTable"}},"identifier":"JoinTable"},"annotations":[]}}],"name":{"!":"com.github.javaparser.ast.expr.SimpleName","range":{"beginLine":35,"beginColumn":27,"endLine":35,"endColumn":39},"tokenRange":{"beginToken":{"kind":94,"text":"getAnnotation"},"endToken":{"kind":94,"text":"getAnnotation"}},"identifier":"getAnnotation"},"scope":{"!":"com.github.javaparser.ast.expr.NameExpr","range":{"beginLine":35,"beginColumn":20,"endLine":35,"endColumn":25},"tokenRange":{"beginToken":{"kind":94,"text":"reader"},"endToken":{"kind":94,"text":"reader"}},"name":{"!":"com.github.javaparser.ast.expr.SimpleName","range":{"beginLine":35,"beginColumn":20,"endLine":35,"endColumn":25},"tokenRange":{"beginToken":{"kind":94,"text":"reader"},"endToken":{"kind":94,"text":"reader"}},"identifier":"reader"}}}}}}}],"name":{"!":"com.github.javaparser.ast.expr.SimpleName","range":{"beginLine":35,"beginColumn":3,"endLine":35,"endColumn":14},"tokenRange":{"beginToken":{"kind":94,"text":"assertEquals"},"endToken":{"kind":94,"text":"assertEquals"}},"identifier":"assertEquals"}}},{"!":"com.github.javaparser.ast.stmt.ExpressionStmt","range":{"beginLine":36,"beginColumn":3,"endLine":36,"endColumn":57},"tokenRange":{"beginToken":{"kind":94,"text":"assertNotNull"},"endToken":{"kind":103,"text":";"}},"expression":{"!":"com.github.javaparser.ast.expr.MethodCallExpr","range":{"beginLine":36,"beginColumn":3,"endLine":36,"endColumn":56},"tokenRange":{"beginToken":{"kind":94,"text":"assertNotNull"},"endToken":{"kind":98,"text":")"}},"arguments":[{"!":"com.github.javaparser.ast.expr.MethodCallExpr","range":{"beginLine":36,"beginColumn":18,"endLine":36,"endColumn":54},"tokenRange":{"beginToken":{"kind":94,"text":"reader"},"endToken":{"kind":98,"text":")"}},"arguments":[{"!":"com.github.javaparser.ast.expr.ClassExpr","range":{"beginLine":36,"beginColumn":40,"endLine":36,"endColumn":52},"tokenRange":{"beginToken":{"kind":94,"text":"OrderBy"},"endToken":{"kind":19,"text":"class"}},"type":{"!":"com.github.javaparser.ast.type.ClassOrInterfaceType","range":{"beginLine":36,"beginColumn":40,"endLine":36,"endColumn":46},"tokenRange":{"beginToken":{"kind":94,"text":"OrderBy"},"endToken":{"kind":94,"text":"OrderBy"}},"name":{"!":"com.github.javaparser.ast.expr.SimpleName","range":{"beginLine":36,"beginColumn":40,"endLine":36,"endColumn":46},"tokenRange":{"beginToken":{"kind":94,"text":"OrderBy"},"endToken":{"kind":94,"text":"OrderBy"}},"identifier":"OrderBy"},"annotations":[]}}],"name":{"!":"com.github.javaparser.ast.expr.SimpleName","range":{"beginLine":36,"beginColumn":25,"endLine":36,"endColumn":37},"tokenRange":{"beginToken":{"kind":94,"text":"getAnnotation"},"endToken":{"kind":94,"text":"getAnnotation"}},"identifier":"getAnnotation"},"scope":{"!":"com.github.javaparser.ast.expr.NameExpr","range":{"beginLine":36,"beginColumn":18,"endLine":36,"endColumn":23},"tokenRange":{"beginToken":{"kind":94,"text":"reader"},"endToken":{"kind":94,"text":"reader"}},"name":{"!":"com.github.javaparser.ast.expr.SimpleName","range":{"beginLine":36,"beginColumn":18,"endLine":36,"endColumn":23},"tokenRange":{"beginToken":{"kind":94,"text":"reader"},"endToken":{"kind":94,"text":"reader"}},"identifier":"reader"}}}],"name":{"!":"com.github.javaparser.ast.expr.SimpleName","range":{"beginLine":36,"beginColumn":3,"endLine":36,"endColumn":15},"tokenRange":{"beginToken":{"kind":94,"text":"assertNotNull"},"endToken":{"kind":94,"text":"assertNotNull"}},"identifier":"assertNotNull"}}},{"!":"com.github.javaparser.ast.stmt.ExpressionStmt","range":{"beginLine":37,"beginColumn":3,"endLine":37,"endColumn":76},"tokenRange":{"beginToken":{"kind":94,"text":"assertEquals"},"endToken":{"kind":103,"text":";"}},"expression":{"!":"com.github.javaparser.ast.expr.MethodCallExpr","range":{"beginLine":37,"beginColumn":3,"endLine":37,"endColumn":75},"tokenRange":{"beginToken":{"kind":94,"text":"assertEquals"},"endToken":{"kind":98,"text":")"}},"arguments":[{"!":"com.github.javaparser.ast.expr.StringLiteralExpr","range":{"beginLine":37,"beginColumn":17,"endLine":37,"endColumn":26},"tokenRange":{"beginToken":{"kind":90,"text":"\"maxSpeed\""},"endToken":{"kind":90,"text":"\"maxSpeed\""}},"value":"maxSpeed"},{"!":"com.github.javaparser.ast.expr.MethodCallExpr","range":{"beginLine":37,"beginColumn":29,"endLine":37,"endColumn":73},"tokenRange":{"beginToken":{"kind":94,"text":"reader"},"endToken":{"kind":98,"text":")"}},"arguments":[],"name":{"!":"com.github.javaparser.ast.expr.SimpleName","range":{"beginLine":37,"beginColumn":67,"endLine":37,"endColumn":71},"tokenRange":{"beginToken":{"kind":94,"text":"value"},"endToken":{"kind":94,"text":"value"}},"identifier":"value"},"scope":{"!":"com.github.javaparser.ast.expr.MethodCallExpr","range":{"beginLine":37,"beginColumn":29,"endLine":37,"endColumn":65},"tokenRange":{"beginToken":{"kind":94,"text":"reader"},"endToken":{"kind":98,"text":")"}},"arguments":[{"!":"com.github.javaparser.ast.expr.ClassExpr","range":{"beginLine":37,"beginColumn":51,"endLine":37,"endColumn":63},"tokenRange":{"beginToken":{"kind":94,"text":"OrderBy"},"endToken":{"kind":19,"text":"class"}},"type":{"!":"com.github.javaparser.ast.type.ClassOrInterfaceType","range":{"beginLine":37,"beginColumn":51,"endLine":37,"endColumn":57},"tokenRange":{"beginToken":{"kind":94,"text":"OrderBy"},"endToken":{"kind":94,"text":"OrderBy"}},"name":{"!":"com.github.javaparser.ast.expr.SimpleName","range":{"beginLine":37,"beginColumn":51,"endLine":37,"endColumn":57},"tokenRange":{"beginToken":{"kind":94,"text":"OrderBy"},"endToken":{"kind":94,"text":"OrderBy"}},"identifier":"OrderBy"},"annotations":[]}}],"name":{"!":"com.github.javaparser.ast.expr.SimpleName","range":{"beginLine":37,"beginColumn":36,"endLine":37,"endColumn":48},"tokenRange":{"beginToken":{"kind":94,"text":"getAnnotation"},"endToken":{"kind":94,"text":"getAnnotation"}},"identifier":"getAnnotation"},"scope":{"!":"com.github.javaparser.ast.expr.NameExpr","range":{"beginLine":37,"beginColumn":29,"endLine":37,"endColumn":34},"tokenRange":{"beginToken":{"kind":94,"text":"reader"},"endToken":{"kind":94,"text":"reader"}},"name":{"!":"com.github.javaparser.ast.expr.SimpleName","range":{"beginLine":37,"beginColumn":29,"endLine":37,"endColumn":34},"tokenRange":{"beginToken":{"kind":94,"text":"reader"},"endToken":{"kind":94,"text":"reader"}},"identifier":"reader"}}}}],"name":{"!":"com.github.javaparser.ast.expr.SimpleName","range":{"beginLine":37,"beginColumn":3,"endLine":37,"endColumn":14},"tokenRange":{"beginToken":{"kind":94,"text":"assertEquals"},"endToken":{"kind":94,"text":"assertEquals"}},"identifier":"assertEquals"}}}]},"type":{"!":"com.github.javaparser.ast.type.VoidType","range":{"beginLine":3,"beginColumn":9,"endLine":3,"endColumn":12},"tokenRange":{"beginToken":{"kind":62,"text":"void"},"endToken":{"kind":62,"text":"void"}},"annotations":[]},"modifiers":[{"!":"com.github.javaparser.ast.Modifier","range":{"beginLine":3,"beginColumn":2,"endLine":3,"endColumn":7},"tokenRange":{"beginToken":{"kind":47,"text":"public"},"endToken":{"kind":47,"text":"public"}},"keyword":"PUBLIC"}],"name":{"!":"com.github.javaparser.ast.expr.SimpleName","range":{"beginLine":3,"beginColumn":14,"endLine":3,"endColumn":46},"tokenRange":{"beginToken":{"kind":94,"text":"testAssociationRelatedAnnotations"},"endToken":{"kind":94,"text":"testAssociationRelatedAnnotations"}},"identifier":"testAssociationRelatedAnnotations"},"parameters":[],"thrownExceptions":[{"!":"com.github.javaparser.ast.type.ClassOrInterfaceType","range":{"beginLine":3,"beginColumn":57,"endLine":3,"endColumn":65},"tokenRange":{"beginToken":{"kind":94,"text":"Exception"},"endToken":{"kind":94,"text":"Exception"}},"name":{"!":"com.github.javaparser.ast.expr.SimpleName","range":{"beginLine":3,"beginColumn":57,"endLine":3,"endColumn":65},"tokenRange":{"beginToken":{"kind":94,"text":"Exception"},"endToken":{"kind":94,"text":"Exception"}},"identifier":"Exception"},"annotations":[]}],"typeParameters":[],"annotations":[{"!":"com.github.javaparser.ast.expr.MarkerAnnotationExpr","range":{"beginLine":2,"beginColumn":2,"endLine":2,"endColumn":6},"tokenRange":{"beginToken":{"kind":107,"text":"@"},"endToken":{"kind":94,"text":"Test"}},"name":{"!":"com.github.javaparser.ast.expr.Name","range":{"beginLine":2,"beginColumn":3,"endLine":2,"endColumn":6},"tokenRange":{"beginToken":{"kind":94,"text":"Test"},"endToken":{"kind":94,"text":"Test"}},"identifier":"Test"}}]}],"modifiers":[],"name":{"!":"com.github.javaparser.ast.expr.SimpleName","range":{"beginLine":1,"beginColumn":7,"endLine":1,"endColumn":10},"tokenRange":{"beginToken":{"kind":94,"text":"Test"},"endToken":{"kind":94,"text":"Test"}},"identifier":"Test"},"annotations":[]}]}