{"!":"com.github.javaparser.ast.CompilationUnit","range":{"beginLine":1,"beginColumn":1,"endLine":45,"endColumn":2},"tokenRange":{"beginToken":{"kind":19,"text":"class"},"endToken":{"kind":0,"text":""}},"imports":[],"types":[{"!":"com.github.javaparser.ast.body.ClassOrInterfaceDeclaration","range":{"beginLine":1,"beginColumn":1,"endLine":45,"endColumn":2},"tokenRange":{"beginToken":{"kind":19,"text":"class"},"endToken":{"kind":100,"text":"}"}},"extendedTypes":[],"implementedTypes":[],"isInterface":"false","typeParameters":[],"members":[{"!":"com.github.javaparser.ast.body.MethodDeclaration","range":{"beginLine":5,"beginColumn":2,"endLine":43,"endColumn":2},"tokenRange":{"beginToken":{"kind":46,"text":"protected"},"endToken":{"kind":100,"text":"}"}},"body":{"!":"com.github.javaparser.ast.stmt.BlockStmt","range":{"beginLine":6,"beginColumn":26,"endLine":43,"endColumn":2},"tokenRange":{"beginToken":{"kind":99,"text":"{"},"endToken":{"kind":100,"text":"}"}},"statements":[{"!":"com.github.javaparser.ast.stmt.IfStmt","range":{"beginLine":8,"beginColumn":3,"endLine":42,"endColumn":3},"tokenRange":{"beginToken":{"kind":34,"text":"if"},"endToken":{"kind":100,"text":"}"}},"condition":{"!":"com.github.javaparser.ast.expr.BinaryExpr","range":{"beginLine":8,"beginColumn":8,"endLine":8,"endColumn":29},"tokenRange":{"beginToken":{"kind":94,"text":"associations"},"endToken":{"kind":77,"text":"0"}},"left":{"!":"com.github.javaparser.ast.expr.MethodCallExpr","range":{"beginLine":8,"beginColumn":8,"endLine":8,"endColumn":26},"tokenRange":{"beginToken":{"kind":94,"text":"associations"},"endToken":{"kind":98,"text":")"}},"arguments":[],"name":{"!":"com.github.javaparser.ast.expr.SimpleName","range":{"beginLine":8,"beginColumn":21,"endLine":8,"endColumn":24},"tokenRange":{"beginToken":{"kind":94,"text":"size"},"endToken":{"kind":94,"text":"size"}},"identifier":"size"},"scope":{"!":"com.github.javaparser.ast.expr.NameExpr","range":{"beginLine":8,"beginColumn":8,"endLine":8,"endColumn":19},"tokenRange":{"beginToken":{"kind":94,"text":"associations"},"endToken":{"kind":94,"text":"associations"}},"name":{"!":"com.github.javaparser.ast.expr.SimpleName","range":{"beginLine":8,"beginColumn":8,"endLine":8,"endColumn":19},"tokenRange":{"beginToken":{"kind":94,"text":"associations"},"endToken":{"kind":94,"text":"associations"}},"identifier":"associations"}}},"operator":"EQUALS","right":{"!":"com.github.javaparser.ast.expr.IntegerLiteralExpr","range":{"beginLine":8,"beginColumn":29,"endLine":8,"endColumn":29},"tokenRange":{"beginToken":{"kind":77,"text":"0"},"endToken":{"kind":77,"text":"0"}},"value":"0"}},"elseStmt":{"!":"com.github.javaparser.ast.stmt.BlockStmt","range":{"beginLine":11,"beginColumn":8,"endLine":42,"endColumn":3},"tokenRange":{"beginToken":{"kind":99,"text":"{"},"endToken":{"kind":100,"text":"}"}},"statements":[{"!":"com.github.javaparser.ast.stmt.ExpressionStmt","range":{"beginLine":12,"beginColumn":4,"endLine":12,"endColumn":70},"tokenRange":{"beginToken":{"kind":94,"text":"StringBuilder"},"endToken":{"kind":103,"text":";"}},"expression":{"!":"com.github.javaparser.ast.expr.VariableDeclarationExpr","range":{"beginLine":12,"beginColumn":4,"endLine":12,"endColumn":69},"tokenRange":{"beginToken":{"kind":94,"text":"StringBuilder"},"endToken":{"kind":98,"text":")"}},"annotations":[],"modifiers":[],"variables":[{"!":"com.github.javaparser.ast.body.VariableDeclarator","range":{"beginLine":12,"beginColumn":18,"endLine":12,"endColumn":69},"tokenRange":{"beginToken":{"kind":94,"text":"buf"},"endToken":{"kind":98,"text":")"}},"initializer":{"!":"com.github.javaparser.ast.expr.ObjectCreationExpr","range":{"beginLine":12,"beginColumn":24,"endLine":12,"endColumn":69},"tokenRange":{"beginToken":{"kind":42,"text":"new"},"endToken":{"kind":98,"text":")"}},"arguments":[{"!":"com.github.javaparser.ast.expr.BinaryExpr","range":{"beginLine":12,"beginColumn":43,"endLine":12,"endColumn":67},"tokenRange":{"beginToken":{"kind":94,"text":"associations"},"endToken":{"kind":77,"text":"100"}},"left":{"!":"com.github.javaparser.ast.expr.MethodCallExpr","range":{"beginLine":12,"beginColumn":43,"endLine":12,"endColumn":61},"tokenRange":{"beginToken":{"kind":94,"text":"associations"},"endToken":{"kind":98,"text":")"}},"arguments":[],"name":{"!":"com.github.javaparser.ast.expr.SimpleName","range":{"beginLine":12,"beginColumn":56,"endLine":12,"endColumn":59},"tokenRange":{"beginToken":{"kind":94,"text":"size"},"endToken":{"kind":94,"text":"size"}},"identifier":"size"},"scope":{"!":"com.github.javaparser.ast.expr.NameExpr","range":{"beginLine":12,"beginColumn":43,"endLine":12,"endColumn":54},"tokenRange":{"beginToken":{"kind":94,"text":"associations"},"endToken":{"kind":94,"text":"associations"}},"name":{"!":"com.github.javaparser.ast.expr.SimpleName","range":{"beginLine":12,"beginColumn":43,"endLine":12,"endColumn":54},"tokenRange":{"beginToken":{"kind":94,"text":"associations"},"endToken":{"kind":94,"text":"associations"}},"identifier":"associations"}}},"operator":"MULTIPLY","right":{"!":"com.github.javaparser.ast.expr.IntegerLiteralExpr","range":{"beginLine":12,"beginColumn":65,"endLine":12,"endColumn":67},"tokenRange":{"beginToken":{"kind":77,"text":"100"},"endToken":{"kind":77,"text":"100"}},"value":"100"}}],"type":{"!":"com.github.javaparser.ast.type.ClassOrInterfaceType","range":{"beginLine":12,"beginColumn":28,"endLine":12,"endColumn":40},"tokenRange":{"beginToken":{"kind":94,"text":"StringBuilder"},"endToken":{"kind":94,"text":"StringBuilder"}},"name":{"!":"com.github.javaparser.ast.expr.SimpleName","range":{"beginLine":12,"beginColumn":28,"endLine":12,"endColumn":40},"tokenRange":{"beginToken":{"kind":94,"text":"StringBuilder"},"endToken":{"kind":94,"text":"StringBuilder"}},"identifier":"StringBuilder"},"annotations":[]}},"name":{"!":"com.github.javaparser.ast.expr.SimpleName","range":{"beginLine":12,"beginColumn":18,"endLine":12,"endColumn":20},"tokenRange":{"beginToken":{"kind":94,"text":"buf"},"endToken":{"kind":94,"text":"buf"}},"identifier":"buf"},"type":{"!":"com.github.javaparser.ast.type.ClassOrInterfaceType","range":{"beginLine":12,"beginColumn":4,"endLine":12,"endColumn":16},"tokenRange":{"beginToken":{"kind":94,"text":"StringBuilder"},"endToken":{"kind":94,"text":"StringBuilder"}},"name":{"!":"com.github.javaparser.ast.expr.SimpleName","range":{"beginLine":12,"beginColumn":4,"endLine":12,"endColumn":16},"tokenRange":{"beginToken":{"kind":94,"text":"StringBuilder"},"endToken":{"kind":94,"text":"StringBuilder"}},"identifier":"StringBuilder"},"annotations":[]}}]}},{"!":"com.github.javaparser.ast.stmt.ExpressionStmt","range":{"beginLine":13,"beginColumn":4,"endLine":13,"endColumn":26},"tokenRange":{"beginToken":{"kind":38,"text":"int"},"endToken":{"kind":103,"text":";"}},"expression":{"!":"com.github.javaparser.ast.expr.VariableDeclarationExpr","range":{"beginLine":13,"beginColumn":4,"endLine":13,"endColumn":25},"tokenRange":{"beginToken":{"kind":38,"text":"int"},"endToken":{"kind":77,"text":"0"}},"annotations":[],"modifiers":[],"variables":[{"!":"com.github.javaparser.ast.body.VariableDeclarator","range":{"beginLine":13,"beginColumn":8,"endLine":13,"endColumn":25},"tokenRange":{"beginToken":{"kind":94,"text":"entityAliasCount"},"endToken":{"kind":77,"text":"0"}},"initializer":{"!":"com.github.javaparser.ast.expr.IntegerLiteralExpr","range":{"beginLine":13,"beginColumn":25,"endLine":13,"endColumn":25},"tokenRange":{"beginToken":{"kind":77,"text":"0"},"endToken":{"kind":77,"text":"0"}},"value":"0"},"name":{"!":"com.github.javaparser.ast.expr.SimpleName","range":{"beginLine":13,"beginColumn":8,"endLine":13,"endColumn":23},"tokenRange":{"beginToken":{"kind":94,"text":"entityAliasCount"},"endToken":{"kind":94,"text":"entityAliasCount"}},"identifier":"entityAliasCount"},"type":{"!":"com.github.javaparser.ast.type.PrimitiveType","range":{"beginLine":13,"beginColumn":4,"endLine":13,"endColumn":6},"tokenRange":{"beginToken":{"kind":38,"text":"int"},"endToken":{"kind":38,"text":"int"}},"type":"INT","annotations":[]}}]}},{"!":"com.github.javaparser.ast.stmt.ExpressionStmt","range":{"beginLine":14,"beginColumn":4,"endLine":14,"endColumn":30},"tokenRange":{"beginToken":{"kind":38,"text":"int"},"endToken":{"kind":103,"text":";"}},"expression":{"!":"com.github.javaparser.ast.expr.VariableDeclarationExpr","range":{"beginLine":14,"beginColumn":4,"endLine":14,"endColumn":29},"tokenRange":{"beginToken":{"kind":38,"text":"int"},"endToken":{"kind":77,"text":"0"}},"annotations":[],"modifiers":[],"variables":[{"!":"com.github.javaparser.ast.body.VariableDeclarator","range":{"beginLine":14,"beginColumn":8,"endLine":14,"endColumn":29},"tokenRange":{"beginToken":{"kind":94,"text":"collectionAliasCount"},"endToken":{"kind":77,"text":"0"}},"initializer":{"!":"com.github.javaparser.ast.expr.IntegerLiteralExpr","range":{"beginLine":14,"beginColumn":29,"endLine":14,"endColumn":29},"tokenRange":{"beginToken":{"kind":77,"text":"0"},"endToken":{"kind":77,"text":"0"}},"value":"0"},"name":{"!":"com.github.javaparser.ast.expr.SimpleName","range":{"beginLine":14,"beginColumn":8,"endLine":14,"endColumn":27},"tokenRange":{"beginToken":{"kind":94,"text":"collectionAliasCount"},"endToken":{"kind":94,"text":"collectionAliasCount"}},"identifier":"collectionAliasCount"},"type":{"!":"com.github.javaparser.ast.type.PrimitiveType","range":{"beginLine":14,"beginColumn":4,"endLine":14,"endColumn":6},"tokenRange":{"beginToken":{"kind":38,"text":"int"},"endToken":{"kind":38,"text":"int"}},"type":"INT","annotations":[]}}]}},{"!":"com.github.javaparser.ast.stmt.ForStmt","range":{"beginLine":15,"beginColumn":4,"endLine":40,"endColumn":4},"tokenRange":{"beginToken":{"kind":32,"text":"for"},"endToken":{"kind":100,"text":"}"}},"body":{"!":"com.github.javaparser.ast.stmt.BlockStmt","range":{"beginLine":15,"beginColumn":48,"endLine":40,"endColumn":4},"tokenRange":{"beginToken":{"kind":99,"text":"{"},"endToken":{"kind":100,"text":"}"}},"statements":[{"!":"com.github.javaparser.ast.stmt.ExpressionStmt","range":{"beginLine":16,"beginColumn":5,"endLine":16,"endColumn":83},"tokenRange":{"beginToken":{"kind":94,"text":"OuterJoinableAssociation"},"endToken":{"kind":103,"text":";"}},"expression":{"!":"com.github.javaparser.ast.expr.VariableDeclarationExpr","range":{"beginLine":16,"beginColumn":5,"endLine":16,"endColumn":82},"tokenRange":{"beginToken":{"kind":94,"text":"OuterJoinableAssociation"},"endToken":{"kind":98,"text":")"}},"annotations":[],"modifiers":[],"variables":[{"!":"com.github.javaparser.ast.body.VariableDeclarator","range":{"beginLine":16,"beginColumn":30,"endLine":16,"endColumn":82},"tokenRange":{"beginToken":{"kind":94,"text":"join"},"endToken":{"kind":98,"text":")"}},"initializer":{"!":"com.github.javaparser.ast.expr.CastExpr","range":{"beginLine":16,"beginColumn":37,"endLine":16,"endColumn":82},"tokenRange":{"beginToken":{"kind":97,"text":"("},"endToken":{"kind":98,"text":")"}},"expression":{"!":"com.github.javaparser.ast.expr.MethodCallExpr","range":{"beginLine":16,"beginColumn":64,"endLine":16,"endColumn":82},"tokenRange":{"beginToken":{"kind":94,"text":"associations"},"endToken":{"kind":98,"text":")"}},"arguments":[{"!":"com.github.javaparser.ast.expr.NameExpr","range":{"beginLine":16,"beginColumn":81,"endLine":16,"endColumn":81},"tokenRange":{"beginToken":{"kind":94,"text":"i"},"endToken":{"kind":94,"text":"i"}},"name":{"!":"com.github.javaparser.ast.expr.SimpleName","range":{"beginLine":16,"beginColumn":81,"endLine":16,"endColumn":81},"tokenRange":{"beginToken":{"kind":94,"text":"i"},"endToken":{"kind":94,"text":"i"}},"identifier":"i"}}],"name":{"!":"com.github.javaparser.ast.expr.SimpleName","range":{"beginLine":16,"beginColumn":77,"endLine":16,"endColumn":79},"tokenRange":{"beginToken":{"kind":94,"text":"get"},"endToken":{"kind":94,"text":"get"}},"identifier":"get"},"scope":{"!":"com.github.javaparser.ast.expr.NameExpr","range":{"beginLine":16,"beginColumn":64,"endLine":16,"endColumn":75},"tokenRange":{"beginToken":{"kind":94,"text":"associations"},"endToken":{"kind":94,"text":"associations"}},"name":{"!":"com.github.javaparser.ast.expr.SimpleName","range":{"beginLine":16,"beginColumn":64,"endLine":16,"endColumn":75},"tokenRange":{"beginToken":{"kind":94,"text":"associations"},"endToken":{"kind":94,"text":"associations"}},"identifier":"associations"}}},"type":{"!":"com.github.javaparser.ast.type.ClassOrInterfaceType","range":{"beginLine":16,"beginColumn":38,"endLine":16,"endColumn":61},"tokenRange":{"beginToken":{"kind":94,"text":"OuterJoinableAssociation"},"endToken":{"kind":94,"text":"OuterJoinableAssociation"}},"name":{"!":"com.github.javaparser.ast.expr.SimpleName","range":{"beginLine":16,"beginColumn":38,"endLine":16,"endColumn":61},"tokenRange":{"beginToken":{"kind":94,"text":"OuterJoinableAssociation"},"endToken":{"kind":94,"text":"OuterJoinableAssociation"}},"identifier":"OuterJoinableAssociation"},"annotations":[]}},"name":{"!":"com.github.javaparser.ast.expr.SimpleName","range":{"beginLine":16,"beginColumn":30,"endLine":16,"endColumn":33},"tokenRange":{"beginToken":{"kind":94,"text":"join"},"endToken":{"kind":94,"text":"join"}},"identifier":"join"},"type":{"!":"com.github.javaparser.ast.type.ClassOrInterfaceType","range":{"beginLine":16,"beginColumn":5,"endLine":16,"endColumn":28},"tokenRange":{"beginToken":{"kind":94,"text":"OuterJoinableAssociation"},"endToken":{"kind":94,"text":"OuterJoinableAssociation"}},"name":{"!":"com.github.javaparser.ast.expr.SimpleName","range":{"beginLine":16,"beginColumn":5,"endLine":16,"endColumn":28},"tokenRange":{"beginToken":{"kind":94,"text":"OuterJoinableAssociation"},"endToken":{"kind":94,"text":"OuterJoinableAssociation"}},"identifier":"OuterJoinableAssociation"},"annotations":[]}}]}},{"!":"com.github.javaparser.ast.stmt.ExpressionStmt","range":{"beginLine":17,"beginColumn":5,"endLine":19,"endColumn":69},"tokenRange":{"beginToken":{"kind":94,"text":"OuterJoinableAssociation"},"endToken":{"kind":103,"text":";"}},"expression":{"!":"com.github.javaparser.ast.expr.VariableDeclarationExpr","range":{"beginLine":17,"beginColumn":5,"endLine":19,"endColumn":68},"tokenRange":{"beginToken":{"kind":94,"text":"OuterJoinableAssociation"},"endToken":{"kind":98,"text":")"}},"annotations":[],"modifiers":[],"variables":[{"!":"com.github.javaparser.ast.body.VariableDeclarator","range":{"beginLine":17,"beginColumn":30,"endLine":19,"endColumn":68},"tokenRange":{"beginToken":{"kind":94,"text":"next"},"endToken":{"kind":98,"text":")"}},"initializer":{"!":"com.github.javaparser.ast.expr.ConditionalExpr","range":{"beginLine":17,"beginColumn":37,"endLine":19,"endColumn":68},"tokenRange":{"beginToken":{"kind":97,"text":"("},"endToken":{"kind":98,"text":")"}},"condition":{"!":"com.github.javaparser.ast.expr.EnclosedExpr","range":{"beginLine":17,"beginColumn":37,"endLine":17,"endColumn":66},"tokenRange":{"beginToken":{"kind":97,"text":"("},"endToken":{"kind":98,"text":")"}},"inner":{"!":"com.github.javaparser.ast.expr.BinaryExpr","range":{"beginLine":17,"beginColumn":38,"endLine":17,"endColumn":65},"tokenRange":{"beginToken":{"kind":94,"text":"i"},"endToken":{"kind":77,"text":"1"}},"left":{"!":"com.github.javaparser.ast.expr.NameExpr","range":{"beginLine":17,"beginColumn":38,"endLine":17,"endColumn":38},"tokenRange":{"beginToken":{"kind":94,"text":"i"},"endToken":{"kind":94,"text":"i"}},"name":{"!":"com.github.javaparser.ast.expr.SimpleName","range":{"beginLine":17,"beginColumn":38,"endLine":17,"endColumn":38},"tokenRange":{"beginToken":{"kind":94,"text":"i"},"endToken":{"kind":94,"text":"i"}},"identifier":"i"}},"operator":"EQUALS","right":{"!":"com.github.javaparser.ast.expr.BinaryExpr","range":{"beginLine":17,"beginColumn":43,"endLine":17,"endColumn":65},"tokenRange":{"beginToken":{"kind":94,"text":"associations"},"endToken":{"kind":77,"text":"1"}},"left":{"!":"com.github.javaparser.ast.expr.MethodCallExpr","range":{"beginLine":17,"beginColumn":43,"endLine":17,"endColumn":61},"tokenRange":{"beginToken":{"kind":94,"text":"associations"},"endToken":{"kind":98,"text":")"}},"arguments":[],"name":{"!":"com.github.javaparser.ast.expr.SimpleName","range":{"beginLine":17,"beginColumn":56,"endLine":17,"endColumn":59},"tokenRange":{"beginToken":{"kind":94,"text":"size"},"endToken":{"kind":94,"text":"size"}},"identifier":"size"},"scope":{"!":"com.github.javaparser.ast.expr.NameExpr","range":{"beginLine":17,"beginColumn":43,"endLine":17,"endColumn":54},"tokenRange":{"beginToken":{"kind":94,"text":"associations"},"endToken":{"kind":94,"text":"associations"}},"name":{"!":"com.github.javaparser.ast.expr.SimpleName","range":{"beginLine":17,"beginColumn":43,"endLine":17,"endColumn":54},"tokenRange":{"beginToken":{"kind":94,"text":"associations"},"endToken":{"kind":94,"text":"associations"}},"identifier":"associations"}}},"operator":"MINUS","right":{"!":"com.github.javaparser.ast.expr.IntegerLiteralExpr","range":{"beginLine":17,"beginColumn":65,"endLine":17,"endColumn":65},"tokenRange":{"beginToken":{"kind":77,"text":"1"},"endToken":{"kind":77,"text":"1"}},"value":"1"}}}},"elseExpr":{"!":"com.github.javaparser.ast.expr.CastExpr","range":{"beginLine":19,"beginColumn":15,"endLine":19,"endColumn":68},"tokenRange":{"beginToken":{"kind":97,"text":"("},"endToken":{"kind":98,"text":")"}},"expression":{"!":"com.github.javaparser.ast.expr.MethodCallExpr","range":{"beginLine":19,"beginColumn":44,"endLine":19,"endColumn":68},"tokenRange":{"beginToken":{"kind":94,"text":"associations"},"endToken":{"kind":98,"text":")"}},"arguments":[{"!":"com.github.javaparser.ast.expr.BinaryExpr","range":{"beginLine":19,"beginColumn":62,"endLine":19,"endColumn":66},"tokenRange":{"beginToken":{"kind":94,"text":"i"},"endToken":{"kind":77,"text":"1"}},"left":{"!":"com.github.javaparser.ast.expr.NameExpr","range":{"beginLine":19,"beginColumn":62,"endLine":19,"endColumn":62},"tokenRange":{"beginToken":{"kind":94,"text":"i"},"endToken":{"kind":94,"text":"i"}},"name":{"!":"com.github.javaparser.ast.expr.SimpleName","range":{"beginLine":19,"beginColumn":62,"endLine":19,"endColumn":62},"tokenRange":{"beginToken":{"kind":94,"text":"i"},"endToken":{"kind":94,"text":"i"}},"identifier":"i"}},"operator":"PLUS","right":{"!":"com.github.javaparser.ast.expr.IntegerLiteralExpr","range":{"beginLine":19,"beginColumn":66,"endLine":19,"endColumn":66},"tokenRange":{"beginToken":{"kind":77,"text":"1"},"endToken":{"kind":77,"text":"1"}},"value":"1"}}],"name":{"!":"com.github.javaparser.ast.expr.SimpleName","range":{"beginLine":19,"beginColumn":57,"endLine":19,"endColumn":59},"tokenRange":{"beginToken":{"kind":94,"text":"get"},"endToken":{"kind":94,"text":"get"}},"identifier":"get"},"scope":{"!":"com.github.javaparser.ast.expr.NameExpr","range":{"beginLine":19,"beginColumn":44,"endLine":19,"endColumn":55},"tokenRange":{"beginToken":{"kind":94,"text":"associations"},"endToken":{"kind":94,"text":"associations"}},"name":{"!":"com.github.javaparser.ast.expr.SimpleName","range":{"beginLine":19,"beginColumn":44,"endLine":19,"endColumn":55},"tokenRange":{"beginToken":{"kind":94,"text":"associations"},"endToken":{"kind":94,"text":"associations"}},"identifier":"associations"}}},"type":{"!":"com.github.javaparser.ast.type.ClassOrInterfaceType","range":{"beginLine":19,"beginColumn":17,"endLine":19,"endColumn":40},"tokenRange":{"beginToken":{"kind":94,"text":"OuterJoinableAssociation"},"endToken":{"kind":94,"text":"OuterJoinableAssociation"}},"name":{"!":"com.github.javaparser.ast.expr.SimpleName","range":{"beginLine":19,"beginColumn":17,"endLine":19,"endColumn":40},"tokenRange":{"beginToken":{"kind":94,"text":"OuterJoinableAssociation"},"endToken":{"kind":94,"text":"OuterJoinableAssociation"}},"identifier":"OuterJoinableAssociation"},"annotations":[]}},"thenExpr":{"!":"com.github.javaparser.ast.expr.NullLiteralExpr","range":{"beginLine":18,"beginColumn":15,"endLine":18,"endColumn":18},"tokenRange":{"beginToken":{"kind":43,"text":"null"},"endToken":{"kind":43,"text":"null"}}}},"name":{"!":"com.github.javaparser.ast.expr.SimpleName","range":{"beginLine":17,"beginColumn":30,"endLine":17,"endColumn":33},"tokenRange":{"beginToken":{"kind":94,"text":"next"},"endToken":{"kind":94,"text":"next"}},"identifier":"next"},"type":{"!":"com.github.javaparser.ast.type.ClassOrInterfaceType","range":{"beginLine":17,"beginColumn":5,"endLine":17,"endColumn":28},"tokenRange":{"beginToken":{"kind":94,"text":"OuterJoinableAssociation"},"endToken":{"kind":94,"text":"OuterJoinableAssociation"}},"name":{"!":"com.github.javaparser.ast.expr.SimpleName","range":{"beginLine":17,"beginColumn":5,"endLine":17,"endColumn":28},"tokenRange":{"beginToken":{"kind":94,"text":"OuterJoinableAssociation"},"endToken":{"kind":94,"text":"OuterJoinableAssociation"}},"identifier":"OuterJoinableAssociation"},"annotations":[]}}]}},{"!":"com.github.javaparser.ast.stmt.ExpressionStmt","range":{"beginLine":20,"beginColumn":5,"endLine":20,"endColumn":49},"tokenRange":{"beginToken":{"kind":29,"text":"final"},"endToken":{"kind":103,"text":";"}},"expression":{"!":"com.github.javaparser.ast.expr.VariableDeclarationExpr","range":{"beginLine":20,"beginColumn":5,"endLine":20,"endColumn":48},"tokenRange":{"beginToken":{"kind":29,"text":"final"},"endToken":{"kind":98,"text":")"}},"annotations":[],"modifiers":[{"!":"com.github.javaparser.ast.Modifier","range":{"beginLine":20,"beginColumn":5,"endLine":20,"endColumn":9},"tokenRange":{"beginToken":{"kind":29,"text":"final"},"endToken":{"kind":29,"text":"final"}},"keyword":"FINAL"}],"variables":[{"!":"com.github.javaparser.ast.body.VariableDeclarator","range":{"beginLine":20,"beginColumn":20,"endLine":20,"endColumn":48},"tokenRange":{"beginToken":{"kind":94,"text":"joinable"},"endToken":{"kind":98,"text":")"}},"initializer":{"!":"com.github.javaparser.ast.expr.MethodCallExpr","range":{"beginLine":20,"beginColumn":31,"endLine":20,"endColumn":48},"tokenRange":{"beginToken":{"kind":94,"text":"join"},"endToken":{"kind":98,"text":")"}},"arguments":[],"name":{"!":"com.github.javaparser.ast.expr.SimpleName","range":{"beginLine":20,"beginColumn":36,"endLine":20,"endColumn":46},"tokenRange":{"beginToken":{"kind":94,"text":"getJoinable"},"endToken":{"kind":94,"text":"getJoinable"}},"identifier":"getJoinable"},"scope":{"!":"com.github.javaparser.ast.expr.NameExpr","range":{"beginLine":20,"beginColumn":31,"endLine":20,"endColumn":34},"tokenRange":{"beginToken":{"kind":94,"text":"join"},"endToken":{"kind":94,"text":"join"}},"name":{"!":"com.github.javaparser.ast.expr.SimpleName","range":{"beginLine":20,"beginColumn":31,"endLine":20,"endColumn":34},"tokenRange":{"beginToken":{"kind":94,"text":"join"},"endToken":{"kind":94,"text":"join"}},"identifier":"join"}}},"name":{"!":"com.github.javaparser.ast.expr.SimpleName","range":{"beginLine":20,"beginColumn":20,"endLine":20,"endColumn":27},"tokenRange":{"beginToken":{"kind":94,"text":"joinable"},"endToken":{"kind":94,"text":"joinable"}},"identifier":"joinable"},"type":{"!":"com.github.javaparser.ast.type.ClassOrInterfaceType","range":{"beginLine":20,"beginColumn":11,"endLine":20,"endColumn":18},"tokenRange":{"beginToken":{"kind":94,"text":"Joinable"},"endToken":{"kind":94,"text":"Joinable"}},"name":{"!":"com.github.javaparser.ast.expr.SimpleName","range":{"beginLine":20,"beginColumn":11,"endLine":20,"endColumn":18},"tokenRange":{"beginToken":{"kind":94,"text":"Joinable"},"endToken":{"kind":94,"text":"Joinable"}},"identifier":"Joinable"},"annotations":[]}}]}},{"!":"com.github.javaparser.ast.stmt.ExpressionStmt","range":{"beginLine":21,"beginColumn":5,"endLine":23,"endColumn":41},"tokenRange":{"beginToken":{"kind":29,"text":"final"},"endToken":{"kind":103,"text":";"}},"expression":{"!":"com.github.javaparser.ast.expr.VariableDeclarationExpr","range":{"beginLine":21,"beginColumn":5,"endLine":23,"endColumn":40},"tokenRange":{"beginToken":{"kind":29,"text":"final"},"endToken":{"kind":102,"text":"]"}},"annotations":[],"modifiers":[{"!":"com.github.javaparser.ast.Modifier","range":{"beginLine":21,"beginColumn":5,"endLine":21,"endColumn":9},"tokenRange":{"beginToken":{"kind":29,"text":"final"},"endToken":{"kind":29,"text":"final"}},"keyword":"FINAL"}],"variables":[{"!":"com.github.javaparser.ast.body.VariableDeclarator","range":{"beginLine":21,"beginColumn":18,"endLine":23,"endColumn":40},"tokenRange":{"beginToken":{"kind":94,"text":"entitySuffix"},"endToken":{"kind":102,"text":"]"}},"initializer":{"!":"com.github.javaparser.ast.expr.ConditionalExpr","range":{"beginLine":21,"beginColumn":33,"endLine":23,"endColumn":40},"tokenRange":{"beginToken":{"kind":97,"text":"("},"endToken":{"kind":102,"text":"]"}},"condition":{"!":"com.github.javaparser.ast.expr.EnclosedExpr","range":{"beginLine":21,"beginColumn":33,"endLine":21,"endColumn":91},"tokenRange":{"beginToken":{"kind":97,"text":"("},"endToken":{"kind":98,"text":")"}},"inner":{"!":"com.github.javaparser.ast.expr.BinaryExpr","range":{"beginLine":21,"beginColumn":35,"endLine":21,"endColumn":89},"tokenRange":{"beginToken":{"kind":94,"text":"suffixes"},"endToken":{"kind":94,"text":"length"}},"left":{"!":"com.github.javaparser.ast.expr.BinaryExpr","range":{"beginLine":21,"beginColumn":35,"endLine":21,"endColumn":50},"tokenRange":{"beginToken":{"kind":94,"text":"suffixes"},"endToken":{"kind":43,"text":"null"}},"left":{"!":"com.github.javaparser.ast.expr.NameExpr","range":{"beginLine":21,"beginColumn":35,"endLine":21,"endColumn":42},"tokenRange":{"beginToken":{"kind":94,"text":"suffixes"},"endToken":{"kind":94,"text":"suffixes"}},"name":{"!":"com.github.javaparser.ast.expr.SimpleName","range":{"beginLine":21,"beginColumn":35,"endLine":21,"endColumn":42},"tokenRange":{"beginToken":{"kind":94,"text":"suffixes"},"endToken":{"kind":94,"text":"suffixes"}},"identifier":"suffixes"}},"operator":"EQUALS","right":{"!":"com.github.javaparser.ast.expr.NullLiteralExpr","range":{"beginLine":21,"beginColumn":47,"endLine":21,"endColumn":50},"tokenRange":{"beginToken":{"kind":43,"text":"null"},"endToken":{"kind":43,"text":"null"}}}},"operator":"OR","right":{"!":"com.github.javaparser.ast.expr.BinaryExpr","range":{"beginLine":21,"beginColumn":55,"endLine":21,"endColumn":89},"tokenRange":{"beginToken":{"kind":94,"text":"entityAliasCount"},"endToken":{"kind":94,"text":"length"}},"left":{"!":"com.github.javaparser.ast.expr.NameExpr","range":{"beginLine":21,"beginColumn":55,"endLine":21,"endColumn":70},"tokenRange":{"beginToken":{"kind":94,"text":"entityAliasCount"},"endToken":{"kind":94,"text":"entityAliasCount"}},"name":{"!":"com.github.javaparser.ast.expr.SimpleName","range":{"beginLine":21,"beginColumn":55,"endLine":21,"endColumn":70},"tokenRange":{"beginToken":{"kind":94,"text":"entityAliasCount"},"endToken":{"kind":94,"text":"entityAliasCount"}},"identifier":"entityAliasCount"}},"operator":"GREATER_EQUALS","right":{"!":"com.github.javaparser.ast.expr.FieldAccessExpr","range":{"beginLine":21,"beginColumn":75,"endLine":21,"endColumn":89},"tokenRange":{"beginToken":{"kind":94,"text":"suffixes"},"endToken":{"kind":94,"text":"length"}},"name":{"!":"com.github.javaparser.ast.expr.SimpleName","range":{"beginLine":21,"beginColumn":84,"endLine":21,"endColumn":89},"tokenRange":{"beginToken":{"kind":94,"text":"length"},"endToken":{"kind":94,"text":"length"}},"identifier":"length"},"scope":{"!":"com.github.javaparser.ast.expr.NameExpr","range":{"beginLine":21,"beginColumn":75,"endLine":21,"endColumn":82},"tokenRange":{"beginToken":{"kind":94,"text":"suffixes"},"endToken":{"kind":94,"text":"suffixes"}},"name":{"!":"com.github.javaparser.ast.expr.SimpleName","range":{"beginLine":21,"beginColumn":75,"endLine":21,"endColumn":82},"tokenRange":{"beginToken":{"kind":94,"text":"suffixes"},"endToken":{"kind":94,"text":"suffixes"}},"identifier":"suffixes"}}}}}},"elseExpr":{"!":"com.github.javaparser.ast.expr.ArrayAccessExpr","range":{"beginLine":23,"beginColumn":15,"endLine":23,"endColumn":40},"tokenRange":{"beginToken":{"kind":94,"text":"suffixes"},"endToken":{"kind":102,"text":"]"}},"index":{"!":"com.github.javaparser.ast.expr.NameExpr","range":{"beginLine":23,"beginColumn":24,"endLine":23,"endColumn":39},"tokenRange":{"beginToken":{"kind":94,"text":"entityAliasCount"},"endToken":{"kind":94,"text":"entityAliasCount"}},"name":{"!":"com.github.javaparser.ast.expr.SimpleName","range":{"beginLine":23,"beginColumn":24,"endLine":23,"endColumn":39},"tokenRange":{"beginToken":{"kind":94,"text":"entityAliasCount"},"endToken":{"kind":94,"text":"entityAliasCount"}},"identifier":"entityAliasCount"}},"name":{"!":"com.github.javaparser.ast.expr.NameExpr","range":{"beginLine":23,"beginColumn":15,"endLine":23,"endColumn":22},"tokenRange":{"beginToken":{"kind":94,"text":"suffixes"},"endToken":{"kind":94,"text":"suffixes"}},"name":{"!":"com.github.javaparser.ast.expr.SimpleName","range":{"beginLine":23,"beginColumn":15,"endLine":23,"endColumn":22},"tokenRange":{"beginToken":{"kind":94,"text":"suffixes"},"endToken":{"kind":94,"text":"suffixes"}},"identifier":"suffixes"}}},"thenExpr":{"!":"com.github.javaparser.ast.expr.NullLiteralExpr","range":{"beginLine":22,"beginColumn":15,"endLine":22,"endColumn":18},"tokenRange":{"beginToken":{"kind":43,"text":"null"},"endToken":{"kind":43,"text":"null"}}}},"name":{"!":"com.github.javaparser.ast.expr.SimpleName","range":{"beginLine":21,"beginColumn":18,"endLine":21,"endColumn":29},"tokenRange":{"beginToken":{"kind":94,"text":"entitySuffix"},"endToken":{"kind":94,"text":"entitySuffix"}},"identifier":"entitySuffix"},"type":{"!":"com.github.javaparser.ast.type.ClassOrInterfaceType","range":{"beginLine":21,"beginColumn":11,"endLine":21,"endColumn":16},"tokenRange":{"beginToken":{"kind":94,"text":"String"},"endToken":{"kind":94,"text":"String"}},"name":{"!":"com.github.javaparser.ast.expr.SimpleName","range":{"beginLine":21,"beginColumn":11,"endLine":21,"endColumn":16},"tokenRange":{"beginToken":{"kind":94,"text":"String"},"endToken":{"kind":94,"text":"String"}},"identifier":"String"},"annotations":[]}}]}},{"!":"com.github.javaparser.ast.stmt.ExpressionStmt","range":{"beginLine":24,"beginColumn":5,"endLine":26,"endColumn":55},"tokenRange":{"beginToken":{"kind":29,"text":"final"},"endToken":{"kind":103,"text":";"}},"expression":{"!":"com.github.javaparser.ast.expr.VariableDeclarationExpr","range":{"beginLine":24,"beginColumn":5,"endLine":26,"endColumn":54},"tokenRange":{"beginToken":{"kind":29,"text":"final"},"endToken":{"kind":102,"text":"]"}},"annotations":[],"modifiers":[{"!":"com.github.javaparser.ast.Modifier","range":{"beginLine":24,"beginColumn":5,"endLine":24,"endColumn":9},"tokenRange":{"beginToken":{"kind":29,"text":"final"},"endToken":{"kind":29,"text":"final"}},"keyword":"FINAL"}],"variables":[{"!":"com.github.javaparser.ast.body.VariableDeclarator","range":{"beginLine":24,"beginColumn":18,"endLine":26,"endColumn":54},"tokenRange":{"beginToken":{"kind":94,"text":"collectionSuffix"},"endToken":{"kind":102,"text":"]"}},"initializer":{"!":"com.github.javaparser.ast.expr.ConditionalExpr","range":{"beginLine":24,"beginColumn":37,"endLine":26,"endColumn":54},"tokenRange":{"beginToken":{"kind":97,"text":"("},"endToken":{"kind":102,"text":"]"}},"condition":{"!":"com.github.javaparser.ast.expr.EnclosedExpr","range":{"beginLine":24,"beginColumn":37,"endLine":24,"endColumn":119},"tokenRange":{"beginToken":{"kind":97,"text":"("},"endToken":{"kind":98,"text":")"}},"inner":{"!":"com.github.javaparser.ast.expr.BinaryExpr","range":{"beginLine":24,"beginColumn":39,"endLine":24,"endColumn":117},"tokenRange":{"beginToken":{"kind":94,"text":"collectionSuffixes"},"endToken":{"kind":94,"text":"length"}},"left":{"!":"com.github.javaparser.ast.expr.BinaryExpr","range":{"beginLine":24,"beginColumn":39,"endLine":24,"endColumn":64},"tokenRange":{"beginToken":{"kind":94,"text":"collectionSuffixes"},"endToken":{"kind":43,"text":"null"}},"left":{"!":"com.github.javaparser.ast.expr.NameExpr","range":{"beginLine":24,"beginColumn":39,"endLine":24,"endColumn":56},"tokenRange":{"beginToken":{"kind":94,"text":"collectionSuffixes"},"endToken":{"kind":94,"text":"collectionSuffixes"}},"name":{"!":"com.github.javaparser.ast.expr.SimpleName","range":{"beginLine":24,"beginColumn":39,"endLine":24,"endColumn":56},"tokenRange":{"beginToken":{"kind":94,"text":"collectionSuffixes"},"endToken":{"kind":94,"text":"collectionSuffixes"}},"identifier":"collectionSuffixes"}},"operator":"EQUALS","right":{"!":"com.github.javaparser.ast.expr.NullLiteralExpr","range":{"beginLine":24,"beginColumn":61,"endLine":24,"endColumn":64},"tokenRange":{"beginToken":{"kind":43,"text":"null"},"endToken":{"kind":43,"text":"null"}}}},"operator":"OR","right":{"!":"com.github.javaparser.ast.expr.BinaryExpr","range":{"beginLine":24,"beginColumn":69,"endLine":24,"endColumn":117},"tokenRange":{"beginToken":{"kind":94,"text":"collectionAliasCount"},"endToken":{"kind":94,"text":"length"}},"left":{"!":"com.github.javaparser.ast.expr.NameExpr","range":{"beginLine":24,"beginColumn":69,"endLine":24,"endColumn":88},"tokenRange":{"beginToken":{"kind":94,"text":"collectionAliasCount"},"endToken":{"kind":94,"text":"collectionAliasCount"}},"name":{"!":"com.github.javaparser.ast.expr.SimpleName","range":{"beginLine":24,"beginColumn":69,"endLine":24,"endColumn":88},"tokenRange":{"beginToken":{"kind":94,"text":"collectionAliasCount"},"endToken":{"kind":94,"text":"collectionAliasCount"}},"identifier":"collectionAliasCount"}},"operator":"GREATER_EQUALS","right":{"!":"com.github.javaparser.ast.expr.FieldAccessExpr","range":{"beginLine":24,"beginColumn":93,"endLine":24,"endColumn":117},"tokenRange":{"beginToken":{"kind":94,"text":"collectionSuffixes"},"endToken":{"kind":94,"text":"length"}},"name":{"!":"com.github.javaparser.ast.expr.SimpleName","range":{"beginLine":24,"beginColumn":112,"endLine":24,"endColumn":117},"tokenRange":{"beginToken":{"kind":94,"text":"length"},"endToken":{"kind":94,"text":"length"}},"identifier":"length"},"scope":{"!":"com.github.javaparser.ast.expr.NameExpr","range":{"beginLine":24,"beginColumn":93,"endLine":24,"endColumn":110},"tokenRange":{"beginToken":{"kind":94,"text":"collectionSuffixes"},"endToken":{"kind":94,"text":"collectionSuffixes"}},"name":{"!":"com.github.javaparser.ast.expr.SimpleName","range":{"beginLine":24,"beginColumn":93,"endLine":24,"endColumn":110},"tokenRange":{"beginToken":{"kind":94,"text":"collectionSuffixes"},"endToken":{"kind":94,"text":"collectionSuffixes"}},"identifier":"collectionSuffixes"}}}}}},"elseExpr":{"!":"com.github.javaparser.ast.expr.ArrayAccessExpr","range":{"beginLine":26,"beginColumn":15,"endLine":26,"endColumn":54},"tokenRange":{"beginToken":{"kind":94,"text":"collectionSuffixes"},"endToken":{"kind":102,"text":"]"}},"index":{"!":"com.github.javaparser.ast.expr.NameExpr","range":{"beginLine":26,"beginColumn":34,"endLine":26,"endColumn":53},"tokenRange":{"beginToken":{"kind":94,"text":"collectionAliasCount"},"endToken":{"kind":94,"text":"collectionAliasCount"}},"name":{"!":"com.github.javaparser.ast.expr.SimpleName","range":{"beginLine":26,"beginColumn":34,"endLine":26,"endColumn":53},"tokenRange":{"beginToken":{"kind":94,"text":"collectionAliasCount"},"endToken":{"kind":94,"text":"collectionAliasCount"}},"identifier":"collectionAliasCount"}},"name":{"!":"com.github.javaparser.ast.expr.NameExpr","range":{"beginLine":26,"beginColumn":15,"endLine":26,"endColumn":32},"tokenRange":{"beginToken":{"kind":94,"text":"collectionSuffixes"},"endToken":{"kind":94,"text":"collectionSuffixes"}},"name":{"!":"com.github.javaparser.ast.expr.SimpleName","range":{"beginLine":26,"beginColumn":15,"endLine":26,"endColumn":32},"tokenRange":{"beginToken":{"kind":94,"text":"collectionSuffixes"},"endToken":{"kind":94,"text":"collectionSuffixes"}},"identifier":"collectionSuffixes"}}},"thenExpr":{"!":"com.github.javaparser.ast.expr.NullLiteralExpr","range":{"beginLine":25,"beginColumn":15,"endLine":25,"endColumn":18},"tokenRange":{"beginToken":{"kind":43,"text":"null"},"endToken":{"kind":43,"text":"null"}}}},"name":{"!":"com.github.javaparser.ast.expr.SimpleName","range":{"beginLine":24,"beginColumn":18,"endLine":24,"endColumn":33},"tokenRange":{"beginToken":{"kind":94,"text":"collectionSuffix"},"endToken":{"kind":94,"text":"collectionSuffix"}},"identifier":"collectionSuffix"},"type":{"!":"com.github.javaparser.ast.type.ClassOrInterfaceType","range":{"beginLine":24,"beginColumn":11,"endLine":24,"endColumn":16},"tokenRange":{"beginToken":{"kind":94,"text":"String"},"endToken":{"kind":94,"text":"String"}},"name":{"!":"com.github.javaparser.ast.expr.SimpleName","range":{"beginLine":24,"beginColumn":11,"endLine":24,"endColumn":16},"tokenRange":{"beginToken":{"kind":94,"text":"String"},"endToken":{"kind":94,"text":"String"}},"identifier":"String"},"annotations":[]}}]}},{"!":"com.github.javaparser.ast.stmt.ExpressionStmt","range":{"beginLine":27,"beginColumn":5,"endLine":34,"endColumn":6},"tokenRange":{"beginToken":{"kind":29,"text":"final"},"endToken":{"kind":103,"text":";"}},"expression":{"!":"com.github.javaparser.ast.expr.VariableDeclarationExpr","range":{"beginLine":27,"beginColumn":5,"endLine":34,"endColumn":5},"tokenRange":{"beginToken":{"kind":29,"text":"final"},"endToken":{"kind":98,"text":")"}},"annotations":[],"modifiers":[{"!":"com.github.javaparser.ast.Modifier","range":{"beginLine":27,"beginColumn":5,"endLine":27,"endColumn":9},"tokenRange":{"beginToken":{"kind":29,"text":"final"},"endToken":{"kind":29,"text":"final"}},"keyword":"FINAL"}],"variables":[{"!":"com.github.javaparser.ast.body.VariableDeclarator","range":{"beginLine":27,"beginColumn":18,"endLine":34,"endColumn":5},"tokenRange":{"beginToken":{"kind":94,"text":"selectFragment"},"endToken":{"kind":98,"text":")"}},"initializer":{"!":"com.github.javaparser.ast.expr.MethodCallExpr","range":{"beginLine":27,"beginColumn":35,"endLine":34,"endColumn":5},"tokenRange":{"beginToken":{"kind":94,"text":"joinable"},"endToken":{"kind":98,"text":")"}},"arguments":[{"!":"com.github.javaparser.ast.expr.ConditionalExpr","range":{"beginLine":28,"beginColumn":7,"endLine":28,"endColumn":46},"tokenRange":{"beginToken":{"kind":94,"text":"next"},"endToken":{"kind":98,"text":")"}},"condition":{"!":"com.github.javaparser.ast.expr.BinaryExpr","range":{"beginLine":28,"beginColumn":7,"endLine":28,"endColumn":18},"tokenRange":{"beginToken":{"kind":94,"text":"next"},"endToken":{"kind":43,"text":"null"}},"left":{"!":"com.github.javaparser.ast.expr.NameExpr","range":{"beginLine":28,"beginColumn":7,"endLine":28,"endColumn":10},"tokenRange":{"beginToken":{"kind":94,"text":"next"},"endToken":{"kind":94,"text":"next"}},"name":{"!":"com.github.javaparser.ast.expr.SimpleName","range":{"beginLine":28,"beginColumn":7,"endLine":28,"endColumn":10},"tokenRange":{"beginToken":{"kind":94,"text":"next"},"endToken":{"kind":94,"text":"next"}},"identifier":"next"}},"operator":"EQUALS","right":{"!":"com.github.javaparser.ast.expr.NullLiteralExpr","range":{"beginLine":28,"beginColumn":15,"endLine":28,"endColumn":18},"tokenRange":{"beginToken":{"kind":43,"text":"null"},"endToken":{"kind":43,"text":"null"}}}},"elseExpr":{"!":"com.github.javaparser.ast.expr.MethodCallExpr","range":{"beginLine":28,"beginColumn":29,"endLine":28,"endColumn":46},"tokenRange":{"beginToken":{"kind":94,"text":"next"},"endToken":{"kind":98,"text":")"}},"arguments":[],"name":{"!":"com.github.javaparser.ast.expr.SimpleName","range":{"beginLine":28,"beginColumn":34,"endLine":28,"endColumn":44},"tokenRange":{"beginToken":{"kind":94,"text":"getJoinable"},"endToken":{"kind":94,"text":"getJoinable"}},"identifier":"getJoinable"},"scope":{"!":"com.github.javaparser.ast.expr.NameExpr","range":{"beginLine":28,"beginColumn":29,"endLine":28,"endColumn":32},"tokenRange":{"beginToken":{"kind":94,"text":"next"},"endToken":{"kind":94,"text":"next"}},"name":{"!":"com.github.javaparser.ast.expr.SimpleName","range":{"beginLine":28,"beginColumn":29,"endLine":28,"endColumn":32},"tokenRange":{"beginToken":{"kind":94,"text":"next"},"endToken":{"kind":94,"text":"next"}},"identifier":"next"}}},"thenExpr":{"!":"com.github.javaparser.ast.expr.NullLiteralExpr","range":{"beginLine":28,"beginColumn":22,"endLine":28,"endColumn":25},"tokenRange":{"beginToken":{"kind":43,"text":"null"},"endToken":{"kind":43,"text":"null"}}}},{"!":"com.github.javaparser.ast.expr.ConditionalExpr","range":{"beginLine":29,"beginColumn":7,"endLine":29,"endColumn":46},"tokenRange":{"beginToken":{"kind":94,"text":"next"},"endToken":{"kind":98,"text":")"}},"condition":{"!":"com.github.javaparser.ast.expr.BinaryExpr","range":{"beginLine":29,"beginColumn":7,"endLine":29,"endColumn":18},"tokenRange":{"beginToken":{"kind":94,"text":"next"},"endToken":{"kind":43,"text":"null"}},"left":{"!":"com.github.javaparser.ast.expr.NameExpr","range":{"beginLine":29,"beginColumn":7,"endLine":29,"endColumn":10},"tokenRange":{"beginToken":{"kind":94,"text":"next"},"endToken":{"kind":94,"text":"next"}},"name":{"!":"com.github.javaparser.ast.expr.SimpleName","range":{"beginLine":29,"beginColumn":7,"endLine":29,"endColumn":10},"tokenRange":{"beginToken":{"kind":94,"text":"next"},"endToken":{"kind":94,"text":"next"}},"identifier":"next"}},"operator":"EQUALS","right":{"!":"com.github.javaparser.ast.expr.NullLiteralExpr","range":{"beginLine":29,"beginColumn":15,"endLine":29,"endColumn":18},"tokenRange":{"beginToken":{"kind":43,"text":"null"},"endToken":{"kind":43,"text":"null"}}}},"elseExpr":{"!":"com.github.javaparser.ast.expr.MethodCallExpr","range":{"beginLine":29,"beginColumn":29,"endLine":29,"endColumn":46},"tokenRange":{"beginToken":{"kind":94,"text":"next"},"endToken":{"kind":98,"text":")"}},"arguments":[],"name":{"!":"com.github.javaparser.ast.expr.SimpleName","range":{"beginLine":29,"beginColumn":34,"endLine":29,"endColumn":44},"tokenRange":{"beginToken":{"kind":94,"text":"getRHSAlias"},"endToken":{"kind":94,"text":"getRHSAlias"}},"identifier":"getRHSAlias"},"scope":{"!":"com.github.javaparser.ast.expr.NameExpr","range":{"beginLine":29,"beginColumn":29,"endLine":29,"endColumn":32},"tokenRange":{"beginToken":{"kind":94,"text":"next"},"endToken":{"kind":94,"text":"next"}},"name":{"!":"com.github.javaparser.ast.expr.SimpleName","range":{"beginLine":29,"beginColumn":29,"endLine":29,"endColumn":32},"tokenRange":{"beginToken":{"kind":94,"text":"next"},"endToken":{"kind":94,"text":"next"}},"identifier":"next"}}},"thenExpr":{"!":"com.github.javaparser.ast.expr.NullLiteralExpr","range":{"beginLine":29,"beginColumn":22,"endLine":29,"endColumn":25},"tokenRange":{"beginToken":{"kind":43,"text":"null"},"endToken":{"kind":43,"text":"null"}}}},{"!":"com.github.javaparser.ast.expr.MethodCallExpr","range":{"beginLine":30,"beginColumn":7,"endLine":30,"endColumn":24},"tokenRange":{"beginToken":{"kind":94,"text":"join"},"endToken":{"kind":98,"text":")"}},"arguments":[],"name":{"!":"com.github.javaparser.ast.expr.SimpleName","range":{"beginLine":30,"beginColumn":12,"endLine":30,"endColumn":22},"tokenRange":{"beginToken":{"kind":94,"text":"getRHSAlias"},"endToken":{"kind":94,"text":"getRHSAlias"}},"identifier":"getRHSAlias"},"scope":{"!":"com.github.javaparser.ast.expr.NameExpr","range":{"beginLine":30,"beginColumn":7,"endLine":30,"endColumn":10},"tokenRange":{"beginToken":{"kind":94,"text":"join"},"endToken":{"kind":94,"text":"join"}},"name":{"!":"com.github.javaparser.ast.expr.SimpleName","range":{"beginLine":30,"beginColumn":7,"endLine":30,"endColumn":10},"tokenRange":{"beginToken":{"kind":94,"text":"join"},"endToken":{"kind":94,"text":"join"}},"identifier":"join"}}},{"!":"com.github.javaparser.ast.expr.NameExpr","range":{"beginLine":31,"beginColumn":7,"endLine":31,"endColumn":18},"tokenRange":{"beginToken":{"kind":94,"text":"entitySuffix"},"endToken":{"kind":94,"text":"entitySuffix"}},"name":{"!":"com.github.javaparser.ast.expr.SimpleName","range":{"beginLine":31,"beginColumn":7,"endLine":31,"endColumn":18},"tokenRange":{"beginToken":{"kind":94,"text":"entitySuffix"},"endToken":{"kind":94,"text":"entitySuffix"}},"identifier":"entitySuffix"}},{"!":"com.github.javaparser.ast.expr.NameExpr","range":{"beginLine":32,"beginColumn":13,"endLine":32,"endColumn":28},"tokenRange":{"beginToken":{"kind":94,"text":"collectionSuffix"},"endToken":{"kind":94,"text":"collectionSuffix"}},"name":{"!":"com.github.javaparser.ast.expr.SimpleName","range":{"beginLine":32,"beginColumn":13,"endLine":32,"endColumn":28},"tokenRange":{"beginToken":{"kind":94,"text":"collectionSuffix"},"endToken":{"kind":94,"text":"collectionSuffix"}},"identifier":"collectionSuffix"}},{"!":"com.github.javaparser.ast.expr.BinaryExpr","range":{"beginLine":33,"beginColumn":7,"endLine":33,"endColumn":50},"tokenRange":{"beginToken":{"kind":94,"text":"join"},"endToken":{"kind":94,"text":"LEFT_OUTER_JOIN"}},"left":{"!":"com.github.javaparser.ast.expr.MethodCallExpr","range":{"beginLine":33,"beginColumn":7,"endLine":33,"endColumn":24},"tokenRange":{"beginToken":{"kind":94,"text":"join"},"endToken":{"kind":98,"text":")"}},"arguments":[],"name":{"!":"com.github.javaparser.ast.expr.SimpleName","range":{"beginLine":33,"beginColumn":12,"endLine":33,"endColumn":22},"tokenRange":{"beginToken":{"kind":94,"text":"getJoinType"},"endToken":{"kind":94,"text":"getJoinType"}},"identifier":"getJoinType"},"scope":{"!":"com.github.javaparser.ast.expr.NameExpr","range":{"beginLine":33,"beginColumn":7,"endLine":33,"endColumn":10},"tokenRange":{"beginToken":{"kind":94,"text":"join"},"endToken":{"kind":94,"text":"join"}},"name":{"!":"com.github.javaparser.ast.expr.SimpleName","range":{"beginLine":33,"beginColumn":7,"endLine":33,"endColumn":10},"tokenRange":{"beginToken":{"kind":94,"text":"join"},"endToken":{"kind":94,"text":"join"}},"identifier":"join"}}},"operator":"EQUALS","right":{"!":"com.github.javaparser.ast.expr.FieldAccessExpr","range":{"beginLine":33,"beginColumn":27,"endLine":33,"endColumn":50},"tokenRange":{"beginToken":{"kind":94,"text":"JoinType"},"endToken":{"kind":94,"text":"LEFT_OUTER_JOIN"}},"name":{"!":"com.github.javaparser.ast.expr.SimpleName","range":{"beginLine":33,"beginColumn":36,"endLine":33,"endColumn":50},"tokenRange":{"beginToken":{"kind":94,"text":"LEFT_OUTER_JOIN"},"endToken":{"kind":94,"text":"LEFT_OUTER_JOIN"}},"identifier":"LEFT_OUTER_JOIN"},"scope":{"!":"com.github.javaparser.ast.expr.NameExpr","range":{"beginLine":33,"beginColumn":27,"endLine":33,"endColumn":34},"tokenRange":{"beginToken":{"kind":94,"text":"JoinType"},"endToken":{"kind":94,"text":"JoinType"}},"name":{"!":"com.github.javaparser.ast.expr.SimpleName","range":{"beginLine":33,"beginColumn":27,"endLine":33,"endColumn":34},"tokenRange":{"beginToken":{"kind":94,"text":"JoinType"},"endToken":{"kind":94,"text":"JoinType"}},"identifier":"JoinType"}}}}],"name":{"!":"com.github.javaparser.ast.expr.SimpleName","range":{"beginLine":27,"beginColumn":44,"endLine":27,"endColumn":57},"tokenRange":{"beginToken":{"kind":94,"text":"selectFragment"},"endToken":{"kind":94,"text":"selectFragment"}},"identifier":"selectFragment"},"scope":{"!":"com.github.javaparser.ast.expr.NameExpr","range":{"beginLine":27,"beginColumn":35,"endLine":27,"endColumn":42},"tokenRange":{"beginToken":{"kind":94,"text":"joinable"},"endToken":{"kind":94,"text":"joinable"}},"name":{"!":"com.github.javaparser.ast.expr.SimpleName","range":{"beginLine":27,"beginColumn":35,"endLine":27,"endColumn":42},"tokenRange":{"beginToken":{"kind":94,"text":"joinable"},"endToken":{"kind":94,"text":"joinable"}},"identifier":"joinable"}}},"name":{"!":"com.github.javaparser.ast.expr.SimpleName","range":{"beginLine":27,"beginColumn":18,"endLine":27,"endColumn":31},"tokenRange":{"beginToken":{"kind":94,"text":"selectFragment"},"endToken":{"kind":94,"text":"selectFragment"}},"identifier":"selectFragment"},"type":{"!":"com.github.javaparser.ast.type.ClassOrInterfaceType","range":{"beginLine":27,"beginColumn":11,"endLine":27,"endColumn":16},"tokenRange":{"beginToken":{"kind":94,"text":"String"},"endToken":{"kind":94,"text":"String"}},"name":{"!":"com.github.javaparser.ast.expr.SimpleName","range":{"beginLine":27,"beginColumn":11,"endLine":27,"endColumn":16},"tokenRange":{"beginToken":{"kind":94,"text":"String"},"endToken":{"kind":94,"text":"String"}},"identifier":"String"},"annotations":[]}}]}},{"!":"com.github.javaparser.ast.stmt.IfStmt","range":{"beginLine":35,"beginColumn":5,"endLine":37,"endColumn":5},"tokenRange":{"beginToken":{"kind":34,"text":"if"},"endToken":{"kind":100,"text":"}"}},"condition":{"!":"com.github.javaparser.ast.expr.BinaryExpr","range":{"beginLine":35,"beginColumn":9,"endLine":35,"endColumn":42},"tokenRange":{"beginToken":{"kind":94,"text":"selectFragment"},"endToken":{"kind":77,"text":"0"}},"left":{"!":"com.github.javaparser.ast.expr.MethodCallExpr","range":{"beginLine":35,"beginColumn":9,"endLine":35,"endColumn":38},"tokenRange":{"beginToken":{"kind":94,"text":"selectFragment"},"endToken":{"kind":98,"text":")"}},"arguments":[],"name":{"!":"com.github.javaparser.ast.expr.SimpleName","range":{"beginLine":35,"beginColumn":31,"endLine":35,"endColumn":36},"tokenRange":{"beginToken":{"kind":94,"text":"length"},"endToken":{"kind":94,"text":"length"}},"identifier":"length"},"scope":{"!":"com.github.javaparser.ast.expr.MethodCallExpr","range":{"beginLine":35,"beginColumn":9,"endLine":35,"endColumn":29},"tokenRange":{"beginToken":{"kind":94,"text":"selectFragment"},"endToken":{"kind":98,"text":")"}},"arguments":[],"name":{"!":"com.github.javaparser.ast.expr.SimpleName","range":{"beginLine":35,"beginColumn":24,"endLine":35,"endColumn":27},"tokenRange":{"beginToken":{"kind":94,"text":"trim"},"endToken":{"kind":94,"text":"trim"}},"identifier":"trim"},"scope":{"!":"com.github.javaparser.ast.expr.NameExpr","range":{"beginLine":35,"beginColumn":9,"endLine":35,"endColumn":22},"tokenRange":{"beginToken":{"kind":94,"text":"selectFragment"},"endToken":{"kind":94,"text":"selectFragment"}},"name":{"!":"com.github.javaparser.ast.expr.SimpleName","range":{"beginLine":35,"beginColumn":9,"endLine":35,"endColumn":22},"tokenRange":{"beginToken":{"kind":94,"text":"selectFragment"},"endToken":{"kind":94,"text":"selectFragment"}},"identifier":"selectFragment"}}}},"operator":"GREATER","right":{"!":"com.github.javaparser.ast.expr.IntegerLiteralExpr","range":{"beginLine":35,"beginColumn":42,"endLine":35,"endColumn":42},"tokenRange":{"beginToken":{"kind":77,"text":"0"},"endToken":{"kind":77,"text":"0"}},"value":"0"}},"thenStmt":{"!":"com.github.javaparser.ast.stmt.BlockStmt","range":{"beginLine":35,"beginColumn":45,"endLine":37,"endColumn":5},"tokenRange":{"beginToken":{"kind":99,"text":"{"},"endToken":{"kind":100,"text":"}"}},"statements":[{"!":"com.github.javaparser.ast.stmt.ExpressionStmt","range":{"beginLine":36,"beginColumn":6,"endLine":36,"endColumn":45},"tokenRange":{"beginToken":{"kind":94,"text":"buf"},"endToken":{"kind":103,"text":";"}},"expression":{"!":"com.github.javaparser.ast.expr.MethodCallExpr","range":{"beginLine":36,"beginColumn":6,"endLine":36,"endColumn":44},"tokenRange":{"beginToken":{"kind":94,"text":"buf"},"endToken":{"kind":98,"text":")"}},"arguments":[{"!":"com.github.javaparser.ast.expr.NameExpr","range":{"beginLine":36,"beginColumn":30,"endLine":36,"endColumn":43},"tokenRange":{"beginToken":{"kind":94,"text":"selectFragment"},"endToken":{"kind":94,"text":"selectFragment"}},"name":{"!":"com.github.javaparser.ast.expr.SimpleName","range":{"beginLine":36,"beginColumn":30,"endLine":36,"endColumn":43},"tokenRange":{"beginToken":{"kind":94,"text":"selectFragment"},"endToken":{"kind":94,"text":"selectFragment"}},"identifier":"selectFragment"}}],"name":{"!":"com.github.javaparser.ast.expr.SimpleName","range":{"beginLine":36,"beginColumn":23,"endLine":36,"endColumn":28},"tokenRange":{"beginToken":{"kind":94,"text":"append"},"endToken":{"kind":94,"text":"append"}},"identifier":"append"},"scope":{"!":"com.github.javaparser.ast.expr.MethodCallExpr","range":{"beginLine":36,"beginColumn":6,"endLine":36,"endColumn":21},"tokenRange":{"beginToken":{"kind":94,"text":"buf"},"endToken":{"kind":98,"text":")"}},"arguments":[{"!":"com.github.javaparser.ast.expr.StringLiteralExpr","range":{"beginLine":36,"beginColumn":17,"endLine":36,"endColumn":20},"tokenRange":{"beginToken":{"kind":90,"text":"\", \""},"endToken":{"kind":90,"text":"\", \""}},"value":", "}],"name":{"!":"com.github.javaparser.ast.expr.SimpleName","range":{"beginLine":36,"beginColumn":10,"endLine":36,"endColumn":15},"tokenRange":{"beginToken":{"kind":94,"text":"append"},"endToken":{"kind":94,"text":"append"}},"identifier":"append"},"scope":{"!":"com.github.javaparser.ast.expr.NameExpr","range":{"beginLine":36,"beginColumn":6,"endLine":36,"endColumn":8},"tokenRange":{"beginToken":{"kind":94,"text":"buf"},"endToken":{"kind":94,"text":"buf"}},"name":{"!":"com.github.javaparser.ast.expr.SimpleName","range":{"beginLine":36,"beginColumn":6,"endLine":36,"endColumn":8},"tokenRange":{"beginToken":{"kind":94,"text":"buf"},"endToken":{"kind":94,"text":"buf"}},"identifier":"buf"}}}}}]}},{"!":"com.github.javaparser.ast.stmt.IfStmt","range":{"beginLine":38,"beginColumn":5,"endLine":38,"endColumn":61},"tokenRange":{"beginToken":{"kind":34,"text":"if"},"endToken":{"kind":103,"text":";"}},"condition":{"!":"com.github.javaparser.ast.expr.MethodCallExpr","range":{"beginLine":38,"beginColumn":10,"endLine":38,"endColumn":39},"tokenRange":{"beginToken":{"kind":94,"text":"joinable"},"endToken":{"kind":98,"text":")"}},"arguments":[],"name":{"!":"com.github.javaparser.ast.expr.SimpleName","range":{"beginLine":38,"beginColumn":19,"endLine":38,"endColumn":37},"tokenRange":{"beginToken":{"kind":94,"text":"consumesEntityAlias"},"endToken":{"kind":94,"text":"consumesEntityAlias"}},"identifier":"consumesEntityAlias"},"scope":{"!":"com.github.javaparser.ast.expr.NameExpr","range":{"beginLine":38,"beginColumn":10,"endLine":38,"endColumn":17},"tokenRange":{"beginToken":{"kind":94,"text":"joinable"},"endToken":{"kind":94,"text":"joinable"}},"name":{"!":"com.github.javaparser.ast.expr.SimpleName","range":{"beginLine":38,"beginColumn":10,"endLine":38,"endColumn":17},"tokenRange":{"beginToken":{"kind":94,"text":"joinable"},"endToken":{"kind":94,"text":"joinable"}},"identifier":"joinable"}}},"thenStmt":{"!":"com.github.javaparser.ast.stmt.ExpressionStmt","range":{"beginLine":38,"beginColumn":43,"endLine":38,"endColumn":61},"tokenRange":{"beginToken":{"kind":94,"text":"entityAliasCount"},"endToken":{"kind":103,"text":";"}},"expression":{"!":"com.github.javaparser.ast.expr.UnaryExpr","range":{"beginLine":38,"beginColumn":43,"endLine":38,"endColumn":60},"tokenRange":{"beginToken":{"kind":94,"text":"entityAliasCount"},"endToken":{"kind":122,"text":"++"}},"expression":{"!":"com.github.javaparser.ast.expr.NameExpr","range":{"beginLine":38,"beginColumn":43,"endLine":38,"endColumn":58},"tokenRange":{"beginToken":{"kind":94,"text":"entityAliasCount"},"endToken":{"kind":94,"text":"entityAliasCount"}},"name":{"!":"com.github.javaparser.ast.expr.SimpleName","range":{"beginLine":38,"beginColumn":43,"endLine":38,"endColumn":58},"tokenRange":{"beginToken":{"kind":94,"text":"entityAliasCount"},"endToken":{"kind":94,"text":"entityAliasCount"}},"identifier":"entityAliasCount"}},"operator":"POSTFIX_INCREMENT"}}},{"!":"com.github.javaparser.ast.stmt.IfStmt","range":{"beginLine":39,"beginColumn":5,"endLine":39,"endColumn":117},"tokenRange":{"beginToken":{"kind":34,"text":"if"},"endToken":{"kind":103,"text":";"}},"condition":{"!":"com.github.javaparser.ast.expr.BinaryExpr","range":{"beginLine":39,"beginColumn":10,"endLine":39,"endColumn":91},"tokenRange":{"beginToken":{"kind":94,"text":"joinable"},"endToken":{"kind":94,"text":"LEFT_OUTER_JOIN"}},"left":{"!":"com.github.javaparser.ast.expr.MethodCallExpr","range":{"beginLine":39,"beginColumn":10,"endLine":39,"endColumn":43},"tokenRange":{"beginToken":{"kind":94,"text":"joinable"},"endToken":{"kind":98,"text":")"}},"arguments":[],"name":{"!":"com.github.javaparser.ast.expr.SimpleName","range":{"beginLine":39,"beginColumn":19,"endLine":39,"endColumn":41},"tokenRange":{"beginToken":{"kind":94,"text":"consumesCollectionAlias"},"endToken":{"kind":94,"text":"consumesCollectionAlias"}},"identifier":"consumesCollectionAlias"},"scope":{"!":"com.github.javaparser.ast.expr.NameExpr","range":{"beginLine":39,"beginColumn":10,"endLine":39,"endColumn":17},"tokenRange":{"beginToken":{"kind":94,"text":"joinable"},"endToken":{"kind":94,"text":"joinable"}},"name":{"!":"com.github.javaparser.ast.expr.SimpleName","range":{"beginLine":39,"beginColumn":10,"endLine":39,"endColumn":17},"tokenRange":{"beginToken":{"kind":94,"text":"joinable"},"endToken":{"kind":94,"text":"joinable"}},"identifier":"joinable"}}},"operator":"AND","right":{"!":"com.github.javaparser.ast.expr.BinaryExpr","range":{"beginLine":39,"beginColumn":48,"endLine":39,"endColumn":91},"tokenRange":{"beginToken":{"kind":94,"text":"join"},"endToken":{"kind":94,"text":"LEFT_OUTER_JOIN"}},"left":{"!":"com.github.javaparser.ast.expr.MethodCallExpr","range":{"beginLine":39,"beginColumn":48,"endLine":39,"endColumn":65},"tokenRange":{"beginToken":{"kind":94,"text":"join"},"endToken":{"kind":98,"text":")"}},"arguments":[],"name":{"!":"com.github.javaparser.ast.expr.SimpleName","range":{"beginLine":39,"beginColumn":53,"endLine":39,"endColumn":63},"tokenRange":{"beginToken":{"kind":94,"text":"getJoinType"},"endToken":{"kind":94,"text":"getJoinType"}},"identifier":"getJoinType"},"scope":{"!":"com.github.javaparser.ast.expr.NameExpr","range":{"beginLine":39,"beginColumn":48,"endLine":39,"endColumn":51},"tokenRange":{"beginToken":{"kind":94,"text":"join"},"endToken":{"kind":94,"text":"join"}},"name":{"!":"com.github.javaparser.ast.expr.SimpleName","range":{"beginLine":39,"beginColumn":48,"endLine":39,"endColumn":51},"tokenRange":{"beginToken":{"kind":94,"text":"join"},"endToken":{"kind":94,"text":"join"}},"identifier":"join"}}},"operator":"EQUALS","right":{"!":"com.github.javaparser.ast.expr.FieldAccessExpr","range":{"beginLine":39,"beginColumn":68,"endLine":39,"endColumn":91},"tokenRange":{"beginToken":{"kind":94,"text":"JoinType"},"endToken":{"kind":94,"text":"LEFT_OUTER_JOIN"}},"name":{"!":"com.github.javaparser.ast.expr.SimpleName","range":{"beginLine":39,"beginColumn":77,"endLine":39,"endColumn":91},"tokenRange":{"beginToken":{"kind":94,"text":"LEFT_OUTER_JOIN"},"endToken":{"kind":94,"text":"LEFT_OUTER_JOIN"}},"identifier":"LEFT_OUTER_JOIN"},"scope":{"!":"com.github.javaparser.ast.expr.NameExpr","range":{"beginLine":39,"beginColumn":68,"endLine":39,"endColumn":75},"tokenRange":{"beginToken":{"kind":94,"text":"JoinType"},"endToken":{"kind":94,"text":"JoinType"}},"name":{"!":"com.github.javaparser.ast.expr.SimpleName","range":{"beginLine":39,"beginColumn":68,"endLine":39,"endColumn":75},"tokenRange":{"beginToken":{"kind":94,"text":"JoinType"},"endToken":{"kind":94,"text":"JoinType"}},"identifier":"JoinType"}}}}},"thenStmt":{"!":"com.github.javaparser.ast.stmt.ExpressionStmt","range":{"beginLine":39,"beginColumn":95,"endLine":39,"endColumn":117},"tokenRange":{"beginToken":{"kind":94,"text":"collectionAliasCount"},"endToken":{"kind":103,"text":";"}},"expression":{"!":"com.github.javaparser.ast.expr.UnaryExpr","range":{"beginLine":39,"beginColumn":95,"endLine":39,"endColumn":116},"tokenRange":{"beginToken":{"kind":94,"text":"collectionAliasCount"},"endToken":{"kind":122,"text":"++"}},"expression":{"!":"com.github.javaparser.ast.expr.NameExpr","range":{"beginLine":39,"beginColumn":95,"endLine":39,"endColumn":114},"tokenRange":{"beginToken":{"kind":94,"text":"collectionAliasCount"},"endToken":{"kind":94,"text":"collectionAliasCount"}},"name":{"!":"com.github.javaparser.ast.expr.SimpleName","range":{"beginLine":39,"beginColumn":95,"endLine":39,"endColumn":114},"tokenRange":{"beginToken":{"kind":94,"text":"collectionAliasCount"},"endToken":{"kind":94,"text":"collectionAliasCount"}},"identifier":"collectionAliasCount"}},"operator":"POSTFIX_INCREMENT"}}}]},"compare":{"!":"com.github.javaparser.ast.expr.BinaryExpr","range":{"beginLine":15,"beginColumn":19,"endLine":15,"endColumn":39},"tokenRange":{"beginToken":{"kind":94,"text":"i"},"endToken":{"kind":98,"text":")"}},"left":{"!":"com.github.javaparser.ast.expr.NameExpr","range":{"beginLine":15,"beginColumn":19,"endLine":15,"endColumn":19},"tokenRange":{"beginToken":{"kind":94,"text":"i"},"endToken":{"kind":94,"text":"i"}},"name":{"!":"com.github.javaparser.ast.expr.SimpleName","range":{"beginLine":15,"beginColumn":19,"endLine":15,"endColumn":19},"tokenRange":{"beginToken":{"kind":94,"text":"i"},"endToken":{"kind":94,"text":"i"}},"identifier":"i"}},"operator":"LESS","right":{"!":"com.github.javaparser.ast.expr.MethodCallExpr","range":{"beginLine":15,"beginColumn":21,"endLine":15,"endColumn":39},"tokenRange":{"beginToken":{"kind":94,"text":"associations"},"endToken":{"kind":98,"text":")"}},"arguments":[],"name":{"!":"com.github.javaparser.ast.expr.SimpleName","range":{"beginLine":15,"beginColumn":34,"endLine":15,"endColumn":37},"tokenRange":{"beginToken":{"kind":94,"text":"size"},"endToken":{"kind":94,"text":"size"}},"identifier":"size"},"scope":{"!":"com.github.javaparser.ast.expr.NameExpr","range":{"beginLine":15,"beginColumn":21,"endLine":15,"endColumn":32},"tokenRange":{"beginToken":{"kind":94,"text":"associations"},"endToken":{"kind":94,"text":"associations"}},"name":{"!":"com.github.javaparser.ast.expr.SimpleName","range":{"beginLine":15,"beginColumn":21,"endLine":15,"endColumn":32},"tokenRange":{"beginToken":{"kind":94,"text":"associations"},"endToken":{"kind":94,"text":"associations"}},"identifier":"associations"}}}},"initialization":[{"!":"com.github.javaparser.ast.expr.VariableDeclarationExpr","range":{"beginLine":15,"beginColumn":10,"endLine":15,"endColumn":16},"tokenRange":{"beginToken":{"kind":38,"text":"int"},"endToken":{"kind":77,"text":"0"}},"annotations":[],"modifiers":[],"variables":[{"!":"com.github.javaparser.ast.body.VariableDeclarator","range":{"beginLine":15,"beginColumn":14,"endLine":15,"endColumn":16},"tokenRange":{"beginToken":{"kind":94,"text":"i"},"endToken":{"kind":77,"text":"0"}},"initializer":{"!":"com.github.javaparser.ast.expr.IntegerLiteralExpr","range":{"beginLine":15,"beginColumn":16,"endLine":15,"endColumn":16},"tokenRange":{"beginToken":{"kind":77,"text":"0"},"endToken":{"kind":77,"text":"0"}},"value":"0"},"name":{"!":"com.github.javaparser.ast.expr.SimpleName","range":{"beginLine":15,"beginColumn":14,"endLine":15,"endColumn":14},"tokenRange":{"beginToken":{"kind":94,"text":"i"},"endToken":{"kind":94,"text":"i"}},"identifier":"i"},"type":{"!":"com.github.javaparser.ast.type.PrimitiveType","range":{"beginLine":15,"beginColumn":10,"endLine":15,"endColumn":12},"tokenRange":{"beginToken":{"kind":38,"text":"int"},"endToken":{"kind":38,"text":"int"}},"type":"INT","annotations":[]}}]}],"update":[{"!":"com.github.javaparser.ast.expr.UnaryExpr","range":{"beginLine":15,"beginColumn":42,"endLine":15,"endColumn":44},"tokenRange":{"beginToken":{"kind":94,"text":"i"},"endToken":{"kind":122,"text":"++"}},"expression":{"!":"com.github.javaparser.ast.expr.NameExpr","range":{"beginLine":15,"beginColumn":42,"endLine":15,"endColumn":42},"tokenRange":{"beginToken":{"kind":94,"text":"i"},"endToken":{"kind":94,"text":"i"}},"name":{"!":"com.github.javaparser.ast.expr.SimpleName","range":{"beginLine":15,"beginColumn":42,"endLine":15,"endColumn":42},"tokenRange":{"beginToken":{"kind":94,"text":"i"},"endToken":{"kind":94,"text":"i"}},"identifier":"i"}},"operator":"POSTFIX_INCREMENT"}]},{"!":"com.github.javaparser.ast.stmt.ReturnStmt","range":{"beginLine":41,"beginColumn":4,"endLine":41,"endColumn":25},"tokenRange":{"beginToken":{"kind":49,"text":"return"},"endToken":{"kind":103,"text":";"}},"expression":{"!":"com.github.javaparser.ast.expr.MethodCallExpr","range":{"beginLine":41,"beginColumn":11,"endLine":41,"endColumn":24},"tokenRange":{"beginToken":{"kind":94,"text":"buf"},"endToken":{"kind":98,"text":")"}},"arguments":[],"name":{"!":"com.github.javaparser.ast.expr.SimpleName","range":{"beginLine":41,"beginColumn":15,"endLine":41,"endColumn":22},"tokenRange":{"beginToken":{"kind":94,"text":"toString"},"endToken":{"kind":94,"text":"toString"}},"identifier":"toString"},"scope":{"!":"com.github.javaparser.ast.expr.NameExpr","range":{"beginLine":41,"beginColumn":11,"endLine":41,"endColumn":13},"tokenRange":{"beginToken":{"kind":94,"text":"buf"},"endToken":{"kind":94,"text":"buf"}},"name":{"!":"com.github.javaparser.ast.expr.SimpleName","range":{"beginLine":41,"beginColumn":11,"endLine":41,"endColumn":13},"tokenRange":{"beginToken":{"kind":94,"text":"buf"},"endToken":{"kind":94,"text":"buf"}},"identifier":"buf"}}}}]},"thenStmt":{"!":"com.github.javaparser.ast.stmt.BlockStmt","range":{"beginLine":8,"beginColumn":33,"endLine":10,"endColumn":3},"tokenRange":{"beginToken":{"kind":99,"text":"{"},"endToken":{"kind":100,"text":"}"}},"statements":[{"!":"com.github.javaparser.ast.stmt.ReturnStmt","range":{"beginLine":9,"beginColumn":4,"endLine":9,"endColumn":13},"tokenRange":{"beginToken":{"kind":49,"text":"return"},"endToken":{"kind":103,"text":";"}},"expression":{"!":"com.github.javaparser.ast.expr.StringLiteralExpr","range":{"beginLine":9,"beginColumn":11,"endLine":9,"endColumn":12},"tokenRange":{"beginToken":{"kind":90,"text":"\"\""},"endToken":{"kind":90,"text":"\"\""}},"value":""}}]}}]},"type":{"!":"com.github.javaparser.ast.type.ClassOrInterfaceType","range":{"beginLine":5,"beginColumn":18,"endLine":5,"endColumn":23},"tokenRange":{"beginToken":{"kind":94,"text":"String"},"endToken":{"kind":94,"text":"String"}},"name":{"!":"com.github.javaparser.ast.expr.SimpleName","range":{"beginLine":5,"beginColumn":18,"endLine":5,"endColumn":23},"tokenRange":{"beginToken":{"kind":94,"text":"String"},"endToken":{"kind":94,"text":"String"}},"identifier":"String"},"annotations":[]},"modifiers":[{"!":"com.github.javaparser.ast.Modifier","range":{"beginLine":5,"beginColumn":2,"endLine":5,"endColumn":10},"tokenRange":{"beginToken":{"kind":46,"text":"protected"},"endToken":{"kind":46,"text":"protected"}},"keyword":"PROTECTED"},{"!":"com.github.javaparser.ast.Modifier","range":{"beginLine":5,"beginColumn":12,"endLine":5,"endColumn":16},"tokenRange":{"beginToken":{"kind":29,"text":"final"},"endToken":{"kind":29,"text":"final"}},"keyword":"FINAL"}],"name":{"!":"com.github.javaparser.ast.expr.SimpleName","range":{"beginLine":5,"beginColumn":25,"endLine":5,"endColumn":36},"tokenRange":{"beginToken":{"kind":94,"text":"selectString"},"endToken":{"kind":94,"text":"selectString"}},"identifier":"selectString"},"parameters":[{"!":"com.github.javaparser.ast.body.Parameter","range":{"beginLine":5,"beginColumn":38,"endLine":5,"endColumn":54},"tokenRange":{"beginToken":{"kind":94,"text":"List"},"endToken":{"kind":94,"text":"associations"}},"annotations":[],"isVarArgs":"false","modifiers":[],"name":{"!":"com.github.javaparser.ast.expr.SimpleName","range":{"beginLine":5,"beginColumn":43,"endLine":5,"endColumn":54},"tokenRange":{"beginToken":{"kind":94,"text":"associations"},"endToken":{"kind":94,"text":"associations"}},"identifier":"associations"},"type":{"!":"com.github.javaparser.ast.type.ClassOrInterfaceType","range":{"beginLine":5,"beginColumn":38,"endLine":5,"endColumn":41},"tokenRange":{"beginToken":{"kind":94,"text":"List"},"endToken":{"kind":94,"text":"List"}},"name":{"!":"com.github.javaparser.ast.expr.SimpleName","range":{"beginLine":5,"beginColumn":38,"endLine":5,"endColumn":41},"tokenRange":{"beginToken":{"kind":94,"text":"List"},"endToken":{"kind":94,"text":"List"}},"identifier":"List"},"annotations":[]},"varArgsAnnotations":[]}],"thrownExceptions":[{"!":"com.github.javaparser.ast.type.ClassOrInterfaceType","range":{"beginLine":6,"beginColumn":9,"endLine":6,"endColumn":24},"tokenRange":{"beginToken":{"kind":94,"text":"MappingException"},"endToken":{"kind":94,"text":"MappingException"}},"name":{"!":"com.github.javaparser.ast.expr.SimpleName","range":{"beginLine":6,"beginColumn":9,"endLine":6,"endColumn":24},"tokenRange":{"beginToken":{"kind":94,"text":"MappingException"},"endToken":{"kind":94,"text":"MappingException"}},"identifier":"MappingException"},"annotations":[]}],"typeParameters":[],"annotations":[],"comment":{"!":"com.github.javaparser.ast.comments.JavadocComment","range":{"beginLine":2,"beginColumn":2,"endLine":4,"endColumn":4},"tokenRange":{"beginToken":{"kind":8,"text":"/**\n\t * Generate a select list of columns containing all properties of the entity classes\n\t */"},"endToken":{"kind":8,"text":"/**\n\t * Generate a select list of columns containing all properties of the entity classes\n\t */"}},"content":"\n\t * Generate a select list of columns containing all properties of the entity classes\n\t "}}],"modifiers":[],"name":{"!":"com.github.javaparser.ast.expr.SimpleName","range":{"beginLine":1,"beginColumn":7,"endLine":1,"endColumn":10},"tokenRange":{"beginToken":{"kind":94,"text":"Test"},"endToken":{"kind":94,"text":"Test"}},"identifier":"Test"},"annotations":[]}]}