{"!":"com.github.javaparser.ast.CompilationUnit","range":{"beginLine":1,"beginColumn":1,"endLine":28,"endColumn":2},"tokenRange":{"beginToken":{"kind":19,"text":"class"},"endToken":{"kind":0,"text":""}},"imports":[],"types":[{"!":"com.github.javaparser.ast.body.ClassOrInterfaceDeclaration","range":{"beginLine":1,"beginColumn":1,"endLine":28,"endColumn":2},"tokenRange":{"beginToken":{"kind":19,"text":"class"},"endToken":{"kind":100,"text":"}"}},"extendedTypes":[],"implementedTypes":[],"isInterface":"false","typeParameters":[],"members":[{"!":"com.github.javaparser.ast.body.MethodDeclaration","range":{"beginLine":13,"beginColumn":2,"endLine":26,"endColumn":2},"tokenRange":{"beginToken":{"kind":47,"text":"public"},"endToken":{"kind":100,"text":"}"}},"body":{"!":"com.github.javaparser.ast.stmt.BlockStmt","range":{"beginLine":17,"beginColumn":40,"endLine":26,"endColumn":2},"tokenRange":{"beginToken":{"kind":99,"text":"{"},"endToken":{"kind":100,"text":"}"}},"statements":[{"!":"com.github.javaparser.ast.stmt.ExpressionStmt","range":{"beginLine":18,"beginColumn":3,"endLine":18,"endColumn":105},"tokenRange":{"beginToken":{"kind":94,"text":"MetadataContext"},"endToken":{"kind":103,"text":";"}},"expression":{"!":"com.github.javaparser.ast.expr.VariableDeclarationExpr","range":{"beginLine":18,"beginColumn":3,"endLine":18,"endColumn":104},"tokenRange":{"beginToken":{"kind":94,"text":"MetadataContext"},"endToken":{"kind":98,"text":")"}},"annotations":[],"modifiers":[],"variables":[{"!":"com.github.javaparser.ast.body.VariableDeclarator","range":{"beginLine":18,"beginColumn":19,"endLine":18,"endColumn":104},"tokenRange":{"beginToken":{"kind":94,"text":"context"},"endToken":{"kind":98,"text":")"}},"initializer":{"!":"com.github.javaparser.ast.expr.ObjectCreationExpr","range":{"beginLine":18,"beginColumn":29,"endLine":18,"endColumn":104},"tokenRange":{"beginToken":{"kind":42,"text":"new"},"endToken":{"kind":98,"text":")"}},"arguments":[{"!":"com.github.javaparser.ast.expr.NameExpr","range":{"beginLine":18,"beginColumn":50,"endLine":18,"endColumn":63},"tokenRange":{"beginToken":{"kind":94,"text":"sessionFactory"},"endToken":{"kind":94,"text":"sessionFactory"}},"name":{"!":"com.github.javaparser.ast.expr.SimpleName","range":{"beginLine":18,"beginColumn":50,"endLine":18,"endColumn":63},"tokenRange":{"beginToken":{"kind":94,"text":"sessionFactory"},"endToken":{"kind":94,"text":"sessionFactory"}},"identifier":"sessionFactory"}},{"!":"com.github.javaparser.ast.expr.NameExpr","range":{"beginLine":18,"beginColumn":66,"endLine":18,"endColumn":83},"tokenRange":{"beginToken":{"kind":94,"text":"mappedSuperclasses"},"endToken":{"kind":94,"text":"mappedSuperclasses"}},"name":{"!":"com.github.javaparser.ast.expr.SimpleName","range":{"beginLine":18,"beginColumn":66,"endLine":18,"endColumn":83},"tokenRange":{"beginToken":{"kind":94,"text":"mappedSuperclasses"},"endToken":{"kind":94,"text":"mappedSuperclasses"}},"identifier":"mappedSuperclasses"}},{"!":"com.github.javaparser.ast.expr.NameExpr","range":{"beginLine":18,"beginColumn":86,"endLine":18,"endColumn":102},"tokenRange":{"beginToken":{"kind":94,"text":"ignoreUnsupported"},"endToken":{"kind":94,"text":"ignoreUnsupported"}},"name":{"!":"com.github.javaparser.ast.expr.SimpleName","range":{"beginLine":18,"beginColumn":86,"endLine":18,"endColumn":102},"tokenRange":{"beginToken":{"kind":94,"text":"ignoreUnsupported"},"endToken":{"kind":94,"text":"ignoreUnsupported"}},"identifier":"ignoreUnsupported"}}],"type":{"!":"com.github.javaparser.ast.type.ClassOrInterfaceType","range":{"beginLine":18,"beginColumn":33,"endLine":18,"endColumn":47},"tokenRange":{"beginToken":{"kind":94,"text":"MetadataContext"},"endToken":{"kind":94,"text":"MetadataContext"}},"name":{"!":"com.github.javaparser.ast.expr.SimpleName","range":{"beginLine":18,"beginColumn":33,"endLine":18,"endColumn":47},"tokenRange":{"beginToken":{"kind":94,"text":"MetadataContext"},"endToken":{"kind":94,"text":"MetadataContext"}},"identifier":"MetadataContext"},"annotations":[]}},"name":{"!":"com.github.javaparser.ast.expr.SimpleName","range":{"beginLine":18,"beginColumn":19,"endLine":18,"endColumn":25},"tokenRange":{"beginToken":{"kind":94,"text":"context"},"endToken":{"kind":94,"text":"context"}},"identifier":"context"},"type":{"!":"com.github.javaparser.ast.type.ClassOrInterfaceType","range":{"beginLine":18,"beginColumn":3,"endLine":18,"endColumn":17},"tokenRange":{"beginToken":{"kind":94,"text":"MetadataContext"},"endToken":{"kind":94,"text":"MetadataContext"}},"name":{"!":"com.github.javaparser.ast.expr.SimpleName","range":{"beginLine":18,"beginColumn":3,"endLine":18,"endColumn":17},"tokenRange":{"beginToken":{"kind":94,"text":"MetadataContext"},"endToken":{"kind":94,"text":"MetadataContext"}},"identifier":"MetadataContext"},"annotations":[]}}]}},{"!":"com.github.javaparser.ast.stmt.WhileStmt","range":{"beginLine":19,"beginColumn":3,"endLine":22,"endColumn":3},"tokenRange":{"beginToken":{"kind":64,"text":"while"},"endToken":{"kind":100,"text":"}"}},"body":{"!":"com.github.javaparser.ast.stmt.BlockStmt","range":{"beginLine":19,"beginColumn":41,"endLine":22,"endColumn":3},"tokenRange":{"beginToken":{"kind":99,"text":"{"},"endToken":{"kind":100,"text":"}"}},"statements":[{"!":"com.github.javaparser.ast.stmt.ExpressionStmt","range":{"beginLine":20,"beginColumn":4,"endLine":20,"endColumn":49},"tokenRange":{"beginToken":{"kind":94,"text":"PersistentClass"},"endToken":{"kind":103,"text":";"}},"expression":{"!":"com.github.javaparser.ast.expr.VariableDeclarationExpr","range":{"beginLine":20,"beginColumn":4,"endLine":20,"endColumn":48},"tokenRange":{"beginToken":{"kind":94,"text":"PersistentClass"},"endToken":{"kind":98,"text":")"}},"annotations":[],"modifiers":[],"variables":[{"!":"com.github.javaparser.ast.body.VariableDeclarator","range":{"beginLine":20,"beginColumn":20,"endLine":20,"endColumn":48},"tokenRange":{"beginToken":{"kind":94,"text":"pc"},"endToken":{"kind":98,"text":")"}},"initializer":{"!":"com.github.javaparser.ast.expr.MethodCallExpr","range":{"beginLine":20,"beginColumn":25,"endLine":20,"endColumn":48},"tokenRange":{"beginToken":{"kind":94,"text":"persistentClasses"},"endToken":{"kind":98,"text":")"}},"arguments":[],"name":{"!":"com.github.javaparser.ast.expr.SimpleName","range":{"beginLine":20,"beginColumn":43,"endLine":20,"endColumn":46},"tokenRange":{"beginToken":{"kind":94,"text":"next"},"endToken":{"kind":94,"text":"next"}},"identifier":"next"},"scope":{"!":"com.github.javaparser.ast.expr.NameExpr","range":{"beginLine":20,"beginColumn":25,"endLine":20,"endColumn":41},"tokenRange":{"beginToken":{"kind":94,"text":"persistentClasses"},"endToken":{"kind":94,"text":"persistentClasses"}},"name":{"!":"com.github.javaparser.ast.expr.SimpleName","range":{"beginLine":20,"beginColumn":25,"endLine":20,"endColumn":41},"tokenRange":{"beginToken":{"kind":94,"text":"persistentClasses"},"endToken":{"kind":94,"text":"persistentClasses"}},"identifier":"persistentClasses"}}},"name":{"!":"com.github.javaparser.ast.expr.SimpleName","range":{"beginLine":20,"beginColumn":20,"endLine":20,"endColumn":21},"tokenRange":{"beginToken":{"kind":94,"text":"pc"},"endToken":{"kind":94,"text":"pc"}},"identifier":"pc"},"type":{"!":"com.github.javaparser.ast.type.ClassOrInterfaceType","range":{"beginLine":20,"beginColumn":4,"endLine":20,"endColumn":18},"tokenRange":{"beginToken":{"kind":94,"text":"PersistentClass"},"endToken":{"kind":94,"text":"PersistentClass"}},"name":{"!":"com.github.javaparser.ast.expr.SimpleName","range":{"beginLine":20,"beginColumn":4,"endLine":20,"endColumn":18},"tokenRange":{"beginToken":{"kind":94,"text":"PersistentClass"},"endToken":{"kind":94,"text":"PersistentClass"}},"identifier":"PersistentClass"},"annotations":[]}}]}},{"!":"com.github.javaparser.ast.stmt.ExpressionStmt","range":{"beginLine":21,"beginColumn":4,"endLine":21,"endColumn":42},"tokenRange":{"beginToken":{"kind":94,"text":"locateOrBuildEntityType"},"endToken":{"kind":103,"text":";"}},"expression":{"!":"com.github.javaparser.ast.expr.MethodCallExpr","range":{"beginLine":21,"beginColumn":4,"endLine":21,"endColumn":41},"tokenRange":{"beginToken":{"kind":94,"text":"locateOrBuildEntityType"},"endToken":{"kind":98,"text":")"}},"arguments":[{"!":"com.github.javaparser.ast.expr.NameExpr","range":{"beginLine":21,"beginColumn":29,"endLine":21,"endColumn":30},"tokenRange":{"beginToken":{"kind":94,"text":"pc"},"endToken":{"kind":94,"text":"pc"}},"name":{"!":"com.github.javaparser.ast.expr.SimpleName","range":{"beginLine":21,"beginColumn":29,"endLine":21,"endColumn":30},"tokenRange":{"beginToken":{"kind":94,"text":"pc"},"endToken":{"kind":94,"text":"pc"}},"identifier":"pc"}},{"!":"com.github.javaparser.ast.expr.NameExpr","range":{"beginLine":21,"beginColumn":33,"endLine":21,"endColumn":39},"tokenRange":{"beginToken":{"kind":94,"text":"context"},"endToken":{"kind":94,"text":"context"}},"name":{"!":"com.github.javaparser.ast.expr.SimpleName","range":{"beginLine":21,"beginColumn":33,"endLine":21,"endColumn":39},"tokenRange":{"beginToken":{"kind":94,"text":"context"},"endToken":{"kind":94,"text":"context"}},"identifier":"context"}}],"name":{"!":"com.github.javaparser.ast.expr.SimpleName","range":{"beginLine":21,"beginColumn":4,"endLine":21,"endColumn":26},"tokenRange":{"beginToken":{"kind":94,"text":"locateOrBuildEntityType"},"endToken":{"kind":94,"text":"locateOrBuildEntityType"}},"identifier":"locateOrBuildEntityType"}}}]},"condition":{"!":"com.github.javaparser.ast.expr.MethodCallExpr","range":{"beginLine":19,"beginColumn":11,"endLine":19,"endColumn":37},"tokenRange":{"beginToken":{"kind":94,"text":"persistentClasses"},"endToken":{"kind":98,"text":")"}},"arguments":[],"name":{"!":"com.github.javaparser.ast.expr.SimpleName","range":{"beginLine":19,"beginColumn":29,"endLine":19,"endColumn":35},"tokenRange":{"beginToken":{"kind":94,"text":"hasNext"},"endToken":{"kind":94,"text":"hasNext"}},"identifier":"hasNext"},"scope":{"!":"com.github.javaparser.ast.expr.NameExpr","range":{"beginLine":19,"beginColumn":11,"endLine":19,"endColumn":27},"tokenRange":{"beginToken":{"kind":94,"text":"persistentClasses"},"endToken":{"kind":94,"text":"persistentClasses"}},"name":{"!":"com.github.javaparser.ast.expr.SimpleName","range":{"beginLine":19,"beginColumn":11,"endLine":19,"endColumn":27},"tokenRange":{"beginToken":{"kind":94,"text":"persistentClasses"},"endToken":{"kind":94,"text":"persistentClasses"}},"identifier":"persistentClasses"}}}},{"!":"com.github.javaparser.ast.stmt.ExpressionStmt","range":{"beginLine":23,"beginColumn":3,"endLine":23,"endColumn":44},"tokenRange":{"beginToken":{"kind":94,"text":"handleUnusedMappedSuperclasses"},"endToken":{"kind":103,"text":";"}},"expression":{"!":"com.github.javaparser.ast.expr.MethodCallExpr","range":{"beginLine":23,"beginColumn":3,"endLine":23,"endColumn":43},"tokenRange":{"beginToken":{"kind":94,"text":"handleUnusedMappedSuperclasses"},"endToken":{"kind":98,"text":")"}},"arguments":[{"!":"com.github.javaparser.ast.expr.NameExpr","range":{"beginLine":23,"beginColumn":35,"endLine":23,"endColumn":41},"tokenRange":{"beginToken":{"kind":94,"text":"context"},"endToken":{"kind":94,"text":"context"}},"name":{"!":"com.github.javaparser.ast.expr.SimpleName","range":{"beginLine":23,"beginColumn":35,"endLine":23,"endColumn":41},"tokenRange":{"beginToken":{"kind":94,"text":"context"},"endToken":{"kind":94,"text":"context"}},"identifier":"context"}}],"name":{"!":"com.github.javaparser.ast.expr.SimpleName","range":{"beginLine":23,"beginColumn":3,"endLine":23,"endColumn":32},"tokenRange":{"beginToken":{"kind":94,"text":"handleUnusedMappedSuperclasses"},"endToken":{"kind":94,"text":"handleUnusedMappedSuperclasses"}},"identifier":"handleUnusedMappedSuperclasses"}}},{"!":"com.github.javaparser.ast.stmt.ExpressionStmt","range":{"beginLine":24,"beginColumn":3,"endLine":24,"endColumn":19},"tokenRange":{"beginToken":{"kind":94,"text":"context"},"endToken":{"kind":103,"text":";"}},"expression":{"!":"com.github.javaparser.ast.expr.MethodCallExpr","range":{"beginLine":24,"beginColumn":3,"endLine":24,"endColumn":18},"tokenRange":{"beginToken":{"kind":94,"text":"context"},"endToken":{"kind":98,"text":")"}},"arguments":[],"name":{"!":"com.github.javaparser.ast.expr.SimpleName","range":{"beginLine":24,"beginColumn":11,"endLine":24,"endColumn":16},"tokenRange":{"beginToken":{"kind":94,"text":"wrapUp"},"endToken":{"kind":94,"text":"wrapUp"}},"identifier":"wrapUp"},"scope":{"!":"com.github.javaparser.ast.expr.NameExpr","range":{"beginLine":24,"beginColumn":3,"endLine":24,"endColumn":9},"tokenRange":{"beginToken":{"kind":94,"text":"context"},"endToken":{"kind":94,"text":"context"}},"name":{"!":"com.github.javaparser.ast.expr.SimpleName","range":{"beginLine":24,"beginColumn":3,"endLine":24,"endColumn":9},"tokenRange":{"beginToken":{"kind":94,"text":"context"},"endToken":{"kind":94,"text":"context"}},"identifier":"context"}}}},{"!":"com.github.javaparser.ast.stmt.ReturnStmt","range":{"beginLine":25,"beginColumn":3,"endLine":25,"endColumn":165},"tokenRange":{"beginToken":{"kind":49,"text":"return"},"endToken":{"kind":103,"text":";"}},"expression":{"!":"com.github.javaparser.ast.expr.ObjectCreationExpr","range":{"beginLine":25,"beginColumn":10,"endLine":25,"endColumn":164},"tokenRange":{"beginToken":{"kind":42,"text":"new"},"endToken":{"kind":98,"text":")"}},"arguments":[{"!":"com.github.javaparser.ast.expr.MethodCallExpr","range":{"beginLine":25,"beginColumn":29,"endLine":25,"endColumn":54},"tokenRange":{"beginToken":{"kind":94,"text":"context"},"endToken":{"kind":98,"text":")"}},"arguments":[],"name":{"!":"com.github.javaparser.ast.expr.SimpleName","range":{"beginLine":25,"beginColumn":37,"endLine":25,"endColumn":52},"tokenRange":{"beginToken":{"kind":94,"text":"getEntityTypeMap"},"endToken":{"kind":94,"text":"getEntityTypeMap"}},"identifier":"getEntityTypeMap"},"scope":{"!":"com.github.javaparser.ast.expr.NameExpr","range":{"beginLine":25,"beginColumn":29,"endLine":25,"endColumn":35},"tokenRange":{"beginToken":{"kind":94,"text":"context"},"endToken":{"kind":94,"text":"context"}},"name":{"!":"com.github.javaparser.ast.expr.SimpleName","range":{"beginLine":25,"beginColumn":29,"endLine":25,"endColumn":35},"tokenRange":{"beginToken":{"kind":94,"text":"context"},"endToken":{"kind":94,"text":"context"}},"identifier":"context"}}},{"!":"com.github.javaparser.ast.expr.MethodCallExpr","range":{"beginLine":25,"beginColumn":57,"endLine":25,"endColumn":86},"tokenRange":{"beginToken":{"kind":94,"text":"context"},"endToken":{"kind":98,"text":")"}},"arguments":[],"name":{"!":"com.github.javaparser.ast.expr.SimpleName","range":{"beginLine":25,"beginColumn":65,"endLine":25,"endColumn":84},"tokenRange":{"beginToken":{"kind":94,"text":"getEmbeddableTypeMap"},"endToken":{"kind":94,"text":"getEmbeddableTypeMap"}},"identifier":"getEmbeddableTypeMap"},"scope":{"!":"com.github.javaparser.ast.expr.NameExpr","range":{"beginLine":25,"beginColumn":57,"endLine":25,"endColumn":63},"tokenRange":{"beginToken":{"kind":94,"text":"context"},"endToken":{"kind":94,"text":"context"}},"name":{"!":"com.github.javaparser.ast.expr.SimpleName","range":{"beginLine":25,"beginColumn":57,"endLine":25,"endColumn":63},"tokenRange":{"beginToken":{"kind":94,"text":"context"},"endToken":{"kind":94,"text":"context"}},"identifier":"context"}}},{"!":"com.github.javaparser.ast.expr.MethodCallExpr","range":{"beginLine":25,"beginColumn":89,"endLine":25,"endColumn":124},"tokenRange":{"beginToken":{"kind":94,"text":"context"},"endToken":{"kind":98,"text":")"}},"arguments":[],"name":{"!":"com.github.javaparser.ast.expr.SimpleName","range":{"beginLine":25,"beginColumn":97,"endLine":25,"endColumn":122},"tokenRange":{"beginToken":{"kind":94,"text":"getMappedSuperclassTypeMap"},"endToken":{"kind":94,"text":"getMappedSuperclassTypeMap"}},"identifier":"getMappedSuperclassTypeMap"},"scope":{"!":"com.github.javaparser.ast.expr.NameExpr","range":{"beginLine":25,"beginColumn":89,"endLine":25,"endColumn":95},"tokenRange":{"beginToken":{"kind":94,"text":"context"},"endToken":{"kind":94,"text":"context"}},"name":{"!":"com.github.javaparser.ast.expr.SimpleName","range":{"beginLine":25,"beginColumn":89,"endLine":25,"endColumn":95},"tokenRange":{"beginToken":{"kind":94,"text":"context"},"endToken":{"kind":94,"text":"context"}},"identifier":"context"}}},{"!":"com.github.javaparser.ast.expr.MethodCallExpr","range":{"beginLine":25,"beginColumn":127,"endLine":25,"endColumn":162},"tokenRange":{"beginToken":{"kind":94,"text":"context"},"endToken":{"kind":98,"text":")"}},"arguments":[],"name":{"!":"com.github.javaparser.ast.expr.SimpleName","range":{"beginLine":25,"beginColumn":135,"endLine":25,"endColumn":160},"tokenRange":{"beginToken":{"kind":94,"text":"getEntityTypesByEntityName"},"endToken":{"kind":94,"text":"getEntityTypesByEntityName"}},"identifier":"getEntityTypesByEntityName"},"scope":{"!":"com.github.javaparser.ast.expr.NameExpr","range":{"beginLine":25,"beginColumn":127,"endLine":25,"endColumn":133},"tokenRange":{"beginToken":{"kind":94,"text":"context"},"endToken":{"kind":94,"text":"context"}},"name":{"!":"com.github.javaparser.ast.expr.SimpleName","range":{"beginLine":25,"beginColumn":127,"endLine":25,"endColumn":133},"tokenRange":{"beginToken":{"kind":94,"text":"context"},"endToken":{"kind":94,"text":"context"}},"identifier":"context"}}}],"type":{"!":"com.github.javaparser.ast.type.ClassOrInterfaceType","range":{"beginLine":25,"beginColumn":14,"endLine":25,"endColumn":26},"tokenRange":{"beginToken":{"kind":94,"text":"MetamodelImpl"},"endToken":{"kind":94,"text":"MetamodelImpl"}},"name":{"!":"com.github.javaparser.ast.expr.SimpleName","range":{"beginLine":25,"beginColumn":14,"endLine":25,"endColumn":26},"tokenRange":{"beginToken":{"kind":94,"text":"MetamodelImpl"},"endToken":{"kind":94,"text":"MetamodelImpl"}},"identifier":"MetamodelImpl"},"annotations":[]}}}]},"type":{"!":"com.github.javaparser.ast.type.ClassOrInterfaceType","range":{"beginLine":13,"beginColumn":16,"endLine":13,"endColumn":28},"tokenRange":{"beginToken":{"kind":94,"text":"MetamodelImpl"},"endToken":{"kind":94,"text":"MetamodelImpl"}},"name":{"!":"com.github.javaparser.ast.expr.SimpleName","range":{"beginLine":13,"beginColumn":16,"endLine":13,"endColumn":28},"tokenRange":{"beginToken":{"kind":94,"text":"MetamodelImpl"},"endToken":{"kind":94,"text":"MetamodelImpl"}},"identifier":"MetamodelImpl"},"annotations":[]},"modifiers":[{"!":"com.github.javaparser.ast.Modifier","range":{"beginLine":13,"beginColumn":2,"endLine":13,"endColumn":7},"tokenRange":{"beginToken":{"kind":47,"text":"public"},"endToken":{"kind":47,"text":"public"}},"keyword":"PUBLIC"},{"!":"com.github.javaparser.ast.Modifier","range":{"beginLine":13,"beginColumn":9,"endLine":13,"endColumn":14},"tokenRange":{"beginToken":{"kind":51,"text":"static"},"endToken":{"kind":51,"text":"static"}},"keyword":"STATIC"}],"name":{"!":"com.github.javaparser.ast.expr.SimpleName","range":{"beginLine":13,"beginColumn":30,"endLine":13,"endColumn":43},"tokenRange":{"beginToken":{"kind":94,"text":"buildMetamodel"},"endToken":{"kind":94,"text":"buildMetamodel"}},"identifier":"buildMetamodel"},"parameters":[{"!":"com.github.javaparser.ast.body.Parameter","range":{"beginLine":14,"beginColumn":4,"endLine":14,"endColumn":46},"tokenRange":{"beginToken":{"kind":94,"text":"Iterator"},"endToken":{"kind":94,"text":"persistentClasses"}},"annotations":[],"isVarArgs":"false","modifiers":[],"name":{"!":"com.github.javaparser.ast.expr.SimpleName","range":{"beginLine":14,"beginColumn":30,"endLine":14,"endColumn":46},"tokenRange":{"beginToken":{"kind":94,"text":"persistentClasses"},"endToken":{"kind":94,"text":"persistentClasses"}},"identifier":"persistentClasses"},"type":{"!":"com.github.javaparser.ast.type.ClassOrInterfaceType","range":{"beginLine":14,"beginColumn":4,"endLine":14,"endColumn":28},"tokenRange":{"beginToken":{"kind":94,"text":"Iterator"},"endToken":{"kind":146,"text":">"}},"name":{"!":"com.github.javaparser.ast.expr.SimpleName","range":{"beginLine":14,"beginColumn":4,"endLine":14,"endColumn":11},"tokenRange":{"beginToken":{"kind":94,"text":"Iterator"},"endToken":{"kind":94,"text":"Iterator"}},"identifier":"Iterator"},"typeArguments":[{"!":"com.github.javaparser.ast.type.ClassOrInterfaceType","range":{"beginLine":14,"beginColumn":13,"endLine":14,"endColumn":27},"tokenRange":{"beginToken":{"kind":94,"text":"PersistentClass"},"endToken":{"kind":94,"text":"PersistentClass"}},"name":{"!":"com.github.javaparser.ast.expr.SimpleName","range":{"beginLine":14,"beginColumn":13,"endLine":14,"endColumn":27},"tokenRange":{"beginToken":{"kind":94,"text":"PersistentClass"},"endToken":{"kind":94,"text":"PersistentClass"}},"identifier":"PersistentClass"},"annotations":[]}],"annotations":[]},"varArgsAnnotations":[]},{"!":"com.github.javaparser.ast.body.Parameter","range":{"beginLine":15,"beginColumn":4,"endLine":15,"endColumn":43},"tokenRange":{"beginToken":{"kind":94,"text":"Set"},"endToken":{"kind":94,"text":"mappedSuperclasses"}},"annotations":[],"isVarArgs":"false","modifiers":[],"name":{"!":"com.github.javaparser.ast.expr.SimpleName","range":{"beginLine":15,"beginColumn":26,"endLine":15,"endColumn":43},"tokenRange":{"beginToken":{"kind":94,"text":"mappedSuperclasses"},"endToken":{"kind":94,"text":"mappedSuperclasses"}},"identifier":"mappedSuperclasses"},"type":{"!":"com.github.javaparser.ast.type.ClassOrInterfaceType","range":{"beginLine":15,"beginColumn":4,"endLine":15,"endColumn":24},"tokenRange":{"beginToken":{"kind":94,"text":"Set"},"endToken":{"kind":146,"text":">"}},"name":{"!":"com.github.javaparser.ast.expr.SimpleName","range":{"beginLine":15,"beginColumn":4,"endLine":15,"endColumn":6},"tokenRange":{"beginToken":{"kind":94,"text":"Set"},"endToken":{"kind":94,"text":"Set"}},"identifier":"Set"},"typeArguments":[{"!":"com.github.javaparser.ast.type.ClassOrInterfaceType","range":{"beginLine":15,"beginColumn":8,"endLine":15,"endColumn":23},"tokenRange":{"beginToken":{"kind":94,"text":"MappedSuperclass"},"endToken":{"kind":94,"text":"MappedSuperclass"}},"name":{"!":"com.github.javaparser.ast.expr.SimpleName","range":{"beginLine":15,"beginColumn":8,"endLine":15,"endColumn":23},"tokenRange":{"beginToken":{"kind":94,"text":"MappedSuperclass"},"endToken":{"kind":94,"text":"MappedSuperclass"}},"identifier":"MappedSuperclass"},"annotations":[]}],"annotations":[]},"varArgsAnnotations":[]},{"!":"com.github.javaparser.ast.body.Parameter","range":{"beginLine":16,"beginColumn":4,"endLine":16,"endColumn":43},"tokenRange":{"beginToken":{"kind":94,"text":"SessionFactoryImplementor"},"endToken":{"kind":94,"text":"sessionFactory"}},"annotations":[],"isVarArgs":"false","modifiers":[],"name":{"!":"com.github.javaparser.ast.expr.SimpleName","range":{"beginLine":16,"beginColumn":30,"endLine":16,"endColumn":43},"tokenRange":{"beginToken":{"kind":94,"text":"sessionFactory"},"endToken":{"kind":94,"text":"sessionFactory"}},"identifier":"sessionFactory"},"type":{"!":"com.github.javaparser.ast.type.ClassOrInterfaceType","range":{"beginLine":16,"beginColumn":4,"endLine":16,"endColumn":28},"tokenRange":{"beginToken":{"kind":94,"text":"SessionFactoryImplementor"},"endToken":{"kind":94,"text":"SessionFactoryImplementor"}},"name":{"!":"com.github.javaparser.ast.expr.SimpleName","range":{"beginLine":16,"beginColumn":4,"endLine":16,"endColumn":28},"tokenRange":{"beginToken":{"kind":94,"text":"SessionFactoryImplementor"},"endToken":{"kind":94,"text":"SessionFactoryImplementor"}},"identifier":"SessionFactoryImplementor"},"annotations":[]},"varArgsAnnotations":[]},{"!":"com.github.javaparser.ast.body.Parameter","range":{"beginLine":17,"beginColumn":13,"endLine":17,"endColumn":37},"tokenRange":{"beginToken":{"kind":13,"text":"boolean"},"endToken":{"kind":94,"text":"ignoreUnsupported"}},"annotations":[],"isVarArgs":"false","modifiers":[],"name":{"!":"com.github.javaparser.ast.expr.SimpleName","range":{"beginLine":17,"beginColumn":21,"endLine":17,"endColumn":37},"tokenRange":{"beginToken":{"kind":94,"text":"ignoreUnsupported"},"endToken":{"kind":94,"text":"ignoreUnsupported"}},"identifier":"ignoreUnsupported"},"type":{"!":"com.github.javaparser.ast.type.PrimitiveType","range":{"beginLine":17,"beginColumn":13,"endLine":17,"endColumn":19},"tokenRange":{"beginToken":{"kind":13,"text":"boolean"},"endToken":{"kind":13,"text":"boolean"}},"type":"BOOLEAN","annotations":[]},"varArgsAnnotations":[]}],"thrownExceptions":[],"typeParameters":[],"annotations":[],"comment":{"!":"com.github.javaparser.ast.comments.JavadocComment","range":{"beginLine":2,"beginColumn":2,"endLine":12,"endColumn":4},"tokenRange":{"beginToken":{"kind":8,"text":"/**\n\t * Build the metamodel using the information from the collection of Hibernate\n\t * {@link PersistentClass} models as well as the Hibernate {@link org.hibernate.SessionFactory}.\n\t *\n\t * @param persistentClasses Iterator over the Hibernate (config-time) metamodel\n\t * @param mappedSuperclasses All known MappedSuperclasses\n\t * @param sessionFactory The Hibernate session factory.\n     * @param ignoreUnsupported ignore unsupported/unknown annotations (like @Any)\n\t *\n\t * @return The built metamodel\n\t */"},"endToken":{"kind":8,"text":"/**\n\t * Build the metamodel using the information from the collection of Hibernate\n\t * {@link PersistentClass} models as well as the Hibernate {@link org.hibernate.SessionFactory}.\n\t *\n\t * @param persistentClasses Iterator over the Hibernate (config-time) metamodel\n\t * @param mappedSuperclasses All known MappedSuperclasses\n\t * @param sessionFactory The Hibernate session factory.\n     * @param ignoreUnsupported ignore unsupported/unknown annotations (like @Any)\n\t *\n\t * @return The built metamodel\n\t */"}},"content":"\n\t * Build the metamodel using the information from the collection of Hibernate\n\t * {@link PersistentClass} models as well as the Hibernate {@link org.hibernate.SessionFactory}.\n\t *\n\t * @param persistentClasses Iterator over the Hibernate (config-time) metamodel\n\t * @param mappedSuperclasses All known MappedSuperclasses\n\t * @param sessionFactory The Hibernate session factory.\n     * @param ignoreUnsupported ignore unsupported/unknown annotations (like @Any)\n\t *\n\t * @return The built metamodel\n\t "}}],"modifiers":[],"name":{"!":"com.github.javaparser.ast.expr.SimpleName","range":{"beginLine":1,"beginColumn":7,"endLine":1,"endColumn":10},"tokenRange":{"beginToken":{"kind":94,"text":"Test"},"endToken":{"kind":94,"text":"Test"}},"identifier":"Test"},"annotations":[]}]}