{"!":"com.github.javaparser.ast.CompilationUnit","range":{"beginLine":1,"beginColumn":1,"endLine":44,"endColumn":2},"tokenRange":{"beginToken":{"kind":19,"text":"class"},"endToken":{"kind":0,"text":""}},"imports":[],"types":[{"!":"com.github.javaparser.ast.body.ClassOrInterfaceDeclaration","range":{"beginLine":1,"beginColumn":1,"endLine":44,"endColumn":2},"tokenRange":{"beginToken":{"kind":19,"text":"class"},"endToken":{"kind":100,"text":"}"}},"extendedTypes":[],"implementedTypes":[],"isInterface":"false","typeParameters":[],"members":[{"!":"com.github.javaparser.ast.body.MethodDeclaration","range":{"beginLine":2,"beginColumn":2,"endLine":42,"endColumn":2},"tokenRange":{"beginToken":{"kind":107,"text":"@"},"endToken":{"kind":100,"text":"}"}},"body":{"!":"com.github.javaparser.ast.stmt.BlockStmt","range":{"beginLine":3,"beginColumn":24,"endLine":42,"endColumn":2},"tokenRange":{"beginToken":{"kind":99,"text":"{"},"endToken":{"kind":100,"text":"}"}},"statements":[{"!":"com.github.javaparser.ast.stmt.ExpressionStmt","range":{"beginLine":4,"beginColumn":3,"endLine":4,"endColumn":17},"tokenRange":{"beginToken":{"kind":94,"text":"b"},"endToken":{"kind":103,"text":";"}},"expression":{"!":"com.github.javaparser.ast.expr.MethodCallExpr","range":{"beginLine":4,"beginColumn":3,"endLine":4,"endColumn":16},"tokenRange":{"beginToken":{"kind":94,"text":"b"},"endToken":{"kind":98,"text":")"}},"arguments":[{"!":"com.github.javaparser.ast.expr.NullLiteralExpr","range":{"beginLine":4,"beginColumn":11,"endLine":4,"endColumn":14},"tokenRange":{"beginToken":{"kind":43,"text":"null"},"endToken":{"kind":43,"text":"null"}}}],"name":{"!":"com.github.javaparser.ast.expr.SimpleName","range":{"beginLine":4,"beginColumn":5,"endLine":4,"endColumn":8},"tokenRange":{"beginToken":{"kind":94,"text":"setC"},"endToken":{"kind":94,"text":"setC"}},"identifier":"setC"},"scope":{"!":"com.github.javaparser.ast.expr.NameExpr","range":{"beginLine":4,"beginColumn":3,"endLine":4,"endColumn":3},"tokenRange":{"beginToken":{"kind":94,"text":"b"},"endToken":{"kind":94,"text":"b"}},"name":{"!":"com.github.javaparser.ast.expr.SimpleName","range":{"beginLine":4,"beginColumn":3,"endLine":4,"endColumn":3},"tokenRange":{"beginToken":{"kind":94,"text":"b"},"endToken":{"kind":94,"text":"b"}},"identifier":"b"}}}},{"!":"com.github.javaparser.ast.stmt.ExpressionStmt","range":{"beginLine":5,"beginColumn":3,"endLine":5,"endColumn":17},"tokenRange":{"beginToken":{"kind":94,"text":"b"},"endToken":{"kind":103,"text":";"}},"expression":{"!":"com.github.javaparser.ast.expr.MethodCallExpr","range":{"beginLine":5,"beginColumn":3,"endLine":5,"endColumn":16},"tokenRange":{"beginToken":{"kind":94,"text":"b"},"endToken":{"kind":98,"text":")"}},"arguments":[{"!":"com.github.javaparser.ast.expr.NullLiteralExpr","range":{"beginLine":5,"beginColumn":11,"endLine":5,"endColumn":14},"tokenRange":{"beginToken":{"kind":43,"text":"null"},"endToken":{"kind":43,"text":"null"}}}],"name":{"!":"com.github.javaparser.ast.expr.SimpleName","range":{"beginLine":5,"beginColumn":5,"endLine":5,"endColumn":8},"tokenRange":{"beginToken":{"kind":94,"text":"setD"},"endToken":{"kind":94,"text":"setD"}},"identifier":"setD"},"scope":{"!":"com.github.javaparser.ast.expr.NameExpr","range":{"beginLine":5,"beginColumn":3,"endLine":5,"endColumn":3},"tokenRange":{"beginToken":{"kind":94,"text":"b"},"endToken":{"kind":94,"text":"b"}},"name":{"!":"com.github.javaparser.ast.expr.SimpleName","range":{"beginLine":5,"beginColumn":3,"endLine":5,"endColumn":3},"tokenRange":{"beginToken":{"kind":94,"text":"b"},"endToken":{"kind":94,"text":"b"}},"identifier":"b"}}}},{"!":"com.github.javaparser.ast.stmt.ExpressionStmt","range":{"beginLine":6,"beginColumn":3,"endLine":6,"endColumn":33},"tokenRange":{"beginToken":{"kind":94,"text":"b"},"endToken":{"kind":103,"text":";"}},"expression":{"!":"com.github.javaparser.ast.expr.MethodCallExpr","range":{"beginLine":6,"beginColumn":3,"endLine":6,"endColumn":32},"tokenRange":{"beginToken":{"kind":94,"text":"b"},"endToken":{"kind":98,"text":")"}},"arguments":[{"!":"com.github.javaparser.ast.expr.NameExpr","range":{"beginLine":6,"beginColumn":30,"endLine":6,"endColumn":30},"tokenRange":{"beginToken":{"kind":94,"text":"g"},"endToken":{"kind":94,"text":"g"}},"name":{"!":"com.github.javaparser.ast.expr.SimpleName","range":{"beginLine":6,"beginColumn":30,"endLine":6,"endColumn":30},"tokenRange":{"beginToken":{"kind":94,"text":"g"},"endToken":{"kind":94,"text":"g"}},"identifier":"g"}}],"name":{"!":"com.github.javaparser.ast.expr.SimpleName","range":{"beginLine":6,"beginColumn":22,"endLine":6,"endColumn":27},"tokenRange":{"beginToken":{"kind":94,"text":"remove"},"endToken":{"kind":94,"text":"remove"}},"identifier":"remove"},"scope":{"!":"com.github.javaparser.ast.expr.MethodCallExpr","range":{"beginLine":6,"beginColumn":3,"endLine":6,"endColumn":20},"tokenRange":{"beginToken":{"kind":94,"text":"b"},"endToken":{"kind":98,"text":")"}},"arguments":[],"name":{"!":"com.github.javaparser.ast.expr.SimpleName","range":{"beginLine":6,"beginColumn":5,"endLine":6,"endColumn":18},"tokenRange":{"beginToken":{"kind":94,"text":"getGCollection"},"endToken":{"kind":94,"text":"getGCollection"}},"identifier":"getGCollection"},"scope":{"!":"com.github.javaparser.ast.expr.NameExpr","range":{"beginLine":6,"beginColumn":3,"endLine":6,"endColumn":3},"tokenRange":{"beginToken":{"kind":94,"text":"b"},"endToken":{"kind":94,"text":"b"}},"name":{"!":"com.github.javaparser.ast.expr.SimpleName","range":{"beginLine":6,"beginColumn":3,"endLine":6,"endColumn":3},"tokenRange":{"beginToken":{"kind":94,"text":"b"},"endToken":{"kind":94,"text":"b"}},"identifier":"b"}}}}},{"!":"com.github.javaparser.ast.stmt.ExpressionStmt","range":{"beginLine":8,"beginColumn":3,"endLine":8,"endColumn":33},"tokenRange":{"beginToken":{"kind":94,"text":"c"},"endToken":{"kind":103,"text":";"}},"expression":{"!":"com.github.javaparser.ast.expr.MethodCallExpr","range":{"beginLine":8,"beginColumn":3,"endLine":8,"endColumn":32},"tokenRange":{"beginToken":{"kind":94,"text":"c"},"endToken":{"kind":98,"text":")"}},"arguments":[{"!":"com.github.javaparser.ast.expr.NameExpr","range":{"beginLine":8,"beginColumn":30,"endLine":8,"endColumn":30},"tokenRange":{"beginToken":{"kind":94,"text":"b"},"endToken":{"kind":94,"text":"b"}},"name":{"!":"com.github.javaparser.ast.expr.SimpleName","range":{"beginLine":8,"beginColumn":30,"endLine":8,"endColumn":30},"tokenRange":{"beginToken":{"kind":94,"text":"b"},"endToken":{"kind":94,"text":"b"}},"identifier":"b"}}],"name":{"!":"com.github.javaparser.ast.expr.SimpleName","range":{"beginLine":8,"beginColumn":22,"endLine":8,"endColumn":27},"tokenRange":{"beginToken":{"kind":94,"text":"remove"},"endToken":{"kind":94,"text":"remove"}},"identifier":"remove"},"scope":{"!":"com.github.javaparser.ast.expr.MethodCallExpr","range":{"beginLine":8,"beginColumn":3,"endLine":8,"endColumn":20},"tokenRange":{"beginToken":{"kind":94,"text":"c"},"endToken":{"kind":98,"text":")"}},"arguments":[],"name":{"!":"com.github.javaparser.ast.expr.SimpleName","range":{"beginLine":8,"beginColumn":5,"endLine":8,"endColumn":18},"tokenRange":{"beginToken":{"kind":94,"text":"getBCollection"},"endToken":{"kind":94,"text":"getBCollection"}},"identifier":"getBCollection"},"scope":{"!":"com.github.javaparser.ast.expr.NameExpr","range":{"beginLine":8,"beginColumn":3,"endLine":8,"endColumn":3},"tokenRange":{"beginToken":{"kind":94,"text":"c"},"endToken":{"kind":94,"text":"c"}},"name":{"!":"com.github.javaparser.ast.expr.SimpleName","range":{"beginLine":8,"beginColumn":3,"endLine":8,"endColumn":3},"tokenRange":{"beginToken":{"kind":94,"text":"c"},"endToken":{"kind":94,"text":"c"}},"identifier":"c"}}}}},{"!":"com.github.javaparser.ast.stmt.ExpressionStmt","range":{"beginLine":9,"beginColumn":3,"endLine":9,"endColumn":33},"tokenRange":{"beginToken":{"kind":94,"text":"c"},"endToken":{"kind":103,"text":";"}},"expression":{"!":"com.github.javaparser.ast.expr.MethodCallExpr","range":{"beginLine":9,"beginColumn":3,"endLine":9,"endColumn":32},"tokenRange":{"beginToken":{"kind":94,"text":"c"},"endToken":{"kind":98,"text":")"}},"arguments":[{"!":"com.github.javaparser.ast.expr.NameExpr","range":{"beginLine":9,"beginColumn":30,"endLine":9,"endColumn":30},"tokenRange":{"beginToken":{"kind":94,"text":"d"},"endToken":{"kind":94,"text":"d"}},"name":{"!":"com.github.javaparser.ast.expr.SimpleName","range":{"beginLine":9,"beginColumn":30,"endLine":9,"endColumn":30},"tokenRange":{"beginToken":{"kind":94,"text":"d"},"endToken":{"kind":94,"text":"d"}},"identifier":"d"}}],"name":{"!":"com.github.javaparser.ast.expr.SimpleName","range":{"beginLine":9,"beginColumn":22,"endLine":9,"endColumn":27},"tokenRange":{"beginToken":{"kind":94,"text":"remove"},"endToken":{"kind":94,"text":"remove"}},"identifier":"remove"},"scope":{"!":"com.github.javaparser.ast.expr.MethodCallExpr","range":{"beginLine":9,"beginColumn":3,"endLine":9,"endColumn":20},"tokenRange":{"beginToken":{"kind":94,"text":"c"},"endToken":{"kind":98,"text":")"}},"arguments":[],"name":{"!":"com.github.javaparser.ast.expr.SimpleName","range":{"beginLine":9,"beginColumn":5,"endLine":9,"endColumn":18},"tokenRange":{"beginToken":{"kind":94,"text":"getDCollection"},"endToken":{"kind":94,"text":"getDCollection"}},"identifier":"getDCollection"},"scope":{"!":"com.github.javaparser.ast.expr.NameExpr","range":{"beginLine":9,"beginColumn":3,"endLine":9,"endColumn":3},"tokenRange":{"beginToken":{"kind":94,"text":"c"},"endToken":{"kind":94,"text":"c"}},"name":{"!":"com.github.javaparser.ast.expr.SimpleName","range":{"beginLine":9,"beginColumn":3,"endLine":9,"endColumn":3},"tokenRange":{"beginToken":{"kind":94,"text":"c"},"endToken":{"kind":94,"text":"c"}},"identifier":"c"}}}}},{"!":"com.github.javaparser.ast.stmt.ExpressionStmt","range":{"beginLine":11,"beginColumn":3,"endLine":11,"endColumn":33},"tokenRange":{"beginToken":{"kind":94,"text":"d"},"endToken":{"kind":103,"text":";"}},"expression":{"!":"com.github.javaparser.ast.expr.MethodCallExpr","range":{"beginLine":11,"beginColumn":3,"endLine":11,"endColumn":32},"tokenRange":{"beginToken":{"kind":94,"text":"d"},"endToken":{"kind":98,"text":")"}},"arguments":[{"!":"com.github.javaparser.ast.expr.NameExpr","range":{"beginLine":11,"beginColumn":30,"endLine":11,"endColumn":30},"tokenRange":{"beginToken":{"kind":94,"text":"b"},"endToken":{"kind":94,"text":"b"}},"name":{"!":"com.github.javaparser.ast.expr.SimpleName","range":{"beginLine":11,"beginColumn":30,"endLine":11,"endColumn":30},"tokenRange":{"beginToken":{"kind":94,"text":"b"},"endToken":{"kind":94,"text":"b"}},"identifier":"b"}}],"name":{"!":"com.github.javaparser.ast.expr.SimpleName","range":{"beginLine":11,"beginColumn":22,"endLine":11,"endColumn":27},"tokenRange":{"beginToken":{"kind":94,"text":"remove"},"endToken":{"kind":94,"text":"remove"}},"identifier":"remove"},"scope":{"!":"com.github.javaparser.ast.expr.MethodCallExpr","range":{"beginLine":11,"beginColumn":3,"endLine":11,"endColumn":20},"tokenRange":{"beginToken":{"kind":94,"text":"d"},"endToken":{"kind":98,"text":")"}},"arguments":[],"name":{"!":"com.github.javaparser.ast.expr.SimpleName","range":{"beginLine":11,"beginColumn":5,"endLine":11,"endColumn":18},"tokenRange":{"beginToken":{"kind":94,"text":"getBCollection"},"endToken":{"kind":94,"text":"getBCollection"}},"identifier":"getBCollection"},"scope":{"!":"com.github.javaparser.ast.expr.NameExpr","range":{"beginLine":11,"beginColumn":3,"endLine":11,"endColumn":3},"tokenRange":{"beginToken":{"kind":94,"text":"d"},"endToken":{"kind":94,"text":"d"}},"name":{"!":"com.github.javaparser.ast.expr.SimpleName","range":{"beginLine":11,"beginColumn":3,"endLine":11,"endColumn":3},"tokenRange":{"beginToken":{"kind":94,"text":"d"},"endToken":{"kind":94,"text":"d"}},"identifier":"d"}}}}},{"!":"com.github.javaparser.ast.stmt.ExpressionStmt","range":{"beginLine":12,"beginColumn":3,"endLine":12,"endColumn":17},"tokenRange":{"beginToken":{"kind":94,"text":"d"},"endToken":{"kind":103,"text":";"}},"expression":{"!":"com.github.javaparser.ast.expr.MethodCallExpr","range":{"beginLine":12,"beginColumn":3,"endLine":12,"endColumn":16},"tokenRange":{"beginToken":{"kind":94,"text":"d"},"endToken":{"kind":98,"text":")"}},"arguments":[{"!":"com.github.javaparser.ast.expr.NullLiteralExpr","range":{"beginLine":12,"beginColumn":11,"endLine":12,"endColumn":14},"tokenRange":{"beginToken":{"kind":43,"text":"null"},"endToken":{"kind":43,"text":"null"}}}],"name":{"!":"com.github.javaparser.ast.expr.SimpleName","range":{"beginLine":12,"beginColumn":5,"endLine":12,"endColumn":8},"tokenRange":{"beginToken":{"kind":94,"text":"setC"},"endToken":{"kind":94,"text":"setC"}},"identifier":"setC"},"scope":{"!":"com.github.javaparser.ast.expr.NameExpr","range":{"beginLine":12,"beginColumn":3,"endLine":12,"endColumn":3},"tokenRange":{"beginToken":{"kind":94,"text":"d"},"endToken":{"kind":94,"text":"d"}},"name":{"!":"com.github.javaparser.ast.expr.SimpleName","range":{"beginLine":12,"beginColumn":3,"endLine":12,"endColumn":3},"tokenRange":{"beginToken":{"kind":94,"text":"d"},"endToken":{"kind":94,"text":"d"}},"identifier":"d"}}}},{"!":"com.github.javaparser.ast.stmt.ExpressionStmt","range":{"beginLine":13,"beginColumn":3,"endLine":13,"endColumn":17},"tokenRange":{"beginToken":{"kind":94,"text":"d"},"endToken":{"kind":103,"text":";"}},"expression":{"!":"com.github.javaparser.ast.expr.MethodCallExpr","range":{"beginLine":13,"beginColumn":3,"endLine":13,"endColumn":16},"tokenRange":{"beginToken":{"kind":94,"text":"d"},"endToken":{"kind":98,"text":")"}},"arguments":[{"!":"com.github.javaparser.ast.expr.NullLiteralExpr","range":{"beginLine":13,"beginColumn":11,"endLine":13,"endColumn":14},"tokenRange":{"beginToken":{"kind":43,"text":"null"},"endToken":{"kind":43,"text":"null"}}}],"name":{"!":"com.github.javaparser.ast.expr.SimpleName","range":{"beginLine":13,"beginColumn":5,"endLine":13,"endColumn":8},"tokenRange":{"beginToken":{"kind":94,"text":"setE"},"endToken":{"kind":94,"text":"setE"}},"identifier":"setE"},"scope":{"!":"com.github.javaparser.ast.expr.NameExpr","range":{"beginLine":13,"beginColumn":3,"endLine":13,"endColumn":3},"tokenRange":{"beginToken":{"kind":94,"text":"d"},"endToken":{"kind":94,"text":"d"}},"name":{"!":"com.github.javaparser.ast.expr.SimpleName","range":{"beginLine":13,"beginColumn":3,"endLine":13,"endColumn":3},"tokenRange":{"beginToken":{"kind":94,"text":"d"},"endToken":{"kind":94,"text":"d"}},"identifier":"d"}}}},{"!":"com.github.javaparser.ast.stmt.ExpressionStmt","range":{"beginLine":14,"beginColumn":3,"endLine":14,"endColumn":33},"tokenRange":{"beginToken":{"kind":94,"text":"d"},"endToken":{"kind":103,"text":";"}},"expression":{"!":"com.github.javaparser.ast.expr.MethodCallExpr","range":{"beginLine":14,"beginColumn":3,"endLine":14,"endColumn":32},"tokenRange":{"beginToken":{"kind":94,"text":"d"},"endToken":{"kind":98,"text":")"}},"arguments":[{"!":"com.github.javaparser.ast.expr.NameExpr","range":{"beginLine":14,"beginColumn":30,"endLine":14,"endColumn":30},"tokenRange":{"beginToken":{"kind":94,"text":"f"},"endToken":{"kind":94,"text":"f"}},"name":{"!":"com.github.javaparser.ast.expr.SimpleName","range":{"beginLine":14,"beginColumn":30,"endLine":14,"endColumn":30},"tokenRange":{"beginToken":{"kind":94,"text":"f"},"endToken":{"kind":94,"text":"f"}},"identifier":"f"}}],"name":{"!":"com.github.javaparser.ast.expr.SimpleName","range":{"beginLine":14,"beginColumn":22,"endLine":14,"endColumn":27},"tokenRange":{"beginToken":{"kind":94,"text":"remove"},"endToken":{"kind":94,"text":"remove"}},"identifier":"remove"},"scope":{"!":"com.github.javaparser.ast.expr.MethodCallExpr","range":{"beginLine":14,"beginColumn":3,"endLine":14,"endColumn":20},"tokenRange":{"beginToken":{"kind":94,"text":"d"},"endToken":{"kind":98,"text":")"}},"arguments":[],"name":{"!":"com.github.javaparser.ast.expr.SimpleName","range":{"beginLine":14,"beginColumn":5,"endLine":14,"endColumn":18},"tokenRange":{"beginToken":{"kind":94,"text":"getFCollection"},"endToken":{"kind":94,"text":"getFCollection"}},"identifier":"getFCollection"},"scope":{"!":"com.github.javaparser.ast.expr.NameExpr","range":{"beginLine":14,"beginColumn":3,"endLine":14,"endColumn":3},"tokenRange":{"beginToken":{"kind":94,"text":"d"},"endToken":{"kind":94,"text":"d"}},"name":{"!":"com.github.javaparser.ast.expr.SimpleName","range":{"beginLine":14,"beginColumn":3,"endLine":14,"endColumn":3},"tokenRange":{"beginToken":{"kind":94,"text":"d"},"endToken":{"kind":94,"text":"d"}},"identifier":"d"}}}}},{"!":"com.github.javaparser.ast.stmt.ExpressionStmt","range":{"beginLine":16,"beginColumn":3,"endLine":16,"endColumn":33},"tokenRange":{"beginToken":{"kind":94,"text":"e"},"endToken":{"kind":103,"text":";"}},"expression":{"!":"com.github.javaparser.ast.expr.MethodCallExpr","range":{"beginLine":16,"beginColumn":3,"endLine":16,"endColumn":32},"tokenRange":{"beginToken":{"kind":94,"text":"e"},"endToken":{"kind":98,"text":")"}},"arguments":[{"!":"com.github.javaparser.ast.expr.NameExpr","range":{"beginLine":16,"beginColumn":30,"endLine":16,"endColumn":30},"tokenRange":{"beginToken":{"kind":94,"text":"d"},"endToken":{"kind":94,"text":"d"}},"name":{"!":"com.github.javaparser.ast.expr.SimpleName","range":{"beginLine":16,"beginColumn":30,"endLine":16,"endColumn":30},"tokenRange":{"beginToken":{"kind":94,"text":"d"},"endToken":{"kind":94,"text":"d"}},"identifier":"d"}}],"name":{"!":"com.github.javaparser.ast.expr.SimpleName","range":{"beginLine":16,"beginColumn":22,"endLine":16,"endColumn":27},"tokenRange":{"beginToken":{"kind":94,"text":"remove"},"endToken":{"kind":94,"text":"remove"}},"identifier":"remove"},"scope":{"!":"com.github.javaparser.ast.expr.MethodCallExpr","range":{"beginLine":16,"beginColumn":3,"endLine":16,"endColumn":20},"tokenRange":{"beginToken":{"kind":94,"text":"e"},"endToken":{"kind":98,"text":")"}},"arguments":[],"name":{"!":"com.github.javaparser.ast.expr.SimpleName","range":{"beginLine":16,"beginColumn":5,"endLine":16,"endColumn":18},"tokenRange":{"beginToken":{"kind":94,"text":"getDCollection"},"endToken":{"kind":94,"text":"getDCollection"}},"identifier":"getDCollection"},"scope":{"!":"com.github.javaparser.ast.expr.NameExpr","range":{"beginLine":16,"beginColumn":3,"endLine":16,"endColumn":3},"tokenRange":{"beginToken":{"kind":94,"text":"e"},"endToken":{"kind":94,"text":"e"}},"name":{"!":"com.github.javaparser.ast.expr.SimpleName","range":{"beginLine":16,"beginColumn":3,"endLine":16,"endColumn":3},"tokenRange":{"beginToken":{"kind":94,"text":"e"},"endToken":{"kind":94,"text":"e"}},"identifier":"e"}}}}},{"!":"com.github.javaparser.ast.stmt.ExpressionStmt","range":{"beginLine":17,"beginColumn":3,"endLine":17,"endColumn":17},"tokenRange":{"beginToken":{"kind":94,"text":"e"},"endToken":{"kind":103,"text":";"}},"expression":{"!":"com.github.javaparser.ast.expr.MethodCallExpr","range":{"beginLine":17,"beginColumn":3,"endLine":17,"endColumn":16},"tokenRange":{"beginToken":{"kind":94,"text":"e"},"endToken":{"kind":98,"text":")"}},"arguments":[{"!":"com.github.javaparser.ast.expr.NullLiteralExpr","range":{"beginLine":17,"beginColumn":11,"endLine":17,"endColumn":14},"tokenRange":{"beginToken":{"kind":43,"text":"null"},"endToken":{"kind":43,"text":"null"}}}],"name":{"!":"com.github.javaparser.ast.expr.SimpleName","range":{"beginLine":17,"beginColumn":5,"endLine":17,"endColumn":8},"tokenRange":{"beginToken":{"kind":94,"text":"setF"},"endToken":{"kind":94,"text":"setF"}},"identifier":"setF"},"scope":{"!":"com.github.javaparser.ast.expr.NameExpr","range":{"beginLine":17,"beginColumn":3,"endLine":17,"endColumn":3},"tokenRange":{"beginToken":{"kind":94,"text":"e"},"endToken":{"kind":94,"text":"e"}},"name":{"!":"com.github.javaparser.ast.expr.SimpleName","range":{"beginLine":17,"beginColumn":3,"endLine":17,"endColumn":3},"tokenRange":{"beginToken":{"kind":94,"text":"e"},"endToken":{"kind":94,"text":"e"}},"identifier":"e"}}}},{"!":"com.github.javaparser.ast.stmt.ExpressionStmt","range":{"beginLine":19,"beginColumn":3,"endLine":19,"endColumn":17},"tokenRange":{"beginToken":{"kind":94,"text":"f"},"endToken":{"kind":103,"text":";"}},"expression":{"!":"com.github.javaparser.ast.expr.MethodCallExpr","range":{"beginLine":19,"beginColumn":3,"endLine":19,"endColumn":16},"tokenRange":{"beginToken":{"kind":94,"text":"f"},"endToken":{"kind":98,"text":")"}},"arguments":[{"!":"com.github.javaparser.ast.expr.NullLiteralExpr","range":{"beginLine":19,"beginColumn":11,"endLine":19,"endColumn":14},"tokenRange":{"beginToken":{"kind":43,"text":"null"},"endToken":{"kind":43,"text":"null"}}}],"name":{"!":"com.github.javaparser.ast.expr.SimpleName","range":{"beginLine":19,"beginColumn":5,"endLine":19,"endColumn":8},"tokenRange":{"beginToken":{"kind":94,"text":"setD"},"endToken":{"kind":94,"text":"setD"}},"identifier":"setD"},"scope":{"!":"com.github.javaparser.ast.expr.NameExpr","range":{"beginLine":19,"beginColumn":3,"endLine":19,"endColumn":3},"tokenRange":{"beginToken":{"kind":94,"text":"f"},"endToken":{"kind":94,"text":"f"}},"name":{"!":"com.github.javaparser.ast.expr.SimpleName","range":{"beginLine":19,"beginColumn":3,"endLine":19,"endColumn":3},"tokenRange":{"beginToken":{"kind":94,"text":"f"},"endToken":{"kind":94,"text":"f"}},"identifier":"f"}}}},{"!":"com.github.javaparser.ast.stmt.ExpressionStmt","range":{"beginLine":20,"beginColumn":3,"endLine":20,"endColumn":33},"tokenRange":{"beginToken":{"kind":94,"text":"f"},"endToken":{"kind":103,"text":";"}},"expression":{"!":"com.github.javaparser.ast.expr.MethodCallExpr","range":{"beginLine":20,"beginColumn":3,"endLine":20,"endColumn":32},"tokenRange":{"beginToken":{"kind":94,"text":"f"},"endToken":{"kind":98,"text":")"}},"arguments":[{"!":"com.github.javaparser.ast.expr.NameExpr","range":{"beginLine":20,"beginColumn":30,"endLine":20,"endColumn":30},"tokenRange":{"beginToken":{"kind":94,"text":"e"},"endToken":{"kind":94,"text":"e"}},"name":{"!":"com.github.javaparser.ast.expr.SimpleName","range":{"beginLine":20,"beginColumn":30,"endLine":20,"endColumn":30},"tokenRange":{"beginToken":{"kind":94,"text":"e"},"endToken":{"kind":94,"text":"e"}},"identifier":"e"}}],"name":{"!":"com.github.javaparser.ast.expr.SimpleName","range":{"beginLine":20,"beginColumn":22,"endLine":20,"endColumn":27},"tokenRange":{"beginToken":{"kind":94,"text":"remove"},"endToken":{"kind":94,"text":"remove"}},"identifier":"remove"},"scope":{"!":"com.github.javaparser.ast.expr.MethodCallExpr","range":{"beginLine":20,"beginColumn":3,"endLine":20,"endColumn":20},"tokenRange":{"beginToken":{"kind":94,"text":"f"},"endToken":{"kind":98,"text":")"}},"arguments":[],"name":{"!":"com.github.javaparser.ast.expr.SimpleName","range":{"beginLine":20,"beginColumn":5,"endLine":20,"endColumn":18},"tokenRange":{"beginToken":{"kind":94,"text":"getECollection"},"endToken":{"kind":94,"text":"getECollection"}},"identifier":"getECollection"},"scope":{"!":"com.github.javaparser.ast.expr.NameExpr","range":{"beginLine":20,"beginColumn":3,"endLine":20,"endColumn":3},"tokenRange":{"beginToken":{"kind":94,"text":"f"},"endToken":{"kind":94,"text":"f"}},"name":{"!":"com.github.javaparser.ast.expr.SimpleName","range":{"beginLine":20,"beginColumn":3,"endLine":20,"endColumn":3},"tokenRange":{"beginToken":{"kind":94,"text":"f"},"endToken":{"kind":94,"text":"f"}},"identifier":"f"}}}}},{"!":"com.github.javaparser.ast.stmt.ExpressionStmt","range":{"beginLine":21,"beginColumn":3,"endLine":21,"endColumn":17},"tokenRange":{"beginToken":{"kind":94,"text":"f"},"endToken":{"kind":103,"text":";"}},"expression":{"!":"com.github.javaparser.ast.expr.MethodCallExpr","range":{"beginLine":21,"beginColumn":3,"endLine":21,"endColumn":16},"tokenRange":{"beginToken":{"kind":94,"text":"f"},"endToken":{"kind":98,"text":")"}},"arguments":[{"!":"com.github.javaparser.ast.expr.NullLiteralExpr","range":{"beginLine":21,"beginColumn":11,"endLine":21,"endColumn":14},"tokenRange":{"beginToken":{"kind":43,"text":"null"},"endToken":{"kind":43,"text":"null"}}}],"name":{"!":"com.github.javaparser.ast.expr.SimpleName","range":{"beginLine":21,"beginColumn":5,"endLine":21,"endColumn":8},"tokenRange":{"beginToken":{"kind":94,"text":"setG"},"endToken":{"kind":94,"text":"setG"}},"identifier":"setG"},"scope":{"!":"com.github.javaparser.ast.expr.NameExpr","range":{"beginLine":21,"beginColumn":3,"endLine":21,"endColumn":3},"tokenRange":{"beginToken":{"kind":94,"text":"f"},"endToken":{"kind":94,"text":"f"}},"name":{"!":"com.github.javaparser.ast.expr.SimpleName","range":{"beginLine":21,"beginColumn":3,"endLine":21,"endColumn":3},"tokenRange":{"beginToken":{"kind":94,"text":"f"},"endToken":{"kind":94,"text":"f"}},"identifier":"f"}}}},{"!":"com.github.javaparser.ast.stmt.ExpressionStmt","range":{"beginLine":23,"beginColumn":3,"endLine":23,"endColumn":17},"tokenRange":{"beginToken":{"kind":94,"text":"g"},"endToken":{"kind":103,"text":";"}},"expression":{"!":"com.github.javaparser.ast.expr.MethodCallExpr","range":{"beginLine":23,"beginColumn":3,"endLine":23,"endColumn":16},"tokenRange":{"beginToken":{"kind":94,"text":"g"},"endToken":{"kind":98,"text":")"}},"arguments":[{"!":"com.github.javaparser.ast.expr.NullLiteralExpr","range":{"beginLine":23,"beginColumn":11,"endLine":23,"endColumn":14},"tokenRange":{"beginToken":{"kind":43,"text":"null"},"endToken":{"kind":43,"text":"null"}}}],"name":{"!":"com.github.javaparser.ast.expr.SimpleName","range":{"beginLine":23,"beginColumn":5,"endLine":23,"endColumn":8},"tokenRange":{"beginToken":{"kind":94,"text":"setB"},"endToken":{"kind":94,"text":"setB"}},"identifier":"setB"},"scope":{"!":"com.github.javaparser.ast.expr.NameExpr","range":{"beginLine":23,"beginColumn":3,"endLine":23,"endColumn":3},"tokenRange":{"beginToken":{"kind":94,"text":"g"},"endToken":{"kind":94,"text":"g"}},"name":{"!":"com.github.javaparser.ast.expr.SimpleName","range":{"beginLine":23,"beginColumn":3,"endLine":23,"endColumn":3},"tokenRange":{"beginToken":{"kind":94,"text":"g"},"endToken":{"kind":94,"text":"g"}},"identifier":"g"}}}},{"!":"com.github.javaparser.ast.stmt.ExpressionStmt","range":{"beginLine":24,"beginColumn":3,"endLine":24,"endColumn":33},"tokenRange":{"beginToken":{"kind":94,"text":"g"},"endToken":{"kind":103,"text":";"}},"expression":{"!":"com.github.javaparser.ast.expr.MethodCallExpr","range":{"beginLine":24,"beginColumn":3,"endLine":24,"endColumn":32},"tokenRange":{"beginToken":{"kind":94,"text":"g"},"endToken":{"kind":98,"text":")"}},"arguments":[{"!":"com.github.javaparser.ast.expr.NameExpr","range":{"beginLine":24,"beginColumn":30,"endLine":24,"endColumn":30},"tokenRange":{"beginToken":{"kind":94,"text":"f"},"endToken":{"kind":94,"text":"f"}},"name":{"!":"com.github.javaparser.ast.expr.SimpleName","range":{"beginLine":24,"beginColumn":30,"endLine":24,"endColumn":30},"tokenRange":{"beginToken":{"kind":94,"text":"f"},"endToken":{"kind":94,"text":"f"}},"identifier":"f"}}],"name":{"!":"com.github.javaparser.ast.expr.SimpleName","range":{"beginLine":24,"beginColumn":22,"endLine":24,"endColumn":27},"tokenRange":{"beginToken":{"kind":94,"text":"remove"},"endToken":{"kind":94,"text":"remove"}},"identifier":"remove"},"scope":{"!":"com.github.javaparser.ast.expr.MethodCallExpr","range":{"beginLine":24,"beginColumn":3,"endLine":24,"endColumn":20},"tokenRange":{"beginToken":{"kind":94,"text":"g"},"endToken":{"kind":98,"text":")"}},"arguments":[],"name":{"!":"com.github.javaparser.ast.expr.SimpleName","range":{"beginLine":24,"beginColumn":5,"endLine":24,"endColumn":18},"tokenRange":{"beginToken":{"kind":94,"text":"getFCollection"},"endToken":{"kind":94,"text":"getFCollection"}},"identifier":"getFCollection"},"scope":{"!":"com.github.javaparser.ast.expr.NameExpr","range":{"beginLine":24,"beginColumn":3,"endLine":24,"endColumn":3},"tokenRange":{"beginToken":{"kind":94,"text":"g"},"endToken":{"kind":94,"text":"g"}},"name":{"!":"com.github.javaparser.ast.expr.SimpleName","range":{"beginLine":24,"beginColumn":3,"endLine":24,"endColumn":3},"tokenRange":{"beginToken":{"kind":94,"text":"g"},"endToken":{"kind":94,"text":"g"}},"identifier":"g"}}}}},{"!":"com.github.javaparser.ast.stmt.ExpressionStmt","range":{"beginLine":26,"beginColumn":3,"endLine":26,"endColumn":28},"tokenRange":{"beginToken":{"kind":94,"text":"Session"},"endToken":{"kind":103,"text":";"}},"expression":{"!":"com.github.javaparser.ast.expr.VariableDeclarationExpr","range":{"beginLine":26,"beginColumn":3,"endLine":26,"endColumn":27},"tokenRange":{"beginToken":{"kind":94,"text":"Session"},"endToken":{"kind":98,"text":")"}},"annotations":[],"modifiers":[],"variables":[{"!":"com.github.javaparser.ast.body.VariableDeclarator","range":{"beginLine":26,"beginColumn":11,"endLine":26,"endColumn":27},"tokenRange":{"beginToken":{"kind":94,"text":"s"},"endToken":{"kind":98,"text":")"}},"initializer":{"!":"com.github.javaparser.ast.expr.MethodCallExpr","range":{"beginLine":26,"beginColumn":15,"endLine":26,"endColumn":27},"tokenRange":{"beginToken":{"kind":94,"text":"openSession"},"endToken":{"kind":98,"text":")"}},"arguments":[],"name":{"!":"com.github.javaparser.ast.expr.SimpleName","range":{"beginLine":26,"beginColumn":15,"endLine":26,"endColumn":25},"tokenRange":{"beginToken":{"kind":94,"text":"openSession"},"endToken":{"kind":94,"text":"openSession"}},"identifier":"openSession"}},"name":{"!":"com.github.javaparser.ast.expr.SimpleName","range":{"beginLine":26,"beginColumn":11,"endLine":26,"endColumn":11},"tokenRange":{"beginToken":{"kind":94,"text":"s"},"endToken":{"kind":94,"text":"s"}},"identifier":"s"},"type":{"!":"com.github.javaparser.ast.type.ClassOrInterfaceType","range":{"beginLine":26,"beginColumn":3,"endLine":26,"endColumn":9},"tokenRange":{"beginToken":{"kind":94,"text":"Session"},"endToken":{"kind":94,"text":"Session"}},"name":{"!":"com.github.javaparser.ast.expr.SimpleName","range":{"beginLine":26,"beginColumn":3,"endLine":26,"endColumn":9},"tokenRange":{"beginToken":{"kind":94,"text":"Session"},"endToken":{"kind":94,"text":"Session"}},"identifier":"Session"},"annotations":[]}}]}},{"!":"com.github.javaparser.ast.stmt.ExpressionStmt","range":{"beginLine":27,"beginColumn":3,"endLine":27,"endColumn":29},"tokenRange":{"beginToken":{"kind":94,"text":"s"},"endToken":{"kind":103,"text":";"}},"expression":{"!":"com.github.javaparser.ast.expr.MethodCallExpr","range":{"beginLine":27,"beginColumn":3,"endLine":27,"endColumn":28},"tokenRange":{"beginToken":{"kind":94,"text":"s"},"endToken":{"kind":98,"text":")"}},"arguments":[],"name":{"!":"com.github.javaparser.ast.expr.SimpleName","range":{"beginLine":27,"beginColumn":22,"endLine":27,"endColumn":26},"tokenRange":{"beginToken":{"kind":94,"text":"begin"},"endToken":{"kind":94,"text":"begin"}},"identifier":"begin"},"scope":{"!":"com.github.javaparser.ast.expr.MethodCallExpr","range":{"beginLine":27,"beginColumn":3,"endLine":27,"endColumn":20},"tokenRange":{"beginToken":{"kind":94,"text":"s"},"endToken":{"kind":98,"text":")"}},"arguments":[],"name":{"!":"com.github.javaparser.ast.expr.SimpleName","range":{"beginLine":27,"beginColumn":5,"endLine":27,"endColumn":18},"tokenRange":{"beginToken":{"kind":94,"text":"getTransaction"},"endToken":{"kind":94,"text":"getTransaction"}},"identifier":"getTransaction"},"scope":{"!":"com.github.javaparser.ast.expr.NameExpr","range":{"beginLine":27,"beginColumn":3,"endLine":27,"endColumn":3},"tokenRange":{"beginToken":{"kind":94,"text":"s"},"endToken":{"kind":94,"text":"s"}},"name":{"!":"com.github.javaparser.ast.expr.SimpleName","range":{"beginLine":27,"beginColumn":3,"endLine":27,"endColumn":3},"tokenRange":{"beginToken":{"kind":94,"text":"s"},"endToken":{"kind":94,"text":"s"}},"identifier":"s"}}}}},{"!":"com.github.javaparser.ast.stmt.ExpressionStmt","range":{"beginLine":28,"beginColumn":3,"endLine":28,"endColumn":25},"tokenRange":{"beginToken":{"kind":94,"text":"b"},"endToken":{"kind":103,"text":";"}},"expression":{"!":"com.github.javaparser.ast.expr.AssignExpr","range":{"beginLine":28,"beginColumn":3,"endLine":28,"endColumn":24},"tokenRange":{"beginToken":{"kind":94,"text":"b"},"endToken":{"kind":98,"text":")"}},"operator":"ASSIGN","target":{"!":"com.github.javaparser.ast.expr.NameExpr","range":{"beginLine":28,"beginColumn":3,"endLine":28,"endColumn":3},"tokenRange":{"beginToken":{"kind":94,"text":"b"},"endToken":{"kind":94,"text":"b"}},"name":{"!":"com.github.javaparser.ast.expr.SimpleName","range":{"beginLine":28,"beginColumn":3,"endLine":28,"endColumn":3},"tokenRange":{"beginToken":{"kind":94,"text":"b"},"endToken":{"kind":94,"text":"b"}},"identifier":"b"}},"value":{"!":"com.github.javaparser.ast.expr.CastExpr","range":{"beginLine":28,"beginColumn":7,"endLine":28,"endColumn":24},"tokenRange":{"beginToken":{"kind":97,"text":"("},"endToken":{"kind":98,"text":")"}},"expression":{"!":"com.github.javaparser.ast.expr.MethodCallExpr","range":{"beginLine":28,"beginColumn":13,"endLine":28,"endColumn":24},"tokenRange":{"beginToken":{"kind":94,"text":"s"},"endToken":{"kind":98,"text":")"}},"arguments":[{"!":"com.github.javaparser.ast.expr.NameExpr","range":{"beginLine":28,"beginColumn":22,"endLine":28,"endColumn":22},"tokenRange":{"beginToken":{"kind":94,"text":"b"},"endToken":{"kind":94,"text":"b"}},"name":{"!":"com.github.javaparser.ast.expr.SimpleName","range":{"beginLine":28,"beginColumn":22,"endLine":28,"endColumn":22},"tokenRange":{"beginToken":{"kind":94,"text":"b"},"endToken":{"kind":94,"text":"b"}},"identifier":"b"}}],"name":{"!":"com.github.javaparser.ast.expr.SimpleName","range":{"beginLine":28,"beginColumn":15,"endLine":28,"endColumn":19},"tokenRange":{"beginToken":{"kind":94,"text":"merge"},"endToken":{"kind":94,"text":"merge"}},"identifier":"merge"},"scope":{"!":"com.github.javaparser.ast.expr.NameExpr","range":{"beginLine":28,"beginColumn":13,"endLine":28,"endColumn":13},"tokenRange":{"beginToken":{"kind":94,"text":"s"},"endToken":{"kind":94,"text":"s"}},"name":{"!":"com.github.javaparser.ast.expr.SimpleName","range":{"beginLine":28,"beginColumn":13,"endLine":28,"endColumn":13},"tokenRange":{"beginToken":{"kind":94,"text":"s"},"endToken":{"kind":94,"text":"s"}},"identifier":"s"}}},"type":{"!":"com.github.javaparser.ast.type.ClassOrInterfaceType","range":{"beginLine":28,"beginColumn":9,"endLine":28,"endColumn":9},"tokenRange":{"beginToken":{"kind":94,"text":"B"},"endToken":{"kind":94,"text":"B"}},"name":{"!":"com.github.javaparser.ast.expr.SimpleName","range":{"beginLine":28,"beginColumn":9,"endLine":28,"endColumn":9},"tokenRange":{"beginToken":{"kind":94,"text":"B"},"endToken":{"kind":94,"text":"B"}},"identifier":"B"},"annotations":[]}}}},{"!":"com.github.javaparser.ast.stmt.ExpressionStmt","range":{"beginLine":29,"beginColumn":3,"endLine":29,"endColumn":25},"tokenRange":{"beginToken":{"kind":94,"text":"c"},"endToken":{"kind":103,"text":";"}},"expression":{"!":"com.github.javaparser.ast.expr.AssignExpr","range":{"beginLine":29,"beginColumn":3,"endLine":29,"endColumn":24},"tokenRange":{"beginToken":{"kind":94,"text":"c"},"endToken":{"kind":98,"text":")"}},"operator":"ASSIGN","target":{"!":"com.github.javaparser.ast.expr.NameExpr","range":{"beginLine":29,"beginColumn":3,"endLine":29,"endColumn":3},"tokenRange":{"beginToken":{"kind":94,"text":"c"},"endToken":{"kind":94,"text":"c"}},"name":{"!":"com.github.javaparser.ast.expr.SimpleName","range":{"beginLine":29,"beginColumn":3,"endLine":29,"endColumn":3},"tokenRange":{"beginToken":{"kind":94,"text":"c"},"endToken":{"kind":94,"text":"c"}},"identifier":"c"}},"value":{"!":"com.github.javaparser.ast.expr.CastExpr","range":{"beginLine":29,"beginColumn":7,"endLine":29,"endColumn":24},"tokenRange":{"beginToken":{"kind":97,"text":"("},"endToken":{"kind":98,"text":")"}},"expression":{"!":"com.github.javaparser.ast.expr.MethodCallExpr","range":{"beginLine":29,"beginColumn":13,"endLine":29,"endColumn":24},"tokenRange":{"beginToken":{"kind":94,"text":"s"},"endToken":{"kind":98,"text":")"}},"arguments":[{"!":"com.github.javaparser.ast.expr.NameExpr","range":{"beginLine":29,"beginColumn":22,"endLine":29,"endColumn":22},"tokenRange":{"beginToken":{"kind":94,"text":"c"},"endToken":{"kind":94,"text":"c"}},"name":{"!":"com.github.javaparser.ast.expr.SimpleName","range":{"beginLine":29,"beginColumn":22,"endLine":29,"endColumn":22},"tokenRange":{"beginToken":{"kind":94,"text":"c"},"endToken":{"kind":94,"text":"c"}},"identifier":"c"}}],"name":{"!":"com.github.javaparser.ast.expr.SimpleName","range":{"beginLine":29,"beginColumn":15,"endLine":29,"endColumn":19},"tokenRange":{"beginToken":{"kind":94,"text":"merge"},"endToken":{"kind":94,"text":"merge"}},"identifier":"merge"},"scope":{"!":"com.github.javaparser.ast.expr.NameExpr","range":{"beginLine":29,"beginColumn":13,"endLine":29,"endColumn":13},"tokenRange":{"beginToken":{"kind":94,"text":"s"},"endToken":{"kind":94,"text":"s"}},"name":{"!":"com.github.javaparser.ast.expr.SimpleName","range":{"beginLine":29,"beginColumn":13,"endLine":29,"endColumn":13},"tokenRange":{"beginToken":{"kind":94,"text":"s"},"endToken":{"kind":94,"text":"s"}},"identifier":"s"}}},"type":{"!":"com.github.javaparser.ast.type.ClassOrInterfaceType","range":{"beginLine":29,"beginColumn":9,"endLine":29,"endColumn":9},"tokenRange":{"beginToken":{"kind":94,"text":"C"},"endToken":{"kind":94,"text":"C"}},"name":{"!":"com.github.javaparser.ast.expr.SimpleName","range":{"beginLine":29,"beginColumn":9,"endLine":29,"endColumn":9},"tokenRange":{"beginToken":{"kind":94,"text":"C"},"endToken":{"kind":94,"text":"C"}},"identifier":"C"},"annotations":[]}}}},{"!":"com.github.javaparser.ast.stmt.ExpressionStmt","range":{"beginLine":30,"beginColumn":3,"endLine":30,"endColumn":25},"tokenRange":{"beginToken":{"kind":94,"text":"d"},"endToken":{"kind":103,"text":";"}},"expression":{"!":"com.github.javaparser.ast.expr.AssignExpr","range":{"beginLine":30,"beginColumn":3,"endLine":30,"endColumn":24},"tokenRange":{"beginToken":{"kind":94,"text":"d"},"endToken":{"kind":98,"text":")"}},"operator":"ASSIGN","target":{"!":"com.github.javaparser.ast.expr.NameExpr","range":{"beginLine":30,"beginColumn":3,"endLine":30,"endColumn":3},"tokenRange":{"beginToken":{"kind":94,"text":"d"},"endToken":{"kind":94,"text":"d"}},"name":{"!":"com.github.javaparser.ast.expr.SimpleName","range":{"beginLine":30,"beginColumn":3,"endLine":30,"endColumn":3},"tokenRange":{"beginToken":{"kind":94,"text":"d"},"endToken":{"kind":94,"text":"d"}},"identifier":"d"}},"value":{"!":"com.github.javaparser.ast.expr.CastExpr","range":{"beginLine":30,"beginColumn":7,"endLine":30,"endColumn":24},"tokenRange":{"beginToken":{"kind":97,"text":"("},"endToken":{"kind":98,"text":")"}},"expression":{"!":"com.github.javaparser.ast.expr.MethodCallExpr","range":{"beginLine":30,"beginColumn":13,"endLine":30,"endColumn":24},"tokenRange":{"beginToken":{"kind":94,"text":"s"},"endToken":{"kind":98,"text":")"}},"arguments":[{"!":"com.github.javaparser.ast.expr.NameExpr","range":{"beginLine":30,"beginColumn":22,"endLine":30,"endColumn":22},"tokenRange":{"beginToken":{"kind":94,"text":"d"},"endToken":{"kind":94,"text":"d"}},"name":{"!":"com.github.javaparser.ast.expr.SimpleName","range":{"beginLine":30,"beginColumn":22,"endLine":30,"endColumn":22},"tokenRange":{"beginToken":{"kind":94,"text":"d"},"endToken":{"kind":94,"text":"d"}},"identifier":"d"}}],"name":{"!":"com.github.javaparser.ast.expr.SimpleName","range":{"beginLine":30,"beginColumn":15,"endLine":30,"endColumn":19},"tokenRange":{"beginToken":{"kind":94,"text":"merge"},"endToken":{"kind":94,"text":"merge"}},"identifier":"merge"},"scope":{"!":"com.github.javaparser.ast.expr.NameExpr","range":{"beginLine":30,"beginColumn":13,"endLine":30,"endColumn":13},"tokenRange":{"beginToken":{"kind":94,"text":"s"},"endToken":{"kind":94,"text":"s"}},"name":{"!":"com.github.javaparser.ast.expr.SimpleName","range":{"beginLine":30,"beginColumn":13,"endLine":30,"endColumn":13},"tokenRange":{"beginToken":{"kind":94,"text":"s"},"endToken":{"kind":94,"text":"s"}},"identifier":"s"}}},"type":{"!":"com.github.javaparser.ast.type.ClassOrInterfaceType","range":{"beginLine":30,"beginColumn":9,"endLine":30,"endColumn":9},"tokenRange":{"beginToken":{"kind":94,"text":"D"},"endToken":{"kind":94,"text":"D"}},"name":{"!":"com.github.javaparser.ast.expr.SimpleName","range":{"beginLine":30,"beginColumn":9,"endLine":30,"endColumn":9},"tokenRange":{"beginToken":{"kind":94,"text":"D"},"endToken":{"kind":94,"text":"D"}},"identifier":"D"},"annotations":[]}}}},{"!":"com.github.javaparser.ast.stmt.ExpressionStmt","range":{"beginLine":31,"beginColumn":3,"endLine":31,"endColumn":25},"tokenRange":{"beginToken":{"kind":94,"text":"e"},"endToken":{"kind":103,"text":";"}},"expression":{"!":"com.github.javaparser.ast.expr.AssignExpr","range":{"beginLine":31,"beginColumn":3,"endLine":31,"endColumn":24},"tokenRange":{"beginToken":{"kind":94,"text":"e"},"endToken":{"kind":98,"text":")"}},"operator":"ASSIGN","target":{"!":"com.github.javaparser.ast.expr.NameExpr","range":{"beginLine":31,"beginColumn":3,"endLine":31,"endColumn":3},"tokenRange":{"beginToken":{"kind":94,"text":"e"},"endToken":{"kind":94,"text":"e"}},"name":{"!":"com.github.javaparser.ast.expr.SimpleName","range":{"beginLine":31,"beginColumn":3,"endLine":31,"endColumn":3},"tokenRange":{"beginToken":{"kind":94,"text":"e"},"endToken":{"kind":94,"text":"e"}},"identifier":"e"}},"value":{"!":"com.github.javaparser.ast.expr.CastExpr","range":{"beginLine":31,"beginColumn":7,"endLine":31,"endColumn":24},"tokenRange":{"beginToken":{"kind":97,"text":"("},"endToken":{"kind":98,"text":")"}},"expression":{"!":"com.github.javaparser.ast.expr.MethodCallExpr","range":{"beginLine":31,"beginColumn":13,"endLine":31,"endColumn":24},"tokenRange":{"beginToken":{"kind":94,"text":"s"},"endToken":{"kind":98,"text":")"}},"arguments":[{"!":"com.github.javaparser.ast.expr.NameExpr","range":{"beginLine":31,"beginColumn":22,"endLine":31,"endColumn":22},"tokenRange":{"beginToken":{"kind":94,"text":"e"},"endToken":{"kind":94,"text":"e"}},"name":{"!":"com.github.javaparser.ast.expr.SimpleName","range":{"beginLine":31,"beginColumn":22,"endLine":31,"endColumn":22},"tokenRange":{"beginToken":{"kind":94,"text":"e"},"endToken":{"kind":94,"text":"e"}},"identifier":"e"}}],"name":{"!":"com.github.javaparser.ast.expr.SimpleName","range":{"beginLine":31,"beginColumn":15,"endLine":31,"endColumn":19},"tokenRange":{"beginToken":{"kind":94,"text":"merge"},"endToken":{"kind":94,"text":"merge"}},"identifier":"merge"},"scope":{"!":"com.github.javaparser.ast.expr.NameExpr","range":{"beginLine":31,"beginColumn":13,"endLine":31,"endColumn":13},"tokenRange":{"beginToken":{"kind":94,"text":"s"},"endToken":{"kind":94,"text":"s"}},"name":{"!":"com.github.javaparser.ast.expr.SimpleName","range":{"beginLine":31,"beginColumn":13,"endLine":31,"endColumn":13},"tokenRange":{"beginToken":{"kind":94,"text":"s"},"endToken":{"kind":94,"text":"s"}},"identifier":"s"}}},"type":{"!":"com.github.javaparser.ast.type.ClassOrInterfaceType","range":{"beginLine":31,"beginColumn":9,"endLine":31,"endColumn":9},"tokenRange":{"beginToken":{"kind":94,"text":"E"},"endToken":{"kind":94,"text":"E"}},"name":{"!":"com.github.javaparser.ast.expr.SimpleName","range":{"beginLine":31,"beginColumn":9,"endLine":31,"endColumn":9},"tokenRange":{"beginToken":{"kind":94,"text":"E"},"endToken":{"kind":94,"text":"E"}},"identifier":"E"},"annotations":[]}}}},{"!":"com.github.javaparser.ast.stmt.ExpressionStmt","range":{"beginLine":32,"beginColumn":3,"endLine":32,"endColumn":25},"tokenRange":{"beginToken":{"kind":94,"text":"f"},"endToken":{"kind":103,"text":";"}},"expression":{"!":"com.github.javaparser.ast.expr.AssignExpr","range":{"beginLine":32,"beginColumn":3,"endLine":32,"endColumn":24},"tokenRange":{"beginToken":{"kind":94,"text":"f"},"endToken":{"kind":98,"text":")"}},"operator":"ASSIGN","target":{"!":"com.github.javaparser.ast.expr.NameExpr","range":{"beginLine":32,"beginColumn":3,"endLine":32,"endColumn":3},"tokenRange":{"beginToken":{"kind":94,"text":"f"},"endToken":{"kind":94,"text":"f"}},"name":{"!":"com.github.javaparser.ast.expr.SimpleName","range":{"beginLine":32,"beginColumn":3,"endLine":32,"endColumn":3},"tokenRange":{"beginToken":{"kind":94,"text":"f"},"endToken":{"kind":94,"text":"f"}},"identifier":"f"}},"value":{"!":"com.github.javaparser.ast.expr.CastExpr","range":{"beginLine":32,"beginColumn":7,"endLine":32,"endColumn":24},"tokenRange":{"beginToken":{"kind":97,"text":"("},"endToken":{"kind":98,"text":")"}},"expression":{"!":"com.github.javaparser.ast.expr.MethodCallExpr","range":{"beginLine":32,"beginColumn":13,"endLine":32,"endColumn":24},"tokenRange":{"beginToken":{"kind":94,"text":"s"},"endToken":{"kind":98,"text":")"}},"arguments":[{"!":"com.github.javaparser.ast.expr.NameExpr","range":{"beginLine":32,"beginColumn":22,"endLine":32,"endColumn":22},"tokenRange":{"beginToken":{"kind":94,"text":"f"},"endToken":{"kind":94,"text":"f"}},"name":{"!":"com.github.javaparser.ast.expr.SimpleName","range":{"beginLine":32,"beginColumn":22,"endLine":32,"endColumn":22},"tokenRange":{"beginToken":{"kind":94,"text":"f"},"endToken":{"kind":94,"text":"f"}},"identifier":"f"}}],"name":{"!":"com.github.javaparser.ast.expr.SimpleName","range":{"beginLine":32,"beginColumn":15,"endLine":32,"endColumn":19},"tokenRange":{"beginToken":{"kind":94,"text":"merge"},"endToken":{"kind":94,"text":"merge"}},"identifier":"merge"},"scope":{"!":"com.github.javaparser.ast.expr.NameExpr","range":{"beginLine":32,"beginColumn":13,"endLine":32,"endColumn":13},"tokenRange":{"beginToken":{"kind":94,"text":"s"},"endToken":{"kind":94,"text":"s"}},"name":{"!":"com.github.javaparser.ast.expr.SimpleName","range":{"beginLine":32,"beginColumn":13,"endLine":32,"endColumn":13},"tokenRange":{"beginToken":{"kind":94,"text":"s"},"endToken":{"kind":94,"text":"s"}},"identifier":"s"}}},"type":{"!":"com.github.javaparser.ast.type.ClassOrInterfaceType","range":{"beginLine":32,"beginColumn":9,"endLine":32,"endColumn":9},"tokenRange":{"beginToken":{"kind":94,"text":"F"},"endToken":{"kind":94,"text":"F"}},"name":{"!":"com.github.javaparser.ast.expr.SimpleName","range":{"beginLine":32,"beginColumn":9,"endLine":32,"endColumn":9},"tokenRange":{"beginToken":{"kind":94,"text":"F"},"endToken":{"kind":94,"text":"F"}},"identifier":"F"},"annotations":[]}}}},{"!":"com.github.javaparser.ast.stmt.ExpressionStmt","range":{"beginLine":33,"beginColumn":3,"endLine":33,"endColumn":25},"tokenRange":{"beginToken":{"kind":94,"text":"g"},"endToken":{"kind":103,"text":";"}},"expression":{"!":"com.github.javaparser.ast.expr.AssignExpr","range":{"beginLine":33,"beginColumn":3,"endLine":33,"endColumn":24},"tokenRange":{"beginToken":{"kind":94,"text":"g"},"endToken":{"kind":98,"text":")"}},"operator":"ASSIGN","target":{"!":"com.github.javaparser.ast.expr.NameExpr","range":{"beginLine":33,"beginColumn":3,"endLine":33,"endColumn":3},"tokenRange":{"beginToken":{"kind":94,"text":"g"},"endToken":{"kind":94,"text":"g"}},"name":{"!":"com.github.javaparser.ast.expr.SimpleName","range":{"beginLine":33,"beginColumn":3,"endLine":33,"endColumn":3},"tokenRange":{"beginToken":{"kind":94,"text":"g"},"endToken":{"kind":94,"text":"g"}},"identifier":"g"}},"value":{"!":"com.github.javaparser.ast.expr.CastExpr","range":{"beginLine":33,"beginColumn":7,"endLine":33,"endColumn":24},"tokenRange":{"beginToken":{"kind":97,"text":"("},"endToken":{"kind":98,"text":")"}},"expression":{"!":"com.github.javaparser.ast.expr.MethodCallExpr","range":{"beginLine":33,"beginColumn":13,"endLine":33,"endColumn":24},"tokenRange":{"beginToken":{"kind":94,"text":"s"},"endToken":{"kind":98,"text":")"}},"arguments":[{"!":"com.github.javaparser.ast.expr.NameExpr","range":{"beginLine":33,"beginColumn":22,"endLine":33,"endColumn":22},"tokenRange":{"beginToken":{"kind":94,"text":"g"},"endToken":{"kind":94,"text":"g"}},"name":{"!":"com.github.javaparser.ast.expr.SimpleName","range":{"beginLine":33,"beginColumn":22,"endLine":33,"endColumn":22},"tokenRange":{"beginToken":{"kind":94,"text":"g"},"endToken":{"kind":94,"text":"g"}},"identifier":"g"}}],"name":{"!":"com.github.javaparser.ast.expr.SimpleName","range":{"beginLine":33,"beginColumn":15,"endLine":33,"endColumn":19},"tokenRange":{"beginToken":{"kind":94,"text":"merge"},"endToken":{"kind":94,"text":"merge"}},"identifier":"merge"},"scope":{"!":"com.github.javaparser.ast.expr.NameExpr","range":{"beginLine":33,"beginColumn":13,"endLine":33,"endColumn":13},"tokenRange":{"beginToken":{"kind":94,"text":"s"},"endToken":{"kind":94,"text":"s"}},"name":{"!":"com.github.javaparser.ast.expr.SimpleName","range":{"beginLine":33,"beginColumn":13,"endLine":33,"endColumn":13},"tokenRange":{"beginToken":{"kind":94,"text":"s"},"endToken":{"kind":94,"text":"s"}},"identifier":"s"}}},"type":{"!":"com.github.javaparser.ast.type.ClassOrInterfaceType","range":{"beginLine":33,"beginColumn":9,"endLine":33,"endColumn":9},"tokenRange":{"beginToken":{"kind":94,"text":"G"},"endToken":{"kind":94,"text":"G"}},"name":{"!":"com.github.javaparser.ast.expr.SimpleName","range":{"beginLine":33,"beginColumn":9,"endLine":33,"endColumn":9},"tokenRange":{"beginToken":{"kind":94,"text":"G"},"endToken":{"kind":94,"text":"G"}},"identifier":"G"},"annotations":[]}}}},{"!":"com.github.javaparser.ast.stmt.ExpressionStmt","range":{"beginLine":34,"beginColumn":3,"endLine":34,"endColumn":16},"tokenRange":{"beginToken":{"kind":94,"text":"s"},"endToken":{"kind":103,"text":";"}},"expression":{"!":"com.github.javaparser.ast.expr.MethodCallExpr","range":{"beginLine":34,"beginColumn":3,"endLine":34,"endColumn":15},"tokenRange":{"beginToken":{"kind":94,"text":"s"},"endToken":{"kind":98,"text":")"}},"arguments":[{"!":"com.github.javaparser.ast.expr.NameExpr","range":{"beginLine":34,"beginColumn":13,"endLine":34,"endColumn":13},"tokenRange":{"beginToken":{"kind":94,"text":"f"},"endToken":{"kind":94,"text":"f"}},"name":{"!":"com.github.javaparser.ast.expr.SimpleName","range":{"beginLine":34,"beginColumn":13,"endLine":34,"endColumn":13},"tokenRange":{"beginToken":{"kind":94,"text":"f"},"endToken":{"kind":94,"text":"f"}},"identifier":"f"}}],"name":{"!":"com.github.javaparser.ast.expr.SimpleName","range":{"beginLine":34,"beginColumn":5,"endLine":34,"endColumn":10},"tokenRange":{"beginToken":{"kind":94,"text":"delete"},"endToken":{"kind":94,"text":"delete"}},"identifier":"delete"},"scope":{"!":"com.github.javaparser.ast.expr.NameExpr","range":{"beginLine":34,"beginColumn":3,"endLine":34,"endColumn":3},"tokenRange":{"beginToken":{"kind":94,"text":"s"},"endToken":{"kind":94,"text":"s"}},"name":{"!":"com.github.javaparser.ast.expr.SimpleName","range":{"beginLine":34,"beginColumn":3,"endLine":34,"endColumn":3},"tokenRange":{"beginToken":{"kind":94,"text":"s"},"endToken":{"kind":94,"text":"s"}},"identifier":"s"}}}},{"!":"com.github.javaparser.ast.stmt.ExpressionStmt","range":{"beginLine":35,"beginColumn":3,"endLine":35,"endColumn":16},"tokenRange":{"beginToken":{"kind":94,"text":"s"},"endToken":{"kind":103,"text":";"}},"expression":{"!":"com.github.javaparser.ast.expr.MethodCallExpr","range":{"beginLine":35,"beginColumn":3,"endLine":35,"endColumn":15},"tokenRange":{"beginToken":{"kind":94,"text":"s"},"endToken":{"kind":98,"text":")"}},"arguments":[{"!":"com.github.javaparser.ast.expr.NameExpr","range":{"beginLine":35,"beginColumn":13,"endLine":35,"endColumn":13},"tokenRange":{"beginToken":{"kind":94,"text":"g"},"endToken":{"kind":94,"text":"g"}},"name":{"!":"com.github.javaparser.ast.expr.SimpleName","range":{"beginLine":35,"beginColumn":13,"endLine":35,"endColumn":13},"tokenRange":{"beginToken":{"kind":94,"text":"g"},"endToken":{"kind":94,"text":"g"}},"identifier":"g"}}],"name":{"!":"com.github.javaparser.ast.expr.SimpleName","range":{"beginLine":35,"beginColumn":5,"endLine":35,"endColumn":10},"tokenRange":{"beginToken":{"kind":94,"text":"delete"},"endToken":{"kind":94,"text":"delete"}},"identifier":"delete"},"scope":{"!":"com.github.javaparser.ast.expr.NameExpr","range":{"beginLine":35,"beginColumn":3,"endLine":35,"endColumn":3},"tokenRange":{"beginToken":{"kind":94,"text":"s"},"endToken":{"kind":94,"text":"s"}},"name":{"!":"com.github.javaparser.ast.expr.SimpleName","range":{"beginLine":35,"beginColumn":3,"endLine":35,"endColumn":3},"tokenRange":{"beginToken":{"kind":94,"text":"s"},"endToken":{"kind":94,"text":"s"}},"identifier":"s"}}}},{"!":"com.github.javaparser.ast.stmt.ExpressionStmt","range":{"beginLine":36,"beginColumn":3,"endLine":36,"endColumn":16},"tokenRange":{"beginToken":{"kind":94,"text":"s"},"endToken":{"kind":103,"text":";"}},"expression":{"!":"com.github.javaparser.ast.expr.MethodCallExpr","range":{"beginLine":36,"beginColumn":3,"endLine":36,"endColumn":15},"tokenRange":{"beginToken":{"kind":94,"text":"s"},"endToken":{"kind":98,"text":")"}},"arguments":[{"!":"com.github.javaparser.ast.expr.NameExpr","range":{"beginLine":36,"beginColumn":13,"endLine":36,"endColumn":13},"tokenRange":{"beginToken":{"kind":94,"text":"b"},"endToken":{"kind":94,"text":"b"}},"name":{"!":"com.github.javaparser.ast.expr.SimpleName","range":{"beginLine":36,"beginColumn":13,"endLine":36,"endColumn":13},"tokenRange":{"beginToken":{"kind":94,"text":"b"},"endToken":{"kind":94,"text":"b"}},"identifier":"b"}}],"name":{"!":"com.github.javaparser.ast.expr.SimpleName","range":{"beginLine":36,"beginColumn":5,"endLine":36,"endColumn":10},"tokenRange":{"beginToken":{"kind":94,"text":"delete"},"endToken":{"kind":94,"text":"delete"}},"identifier":"delete"},"scope":{"!":"com.github.javaparser.ast.expr.NameExpr","range":{"beginLine":36,"beginColumn":3,"endLine":36,"endColumn":3},"tokenRange":{"beginToken":{"kind":94,"text":"s"},"endToken":{"kind":94,"text":"s"}},"name":{"!":"com.github.javaparser.ast.expr.SimpleName","range":{"beginLine":36,"beginColumn":3,"endLine":36,"endColumn":3},"tokenRange":{"beginToken":{"kind":94,"text":"s"},"endToken":{"kind":94,"text":"s"}},"identifier":"s"}}}},{"!":"com.github.javaparser.ast.stmt.ExpressionStmt","range":{"beginLine":37,"beginColumn":3,"endLine":37,"endColumn":16},"tokenRange":{"beginToken":{"kind":94,"text":"s"},"endToken":{"kind":103,"text":";"}},"expression":{"!":"com.github.javaparser.ast.expr.MethodCallExpr","range":{"beginLine":37,"beginColumn":3,"endLine":37,"endColumn":15},"tokenRange":{"beginToken":{"kind":94,"text":"s"},"endToken":{"kind":98,"text":")"}},"arguments":[{"!":"com.github.javaparser.ast.expr.NameExpr","range":{"beginLine":37,"beginColumn":13,"endLine":37,"endColumn":13},"tokenRange":{"beginToken":{"kind":94,"text":"d"},"endToken":{"kind":94,"text":"d"}},"name":{"!":"com.github.javaparser.ast.expr.SimpleName","range":{"beginLine":37,"beginColumn":13,"endLine":37,"endColumn":13},"tokenRange":{"beginToken":{"kind":94,"text":"d"},"endToken":{"kind":94,"text":"d"}},"identifier":"d"}}],"name":{"!":"com.github.javaparser.ast.expr.SimpleName","range":{"beginLine":37,"beginColumn":5,"endLine":37,"endColumn":10},"tokenRange":{"beginToken":{"kind":94,"text":"delete"},"endToken":{"kind":94,"text":"delete"}},"identifier":"delete"},"scope":{"!":"com.github.javaparser.ast.expr.NameExpr","range":{"beginLine":37,"beginColumn":3,"endLine":37,"endColumn":3},"tokenRange":{"beginToken":{"kind":94,"text":"s"},"endToken":{"kind":94,"text":"s"}},"name":{"!":"com.github.javaparser.ast.expr.SimpleName","range":{"beginLine":37,"beginColumn":3,"endLine":37,"endColumn":3},"tokenRange":{"beginToken":{"kind":94,"text":"s"},"endToken":{"kind":94,"text":"s"}},"identifier":"s"}}}},{"!":"com.github.javaparser.ast.stmt.ExpressionStmt","range":{"beginLine":38,"beginColumn":3,"endLine":38,"endColumn":16},"tokenRange":{"beginToken":{"kind":94,"text":"s"},"endToken":{"kind":103,"text":";"}},"expression":{"!":"com.github.javaparser.ast.expr.MethodCallExpr","range":{"beginLine":38,"beginColumn":3,"endLine":38,"endColumn":15},"tokenRange":{"beginToken":{"kind":94,"text":"s"},"endToken":{"kind":98,"text":")"}},"arguments":[{"!":"com.github.javaparser.ast.expr.NameExpr","range":{"beginLine":38,"beginColumn":13,"endLine":38,"endColumn":13},"tokenRange":{"beginToken":{"kind":94,"text":"e"},"endToken":{"kind":94,"text":"e"}},"name":{"!":"com.github.javaparser.ast.expr.SimpleName","range":{"beginLine":38,"beginColumn":13,"endLine":38,"endColumn":13},"tokenRange":{"beginToken":{"kind":94,"text":"e"},"endToken":{"kind":94,"text":"e"}},"identifier":"e"}}],"name":{"!":"com.github.javaparser.ast.expr.SimpleName","range":{"beginLine":38,"beginColumn":5,"endLine":38,"endColumn":10},"tokenRange":{"beginToken":{"kind":94,"text":"delete"},"endToken":{"kind":94,"text":"delete"}},"identifier":"delete"},"scope":{"!":"com.github.javaparser.ast.expr.NameExpr","range":{"beginLine":38,"beginColumn":3,"endLine":38,"endColumn":3},"tokenRange":{"beginToken":{"kind":94,"text":"s"},"endToken":{"kind":94,"text":"s"}},"name":{"!":"com.github.javaparser.ast.expr.SimpleName","range":{"beginLine":38,"beginColumn":3,"endLine":38,"endColumn":3},"tokenRange":{"beginToken":{"kind":94,"text":"s"},"endToken":{"kind":94,"text":"s"}},"identifier":"s"}}}},{"!":"com.github.javaparser.ast.stmt.ExpressionStmt","range":{"beginLine":39,"beginColumn":3,"endLine":39,"endColumn":16},"tokenRange":{"beginToken":{"kind":94,"text":"s"},"endToken":{"kind":103,"text":";"}},"expression":{"!":"com.github.javaparser.ast.expr.MethodCallExpr","range":{"beginLine":39,"beginColumn":3,"endLine":39,"endColumn":15},"tokenRange":{"beginToken":{"kind":94,"text":"s"},"endToken":{"kind":98,"text":")"}},"arguments":[{"!":"com.github.javaparser.ast.expr.NameExpr","range":{"beginLine":39,"beginColumn":13,"endLine":39,"endColumn":13},"tokenRange":{"beginToken":{"kind":94,"text":"c"},"endToken":{"kind":94,"text":"c"}},"name":{"!":"com.github.javaparser.ast.expr.SimpleName","range":{"beginLine":39,"beginColumn":13,"endLine":39,"endColumn":13},"tokenRange":{"beginToken":{"kind":94,"text":"c"},"endToken":{"kind":94,"text":"c"}},"identifier":"c"}}],"name":{"!":"com.github.javaparser.ast.expr.SimpleName","range":{"beginLine":39,"beginColumn":5,"endLine":39,"endColumn":10},"tokenRange":{"beginToken":{"kind":94,"text":"delete"},"endToken":{"kind":94,"text":"delete"}},"identifier":"delete"},"scope":{"!":"com.github.javaparser.ast.expr.NameExpr","range":{"beginLine":39,"beginColumn":3,"endLine":39,"endColumn":3},"tokenRange":{"beginToken":{"kind":94,"text":"s"},"endToken":{"kind":94,"text":"s"}},"name":{"!":"com.github.javaparser.ast.expr.SimpleName","range":{"beginLine":39,"beginColumn":3,"endLine":39,"endColumn":3},"tokenRange":{"beginToken":{"kind":94,"text":"s"},"endToken":{"kind":94,"text":"s"}},"identifier":"s"}}}},{"!":"com.github.javaparser.ast.stmt.ExpressionStmt","range":{"beginLine":40,"beginColumn":3,"endLine":40,"endColumn":30},"tokenRange":{"beginToken":{"kind":94,"text":"s"},"endToken":{"kind":103,"text":";"}},"expression":{"!":"com.github.javaparser.ast.expr.MethodCallExpr","range":{"beginLine":40,"beginColumn":3,"endLine":40,"endColumn":29},"tokenRange":{"beginToken":{"kind":94,"text":"s"},"endToken":{"kind":98,"text":")"}},"arguments":[],"name":{"!":"com.github.javaparser.ast.expr.SimpleName","range":{"beginLine":40,"beginColumn":22,"endLine":40,"endColumn":27},"tokenRange":{"beginToken":{"kind":94,"text":"commit"},"endToken":{"kind":94,"text":"commit"}},"identifier":"commit"},"scope":{"!":"com.github.javaparser.ast.expr.MethodCallExpr","range":{"beginLine":40,"beginColumn":3,"endLine":40,"endColumn":20},"tokenRange":{"beginToken":{"kind":94,"text":"s"},"endToken":{"kind":98,"text":")"}},"arguments":[],"name":{"!":"com.github.javaparser.ast.expr.SimpleName","range":{"beginLine":40,"beginColumn":5,"endLine":40,"endColumn":18},"tokenRange":{"beginToken":{"kind":94,"text":"getTransaction"},"endToken":{"kind":94,"text":"getTransaction"}},"identifier":"getTransaction"},"scope":{"!":"com.github.javaparser.ast.expr.NameExpr","range":{"beginLine":40,"beginColumn":3,"endLine":40,"endColumn":3},"tokenRange":{"beginToken":{"kind":94,"text":"s"},"endToken":{"kind":94,"text":"s"}},"name":{"!":"com.github.javaparser.ast.expr.SimpleName","range":{"beginLine":40,"beginColumn":3,"endLine":40,"endColumn":3},"tokenRange":{"beginToken":{"kind":94,"text":"s"},"endToken":{"kind":94,"text":"s"}},"identifier":"s"}}}}},{"!":"com.github.javaparser.ast.stmt.ExpressionStmt","range":{"beginLine":41,"beginColumn":3,"endLine":41,"endColumn":12},"tokenRange":{"beginToken":{"kind":94,"text":"s"},"endToken":{"kind":103,"text":";"}},"expression":{"!":"com.github.javaparser.ast.expr.MethodCallExpr","range":{"beginLine":41,"beginColumn":3,"endLine":41,"endColumn":11},"tokenRange":{"beginToken":{"kind":94,"text":"s"},"endToken":{"kind":98,"text":")"}},"arguments":[],"name":{"!":"com.github.javaparser.ast.expr.SimpleName","range":{"beginLine":41,"beginColumn":5,"endLine":41,"endColumn":9},"tokenRange":{"beginToken":{"kind":94,"text":"close"},"endToken":{"kind":94,"text":"close"}},"identifier":"close"},"scope":{"!":"com.github.javaparser.ast.expr.NameExpr","range":{"beginLine":41,"beginColumn":3,"endLine":41,"endColumn":3},"tokenRange":{"beginToken":{"kind":94,"text":"s"},"endToken":{"kind":94,"text":"s"}},"name":{"!":"com.github.javaparser.ast.expr.SimpleName","range":{"beginLine":41,"beginColumn":3,"endLine":41,"endColumn":3},"tokenRange":{"beginToken":{"kind":94,"text":"s"},"endToken":{"kind":94,"text":"s"}},"identifier":"s"}}}}]},"type":{"!":"com.github.javaparser.ast.type.VoidType","range":{"beginLine":3,"beginColumn":9,"endLine":3,"endColumn":12},"tokenRange":{"beginToken":{"kind":62,"text":"void"},"endToken":{"kind":62,"text":"void"}},"annotations":[]},"modifiers":[{"!":"com.github.javaparser.ast.Modifier","range":{"beginLine":3,"beginColumn":2,"endLine":3,"endColumn":7},"tokenRange":{"beginToken":{"kind":47,"text":"public"},"endToken":{"kind":47,"text":"public"}},"keyword":"PUBLIC"}],"name":{"!":"com.github.javaparser.ast.expr.SimpleName","range":{"beginLine":3,"beginColumn":14,"endLine":3,"endColumn":20},"tokenRange":{"beginToken":{"kind":94,"text":"cleanup"},"endToken":{"kind":94,"text":"cleanup"}},"identifier":"cleanup"},"parameters":[],"thrownExceptions":[],"typeParameters":[],"annotations":[{"!":"com.github.javaparser.ast.expr.MarkerAnnotationExpr","range":{"beginLine":2,"beginColumn":2,"endLine":2,"endColumn":7},"tokenRange":{"beginToken":{"kind":107,"text":"@"},"endToken":{"kind":94,"text":"After"}},"name":{"!":"com.github.javaparser.ast.expr.Name","range":{"beginLine":2,"beginColumn":3,"endLine":2,"endColumn":7},"tokenRange":{"beginToken":{"kind":94,"text":"After"},"endToken":{"kind":94,"text":"After"}},"identifier":"After"}}]}],"modifiers":[],"name":{"!":"com.github.javaparser.ast.expr.SimpleName","range":{"beginLine":1,"beginColumn":7,"endLine":1,"endColumn":10},"tokenRange":{"beginToken":{"kind":94,"text":"Test"},"endToken":{"kind":94,"text":"Test"}},"identifier":"Test"},"annotations":[]}]}