{"!":"com.github.javaparser.ast.CompilationUnit","range":{"beginLine":1,"beginColumn":1,"endLine":43,"endColumn":2},"tokenRange":{"beginToken":{"kind":19,"text":"class"},"endToken":{"kind":0,"text":""}},"imports":[],"types":[{"!":"com.github.javaparser.ast.body.ClassOrInterfaceDeclaration","range":{"beginLine":1,"beginColumn":1,"endLine":43,"endColumn":2},"tokenRange":{"beginToken":{"kind":19,"text":"class"},"endToken":{"kind":100,"text":"}"}},"extendedTypes":[],"implementedTypes":[],"isInterface":"false","typeParameters":[],"members":[{"!":"com.github.javaparser.ast.body.MethodDeclaration","range":{"beginLine":2,"beginColumn":2,"endLine":41,"endColumn":2},"tokenRange":{"beginToken":{"kind":45,"text":"private"},"endToken":{"kind":100,"text":"}"}},"body":{"!":"com.github.javaparser.ast.stmt.BlockStmt","range":{"beginLine":2,"beginColumn":115,"endLine":41,"endColumn":2},"tokenRange":{"beginToken":{"kind":99,"text":"{"},"endToken":{"kind":100,"text":"}"}},"statements":[{"!":"com.github.javaparser.ast.stmt.ExpressionStmt","range":{"beginLine":3,"beginColumn":3,"endLine":3,"endColumn":52},"tokenRange":{"beginToken":{"kind":94,"text":"binding"},"endToken":{"kind":103,"text":";"}},"expression":{"!":"com.github.javaparser.ast.expr.MethodCallExpr","range":{"beginLine":3,"beginColumn":3,"endLine":3,"endColumn":51},"tokenRange":{"beginToken":{"kind":94,"text":"binding"},"endToken":{"kind":98,"text":")"}},"arguments":[{"!":"com.github.javaparser.ast.expr.MethodCallExpr","range":{"beginLine":3,"beginColumn":27,"endLine":3,"endColumn":49},"tokenRange":{"beginToken":{"kind":94,"text":"source"},"endToken":{"kind":98,"text":")"}},"arguments":[],"name":{"!":"com.github.javaparser.ast.expr.SimpleName","range":{"beginLine":3,"beginColumn":34,"endLine":3,"endColumn":47},"tokenRange":{"beginToken":{"kind":94,"text":"getFetchTiming"},"endToken":{"kind":94,"text":"getFetchTiming"}},"identifier":"getFetchTiming"},"scope":{"!":"com.github.javaparser.ast.expr.NameExpr","range":{"beginLine":3,"beginColumn":27,"endLine":3,"endColumn":32},"tokenRange":{"beginToken":{"kind":94,"text":"source"},"endToken":{"kind":94,"text":"source"}},"name":{"!":"com.github.javaparser.ast.expr.SimpleName","range":{"beginLine":3,"beginColumn":27,"endLine":3,"endColumn":32},"tokenRange":{"beginToken":{"kind":94,"text":"source"},"endToken":{"kind":94,"text":"source"}},"identifier":"source"}}}],"name":{"!":"com.github.javaparser.ast.expr.SimpleName","range":{"beginLine":3,"beginColumn":11,"endLine":3,"endColumn":24},"tokenRange":{"beginToken":{"kind":94,"text":"setFetchTiming"},"endToken":{"kind":94,"text":"setFetchTiming"}},"identifier":"setFetchTiming"},"scope":{"!":"com.github.javaparser.ast.expr.NameExpr","range":{"beginLine":3,"beginColumn":3,"endLine":3,"endColumn":9},"tokenRange":{"beginToken":{"kind":94,"text":"binding"},"endToken":{"kind":94,"text":"binding"}},"name":{"!":"com.github.javaparser.ast.expr.SimpleName","range":{"beginLine":3,"beginColumn":3,"endLine":3,"endColumn":9},"tokenRange":{"beginToken":{"kind":94,"text":"binding"},"endToken":{"kind":94,"text":"binding"}},"identifier":"binding"}}}},{"!":"com.github.javaparser.ast.stmt.ExpressionStmt","range":{"beginLine":4,"beginColumn":3,"endLine":4,"endColumn":50},"tokenRange":{"beginToken":{"kind":94,"text":"binding"},"endToken":{"kind":103,"text":";"}},"expression":{"!":"com.github.javaparser.ast.expr.MethodCallExpr","range":{"beginLine":4,"beginColumn":3,"endLine":4,"endColumn":49},"tokenRange":{"beginToken":{"kind":94,"text":"binding"},"endToken":{"kind":98,"text":")"}},"arguments":[{"!":"com.github.javaparser.ast.expr.MethodCallExpr","range":{"beginLine":4,"beginColumn":26,"endLine":4,"endColumn":47},"tokenRange":{"beginToken":{"kind":94,"text":"source"},"endToken":{"kind":98,"text":")"}},"arguments":[],"name":{"!":"com.github.javaparser.ast.expr.SimpleName","range":{"beginLine":4,"beginColumn":33,"endLine":4,"endColumn":45},"tokenRange":{"beginToken":{"kind":94,"text":"getFetchStyle"},"endToken":{"kind":94,"text":"getFetchStyle"}},"identifier":"getFetchStyle"},"scope":{"!":"com.github.javaparser.ast.expr.NameExpr","range":{"beginLine":4,"beginColumn":26,"endLine":4,"endColumn":31},"tokenRange":{"beginToken":{"kind":94,"text":"source"},"endToken":{"kind":94,"text":"source"}},"name":{"!":"com.github.javaparser.ast.expr.SimpleName","range":{"beginLine":4,"beginColumn":26,"endLine":4,"endColumn":31},"tokenRange":{"beginToken":{"kind":94,"text":"source"},"endToken":{"kind":94,"text":"source"}},"identifier":"source"}}}],"name":{"!":"com.github.javaparser.ast.expr.SimpleName","range":{"beginLine":4,"beginColumn":11,"endLine":4,"endColumn":23},"tokenRange":{"beginToken":{"kind":94,"text":"setFetchStyle"},"endToken":{"kind":94,"text":"setFetchStyle"}},"identifier":"setFetchStyle"},"scope":{"!":"com.github.javaparser.ast.expr.NameExpr","range":{"beginLine":4,"beginColumn":3,"endLine":4,"endColumn":9},"tokenRange":{"beginToken":{"kind":94,"text":"binding"},"endToken":{"kind":94,"text":"binding"}},"name":{"!":"com.github.javaparser.ast.expr.SimpleName","range":{"beginLine":4,"beginColumn":3,"endLine":4,"endColumn":9},"tokenRange":{"beginToken":{"kind":94,"text":"binding"},"endToken":{"kind":94,"text":"binding"}},"identifier":"binding"}}}},{"!":"com.github.javaparser.ast.stmt.ExpressionStmt","range":{"beginLine":5,"beginColumn":3,"endLine":5,"endColumn":56},"tokenRange":{"beginToken":{"kind":94,"text":"binding"},"endToken":{"kind":103,"text":";"}},"expression":{"!":"com.github.javaparser.ast.expr.MethodCallExpr","range":{"beginLine":5,"beginColumn":3,"endLine":5,"endColumn":55},"tokenRange":{"beginToken":{"kind":94,"text":"binding"},"endToken":{"kind":98,"text":")"}},"arguments":[{"!":"com.github.javaparser.ast.expr.MethodCallExpr","range":{"beginLine":5,"beginColumn":29,"endLine":5,"endColumn":53},"tokenRange":{"beginToken":{"kind":94,"text":"source"},"endToken":{"kind":98,"text":")"}},"arguments":[],"name":{"!":"com.github.javaparser.ast.expr.SimpleName","range":{"beginLine":5,"beginColumn":36,"endLine":5,"endColumn":51},"tokenRange":{"beginToken":{"kind":94,"text":"getCascadeStyles"},"endToken":{"kind":94,"text":"getCascadeStyles"}},"identifier":"getCascadeStyles"},"scope":{"!":"com.github.javaparser.ast.expr.NameExpr","range":{"beginLine":5,"beginColumn":29,"endLine":5,"endColumn":34},"tokenRange":{"beginToken":{"kind":94,"text":"source"},"endToken":{"kind":94,"text":"source"}},"name":{"!":"com.github.javaparser.ast.expr.SimpleName","range":{"beginLine":5,"beginColumn":29,"endLine":5,"endColumn":34},"tokenRange":{"beginToken":{"kind":94,"text":"source"},"endToken":{"kind":94,"text":"source"}},"identifier":"source"}}}],"name":{"!":"com.github.javaparser.ast.expr.SimpleName","range":{"beginLine":5,"beginColumn":11,"endLine":5,"endColumn":26},"tokenRange":{"beginToken":{"kind":94,"text":"setCascadeStyles"},"endToken":{"kind":94,"text":"setCascadeStyles"}},"identifier":"setCascadeStyles"},"scope":{"!":"com.github.javaparser.ast.expr.NameExpr","range":{"beginLine":5,"beginColumn":3,"endLine":5,"endColumn":9},"tokenRange":{"beginToken":{"kind":94,"text":"binding"},"endToken":{"kind":94,"text":"binding"}},"name":{"!":"com.github.javaparser.ast.expr.SimpleName","range":{"beginLine":5,"beginColumn":3,"endLine":5,"endColumn":9},"tokenRange":{"beginToken":{"kind":94,"text":"binding"},"endToken":{"kind":94,"text":"binding"}},"identifier":"binding"}}}},{"!":"com.github.javaparser.ast.stmt.ExpressionStmt","range":{"beginLine":7,"beginColumn":3,"endLine":7,"endColumn":44},"tokenRange":{"beginToken":{"kind":94,"text":"binding"},"endToken":{"kind":103,"text":";"}},"expression":{"!":"com.github.javaparser.ast.expr.MethodCallExpr","range":{"beginLine":7,"beginColumn":3,"endLine":7,"endColumn":43},"tokenRange":{"beginToken":{"kind":94,"text":"binding"},"endToken":{"kind":98,"text":")"}},"arguments":[{"!":"com.github.javaparser.ast.expr.MethodCallExpr","range":{"beginLine":7,"beginColumn":23,"endLine":7,"endColumn":41},"tokenRange":{"beginToken":{"kind":94,"text":"source"},"endToken":{"kind":98,"text":")"}},"arguments":[],"name":{"!":"com.github.javaparser.ast.expr.SimpleName","range":{"beginLine":7,"beginColumn":30,"endLine":7,"endColumn":39},"tokenRange":{"beginToken":{"kind":94,"text":"getCaching"},"endToken":{"kind":94,"text":"getCaching"}},"identifier":"getCaching"},"scope":{"!":"com.github.javaparser.ast.expr.NameExpr","range":{"beginLine":7,"beginColumn":23,"endLine":7,"endColumn":28},"tokenRange":{"beginToken":{"kind":94,"text":"source"},"endToken":{"kind":94,"text":"source"}},"name":{"!":"com.github.javaparser.ast.expr.SimpleName","range":{"beginLine":7,"beginColumn":23,"endLine":7,"endColumn":28},"tokenRange":{"beginToken":{"kind":94,"text":"source"},"endToken":{"kind":94,"text":"source"}},"identifier":"source"}}}],"name":{"!":"com.github.javaparser.ast.expr.SimpleName","range":{"beginLine":7,"beginColumn":11,"endLine":7,"endColumn":20},"tokenRange":{"beginToken":{"kind":94,"text":"setCaching"},"endToken":{"kind":94,"text":"setCaching"}},"identifier":"setCaching"},"scope":{"!":"com.github.javaparser.ast.expr.NameExpr","range":{"beginLine":7,"beginColumn":3,"endLine":7,"endColumn":9},"tokenRange":{"beginToken":{"kind":94,"text":"binding"},"endToken":{"kind":94,"text":"binding"}},"name":{"!":"com.github.javaparser.ast.expr.SimpleName","range":{"beginLine":7,"beginColumn":3,"endLine":7,"endColumn":9},"tokenRange":{"beginToken":{"kind":94,"text":"binding"},"endToken":{"kind":94,"text":"binding"}},"identifier":"binding"}}}},{"!":"com.github.javaparser.ast.stmt.ExpressionStmt","range":{"beginLine":9,"beginColumn":3,"endLine":11,"endColumn":4},"tokenRange":{"beginToken":{"kind":94,"text":"binding"},"endToken":{"kind":103,"text":";"}},"expression":{"!":"com.github.javaparser.ast.expr.MethodCallExpr","range":{"beginLine":9,"beginColumn":3,"endLine":11,"endColumn":3},"tokenRange":{"beginToken":{"kind":94,"text":"binding"},"endToken":{"kind":98,"text":")"}},"arguments":[{"!":"com.github.javaparser.ast.expr.MethodCallExpr","range":{"beginLine":10,"beginColumn":5,"endLine":10,"endColumn":66},"tokenRange":{"beginToken":{"kind":94,"text":"source"},"endToken":{"kind":98,"text":")"}},"arguments":[],"name":{"!":"com.github.javaparser.ast.expr.SimpleName","range":{"beginLine":10,"beginColumn":58,"endLine":10,"endColumn":64},"tokenRange":{"beginToken":{"kind":94,"text":"getName"},"endToken":{"kind":94,"text":"getName"}},"identifier":"getName"},"scope":{"!":"com.github.javaparser.ast.expr.MethodCallExpr","range":{"beginLine":10,"beginColumn":5,"endLine":10,"endColumn":56},"tokenRange":{"beginToken":{"kind":94,"text":"source"},"endToken":{"kind":98,"text":")"}},"arguments":[],"name":{"!":"com.github.javaparser.ast.expr.SimpleName","range":{"beginLine":10,"beginColumn":39,"endLine":10,"endColumn":54},"tokenRange":{"beginToken":{"kind":94,"text":"reportedJavaType"},"endToken":{"kind":94,"text":"reportedJavaType"}},"identifier":"reportedJavaType"},"scope":{"!":"com.github.javaparser.ast.expr.MethodCallExpr","range":{"beginLine":10,"beginColumn":5,"endLine":10,"endColumn":37},"tokenRange":{"beginToken":{"kind":94,"text":"source"},"endToken":{"kind":98,"text":")"}},"arguments":[],"name":{"!":"com.github.javaparser.ast.expr.SimpleName","range":{"beginLine":10,"beginColumn":12,"endLine":10,"endColumn":35},"tokenRange":{"beginToken":{"kind":94,"text":"getPluralAttributeNature"},"endToken":{"kind":94,"text":"getPluralAttributeNature"}},"identifier":"getPluralAttributeNature"},"scope":{"!":"com.github.javaparser.ast.expr.NameExpr","range":{"beginLine":10,"beginColumn":5,"endLine":10,"endColumn":10},"tokenRange":{"beginToken":{"kind":94,"text":"source"},"endToken":{"kind":94,"text":"source"}},"name":{"!":"com.github.javaparser.ast.expr.SimpleName","range":{"beginLine":10,"beginColumn":5,"endLine":10,"endColumn":10},"tokenRange":{"beginToken":{"kind":94,"text":"source"},"endToken":{"kind":94,"text":"source"}},"identifier":"source"}}}}}],"name":{"!":"com.github.javaparser.ast.expr.SimpleName","range":{"beginLine":9,"beginColumn":40,"endLine":9,"endColumn":54},"tokenRange":{"beginToken":{"kind":94,"text":"setJavaTypeName"},"endToken":{"kind":94,"text":"setJavaTypeName"}},"identifier":"setJavaTypeName"},"scope":{"!":"com.github.javaparser.ast.expr.MethodCallExpr","range":{"beginLine":9,"beginColumn":3,"endLine":9,"endColumn":38},"tokenRange":{"beginToken":{"kind":94,"text":"binding"},"endToken":{"kind":98,"text":")"}},"arguments":[],"name":{"!":"com.github.javaparser.ast.expr.SimpleName","range":{"beginLine":9,"beginColumn":11,"endLine":9,"endColumn":36},"tokenRange":{"beginToken":{"kind":94,"text":"getHibernateTypeDescriptor"},"endToken":{"kind":94,"text":"getHibernateTypeDescriptor"}},"identifier":"getHibernateTypeDescriptor"},"scope":{"!":"com.github.javaparser.ast.expr.NameExpr","range":{"beginLine":9,"beginColumn":3,"endLine":9,"endColumn":9},"tokenRange":{"beginToken":{"kind":94,"text":"binding"},"endToken":{"kind":94,"text":"binding"}},"name":{"!":"com.github.javaparser.ast.expr.SimpleName","range":{"beginLine":9,"beginColumn":3,"endLine":9,"endColumn":9},"tokenRange":{"beginToken":{"kind":94,"text":"binding"},"endToken":{"kind":94,"text":"binding"}},"identifier":"binding"}}}}},{"!":"com.github.javaparser.ast.stmt.ExpressionStmt","range":{"beginLine":12,"beginColumn":3,"endLine":12,"endColumn":100},"tokenRange":{"beginToken":{"kind":94,"text":"binding"},"endToken":{"kind":103,"text":";"}},"expression":{"!":"com.github.javaparser.ast.expr.MethodCallExpr","range":{"beginLine":12,"beginColumn":3,"endLine":12,"endColumn":99},"tokenRange":{"beginToken":{"kind":94,"text":"binding"},"endToken":{"kind":98,"text":")"}},"arguments":[{"!":"com.github.javaparser.ast.expr.MethodCallExpr","range":{"beginLine":12,"beginColumn":61,"endLine":12,"endColumn":97},"tokenRange":{"beginToken":{"kind":94,"text":"source"},"endToken":{"kind":98,"text":")"}},"arguments":[],"name":{"!":"com.github.javaparser.ast.expr.SimpleName","range":{"beginLine":12,"beginColumn":89,"endLine":12,"endColumn":95},"tokenRange":{"beginToken":{"kind":94,"text":"getName"},"endToken":{"kind":94,"text":"getName"}},"identifier":"getName"},"scope":{"!":"com.github.javaparser.ast.expr.MethodCallExpr","range":{"beginLine":12,"beginColumn":61,"endLine":12,"endColumn":87},"tokenRange":{"beginToken":{"kind":94,"text":"source"},"endToken":{"kind":98,"text":")"}},"arguments":[],"name":{"!":"com.github.javaparser.ast.expr.SimpleName","range":{"beginLine":12,"beginColumn":68,"endLine":12,"endColumn":85},"tokenRange":{"beginToken":{"kind":94,"text":"getTypeInformation"},"endToken":{"kind":94,"text":"getTypeInformation"}},"identifier":"getTypeInformation"},"scope":{"!":"com.github.javaparser.ast.expr.NameExpr","range":{"beginLine":12,"beginColumn":61,"endLine":12,"endColumn":66},"tokenRange":{"beginToken":{"kind":94,"text":"source"},"endToken":{"kind":94,"text":"source"}},"name":{"!":"com.github.javaparser.ast.expr.SimpleName","range":{"beginLine":12,"beginColumn":61,"endLine":12,"endColumn":66},"tokenRange":{"beginToken":{"kind":94,"text":"source"},"endToken":{"kind":94,"text":"source"}},"identifier":"source"}}}}],"name":{"!":"com.github.javaparser.ast.expr.SimpleName","range":{"beginLine":12,"beginColumn":40,"endLine":12,"endColumn":58},"tokenRange":{"beginToken":{"kind":94,"text":"setExplicitTypeName"},"endToken":{"kind":94,"text":"setExplicitTypeName"}},"identifier":"setExplicitTypeName"},"scope":{"!":"com.github.javaparser.ast.expr.MethodCallExpr","range":{"beginLine":12,"beginColumn":3,"endLine":12,"endColumn":38},"tokenRange":{"beginToken":{"kind":94,"text":"binding"},"endToken":{"kind":98,"text":")"}},"arguments":[],"name":{"!":"com.github.javaparser.ast.expr.SimpleName","range":{"beginLine":12,"beginColumn":11,"endLine":12,"endColumn":36},"tokenRange":{"beginToken":{"kind":94,"text":"getHibernateTypeDescriptor"},"endToken":{"kind":94,"text":"getHibernateTypeDescriptor"}},"identifier":"getHibernateTypeDescriptor"},"scope":{"!":"com.github.javaparser.ast.expr.NameExpr","range":{"beginLine":12,"beginColumn":3,"endLine":12,"endColumn":9},"tokenRange":{"beginToken":{"kind":94,"text":"binding"},"endToken":{"kind":94,"text":"binding"}},"name":{"!":"com.github.javaparser.ast.expr.SimpleName","range":{"beginLine":12,"beginColumn":3,"endLine":12,"endColumn":9},"tokenRange":{"beginToken":{"kind":94,"text":"binding"},"endToken":{"kind":94,"text":"binding"}},"identifier":"binding"}}}}},{"!":"com.github.javaparser.ast.stmt.ExpressionStmt","range":{"beginLine":13,"beginColumn":3,"endLine":13,"endColumn":113},"tokenRange":{"beginToken":{"kind":94,"text":"binding"},"endToken":{"kind":103,"text":";"}},"expression":{"!":"com.github.javaparser.ast.expr.MethodCallExpr","range":{"beginLine":13,"beginColumn":3,"endLine":13,"endColumn":112},"tokenRange":{"beginToken":{"kind":94,"text":"binding"},"endToken":{"kind":98,"text":")"}},"arguments":[{"!":"com.github.javaparser.ast.expr.MethodCallExpr","range":{"beginLine":13,"beginColumn":68,"endLine":13,"endColumn":110},"tokenRange":{"beginToken":{"kind":94,"text":"source"},"endToken":{"kind":98,"text":")"}},"arguments":[],"name":{"!":"com.github.javaparser.ast.expr.SimpleName","range":{"beginLine":13,"beginColumn":96,"endLine":13,"endColumn":108},"tokenRange":{"beginToken":{"kind":94,"text":"getParameters"},"endToken":{"kind":94,"text":"getParameters"}},"identifier":"getParameters"},"scope":{"!":"com.github.javaparser.ast.expr.MethodCallExpr","range":{"beginLine":13,"beginColumn":68,"endLine":13,"endColumn":94},"tokenRange":{"beginToken":{"kind":94,"text":"source"},"endToken":{"kind":98,"text":")"}},"arguments":[],"name":{"!":"com.github.javaparser.ast.expr.SimpleName","range":{"beginLine":13,"beginColumn":75,"endLine":13,"endColumn":92},"tokenRange":{"beginToken":{"kind":94,"text":"getTypeInformation"},"endToken":{"kind":94,"text":"getTypeInformation"}},"identifier":"getTypeInformation"},"scope":{"!":"com.github.javaparser.ast.expr.NameExpr","range":{"beginLine":13,"beginColumn":68,"endLine":13,"endColumn":73},"tokenRange":{"beginToken":{"kind":94,"text":"source"},"endToken":{"kind":94,"text":"source"}},"name":{"!":"com.github.javaparser.ast.expr.SimpleName","range":{"beginLine":13,"beginColumn":68,"endLine":13,"endColumn":73},"tokenRange":{"beginToken":{"kind":94,"text":"source"},"endToken":{"kind":94,"text":"source"}},"identifier":"source"}}}}],"name":{"!":"com.github.javaparser.ast.expr.SimpleName","range":{"beginLine":13,"beginColumn":60,"endLine":13,"endColumn":65},"tokenRange":{"beginToken":{"kind":94,"text":"putAll"},"endToken":{"kind":94,"text":"putAll"}},"identifier":"putAll"},"scope":{"!":"com.github.javaparser.ast.expr.MethodCallExpr","range":{"beginLine":13,"beginColumn":3,"endLine":13,"endColumn":58},"tokenRange":{"beginToken":{"kind":94,"text":"binding"},"endToken":{"kind":98,"text":")"}},"arguments":[],"name":{"!":"com.github.javaparser.ast.expr.SimpleName","range":{"beginLine":13,"beginColumn":40,"endLine":13,"endColumn":56},"tokenRange":{"beginToken":{"kind":94,"text":"getTypeParameters"},"endToken":{"kind":94,"text":"getTypeParameters"}},"identifier":"getTypeParameters"},"scope":{"!":"com.github.javaparser.ast.expr.MethodCallExpr","range":{"beginLine":13,"beginColumn":3,"endLine":13,"endColumn":38},"tokenRange":{"beginToken":{"kind":94,"text":"binding"},"endToken":{"kind":98,"text":")"}},"arguments":[],"name":{"!":"com.github.javaparser.ast.expr.SimpleName","range":{"beginLine":13,"beginColumn":11,"endLine":13,"endColumn":36},"tokenRange":{"beginToken":{"kind":94,"text":"getHibernateTypeDescriptor"},"endToken":{"kind":94,"text":"getHibernateTypeDescriptor"}},"identifier":"getHibernateTypeDescriptor"},"scope":{"!":"com.github.javaparser.ast.expr.NameExpr","range":{"beginLine":13,"beginColumn":3,"endLine":13,"endColumn":9},"tokenRange":{"beginToken":{"kind":94,"text":"binding"},"endToken":{"kind":94,"text":"binding"}},"name":{"!":"com.github.javaparser.ast.expr.SimpleName","range":{"beginLine":13,"beginColumn":3,"endLine":13,"endColumn":9},"tokenRange":{"beginToken":{"kind":94,"text":"binding"},"endToken":{"kind":94,"text":"binding"}},"identifier":"binding"}}}}}},{"!":"com.github.javaparser.ast.stmt.IfStmt","range":{"beginLine":15,"beginColumn":3,"endLine":19,"endColumn":3},"tokenRange":{"beginToken":{"kind":34,"text":"if"},"endToken":{"kind":100,"text":"}"}},"condition":{"!":"com.github.javaparser.ast.expr.MethodCallExpr","range":{"beginLine":15,"beginColumn":8,"endLine":15,"endColumn":70},"tokenRange":{"beginToken":{"kind":94,"text":"StringHelper"},"endToken":{"kind":98,"text":")"}},"arguments":[{"!":"com.github.javaparser.ast.expr.MethodCallExpr","range":{"beginLine":15,"beginColumn":33,"endLine":15,"endColumn":68},"tokenRange":{"beginToken":{"kind":94,"text":"source"},"endToken":{"kind":98,"text":")"}},"arguments":[],"name":{"!":"com.github.javaparser.ast.expr.SimpleName","range":{"beginLine":15,"beginColumn":40,"endLine":15,"endColumn":66},"tokenRange":{"beginToken":{"kind":94,"text":"getCustomPersisterClassName"},"endToken":{"kind":94,"text":"getCustomPersisterClassName"}},"identifier":"getCustomPersisterClassName"},"scope":{"!":"com.github.javaparser.ast.expr.NameExpr","range":{"beginLine":15,"beginColumn":33,"endLine":15,"endColumn":38},"tokenRange":{"beginToken":{"kind":94,"text":"source"},"endToken":{"kind":94,"text":"source"}},"name":{"!":"com.github.javaparser.ast.expr.SimpleName","range":{"beginLine":15,"beginColumn":33,"endLine":15,"endColumn":38},"tokenRange":{"beginToken":{"kind":94,"text":"source"},"endToken":{"kind":94,"text":"source"}},"identifier":"source"}}}],"name":{"!":"com.github.javaparser.ast.expr.SimpleName","range":{"beginLine":15,"beginColumn":21,"endLine":15,"endColumn":30},"tokenRange":{"beginToken":{"kind":94,"text":"isNotEmpty"},"endToken":{"kind":94,"text":"isNotEmpty"}},"identifier":"isNotEmpty"},"scope":{"!":"com.github.javaparser.ast.expr.NameExpr","range":{"beginLine":15,"beginColumn":8,"endLine":15,"endColumn":19},"tokenRange":{"beginToken":{"kind":94,"text":"StringHelper"},"endToken":{"kind":94,"text":"StringHelper"}},"name":{"!":"com.github.javaparser.ast.expr.SimpleName","range":{"beginLine":15,"beginColumn":8,"endLine":15,"endColumn":19},"tokenRange":{"beginToken":{"kind":94,"text":"StringHelper"},"endToken":{"kind":94,"text":"StringHelper"}},"identifier":"StringHelper"}}},"thenStmt":{"!":"com.github.javaparser.ast.stmt.BlockStmt","range":{"beginLine":15,"beginColumn":74,"endLine":19,"endColumn":3},"tokenRange":{"beginToken":{"kind":99,"text":"{"},"endToken":{"kind":100,"text":"}"}},"statements":[{"!":"com.github.javaparser.ast.stmt.ExpressionStmt","range":{"beginLine":16,"beginColumn":4,"endLine":18,"endColumn":5},"tokenRange":{"beginToken":{"kind":94,"text":"binding"},"endToken":{"kind":103,"text":";"}},"expression":{"!":"com.github.javaparser.ast.expr.MethodCallExpr","range":{"beginLine":16,"beginColumn":4,"endLine":18,"endColumn":4},"tokenRange":{"beginToken":{"kind":94,"text":"binding"},"endToken":{"kind":98,"text":")"}},"arguments":[{"!":"com.github.javaparser.ast.expr.MethodCallExpr","range":{"beginLine":17,"beginColumn":6,"endLine":17,"endColumn":105},"tokenRange":{"beginToken":{"kind":94,"text":"currentBindingContext"},"endToken":{"kind":98,"text":")"}},"arguments":[{"!":"com.github.javaparser.ast.expr.MethodCallExpr","range":{"beginLine":17,"beginColumn":68,"endLine":17,"endColumn":103},"tokenRange":{"beginToken":{"kind":94,"text":"source"},"endToken":{"kind":98,"text":")"}},"arguments":[],"name":{"!":"com.github.javaparser.ast.expr.SimpleName","range":{"beginLine":17,"beginColumn":75,"endLine":17,"endColumn":101},"tokenRange":{"beginToken":{"kind":94,"text":"getCustomPersisterClassName"},"endToken":{"kind":94,"text":"getCustomPersisterClassName"}},"identifier":"getCustomPersisterClassName"},"scope":{"!":"com.github.javaparser.ast.expr.NameExpr","range":{"beginLine":17,"beginColumn":68,"endLine":17,"endColumn":73},"tokenRange":{"beginToken":{"kind":94,"text":"source"},"endToken":{"kind":94,"text":"source"}},"name":{"!":"com.github.javaparser.ast.expr.SimpleName","range":{"beginLine":17,"beginColumn":68,"endLine":17,"endColumn":73},"tokenRange":{"beginToken":{"kind":94,"text":"source"},"endToken":{"kind":94,"text":"source"}},"identifier":"source"}}}],"name":{"!":"com.github.javaparser.ast.expr.SimpleName","range":{"beginLine":17,"beginColumn":49,"endLine":17,"endColumn":65},"tokenRange":{"beginToken":{"kind":94,"text":"locateClassByName"},"endToken":{"kind":94,"text":"locateClassByName"}},"identifier":"locateClassByName"},"scope":{"!":"com.github.javaparser.ast.expr.NameExpr","range":{"beginLine":17,"beginColumn":6,"endLine":17,"endColumn":26},"tokenRange":{"beginToken":{"kind":94,"text":"currentBindingContext"},"endToken":{"kind":94,"text":"currentBindingContext"}},"name":{"!":"com.github.javaparser.ast.expr.SimpleName","range":{"beginLine":17,"beginColumn":6,"endLine":17,"endColumn":26},"tokenRange":{"beginToken":{"kind":94,"text":"currentBindingContext"},"endToken":{"kind":94,"text":"currentBindingContext"}},"identifier":"currentBindingContext"}},"typeArguments":[{"!":"com.github.javaparser.ast.type.ClassOrInterfaceType","range":{"beginLine":17,"beginColumn":29,"endLine":17,"endColumn":47},"tokenRange":{"beginToken":{"kind":94,"text":"CollectionPersister"},"endToken":{"kind":94,"text":"CollectionPersister"}},"name":{"!":"com.github.javaparser.ast.expr.SimpleName","range":{"beginLine":17,"beginColumn":29,"endLine":17,"endColumn":47},"tokenRange":{"beginToken":{"kind":94,"text":"CollectionPersister"},"endToken":{"kind":94,"text":"CollectionPersister"}},"identifier":"CollectionPersister"},"annotations":[]}]}],"name":{"!":"com.github.javaparser.ast.expr.SimpleName","range":{"beginLine":16,"beginColumn":12,"endLine":16,"endColumn":38},"tokenRange":{"beginToken":{"kind":94,"text":"setCollectionPersisterClass"},"endToken":{"kind":94,"text":"setCollectionPersisterClass"}},"identifier":"setCollectionPersisterClass"},"scope":{"!":"com.github.javaparser.ast.expr.NameExpr","range":{"beginLine":16,"beginColumn":4,"endLine":16,"endColumn":10},"tokenRange":{"beginToken":{"kind":94,"text":"binding"},"endToken":{"kind":94,"text":"binding"}},"name":{"!":"com.github.javaparser.ast.expr.SimpleName","range":{"beginLine":16,"beginColumn":4,"endLine":16,"endColumn":10},"tokenRange":{"beginToken":{"kind":94,"text":"binding"},"endToken":{"kind":94,"text":"binding"}},"identifier":"binding"}}}}]}},{"!":"com.github.javaparser.ast.stmt.IfStmt","range":{"beginLine":21,"beginColumn":3,"endLine":25,"endColumn":3},"tokenRange":{"beginToken":{"kind":34,"text":"if"},"endToken":{"kind":100,"text":"}"}},"condition":{"!":"com.github.javaparser.ast.expr.BinaryExpr","range":{"beginLine":21,"beginColumn":8,"endLine":21,"endColumn":51},"tokenRange":{"beginToken":{"kind":94,"text":"source"},"endToken":{"kind":43,"text":"null"}},"left":{"!":"com.github.javaparser.ast.expr.MethodCallExpr","range":{"beginLine":21,"beginColumn":8,"endLine":21,"endColumn":43},"tokenRange":{"beginToken":{"kind":94,"text":"source"},"endToken":{"kind":98,"text":")"}},"arguments":[],"name":{"!":"com.github.javaparser.ast.expr.SimpleName","range":{"beginLine":21,"beginColumn":15,"endLine":21,"endColumn":41},"tokenRange":{"beginToken":{"kind":94,"text":"getCustomPersisterClassName"},"endToken":{"kind":94,"text":"getCustomPersisterClassName"}},"identifier":"getCustomPersisterClassName"},"scope":{"!":"com.github.javaparser.ast.expr.NameExpr","range":{"beginLine":21,"beginColumn":8,"endLine":21,"endColumn":13},"tokenRange":{"beginToken":{"kind":94,"text":"source"},"endToken":{"kind":94,"text":"source"}},"name":{"!":"com.github.javaparser.ast.expr.SimpleName","range":{"beginLine":21,"beginColumn":8,"endLine":21,"endColumn":13},"tokenRange":{"beginToken":{"kind":94,"text":"source"},"endToken":{"kind":94,"text":"source"}},"identifier":"source"}}},"operator":"NOT_EQUALS","right":{"!":"com.github.javaparser.ast.expr.NullLiteralExpr","range":{"beginLine":21,"beginColumn":48,"endLine":21,"endColumn":51},"tokenRange":{"beginToken":{"kind":43,"text":"null"},"endToken":{"kind":43,"text":"null"}}}},"thenStmt":{"!":"com.github.javaparser.ast.stmt.BlockStmt","range":{"beginLine":21,"beginColumn":55,"endLine":25,"endColumn":3},"tokenRange":{"beginToken":{"kind":99,"text":"{"},"endToken":{"kind":100,"text":"}"}},"statements":[{"!":"com.github.javaparser.ast.stmt.ExpressionStmt","range":{"beginLine":22,"beginColumn":4,"endLine":24,"endColumn":5},"tokenRange":{"beginToken":{"kind":94,"text":"binding"},"endToken":{"kind":103,"text":";"}},"expression":{"!":"com.github.javaparser.ast.expr.MethodCallExpr","range":{"beginLine":22,"beginColumn":4,"endLine":24,"endColumn":4},"tokenRange":{"beginToken":{"kind":94,"text":"binding"},"endToken":{"kind":98,"text":")"}},"arguments":[{"!":"com.github.javaparser.ast.expr.MethodCallExpr","range":{"beginLine":23,"beginColumn":6,"endLine":23,"endColumn":92},"tokenRange":{"beginToken":{"kind":94,"text":"metadata"},"endToken":{"kind":98,"text":")"}},"arguments":[{"!":"com.github.javaparser.ast.expr.MethodCallExpr","range":{"beginLine":23,"beginColumn":55,"endLine":23,"endColumn":90},"tokenRange":{"beginToken":{"kind":94,"text":"source"},"endToken":{"kind":98,"text":")"}},"arguments":[],"name":{"!":"com.github.javaparser.ast.expr.SimpleName","range":{"beginLine":23,"beginColumn":62,"endLine":23,"endColumn":88},"tokenRange":{"beginToken":{"kind":94,"text":"getCustomPersisterClassName"},"endToken":{"kind":94,"text":"getCustomPersisterClassName"}},"identifier":"getCustomPersisterClassName"},"scope":{"!":"com.github.javaparser.ast.expr.NameExpr","range":{"beginLine":23,"beginColumn":55,"endLine":23,"endColumn":60},"tokenRange":{"beginToken":{"kind":94,"text":"source"},"endToken":{"kind":94,"text":"source"}},"name":{"!":"com.github.javaparser.ast.expr.SimpleName","range":{"beginLine":23,"beginColumn":55,"endLine":23,"endColumn":60},"tokenRange":{"beginToken":{"kind":94,"text":"source"},"endToken":{"kind":94,"text":"source"}},"identifier":"source"}}}],"name":{"!":"com.github.javaparser.ast.expr.SimpleName","range":{"beginLine":23,"beginColumn":36,"endLine":23,"endColumn":52},"tokenRange":{"beginToken":{"kind":94,"text":"locateClassByName"},"endToken":{"kind":94,"text":"locateClassByName"}},"identifier":"locateClassByName"},"scope":{"!":"com.github.javaparser.ast.expr.NameExpr","range":{"beginLine":23,"beginColumn":6,"endLine":23,"endColumn":13},"tokenRange":{"beginToken":{"kind":94,"text":"metadata"},"endToken":{"kind":94,"text":"metadata"}},"name":{"!":"com.github.javaparser.ast.expr.SimpleName","range":{"beginLine":23,"beginColumn":6,"endLine":23,"endColumn":13},"tokenRange":{"beginToken":{"kind":94,"text":"metadata"},"endToken":{"kind":94,"text":"metadata"}},"identifier":"metadata"}},"typeArguments":[{"!":"com.github.javaparser.ast.type.ClassOrInterfaceType","range":{"beginLine":23,"beginColumn":16,"endLine":23,"endColumn":34},"tokenRange":{"beginToken":{"kind":94,"text":"CollectionPersister"},"endToken":{"kind":94,"text":"CollectionPersister"}},"name":{"!":"com.github.javaparser.ast.expr.SimpleName","range":{"beginLine":23,"beginColumn":16,"endLine":23,"endColumn":34},"tokenRange":{"beginToken":{"kind":94,"text":"CollectionPersister"},"endToken":{"kind":94,"text":"CollectionPersister"}},"identifier":"CollectionPersister"},"annotations":[]}]}],"name":{"!":"com.github.javaparser.ast.expr.SimpleName","range":{"beginLine":22,"beginColumn":12,"endLine":22,"endColumn":38},"tokenRange":{"beginToken":{"kind":94,"text":"setCollectionPersisterClass"},"endToken":{"kind":94,"text":"setCollectionPersisterClass"}},"identifier":"setCollectionPersisterClass"},"scope":{"!":"com.github.javaparser.ast.expr.NameExpr","range":{"beginLine":22,"beginColumn":4,"endLine":22,"endColumn":10},"tokenRange":{"beginToken":{"kind":94,"text":"binding"},"endToken":{"kind":94,"text":"binding"}},"name":{"!":"com.github.javaparser.ast.expr.SimpleName","range":{"beginLine":22,"beginColumn":4,"endLine":22,"endColumn":10},"tokenRange":{"beginToken":{"kind":94,"text":"binding"},"endToken":{"kind":94,"text":"binding"}},"identifier":"binding"}}}}]}},{"!":"com.github.javaparser.ast.stmt.ExpressionStmt","range":{"beginLine":27,"beginColumn":3,"endLine":27,"endColumn":62},"tokenRange":{"beginToken":{"kind":94,"text":"binding"},"endToken":{"kind":103,"text":";"}},"expression":{"!":"com.github.javaparser.ast.expr.MethodCallExpr","range":{"beginLine":27,"beginColumn":3,"endLine":27,"endColumn":61},"tokenRange":{"beginToken":{"kind":94,"text":"binding"},"endToken":{"kind":98,"text":")"}},"arguments":[{"!":"com.github.javaparser.ast.expr.MethodCallExpr","range":{"beginLine":27,"beginColumn":32,"endLine":27,"endColumn":59},"tokenRange":{"beginToken":{"kind":94,"text":"source"},"endToken":{"kind":98,"text":")"}},"arguments":[],"name":{"!":"com.github.javaparser.ast.expr.SimpleName","range":{"beginLine":27,"beginColumn":39,"endLine":27,"endColumn":57},"tokenRange":{"beginToken":{"kind":94,"text":"getCustomLoaderName"},"endToken":{"kind":94,"text":"getCustomLoaderName"}},"identifier":"getCustomLoaderName"},"scope":{"!":"com.github.javaparser.ast.expr.NameExpr","range":{"beginLine":27,"beginColumn":32,"endLine":27,"endColumn":37},"tokenRange":{"beginToken":{"kind":94,"text":"source"},"endToken":{"kind":94,"text":"source"}},"name":{"!":"com.github.javaparser.ast.expr.SimpleName","range":{"beginLine":27,"beginColumn":32,"endLine":27,"endColumn":37},"tokenRange":{"beginToken":{"kind":94,"text":"source"},"endToken":{"kind":94,"text":"source"}},"identifier":"source"}}}],"name":{"!":"com.github.javaparser.ast.expr.SimpleName","range":{"beginLine":27,"beginColumn":11,"endLine":27,"endColumn":29},"tokenRange":{"beginToken":{"kind":94,"text":"setCustomLoaderName"},"endToken":{"kind":94,"text":"setCustomLoaderName"}},"identifier":"setCustomLoaderName"},"scope":{"!":"com.github.javaparser.ast.expr.NameExpr","range":{"beginLine":27,"beginColumn":3,"endLine":27,"endColumn":9},"tokenRange":{"beginToken":{"kind":94,"text":"binding"},"endToken":{"kind":94,"text":"binding"}},"name":{"!":"com.github.javaparser.ast.expr.SimpleName","range":{"beginLine":27,"beginColumn":3,"endLine":27,"endColumn":9},"tokenRange":{"beginToken":{"kind":94,"text":"binding"},"endToken":{"kind":94,"text":"binding"}},"identifier":"binding"}}}},{"!":"com.github.javaparser.ast.stmt.ExpressionStmt","range":{"beginLine":28,"beginColumn":3,"endLine":28,"endColumn":60},"tokenRange":{"beginToken":{"kind":94,"text":"binding"},"endToken":{"kind":103,"text":";"}},"expression":{"!":"com.github.javaparser.ast.expr.MethodCallExpr","range":{"beginLine":28,"beginColumn":3,"endLine":28,"endColumn":59},"tokenRange":{"beginToken":{"kind":94,"text":"binding"},"endToken":{"kind":98,"text":")"}},"arguments":[{"!":"com.github.javaparser.ast.expr.MethodCallExpr","range":{"beginLine":28,"beginColumn":31,"endLine":28,"endColumn":57},"tokenRange":{"beginToken":{"kind":94,"text":"source"},"endToken":{"kind":98,"text":")"}},"arguments":[],"name":{"!":"com.github.javaparser.ast.expr.SimpleName","range":{"beginLine":28,"beginColumn":38,"endLine":28,"endColumn":55},"tokenRange":{"beginToken":{"kind":94,"text":"getCustomSqlInsert"},"endToken":{"kind":94,"text":"getCustomSqlInsert"}},"identifier":"getCustomSqlInsert"},"scope":{"!":"com.github.javaparser.ast.expr.NameExpr","range":{"beginLine":28,"beginColumn":31,"endLine":28,"endColumn":36},"tokenRange":{"beginToken":{"kind":94,"text":"source"},"endToken":{"kind":94,"text":"source"}},"name":{"!":"com.github.javaparser.ast.expr.SimpleName","range":{"beginLine":28,"beginColumn":31,"endLine":28,"endColumn":36},"tokenRange":{"beginToken":{"kind":94,"text":"source"},"endToken":{"kind":94,"text":"source"}},"identifier":"source"}}}],"name":{"!":"com.github.javaparser.ast.expr.SimpleName","range":{"beginLine":28,"beginColumn":11,"endLine":28,"endColumn":28},"tokenRange":{"beginToken":{"kind":94,"text":"setCustomSqlInsert"},"endToken":{"kind":94,"text":"setCustomSqlInsert"}},"identifier":"setCustomSqlInsert"},"scope":{"!":"com.github.javaparser.ast.expr.NameExpr","range":{"beginLine":28,"beginColumn":3,"endLine":28,"endColumn":9},"tokenRange":{"beginToken":{"kind":94,"text":"binding"},"endToken":{"kind":94,"text":"binding"}},"name":{"!":"com.github.javaparser.ast.expr.SimpleName","range":{"beginLine":28,"beginColumn":3,"endLine":28,"endColumn":9},"tokenRange":{"beginToken":{"kind":94,"text":"binding"},"endToken":{"kind":94,"text":"binding"}},"identifier":"binding"}}}},{"!":"com.github.javaparser.ast.stmt.ExpressionStmt","range":{"beginLine":29,"beginColumn":3,"endLine":29,"endColumn":60},"tokenRange":{"beginToken":{"kind":94,"text":"binding"},"endToken":{"kind":103,"text":";"}},"expression":{"!":"com.github.javaparser.ast.expr.MethodCallExpr","range":{"beginLine":29,"beginColumn":3,"endLine":29,"endColumn":59},"tokenRange":{"beginToken":{"kind":94,"text":"binding"},"endToken":{"kind":98,"text":")"}},"arguments":[{"!":"com.github.javaparser.ast.expr.MethodCallExpr","range":{"beginLine":29,"beginColumn":31,"endLine":29,"endColumn":57},"tokenRange":{"beginToken":{"kind":94,"text":"source"},"endToken":{"kind":98,"text":")"}},"arguments":[],"name":{"!":"com.github.javaparser.ast.expr.SimpleName","range":{"beginLine":29,"beginColumn":38,"endLine":29,"endColumn":55},"tokenRange":{"beginToken":{"kind":94,"text":"getCustomSqlUpdate"},"endToken":{"kind":94,"text":"getCustomSqlUpdate"}},"identifier":"getCustomSqlUpdate"},"scope":{"!":"com.github.javaparser.ast.expr.NameExpr","range":{"beginLine":29,"beginColumn":31,"endLine":29,"endColumn":36},"tokenRange":{"beginToken":{"kind":94,"text":"source"},"endToken":{"kind":94,"text":"source"}},"name":{"!":"com.github.javaparser.ast.expr.SimpleName","range":{"beginLine":29,"beginColumn":31,"endLine":29,"endColumn":36},"tokenRange":{"beginToken":{"kind":94,"text":"source"},"endToken":{"kind":94,"text":"source"}},"identifier":"source"}}}],"name":{"!":"com.github.javaparser.ast.expr.SimpleName","range":{"beginLine":29,"beginColumn":11,"endLine":29,"endColumn":28},"tokenRange":{"beginToken":{"kind":94,"text":"setCustomSqlUpdate"},"endToken":{"kind":94,"text":"setCustomSqlUpdate"}},"identifier":"setCustomSqlUpdate"},"scope":{"!":"com.github.javaparser.ast.expr.NameExpr","range":{"beginLine":29,"beginColumn":3,"endLine":29,"endColumn":9},"tokenRange":{"beginToken":{"kind":94,"text":"binding"},"endToken":{"kind":94,"text":"binding"}},"name":{"!":"com.github.javaparser.ast.expr.SimpleName","range":{"beginLine":29,"beginColumn":3,"endLine":29,"endColumn":9},"tokenRange":{"beginToken":{"kind":94,"text":"binding"},"endToken":{"kind":94,"text":"binding"}},"identifier":"binding"}}}},{"!":"com.github.javaparser.ast.stmt.ExpressionStmt","range":{"beginLine":30,"beginColumn":3,"endLine":30,"endColumn":60},"tokenRange":{"beginToken":{"kind":94,"text":"binding"},"endToken":{"kind":103,"text":";"}},"expression":{"!":"com.github.javaparser.ast.expr.MethodCallExpr","range":{"beginLine":30,"beginColumn":3,"endLine":30,"endColumn":59},"tokenRange":{"beginToken":{"kind":94,"text":"binding"},"endToken":{"kind":98,"text":")"}},"arguments":[{"!":"com.github.javaparser.ast.expr.MethodCallExpr","range":{"beginLine":30,"beginColumn":31,"endLine":30,"endColumn":57},"tokenRange":{"beginToken":{"kind":94,"text":"source"},"endToken":{"kind":98,"text":")"}},"arguments":[],"name":{"!":"com.github.javaparser.ast.expr.SimpleName","range":{"beginLine":30,"beginColumn":38,"endLine":30,"endColumn":55},"tokenRange":{"beginToken":{"kind":94,"text":"getCustomSqlDelete"},"endToken":{"kind":94,"text":"getCustomSqlDelete"}},"identifier":"getCustomSqlDelete"},"scope":{"!":"com.github.javaparser.ast.expr.NameExpr","range":{"beginLine":30,"beginColumn":31,"endLine":30,"endColumn":36},"tokenRange":{"beginToken":{"kind":94,"text":"source"},"endToken":{"kind":94,"text":"source"}},"name":{"!":"com.github.javaparser.ast.expr.SimpleName","range":{"beginLine":30,"beginColumn":31,"endLine":30,"endColumn":36},"tokenRange":{"beginToken":{"kind":94,"text":"source"},"endToken":{"kind":94,"text":"source"}},"identifier":"source"}}}],"name":{"!":"com.github.javaparser.ast.expr.SimpleName","range":{"beginLine":30,"beginColumn":11,"endLine":30,"endColumn":28},"tokenRange":{"beginToken":{"kind":94,"text":"setCustomSqlDelete"},"endToken":{"kind":94,"text":"setCustomSqlDelete"}},"identifier":"setCustomSqlDelete"},"scope":{"!":"com.github.javaparser.ast.expr.NameExpr","range":{"beginLine":30,"beginColumn":3,"endLine":30,"endColumn":9},"tokenRange":{"beginToken":{"kind":94,"text":"binding"},"endToken":{"kind":94,"text":"binding"}},"name":{"!":"com.github.javaparser.ast.expr.SimpleName","range":{"beginLine":30,"beginColumn":3,"endLine":30,"endColumn":9},"tokenRange":{"beginToken":{"kind":94,"text":"binding"},"endToken":{"kind":94,"text":"binding"}},"identifier":"binding"}}}},{"!":"com.github.javaparser.ast.stmt.ExpressionStmt","range":{"beginLine":31,"beginColumn":3,"endLine":31,"endColumn":66},"tokenRange":{"beginToken":{"kind":94,"text":"binding"},"endToken":{"kind":103,"text":";"}},"expression":{"!":"com.github.javaparser.ast.expr.MethodCallExpr","range":{"beginLine":31,"beginColumn":3,"endLine":31,"endColumn":65},"tokenRange":{"beginToken":{"kind":94,"text":"binding"},"endToken":{"kind":98,"text":")"}},"arguments":[{"!":"com.github.javaparser.ast.expr.MethodCallExpr","range":{"beginLine":31,"beginColumn":34,"endLine":31,"endColumn":63},"tokenRange":{"beginToken":{"kind":94,"text":"source"},"endToken":{"kind":98,"text":")"}},"arguments":[],"name":{"!":"com.github.javaparser.ast.expr.SimpleName","range":{"beginLine":31,"beginColumn":41,"endLine":31,"endColumn":61},"tokenRange":{"beginToken":{"kind":94,"text":"getCustomSqlDeleteAll"},"endToken":{"kind":94,"text":"getCustomSqlDeleteAll"}},"identifier":"getCustomSqlDeleteAll"},"scope":{"!":"com.github.javaparser.ast.expr.NameExpr","range":{"beginLine":31,"beginColumn":34,"endLine":31,"endColumn":39},"tokenRange":{"beginToken":{"kind":94,"text":"source"},"endToken":{"kind":94,"text":"source"}},"name":{"!":"com.github.javaparser.ast.expr.SimpleName","range":{"beginLine":31,"beginColumn":34,"endLine":31,"endColumn":39},"tokenRange":{"beginToken":{"kind":94,"text":"source"},"endToken":{"kind":94,"text":"source"}},"identifier":"source"}}}],"name":{"!":"com.github.javaparser.ast.expr.SimpleName","range":{"beginLine":31,"beginColumn":11,"endLine":31,"endColumn":31},"tokenRange":{"beginToken":{"kind":94,"text":"setCustomSqlDeleteAll"},"endToken":{"kind":94,"text":"setCustomSqlDeleteAll"}},"identifier":"setCustomSqlDeleteAll"},"scope":{"!":"com.github.javaparser.ast.expr.NameExpr","range":{"beginLine":31,"beginColumn":3,"endLine":31,"endColumn":9},"tokenRange":{"beginToken":{"kind":94,"text":"binding"},"endToken":{"kind":94,"text":"binding"}},"name":{"!":"com.github.javaparser.ast.expr.SimpleName","range":{"beginLine":31,"beginColumn":3,"endLine":31,"endColumn":9},"tokenRange":{"beginToken":{"kind":94,"text":"binding"},"endToken":{"kind":94,"text":"binding"}},"identifier":"binding"}}}},{"!":"com.github.javaparser.ast.stmt.ExpressionStmt","range":{"beginLine":33,"beginColumn":3,"endLine":38,"endColumn":4},"tokenRange":{"beginToken":{"kind":94,"text":"binding"},"endToken":{"kind":103,"text":";"}},"expression":{"!":"com.github.javaparser.ast.expr.MethodCallExpr","range":{"beginLine":33,"beginColumn":3,"endLine":38,"endColumn":3},"tokenRange":{"beginToken":{"kind":94,"text":"binding"},"endToken":{"kind":98,"text":")"}},"arguments":[{"!":"com.github.javaparser.ast.expr.MethodCallExpr","range":{"beginLine":34,"beginColumn":5,"endLine":37,"endColumn":5},"tokenRange":{"beginToken":{"kind":94,"text":"buildMetaAttributeContext"},"endToken":{"kind":98,"text":")"}},"arguments":[{"!":"com.github.javaparser.ast.expr.MethodCallExpr","range":{"beginLine":35,"beginColumn":7,"endLine":35,"endColumn":29},"tokenRange":{"beginToken":{"kind":94,"text":"source"},"endToken":{"kind":98,"text":")"}},"arguments":[],"name":{"!":"com.github.javaparser.ast.expr.SimpleName","range":{"beginLine":35,"beginColumn":14,"endLine":35,"endColumn":27},"tokenRange":{"beginToken":{"kind":94,"text":"metaAttributes"},"endToken":{"kind":94,"text":"metaAttributes"}},"identifier":"metaAttributes"},"scope":{"!":"com.github.javaparser.ast.expr.NameExpr","range":{"beginLine":35,"beginColumn":7,"endLine":35,"endColumn":12},"tokenRange":{"beginToken":{"kind":94,"text":"source"},"endToken":{"kind":94,"text":"source"}},"name":{"!":"com.github.javaparser.ast.expr.SimpleName","range":{"beginLine":35,"beginColumn":7,"endLine":35,"endColumn":12},"tokenRange":{"beginToken":{"kind":94,"text":"source"},"endToken":{"kind":94,"text":"source"}},"identifier":"source"}}},{"!":"com.github.javaparser.ast.expr.MethodCallExpr","range":{"beginLine":36,"beginColumn":7,"endLine":36,"endColumn":54},"tokenRange":{"beginToken":{"kind":94,"text":"binding"},"endToken":{"kind":98,"text":")"}},"arguments":[],"name":{"!":"com.github.javaparser.ast.expr.SimpleName","range":{"beginLine":36,"beginColumn":30,"endLine":36,"endColumn":52},"tokenRange":{"beginToken":{"kind":94,"text":"getMetaAttributeContext"},"endToken":{"kind":94,"text":"getMetaAttributeContext"}},"identifier":"getMetaAttributeContext"},"scope":{"!":"com.github.javaparser.ast.expr.MethodCallExpr","range":{"beginLine":36,"beginColumn":7,"endLine":36,"endColumn":28},"tokenRange":{"beginToken":{"kind":94,"text":"binding"},"endToken":{"kind":98,"text":")"}},"arguments":[],"name":{"!":"com.github.javaparser.ast.expr.SimpleName","range":{"beginLine":36,"beginColumn":15,"endLine":36,"endColumn":26},"tokenRange":{"beginToken":{"kind":94,"text":"getContainer"},"endToken":{"kind":94,"text":"getContainer"}},"identifier":"getContainer"},"scope":{"!":"com.github.javaparser.ast.expr.NameExpr","range":{"beginLine":36,"beginColumn":7,"endLine":36,"endColumn":13},"tokenRange":{"beginToken":{"kind":94,"text":"binding"},"endToken":{"kind":94,"text":"binding"}},"name":{"!":"com.github.javaparser.ast.expr.SimpleName","range":{"beginLine":36,"beginColumn":7,"endLine":36,"endColumn":13},"tokenRange":{"beginToken":{"kind":94,"text":"binding"},"endToken":{"kind":94,"text":"binding"}},"identifier":"binding"}}}}],"name":{"!":"com.github.javaparser.ast.expr.SimpleName","range":{"beginLine":34,"beginColumn":5,"endLine":34,"endColumn":29},"tokenRange":{"beginToken":{"kind":94,"text":"buildMetaAttributeContext"},"endToken":{"kind":94,"text":"buildMetaAttributeContext"}},"identifier":"buildMetaAttributeContext"}}],"name":{"!":"com.github.javaparser.ast.expr.SimpleName","range":{"beginLine":33,"beginColumn":11,"endLine":33,"endColumn":33},"tokenRange":{"beginToken":{"kind":94,"text":"setMetaAttributeContext"},"endToken":{"kind":94,"text":"setMetaAttributeContext"}},"identifier":"setMetaAttributeContext"},"scope":{"!":"com.github.javaparser.ast.expr.NameExpr","range":{"beginLine":33,"beginColumn":3,"endLine":33,"endColumn":9},"tokenRange":{"beginToken":{"kind":94,"text":"binding"},"endToken":{"kind":94,"text":"binding"}},"name":{"!":"com.github.javaparser.ast.expr.SimpleName","range":{"beginLine":33,"beginColumn":3,"endLine":33,"endColumn":9},"tokenRange":{"beginToken":{"kind":94,"text":"binding"},"endToken":{"kind":94,"text":"binding"}},"identifier":"binding"}}}},{"!":"com.github.javaparser.ast.stmt.ExpressionStmt","range":{"beginLine":40,"beginColumn":3,"endLine":40,"endColumn":45},"tokenRange":{"beginToken":{"kind":94,"text":"doBasicAttributeBinding"},"endToken":{"kind":103,"text":";"}},"expression":{"!":"com.github.javaparser.ast.expr.MethodCallExpr","range":{"beginLine":40,"beginColumn":3,"endLine":40,"endColumn":44},"tokenRange":{"beginToken":{"kind":94,"text":"doBasicAttributeBinding"},"endToken":{"kind":98,"text":")"}},"arguments":[{"!":"com.github.javaparser.ast.expr.NameExpr","range":{"beginLine":40,"beginColumn":28,"endLine":40,"endColumn":33},"tokenRange":{"beginToken":{"kind":94,"text":"source"},"endToken":{"kind":94,"text":"source"}},"name":{"!":"com.github.javaparser.ast.expr.SimpleName","range":{"beginLine":40,"beginColumn":28,"endLine":40,"endColumn":33},"tokenRange":{"beginToken":{"kind":94,"text":"source"},"endToken":{"kind":94,"text":"source"}},"identifier":"source"}},{"!":"com.github.javaparser.ast.expr.NameExpr","range":{"beginLine":40,"beginColumn":36,"endLine":40,"endColumn":42},"tokenRange":{"beginToken":{"kind":94,"text":"binding"},"endToken":{"kind":94,"text":"binding"}},"name":{"!":"com.github.javaparser.ast.expr.SimpleName","range":{"beginLine":40,"beginColumn":36,"endLine":40,"endColumn":42},"tokenRange":{"beginToken":{"kind":94,"text":"binding"},"endToken":{"kind":94,"text":"binding"}},"identifier":"binding"}}],"name":{"!":"com.github.javaparser.ast.expr.SimpleName","range":{"beginLine":40,"beginColumn":3,"endLine":40,"endColumn":25},"tokenRange":{"beginToken":{"kind":94,"text":"doBasicAttributeBinding"},"endToken":{"kind":94,"text":"doBasicAttributeBinding"}},"identifier":"doBasicAttributeBinding"}}}]},"type":{"!":"com.github.javaparser.ast.type.VoidType","range":{"beginLine":2,"beginColumn":10,"endLine":2,"endColumn":13},"tokenRange":{"beginToken":{"kind":62,"text":"void"},"endToken":{"kind":62,"text":"void"}},"annotations":[]},"modifiers":[{"!":"com.github.javaparser.ast.Modifier","range":{"beginLine":2,"beginColumn":2,"endLine":2,"endColumn":8},"tokenRange":{"beginToken":{"kind":45,"text":"private"},"endToken":{"kind":45,"text":"private"}},"keyword":"PRIVATE"}],"name":{"!":"com.github.javaparser.ast.expr.SimpleName","range":{"beginLine":2,"beginColumn":15,"endLine":2,"endColumn":43},"tokenRange":{"beginToken":{"kind":94,"text":"doBasicPluralAttributeBinding"},"endToken":{"kind":94,"text":"doBasicPluralAttributeBinding"}},"identifier":"doBasicPluralAttributeBinding"},"parameters":[{"!":"com.github.javaparser.ast.body.Parameter","range":{"beginLine":2,"beginColumn":45,"endLine":2,"endColumn":72},"tokenRange":{"beginToken":{"kind":94,"text":"PluralAttributeSource"},"endToken":{"kind":94,"text":"source"}},"annotations":[],"isVarArgs":"false","modifiers":[],"name":{"!":"com.github.javaparser.ast.expr.SimpleName","range":{"beginLine":2,"beginColumn":67,"endLine":2,"endColumn":72},"tokenRange":{"beginToken":{"kind":94,"text":"source"},"endToken":{"kind":94,"text":"source"}},"identifier":"source"},"type":{"!":"com.github.javaparser.ast.type.ClassOrInterfaceType","range":{"beginLine":2,"beginColumn":45,"endLine":2,"endColumn":65},"tokenRange":{"beginToken":{"kind":94,"text":"PluralAttributeSource"},"endToken":{"kind":94,"text":"PluralAttributeSource"}},"name":{"!":"com.github.javaparser.ast.expr.SimpleName","range":{"beginLine":2,"beginColumn":45,"endLine":2,"endColumn":65},"tokenRange":{"beginToken":{"kind":94,"text":"PluralAttributeSource"},"endToken":{"kind":94,"text":"PluralAttributeSource"}},"identifier":"PluralAttributeSource"},"annotations":[]},"varArgsAnnotations":[]},{"!":"com.github.javaparser.ast.body.Parameter","range":{"beginLine":2,"beginColumn":75,"endLine":2,"endColumn":112},"tokenRange":{"beginToken":{"kind":94,"text":"AbstractPluralAttributeBinding"},"endToken":{"kind":94,"text":"binding"}},"annotations":[],"isVarArgs":"false","modifiers":[],"name":{"!":"com.github.javaparser.ast.expr.SimpleName","range":{"beginLine":2,"beginColumn":106,"endLine":2,"endColumn":112},"tokenRange":{"beginToken":{"kind":94,"text":"binding"},"endToken":{"kind":94,"text":"binding"}},"identifier":"binding"},"type":{"!":"com.github.javaparser.ast.type.ClassOrInterfaceType","range":{"beginLine":2,"beginColumn":75,"endLine":2,"endColumn":104},"tokenRange":{"beginToken":{"kind":94,"text":"AbstractPluralAttributeBinding"},"endToken":{"kind":94,"text":"AbstractPluralAttributeBinding"}},"name":{"!":"com.github.javaparser.ast.expr.SimpleName","range":{"beginLine":2,"beginColumn":75,"endLine":2,"endColumn":104},"tokenRange":{"beginToken":{"kind":94,"text":"AbstractPluralAttributeBinding"},"endToken":{"kind":94,"text":"AbstractPluralAttributeBinding"}},"identifier":"AbstractPluralAttributeBinding"},"annotations":[]},"varArgsAnnotations":[]}],"thrownExceptions":[],"typeParameters":[],"annotations":[]}],"modifiers":[],"name":{"!":"com.github.javaparser.ast.expr.SimpleName","range":{"beginLine":1,"beginColumn":7,"endLine":1,"endColumn":10},"tokenRange":{"beginToken":{"kind":94,"text":"Test"},"endToken":{"kind":94,"text":"Test"}},"identifier":"Test"},"annotations":[]}]}