{"!":"com.github.javaparser.ast.CompilationUnit","range":{"beginLine":1,"beginColumn":1,"endLine":26,"endColumn":2},"tokenRange":{"beginToken":{"kind":19,"text":"class"},"endToken":{"kind":0,"text":""}},"imports":[],"types":[{"!":"com.github.javaparser.ast.body.ClassOrInterfaceDeclaration","range":{"beginLine":1,"beginColumn":1,"endLine":26,"endColumn":2},"tokenRange":{"beginToken":{"kind":19,"text":"class"},"endToken":{"kind":100,"text":"}"}},"extendedTypes":[],"implementedTypes":[],"isInterface":"false","typeParameters":[],"members":[{"!":"com.github.javaparser.ast.body.MethodDeclaration","range":{"beginLine":2,"beginColumn":2,"endLine":24,"endColumn":2},"tokenRange":{"beginToken":{"kind":107,"text":"@"},"endToken":{"kind":100,"text":"}"}},"body":{"!":"com.github.javaparser.ast.stmt.BlockStmt","range":{"beginLine":4,"beginColumn":78,"endLine":24,"endColumn":2},"tokenRange":{"beginToken":{"kind":99,"text":"{"},"endToken":{"kind":100,"text":"}"}},"statements":[{"!":"com.github.javaparser.ast.stmt.ExpressionStmt","range":{"beginLine":6,"beginColumn":3,"endLine":6,"endColumn":34},"tokenRange":{"beginToken":{"kind":94,"text":"Session"},"endToken":{"kind":103,"text":";"}},"expression":{"!":"com.github.javaparser.ast.expr.VariableDeclarationExpr","range":{"beginLine":6,"beginColumn":3,"endLine":6,"endColumn":33},"tokenRange":{"beginToken":{"kind":94,"text":"Session"},"endToken":{"kind":98,"text":")"}},"annotations":[],"modifiers":[],"variables":[{"!":"com.github.javaparser.ast.body.VariableDeclarator","range":{"beginLine":6,"beginColumn":11,"endLine":6,"endColumn":33},"tokenRange":{"beginToken":{"kind":94,"text":"session"},"endToken":{"kind":98,"text":")"}},"initializer":{"!":"com.github.javaparser.ast.expr.MethodCallExpr","range":{"beginLine":6,"beginColumn":21,"endLine":6,"endColumn":33},"tokenRange":{"beginToken":{"kind":94,"text":"openSession"},"endToken":{"kind":98,"text":")"}},"arguments":[],"name":{"!":"com.github.javaparser.ast.expr.SimpleName","range":{"beginLine":6,"beginColumn":21,"endLine":6,"endColumn":31},"tokenRange":{"beginToken":{"kind":94,"text":"openSession"},"endToken":{"kind":94,"text":"openSession"}},"identifier":"openSession"}},"name":{"!":"com.github.javaparser.ast.expr.SimpleName","range":{"beginLine":6,"beginColumn":11,"endLine":6,"endColumn":17},"tokenRange":{"beginToken":{"kind":94,"text":"session"},"endToken":{"kind":94,"text":"session"}},"identifier":"session"},"type":{"!":"com.github.javaparser.ast.type.ClassOrInterfaceType","range":{"beginLine":6,"beginColumn":3,"endLine":6,"endColumn":9},"tokenRange":{"beginToken":{"kind":94,"text":"Session"},"endToken":{"kind":94,"text":"Session"}},"name":{"!":"com.github.javaparser.ast.expr.SimpleName","range":{"beginLine":6,"beginColumn":3,"endLine":6,"endColumn":9},"tokenRange":{"beginToken":{"kind":94,"text":"Session"},"endToken":{"kind":94,"text":"Session"}},"identifier":"Session"},"annotations":[]}}]}},{"!":"com.github.javaparser.ast.stmt.ExpressionStmt","range":{"beginLine":7,"beginColumn":3,"endLine":7,"endColumn":54},"tokenRange":{"beginToken":{"kind":94,"text":"session"},"endToken":{"kind":103,"text":";"}},"expression":{"!":"com.github.javaparser.ast.expr.MethodCallExpr","range":{"beginLine":7,"beginColumn":3,"endLine":7,"endColumn":53},"tokenRange":{"beginToken":{"kind":94,"text":"session"},"endToken":{"kind":98,"text":")"}},"arguments":[],"name":{"!":"com.github.javaparser.ast.expr.SimpleName","range":{"beginLine":7,"beginColumn":47,"endLine":7,"endColumn":51},"tokenRange":{"beginToken":{"kind":94,"text":"clear"},"endToken":{"kind":94,"text":"clear"}},"identifier":"clear"},"scope":{"!":"com.github.javaparser.ast.expr.MethodCallExpr","range":{"beginLine":7,"beginColumn":3,"endLine":7,"endColumn":45},"tokenRange":{"beginToken":{"kind":94,"text":"session"},"endToken":{"kind":98,"text":")"}},"arguments":[],"name":{"!":"com.github.javaparser.ast.expr.SimpleName","range":{"beginLine":7,"beginColumn":31,"endLine":7,"endColumn":43},"tokenRange":{"beginToken":{"kind":94,"text":"getStatistics"},"endToken":{"kind":94,"text":"getStatistics"}},"identifier":"getStatistics"},"scope":{"!":"com.github.javaparser.ast.expr.MethodCallExpr","range":{"beginLine":7,"beginColumn":3,"endLine":7,"endColumn":29},"tokenRange":{"beginToken":{"kind":94,"text":"session"},"endToken":{"kind":98,"text":")"}},"arguments":[],"name":{"!":"com.github.javaparser.ast.expr.SimpleName","range":{"beginLine":7,"beginColumn":11,"endLine":7,"endColumn":27},"tokenRange":{"beginToken":{"kind":94,"text":"getSessionFactory"},"endToken":{"kind":94,"text":"getSessionFactory"}},"identifier":"getSessionFactory"},"scope":{"!":"com.github.javaparser.ast.expr.NameExpr","range":{"beginLine":7,"beginColumn":3,"endLine":7,"endColumn":9},"tokenRange":{"beginToken":{"kind":94,"text":"session"},"endToken":{"kind":94,"text":"session"}},"name":{"!":"com.github.javaparser.ast.expr.SimpleName","range":{"beginLine":7,"beginColumn":3,"endLine":7,"endColumn":9},"tokenRange":{"beginToken":{"kind":94,"text":"session"},"endToken":{"kind":94,"text":"session"}},"identifier":"session"}}}}}},{"!":"com.github.javaparser.ast.stmt.ExpressionStmt","range":{"beginLine":8,"beginColumn":3,"endLine":8,"endColumn":29},"tokenRange":{"beginToken":{"kind":94,"text":"session"},"endToken":{"kind":103,"text":";"}},"expression":{"!":"com.github.javaparser.ast.expr.MethodCallExpr","range":{"beginLine":8,"beginColumn":3,"endLine":8,"endColumn":28},"tokenRange":{"beginToken":{"kind":94,"text":"session"},"endToken":{"kind":98,"text":")"}},"arguments":[],"name":{"!":"com.github.javaparser.ast.expr.SimpleName","range":{"beginLine":8,"beginColumn":11,"endLine":8,"endColumn":26},"tokenRange":{"beginToken":{"kind":94,"text":"beginTransaction"},"endToken":{"kind":94,"text":"beginTransaction"}},"identifier":"beginTransaction"},"scope":{"!":"com.github.javaparser.ast.expr.NameExpr","range":{"beginLine":8,"beginColumn":3,"endLine":8,"endColumn":9},"tokenRange":{"beginToken":{"kind":94,"text":"session"},"endToken":{"kind":94,"text":"session"}},"name":{"!":"com.github.javaparser.ast.expr.SimpleName","range":{"beginLine":8,"beginColumn":3,"endLine":8,"endColumn":9},"tokenRange":{"beginToken":{"kind":94,"text":"session"},"endToken":{"kind":94,"text":"session"}},"identifier":"session"}}}},{"!":"com.github.javaparser.ast.stmt.ExpressionStmt","range":{"beginLine":9,"beginColumn":3,"endLine":9,"endColumn":34},"tokenRange":{"beginToken":{"kind":94,"text":"Another"},"endToken":{"kind":103,"text":";"}},"expression":{"!":"com.github.javaparser.ast.expr.VariableDeclarationExpr","range":{"beginLine":9,"beginColumn":3,"endLine":9,"endColumn":33},"tokenRange":{"beginToken":{"kind":94,"text":"Another"},"endToken":{"kind":98,"text":")"}},"annotations":[],"modifiers":[],"variables":[{"!":"com.github.javaparser.ast.body.VariableDeclarator","range":{"beginLine":9,"beginColumn":11,"endLine":9,"endColumn":33},"tokenRange":{"beginToken":{"kind":94,"text":"it"},"endToken":{"kind":98,"text":")"}},"initializer":{"!":"com.github.javaparser.ast.expr.ObjectCreationExpr","range":{"beginLine":9,"beginColumn":16,"endLine":9,"endColumn":33},"tokenRange":{"beginToken":{"kind":42,"text":"new"},"endToken":{"kind":98,"text":")"}},"arguments":[{"!":"com.github.javaparser.ast.expr.StringLiteralExpr","range":{"beginLine":9,"beginColumn":29,"endLine":9,"endColumn":32},"tokenRange":{"beginToken":{"kind":90,"text":"\"it\""},"endToken":{"kind":90,"text":"\"it\""}},"value":"it"}],"type":{"!":"com.github.javaparser.ast.type.ClassOrInterfaceType","range":{"beginLine":9,"beginColumn":20,"endLine":9,"endColumn":26},"tokenRange":{"beginToken":{"kind":94,"text":"Another"},"endToken":{"kind":94,"text":"Another"}},"name":{"!":"com.github.javaparser.ast.expr.SimpleName","range":{"beginLine":9,"beginColumn":20,"endLine":9,"endColumn":26},"tokenRange":{"beginToken":{"kind":94,"text":"Another"},"endToken":{"kind":94,"text":"Another"}},"identifier":"Another"},"annotations":[]}},"name":{"!":"com.github.javaparser.ast.expr.SimpleName","range":{"beginLine":9,"beginColumn":11,"endLine":9,"endColumn":12},"tokenRange":{"beginToken":{"kind":94,"text":"it"},"endToken":{"kind":94,"text":"it"}},"identifier":"it"},"type":{"!":"com.github.javaparser.ast.type.ClassOrInterfaceType","range":{"beginLine":9,"beginColumn":3,"endLine":9,"endColumn":9},"tokenRange":{"beginToken":{"kind":94,"text":"Another"},"endToken":{"kind":94,"text":"Another"}},"name":{"!":"com.github.javaparser.ast.expr.SimpleName","range":{"beginLine":9,"beginColumn":3,"endLine":9,"endColumn":9},"tokenRange":{"beginToken":{"kind":94,"text":"Another"},"endToken":{"kind":94,"text":"Another"}},"identifier":"Another"},"annotations":[]}}]}},{"!":"com.github.javaparser.ast.stmt.ExpressionStmt","range":{"beginLine":10,"beginColumn":3,"endLine":10,"endColumn":21},"tokenRange":{"beginToken":{"kind":94,"text":"session"},"endToken":{"kind":103,"text":";"}},"expression":{"!":"com.github.javaparser.ast.expr.MethodCallExpr","range":{"beginLine":10,"beginColumn":3,"endLine":10,"endColumn":20},"tokenRange":{"beginToken":{"kind":94,"text":"session"},"endToken":{"kind":98,"text":")"}},"arguments":[{"!":"com.github.javaparser.ast.expr.NameExpr","range":{"beginLine":10,"beginColumn":17,"endLine":10,"endColumn":18},"tokenRange":{"beginToken":{"kind":94,"text":"it"},"endToken":{"kind":94,"text":"it"}},"name":{"!":"com.github.javaparser.ast.expr.SimpleName","range":{"beginLine":10,"beginColumn":17,"endLine":10,"endColumn":18},"tokenRange":{"beginToken":{"kind":94,"text":"it"},"endToken":{"kind":94,"text":"it"}},"identifier":"it"}}],"name":{"!":"com.github.javaparser.ast.expr.SimpleName","range":{"beginLine":10,"beginColumn":11,"endLine":10,"endColumn":14},"tokenRange":{"beginToken":{"kind":94,"text":"save"},"endToken":{"kind":94,"text":"save"}},"identifier":"save"},"scope":{"!":"com.github.javaparser.ast.expr.NameExpr","range":{"beginLine":10,"beginColumn":3,"endLine":10,"endColumn":9},"tokenRange":{"beginToken":{"kind":94,"text":"session"},"endToken":{"kind":94,"text":"session"}},"name":{"!":"com.github.javaparser.ast.expr.SimpleName","range":{"beginLine":10,"beginColumn":3,"endLine":10,"endColumn":9},"tokenRange":{"beginToken":{"kind":94,"text":"session"},"endToken":{"kind":94,"text":"session"}},"identifier":"session"}}},"comment":{"!":"com.github.javaparser.ast.comments.LineComment","range":{"beginLine":10,"beginColumn":26,"endLine":10,"endColumn":53},"tokenRange":{"beginToken":{"kind":5,"text":"// schedules an InsertAction"},"endToken":{"kind":5,"text":"// schedules an InsertAction"}},"content":" schedules an InsertAction"}},{"!":"com.github.javaparser.ast.stmt.ExpressionStmt","range":{"beginLine":11,"beginColumn":3,"endLine":11,"endColumn":24},"tokenRange":{"beginToken":{"kind":94,"text":"it"},"endToken":{"kind":103,"text":";"}},"expression":{"!":"com.github.javaparser.ast.expr.MethodCallExpr","range":{"beginLine":11,"beginColumn":3,"endLine":11,"endColumn":23},"tokenRange":{"beginToken":{"kind":94,"text":"it"},"endToken":{"kind":98,"text":")"}},"arguments":[{"!":"com.github.javaparser.ast.expr.StringLiteralExpr","range":{"beginLine":11,"beginColumn":17,"endLine":11,"endColumn":22},"tokenRange":{"beginToken":{"kind":90,"text":"\"1234\""},"endToken":{"kind":90,"text":"\"1234\""}},"value":"1234"}],"name":{"!":"com.github.javaparser.ast.expr.SimpleName","range":{"beginLine":11,"beginColumn":6,"endLine":11,"endColumn":15},"tokenRange":{"beginToken":{"kind":94,"text":"setSurname"},"endToken":{"kind":94,"text":"setSurname"}},"identifier":"setSurname"},"scope":{"!":"com.github.javaparser.ast.expr.NameExpr","range":{"beginLine":11,"beginColumn":3,"endLine":11,"endColumn":4},"tokenRange":{"beginToken":{"kind":94,"text":"it"},"endToken":{"kind":94,"text":"it"}},"name":{"!":"com.github.javaparser.ast.expr.SimpleName","range":{"beginLine":11,"beginColumn":3,"endLine":11,"endColumn":4},"tokenRange":{"beginToken":{"kind":94,"text":"it"},"endToken":{"kind":94,"text":"it"}},"identifier":"it"}}},"comment":{"!":"com.github.javaparser.ast.comments.LineComment","range":{"beginLine":11,"beginColumn":26,"endLine":11,"endColumn":70},"tokenRange":{"beginToken":{"kind":5,"text":"// schedules an UpdateAction, without bug-fix"},"endToken":{"kind":5,"text":"// schedules an UpdateAction, without bug-fix"}},"content":" schedules an UpdateAction, without bug-fix"}},{"!":"com.github.javaparser.ast.stmt.ExpressionStmt","range":{"beginLine":13,"beginColumn":3,"endLine":13,"endColumn":18},"tokenRange":{"beginToken":{"kind":94,"text":"session"},"endToken":{"kind":103,"text":";"}},"expression":{"!":"com.github.javaparser.ast.expr.MethodCallExpr","range":{"beginLine":13,"beginColumn":3,"endLine":13,"endColumn":17},"tokenRange":{"beginToken":{"kind":94,"text":"session"},"endToken":{"kind":98,"text":")"}},"arguments":[],"name":{"!":"com.github.javaparser.ast.expr.SimpleName","range":{"beginLine":13,"beginColumn":11,"endLine":13,"endColumn":15},"tokenRange":{"beginToken":{"kind":94,"text":"flush"},"endToken":{"kind":94,"text":"flush"}},"identifier":"flush"},"scope":{"!":"com.github.javaparser.ast.expr.NameExpr","range":{"beginLine":13,"beginColumn":3,"endLine":13,"endColumn":9},"tokenRange":{"beginToken":{"kind":94,"text":"session"},"endToken":{"kind":94,"text":"session"}},"name":{"!":"com.github.javaparser.ast.expr.SimpleName","range":{"beginLine":13,"beginColumn":3,"endLine":13,"endColumn":9},"tokenRange":{"beginToken":{"kind":94,"text":"session"},"endToken":{"kind":94,"text":"session"}},"identifier":"session"}}},"comment":{"!":"com.github.javaparser.ast.comments.LineComment","range":{"beginLine":12,"beginColumn":3,"endLine":12,"endColumn":84},"tokenRange":{"beginToken":{"kind":5,"text":"// this will re-cache natural-id with identical key and at same time invalidate it"},"endToken":{"kind":5,"text":"// this will re-cache natural-id with identical key and at same time invalidate it"}},"content":" this will re-cache natural-id with identical key and at same time invalidate it"}},{"!":"com.github.javaparser.ast.stmt.ExpressionStmt","range":{"beginLine":14,"beginColumn":3,"endLine":14,"endColumn":36},"tokenRange":{"beginToken":{"kind":94,"text":"session"},"endToken":{"kind":103,"text":";"}},"expression":{"!":"com.github.javaparser.ast.expr.MethodCallExpr","range":{"beginLine":14,"beginColumn":3,"endLine":14,"endColumn":35},"tokenRange":{"beginToken":{"kind":94,"text":"session"},"endToken":{"kind":98,"text":")"}},"arguments":[],"name":{"!":"com.github.javaparser.ast.expr.SimpleName","range":{"beginLine":14,"beginColumn":28,"endLine":14,"endColumn":33},"tokenRange":{"beginToken":{"kind":94,"text":"commit"},"endToken":{"kind":94,"text":"commit"}},"identifier":"commit"},"scope":{"!":"com.github.javaparser.ast.expr.MethodCallExpr","range":{"beginLine":14,"beginColumn":3,"endLine":14,"endColumn":26},"tokenRange":{"beginToken":{"kind":94,"text":"session"},"endToken":{"kind":98,"text":")"}},"arguments":[],"name":{"!":"com.github.javaparser.ast.expr.SimpleName","range":{"beginLine":14,"beginColumn":11,"endLine":14,"endColumn":24},"tokenRange":{"beginToken":{"kind":94,"text":"getTransaction"},"endToken":{"kind":94,"text":"getTransaction"}},"identifier":"getTransaction"},"scope":{"!":"com.github.javaparser.ast.expr.NameExpr","range":{"beginLine":14,"beginColumn":3,"endLine":14,"endColumn":9},"tokenRange":{"beginToken":{"kind":94,"text":"session"},"endToken":{"kind":94,"text":"session"}},"name":{"!":"com.github.javaparser.ast.expr.SimpleName","range":{"beginLine":14,"beginColumn":3,"endLine":14,"endColumn":9},"tokenRange":{"beginToken":{"kind":94,"text":"session"},"endToken":{"kind":94,"text":"session"}},"identifier":"session"}}}}},{"!":"com.github.javaparser.ast.stmt.ExpressionStmt","range":{"beginLine":15,"beginColumn":3,"endLine":15,"endColumn":18},"tokenRange":{"beginToken":{"kind":94,"text":"session"},"endToken":{"kind":103,"text":";"}},"expression":{"!":"com.github.javaparser.ast.expr.MethodCallExpr","range":{"beginLine":15,"beginColumn":3,"endLine":15,"endColumn":17},"tokenRange":{"beginToken":{"kind":94,"text":"session"},"endToken":{"kind":98,"text":")"}},"arguments":[],"name":{"!":"com.github.javaparser.ast.expr.SimpleName","range":{"beginLine":15,"beginColumn":11,"endLine":15,"endColumn":15},"tokenRange":{"beginToken":{"kind":94,"text":"close"},"endToken":{"kind":94,"text":"close"}},"identifier":"close"},"scope":{"!":"com.github.javaparser.ast.expr.NameExpr","range":{"beginLine":15,"beginColumn":3,"endLine":15,"endColumn":9},"tokenRange":{"beginToken":{"kind":94,"text":"session"},"endToken":{"kind":94,"text":"session"}},"name":{"!":"com.github.javaparser.ast.expr.SimpleName","range":{"beginLine":15,"beginColumn":3,"endLine":15,"endColumn":9},"tokenRange":{"beginToken":{"kind":94,"text":"session"},"endToken":{"kind":94,"text":"session"}},"identifier":"session"}}}},{"!":"com.github.javaparser.ast.stmt.ExpressionStmt","range":{"beginLine":17,"beginColumn":3,"endLine":17,"endColumn":26},"tokenRange":{"beginToken":{"kind":94,"text":"session"},"endToken":{"kind":103,"text":";"}},"expression":{"!":"com.github.javaparser.ast.expr.AssignExpr","range":{"beginLine":17,"beginColumn":3,"endLine":17,"endColumn":25},"tokenRange":{"beginToken":{"kind":94,"text":"session"},"endToken":{"kind":98,"text":")"}},"operator":"ASSIGN","target":{"!":"com.github.javaparser.ast.expr.NameExpr","range":{"beginLine":17,"beginColumn":3,"endLine":17,"endColumn":9},"tokenRange":{"beginToken":{"kind":94,"text":"session"},"endToken":{"kind":94,"text":"session"}},"name":{"!":"com.github.javaparser.ast.expr.SimpleName","range":{"beginLine":17,"beginColumn":3,"endLine":17,"endColumn":9},"tokenRange":{"beginToken":{"kind":94,"text":"session"},"endToken":{"kind":94,"text":"session"}},"identifier":"session"}},"value":{"!":"com.github.javaparser.ast.expr.MethodCallExpr","range":{"beginLine":17,"beginColumn":13,"endLine":17,"endColumn":25},"tokenRange":{"beginToken":{"kind":94,"text":"openSession"},"endToken":{"kind":98,"text":")"}},"arguments":[],"name":{"!":"com.github.javaparser.ast.expr.SimpleName","range":{"beginLine":17,"beginColumn":13,"endLine":17,"endColumn":23},"tokenRange":{"beginToken":{"kind":94,"text":"openSession"},"endToken":{"kind":94,"text":"openSession"}},"identifier":"openSession"}}}},{"!":"com.github.javaparser.ast.stmt.ExpressionStmt","range":{"beginLine":18,"beginColumn":3,"endLine":18,"endColumn":29},"tokenRange":{"beginToken":{"kind":94,"text":"session"},"endToken":{"kind":103,"text":";"}},"expression":{"!":"com.github.javaparser.ast.expr.MethodCallExpr","range":{"beginLine":18,"beginColumn":3,"endLine":18,"endColumn":28},"tokenRange":{"beginToken":{"kind":94,"text":"session"},"endToken":{"kind":98,"text":")"}},"arguments":[],"name":{"!":"com.github.javaparser.ast.expr.SimpleName","range":{"beginLine":18,"beginColumn":11,"endLine":18,"endColumn":26},"tokenRange":{"beginToken":{"kind":94,"text":"beginTransaction"},"endToken":{"kind":94,"text":"beginTransaction"}},"identifier":"beginTransaction"},"scope":{"!":"com.github.javaparser.ast.expr.NameExpr","range":{"beginLine":18,"beginColumn":3,"endLine":18,"endColumn":9},"tokenRange":{"beginToken":{"kind":94,"text":"session"},"endToken":{"kind":94,"text":"session"}},"name":{"!":"com.github.javaparser.ast.expr.SimpleName","range":{"beginLine":18,"beginColumn":3,"endLine":18,"endColumn":9},"tokenRange":{"beginToken":{"kind":94,"text":"session"},"endToken":{"kind":94,"text":"session"}},"identifier":"session"}}}},{"!":"com.github.javaparser.ast.stmt.ExpressionStmt","range":{"beginLine":19,"beginColumn":3,"endLine":19,"endColumn":69},"tokenRange":{"beginToken":{"kind":94,"text":"it"},"endToken":{"kind":103,"text":";"}},"expression":{"!":"com.github.javaparser.ast.expr.AssignExpr","range":{"beginLine":19,"beginColumn":3,"endLine":19,"endColumn":68},"tokenRange":{"beginToken":{"kind":94,"text":"it"},"endToken":{"kind":98,"text":")"}},"operator":"ASSIGN","target":{"!":"com.github.javaparser.ast.expr.NameExpr","range":{"beginLine":19,"beginColumn":3,"endLine":19,"endColumn":4},"tokenRange":{"beginToken":{"kind":94,"text":"it"},"endToken":{"kind":94,"text":"it"}},"name":{"!":"com.github.javaparser.ast.expr.SimpleName","range":{"beginLine":19,"beginColumn":3,"endLine":19,"endColumn":4},"tokenRange":{"beginToken":{"kind":94,"text":"it"},"endToken":{"kind":94,"text":"it"}},"identifier":"it"}},"value":{"!":"com.github.javaparser.ast.expr.CastExpr","range":{"beginLine":19,"beginColumn":8,"endLine":19,"endColumn":68},"tokenRange":{"beginToken":{"kind":97,"text":"("},"endToken":{"kind":98,"text":")"}},"expression":{"!":"com.github.javaparser.ast.expr.MethodCallExpr","range":{"beginLine":19,"beginColumn":18,"endLine":19,"endColumn":68},"tokenRange":{"beginToken":{"kind":94,"text":"session"},"endToken":{"kind":98,"text":")"}},"arguments":[{"!":"com.github.javaparser.ast.expr.StringLiteralExpr","range":{"beginLine":19,"beginColumn":64,"endLine":19,"endColumn":67},"tokenRange":{"beginToken":{"kind":90,"text":"\"it\""},"endToken":{"kind":90,"text":"\"it\""}},"value":"it"}],"name":{"!":"com.github.javaparser.ast.expr.SimpleName","range":{"beginLine":19,"beginColumn":59,"endLine":19,"endColumn":62},"tokenRange":{"beginToken":{"kind":94,"text":"load"},"endToken":{"kind":94,"text":"load"}},"identifier":"load"},"scope":{"!":"com.github.javaparser.ast.expr.MethodCallExpr","range":{"beginLine":19,"beginColumn":18,"endLine":19,"endColumn":57},"tokenRange":{"beginToken":{"kind":94,"text":"session"},"endToken":{"kind":98,"text":")"}},"arguments":[{"!":"com.github.javaparser.ast.expr.ClassExpr","range":{"beginLine":19,"beginColumn":44,"endLine":19,"endColumn":56},"tokenRange":{"beginToken":{"kind":94,"text":"Another"},"endToken":{"kind":19,"text":"class"}},"type":{"!":"com.github.javaparser.ast.type.ClassOrInterfaceType","range":{"beginLine":19,"beginColumn":44,"endLine":19,"endColumn":50},"tokenRange":{"beginToken":{"kind":94,"text":"Another"},"endToken":{"kind":94,"text":"Another"}},"name":{"!":"com.github.javaparser.ast.expr.SimpleName","range":{"beginLine":19,"beginColumn":44,"endLine":19,"endColumn":50},"tokenRange":{"beginToken":{"kind":94,"text":"Another"},"endToken":{"kind":94,"text":"Another"}},"identifier":"Another"},"annotations":[]}}],"name":{"!":"com.github.javaparser.ast.expr.SimpleName","range":{"beginLine":19,"beginColumn":26,"endLine":19,"endColumn":42},"tokenRange":{"beginToken":{"kind":94,"text":"bySimpleNaturalId"},"endToken":{"kind":94,"text":"bySimpleNaturalId"}},"identifier":"bySimpleNaturalId"},"scope":{"!":"com.github.javaparser.ast.expr.NameExpr","range":{"beginLine":19,"beginColumn":18,"endLine":19,"endColumn":24},"tokenRange":{"beginToken":{"kind":94,"text":"session"},"endToken":{"kind":94,"text":"session"}},"name":{"!":"com.github.javaparser.ast.expr.SimpleName","range":{"beginLine":19,"beginColumn":18,"endLine":19,"endColumn":24},"tokenRange":{"beginToken":{"kind":94,"text":"session"},"endToken":{"kind":94,"text":"session"}},"identifier":"session"}}}},"type":{"!":"com.github.javaparser.ast.type.ClassOrInterfaceType","range":{"beginLine":19,"beginColumn":9,"endLine":19,"endColumn":15},"tokenRange":{"beginToken":{"kind":94,"text":"Another"},"endToken":{"kind":94,"text":"Another"}},"name":{"!":"com.github.javaparser.ast.expr.SimpleName","range":{"beginLine":19,"beginColumn":9,"endLine":19,"endColumn":15},"tokenRange":{"beginToken":{"kind":94,"text":"Another"},"endToken":{"kind":94,"text":"Another"}},"identifier":"Another"},"annotations":[]}}}},{"!":"com.github.javaparser.ast.stmt.ExpressionStmt","range":{"beginLine":20,"beginColumn":3,"endLine":20,"endColumn":20},"tokenRange":{"beginToken":{"kind":94,"text":"assertNotNull"},"endToken":{"kind":103,"text":";"}},"expression":{"!":"com.github.javaparser.ast.expr.MethodCallExpr","range":{"beginLine":20,"beginColumn":3,"endLine":20,"endColumn":19},"tokenRange":{"beginToken":{"kind":94,"text":"assertNotNull"},"endToken":{"kind":98,"text":")"}},"arguments":[{"!":"com.github.javaparser.ast.expr.NameExpr","range":{"beginLine":20,"beginColumn":17,"endLine":20,"endColumn":18},"tokenRange":{"beginToken":{"kind":94,"text":"it"},"endToken":{"kind":94,"text":"it"}},"name":{"!":"com.github.javaparser.ast.expr.SimpleName","range":{"beginLine":20,"beginColumn":17,"endLine":20,"endColumn":18},"tokenRange":{"beginToken":{"kind":94,"text":"it"},"endToken":{"kind":94,"text":"it"}},"identifier":"it"}}],"name":{"!":"com.github.javaparser.ast.expr.SimpleName","range":{"beginLine":20,"beginColumn":3,"endLine":20,"endColumn":15},"tokenRange":{"beginToken":{"kind":94,"text":"assertNotNull"},"endToken":{"kind":94,"text":"assertNotNull"}},"identifier":"assertNotNull"}}},{"!":"com.github.javaparser.ast.stmt.ExpressionStmt","range":{"beginLine":21,"beginColumn":3,"endLine":21,"endColumn":21},"tokenRange":{"beginToken":{"kind":94,"text":"session"},"endToken":{"kind":103,"text":";"}},"expression":{"!":"com.github.javaparser.ast.expr.MethodCallExpr","range":{"beginLine":21,"beginColumn":3,"endLine":21,"endColumn":20},"tokenRange":{"beginToken":{"kind":94,"text":"session"},"endToken":{"kind":98,"text":")"}},"arguments":[{"!":"com.github.javaparser.ast.expr.NameExpr","range":{"beginLine":21,"beginColumn":18,"endLine":21,"endColumn":19},"tokenRange":{"beginToken":{"kind":94,"text":"it"},"endToken":{"kind":94,"text":"it"}},"name":{"!":"com.github.javaparser.ast.expr.SimpleName","range":{"beginLine":21,"beginColumn":18,"endLine":21,"endColumn":19},"tokenRange":{"beginToken":{"kind":94,"text":"it"},"endToken":{"kind":94,"text":"it"}},"identifier":"it"}}],"name":{"!":"com.github.javaparser.ast.expr.SimpleName","range":{"beginLine":21,"beginColumn":11,"endLine":21,"endColumn":16},"tokenRange":{"beginToken":{"kind":94,"text":"delete"},"endToken":{"kind":94,"text":"delete"}},"identifier":"delete"},"scope":{"!":"com.github.javaparser.ast.expr.NameExpr","range":{"beginLine":21,"beginColumn":3,"endLine":21,"endColumn":9},"tokenRange":{"beginToken":{"kind":94,"text":"session"},"endToken":{"kind":94,"text":"session"}},"name":{"!":"com.github.javaparser.ast.expr.SimpleName","range":{"beginLine":21,"beginColumn":3,"endLine":21,"endColumn":9},"tokenRange":{"beginToken":{"kind":94,"text":"session"},"endToken":{"kind":94,"text":"session"}},"identifier":"session"}}}},{"!":"com.github.javaparser.ast.stmt.ExpressionStmt","range":{"beginLine":22,"beginColumn":3,"endLine":22,"endColumn":36},"tokenRange":{"beginToken":{"kind":94,"text":"session"},"endToken":{"kind":103,"text":";"}},"expression":{"!":"com.github.javaparser.ast.expr.MethodCallExpr","range":{"beginLine":22,"beginColumn":3,"endLine":22,"endColumn":35},"tokenRange":{"beginToken":{"kind":94,"text":"session"},"endToken":{"kind":98,"text":")"}},"arguments":[],"name":{"!":"com.github.javaparser.ast.expr.SimpleName","range":{"beginLine":22,"beginColumn":28,"endLine":22,"endColumn":33},"tokenRange":{"beginToken":{"kind":94,"text":"commit"},"endToken":{"kind":94,"text":"commit"}},"identifier":"commit"},"scope":{"!":"com.github.javaparser.ast.expr.MethodCallExpr","range":{"beginLine":22,"beginColumn":3,"endLine":22,"endColumn":26},"tokenRange":{"beginToken":{"kind":94,"text":"session"},"endToken":{"kind":98,"text":")"}},"arguments":[],"name":{"!":"com.github.javaparser.ast.expr.SimpleName","range":{"beginLine":22,"beginColumn":11,"endLine":22,"endColumn":24},"tokenRange":{"beginToken":{"kind":94,"text":"getTransaction"},"endToken":{"kind":94,"text":"getTransaction"}},"identifier":"getTransaction"},"scope":{"!":"com.github.javaparser.ast.expr.NameExpr","range":{"beginLine":22,"beginColumn":3,"endLine":22,"endColumn":9},"tokenRange":{"beginToken":{"kind":94,"text":"session"},"endToken":{"kind":94,"text":"session"}},"name":{"!":"com.github.javaparser.ast.expr.SimpleName","range":{"beginLine":22,"beginColumn":3,"endLine":22,"endColumn":9},"tokenRange":{"beginToken":{"kind":94,"text":"session"},"endToken":{"kind":94,"text":"session"}},"identifier":"session"}}}}},{"!":"com.github.javaparser.ast.stmt.ExpressionStmt","range":{"beginLine":23,"beginColumn":3,"endLine":23,"endColumn":150},"tokenRange":{"beginToken":{"kind":94,"text":"assertEquals"},"endToken":{"kind":103,"text":";"}},"expression":{"!":"com.github.javaparser.ast.expr.MethodCallExpr","range":{"beginLine":23,"beginColumn":3,"endLine":23,"endColumn":149},"tokenRange":{"beginToken":{"kind":94,"text":"assertEquals"},"endToken":{"kind":98,"text":")"}},"arguments":[{"!":"com.github.javaparser.ast.expr.StringLiteralExpr","range":{"beginLine":23,"beginColumn":16,"endLine":23,"endColumn":72},"tokenRange":{"beginToken":{"kind":90,"text":"\"In a strict access strategy we would excpect a hit here\""},"endToken":{"kind":90,"text":"\"In a strict access strategy we would excpect a hit here\""}},"value":"In a strict access strategy we would excpect a hit here"},{"!":"com.github.javaparser.ast.expr.IntegerLiteralExpr","range":{"beginLine":23,"beginColumn":75,"endLine":23,"endColumn":75},"tokenRange":{"beginToken":{"kind":77,"text":"1"},"endToken":{"kind":77,"text":"1"}},"value":"1"},{"!":"com.github.javaparser.ast.expr.MethodCallExpr","range":{"beginLine":23,"beginColumn":78,"endLine":23,"endColumn":148},"tokenRange":{"beginToken":{"kind":94,"text":"session"},"endToken":{"kind":98,"text":")"}},"arguments":[],"name":{"!":"com.github.javaparser.ast.expr.SimpleName","range":{"beginLine":23,"beginColumn":122,"endLine":23,"endColumn":146},"tokenRange":{"beginToken":{"kind":94,"text":"getNaturalIdCacheHitCount"},"endToken":{"kind":94,"text":"getNaturalIdCacheHitCount"}},"identifier":"getNaturalIdCacheHitCount"},"scope":{"!":"com.github.javaparser.ast.expr.MethodCallExpr","range":{"beginLine":23,"beginColumn":78,"endLine":23,"endColumn":120},"tokenRange":{"beginToken":{"kind":94,"text":"session"},"endToken":{"kind":98,"text":")"}},"arguments":[],"name":{"!":"com.github.javaparser.ast.expr.SimpleName","range":{"beginLine":23,"beginColumn":106,"endLine":23,"endColumn":118},"tokenRange":{"beginToken":{"kind":94,"text":"getStatistics"},"endToken":{"kind":94,"text":"getStatistics"}},"identifier":"getStatistics"},"scope":{"!":"com.github.javaparser.ast.expr.MethodCallExpr","range":{"beginLine":23,"beginColumn":78,"endLine":23,"endColumn":104},"tokenRange":{"beginToken":{"kind":94,"text":"session"},"endToken":{"kind":98,"text":")"}},"arguments":[],"name":{"!":"com.github.javaparser.ast.expr.SimpleName","range":{"beginLine":23,"beginColumn":86,"endLine":23,"endColumn":102},"tokenRange":{"beginToken":{"kind":94,"text":"getSessionFactory"},"endToken":{"kind":94,"text":"getSessionFactory"}},"identifier":"getSessionFactory"},"scope":{"!":"com.github.javaparser.ast.expr.NameExpr","range":{"beginLine":23,"beginColumn":78,"endLine":23,"endColumn":84},"tokenRange":{"beginToken":{"kind":94,"text":"session"},"endToken":{"kind":94,"text":"session"}},"name":{"!":"com.github.javaparser.ast.expr.SimpleName","range":{"beginLine":23,"beginColumn":78,"endLine":23,"endColumn":84},"tokenRange":{"beginToken":{"kind":94,"text":"session"},"endToken":{"kind":94,"text":"session"}},"identifier":"session"}}}}}],"name":{"!":"com.github.javaparser.ast.expr.SimpleName","range":{"beginLine":23,"beginColumn":3,"endLine":23,"endColumn":14},"tokenRange":{"beginToken":{"kind":94,"text":"assertEquals"},"endToken":{"kind":94,"text":"assertEquals"}},"identifier":"assertEquals"}}}]},"type":{"!":"com.github.javaparser.ast.type.VoidType","range":{"beginLine":4,"beginColumn":9,"endLine":4,"endColumn":12},"tokenRange":{"beginToken":{"kind":62,"text":"void"},"endToken":{"kind":62,"text":"void"}},"annotations":[]},"modifiers":[{"!":"com.github.javaparser.ast.Modifier","range":{"beginLine":4,"beginColumn":2,"endLine":4,"endColumn":7},"tokenRange":{"beginToken":{"kind":47,"text":"public"},"endToken":{"kind":47,"text":"public"}},"keyword":"PUBLIC"}],"name":{"!":"com.github.javaparser.ast.expr.SimpleName","range":{"beginLine":4,"beginColumn":14,"endLine":4,"endColumn":74},"tokenRange":{"beginToken":{"kind":94,"text":"testInsertUpdateEntity_NaturalIdCachedAfterTransactionSuccess"},"endToken":{"kind":94,"text":"testInsertUpdateEntity_NaturalIdCachedAfterTransactionSuccess"}},"identifier":"testInsertUpdateEntity_NaturalIdCachedAfterTransactionSuccess"},"parameters":[],"thrownExceptions":[],"typeParameters":[],"annotations":[{"!":"com.github.javaparser.ast.expr.MarkerAnnotationExpr","range":{"beginLine":2,"beginColumn":2,"endLine":2,"endColumn":6},"tokenRange":{"beginToken":{"kind":107,"text":"@"},"endToken":{"kind":94,"text":"Test"}},"name":{"!":"com.github.javaparser.ast.expr.Name","range":{"beginLine":2,"beginColumn":3,"endLine":2,"endColumn":6},"tokenRange":{"beginToken":{"kind":94,"text":"Test"},"endToken":{"kind":94,"text":"Test"}},"identifier":"Test"}},{"!":"com.github.javaparser.ast.expr.NormalAnnotationExpr","range":{"beginLine":3,"beginColumn":2,"endLine":3,"endColumn":38},"tokenRange":{"beginToken":{"kind":107,"text":"@"},"endToken":{"kind":98,"text":")"}},"pairs":[{"!":"com.github.javaparser.ast.expr.MemberValuePair","range":{"beginLine":3,"beginColumn":17,"endLine":3,"endColumn":36},"tokenRange":{"beginToken":{"kind":94,"text":"jiraKey"},"endToken":{"kind":90,"text":"\"HHH-7309\""}},"name":{"!":"com.github.javaparser.ast.expr.SimpleName","range":{"beginLine":3,"beginColumn":17,"endLine":3,"endColumn":23},"tokenRange":{"beginToken":{"kind":94,"text":"jiraKey"},"endToken":{"kind":94,"text":"jiraKey"}},"identifier":"jiraKey"},"value":{"!":"com.github.javaparser.ast.expr.StringLiteralExpr","range":{"beginLine":3,"beginColumn":27,"endLine":3,"endColumn":36},"tokenRange":{"beginToken":{"kind":90,"text":"\"HHH-7309\""},"endToken":{"kind":90,"text":"\"HHH-7309\""}},"value":"HHH-7309"}}],"name":{"!":"com.github.javaparser.ast.expr.Name","range":{"beginLine":3,"beginColumn":3,"endLine":3,"endColumn":14},"tokenRange":{"beginToken":{"kind":94,"text":"TestForIssue"},"endToken":{"kind":94,"text":"TestForIssue"}},"identifier":"TestForIssue"}}]}],"modifiers":[],"name":{"!":"com.github.javaparser.ast.expr.SimpleName","range":{"beginLine":1,"beginColumn":7,"endLine":1,"endColumn":10},"tokenRange":{"beginToken":{"kind":94,"text":"Test"},"endToken":{"kind":94,"text":"Test"}},"identifier":"Test"},"annotations":[]}]}