{"!":"com.github.javaparser.ast.CompilationUnit","range":{"beginLine":1,"beginColumn":1,"endLine":34,"endColumn":2},"tokenRange":{"beginToken":{"kind":19,"text":"class"},"endToken":{"kind":0,"text":""}},"imports":[],"types":[{"!":"com.github.javaparser.ast.body.ClassOrInterfaceDeclaration","range":{"beginLine":1,"beginColumn":1,"endLine":34,"endColumn":2},"tokenRange":{"beginToken":{"kind":19,"text":"class"},"endToken":{"kind":100,"text":"}"}},"extendedTypes":[],"implementedTypes":[],"isInterface":"false","typeParameters":[],"members":[{"!":"com.github.javaparser.ast.body.MethodDeclaration","range":{"beginLine":2,"beginColumn":2,"endLine":32,"endColumn":2},"tokenRange":{"beginToken":{"kind":47,"text":"public"},"endToken":{"kind":100,"text":"}"}},"body":{"!":"com.github.javaparser.ast.stmt.BlockStmt","range":{"beginLine":6,"beginColumn":27,"endLine":32,"endColumn":2},"tokenRange":{"beginToken":{"kind":99,"text":"{"},"endToken":{"kind":100,"text":"}"}},"statements":[{"!":"com.github.javaparser.ast.stmt.IfStmt","range":{"beginLine":7,"beginColumn":3,"endLine":31,"endColumn":3},"tokenRange":{"beginToken":{"kind":34,"text":"if"},"endToken":{"kind":100,"text":"}"}},"condition":{"!":"com.github.javaparser.ast.expr.BinaryExpr","range":{"beginLine":7,"beginColumn":8,"endLine":7,"endColumn":33},"tokenRange":{"beginToken":{"kind":94,"text":"optionalEntityName"},"endToken":{"kind":43,"text":"null"}},"left":{"!":"com.github.javaparser.ast.expr.NameExpr","range":{"beginLine":7,"beginColumn":8,"endLine":7,"endColumn":25},"tokenRange":{"beginToken":{"kind":94,"text":"optionalEntityName"},"endToken":{"kind":94,"text":"optionalEntityName"}},"name":{"!":"com.github.javaparser.ast.expr.SimpleName","range":{"beginLine":7,"beginColumn":8,"endLine":7,"endColumn":25},"tokenRange":{"beginToken":{"kind":94,"text":"optionalEntityName"},"endToken":{"kind":94,"text":"optionalEntityName"}},"identifier":"optionalEntityName"}},"operator":"NOT_EQUALS","right":{"!":"com.github.javaparser.ast.expr.NullLiteralExpr","range":{"beginLine":7,"beginColumn":30,"endLine":7,"endColumn":33},"tokenRange":{"beginToken":{"kind":43,"text":"null"},"endToken":{"kind":43,"text":"null"}}}},"elseStmt":{"!":"com.github.javaparser.ast.stmt.BlockStmt","range":{"beginLine":29,"beginColumn":8,"endLine":31,"endColumn":3},"tokenRange":{"beginToken":{"kind":99,"text":"{"},"endToken":{"kind":100,"text":"}"}},"statements":[{"!":"com.github.javaparser.ast.stmt.ReturnStmt","range":{"beginLine":30,"beginColumn":4,"endLine":30,"endColumn":15},"tokenRange":{"beginToken":{"kind":49,"text":"return"},"endToken":{"kind":103,"text":";"}},"expression":{"!":"com.github.javaparser.ast.expr.NullLiteralExpr","range":{"beginLine":30,"beginColumn":11,"endLine":30,"endColumn":14},"tokenRange":{"beginToken":{"kind":43,"text":"null"},"endToken":{"kind":43,"text":"null"}}}}]},"thenStmt":{"!":"com.github.javaparser.ast.stmt.BlockStmt","range":{"beginLine":7,"beginColumn":37,"endLine":28,"endColumn":3},"tokenRange":{"beginToken":{"kind":99,"text":"{"},"endToken":{"kind":100,"text":"}"}},"statements":[{"!":"com.github.javaparser.ast.stmt.ExpressionStmt","range":{"beginLine":8,"beginColumn":4,"endLine":8,"endColumn":41},"tokenRange":{"beginToken":{"kind":29,"text":"final"},"endToken":{"kind":103,"text":";"}},"expression":{"!":"com.github.javaparser.ast.expr.VariableDeclarationExpr","range":{"beginLine":8,"beginColumn":4,"endLine":8,"endColumn":40},"tokenRange":{"beginToken":{"kind":29,"text":"final"},"endToken":{"kind":94,"text":"entityPersister"}},"annotations":[],"modifiers":[{"!":"com.github.javaparser.ast.Modifier","range":{"beginLine":8,"beginColumn":4,"endLine":8,"endColumn":8},"tokenRange":{"beginToken":{"kind":29,"text":"final"},"endToken":{"kind":29,"text":"final"}},"keyword":"FINAL"}],"variables":[{"!":"com.github.javaparser.ast.body.VariableDeclarator","range":{"beginLine":8,"beginColumn":26,"endLine":8,"endColumn":40},"tokenRange":{"beginToken":{"kind":94,"text":"entityPersister"},"endToken":{"kind":94,"text":"entityPersister"}},"name":{"!":"com.github.javaparser.ast.expr.SimpleName","range":{"beginLine":8,"beginColumn":26,"endLine":8,"endColumn":40},"tokenRange":{"beginToken":{"kind":94,"text":"entityPersister"},"endToken":{"kind":94,"text":"entityPersister"}},"identifier":"entityPersister"},"type":{"!":"com.github.javaparser.ast.type.ClassOrInterfaceType","range":{"beginLine":8,"beginColumn":10,"endLine":8,"endColumn":24},"tokenRange":{"beginToken":{"kind":94,"text":"EntityPersister"},"endToken":{"kind":94,"text":"EntityPersister"}},"name":{"!":"com.github.javaparser.ast.expr.SimpleName","range":{"beginLine":8,"beginColumn":10,"endLine":8,"endColumn":24},"tokenRange":{"beginToken":{"kind":94,"text":"EntityPersister"},"endToken":{"kind":94,"text":"EntityPersister"}},"identifier":"EntityPersister"},"annotations":[]}}]}},{"!":"com.github.javaparser.ast.stmt.IfStmt","range":{"beginLine":9,"beginColumn":4,"endLine":14,"endColumn":4},"tokenRange":{"beginToken":{"kind":34,"text":"if"},"endToken":{"kind":100,"text":"}"}},"condition":{"!":"com.github.javaparser.ast.expr.BinaryExpr","range":{"beginLine":9,"beginColumn":9,"endLine":9,"endColumn":30},"tokenRange":{"beginToken":{"kind":94,"text":"optionalObject"},"endToken":{"kind":43,"text":"null"}},"left":{"!":"com.github.javaparser.ast.expr.NameExpr","range":{"beginLine":9,"beginColumn":9,"endLine":9,"endColumn":22},"tokenRange":{"beginToken":{"kind":94,"text":"optionalObject"},"endToken":{"kind":94,"text":"optionalObject"}},"name":{"!":"com.github.javaparser.ast.expr.SimpleName","range":{"beginLine":9,"beginColumn":9,"endLine":9,"endColumn":22},"tokenRange":{"beginToken":{"kind":94,"text":"optionalObject"},"endToken":{"kind":94,"text":"optionalObject"}},"identifier":"optionalObject"}},"operator":"NOT_EQUALS","right":{"!":"com.github.javaparser.ast.expr.NullLiteralExpr","range":{"beginLine":9,"beginColumn":27,"endLine":9,"endColumn":30},"tokenRange":{"beginToken":{"kind":43,"text":"null"},"endToken":{"kind":43,"text":"null"}}}},"elseStmt":{"!":"com.github.javaparser.ast.stmt.BlockStmt","range":{"beginLine":12,"beginColumn":9,"endLine":14,"endColumn":4},"tokenRange":{"beginToken":{"kind":99,"text":"{"},"endToken":{"kind":100,"text":"}"}},"statements":[{"!":"com.github.javaparser.ast.stmt.ExpressionStmt","range":{"beginLine":13,"beginColumn":5,"endLine":13,"endColumn":84},"tokenRange":{"beginToken":{"kind":94,"text":"entityPersister"},"endToken":{"kind":103,"text":";"}},"expression":{"!":"com.github.javaparser.ast.expr.AssignExpr","range":{"beginLine":13,"beginColumn":5,"endLine":13,"endColumn":83},"tokenRange":{"beginToken":{"kind":94,"text":"entityPersister"},"endToken":{"kind":98,"text":")"}},"operator":"ASSIGN","target":{"!":"com.github.javaparser.ast.expr.NameExpr","range":{"beginLine":13,"beginColumn":5,"endLine":13,"endColumn":19},"tokenRange":{"beginToken":{"kind":94,"text":"entityPersister"},"endToken":{"kind":94,"text":"entityPersister"}},"name":{"!":"com.github.javaparser.ast.expr.SimpleName","range":{"beginLine":13,"beginColumn":5,"endLine":13,"endColumn":19},"tokenRange":{"beginToken":{"kind":94,"text":"entityPersister"},"endToken":{"kind":94,"text":"entityPersister"}},"identifier":"entityPersister"}},"value":{"!":"com.github.javaparser.ast.expr.MethodCallExpr","range":{"beginLine":13,"beginColumn":23,"endLine":13,"endColumn":83},"tokenRange":{"beginToken":{"kind":94,"text":"session"},"endToken":{"kind":98,"text":")"}},"arguments":[{"!":"com.github.javaparser.ast.expr.NameExpr","range":{"beginLine":13,"beginColumn":64,"endLine":13,"endColumn":81},"tokenRange":{"beginToken":{"kind":94,"text":"optionalEntityName"},"endToken":{"kind":94,"text":"optionalEntityName"}},"name":{"!":"com.github.javaparser.ast.expr.SimpleName","range":{"beginLine":13,"beginColumn":64,"endLine":13,"endColumn":81},"tokenRange":{"beginToken":{"kind":94,"text":"optionalEntityName"},"endToken":{"kind":94,"text":"optionalEntityName"}},"identifier":"optionalEntityName"}}],"name":{"!":"com.github.javaparser.ast.expr.SimpleName","range":{"beginLine":13,"beginColumn":44,"endLine":13,"endColumn":61},"tokenRange":{"beginToken":{"kind":94,"text":"getEntityPersister"},"endToken":{"kind":94,"text":"getEntityPersister"}},"identifier":"getEntityPersister"},"scope":{"!":"com.github.javaparser.ast.expr.MethodCallExpr","range":{"beginLine":13,"beginColumn":23,"endLine":13,"endColumn":42},"tokenRange":{"beginToken":{"kind":94,"text":"session"},"endToken":{"kind":98,"text":")"}},"arguments":[],"name":{"!":"com.github.javaparser.ast.expr.SimpleName","range":{"beginLine":13,"beginColumn":31,"endLine":13,"endColumn":40},"tokenRange":{"beginToken":{"kind":94,"text":"getFactory"},"endToken":{"kind":94,"text":"getFactory"}},"identifier":"getFactory"},"scope":{"!":"com.github.javaparser.ast.expr.NameExpr","range":{"beginLine":13,"beginColumn":23,"endLine":13,"endColumn":29},"tokenRange":{"beginToken":{"kind":94,"text":"session"},"endToken":{"kind":94,"text":"session"}},"name":{"!":"com.github.javaparser.ast.expr.SimpleName","range":{"beginLine":13,"beginColumn":23,"endLine":13,"endColumn":29},"tokenRange":{"beginToken":{"kind":94,"text":"session"},"endToken":{"kind":94,"text":"session"}},"identifier":"session"}}}}}}]},"thenStmt":{"!":"com.github.javaparser.ast.stmt.BlockStmt","range":{"beginLine":9,"beginColumn":34,"endLine":11,"endColumn":4},"tokenRange":{"beginToken":{"kind":99,"text":"{"},"endToken":{"kind":100,"text":"}"}},"statements":[{"!":"com.github.javaparser.ast.stmt.ExpressionStmt","range":{"beginLine":10,"beginColumn":5,"endLine":10,"endColumn":87},"tokenRange":{"beginToken":{"kind":94,"text":"entityPersister"},"endToken":{"kind":103,"text":";"}},"expression":{"!":"com.github.javaparser.ast.expr.AssignExpr","range":{"beginLine":10,"beginColumn":5,"endLine":10,"endColumn":86},"tokenRange":{"beginToken":{"kind":94,"text":"entityPersister"},"endToken":{"kind":98,"text":")"}},"operator":"ASSIGN","target":{"!":"com.github.javaparser.ast.expr.NameExpr","range":{"beginLine":10,"beginColumn":5,"endLine":10,"endColumn":19},"tokenRange":{"beginToken":{"kind":94,"text":"entityPersister"},"endToken":{"kind":94,"text":"entityPersister"}},"name":{"!":"com.github.javaparser.ast.expr.SimpleName","range":{"beginLine":10,"beginColumn":5,"endLine":10,"endColumn":19},"tokenRange":{"beginToken":{"kind":94,"text":"entityPersister"},"endToken":{"kind":94,"text":"entityPersister"}},"identifier":"entityPersister"}},"value":{"!":"com.github.javaparser.ast.expr.MethodCallExpr","range":{"beginLine":10,"beginColumn":23,"endLine":10,"endColumn":86},"tokenRange":{"beginToken":{"kind":94,"text":"session"},"endToken":{"kind":98,"text":")"}},"arguments":[{"!":"com.github.javaparser.ast.expr.NameExpr","range":{"beginLine":10,"beginColumn":51,"endLine":10,"endColumn":68},"tokenRange":{"beginToken":{"kind":94,"text":"optionalEntityName"},"endToken":{"kind":94,"text":"optionalEntityName"}},"name":{"!":"com.github.javaparser.ast.expr.SimpleName","range":{"beginLine":10,"beginColumn":51,"endLine":10,"endColumn":68},"tokenRange":{"beginToken":{"kind":94,"text":"optionalEntityName"},"endToken":{"kind":94,"text":"optionalEntityName"}},"identifier":"optionalEntityName"}},{"!":"com.github.javaparser.ast.expr.NameExpr","range":{"beginLine":10,"beginColumn":71,"endLine":10,"endColumn":84},"tokenRange":{"beginToken":{"kind":94,"text":"optionalObject"},"endToken":{"kind":94,"text":"optionalObject"}},"name":{"!":"com.github.javaparser.ast.expr.SimpleName","range":{"beginLine":10,"beginColumn":71,"endLine":10,"endColumn":84},"tokenRange":{"beginToken":{"kind":94,"text":"optionalObject"},"endToken":{"kind":94,"text":"optionalObject"}},"identifier":"optionalObject"}}],"name":{"!":"com.github.javaparser.ast.expr.SimpleName","range":{"beginLine":10,"beginColumn":31,"endLine":10,"endColumn":48},"tokenRange":{"beginToken":{"kind":94,"text":"getEntityPersister"},"endToken":{"kind":94,"text":"getEntityPersister"}},"identifier":"getEntityPersister"},"scope":{"!":"com.github.javaparser.ast.expr.NameExpr","range":{"beginLine":10,"beginColumn":23,"endLine":10,"endColumn":29},"tokenRange":{"beginToken":{"kind":94,"text":"session"},"endToken":{"kind":94,"text":"session"}},"name":{"!":"com.github.javaparser.ast.expr.SimpleName","range":{"beginLine":10,"beginColumn":23,"endLine":10,"endColumn":29},"tokenRange":{"beginToken":{"kind":94,"text":"session"},"endToken":{"kind":94,"text":"session"}},"identifier":"session"}}}}}]}},{"!":"com.github.javaparser.ast.stmt.IfStmt","range":{"beginLine":15,"beginColumn":4,"endLine":27,"endColumn":4},"tokenRange":{"beginToken":{"kind":34,"text":"if"},"endToken":{"kind":100,"text":"}"}},"condition":{"!":"com.github.javaparser.ast.expr.BinaryExpr","range":{"beginLine":15,"beginColumn":9,"endLine":17,"endColumn":78},"tokenRange":{"beginToken":{"kind":94,"text":"entityPersister"},"endToken":{"kind":98,"text":")"}},"left":{"!":"com.github.javaparser.ast.expr.BinaryExpr","range":{"beginLine":15,"beginColumn":9,"endLine":16,"endColumn":78},"tokenRange":{"beginToken":{"kind":94,"text":"entityPersister"},"endToken":{"kind":98,"text":")"}},"left":{"!":"com.github.javaparser.ast.expr.MethodCallExpr","range":{"beginLine":15,"beginColumn":9,"endLine":15,"endColumn":48},"tokenRange":{"beginToken":{"kind":94,"text":"entityPersister"},"endToken":{"kind":98,"text":")"}},"arguments":[{"!":"com.github.javaparser.ast.expr.NameExpr","range":{"beginLine":15,"beginColumn":37,"endLine":15,"endColumn":46},"tokenRange":{"beginToken":{"kind":94,"text":"optionalId"},"endToken":{"kind":94,"text":"optionalId"}},"name":{"!":"com.github.javaparser.ast.expr.SimpleName","range":{"beginLine":15,"beginColumn":37,"endLine":15,"endColumn":46},"tokenRange":{"beginToken":{"kind":94,"text":"optionalId"},"endToken":{"kind":94,"text":"optionalId"}},"identifier":"optionalId"}}],"name":{"!":"com.github.javaparser.ast.expr.SimpleName","range":{"beginLine":15,"beginColumn":25,"endLine":15,"endColumn":34},"tokenRange":{"beginToken":{"kind":94,"text":"isInstance"},"endToken":{"kind":94,"text":"isInstance"}},"identifier":"isInstance"},"scope":{"!":"com.github.javaparser.ast.expr.NameExpr","range":{"beginLine":15,"beginColumn":9,"endLine":15,"endColumn":23},"tokenRange":{"beginToken":{"kind":94,"text":"entityPersister"},"endToken":{"kind":94,"text":"entityPersister"}},"name":{"!":"com.github.javaparser.ast.expr.SimpleName","range":{"beginLine":15,"beginColumn":9,"endLine":15,"endColumn":23},"tokenRange":{"beginToken":{"kind":94,"text":"entityPersister"},"endToken":{"kind":94,"text":"entityPersister"}},"identifier":"entityPersister"}}},"operator":"AND","right":{"!":"com.github.javaparser.ast.expr.UnaryExpr","range":{"beginLine":16,"beginColumn":6,"endLine":16,"endColumn":78},"tokenRange":{"beginToken":{"kind":111,"text":"!"},"endToken":{"kind":98,"text":")"}},"expression":{"!":"com.github.javaparser.ast.expr.MethodCallExpr","range":{"beginLine":16,"beginColumn":7,"endLine":16,"endColumn":78},"tokenRange":{"beginToken":{"kind":94,"text":"entityPersister"},"endToken":{"kind":98,"text":")"}},"arguments":[],"name":{"!":"com.github.javaparser.ast.expr.SimpleName","range":{"beginLine":16,"beginColumn":68,"endLine":16,"endColumn":76},"tokenRange":{"beginToken":{"kind":94,"text":"isVirtual"},"endToken":{"kind":94,"text":"isVirtual"}},"identifier":"isVirtual"},"scope":{"!":"com.github.javaparser.ast.expr.MethodCallExpr","range":{"beginLine":16,"beginColumn":7,"endLine":16,"endColumn":66},"tokenRange":{"beginToken":{"kind":94,"text":"entityPersister"},"endToken":{"kind":98,"text":")"}},"arguments":[],"name":{"!":"com.github.javaparser.ast.expr.SimpleName","range":{"beginLine":16,"beginColumn":44,"endLine":16,"endColumn":64},"tokenRange":{"beginToken":{"kind":94,"text":"getIdentifierProperty"},"endToken":{"kind":94,"text":"getIdentifierProperty"}},"identifier":"getIdentifierProperty"},"scope":{"!":"com.github.javaparser.ast.expr.MethodCallExpr","range":{"beginLine":16,"beginColumn":7,"endLine":16,"endColumn":42},"tokenRange":{"beginToken":{"kind":94,"text":"entityPersister"},"endToken":{"kind":98,"text":")"}},"arguments":[],"name":{"!":"com.github.javaparser.ast.expr.SimpleName","range":{"beginLine":16,"beginColumn":23,"endLine":16,"endColumn":40},"tokenRange":{"beginToken":{"kind":94,"text":"getEntityMetamodel"},"endToken":{"kind":94,"text":"getEntityMetamodel"}},"identifier":"getEntityMetamodel"},"scope":{"!":"com.github.javaparser.ast.expr.NameExpr","range":{"beginLine":16,"beginColumn":7,"endLine":16,"endColumn":21},"tokenRange":{"beginToken":{"kind":94,"text":"entityPersister"},"endToken":{"kind":94,"text":"entityPersister"}},"name":{"!":"com.github.javaparser.ast.expr.SimpleName","range":{"beginLine":16,"beginColumn":7,"endLine":16,"endColumn":21},"tokenRange":{"beginToken":{"kind":94,"text":"entityPersister"},"endToken":{"kind":94,"text":"entityPersister"}},"identifier":"entityPersister"}}}}},"operator":"LOGICAL_COMPLEMENT"}},"operator":"AND","right":{"!":"com.github.javaparser.ast.expr.MethodCallExpr","range":{"beginLine":17,"beginColumn":6,"endLine":17,"endColumn":78},"tokenRange":{"beginToken":{"kind":94,"text":"entityPersister"},"endToken":{"kind":98,"text":")"}},"arguments":[],"name":{"!":"com.github.javaparser.ast.expr.SimpleName","range":{"beginLine":17,"beginColumn":67,"endLine":17,"endColumn":76},"tokenRange":{"beginToken":{"kind":94,"text":"isEmbedded"},"endToken":{"kind":94,"text":"isEmbedded"}},"identifier":"isEmbedded"},"scope":{"!":"com.github.javaparser.ast.expr.MethodCallExpr","range":{"beginLine":17,"beginColumn":6,"endLine":17,"endColumn":65},"tokenRange":{"beginToken":{"kind":94,"text":"entityPersister"},"endToken":{"kind":98,"text":")"}},"arguments":[],"name":{"!":"com.github.javaparser.ast.expr.SimpleName","range":{"beginLine":17,"beginColumn":43,"endLine":17,"endColumn":63},"tokenRange":{"beginToken":{"kind":94,"text":"getIdentifierProperty"},"endToken":{"kind":94,"text":"getIdentifierProperty"}},"identifier":"getIdentifierProperty"},"scope":{"!":"com.github.javaparser.ast.expr.MethodCallExpr","range":{"beginLine":17,"beginColumn":6,"endLine":17,"endColumn":41},"tokenRange":{"beginToken":{"kind":94,"text":"entityPersister"},"endToken":{"kind":98,"text":")"}},"arguments":[],"name":{"!":"com.github.javaparser.ast.expr.SimpleName","range":{"beginLine":17,"beginColumn":22,"endLine":17,"endColumn":39},"tokenRange":{"beginToken":{"kind":94,"text":"getEntityMetamodel"},"endToken":{"kind":94,"text":"getEntityMetamodel"}},"identifier":"getEntityMetamodel"},"scope":{"!":"com.github.javaparser.ast.expr.NameExpr","range":{"beginLine":17,"beginColumn":6,"endLine":17,"endColumn":20},"tokenRange":{"beginToken":{"kind":94,"text":"entityPersister"},"endToken":{"kind":94,"text":"entityPersister"}},"name":{"!":"com.github.javaparser.ast.expr.SimpleName","range":{"beginLine":17,"beginColumn":6,"endLine":17,"endColumn":20},"tokenRange":{"beginToken":{"kind":94,"text":"entityPersister"},"endToken":{"kind":94,"text":"entityPersister"}},"identifier":"entityPersister"}}}}}},"elseStmt":{"!":"com.github.javaparser.ast.stmt.BlockStmt","range":{"beginLine":25,"beginColumn":9,"endLine":27,"endColumn":4},"tokenRange":{"beginToken":{"kind":99,"text":"{"},"endToken":{"kind":100,"text":"}"}},"statements":[{"!":"com.github.javaparser.ast.stmt.ReturnStmt","range":{"beginLine":26,"beginColumn":5,"endLine":26,"endColumn":68},"tokenRange":{"beginToken":{"kind":49,"text":"return"},"endToken":{"kind":103,"text":";"}},"expression":{"!":"com.github.javaparser.ast.expr.MethodCallExpr","range":{"beginLine":26,"beginColumn":12,"endLine":26,"endColumn":67},"tokenRange":{"beginToken":{"kind":94,"text":"session"},"endToken":{"kind":98,"text":")"}},"arguments":[{"!":"com.github.javaparser.ast.expr.NameExpr","range":{"beginLine":26,"beginColumn":39,"endLine":26,"endColumn":48},"tokenRange":{"beginToken":{"kind":94,"text":"optionalId"},"endToken":{"kind":94,"text":"optionalId"}},"name":{"!":"com.github.javaparser.ast.expr.SimpleName","range":{"beginLine":26,"beginColumn":39,"endLine":26,"endColumn":48},"tokenRange":{"beginToken":{"kind":94,"text":"optionalId"},"endToken":{"kind":94,"text":"optionalId"}},"identifier":"optionalId"}},{"!":"com.github.javaparser.ast.expr.NameExpr","range":{"beginLine":26,"beginColumn":51,"endLine":26,"endColumn":65},"tokenRange":{"beginToken":{"kind":94,"text":"entityPersister"},"endToken":{"kind":94,"text":"entityPersister"}},"name":{"!":"com.github.javaparser.ast.expr.SimpleName","range":{"beginLine":26,"beginColumn":51,"endLine":26,"endColumn":65},"tokenRange":{"beginToken":{"kind":94,"text":"entityPersister"},"endToken":{"kind":94,"text":"entityPersister"}},"identifier":"entityPersister"}}],"name":{"!":"com.github.javaparser.ast.expr.SimpleName","range":{"beginLine":26,"beginColumn":20,"endLine":26,"endColumn":36},"tokenRange":{"beginToken":{"kind":94,"text":"generateEntityKey"},"endToken":{"kind":94,"text":"generateEntityKey"}},"identifier":"generateEntityKey"},"scope":{"!":"com.github.javaparser.ast.expr.NameExpr","range":{"beginLine":26,"beginColumn":12,"endLine":26,"endColumn":18},"tokenRange":{"beginToken":{"kind":94,"text":"session"},"endToken":{"kind":94,"text":"session"}},"name":{"!":"com.github.javaparser.ast.expr.SimpleName","range":{"beginLine":26,"beginColumn":12,"endLine":26,"endColumn":18},"tokenRange":{"beginToken":{"kind":94,"text":"session"},"endToken":{"kind":94,"text":"session"}},"identifier":"session"}}}}]},"thenStmt":{"!":"com.github.javaparser.ast.stmt.BlockStmt","range":{"beginLine":17,"beginColumn":82,"endLine":24,"endColumn":4},"tokenRange":{"beginToken":{"kind":99,"text":"{"},"endToken":{"kind":100,"text":"}"}},"statements":[{"!":"com.github.javaparser.ast.stmt.ExpressionStmt","range":{"beginLine":19,"beginColumn":5,"endLine":22,"endColumn":6},"tokenRange":{"beginToken":{"kind":29,"text":"final"},"endToken":{"kind":103,"text":";"}},"expression":{"!":"com.github.javaparser.ast.expr.VariableDeclarationExpr","range":{"beginLine":19,"beginColumn":5,"endLine":22,"endColumn":5},"tokenRange":{"beginToken":{"kind":29,"text":"final"},"endToken":{"kind":98,"text":")"}},"annotations":[],"modifiers":[{"!":"com.github.javaparser.ast.Modifier","range":{"beginLine":19,"beginColumn":5,"endLine":19,"endColumn":9},"tokenRange":{"beginToken":{"kind":29,"text":"final"},"endToken":{"kind":29,"text":"final"}},"keyword":"FINAL"}],"variables":[{"!":"com.github.javaparser.ast.body.VariableDeclarator","range":{"beginLine":19,"beginColumn":24,"endLine":22,"endColumn":5},"tokenRange":{"beginToken":{"kind":94,"text":"identifierState"},"endToken":{"kind":98,"text":")"}},"initializer":{"!":"com.github.javaparser.ast.expr.MethodCallExpr","range":{"beginLine":19,"beginColumn":42,"endLine":22,"endColumn":5},"tokenRange":{"beginToken":{"kind":97,"text":"("},"endToken":{"kind":98,"text":")"}},"arguments":[{"!":"com.github.javaparser.ast.expr.NameExpr","range":{"beginLine":20,"beginColumn":7,"endLine":20,"endColumn":16},"tokenRange":{"beginToken":{"kind":94,"text":"optionalId"},"endToken":{"kind":94,"text":"optionalId"}},"name":{"!":"com.github.javaparser.ast.expr.SimpleName","range":{"beginLine":20,"beginColumn":7,"endLine":20,"endColumn":16},"tokenRange":{"beginToken":{"kind":94,"text":"optionalId"},"endToken":{"kind":94,"text":"optionalId"}},"identifier":"optionalId"}},{"!":"com.github.javaparser.ast.expr.NameExpr","range":{"beginLine":21,"beginColumn":7,"endLine":21,"endColumn":13},"tokenRange":{"beginToken":{"kind":94,"text":"session"},"endToken":{"kind":94,"text":"session"}},"name":{"!":"com.github.javaparser.ast.expr.SimpleName","range":{"beginLine":21,"beginColumn":7,"endLine":21,"endColumn":13},"tokenRange":{"beginToken":{"kind":94,"text":"session"},"endToken":{"kind":94,"text":"session"}},"identifier":"session"}}],"name":{"!":"com.github.javaparser.ast.expr.SimpleName","range":{"beginLine":19,"beginColumn":96,"endLine":19,"endColumn":112},"tokenRange":{"beginToken":{"kind":94,"text":"getPropertyValues"},"endToken":{"kind":94,"text":"getPropertyValues"}},"identifier":"getPropertyValues"},"scope":{"!":"com.github.javaparser.ast.expr.EnclosedExpr","range":{"beginLine":19,"beginColumn":42,"endLine":19,"endColumn":94},"tokenRange":{"beginToken":{"kind":97,"text":"("},"endToken":{"kind":98,"text":")"}},"inner":{"!":"com.github.javaparser.ast.expr.CastExpr","range":{"beginLine":19,"beginColumn":43,"endLine":19,"endColumn":93},"tokenRange":{"beginToken":{"kind":97,"text":"("},"endToken":{"kind":98,"text":")"}},"expression":{"!":"com.github.javaparser.ast.expr.MethodCallExpr","range":{"beginLine":19,"beginColumn":59,"endLine":19,"endColumn":93},"tokenRange":{"beginToken":{"kind":94,"text":"entityPersister"},"endToken":{"kind":98,"text":")"}},"arguments":[],"name":{"!":"com.github.javaparser.ast.expr.SimpleName","range":{"beginLine":19,"beginColumn":75,"endLine":19,"endColumn":91},"tokenRange":{"beginToken":{"kind":94,"text":"getIdentifierType"},"endToken":{"kind":94,"text":"getIdentifierType"}},"identifier":"getIdentifierType"},"scope":{"!":"com.github.javaparser.ast.expr.NameExpr","range":{"beginLine":19,"beginColumn":59,"endLine":19,"endColumn":73},"tokenRange":{"beginToken":{"kind":94,"text":"entityPersister"},"endToken":{"kind":94,"text":"entityPersister"}},"name":{"!":"com.github.javaparser.ast.expr.SimpleName","range":{"beginLine":19,"beginColumn":59,"endLine":19,"endColumn":73},"tokenRange":{"beginToken":{"kind":94,"text":"entityPersister"},"endToken":{"kind":94,"text":"entityPersister"}},"identifier":"entityPersister"}}},"type":{"!":"com.github.javaparser.ast.type.ClassOrInterfaceType","range":{"beginLine":19,"beginColumn":44,"endLine":19,"endColumn":56},"tokenRange":{"beginToken":{"kind":94,"text":"CompositeType"},"endToken":{"kind":94,"text":"CompositeType"}},"name":{"!":"com.github.javaparser.ast.expr.SimpleName","range":{"beginLine":19,"beginColumn":44,"endLine":19,"endColumn":56},"tokenRange":{"beginToken":{"kind":94,"text":"CompositeType"},"endToken":{"kind":94,"text":"CompositeType"}},"identifier":"CompositeType"},"annotations":[]}}}},"name":{"!":"com.github.javaparser.ast.expr.SimpleName","range":{"beginLine":19,"beginColumn":24,"endLine":19,"endColumn":38},"tokenRange":{"beginToken":{"kind":94,"text":"identifierState"},"endToken":{"kind":94,"text":"identifierState"}},"identifier":"identifierState"},"type":{"!":"com.github.javaparser.ast.type.ClassOrInterfaceType","range":{"beginLine":19,"beginColumn":11,"endLine":19,"endColumn":22},"tokenRange":{"beginToken":{"kind":94,"text":"Serializable"},"endToken":{"kind":94,"text":"Serializable"}},"name":{"!":"com.github.javaparser.ast.expr.SimpleName","range":{"beginLine":19,"beginColumn":11,"endLine":19,"endColumn":22},"tokenRange":{"beginToken":{"kind":94,"text":"Serializable"},"endToken":{"kind":94,"text":"Serializable"}},"identifier":"Serializable"},"annotations":[]}}]},"comment":{"!":"com.github.javaparser.ast.comments.LineComment","range":{"beginLine":18,"beginColumn":5,"endLine":18,"endColumn":44},"tokenRange":{"beginToken":{"kind":5,"text":"// non-encapsulated composite identifier"},"endToken":{"kind":5,"text":"// non-encapsulated composite identifier"}},"content":" non-encapsulated composite identifier"}},{"!":"com.github.javaparser.ast.stmt.ReturnStmt","range":{"beginLine":23,"beginColumn":5,"endLine":23,"endColumn":73},"tokenRange":{"beginToken":{"kind":49,"text":"return"},"endToken":{"kind":103,"text":";"}},"expression":{"!":"com.github.javaparser.ast.expr.MethodCallExpr","range":{"beginLine":23,"beginColumn":12,"endLine":23,"endColumn":72},"tokenRange":{"beginToken":{"kind":94,"text":"session"},"endToken":{"kind":98,"text":")"}},"arguments":[{"!":"com.github.javaparser.ast.expr.NameExpr","range":{"beginLine":23,"beginColumn":39,"endLine":23,"endColumn":53},"tokenRange":{"beginToken":{"kind":94,"text":"identifierState"},"endToken":{"kind":94,"text":"identifierState"}},"name":{"!":"com.github.javaparser.ast.expr.SimpleName","range":{"beginLine":23,"beginColumn":39,"endLine":23,"endColumn":53},"tokenRange":{"beginToken":{"kind":94,"text":"identifierState"},"endToken":{"kind":94,"text":"identifierState"}},"identifier":"identifierState"}},{"!":"com.github.javaparser.ast.expr.NameExpr","range":{"beginLine":23,"beginColumn":56,"endLine":23,"endColumn":70},"tokenRange":{"beginToken":{"kind":94,"text":"entityPersister"},"endToken":{"kind":94,"text":"entityPersister"}},"name":{"!":"com.github.javaparser.ast.expr.SimpleName","range":{"beginLine":23,"beginColumn":56,"endLine":23,"endColumn":70},"tokenRange":{"beginToken":{"kind":94,"text":"entityPersister"},"endToken":{"kind":94,"text":"entityPersister"}},"identifier":"entityPersister"}}],"name":{"!":"com.github.javaparser.ast.expr.SimpleName","range":{"beginLine":23,"beginColumn":20,"endLine":23,"endColumn":36},"tokenRange":{"beginToken":{"kind":94,"text":"generateEntityKey"},"endToken":{"kind":94,"text":"generateEntityKey"}},"identifier":"generateEntityKey"},"scope":{"!":"com.github.javaparser.ast.expr.NameExpr","range":{"beginLine":23,"beginColumn":12,"endLine":23,"endColumn":18},"tokenRange":{"beginToken":{"kind":94,"text":"session"},"endToken":{"kind":94,"text":"session"}},"name":{"!":"com.github.javaparser.ast.expr.SimpleName","range":{"beginLine":23,"beginColumn":12,"endLine":23,"endColumn":18},"tokenRange":{"beginToken":{"kind":94,"text":"session"},"endToken":{"kind":94,"text":"session"}},"identifier":"session"}}}}]}}]}}]},"type":{"!":"com.github.javaparser.ast.type.ClassOrInterfaceType","range":{"beginLine":2,"beginColumn":9,"endLine":2,"endColumn":17},"tokenRange":{"beginToken":{"kind":94,"text":"EntityKey"},"endToken":{"kind":94,"text":"EntityKey"}},"name":{"!":"com.github.javaparser.ast.expr.SimpleName","range":{"beginLine":2,"beginColumn":9,"endLine":2,"endColumn":17},"tokenRange":{"beginToken":{"kind":94,"text":"EntityKey"},"endToken":{"kind":94,"text":"EntityKey"}},"identifier":"EntityKey"},"annotations":[]},"modifiers":[{"!":"com.github.javaparser.ast.Modifier","range":{"beginLine":2,"beginColumn":2,"endLine":2,"endColumn":7},"tokenRange":{"beginToken":{"kind":47,"text":"public"},"endToken":{"kind":47,"text":"public"}},"keyword":"PUBLIC"}],"name":{"!":"com.github.javaparser.ast.expr.SimpleName","range":{"beginLine":2,"beginColumn":19,"endLine":2,"endColumn":36},"tokenRange":{"beginToken":{"kind":94,"text":"interpretEntityKey"},"endToken":{"kind":94,"text":"interpretEntityKey"}},"identifier":"interpretEntityKey"},"parameters":[{"!":"com.github.javaparser.ast.body.Parameter","range":{"beginLine":3,"beginColumn":4,"endLine":3,"endColumn":29},"tokenRange":{"beginToken":{"kind":94,"text":"SessionImplementor"},"endToken":{"kind":94,"text":"session"}},"annotations":[],"isVarArgs":"false","modifiers":[],"name":{"!":"com.github.javaparser.ast.expr.SimpleName","range":{"beginLine":3,"beginColumn":23,"endLine":3,"endColumn":29},"tokenRange":{"beginToken":{"kind":94,"text":"session"},"endToken":{"kind":94,"text":"session"}},"identifier":"session"},"type":{"!":"com.github.javaparser.ast.type.ClassOrInterfaceType","range":{"beginLine":3,"beginColumn":4,"endLine":3,"endColumn":21},"tokenRange":{"beginToken":{"kind":94,"text":"SessionImplementor"},"endToken":{"kind":94,"text":"SessionImplementor"}},"name":{"!":"com.github.javaparser.ast.expr.SimpleName","range":{"beginLine":3,"beginColumn":4,"endLine":3,"endColumn":21},"tokenRange":{"beginToken":{"kind":94,"text":"SessionImplementor"},"endToken":{"kind":94,"text":"SessionImplementor"}},"identifier":"SessionImplementor"},"annotations":[]},"varArgsAnnotations":[]},{"!":"com.github.javaparser.ast.body.Parameter","range":{"beginLine":4,"beginColumn":4,"endLine":4,"endColumn":28},"tokenRange":{"beginToken":{"kind":94,"text":"String"},"endToken":{"kind":94,"text":"optionalEntityName"}},"annotations":[],"isVarArgs":"false","modifiers":[],"name":{"!":"com.github.javaparser.ast.expr.SimpleName","range":{"beginLine":4,"beginColumn":11,"endLine":4,"endColumn":28},"tokenRange":{"beginToken":{"kind":94,"text":"optionalEntityName"},"endToken":{"kind":94,"text":"optionalEntityName"}},"identifier":"optionalEntityName"},"type":{"!":"com.github.javaparser.ast.type.ClassOrInterfaceType","range":{"beginLine":4,"beginColumn":4,"endLine":4,"endColumn":9},"tokenRange":{"beginToken":{"kind":94,"text":"String"},"endToken":{"kind":94,"text":"String"}},"name":{"!":"com.github.javaparser.ast.expr.SimpleName","range":{"beginLine":4,"beginColumn":4,"endLine":4,"endColumn":9},"tokenRange":{"beginToken":{"kind":94,"text":"String"},"endToken":{"kind":94,"text":"String"}},"identifier":"String"},"annotations":[]},"varArgsAnnotations":[]},{"!":"com.github.javaparser.ast.body.Parameter","range":{"beginLine":5,"beginColumn":4,"endLine":5,"endColumn":26},"tokenRange":{"beginToken":{"kind":94,"text":"Serializable"},"endToken":{"kind":94,"text":"optionalId"}},"annotations":[],"isVarArgs":"false","modifiers":[],"name":{"!":"com.github.javaparser.ast.expr.SimpleName","range":{"beginLine":5,"beginColumn":17,"endLine":5,"endColumn":26},"tokenRange":{"beginToken":{"kind":94,"text":"optionalId"},"endToken":{"kind":94,"text":"optionalId"}},"identifier":"optionalId"},"type":{"!":"com.github.javaparser.ast.type.ClassOrInterfaceType","range":{"beginLine":5,"beginColumn":4,"endLine":5,"endColumn":15},"tokenRange":{"beginToken":{"kind":94,"text":"Serializable"},"endToken":{"kind":94,"text":"Serializable"}},"name":{"!":"com.github.javaparser.ast.expr.SimpleName","range":{"beginLine":5,"beginColumn":4,"endLine":5,"endColumn":15},"tokenRange":{"beginToken":{"kind":94,"text":"Serializable"},"endToken":{"kind":94,"text":"Serializable"}},"identifier":"Serializable"},"annotations":[]},"varArgsAnnotations":[]},{"!":"com.github.javaparser.ast.body.Parameter","range":{"beginLine":6,"beginColumn":4,"endLine":6,"endColumn":24},"tokenRange":{"beginToken":{"kind":94,"text":"Object"},"endToken":{"kind":94,"text":"optionalObject"}},"annotations":[],"isVarArgs":"false","modifiers":[],"name":{"!":"com.github.javaparser.ast.expr.SimpleName","range":{"beginLine":6,"beginColumn":11,"endLine":6,"endColumn":24},"tokenRange":{"beginToken":{"kind":94,"text":"optionalObject"},"endToken":{"kind":94,"text":"optionalObject"}},"identifier":"optionalObject"},"type":{"!":"com.github.javaparser.ast.type.ClassOrInterfaceType","range":{"beginLine":6,"beginColumn":4,"endLine":6,"endColumn":9},"tokenRange":{"beginToken":{"kind":94,"text":"Object"},"endToken":{"kind":94,"text":"Object"}},"name":{"!":"com.github.javaparser.ast.expr.SimpleName","range":{"beginLine":6,"beginColumn":4,"endLine":6,"endColumn":9},"tokenRange":{"beginToken":{"kind":94,"text":"Object"},"endToken":{"kind":94,"text":"Object"}},"identifier":"Object"},"annotations":[]},"varArgsAnnotations":[]}],"thrownExceptions":[],"typeParameters":[],"annotations":[]}],"modifiers":[],"name":{"!":"com.github.javaparser.ast.expr.SimpleName","range":{"beginLine":1,"beginColumn":7,"endLine":1,"endColumn":10},"tokenRange":{"beginToken":{"kind":94,"text":"Test"},"endToken":{"kind":94,"text":"Test"}},"identifier":"Test"},"annotations":[]}]}