{"!":"com.github.javaparser.ast.CompilationUnit","range":{"beginLine":1,"beginColumn":1,"endLine":15,"endColumn":2},"tokenRange":{"beginToken":{"kind":19,"text":"class"},"endToken":{"kind":0,"text":""}},"imports":[],"types":[{"!":"com.github.javaparser.ast.body.ClassOrInterfaceDeclaration","range":{"beginLine":1,"beginColumn":1,"endLine":15,"endColumn":2},"tokenRange":{"beginToken":{"kind":19,"text":"class"},"endToken":{"kind":100,"text":"}"}},"extendedTypes":[],"implementedTypes":[],"isInterface":"false","typeParameters":[],"members":[{"!":"com.github.javaparser.ast.body.MethodDeclaration","range":{"beginLine":2,"beginColumn":2,"endLine":13,"endColumn":2},"tokenRange":{"beginToken":{"kind":47,"text":"public"},"endToken":{"kind":100,"text":"}"}},"body":{"!":"com.github.javaparser.ast.stmt.BlockStmt","range":{"beginLine":2,"beginColumn":37,"endLine":13,"endColumn":2},"tokenRange":{"beginToken":{"kind":99,"text":"{"},"endToken":{"kind":100,"text":"}"}},"statements":[{"!":"com.github.javaparser.ast.stmt.IfStmt","range":{"beginLine":3,"beginColumn":3,"endLine":5,"endColumn":3},"tokenRange":{"beginToken":{"kind":34,"text":"if"},"endToken":{"kind":100,"text":"}"}},"condition":{"!":"com.github.javaparser.ast.expr.BinaryExpr","range":{"beginLine":3,"beginColumn":7,"endLine":3,"endColumn":19},"tokenRange":{"beginToken":{"kind":43,"text":"null"},"endToken":{"kind":94,"text":"table"}},"left":{"!":"com.github.javaparser.ast.expr.NullLiteralExpr","range":{"beginLine":3,"beginColumn":7,"endLine":3,"endColumn":10},"tokenRange":{"beginToken":{"kind":43,"text":"null"},"endToken":{"kind":43,"text":"null"}}},"operator":"EQUALS","right":{"!":"com.github.javaparser.ast.expr.NameExpr","range":{"beginLine":3,"beginColumn":15,"endLine":3,"endColumn":19},"tokenRange":{"beginToken":{"kind":94,"text":"table"},"endToken":{"kind":94,"text":"table"}},"name":{"!":"com.github.javaparser.ast.expr.SimpleName","range":{"beginLine":3,"beginColumn":15,"endLine":3,"endColumn":19},"tokenRange":{"beginToken":{"kind":94,"text":"table"},"endToken":{"kind":94,"text":"table"}},"identifier":"table"}}},"thenStmt":{"!":"com.github.javaparser.ast.stmt.BlockStmt","range":{"beginLine":3,"beginColumn":22,"endLine":5,"endColumn":3},"tokenRange":{"beginToken":{"kind":99,"text":"{"},"endToken":{"kind":100,"text":"}"}},"statements":[{"!":"com.github.javaparser.ast.stmt.ReturnStmt","range":{"beginLine":4,"beginColumn":4,"endLine":4,"endColumn":16},"tokenRange":{"beginToken":{"kind":49,"text":"return"},"endToken":{"kind":103,"text":";"}},"expression":{"!":"com.github.javaparser.ast.expr.BooleanLiteralExpr","range":{"beginLine":4,"beginColumn":11,"endLine":4,"endColumn":15},"tokenRange":{"beginToken":{"kind":28,"text":"false"},"endToken":{"kind":28,"text":"false"}},"value":"false"}}]}},{"!":"com.github.javaparser.ast.stmt.IfStmt","range":{"beginLine":6,"beginColumn":3,"endLine":8,"endColumn":3},"tokenRange":{"beginToken":{"kind":34,"text":"if"},"endToken":{"kind":100,"text":"}"}},"condition":{"!":"com.github.javaparser.ast.expr.BinaryExpr","range":{"beginLine":6,"beginColumn":7,"endLine":6,"endColumn":19},"tokenRange":{"beginToken":{"kind":56,"text":"this"},"endToken":{"kind":94,"text":"table"}},"left":{"!":"com.github.javaparser.ast.expr.ThisExpr","range":{"beginLine":6,"beginColumn":7,"endLine":6,"endColumn":10},"tokenRange":{"beginToken":{"kind":56,"text":"this"},"endToken":{"kind":56,"text":"this"}}},"operator":"EQUALS","right":{"!":"com.github.javaparser.ast.expr.NameExpr","range":{"beginLine":6,"beginColumn":15,"endLine":6,"endColumn":19},"tokenRange":{"beginToken":{"kind":94,"text":"table"},"endToken":{"kind":94,"text":"table"}},"name":{"!":"com.github.javaparser.ast.expr.SimpleName","range":{"beginLine":6,"beginColumn":15,"endLine":6,"endColumn":19},"tokenRange":{"beginToken":{"kind":94,"text":"table"},"endToken":{"kind":94,"text":"table"}},"identifier":"table"}}},"thenStmt":{"!":"com.github.javaparser.ast.stmt.BlockStmt","range":{"beginLine":6,"beginColumn":22,"endLine":8,"endColumn":3},"tokenRange":{"beginToken":{"kind":99,"text":"{"},"endToken":{"kind":100,"text":"}"}},"statements":[{"!":"com.github.javaparser.ast.stmt.ReturnStmt","range":{"beginLine":7,"beginColumn":4,"endLine":7,"endColumn":15},"tokenRange":{"beginToken":{"kind":49,"text":"return"},"endToken":{"kind":103,"text":";"}},"expression":{"!":"com.github.javaparser.ast.expr.BooleanLiteralExpr","range":{"beginLine":7,"beginColumn":11,"endLine":7,"endColumn":14},"tokenRange":{"beginToken":{"kind":60,"text":"true"},"endToken":{"kind":60,"text":"true"}},"value":"true"}}]}},{"!":"com.github.javaparser.ast.stmt.ReturnStmt","range":{"beginLine":10,"beginColumn":3,"endLine":12,"endColumn":195},"tokenRange":{"beginToken":{"kind":49,"text":"return"},"endToken":{"kind":103,"text":";"}},"expression":{"!":"com.github.javaparser.ast.expr.ConditionalExpr","range":{"beginLine":10,"beginColumn":10,"endLine":12,"endColumn":194},"tokenRange":{"beginToken":{"kind":94,"text":"isQuoted"},"endToken":{"kind":98,"text":")"}},"condition":{"!":"com.github.javaparser.ast.expr.MethodCallExpr","range":{"beginLine":10,"beginColumn":10,"endLine":10,"endColumn":19},"tokenRange":{"beginToken":{"kind":94,"text":"isQuoted"},"endToken":{"kind":98,"text":")"}},"arguments":[],"name":{"!":"com.github.javaparser.ast.expr.SimpleName","range":{"beginLine":10,"beginColumn":10,"endLine":10,"endColumn":17},"tokenRange":{"beginToken":{"kind":94,"text":"isQuoted"},"endToken":{"kind":94,"text":"isQuoted"}},"identifier":"isQuoted"}},"elseExpr":{"!":"com.github.javaparser.ast.expr.BinaryExpr","range":{"beginLine":10,"beginColumn":54,"endLine":12,"endColumn":194},"tokenRange":{"beginToken":{"kind":94,"text":"name"},"endToken":{"kind":98,"text":")"}},"left":{"!":"com.github.javaparser.ast.expr.BinaryExpr","range":{"beginLine":10,"beginColumn":54,"endLine":11,"endColumn":186},"tokenRange":{"beginToken":{"kind":94,"text":"name"},"endToken":{"kind":98,"text":")"}},"left":{"!":"com.github.javaparser.ast.expr.MethodCallExpr","range":{"beginLine":10,"beginColumn":54,"endLine":10,"endColumn":91},"tokenRange":{"beginToken":{"kind":94,"text":"name"},"endToken":{"kind":98,"text":")"}},"arguments":[{"!":"com.github.javaparser.ast.expr.MethodCallExpr","range":{"beginLine":10,"beginColumn":76,"endLine":10,"endColumn":90},"tokenRange":{"beginToken":{"kind":94,"text":"table"},"endToken":{"kind":98,"text":")"}},"arguments":[],"name":{"!":"com.github.javaparser.ast.expr.SimpleName","range":{"beginLine":10,"beginColumn":82,"endLine":10,"endColumn":88},"tokenRange":{"beginToken":{"kind":94,"text":"getName"},"endToken":{"kind":94,"text":"getName"}},"identifier":"getName"},"scope":{"!":"com.github.javaparser.ast.expr.NameExpr","range":{"beginLine":10,"beginColumn":76,"endLine":10,"endColumn":80},"tokenRange":{"beginToken":{"kind":94,"text":"table"},"endToken":{"kind":94,"text":"table"}},"name":{"!":"com.github.javaparser.ast.expr.SimpleName","range":{"beginLine":10,"beginColumn":76,"endLine":10,"endColumn":80},"tokenRange":{"beginToken":{"kind":94,"text":"table"},"endToken":{"kind":94,"text":"table"}},"identifier":"table"}}}],"name":{"!":"com.github.javaparser.ast.expr.SimpleName","range":{"beginLine":10,"beginColumn":59,"endLine":10,"endColumn":74},"tokenRange":{"beginToken":{"kind":94,"text":"equalsIgnoreCase"},"endToken":{"kind":94,"text":"equalsIgnoreCase"}},"identifier":"equalsIgnoreCase"},"scope":{"!":"com.github.javaparser.ast.expr.NameExpr","range":{"beginLine":10,"beginColumn":54,"endLine":10,"endColumn":57},"tokenRange":{"beginToken":{"kind":94,"text":"name"},"endToken":{"kind":94,"text":"name"}},"name":{"!":"com.github.javaparser.ast.expr.SimpleName","range":{"beginLine":10,"beginColumn":54,"endLine":10,"endColumn":57},"tokenRange":{"beginToken":{"kind":94,"text":"name"},"endToken":{"kind":94,"text":"name"}},"identifier":"name"}}},"operator":"AND","right":{"!":"com.github.javaparser.ast.expr.EnclosedExpr","range":{"beginLine":11,"beginColumn":7,"endLine":11,"endColumn":186},"tokenRange":{"beginToken":{"kind":97,"text":"("},"endToken":{"kind":98,"text":")"}},"inner":{"!":"com.github.javaparser.ast.expr.ConditionalExpr","range":{"beginLine":11,"beginColumn":8,"endLine":11,"endColumn":185},"tokenRange":{"beginToken":{"kind":97,"text":"("},"endToken":{"kind":98,"text":")"}},"condition":{"!":"com.github.javaparser.ast.expr.EnclosedExpr","range":{"beginLine":11,"beginColumn":8,"endLine":11,"endColumn":52},"tokenRange":{"beginToken":{"kind":97,"text":"("},"endToken":{"kind":98,"text":")"}},"inner":{"!":"com.github.javaparser.ast.expr.BinaryExpr","range":{"beginLine":11,"beginColumn":9,"endLine":11,"endColumn":51},"tokenRange":{"beginToken":{"kind":94,"text":"schema"},"endToken":{"kind":43,"text":"null"}},"left":{"!":"com.github.javaparser.ast.expr.BinaryExpr","range":{"beginLine":11,"beginColumn":9,"endLine":11,"endColumn":22},"tokenRange":{"beginToken":{"kind":94,"text":"schema"},"endToken":{"kind":43,"text":"null"}},"left":{"!":"com.github.javaparser.ast.expr.NameExpr","range":{"beginLine":11,"beginColumn":9,"endLine":11,"endColumn":14},"tokenRange":{"beginToken":{"kind":94,"text":"schema"},"endToken":{"kind":94,"text":"schema"}},"name":{"!":"com.github.javaparser.ast.expr.SimpleName","range":{"beginLine":11,"beginColumn":9,"endLine":11,"endColumn":14},"tokenRange":{"beginToken":{"kind":94,"text":"schema"},"endToken":{"kind":94,"text":"schema"}},"identifier":"schema"}},"operator":"EQUALS","right":{"!":"com.github.javaparser.ast.expr.NullLiteralExpr","range":{"beginLine":11,"beginColumn":19,"endLine":11,"endColumn":22},"tokenRange":{"beginToken":{"kind":43,"text":"null"},"endToken":{"kind":43,"text":"null"}}}},"operator":"AND","right":{"!":"com.github.javaparser.ast.expr.BinaryExpr","range":{"beginLine":11,"beginColumn":27,"endLine":11,"endColumn":51},"tokenRange":{"beginToken":{"kind":94,"text":"table"},"endToken":{"kind":43,"text":"null"}},"left":{"!":"com.github.javaparser.ast.expr.MethodCallExpr","range":{"beginLine":11,"beginColumn":27,"endLine":11,"endColumn":43},"tokenRange":{"beginToken":{"kind":94,"text":"table"},"endToken":{"kind":98,"text":")"}},"arguments":[],"name":{"!":"com.github.javaparser.ast.expr.SimpleName","range":{"beginLine":11,"beginColumn":33,"endLine":11,"endColumn":41},"tokenRange":{"beginToken":{"kind":94,"text":"getSchema"},"endToken":{"kind":94,"text":"getSchema"}},"identifier":"getSchema"},"scope":{"!":"com.github.javaparser.ast.expr.NameExpr","range":{"beginLine":11,"beginColumn":27,"endLine":11,"endColumn":31},"tokenRange":{"beginToken":{"kind":94,"text":"table"},"endToken":{"kind":94,"text":"table"}},"name":{"!":"com.github.javaparser.ast.expr.SimpleName","range":{"beginLine":11,"beginColumn":27,"endLine":11,"endColumn":31},"tokenRange":{"beginToken":{"kind":94,"text":"table"},"endToken":{"kind":94,"text":"table"}},"identifier":"table"}}},"operator":"NOT_EQUALS","right":{"!":"com.github.javaparser.ast.expr.NullLiteralExpr","range":{"beginLine":11,"beginColumn":48,"endLine":11,"endColumn":51},"tokenRange":{"beginToken":{"kind":43,"text":"null"},"endToken":{"kind":43,"text":"null"}}}}}},"elseExpr":{"!":"com.github.javaparser.ast.expr.ConditionalExpr","range":{"beginLine":11,"beginColumn":64,"endLine":11,"endColumn":185},"tokenRange":{"beginToken":{"kind":97,"text":"("},"endToken":{"kind":98,"text":")"}},"condition":{"!":"com.github.javaparser.ast.expr.EnclosedExpr","range":{"beginLine":11,"beginColumn":64,"endLine":11,"endColumn":79},"tokenRange":{"beginToken":{"kind":97,"text":"("},"endToken":{"kind":98,"text":")"}},"inner":{"!":"com.github.javaparser.ast.expr.BinaryExpr","range":{"beginLine":11,"beginColumn":65,"endLine":11,"endColumn":78},"tokenRange":{"beginToken":{"kind":94,"text":"schema"},"endToken":{"kind":43,"text":"null"}},"left":{"!":"com.github.javaparser.ast.expr.NameExpr","range":{"beginLine":11,"beginColumn":65,"endLine":11,"endColumn":70},"tokenRange":{"beginToken":{"kind":94,"text":"schema"},"endToken":{"kind":94,"text":"schema"}},"name":{"!":"com.github.javaparser.ast.expr.SimpleName","range":{"beginLine":11,"beginColumn":65,"endLine":11,"endColumn":70},"tokenRange":{"beginToken":{"kind":94,"text":"schema"},"endToken":{"kind":94,"text":"schema"}},"identifier":"schema"}},"operator":"EQUALS","right":{"!":"com.github.javaparser.ast.expr.NullLiteralExpr","range":{"beginLine":11,"beginColumn":75,"endLine":11,"endColumn":78},"tokenRange":{"beginToken":{"kind":43,"text":"null"},"endToken":{"kind":43,"text":"null"}}}}},"elseExpr":{"!":"com.github.javaparser.ast.expr.ConditionalExpr","range":{"beginLine":11,"beginColumn":90,"endLine":11,"endColumn":185},"tokenRange":{"beginToken":{"kind":94,"text":"isSchemaQuoted"},"endToken":{"kind":98,"text":")"}},"condition":{"!":"com.github.javaparser.ast.expr.MethodCallExpr","range":{"beginLine":11,"beginColumn":90,"endLine":11,"endColumn":105},"tokenRange":{"beginToken":{"kind":94,"text":"isSchemaQuoted"},"endToken":{"kind":98,"text":")"}},"arguments":[],"name":{"!":"com.github.javaparser.ast.expr.SimpleName","range":{"beginLine":11,"beginColumn":90,"endLine":11,"endColumn":103},"tokenRange":{"beginToken":{"kind":94,"text":"isSchemaQuoted"},"endToken":{"kind":94,"text":"isSchemaQuoted"}},"identifier":"isSchemaQuoted"}},"elseExpr":{"!":"com.github.javaparser.ast.expr.MethodCallExpr","range":{"beginLine":11,"beginColumn":144,"endLine":11,"endColumn":185},"tokenRange":{"beginToken":{"kind":94,"text":"schema"},"endToken":{"kind":98,"text":")"}},"arguments":[{"!":"com.github.javaparser.ast.expr.MethodCallExpr","range":{"beginLine":11,"beginColumn":168,"endLine":11,"endColumn":184},"tokenRange":{"beginToken":{"kind":94,"text":"table"},"endToken":{"kind":98,"text":")"}},"arguments":[],"name":{"!":"com.github.javaparser.ast.expr.SimpleName","range":{"beginLine":11,"beginColumn":174,"endLine":11,"endColumn":182},"tokenRange":{"beginToken":{"kind":94,"text":"getSchema"},"endToken":{"kind":94,"text":"getSchema"}},"identifier":"getSchema"},"scope":{"!":"com.github.javaparser.ast.expr.NameExpr","range":{"beginLine":11,"beginColumn":168,"endLine":11,"endColumn":172},"tokenRange":{"beginToken":{"kind":94,"text":"table"},"endToken":{"kind":94,"text":"table"}},"name":{"!":"com.github.javaparser.ast.expr.SimpleName","range":{"beginLine":11,"beginColumn":168,"endLine":11,"endColumn":172},"tokenRange":{"beginToken":{"kind":94,"text":"table"},"endToken":{"kind":94,"text":"table"}},"identifier":"table"}}}],"name":{"!":"com.github.javaparser.ast.expr.SimpleName","range":{"beginLine":11,"beginColumn":151,"endLine":11,"endColumn":166},"tokenRange":{"beginToken":{"kind":94,"text":"equalsIgnoreCase"},"endToken":{"kind":94,"text":"equalsIgnoreCase"}},"identifier":"equalsIgnoreCase"},"scope":{"!":"com.github.javaparser.ast.expr.NameExpr","range":{"beginLine":11,"beginColumn":144,"endLine":11,"endColumn":149},"tokenRange":{"beginToken":{"kind":94,"text":"schema"},"endToken":{"kind":94,"text":"schema"}},"name":{"!":"com.github.javaparser.ast.expr.SimpleName","range":{"beginLine":11,"beginColumn":144,"endLine":11,"endColumn":149},"tokenRange":{"beginToken":{"kind":94,"text":"schema"},"endToken":{"kind":94,"text":"schema"}},"identifier":"schema"}}},"thenExpr":{"!":"com.github.javaparser.ast.expr.MethodCallExpr","range":{"beginLine":11,"beginColumn":109,"endLine":11,"endColumn":140},"tokenRange":{"beginToken":{"kind":94,"text":"schema"},"endToken":{"kind":98,"text":")"}},"arguments":[{"!":"com.github.javaparser.ast.expr.MethodCallExpr","range":{"beginLine":11,"beginColumn":123,"endLine":11,"endColumn":139},"tokenRange":{"beginToken":{"kind":94,"text":"table"},"endToken":{"kind":98,"text":")"}},"arguments":[],"name":{"!":"com.github.javaparser.ast.expr.SimpleName","range":{"beginLine":11,"beginColumn":129,"endLine":11,"endColumn":137},"tokenRange":{"beginToken":{"kind":94,"text":"getSchema"},"endToken":{"kind":94,"text":"getSchema"}},"identifier":"getSchema"},"scope":{"!":"com.github.javaparser.ast.expr.NameExpr","range":{"beginLine":11,"beginColumn":123,"endLine":11,"endColumn":127},"tokenRange":{"beginToken":{"kind":94,"text":"table"},"endToken":{"kind":94,"text":"table"}},"name":{"!":"com.github.javaparser.ast.expr.SimpleName","range":{"beginLine":11,"beginColumn":123,"endLine":11,"endColumn":127},"tokenRange":{"beginToken":{"kind":94,"text":"table"},"endToken":{"kind":94,"text":"table"}},"identifier":"table"}}}],"name":{"!":"com.github.javaparser.ast.expr.SimpleName","range":{"beginLine":11,"beginColumn":116,"endLine":11,"endColumn":121},"tokenRange":{"beginToken":{"kind":94,"text":"equals"},"endToken":{"kind":94,"text":"equals"}},"identifier":"equals"},"scope":{"!":"com.github.javaparser.ast.expr.NameExpr","range":{"beginLine":11,"beginColumn":109,"endLine":11,"endColumn":114},"tokenRange":{"beginToken":{"kind":94,"text":"schema"},"endToken":{"kind":94,"text":"schema"}},"name":{"!":"com.github.javaparser.ast.expr.SimpleName","range":{"beginLine":11,"beginColumn":109,"endLine":11,"endColumn":114},"tokenRange":{"beginToken":{"kind":94,"text":"schema"},"endToken":{"kind":94,"text":"schema"}},"identifier":"schema"}}}},"thenExpr":{"!":"com.github.javaparser.ast.expr.BooleanLiteralExpr","range":{"beginLine":11,"beginColumn":83,"endLine":11,"endColumn":86},"tokenRange":{"beginToken":{"kind":60,"text":"true"},"endToken":{"kind":60,"text":"true"}},"value":"true"}},"thenExpr":{"!":"com.github.javaparser.ast.expr.BooleanLiteralExpr","range":{"beginLine":11,"beginColumn":56,"endLine":11,"endColumn":60},"tokenRange":{"beginToken":{"kind":28,"text":"false"},"endToken":{"kind":28,"text":"false"}},"value":"false"}}}},"operator":"AND","right":{"!":"com.github.javaparser.ast.expr.EnclosedExpr","range":{"beginLine":12,"beginColumn":7,"endLine":12,"endColumn":194},"tokenRange":{"beginToken":{"kind":97,"text":"("},"endToken":{"kind":98,"text":")"}},"inner":{"!":"com.github.javaparser.ast.expr.ConditionalExpr","range":{"beginLine":12,"beginColumn":8,"endLine":12,"endColumn":193},"tokenRange":{"beginToken":{"kind":97,"text":"("},"endToken":{"kind":98,"text":")"}},"condition":{"!":"com.github.javaparser.ast.expr.EnclosedExpr","range":{"beginLine":12,"beginColumn":8,"endLine":12,"endColumn":54},"tokenRange":{"beginToken":{"kind":97,"text":"("},"endToken":{"kind":98,"text":")"}},"inner":{"!":"com.github.javaparser.ast.expr.BinaryExpr","range":{"beginLine":12,"beginColumn":9,"endLine":12,"endColumn":53},"tokenRange":{"beginToken":{"kind":94,"text":"catalog"},"endToken":{"kind":43,"text":"null"}},"left":{"!":"com.github.javaparser.ast.expr.BinaryExpr","range":{"beginLine":12,"beginColumn":9,"endLine":12,"endColumn":23},"tokenRange":{"beginToken":{"kind":94,"text":"catalog"},"endToken":{"kind":43,"text":"null"}},"left":{"!":"com.github.javaparser.ast.expr.NameExpr","range":{"beginLine":12,"beginColumn":9,"endLine":12,"endColumn":15},"tokenRange":{"beginToken":{"kind":94,"text":"catalog"},"endToken":{"kind":94,"text":"catalog"}},"name":{"!":"com.github.javaparser.ast.expr.SimpleName","range":{"beginLine":12,"beginColumn":9,"endLine":12,"endColumn":15},"tokenRange":{"beginToken":{"kind":94,"text":"catalog"},"endToken":{"kind":94,"text":"catalog"}},"identifier":"catalog"}},"operator":"EQUALS","right":{"!":"com.github.javaparser.ast.expr.NullLiteralExpr","range":{"beginLine":12,"beginColumn":20,"endLine":12,"endColumn":23},"tokenRange":{"beginToken":{"kind":43,"text":"null"},"endToken":{"kind":43,"text":"null"}}}},"operator":"AND","right":{"!":"com.github.javaparser.ast.expr.BinaryExpr","range":{"beginLine":12,"beginColumn":28,"endLine":12,"endColumn":53},"tokenRange":{"beginToken":{"kind":94,"text":"table"},"endToken":{"kind":43,"text":"null"}},"left":{"!":"com.github.javaparser.ast.expr.MethodCallExpr","range":{"beginLine":12,"beginColumn":28,"endLine":12,"endColumn":45},"tokenRange":{"beginToken":{"kind":94,"text":"table"},"endToken":{"kind":98,"text":")"}},"arguments":[],"name":{"!":"com.github.javaparser.ast.expr.SimpleName","range":{"beginLine":12,"beginColumn":34,"endLine":12,"endColumn":43},"tokenRange":{"beginToken":{"kind":94,"text":"getCatalog"},"endToken":{"kind":94,"text":"getCatalog"}},"identifier":"getCatalog"},"scope":{"!":"com.github.javaparser.ast.expr.NameExpr","range":{"beginLine":12,"beginColumn":28,"endLine":12,"endColumn":32},"tokenRange":{"beginToken":{"kind":94,"text":"table"},"endToken":{"kind":94,"text":"table"}},"name":{"!":"com.github.javaparser.ast.expr.SimpleName","range":{"beginLine":12,"beginColumn":28,"endLine":12,"endColumn":32},"tokenRange":{"beginToken":{"kind":94,"text":"table"},"endToken":{"kind":94,"text":"table"}},"identifier":"table"}}},"operator":"NOT_EQUALS","right":{"!":"com.github.javaparser.ast.expr.NullLiteralExpr","range":{"beginLine":12,"beginColumn":50,"endLine":12,"endColumn":53},"tokenRange":{"beginToken":{"kind":43,"text":"null"},"endToken":{"kind":43,"text":"null"}}}}}},"elseExpr":{"!":"com.github.javaparser.ast.expr.ConditionalExpr","range":{"beginLine":12,"beginColumn":66,"endLine":12,"endColumn":193},"tokenRange":{"beginToken":{"kind":97,"text":"("},"endToken":{"kind":98,"text":")"}},"condition":{"!":"com.github.javaparser.ast.expr.EnclosedExpr","range":{"beginLine":12,"beginColumn":66,"endLine":12,"endColumn":82},"tokenRange":{"beginToken":{"kind":97,"text":"("},"endToken":{"kind":98,"text":")"}},"inner":{"!":"com.github.javaparser.ast.expr.BinaryExpr","range":{"beginLine":12,"beginColumn":67,"endLine":12,"endColumn":81},"tokenRange":{"beginToken":{"kind":94,"text":"catalog"},"endToken":{"kind":43,"text":"null"}},"left":{"!":"com.github.javaparser.ast.expr.NameExpr","range":{"beginLine":12,"beginColumn":67,"endLine":12,"endColumn":73},"tokenRange":{"beginToken":{"kind":94,"text":"catalog"},"endToken":{"kind":94,"text":"catalog"}},"name":{"!":"com.github.javaparser.ast.expr.SimpleName","range":{"beginLine":12,"beginColumn":67,"endLine":12,"endColumn":73},"tokenRange":{"beginToken":{"kind":94,"text":"catalog"},"endToken":{"kind":94,"text":"catalog"}},"identifier":"catalog"}},"operator":"EQUALS","right":{"!":"com.github.javaparser.ast.expr.NullLiteralExpr","range":{"beginLine":12,"beginColumn":78,"endLine":12,"endColumn":81},"tokenRange":{"beginToken":{"kind":43,"text":"null"},"endToken":{"kind":43,"text":"null"}}}}},"elseExpr":{"!":"com.github.javaparser.ast.expr.ConditionalExpr","range":{"beginLine":12,"beginColumn":93,"endLine":12,"endColumn":193},"tokenRange":{"beginToken":{"kind":94,"text":"isCatalogQuoted"},"endToken":{"kind":98,"text":")"}},"condition":{"!":"com.github.javaparser.ast.expr.MethodCallExpr","range":{"beginLine":12,"beginColumn":93,"endLine":12,"endColumn":109},"tokenRange":{"beginToken":{"kind":94,"text":"isCatalogQuoted"},"endToken":{"kind":98,"text":")"}},"arguments":[],"name":{"!":"com.github.javaparser.ast.expr.SimpleName","range":{"beginLine":12,"beginColumn":93,"endLine":12,"endColumn":107},"tokenRange":{"beginToken":{"kind":94,"text":"isCatalogQuoted"},"endToken":{"kind":94,"text":"isCatalogQuoted"}},"identifier":"isCatalogQuoted"}},"elseExpr":{"!":"com.github.javaparser.ast.expr.MethodCallExpr","range":{"beginLine":12,"beginColumn":150,"endLine":12,"endColumn":193},"tokenRange":{"beginToken":{"kind":94,"text":"catalog"},"endToken":{"kind":98,"text":")"}},"arguments":[{"!":"com.github.javaparser.ast.expr.MethodCallExpr","range":{"beginLine":12,"beginColumn":175,"endLine":12,"endColumn":192},"tokenRange":{"beginToken":{"kind":94,"text":"table"},"endToken":{"kind":98,"text":")"}},"arguments":[],"name":{"!":"com.github.javaparser.ast.expr.SimpleName","range":{"beginLine":12,"beginColumn":181,"endLine":12,"endColumn":190},"tokenRange":{"beginToken":{"kind":94,"text":"getCatalog"},"endToken":{"kind":94,"text":"getCatalog"}},"identifier":"getCatalog"},"scope":{"!":"com.github.javaparser.ast.expr.NameExpr","range":{"beginLine":12,"beginColumn":175,"endLine":12,"endColumn":179},"tokenRange":{"beginToken":{"kind":94,"text":"table"},"endToken":{"kind":94,"text":"table"}},"name":{"!":"com.github.javaparser.ast.expr.SimpleName","range":{"beginLine":12,"beginColumn":175,"endLine":12,"endColumn":179},"tokenRange":{"beginToken":{"kind":94,"text":"table"},"endToken":{"kind":94,"text":"table"}},"identifier":"table"}}}],"name":{"!":"com.github.javaparser.ast.expr.SimpleName","range":{"beginLine":12,"beginColumn":158,"endLine":12,"endColumn":173},"tokenRange":{"beginToken":{"kind":94,"text":"equalsIgnoreCase"},"endToken":{"kind":94,"text":"equalsIgnoreCase"}},"identifier":"equalsIgnoreCase"},"scope":{"!":"com.github.javaparser.ast.expr.NameExpr","range":{"beginLine":12,"beginColumn":150,"endLine":12,"endColumn":156},"tokenRange":{"beginToken":{"kind":94,"text":"catalog"},"endToken":{"kind":94,"text":"catalog"}},"name":{"!":"com.github.javaparser.ast.expr.SimpleName","range":{"beginLine":12,"beginColumn":150,"endLine":12,"endColumn":156},"tokenRange":{"beginToken":{"kind":94,"text":"catalog"},"endToken":{"kind":94,"text":"catalog"}},"identifier":"catalog"}}},"thenExpr":{"!":"com.github.javaparser.ast.expr.MethodCallExpr","range":{"beginLine":12,"beginColumn":113,"endLine":12,"endColumn":146},"tokenRange":{"beginToken":{"kind":94,"text":"catalog"},"endToken":{"kind":98,"text":")"}},"arguments":[{"!":"com.github.javaparser.ast.expr.MethodCallExpr","range":{"beginLine":12,"beginColumn":128,"endLine":12,"endColumn":145},"tokenRange":{"beginToken":{"kind":94,"text":"table"},"endToken":{"kind":98,"text":")"}},"arguments":[],"name":{"!":"com.github.javaparser.ast.expr.SimpleName","range":{"beginLine":12,"beginColumn":134,"endLine":12,"endColumn":143},"tokenRange":{"beginToken":{"kind":94,"text":"getCatalog"},"endToken":{"kind":94,"text":"getCatalog"}},"identifier":"getCatalog"},"scope":{"!":"com.github.javaparser.ast.expr.NameExpr","range":{"beginLine":12,"beginColumn":128,"endLine":12,"endColumn":132},"tokenRange":{"beginToken":{"kind":94,"text":"table"},"endToken":{"kind":94,"text":"table"}},"name":{"!":"com.github.javaparser.ast.expr.SimpleName","range":{"beginLine":12,"beginColumn":128,"endLine":12,"endColumn":132},"tokenRange":{"beginToken":{"kind":94,"text":"table"},"endToken":{"kind":94,"text":"table"}},"identifier":"table"}}}],"name":{"!":"com.github.javaparser.ast.expr.SimpleName","range":{"beginLine":12,"beginColumn":121,"endLine":12,"endColumn":126},"tokenRange":{"beginToken":{"kind":94,"text":"equals"},"endToken":{"kind":94,"text":"equals"}},"identifier":"equals"},"scope":{"!":"com.github.javaparser.ast.expr.NameExpr","range":{"beginLine":12,"beginColumn":113,"endLine":12,"endColumn":119},"tokenRange":{"beginToken":{"kind":94,"text":"catalog"},"endToken":{"kind":94,"text":"catalog"}},"name":{"!":"com.github.javaparser.ast.expr.SimpleName","range":{"beginLine":12,"beginColumn":113,"endLine":12,"endColumn":119},"tokenRange":{"beginToken":{"kind":94,"text":"catalog"},"endToken":{"kind":94,"text":"catalog"}},"identifier":"catalog"}}}},"thenExpr":{"!":"com.github.javaparser.ast.expr.BooleanLiteralExpr","range":{"beginLine":12,"beginColumn":86,"endLine":12,"endColumn":89},"tokenRange":{"beginToken":{"kind":60,"text":"true"},"endToken":{"kind":60,"text":"true"}},"value":"true"}},"thenExpr":{"!":"com.github.javaparser.ast.expr.BooleanLiteralExpr","range":{"beginLine":12,"beginColumn":58,"endLine":12,"endColumn":62},"tokenRange":{"beginToken":{"kind":28,"text":"false"},"endToken":{"kind":28,"text":"false"}},"value":"false"}}}},"thenExpr":{"!":"com.github.javaparser.ast.expr.MethodCallExpr","range":{"beginLine":10,"beginColumn":23,"endLine":10,"endColumn":50},"tokenRange":{"beginToken":{"kind":94,"text":"name"},"endToken":{"kind":98,"text":")"}},"arguments":[{"!":"com.github.javaparser.ast.expr.MethodCallExpr","range":{"beginLine":10,"beginColumn":35,"endLine":10,"endColumn":49},"tokenRange":{"beginToken":{"kind":94,"text":"table"},"endToken":{"kind":98,"text":")"}},"arguments":[],"name":{"!":"com.github.javaparser.ast.expr.SimpleName","range":{"beginLine":10,"beginColumn":41,"endLine":10,"endColumn":47},"tokenRange":{"beginToken":{"kind":94,"text":"getName"},"endToken":{"kind":94,"text":"getName"}},"identifier":"getName"},"scope":{"!":"com.github.javaparser.ast.expr.NameExpr","range":{"beginLine":10,"beginColumn":35,"endLine":10,"endColumn":39},"tokenRange":{"beginToken":{"kind":94,"text":"table"},"endToken":{"kind":94,"text":"table"}},"name":{"!":"com.github.javaparser.ast.expr.SimpleName","range":{"beginLine":10,"beginColumn":35,"endLine":10,"endColumn":39},"tokenRange":{"beginToken":{"kind":94,"text":"table"},"endToken":{"kind":94,"text":"table"}},"identifier":"table"}}}],"name":{"!":"com.github.javaparser.ast.expr.SimpleName","range":{"beginLine":10,"beginColumn":28,"endLine":10,"endColumn":33},"tokenRange":{"beginToken":{"kind":94,"text":"equals"},"endToken":{"kind":94,"text":"equals"}},"identifier":"equals"},"scope":{"!":"com.github.javaparser.ast.expr.NameExpr","range":{"beginLine":10,"beginColumn":23,"endLine":10,"endColumn":26},"tokenRange":{"beginToken":{"kind":94,"text":"name"},"endToken":{"kind":94,"text":"name"}},"name":{"!":"com.github.javaparser.ast.expr.SimpleName","range":{"beginLine":10,"beginColumn":23,"endLine":10,"endColumn":26},"tokenRange":{"beginToken":{"kind":94,"text":"name"},"endToken":{"kind":94,"text":"name"}},"identifier":"name"}}}}}]},"type":{"!":"com.github.javaparser.ast.type.PrimitiveType","range":{"beginLine":2,"beginColumn":9,"endLine":2,"endColumn":15},"tokenRange":{"beginToken":{"kind":13,"text":"boolean"},"endToken":{"kind":13,"text":"boolean"}},"type":"BOOLEAN","annotations":[]},"modifiers":[{"!":"com.github.javaparser.ast.Modifier","range":{"beginLine":2,"beginColumn":2,"endLine":2,"endColumn":7},"tokenRange":{"beginToken":{"kind":47,"text":"public"},"endToken":{"kind":47,"text":"public"}},"keyword":"PUBLIC"}],"name":{"!":"com.github.javaparser.ast.expr.SimpleName","range":{"beginLine":2,"beginColumn":17,"endLine":2,"endColumn":22},"tokenRange":{"beginToken":{"kind":94,"text":"equals"},"endToken":{"kind":94,"text":"equals"}},"identifier":"equals"},"parameters":[{"!":"com.github.javaparser.ast.body.Parameter","range":{"beginLine":2,"beginColumn":24,"endLine":2,"endColumn":34},"tokenRange":{"beginToken":{"kind":94,"text":"Table"},"endToken":{"kind":94,"text":"table"}},"annotations":[],"isVarArgs":"false","modifiers":[],"name":{"!":"com.github.javaparser.ast.expr.SimpleName","range":{"beginLine":2,"beginColumn":30,"endLine":2,"endColumn":34},"tokenRange":{"beginToken":{"kind":94,"text":"table"},"endToken":{"kind":94,"text":"table"}},"identifier":"table"},"type":{"!":"com.github.javaparser.ast.type.ClassOrInterfaceType","range":{"beginLine":2,"beginColumn":24,"endLine":2,"endColumn":28},"tokenRange":{"beginToken":{"kind":94,"text":"Table"},"endToken":{"kind":94,"text":"Table"}},"name":{"!":"com.github.javaparser.ast.expr.SimpleName","range":{"beginLine":2,"beginColumn":24,"endLine":2,"endColumn":28},"tokenRange":{"beginToken":{"kind":94,"text":"Table"},"endToken":{"kind":94,"text":"Table"}},"identifier":"Table"},"annotations":[]},"varArgsAnnotations":[]}],"thrownExceptions":[],"typeParameters":[],"annotations":[]}],"modifiers":[],"name":{"!":"com.github.javaparser.ast.expr.SimpleName","range":{"beginLine":1,"beginColumn":7,"endLine":1,"endColumn":10},"tokenRange":{"beginToken":{"kind":94,"text":"Test"},"endToken":{"kind":94,"text":"Test"}},"identifier":"Test"},"annotations":[]}]}