{"!":"com.github.javaparser.ast.CompilationUnit","range":{"beginLine":1,"beginColumn":1,"endLine":45,"endColumn":2},"tokenRange":{"beginToken":{"kind":19,"text":"class"},"endToken":{"kind":0,"text":""}},"imports":[],"types":[{"!":"com.github.javaparser.ast.body.ClassOrInterfaceDeclaration","range":{"beginLine":1,"beginColumn":1,"endLine":45,"endColumn":2},"tokenRange":{"beginToken":{"kind":19,"text":"class"},"endToken":{"kind":100,"text":"}"}},"extendedTypes":[],"implementedTypes":[],"isInterface":"false","typeParameters":[],"members":[{"!":"com.github.javaparser.ast.body.MethodDeclaration","range":{"beginLine":2,"beginColumn":2,"endLine":43,"endColumn":2},"tokenRange":{"beginToken":{"kind":107,"text":"@"},"endToken":{"kind":100,"text":"}"}},"body":{"!":"com.github.javaparser.ast.stmt.BlockStmt","range":{"beginLine":3,"beginColumn":53,"endLine":43,"endColumn":2},"tokenRange":{"beginToken":{"kind":99,"text":"{"},"endToken":{"kind":100,"text":"}"}},"statements":[{"!":"com.github.javaparser.ast.stmt.ExpressionStmt","range":{"beginLine":4,"beginColumn":3,"endLine":4,"endColumn":101},"tokenRange":{"beginToken":{"kind":94,"text":"assertFalse"},"endToken":{"kind":103,"text":";"}},"expression":{"!":"com.github.javaparser.ast.expr.MethodCallExpr","range":{"beginLine":4,"beginColumn":3,"endLine":4,"endColumn":100},"tokenRange":{"beginToken":{"kind":94,"text":"assertFalse"},"endToken":{"kind":98,"text":")"}},"arguments":[{"!":"com.github.javaparser.ast.expr.MethodCallExpr","range":{"beginLine":4,"beginColumn":16,"endLine":4,"endColumn":98},"tokenRange":{"beginToken":{"kind":94,"text":"JtaStatusHelper"},"endToken":{"kind":98,"text":")"}},"arguments":[{"!":"com.github.javaparser.ast.expr.MethodCallExpr","range":{"beginLine":4,"beginColumn":42,"endLine":4,"endColumn":96},"tokenRange":{"beginToken":{"kind":94,"text":"TestingJtaPlatformImpl"},"endToken":{"kind":98,"text":")"}},"arguments":[],"name":{"!":"com.github.javaparser.ast.expr.SimpleName","range":{"beginLine":4,"beginColumn":74,"endLine":4,"endColumn":94},"tokenRange":{"beginToken":{"kind":94,"text":"getTransactionManager"},"endToken":{"kind":94,"text":"getTransactionManager"}},"identifier":"getTransactionManager"},"scope":{"!":"com.github.javaparser.ast.expr.FieldAccessExpr","range":{"beginLine":4,"beginColumn":42,"endLine":4,"endColumn":72},"tokenRange":{"beginToken":{"kind":94,"text":"TestingJtaPlatformImpl"},"endToken":{"kind":94,"text":"INSTANCE"}},"name":{"!":"com.github.javaparser.ast.expr.SimpleName","range":{"beginLine":4,"beginColumn":65,"endLine":4,"endColumn":72},"tokenRange":{"beginToken":{"kind":94,"text":"INSTANCE"},"endToken":{"kind":94,"text":"INSTANCE"}},"identifier":"INSTANCE"},"scope":{"!":"com.github.javaparser.ast.expr.NameExpr","range":{"beginLine":4,"beginColumn":42,"endLine":4,"endColumn":63},"tokenRange":{"beginToken":{"kind":94,"text":"TestingJtaPlatformImpl"},"endToken":{"kind":94,"text":"TestingJtaPlatformImpl"}},"name":{"!":"com.github.javaparser.ast.expr.SimpleName","range":{"beginLine":4,"beginColumn":42,"endLine":4,"endColumn":63},"tokenRange":{"beginToken":{"kind":94,"text":"TestingJtaPlatformImpl"},"endToken":{"kind":94,"text":"TestingJtaPlatformImpl"}},"identifier":"TestingJtaPlatformImpl"}}}}],"name":{"!":"com.github.javaparser.ast.expr.SimpleName","range":{"beginLine":4,"beginColumn":32,"endLine":4,"endColumn":39},"tokenRange":{"beginToken":{"kind":94,"text":"isActive"},"endToken":{"kind":94,"text":"isActive"}},"identifier":"isActive"},"scope":{"!":"com.github.javaparser.ast.expr.NameExpr","range":{"beginLine":4,"beginColumn":16,"endLine":4,"endColumn":30},"tokenRange":{"beginToken":{"kind":94,"text":"JtaStatusHelper"},"endToken":{"kind":94,"text":"JtaStatusHelper"}},"name":{"!":"com.github.javaparser.ast.expr.SimpleName","range":{"beginLine":4,"beginColumn":16,"endLine":4,"endColumn":30},"tokenRange":{"beginToken":{"kind":94,"text":"JtaStatusHelper"},"endToken":{"kind":94,"text":"JtaStatusHelper"}},"identifier":"JtaStatusHelper"}}}],"name":{"!":"com.github.javaparser.ast.expr.SimpleName","range":{"beginLine":4,"beginColumn":3,"endLine":4,"endColumn":13},"tokenRange":{"beginToken":{"kind":94,"text":"assertFalse"},"endToken":{"kind":94,"text":"assertFalse"}},"identifier":"assertFalse"}}},{"!":"com.github.javaparser.ast.stmt.ExpressionStmt","range":{"beginLine":6,"beginColumn":3,"endLine":6,"endColumn":127},"tokenRange":{"beginToken":{"kind":94,"text":"SessionImplementor"},"endToken":{"kind":103,"text":";"}},"expression":{"!":"com.github.javaparser.ast.expr.VariableDeclarationExpr","range":{"beginLine":6,"beginColumn":3,"endLine":6,"endColumn":126},"tokenRange":{"beginToken":{"kind":94,"text":"SessionImplementor"},"endToken":{"kind":98,"text":")"}},"annotations":[],"modifiers":[],"variables":[{"!":"com.github.javaparser.ast.body.VariableDeclarator","range":{"beginLine":6,"beginColumn":22,"endLine":6,"endColumn":126},"tokenRange":{"beginToken":{"kind":94,"text":"session"},"endToken":{"kind":98,"text":")"}},"initializer":{"!":"com.github.javaparser.ast.expr.CastExpr","range":{"beginLine":6,"beginColumn":32,"endLine":6,"endColumn":126},"tokenRange":{"beginToken":{"kind":97,"text":"("},"endToken":{"kind":98,"text":")"}},"expression":{"!":"com.github.javaparser.ast.expr.MethodCallExpr","range":{"beginLine":6,"beginColumn":53,"endLine":6,"endColumn":126},"tokenRange":{"beginToken":{"kind":94,"text":"sessionFactory"},"endToken":{"kind":98,"text":")"}},"arguments":[],"name":{"!":"com.github.javaparser.ast.expr.SimpleName","range":{"beginLine":6,"beginColumn":114,"endLine":6,"endColumn":124},"tokenRange":{"beginToken":{"kind":94,"text":"openSession"},"endToken":{"kind":94,"text":"openSession"}},"identifier":"openSession"},"scope":{"!":"com.github.javaparser.ast.expr.MethodCallExpr","range":{"beginLine":6,"beginColumn":53,"endLine":6,"endColumn":112},"tokenRange":{"beginToken":{"kind":94,"text":"sessionFactory"},"endToken":{"kind":98,"text":")"}},"arguments":[{"!":"com.github.javaparser.ast.expr.BooleanLiteralExpr","range":{"beginLine":6,"beginColumn":106,"endLine":6,"endColumn":110},"tokenRange":{"beginToken":{"kind":28,"text":"false"},"endToken":{"kind":28,"text":"false"}},"value":"false"}],"name":{"!":"com.github.javaparser.ast.expr.SimpleName","range":{"beginLine":6,"beginColumn":84,"endLine":6,"endColumn":103},"tokenRange":{"beginToken":{"kind":94,"text":"autoJoinTransactions"},"endToken":{"kind":94,"text":"autoJoinTransactions"}},"identifier":"autoJoinTransactions"},"scope":{"!":"com.github.javaparser.ast.expr.MethodCallExpr","range":{"beginLine":6,"beginColumn":53,"endLine":6,"endColumn":82},"tokenRange":{"beginToken":{"kind":94,"text":"sessionFactory"},"endToken":{"kind":98,"text":")"}},"arguments":[],"name":{"!":"com.github.javaparser.ast.expr.SimpleName","range":{"beginLine":6,"beginColumn":70,"endLine":6,"endColumn":80},"tokenRange":{"beginToken":{"kind":94,"text":"withOptions"},"endToken":{"kind":94,"text":"withOptions"}},"identifier":"withOptions"},"scope":{"!":"com.github.javaparser.ast.expr.MethodCallExpr","range":{"beginLine":6,"beginColumn":53,"endLine":6,"endColumn":68},"tokenRange":{"beginToken":{"kind":94,"text":"sessionFactory"},"endToken":{"kind":98,"text":")"}},"arguments":[],"name":{"!":"com.github.javaparser.ast.expr.SimpleName","range":{"beginLine":6,"beginColumn":53,"endLine":6,"endColumn":66},"tokenRange":{"beginToken":{"kind":94,"text":"sessionFactory"},"endToken":{"kind":94,"text":"sessionFactory"}},"identifier":"sessionFactory"}}}}},"type":{"!":"com.github.javaparser.ast.type.ClassOrInterfaceType","range":{"beginLine":6,"beginColumn":33,"endLine":6,"endColumn":50},"tokenRange":{"beginToken":{"kind":94,"text":"SessionImplementor"},"endToken":{"kind":94,"text":"SessionImplementor"}},"name":{"!":"com.github.javaparser.ast.expr.SimpleName","range":{"beginLine":6,"beginColumn":33,"endLine":6,"endColumn":50},"tokenRange":{"beginToken":{"kind":94,"text":"SessionImplementor"},"endToken":{"kind":94,"text":"SessionImplementor"}},"identifier":"SessionImplementor"},"annotations":[]}},"name":{"!":"com.github.javaparser.ast.expr.SimpleName","range":{"beginLine":6,"beginColumn":22,"endLine":6,"endColumn":28},"tokenRange":{"beginToken":{"kind":94,"text":"session"},"endToken":{"kind":94,"text":"session"}},"identifier":"session"},"type":{"!":"com.github.javaparser.ast.type.ClassOrInterfaceType","range":{"beginLine":6,"beginColumn":3,"endLine":6,"endColumn":20},"tokenRange":{"beginToken":{"kind":94,"text":"SessionImplementor"},"endToken":{"kind":94,"text":"SessionImplementor"}},"name":{"!":"com.github.javaparser.ast.expr.SimpleName","range":{"beginLine":6,"beginColumn":3,"endLine":6,"endColumn":20},"tokenRange":{"beginToken":{"kind":94,"text":"SessionImplementor"},"endToken":{"kind":94,"text":"SessionImplementor"}},"identifier":"SessionImplementor"},"annotations":[]}}]}},{"!":"com.github.javaparser.ast.stmt.ExpressionStmt","range":{"beginLine":7,"beginColumn":3,"endLine":7,"endColumn":103},"tokenRange":{"beginToken":{"kind":94,"text":"TransactionImplementor"},"endToken":{"kind":103,"text":";"}},"expression":{"!":"com.github.javaparser.ast.expr.VariableDeclarationExpr","range":{"beginLine":7,"beginColumn":3,"endLine":7,"endColumn":102},"tokenRange":{"beginToken":{"kind":94,"text":"TransactionImplementor"},"endToken":{"kind":98,"text":")"}},"annotations":[],"modifiers":[],"variables":[{"!":"com.github.javaparser.ast.body.VariableDeclarator","range":{"beginLine":7,"beginColumn":26,"endLine":7,"endColumn":102},"tokenRange":{"beginToken":{"kind":94,"text":"transaction"},"endToken":{"kind":98,"text":")"}},"initializer":{"!":"com.github.javaparser.ast.expr.CastExpr","range":{"beginLine":7,"beginColumn":40,"endLine":7,"endColumn":102},"tokenRange":{"beginToken":{"kind":97,"text":"("},"endToken":{"kind":98,"text":")"}},"expression":{"!":"com.github.javaparser.ast.expr.MethodCallExpr","range":{"beginLine":7,"beginColumn":65,"endLine":7,"endColumn":102},"tokenRange":{"beginToken":{"kind":97,"text":"("},"endToken":{"kind":98,"text":")"}},"arguments":[],"name":{"!":"com.github.javaparser.ast.expr.SimpleName","range":{"beginLine":7,"beginColumn":87,"endLine":7,"endColumn":100},"tokenRange":{"beginToken":{"kind":94,"text":"getTransaction"},"endToken":{"kind":94,"text":"getTransaction"}},"identifier":"getTransaction"},"scope":{"!":"com.github.javaparser.ast.expr.EnclosedExpr","range":{"beginLine":7,"beginColumn":65,"endLine":7,"endColumn":85},"tokenRange":{"beginToken":{"kind":97,"text":"("},"endToken":{"kind":98,"text":")"}},"inner":{"!":"com.github.javaparser.ast.expr.CastExpr","range":{"beginLine":7,"beginColumn":67,"endLine":7,"endColumn":83},"tokenRange":{"beginToken":{"kind":97,"text":"("},"endToken":{"kind":94,"text":"session"}},"expression":{"!":"com.github.javaparser.ast.expr.NameExpr","range":{"beginLine":7,"beginColumn":77,"endLine":7,"endColumn":83},"tokenRange":{"beginToken":{"kind":94,"text":"session"},"endToken":{"kind":94,"text":"session"}},"name":{"!":"com.github.javaparser.ast.expr.SimpleName","range":{"beginLine":7,"beginColumn":77,"endLine":7,"endColumn":83},"tokenRange":{"beginToken":{"kind":94,"text":"session"},"endToken":{"kind":94,"text":"session"}},"identifier":"session"}},"type":{"!":"com.github.javaparser.ast.type.ClassOrInterfaceType","range":{"beginLine":7,"beginColumn":68,"endLine":7,"endColumn":74},"tokenRange":{"beginToken":{"kind":94,"text":"Session"},"endToken":{"kind":94,"text":"Session"}},"name":{"!":"com.github.javaparser.ast.expr.SimpleName","range":{"beginLine":7,"beginColumn":68,"endLine":7,"endColumn":74},"tokenRange":{"beginToken":{"kind":94,"text":"Session"},"endToken":{"kind":94,"text":"Session"}},"identifier":"Session"},"annotations":[]}}}},"type":{"!":"com.github.javaparser.ast.type.ClassOrInterfaceType","range":{"beginLine":7,"beginColumn":41,"endLine":7,"endColumn":62},"tokenRange":{"beginToken":{"kind":94,"text":"TransactionImplementor"},"endToken":{"kind":94,"text":"TransactionImplementor"}},"name":{"!":"com.github.javaparser.ast.expr.SimpleName","range":{"beginLine":7,"beginColumn":41,"endLine":7,"endColumn":62},"tokenRange":{"beginToken":{"kind":94,"text":"TransactionImplementor"},"endToken":{"kind":94,"text":"TransactionImplementor"}},"identifier":"TransactionImplementor"},"annotations":[]}},"name":{"!":"com.github.javaparser.ast.expr.SimpleName","range":{"beginLine":7,"beginColumn":26,"endLine":7,"endColumn":36},"tokenRange":{"beginToken":{"kind":94,"text":"transaction"},"endToken":{"kind":94,"text":"transaction"}},"identifier":"transaction"},"type":{"!":"com.github.javaparser.ast.type.ClassOrInterfaceType","range":{"beginLine":7,"beginColumn":3,"endLine":7,"endColumn":24},"tokenRange":{"beginToken":{"kind":94,"text":"TransactionImplementor"},"endToken":{"kind":94,"text":"TransactionImplementor"}},"name":{"!":"com.github.javaparser.ast.expr.SimpleName","range":{"beginLine":7,"beginColumn":3,"endLine":7,"endColumn":24},"tokenRange":{"beginToken":{"kind":94,"text":"TransactionImplementor"},"endToken":{"kind":94,"text":"TransactionImplementor"}},"identifier":"TransactionImplementor"},"annotations":[]}}]}},{"!":"com.github.javaparser.ast.stmt.ExpressionStmt","range":{"beginLine":9,"beginColumn":3,"endLine":9,"endColumn":83},"tokenRange":{"beginToken":{"kind":94,"text":"assertFalse"},"endToken":{"kind":103,"text":";"}},"expression":{"!":"com.github.javaparser.ast.expr.MethodCallExpr","range":{"beginLine":9,"beginColumn":3,"endLine":9,"endColumn":82},"tokenRange":{"beginToken":{"kind":94,"text":"assertFalse"},"endToken":{"kind":98,"text":")"}},"arguments":[{"!":"com.github.javaparser.ast.expr.MethodCallExpr","range":{"beginLine":9,"beginColumn":16,"endLine":9,"endColumn":80},"tokenRange":{"beginToken":{"kind":94,"text":"session"},"endToken":{"kind":98,"text":")"}},"arguments":[],"name":{"!":"com.github.javaparser.ast.expr.SimpleName","range":{"beginLine":9,"beginColumn":52,"endLine":9,"endColumn":78},"tokenRange":{"beginToken":{"kind":94,"text":"isSynchronizationRegistered"},"endToken":{"kind":94,"text":"isSynchronizationRegistered"}},"identifier":"isSynchronizationRegistered"},"scope":{"!":"com.github.javaparser.ast.expr.MethodCallExpr","range":{"beginLine":9,"beginColumn":16,"endLine":9,"endColumn":50},"tokenRange":{"beginToken":{"kind":94,"text":"session"},"endToken":{"kind":98,"text":")"}},"arguments":[],"name":{"!":"com.github.javaparser.ast.expr.SimpleName","range":{"beginLine":9,"beginColumn":24,"endLine":9,"endColumn":48},"tokenRange":{"beginToken":{"kind":94,"text":"getTransactionCoordinator"},"endToken":{"kind":94,"text":"getTransactionCoordinator"}},"identifier":"getTransactionCoordinator"},"scope":{"!":"com.github.javaparser.ast.expr.NameExpr","range":{"beginLine":9,"beginColumn":16,"endLine":9,"endColumn":22},"tokenRange":{"beginToken":{"kind":94,"text":"session"},"endToken":{"kind":94,"text":"session"}},"name":{"!":"com.github.javaparser.ast.expr.SimpleName","range":{"beginLine":9,"beginColumn":16,"endLine":9,"endColumn":22},"tokenRange":{"beginToken":{"kind":94,"text":"session"},"endToken":{"kind":94,"text":"session"}},"identifier":"session"}}}}],"name":{"!":"com.github.javaparser.ast.expr.SimpleName","range":{"beginLine":9,"beginColumn":3,"endLine":9,"endColumn":13},"tokenRange":{"beginToken":{"kind":94,"text":"assertFalse"},"endToken":{"kind":94,"text":"assertFalse"}},"identifier":"assertFalse"}}},{"!":"com.github.javaparser.ast.stmt.ExpressionStmt","range":{"beginLine":10,"beginColumn":3,"endLine":10,"endColumn":47},"tokenRange":{"beginToken":{"kind":94,"text":"assertFalse"},"endToken":{"kind":103,"text":";"}},"expression":{"!":"com.github.javaparser.ast.expr.MethodCallExpr","range":{"beginLine":10,"beginColumn":3,"endLine":10,"endColumn":46},"tokenRange":{"beginToken":{"kind":94,"text":"assertFalse"},"endToken":{"kind":98,"text":")"}},"arguments":[{"!":"com.github.javaparser.ast.expr.MethodCallExpr","range":{"beginLine":10,"beginColumn":16,"endLine":10,"endColumn":44},"tokenRange":{"beginToken":{"kind":94,"text":"transaction"},"endToken":{"kind":98,"text":")"}},"arguments":[],"name":{"!":"com.github.javaparser.ast.expr.SimpleName","range":{"beginLine":10,"beginColumn":28,"endLine":10,"endColumn":42},"tokenRange":{"beginToken":{"kind":94,"text":"isParticipating"},"endToken":{"kind":94,"text":"isParticipating"}},"identifier":"isParticipating"},"scope":{"!":"com.github.javaparser.ast.expr.NameExpr","range":{"beginLine":10,"beginColumn":16,"endLine":10,"endColumn":26},"tokenRange":{"beginToken":{"kind":94,"text":"transaction"},"endToken":{"kind":94,"text":"transaction"}},"name":{"!":"com.github.javaparser.ast.expr.SimpleName","range":{"beginLine":10,"beginColumn":16,"endLine":10,"endColumn":26},"tokenRange":{"beginToken":{"kind":94,"text":"transaction"},"endToken":{"kind":94,"text":"transaction"}},"identifier":"transaction"}}}],"name":{"!":"com.github.javaparser.ast.expr.SimpleName","range":{"beginLine":10,"beginColumn":3,"endLine":10,"endColumn":13},"tokenRange":{"beginToken":{"kind":94,"text":"assertFalse"},"endToken":{"kind":94,"text":"assertFalse"}},"identifier":"assertFalse"}}},{"!":"com.github.javaparser.ast.stmt.ExpressionStmt","range":{"beginLine":12,"beginColumn":3,"endLine":12,"endColumn":25},"tokenRange":{"beginToken":{"kind":94,"text":"session"},"endToken":{"kind":103,"text":";"}},"expression":{"!":"com.github.javaparser.ast.expr.MethodCallExpr","range":{"beginLine":12,"beginColumn":3,"endLine":12,"endColumn":24},"tokenRange":{"beginToken":{"kind":94,"text":"session"},"endToken":{"kind":98,"text":")"}},"arguments":[],"name":{"!":"com.github.javaparser.ast.expr.SimpleName","range":{"beginLine":12,"beginColumn":11,"endLine":12,"endColumn":22},"tokenRange":{"beginToken":{"kind":94,"text":"getFlushMode"},"endToken":{"kind":94,"text":"getFlushMode"}},"identifier":"getFlushMode"},"scope":{"!":"com.github.javaparser.ast.expr.NameExpr","range":{"beginLine":12,"beginColumn":3,"endLine":12,"endColumn":9},"tokenRange":{"beginToken":{"kind":94,"text":"session"},"endToken":{"kind":94,"text":"session"}},"name":{"!":"com.github.javaparser.ast.expr.SimpleName","range":{"beginLine":12,"beginColumn":3,"endLine":12,"endColumn":9},"tokenRange":{"beginToken":{"kind":94,"text":"session"},"endToken":{"kind":94,"text":"session"}},"identifier":"session"}}},"comment":{"!":"com.github.javaparser.ast.comments.LineComment","range":{"beginLine":12,"beginColumn":28,"endLine":12,"endColumn":75},"tokenRange":{"beginToken":{"kind":5,"text":"// causes a call to TransactionCoordinator#pulse"},"endToken":{"kind":5,"text":"// causes a call to TransactionCoordinator#pulse"}},"content":" causes a call to TransactionCoordinator#pulse"}},{"!":"com.github.javaparser.ast.stmt.ExpressionStmt","range":{"beginLine":14,"beginColumn":3,"endLine":14,"endColumn":83},"tokenRange":{"beginToken":{"kind":94,"text":"assertFalse"},"endToken":{"kind":103,"text":";"}},"expression":{"!":"com.github.javaparser.ast.expr.MethodCallExpr","range":{"beginLine":14,"beginColumn":3,"endLine":14,"endColumn":82},"tokenRange":{"beginToken":{"kind":94,"text":"assertFalse"},"endToken":{"kind":98,"text":")"}},"arguments":[{"!":"com.github.javaparser.ast.expr.MethodCallExpr","range":{"beginLine":14,"beginColumn":16,"endLine":14,"endColumn":80},"tokenRange":{"beginToken":{"kind":94,"text":"session"},"endToken":{"kind":98,"text":")"}},"arguments":[],"name":{"!":"com.github.javaparser.ast.expr.SimpleName","range":{"beginLine":14,"beginColumn":52,"endLine":14,"endColumn":78},"tokenRange":{"beginToken":{"kind":94,"text":"isSynchronizationRegistered"},"endToken":{"kind":94,"text":"isSynchronizationRegistered"}},"identifier":"isSynchronizationRegistered"},"scope":{"!":"com.github.javaparser.ast.expr.MethodCallExpr","range":{"beginLine":14,"beginColumn":16,"endLine":14,"endColumn":50},"tokenRange":{"beginToken":{"kind":94,"text":"session"},"endToken":{"kind":98,"text":")"}},"arguments":[],"name":{"!":"com.github.javaparser.ast.expr.SimpleName","range":{"beginLine":14,"beginColumn":24,"endLine":14,"endColumn":48},"tokenRange":{"beginToken":{"kind":94,"text":"getTransactionCoordinator"},"endToken":{"kind":94,"text":"getTransactionCoordinator"}},"identifier":"getTransactionCoordinator"},"scope":{"!":"com.github.javaparser.ast.expr.NameExpr","range":{"beginLine":14,"beginColumn":16,"endLine":14,"endColumn":22},"tokenRange":{"beginToken":{"kind":94,"text":"session"},"endToken":{"kind":94,"text":"session"}},"name":{"!":"com.github.javaparser.ast.expr.SimpleName","range":{"beginLine":14,"beginColumn":16,"endLine":14,"endColumn":22},"tokenRange":{"beginToken":{"kind":94,"text":"session"},"endToken":{"kind":94,"text":"session"}},"identifier":"session"}}}}],"name":{"!":"com.github.javaparser.ast.expr.SimpleName","range":{"beginLine":14,"beginColumn":3,"endLine":14,"endColumn":13},"tokenRange":{"beginToken":{"kind":94,"text":"assertFalse"},"endToken":{"kind":94,"text":"assertFalse"}},"identifier":"assertFalse"}}},{"!":"com.github.javaparser.ast.stmt.ExpressionStmt","range":{"beginLine":15,"beginColumn":3,"endLine":15,"endColumn":47},"tokenRange":{"beginToken":{"kind":94,"text":"assertFalse"},"endToken":{"kind":103,"text":";"}},"expression":{"!":"com.github.javaparser.ast.expr.MethodCallExpr","range":{"beginLine":15,"beginColumn":3,"endLine":15,"endColumn":46},"tokenRange":{"beginToken":{"kind":94,"text":"assertFalse"},"endToken":{"kind":98,"text":")"}},"arguments":[{"!":"com.github.javaparser.ast.expr.MethodCallExpr","range":{"beginLine":15,"beginColumn":16,"endLine":15,"endColumn":44},"tokenRange":{"beginToken":{"kind":94,"text":"transaction"},"endToken":{"kind":98,"text":")"}},"arguments":[],"name":{"!":"com.github.javaparser.ast.expr.SimpleName","range":{"beginLine":15,"beginColumn":28,"endLine":15,"endColumn":42},"tokenRange":{"beginToken":{"kind":94,"text":"isParticipating"},"endToken":{"kind":94,"text":"isParticipating"}},"identifier":"isParticipating"},"scope":{"!":"com.github.javaparser.ast.expr.NameExpr","range":{"beginLine":15,"beginColumn":16,"endLine":15,"endColumn":26},"tokenRange":{"beginToken":{"kind":94,"text":"transaction"},"endToken":{"kind":94,"text":"transaction"}},"name":{"!":"com.github.javaparser.ast.expr.SimpleName","range":{"beginLine":15,"beginColumn":16,"endLine":15,"endColumn":26},"tokenRange":{"beginToken":{"kind":94,"text":"transaction"},"endToken":{"kind":94,"text":"transaction"}},"identifier":"transaction"}}}],"name":{"!":"com.github.javaparser.ast.expr.SimpleName","range":{"beginLine":15,"beginColumn":3,"endLine":15,"endColumn":13},"tokenRange":{"beginToken":{"kind":94,"text":"assertFalse"},"endToken":{"kind":94,"text":"assertFalse"}},"identifier":"assertFalse"}}},{"!":"com.github.javaparser.ast.stmt.ExpressionStmt","range":{"beginLine":17,"beginColumn":3,"endLine":17,"endColumn":66},"tokenRange":{"beginToken":{"kind":94,"text":"TestingJtaPlatformImpl"},"endToken":{"kind":103,"text":";"}},"expression":{"!":"com.github.javaparser.ast.expr.MethodCallExpr","range":{"beginLine":17,"beginColumn":3,"endLine":17,"endColumn":65},"tokenRange":{"beginToken":{"kind":94,"text":"TestingJtaPlatformImpl"},"endToken":{"kind":98,"text":")"}},"arguments":[],"name":{"!":"com.github.javaparser.ast.expr.SimpleName","range":{"beginLine":17,"beginColumn":59,"endLine":17,"endColumn":63},"tokenRange":{"beginToken":{"kind":94,"text":"begin"},"endToken":{"kind":94,"text":"begin"}},"identifier":"begin"},"scope":{"!":"com.github.javaparser.ast.expr.MethodCallExpr","range":{"beginLine":17,"beginColumn":3,"endLine":17,"endColumn":57},"tokenRange":{"beginToken":{"kind":94,"text":"TestingJtaPlatformImpl"},"endToken":{"kind":98,"text":")"}},"arguments":[],"name":{"!":"com.github.javaparser.ast.expr.SimpleName","range":{"beginLine":17,"beginColumn":35,"endLine":17,"endColumn":55},"tokenRange":{"beginToken":{"kind":94,"text":"getTransactionManager"},"endToken":{"kind":94,"text":"getTransactionManager"}},"identifier":"getTransactionManager"},"scope":{"!":"com.github.javaparser.ast.expr.FieldAccessExpr","range":{"beginLine":17,"beginColumn":3,"endLine":17,"endColumn":33},"tokenRange":{"beginToken":{"kind":94,"text":"TestingJtaPlatformImpl"},"endToken":{"kind":94,"text":"INSTANCE"}},"name":{"!":"com.github.javaparser.ast.expr.SimpleName","range":{"beginLine":17,"beginColumn":26,"endLine":17,"endColumn":33},"tokenRange":{"beginToken":{"kind":94,"text":"INSTANCE"},"endToken":{"kind":94,"text":"INSTANCE"}},"identifier":"INSTANCE"},"scope":{"!":"com.github.javaparser.ast.expr.NameExpr","range":{"beginLine":17,"beginColumn":3,"endLine":17,"endColumn":24},"tokenRange":{"beginToken":{"kind":94,"text":"TestingJtaPlatformImpl"},"endToken":{"kind":94,"text":"TestingJtaPlatformImpl"}},"name":{"!":"com.github.javaparser.ast.expr.SimpleName","range":{"beginLine":17,"beginColumn":3,"endLine":17,"endColumn":24},"tokenRange":{"beginToken":{"kind":94,"text":"TestingJtaPlatformImpl"},"endToken":{"kind":94,"text":"TestingJtaPlatformImpl"}},"identifier":"TestingJtaPlatformImpl"}}}}}},{"!":"com.github.javaparser.ast.stmt.ExpressionStmt","range":{"beginLine":19,"beginColumn":3,"endLine":19,"endColumn":100},"tokenRange":{"beginToken":{"kind":94,"text":"assertTrue"},"endToken":{"kind":103,"text":";"}},"expression":{"!":"com.github.javaparser.ast.expr.MethodCallExpr","range":{"beginLine":19,"beginColumn":3,"endLine":19,"endColumn":99},"tokenRange":{"beginToken":{"kind":94,"text":"assertTrue"},"endToken":{"kind":98,"text":")"}},"arguments":[{"!":"com.github.javaparser.ast.expr.MethodCallExpr","range":{"beginLine":19,"beginColumn":15,"endLine":19,"endColumn":97},"tokenRange":{"beginToken":{"kind":94,"text":"JtaStatusHelper"},"endToken":{"kind":98,"text":")"}},"arguments":[{"!":"com.github.javaparser.ast.expr.MethodCallExpr","range":{"beginLine":19,"beginColumn":41,"endLine":19,"endColumn":95},"tokenRange":{"beginToken":{"kind":94,"text":"TestingJtaPlatformImpl"},"endToken":{"kind":98,"text":")"}},"arguments":[],"name":{"!":"com.github.javaparser.ast.expr.SimpleName","range":{"beginLine":19,"beginColumn":73,"endLine":19,"endColumn":93},"tokenRange":{"beginToken":{"kind":94,"text":"getTransactionManager"},"endToken":{"kind":94,"text":"getTransactionManager"}},"identifier":"getTransactionManager"},"scope":{"!":"com.github.javaparser.ast.expr.FieldAccessExpr","range":{"beginLine":19,"beginColumn":41,"endLine":19,"endColumn":71},"tokenRange":{"beginToken":{"kind":94,"text":"TestingJtaPlatformImpl"},"endToken":{"kind":94,"text":"INSTANCE"}},"name":{"!":"com.github.javaparser.ast.expr.SimpleName","range":{"beginLine":19,"beginColumn":64,"endLine":19,"endColumn":71},"tokenRange":{"beginToken":{"kind":94,"text":"INSTANCE"},"endToken":{"kind":94,"text":"INSTANCE"}},"identifier":"INSTANCE"},"scope":{"!":"com.github.javaparser.ast.expr.NameExpr","range":{"beginLine":19,"beginColumn":41,"endLine":19,"endColumn":62},"tokenRange":{"beginToken":{"kind":94,"text":"TestingJtaPlatformImpl"},"endToken":{"kind":94,"text":"TestingJtaPlatformImpl"}},"name":{"!":"com.github.javaparser.ast.expr.SimpleName","range":{"beginLine":19,"beginColumn":41,"endLine":19,"endColumn":62},"tokenRange":{"beginToken":{"kind":94,"text":"TestingJtaPlatformImpl"},"endToken":{"kind":94,"text":"TestingJtaPlatformImpl"}},"identifier":"TestingJtaPlatformImpl"}}}}],"name":{"!":"com.github.javaparser.ast.expr.SimpleName","range":{"beginLine":19,"beginColumn":31,"endLine":19,"endColumn":38},"tokenRange":{"beginToken":{"kind":94,"text":"isActive"},"endToken":{"kind":94,"text":"isActive"}},"identifier":"isActive"},"scope":{"!":"com.github.javaparser.ast.expr.NameExpr","range":{"beginLine":19,"beginColumn":15,"endLine":19,"endColumn":29},"tokenRange":{"beginToken":{"kind":94,"text":"JtaStatusHelper"},"endToken":{"kind":94,"text":"JtaStatusHelper"}},"name":{"!":"com.github.javaparser.ast.expr.SimpleName","range":{"beginLine":19,"beginColumn":15,"endLine":19,"endColumn":29},"tokenRange":{"beginToken":{"kind":94,"text":"JtaStatusHelper"},"endToken":{"kind":94,"text":"JtaStatusHelper"}},"identifier":"JtaStatusHelper"}}}],"name":{"!":"com.github.javaparser.ast.expr.SimpleName","range":{"beginLine":19,"beginColumn":3,"endLine":19,"endColumn":12},"tokenRange":{"beginToken":{"kind":94,"text":"assertTrue"},"endToken":{"kind":94,"text":"assertTrue"}},"identifier":"assertTrue"}}},{"!":"com.github.javaparser.ast.stmt.ExpressionStmt","range":{"beginLine":20,"beginColumn":3,"endLine":20,"endColumn":39},"tokenRange":{"beginToken":{"kind":94,"text":"assertTrue"},"endToken":{"kind":103,"text":";"}},"expression":{"!":"com.github.javaparser.ast.expr.MethodCallExpr","range":{"beginLine":20,"beginColumn":3,"endLine":20,"endColumn":38},"tokenRange":{"beginToken":{"kind":94,"text":"assertTrue"},"endToken":{"kind":98,"text":")"}},"arguments":[{"!":"com.github.javaparser.ast.expr.MethodCallExpr","range":{"beginLine":20,"beginColumn":15,"endLine":20,"endColumn":36},"tokenRange":{"beginToken":{"kind":94,"text":"transaction"},"endToken":{"kind":98,"text":")"}},"arguments":[],"name":{"!":"com.github.javaparser.ast.expr.SimpleName","range":{"beginLine":20,"beginColumn":27,"endLine":20,"endColumn":34},"tokenRange":{"beginToken":{"kind":94,"text":"isActive"},"endToken":{"kind":94,"text":"isActive"}},"identifier":"isActive"},"scope":{"!":"com.github.javaparser.ast.expr.NameExpr","range":{"beginLine":20,"beginColumn":15,"endLine":20,"endColumn":25},"tokenRange":{"beginToken":{"kind":94,"text":"transaction"},"endToken":{"kind":94,"text":"transaction"}},"name":{"!":"com.github.javaparser.ast.expr.SimpleName","range":{"beginLine":20,"beginColumn":15,"endLine":20,"endColumn":25},"tokenRange":{"beginToken":{"kind":94,"text":"transaction"},"endToken":{"kind":94,"text":"transaction"}},"identifier":"transaction"}}}],"name":{"!":"com.github.javaparser.ast.expr.SimpleName","range":{"beginLine":20,"beginColumn":3,"endLine":20,"endColumn":12},"tokenRange":{"beginToken":{"kind":94,"text":"assertTrue"},"endToken":{"kind":94,"text":"assertTrue"}},"identifier":"assertTrue"}}},{"!":"com.github.javaparser.ast.stmt.ExpressionStmt","range":{"beginLine":21,"beginColumn":3,"endLine":21,"endColumn":47},"tokenRange":{"beginToken":{"kind":94,"text":"assertFalse"},"endToken":{"kind":103,"text":";"}},"expression":{"!":"com.github.javaparser.ast.expr.MethodCallExpr","range":{"beginLine":21,"beginColumn":3,"endLine":21,"endColumn":46},"tokenRange":{"beginToken":{"kind":94,"text":"assertFalse"},"endToken":{"kind":98,"text":")"}},"arguments":[{"!":"com.github.javaparser.ast.expr.MethodCallExpr","range":{"beginLine":21,"beginColumn":16,"endLine":21,"endColumn":44},"tokenRange":{"beginToken":{"kind":94,"text":"transaction"},"endToken":{"kind":98,"text":")"}},"arguments":[],"name":{"!":"com.github.javaparser.ast.expr.SimpleName","range":{"beginLine":21,"beginColumn":28,"endLine":21,"endColumn":42},"tokenRange":{"beginToken":{"kind":94,"text":"isParticipating"},"endToken":{"kind":94,"text":"isParticipating"}},"identifier":"isParticipating"},"scope":{"!":"com.github.javaparser.ast.expr.NameExpr","range":{"beginLine":21,"beginColumn":16,"endLine":21,"endColumn":26},"tokenRange":{"beginToken":{"kind":94,"text":"transaction"},"endToken":{"kind":94,"text":"transaction"}},"name":{"!":"com.github.javaparser.ast.expr.SimpleName","range":{"beginLine":21,"beginColumn":16,"endLine":21,"endColumn":26},"tokenRange":{"beginToken":{"kind":94,"text":"transaction"},"endToken":{"kind":94,"text":"transaction"}},"identifier":"transaction"}}}],"name":{"!":"com.github.javaparser.ast.expr.SimpleName","range":{"beginLine":21,"beginColumn":3,"endLine":21,"endColumn":13},"tokenRange":{"beginToken":{"kind":94,"text":"assertFalse"},"endToken":{"kind":94,"text":"assertFalse"}},"identifier":"assertFalse"}}},{"!":"com.github.javaparser.ast.stmt.ExpressionStmt","range":{"beginLine":22,"beginColumn":3,"endLine":22,"endColumn":83},"tokenRange":{"beginToken":{"kind":94,"text":"assertFalse"},"endToken":{"kind":103,"text":";"}},"expression":{"!":"com.github.javaparser.ast.expr.MethodCallExpr","range":{"beginLine":22,"beginColumn":3,"endLine":22,"endColumn":82},"tokenRange":{"beginToken":{"kind":94,"text":"assertFalse"},"endToken":{"kind":98,"text":")"}},"arguments":[{"!":"com.github.javaparser.ast.expr.MethodCallExpr","range":{"beginLine":22,"beginColumn":16,"endLine":22,"endColumn":80},"tokenRange":{"beginToken":{"kind":94,"text":"session"},"endToken":{"kind":98,"text":")"}},"arguments":[],"name":{"!":"com.github.javaparser.ast.expr.SimpleName","range":{"beginLine":22,"beginColumn":52,"endLine":22,"endColumn":78},"tokenRange":{"beginToken":{"kind":94,"text":"isSynchronizationRegistered"},"endToken":{"kind":94,"text":"isSynchronizationRegistered"}},"identifier":"isSynchronizationRegistered"},"scope":{"!":"com.github.javaparser.ast.expr.MethodCallExpr","range":{"beginLine":22,"beginColumn":16,"endLine":22,"endColumn":50},"tokenRange":{"beginToken":{"kind":94,"text":"session"},"endToken":{"kind":98,"text":")"}},"arguments":[],"name":{"!":"com.github.javaparser.ast.expr.SimpleName","range":{"beginLine":22,"beginColumn":24,"endLine":22,"endColumn":48},"tokenRange":{"beginToken":{"kind":94,"text":"getTransactionCoordinator"},"endToken":{"kind":94,"text":"getTransactionCoordinator"}},"identifier":"getTransactionCoordinator"},"scope":{"!":"com.github.javaparser.ast.expr.NameExpr","range":{"beginLine":22,"beginColumn":16,"endLine":22,"endColumn":22},"tokenRange":{"beginToken":{"kind":94,"text":"session"},"endToken":{"kind":94,"text":"session"}},"name":{"!":"com.github.javaparser.ast.expr.SimpleName","range":{"beginLine":22,"beginColumn":16,"endLine":22,"endColumn":22},"tokenRange":{"beginToken":{"kind":94,"text":"session"},"endToken":{"kind":94,"text":"session"}},"identifier":"session"}}}}],"name":{"!":"com.github.javaparser.ast.expr.SimpleName","range":{"beginLine":22,"beginColumn":3,"endLine":22,"endColumn":13},"tokenRange":{"beginToken":{"kind":94,"text":"assertFalse"},"endToken":{"kind":94,"text":"assertFalse"}},"identifier":"assertFalse"}}},{"!":"com.github.javaparser.ast.stmt.ExpressionStmt","range":{"beginLine":24,"beginColumn":3,"endLine":24,"endColumn":25},"tokenRange":{"beginToken":{"kind":94,"text":"session"},"endToken":{"kind":103,"text":";"}},"expression":{"!":"com.github.javaparser.ast.expr.MethodCallExpr","range":{"beginLine":24,"beginColumn":3,"endLine":24,"endColumn":24},"tokenRange":{"beginToken":{"kind":94,"text":"session"},"endToken":{"kind":98,"text":")"}},"arguments":[],"name":{"!":"com.github.javaparser.ast.expr.SimpleName","range":{"beginLine":24,"beginColumn":11,"endLine":24,"endColumn":22},"tokenRange":{"beginToken":{"kind":94,"text":"getFlushMode"},"endToken":{"kind":94,"text":"getFlushMode"}},"identifier":"getFlushMode"},"scope":{"!":"com.github.javaparser.ast.expr.NameExpr","range":{"beginLine":24,"beginColumn":3,"endLine":24,"endColumn":9},"tokenRange":{"beginToken":{"kind":94,"text":"session"},"endToken":{"kind":94,"text":"session"}},"name":{"!":"com.github.javaparser.ast.expr.SimpleName","range":{"beginLine":24,"beginColumn":3,"endLine":24,"endColumn":9},"tokenRange":{"beginToken":{"kind":94,"text":"session"},"endToken":{"kind":94,"text":"session"}},"identifier":"session"}}}},{"!":"com.github.javaparser.ast.stmt.ExpressionStmt","range":{"beginLine":26,"beginColumn":3,"endLine":26,"endColumn":100},"tokenRange":{"beginToken":{"kind":94,"text":"assertTrue"},"endToken":{"kind":103,"text":";"}},"expression":{"!":"com.github.javaparser.ast.expr.MethodCallExpr","range":{"beginLine":26,"beginColumn":3,"endLine":26,"endColumn":99},"tokenRange":{"beginToken":{"kind":94,"text":"assertTrue"},"endToken":{"kind":98,"text":")"}},"arguments":[{"!":"com.github.javaparser.ast.expr.MethodCallExpr","range":{"beginLine":26,"beginColumn":15,"endLine":26,"endColumn":97},"tokenRange":{"beginToken":{"kind":94,"text":"JtaStatusHelper"},"endToken":{"kind":98,"text":")"}},"arguments":[{"!":"com.github.javaparser.ast.expr.MethodCallExpr","range":{"beginLine":26,"beginColumn":41,"endLine":26,"endColumn":95},"tokenRange":{"beginToken":{"kind":94,"text":"TestingJtaPlatformImpl"},"endToken":{"kind":98,"text":")"}},"arguments":[],"name":{"!":"com.github.javaparser.ast.expr.SimpleName","range":{"beginLine":26,"beginColumn":73,"endLine":26,"endColumn":93},"tokenRange":{"beginToken":{"kind":94,"text":"getTransactionManager"},"endToken":{"kind":94,"text":"getTransactionManager"}},"identifier":"getTransactionManager"},"scope":{"!":"com.github.javaparser.ast.expr.FieldAccessExpr","range":{"beginLine":26,"beginColumn":41,"endLine":26,"endColumn":71},"tokenRange":{"beginToken":{"kind":94,"text":"TestingJtaPlatformImpl"},"endToken":{"kind":94,"text":"INSTANCE"}},"name":{"!":"com.github.javaparser.ast.expr.SimpleName","range":{"beginLine":26,"beginColumn":64,"endLine":26,"endColumn":71},"tokenRange":{"beginToken":{"kind":94,"text":"INSTANCE"},"endToken":{"kind":94,"text":"INSTANCE"}},"identifier":"INSTANCE"},"scope":{"!":"com.github.javaparser.ast.expr.NameExpr","range":{"beginLine":26,"beginColumn":41,"endLine":26,"endColumn":62},"tokenRange":{"beginToken":{"kind":94,"text":"TestingJtaPlatformImpl"},"endToken":{"kind":94,"text":"TestingJtaPlatformImpl"}},"name":{"!":"com.github.javaparser.ast.expr.SimpleName","range":{"beginLine":26,"beginColumn":41,"endLine":26,"endColumn":62},"tokenRange":{"beginToken":{"kind":94,"text":"TestingJtaPlatformImpl"},"endToken":{"kind":94,"text":"TestingJtaPlatformImpl"}},"identifier":"TestingJtaPlatformImpl"}}}}],"name":{"!":"com.github.javaparser.ast.expr.SimpleName","range":{"beginLine":26,"beginColumn":31,"endLine":26,"endColumn":38},"tokenRange":{"beginToken":{"kind":94,"text":"isActive"},"endToken":{"kind":94,"text":"isActive"}},"identifier":"isActive"},"scope":{"!":"com.github.javaparser.ast.expr.NameExpr","range":{"beginLine":26,"beginColumn":15,"endLine":26,"endColumn":29},"tokenRange":{"beginToken":{"kind":94,"text":"JtaStatusHelper"},"endToken":{"kind":94,"text":"JtaStatusHelper"}},"name":{"!":"com.github.javaparser.ast.expr.SimpleName","range":{"beginLine":26,"beginColumn":15,"endLine":26,"endColumn":29},"tokenRange":{"beginToken":{"kind":94,"text":"JtaStatusHelper"},"endToken":{"kind":94,"text":"JtaStatusHelper"}},"identifier":"JtaStatusHelper"}}}],"name":{"!":"com.github.javaparser.ast.expr.SimpleName","range":{"beginLine":26,"beginColumn":3,"endLine":26,"endColumn":12},"tokenRange":{"beginToken":{"kind":94,"text":"assertTrue"},"endToken":{"kind":94,"text":"assertTrue"}},"identifier":"assertTrue"}}},{"!":"com.github.javaparser.ast.stmt.ExpressionStmt","range":{"beginLine":27,"beginColumn":3,"endLine":27,"endColumn":39},"tokenRange":{"beginToken":{"kind":94,"text":"assertTrue"},"endToken":{"kind":103,"text":";"}},"expression":{"!":"com.github.javaparser.ast.expr.MethodCallExpr","range":{"beginLine":27,"beginColumn":3,"endLine":27,"endColumn":38},"tokenRange":{"beginToken":{"kind":94,"text":"assertTrue"},"endToken":{"kind":98,"text":")"}},"arguments":[{"!":"com.github.javaparser.ast.expr.MethodCallExpr","range":{"beginLine":27,"beginColumn":15,"endLine":27,"endColumn":36},"tokenRange":{"beginToken":{"kind":94,"text":"transaction"},"endToken":{"kind":98,"text":")"}},"arguments":[],"name":{"!":"com.github.javaparser.ast.expr.SimpleName","range":{"beginLine":27,"beginColumn":27,"endLine":27,"endColumn":34},"tokenRange":{"beginToken":{"kind":94,"text":"isActive"},"endToken":{"kind":94,"text":"isActive"}},"identifier":"isActive"},"scope":{"!":"com.github.javaparser.ast.expr.NameExpr","range":{"beginLine":27,"beginColumn":15,"endLine":27,"endColumn":25},"tokenRange":{"beginToken":{"kind":94,"text":"transaction"},"endToken":{"kind":94,"text":"transaction"}},"name":{"!":"com.github.javaparser.ast.expr.SimpleName","range":{"beginLine":27,"beginColumn":15,"endLine":27,"endColumn":25},"tokenRange":{"beginToken":{"kind":94,"text":"transaction"},"endToken":{"kind":94,"text":"transaction"}},"identifier":"transaction"}}}],"name":{"!":"com.github.javaparser.ast.expr.SimpleName","range":{"beginLine":27,"beginColumn":3,"endLine":27,"endColumn":12},"tokenRange":{"beginToken":{"kind":94,"text":"assertTrue"},"endToken":{"kind":94,"text":"assertTrue"}},"identifier":"assertTrue"}}},{"!":"com.github.javaparser.ast.stmt.ExpressionStmt","range":{"beginLine":28,"beginColumn":3,"endLine":28,"endColumn":83},"tokenRange":{"beginToken":{"kind":94,"text":"assertFalse"},"endToken":{"kind":103,"text":";"}},"expression":{"!":"com.github.javaparser.ast.expr.MethodCallExpr","range":{"beginLine":28,"beginColumn":3,"endLine":28,"endColumn":82},"tokenRange":{"beginToken":{"kind":94,"text":"assertFalse"},"endToken":{"kind":98,"text":")"}},"arguments":[{"!":"com.github.javaparser.ast.expr.MethodCallExpr","range":{"beginLine":28,"beginColumn":16,"endLine":28,"endColumn":80},"tokenRange":{"beginToken":{"kind":94,"text":"session"},"endToken":{"kind":98,"text":")"}},"arguments":[],"name":{"!":"com.github.javaparser.ast.expr.SimpleName","range":{"beginLine":28,"beginColumn":52,"endLine":28,"endColumn":78},"tokenRange":{"beginToken":{"kind":94,"text":"isSynchronizationRegistered"},"endToken":{"kind":94,"text":"isSynchronizationRegistered"}},"identifier":"isSynchronizationRegistered"},"scope":{"!":"com.github.javaparser.ast.expr.MethodCallExpr","range":{"beginLine":28,"beginColumn":16,"endLine":28,"endColumn":50},"tokenRange":{"beginToken":{"kind":94,"text":"session"},"endToken":{"kind":98,"text":")"}},"arguments":[],"name":{"!":"com.github.javaparser.ast.expr.SimpleName","range":{"beginLine":28,"beginColumn":24,"endLine":28,"endColumn":48},"tokenRange":{"beginToken":{"kind":94,"text":"getTransactionCoordinator"},"endToken":{"kind":94,"text":"getTransactionCoordinator"}},"identifier":"getTransactionCoordinator"},"scope":{"!":"com.github.javaparser.ast.expr.NameExpr","range":{"beginLine":28,"beginColumn":16,"endLine":28,"endColumn":22},"tokenRange":{"beginToken":{"kind":94,"text":"session"},"endToken":{"kind":94,"text":"session"}},"name":{"!":"com.github.javaparser.ast.expr.SimpleName","range":{"beginLine":28,"beginColumn":16,"endLine":28,"endColumn":22},"tokenRange":{"beginToken":{"kind":94,"text":"session"},"endToken":{"kind":94,"text":"session"}},"identifier":"session"}}}}],"name":{"!":"com.github.javaparser.ast.expr.SimpleName","range":{"beginLine":28,"beginColumn":3,"endLine":28,"endColumn":13},"tokenRange":{"beginToken":{"kind":94,"text":"assertFalse"},"endToken":{"kind":94,"text":"assertFalse"}},"identifier":"assertFalse"}}},{"!":"com.github.javaparser.ast.stmt.ExpressionStmt","range":{"beginLine":29,"beginColumn":3,"endLine":29,"endColumn":47},"tokenRange":{"beginToken":{"kind":94,"text":"assertFalse"},"endToken":{"kind":103,"text":";"}},"expression":{"!":"com.github.javaparser.ast.expr.MethodCallExpr","range":{"beginLine":29,"beginColumn":3,"endLine":29,"endColumn":46},"tokenRange":{"beginToken":{"kind":94,"text":"assertFalse"},"endToken":{"kind":98,"text":")"}},"arguments":[{"!":"com.github.javaparser.ast.expr.MethodCallExpr","range":{"beginLine":29,"beginColumn":16,"endLine":29,"endColumn":44},"tokenRange":{"beginToken":{"kind":94,"text":"transaction"},"endToken":{"kind":98,"text":")"}},"arguments":[],"name":{"!":"com.github.javaparser.ast.expr.SimpleName","range":{"beginLine":29,"beginColumn":28,"endLine":29,"endColumn":42},"tokenRange":{"beginToken":{"kind":94,"text":"isParticipating"},"endToken":{"kind":94,"text":"isParticipating"}},"identifier":"isParticipating"},"scope":{"!":"com.github.javaparser.ast.expr.NameExpr","range":{"beginLine":29,"beginColumn":16,"endLine":29,"endColumn":26},"tokenRange":{"beginToken":{"kind":94,"text":"transaction"},"endToken":{"kind":94,"text":"transaction"}},"name":{"!":"com.github.javaparser.ast.expr.SimpleName","range":{"beginLine":29,"beginColumn":16,"endLine":29,"endColumn":26},"tokenRange":{"beginToken":{"kind":94,"text":"transaction"},"endToken":{"kind":94,"text":"transaction"}},"identifier":"transaction"}}}],"name":{"!":"com.github.javaparser.ast.expr.SimpleName","range":{"beginLine":29,"beginColumn":3,"endLine":29,"endColumn":13},"tokenRange":{"beginToken":{"kind":94,"text":"assertFalse"},"endToken":{"kind":94,"text":"assertFalse"}},"identifier":"assertFalse"}}},{"!":"com.github.javaparser.ast.stmt.ExpressionStmt","range":{"beginLine":31,"beginColumn":3,"endLine":31,"endColumn":28},"tokenRange":{"beginToken":{"kind":94,"text":"transaction"},"endToken":{"kind":103,"text":";"}},"expression":{"!":"com.github.javaparser.ast.expr.MethodCallExpr","range":{"beginLine":31,"beginColumn":3,"endLine":31,"endColumn":27},"tokenRange":{"beginToken":{"kind":94,"text":"transaction"},"endToken":{"kind":98,"text":")"}},"arguments":[],"name":{"!":"com.github.javaparser.ast.expr.SimpleName","range":{"beginLine":31,"beginColumn":15,"endLine":31,"endColumn":25},"tokenRange":{"beginToken":{"kind":94,"text":"markForJoin"},"endToken":{"kind":94,"text":"markForJoin"}},"identifier":"markForJoin"},"scope":{"!":"com.github.javaparser.ast.expr.NameExpr","range":{"beginLine":31,"beginColumn":3,"endLine":31,"endColumn":13},"tokenRange":{"beginToken":{"kind":94,"text":"transaction"},"endToken":{"kind":94,"text":"transaction"}},"name":{"!":"com.github.javaparser.ast.expr.SimpleName","range":{"beginLine":31,"beginColumn":3,"endLine":31,"endColumn":13},"tokenRange":{"beginToken":{"kind":94,"text":"transaction"},"endToken":{"kind":94,"text":"transaction"}},"identifier":"transaction"}}}},{"!":"com.github.javaparser.ast.stmt.ExpressionStmt","range":{"beginLine":32,"beginColumn":3,"endLine":32,"endColumn":21},"tokenRange":{"beginToken":{"kind":94,"text":"transaction"},"endToken":{"kind":103,"text":";"}},"expression":{"!":"com.github.javaparser.ast.expr.MethodCallExpr","range":{"beginLine":32,"beginColumn":3,"endLine":32,"endColumn":20},"tokenRange":{"beginToken":{"kind":94,"text":"transaction"},"endToken":{"kind":98,"text":")"}},"arguments":[],"name":{"!":"com.github.javaparser.ast.expr.SimpleName","range":{"beginLine":32,"beginColumn":15,"endLine":32,"endColumn":18},"tokenRange":{"beginToken":{"kind":94,"text":"join"},"endToken":{"kind":94,"text":"join"}},"identifier":"join"},"scope":{"!":"com.github.javaparser.ast.expr.NameExpr","range":{"beginLine":32,"beginColumn":3,"endLine":32,"endColumn":13},"tokenRange":{"beginToken":{"kind":94,"text":"transaction"},"endToken":{"kind":94,"text":"transaction"}},"name":{"!":"com.github.javaparser.ast.expr.SimpleName","range":{"beginLine":32,"beginColumn":3,"endLine":32,"endColumn":13},"tokenRange":{"beginToken":{"kind":94,"text":"transaction"},"endToken":{"kind":94,"text":"transaction"}},"identifier":"transaction"}}}},{"!":"com.github.javaparser.ast.stmt.ExpressionStmt","range":{"beginLine":33,"beginColumn":3,"endLine":33,"endColumn":25},"tokenRange":{"beginToken":{"kind":94,"text":"session"},"endToken":{"kind":103,"text":";"}},"expression":{"!":"com.github.javaparser.ast.expr.MethodCallExpr","range":{"beginLine":33,"beginColumn":3,"endLine":33,"endColumn":24},"tokenRange":{"beginToken":{"kind":94,"text":"session"},"endToken":{"kind":98,"text":")"}},"arguments":[],"name":{"!":"com.github.javaparser.ast.expr.SimpleName","range":{"beginLine":33,"beginColumn":11,"endLine":33,"endColumn":22},"tokenRange":{"beginToken":{"kind":94,"text":"getFlushMode"},"endToken":{"kind":94,"text":"getFlushMode"}},"identifier":"getFlushMode"},"scope":{"!":"com.github.javaparser.ast.expr.NameExpr","range":{"beginLine":33,"beginColumn":3,"endLine":33,"endColumn":9},"tokenRange":{"beginToken":{"kind":94,"text":"session"},"endToken":{"kind":94,"text":"session"}},"name":{"!":"com.github.javaparser.ast.expr.SimpleName","range":{"beginLine":33,"beginColumn":3,"endLine":33,"endColumn":9},"tokenRange":{"beginToken":{"kind":94,"text":"session"},"endToken":{"kind":94,"text":"session"}},"identifier":"session"}}}},{"!":"com.github.javaparser.ast.stmt.ExpressionStmt","range":{"beginLine":35,"beginColumn":3,"endLine":35,"endColumn":100},"tokenRange":{"beginToken":{"kind":94,"text":"assertTrue"},"endToken":{"kind":103,"text":";"}},"expression":{"!":"com.github.javaparser.ast.expr.MethodCallExpr","range":{"beginLine":35,"beginColumn":3,"endLine":35,"endColumn":99},"tokenRange":{"beginToken":{"kind":94,"text":"assertTrue"},"endToken":{"kind":98,"text":")"}},"arguments":[{"!":"com.github.javaparser.ast.expr.MethodCallExpr","range":{"beginLine":35,"beginColumn":15,"endLine":35,"endColumn":97},"tokenRange":{"beginToken":{"kind":94,"text":"JtaStatusHelper"},"endToken":{"kind":98,"text":")"}},"arguments":[{"!":"com.github.javaparser.ast.expr.MethodCallExpr","range":{"beginLine":35,"beginColumn":41,"endLine":35,"endColumn":95},"tokenRange":{"beginToken":{"kind":94,"text":"TestingJtaPlatformImpl"},"endToken":{"kind":98,"text":")"}},"arguments":[],"name":{"!":"com.github.javaparser.ast.expr.SimpleName","range":{"beginLine":35,"beginColumn":73,"endLine":35,"endColumn":93},"tokenRange":{"beginToken":{"kind":94,"text":"getTransactionManager"},"endToken":{"kind":94,"text":"getTransactionManager"}},"identifier":"getTransactionManager"},"scope":{"!":"com.github.javaparser.ast.expr.FieldAccessExpr","range":{"beginLine":35,"beginColumn":41,"endLine":35,"endColumn":71},"tokenRange":{"beginToken":{"kind":94,"text":"TestingJtaPlatformImpl"},"endToken":{"kind":94,"text":"INSTANCE"}},"name":{"!":"com.github.javaparser.ast.expr.SimpleName","range":{"beginLine":35,"beginColumn":64,"endLine":35,"endColumn":71},"tokenRange":{"beginToken":{"kind":94,"text":"INSTANCE"},"endToken":{"kind":94,"text":"INSTANCE"}},"identifier":"INSTANCE"},"scope":{"!":"com.github.javaparser.ast.expr.NameExpr","range":{"beginLine":35,"beginColumn":41,"endLine":35,"endColumn":62},"tokenRange":{"beginToken":{"kind":94,"text":"TestingJtaPlatformImpl"},"endToken":{"kind":94,"text":"TestingJtaPlatformImpl"}},"name":{"!":"com.github.javaparser.ast.expr.SimpleName","range":{"beginLine":35,"beginColumn":41,"endLine":35,"endColumn":62},"tokenRange":{"beginToken":{"kind":94,"text":"TestingJtaPlatformImpl"},"endToken":{"kind":94,"text":"TestingJtaPlatformImpl"}},"identifier":"TestingJtaPlatformImpl"}}}}],"name":{"!":"com.github.javaparser.ast.expr.SimpleName","range":{"beginLine":35,"beginColumn":31,"endLine":35,"endColumn":38},"tokenRange":{"beginToken":{"kind":94,"text":"isActive"},"endToken":{"kind":94,"text":"isActive"}},"identifier":"isActive"},"scope":{"!":"com.github.javaparser.ast.expr.NameExpr","range":{"beginLine":35,"beginColumn":15,"endLine":35,"endColumn":29},"tokenRange":{"beginToken":{"kind":94,"text":"JtaStatusHelper"},"endToken":{"kind":94,"text":"JtaStatusHelper"}},"name":{"!":"com.github.javaparser.ast.expr.SimpleName","range":{"beginLine":35,"beginColumn":15,"endLine":35,"endColumn":29},"tokenRange":{"beginToken":{"kind":94,"text":"JtaStatusHelper"},"endToken":{"kind":94,"text":"JtaStatusHelper"}},"identifier":"JtaStatusHelper"}}}],"name":{"!":"com.github.javaparser.ast.expr.SimpleName","range":{"beginLine":35,"beginColumn":3,"endLine":35,"endColumn":12},"tokenRange":{"beginToken":{"kind":94,"text":"assertTrue"},"endToken":{"kind":94,"text":"assertTrue"}},"identifier":"assertTrue"}}},{"!":"com.github.javaparser.ast.stmt.ExpressionStmt","range":{"beginLine":36,"beginColumn":3,"endLine":36,"endColumn":39},"tokenRange":{"beginToken":{"kind":94,"text":"assertTrue"},"endToken":{"kind":103,"text":";"}},"expression":{"!":"com.github.javaparser.ast.expr.MethodCallExpr","range":{"beginLine":36,"beginColumn":3,"endLine":36,"endColumn":38},"tokenRange":{"beginToken":{"kind":94,"text":"assertTrue"},"endToken":{"kind":98,"text":")"}},"arguments":[{"!":"com.github.javaparser.ast.expr.MethodCallExpr","range":{"beginLine":36,"beginColumn":15,"endLine":36,"endColumn":36},"tokenRange":{"beginToken":{"kind":94,"text":"transaction"},"endToken":{"kind":98,"text":")"}},"arguments":[],"name":{"!":"com.github.javaparser.ast.expr.SimpleName","range":{"beginLine":36,"beginColumn":27,"endLine":36,"endColumn":34},"tokenRange":{"beginToken":{"kind":94,"text":"isActive"},"endToken":{"kind":94,"text":"isActive"}},"identifier":"isActive"},"scope":{"!":"com.github.javaparser.ast.expr.NameExpr","range":{"beginLine":36,"beginColumn":15,"endLine":36,"endColumn":25},"tokenRange":{"beginToken":{"kind":94,"text":"transaction"},"endToken":{"kind":94,"text":"transaction"}},"name":{"!":"com.github.javaparser.ast.expr.SimpleName","range":{"beginLine":36,"beginColumn":15,"endLine":36,"endColumn":25},"tokenRange":{"beginToken":{"kind":94,"text":"transaction"},"endToken":{"kind":94,"text":"transaction"}},"identifier":"transaction"}}}],"name":{"!":"com.github.javaparser.ast.expr.SimpleName","range":{"beginLine":36,"beginColumn":3,"endLine":36,"endColumn":12},"tokenRange":{"beginToken":{"kind":94,"text":"assertTrue"},"endToken":{"kind":94,"text":"assertTrue"}},"identifier":"assertTrue"}}},{"!":"com.github.javaparser.ast.stmt.ExpressionStmt","range":{"beginLine":37,"beginColumn":3,"endLine":37,"endColumn":82},"tokenRange":{"beginToken":{"kind":94,"text":"assertTrue"},"endToken":{"kind":103,"text":";"}},"expression":{"!":"com.github.javaparser.ast.expr.MethodCallExpr","range":{"beginLine":37,"beginColumn":3,"endLine":37,"endColumn":81},"tokenRange":{"beginToken":{"kind":94,"text":"assertTrue"},"endToken":{"kind":98,"text":")"}},"arguments":[{"!":"com.github.javaparser.ast.expr.MethodCallExpr","range":{"beginLine":37,"beginColumn":15,"endLine":37,"endColumn":79},"tokenRange":{"beginToken":{"kind":94,"text":"session"},"endToken":{"kind":98,"text":")"}},"arguments":[],"name":{"!":"com.github.javaparser.ast.expr.SimpleName","range":{"beginLine":37,"beginColumn":51,"endLine":37,"endColumn":77},"tokenRange":{"beginToken":{"kind":94,"text":"isSynchronizationRegistered"},"endToken":{"kind":94,"text":"isSynchronizationRegistered"}},"identifier":"isSynchronizationRegistered"},"scope":{"!":"com.github.javaparser.ast.expr.MethodCallExpr","range":{"beginLine":37,"beginColumn":15,"endLine":37,"endColumn":49},"tokenRange":{"beginToken":{"kind":94,"text":"session"},"endToken":{"kind":98,"text":")"}},"arguments":[],"name":{"!":"com.github.javaparser.ast.expr.SimpleName","range":{"beginLine":37,"beginColumn":23,"endLine":37,"endColumn":47},"tokenRange":{"beginToken":{"kind":94,"text":"getTransactionCoordinator"},"endToken":{"kind":94,"text":"getTransactionCoordinator"}},"identifier":"getTransactionCoordinator"},"scope":{"!":"com.github.javaparser.ast.expr.NameExpr","range":{"beginLine":37,"beginColumn":15,"endLine":37,"endColumn":21},"tokenRange":{"beginToken":{"kind":94,"text":"session"},"endToken":{"kind":94,"text":"session"}},"name":{"!":"com.github.javaparser.ast.expr.SimpleName","range":{"beginLine":37,"beginColumn":15,"endLine":37,"endColumn":21},"tokenRange":{"beginToken":{"kind":94,"text":"session"},"endToken":{"kind":94,"text":"session"}},"identifier":"session"}}}}],"name":{"!":"com.github.javaparser.ast.expr.SimpleName","range":{"beginLine":37,"beginColumn":3,"endLine":37,"endColumn":12},"tokenRange":{"beginToken":{"kind":94,"text":"assertTrue"},"endToken":{"kind":94,"text":"assertTrue"}},"identifier":"assertTrue"}}},{"!":"com.github.javaparser.ast.stmt.ExpressionStmt","range":{"beginLine":38,"beginColumn":3,"endLine":38,"endColumn":46},"tokenRange":{"beginToken":{"kind":94,"text":"assertTrue"},"endToken":{"kind":103,"text":";"}},"expression":{"!":"com.github.javaparser.ast.expr.MethodCallExpr","range":{"beginLine":38,"beginColumn":3,"endLine":38,"endColumn":45},"tokenRange":{"beginToken":{"kind":94,"text":"assertTrue"},"endToken":{"kind":98,"text":")"}},"arguments":[{"!":"com.github.javaparser.ast.expr.MethodCallExpr","range":{"beginLine":38,"beginColumn":15,"endLine":38,"endColumn":43},"tokenRange":{"beginToken":{"kind":94,"text":"transaction"},"endToken":{"kind":98,"text":")"}},"arguments":[],"name":{"!":"com.github.javaparser.ast.expr.SimpleName","range":{"beginLine":38,"beginColumn":27,"endLine":38,"endColumn":41},"tokenRange":{"beginToken":{"kind":94,"text":"isParticipating"},"endToken":{"kind":94,"text":"isParticipating"}},"identifier":"isParticipating"},"scope":{"!":"com.github.javaparser.ast.expr.NameExpr","range":{"beginLine":38,"beginColumn":15,"endLine":38,"endColumn":25},"tokenRange":{"beginToken":{"kind":94,"text":"transaction"},"endToken":{"kind":94,"text":"transaction"}},"name":{"!":"com.github.javaparser.ast.expr.SimpleName","range":{"beginLine":38,"beginColumn":15,"endLine":38,"endColumn":25},"tokenRange":{"beginToken":{"kind":94,"text":"transaction"},"endToken":{"kind":94,"text":"transaction"}},"identifier":"transaction"}}}],"name":{"!":"com.github.javaparser.ast.expr.SimpleName","range":{"beginLine":38,"beginColumn":3,"endLine":38,"endColumn":12},"tokenRange":{"beginToken":{"kind":94,"text":"assertTrue"},"endToken":{"kind":94,"text":"assertTrue"}},"identifier":"assertTrue"}}},{"!":"com.github.javaparser.ast.stmt.ExpressionStmt","range":{"beginLine":40,"beginColumn":3,"endLine":40,"endColumn":32},"tokenRange":{"beginToken":{"kind":97,"text":"("},"endToken":{"kind":103,"text":";"}},"expression":{"!":"com.github.javaparser.ast.expr.MethodCallExpr","range":{"beginLine":40,"beginColumn":3,"endLine":40,"endColumn":31},"tokenRange":{"beginToken":{"kind":97,"text":"("},"endToken":{"kind":98,"text":")"}},"arguments":[],"name":{"!":"com.github.javaparser.ast.expr.SimpleName","range":{"beginLine":40,"beginColumn":25,"endLine":40,"endColumn":29},"tokenRange":{"beginToken":{"kind":94,"text":"close"},"endToken":{"kind":94,"text":"close"}},"identifier":"close"},"scope":{"!":"com.github.javaparser.ast.expr.EnclosedExpr","range":{"beginLine":40,"beginColumn":3,"endLine":40,"endColumn":23},"tokenRange":{"beginToken":{"kind":97,"text":"("},"endToken":{"kind":98,"text":")"}},"inner":{"!":"com.github.javaparser.ast.expr.CastExpr","range":{"beginLine":40,"beginColumn":5,"endLine":40,"endColumn":21},"tokenRange":{"beginToken":{"kind":97,"text":"("},"endToken":{"kind":94,"text":"session"}},"expression":{"!":"com.github.javaparser.ast.expr.NameExpr","range":{"beginLine":40,"beginColumn":15,"endLine":40,"endColumn":21},"tokenRange":{"beginToken":{"kind":94,"text":"session"},"endToken":{"kind":94,"text":"session"}},"name":{"!":"com.github.javaparser.ast.expr.SimpleName","range":{"beginLine":40,"beginColumn":15,"endLine":40,"endColumn":21},"tokenRange":{"beginToken":{"kind":94,"text":"session"},"endToken":{"kind":94,"text":"session"}},"identifier":"session"}},"type":{"!":"com.github.javaparser.ast.type.ClassOrInterfaceType","range":{"beginLine":40,"beginColumn":6,"endLine":40,"endColumn":12},"tokenRange":{"beginToken":{"kind":94,"text":"Session"},"endToken":{"kind":94,"text":"Session"}},"name":{"!":"com.github.javaparser.ast.expr.SimpleName","range":{"beginLine":40,"beginColumn":6,"endLine":40,"endColumn":12},"tokenRange":{"beginToken":{"kind":94,"text":"Session"},"endToken":{"kind":94,"text":"Session"}},"identifier":"Session"},"annotations":[]}}}}},{"!":"com.github.javaparser.ast.stmt.ExpressionStmt","range":{"beginLine":42,"beginColumn":3,"endLine":42,"endColumn":67},"tokenRange":{"beginToken":{"kind":94,"text":"TestingJtaPlatformImpl"},"endToken":{"kind":103,"text":";"}},"expression":{"!":"com.github.javaparser.ast.expr.MethodCallExpr","range":{"beginLine":42,"beginColumn":3,"endLine":42,"endColumn":66},"tokenRange":{"beginToken":{"kind":94,"text":"TestingJtaPlatformImpl"},"endToken":{"kind":98,"text":")"}},"arguments":[],"name":{"!":"com.github.javaparser.ast.expr.SimpleName","range":{"beginLine":42,"beginColumn":59,"endLine":42,"endColumn":64},"tokenRange":{"beginToken":{"kind":94,"text":"commit"},"endToken":{"kind":94,"text":"commit"}},"identifier":"commit"},"scope":{"!":"com.github.javaparser.ast.expr.MethodCallExpr","range":{"beginLine":42,"beginColumn":3,"endLine":42,"endColumn":57},"tokenRange":{"beginToken":{"kind":94,"text":"TestingJtaPlatformImpl"},"endToken":{"kind":98,"text":")"}},"arguments":[],"name":{"!":"com.github.javaparser.ast.expr.SimpleName","range":{"beginLine":42,"beginColumn":35,"endLine":42,"endColumn":55},"tokenRange":{"beginToken":{"kind":94,"text":"getTransactionManager"},"endToken":{"kind":94,"text":"getTransactionManager"}},"identifier":"getTransactionManager"},"scope":{"!":"com.github.javaparser.ast.expr.FieldAccessExpr","range":{"beginLine":42,"beginColumn":3,"endLine":42,"endColumn":33},"tokenRange":{"beginToken":{"kind":94,"text":"TestingJtaPlatformImpl"},"endToken":{"kind":94,"text":"INSTANCE"}},"name":{"!":"com.github.javaparser.ast.expr.SimpleName","range":{"beginLine":42,"beginColumn":26,"endLine":42,"endColumn":33},"tokenRange":{"beginToken":{"kind":94,"text":"INSTANCE"},"endToken":{"kind":94,"text":"INSTANCE"}},"identifier":"INSTANCE"},"scope":{"!":"com.github.javaparser.ast.expr.NameExpr","range":{"beginLine":42,"beginColumn":3,"endLine":42,"endColumn":24},"tokenRange":{"beginToken":{"kind":94,"text":"TestingJtaPlatformImpl"},"endToken":{"kind":94,"text":"TestingJtaPlatformImpl"}},"name":{"!":"com.github.javaparser.ast.expr.SimpleName","range":{"beginLine":42,"beginColumn":3,"endLine":42,"endColumn":24},"tokenRange":{"beginToken":{"kind":94,"text":"TestingJtaPlatformImpl"},"endToken":{"kind":94,"text":"TestingJtaPlatformImpl"}},"identifier":"TestingJtaPlatformImpl"}}}}}}]},"type":{"!":"com.github.javaparser.ast.type.VoidType","range":{"beginLine":3,"beginColumn":9,"endLine":3,"endColumn":12},"tokenRange":{"beginToken":{"kind":62,"text":"void"},"endToken":{"kind":62,"text":"void"}},"annotations":[]},"modifiers":[{"!":"com.github.javaparser.ast.Modifier","range":{"beginLine":3,"beginColumn":2,"endLine":3,"endColumn":7},"tokenRange":{"beginToken":{"kind":47,"text":"public"},"endToken":{"kind":47,"text":"public"}},"keyword":"PUBLIC"}],"name":{"!":"com.github.javaparser.ast.expr.SimpleName","range":{"beginLine":3,"beginColumn":14,"endLine":3,"endColumn":32},"tokenRange":{"beginToken":{"kind":94,"text":"testExplicitJoining"},"endToken":{"kind":94,"text":"testExplicitJoining"}},"identifier":"testExplicitJoining"},"parameters":[],"thrownExceptions":[{"!":"com.github.javaparser.ast.type.ClassOrInterfaceType","range":{"beginLine":3,"beginColumn":43,"endLine":3,"endColumn":51},"tokenRange":{"beginToken":{"kind":94,"text":"Exception"},"endToken":{"kind":94,"text":"Exception"}},"name":{"!":"com.github.javaparser.ast.expr.SimpleName","range":{"beginLine":3,"beginColumn":43,"endLine":3,"endColumn":51},"tokenRange":{"beginToken":{"kind":94,"text":"Exception"},"endToken":{"kind":94,"text":"Exception"}},"identifier":"Exception"},"annotations":[]}],"typeParameters":[],"annotations":[{"!":"com.github.javaparser.ast.expr.MarkerAnnotationExpr","range":{"beginLine":2,"beginColumn":2,"endLine":2,"endColumn":6},"tokenRange":{"beginToken":{"kind":107,"text":"@"},"endToken":{"kind":94,"text":"Test"}},"name":{"!":"com.github.javaparser.ast.expr.Name","range":{"beginLine":2,"beginColumn":3,"endLine":2,"endColumn":6},"tokenRange":{"beginToken":{"kind":94,"text":"Test"},"endToken":{"kind":94,"text":"Test"}},"identifier":"Test"}}]}],"modifiers":[],"name":{"!":"com.github.javaparser.ast.expr.SimpleName","range":{"beginLine":1,"beginColumn":7,"endLine":1,"endColumn":10},"tokenRange":{"beginToken":{"kind":94,"text":"Test"},"endToken":{"kind":94,"text":"Test"}},"identifier":"Test"},"annotations":[]}]}