{"!":"com.github.javaparser.ast.CompilationUnit","range":{"beginLine":1,"beginColumn":1,"endLine":44,"endColumn":2},"tokenRange":{"beginToken":{"kind":19,"text":"class"},"endToken":{"kind":0,"text":""}},"imports":[],"types":[{"!":"com.github.javaparser.ast.body.ClassOrInterfaceDeclaration","range":{"beginLine":1,"beginColumn":1,"endLine":44,"endColumn":2},"tokenRange":{"beginToken":{"kind":19,"text":"class"},"endToken":{"kind":100,"text":"}"}},"extendedTypes":[],"implementedTypes":[],"isInterface":"false","typeParameters":[],"members":[{"!":"com.github.javaparser.ast.body.MethodDeclaration","range":{"beginLine":2,"beginColumn":2,"endLine":42,"endColumn":2},"tokenRange":{"beginToken":{"kind":107,"text":"@"},"endToken":{"kind":100,"text":"}"}},"body":{"!":"com.github.javaparser.ast.stmt.BlockStmt","range":{"beginLine":10,"beginColumn":35,"endLine":42,"endColumn":2},"tokenRange":{"beginToken":{"kind":99,"text":"{"},"endToken":{"kind":100,"text":"}"}},"statements":[{"!":"com.github.javaparser.ast.stmt.ExpressionStmt","range":{"beginLine":11,"beginColumn":3,"endLine":11,"endColumn":84},"tokenRange":{"beginToken":{"kind":94,"text":"EntityBinding"},"endToken":{"kind":103,"text":";"}},"expression":{"!":"com.github.javaparser.ast.expr.VariableDeclarationExpr","range":{"beginLine":11,"beginColumn":3,"endLine":11,"endColumn":83},"tokenRange":{"beginToken":{"kind":94,"text":"EntityBinding"},"endToken":{"kind":98,"text":")"}},"annotations":[],"modifiers":[],"variables":[{"!":"com.github.javaparser.ast.body.VariableDeclarator","range":{"beginLine":11,"beginColumn":17,"endLine":11,"endColumn":83},"tokenRange":{"beginToken":{"kind":94,"text":"noInheritanceEntityBinding"},"endToken":{"kind":98,"text":")"}},"initializer":{"!":"com.github.javaparser.ast.expr.MethodCallExpr","range":{"beginLine":11,"beginColumn":46,"endLine":11,"endColumn":83},"tokenRange":{"beginToken":{"kind":94,"text":"getEntityBinding"},"endToken":{"kind":98,"text":")"}},"arguments":[{"!":"com.github.javaparser.ast.expr.ClassExpr","range":{"beginLine":11,"beginColumn":64,"endLine":11,"endColumn":81},"tokenRange":{"beginToken":{"kind":94,"text":"SingleEntity"},"endToken":{"kind":19,"text":"class"}},"type":{"!":"com.github.javaparser.ast.type.ClassOrInterfaceType","range":{"beginLine":11,"beginColumn":64,"endLine":11,"endColumn":75},"tokenRange":{"beginToken":{"kind":94,"text":"SingleEntity"},"endToken":{"kind":94,"text":"SingleEntity"}},"name":{"!":"com.github.javaparser.ast.expr.SimpleName","range":{"beginLine":11,"beginColumn":64,"endLine":11,"endColumn":75},"tokenRange":{"beginToken":{"kind":94,"text":"SingleEntity"},"endToken":{"kind":94,"text":"SingleEntity"}},"identifier":"SingleEntity"},"annotations":[]}}],"name":{"!":"com.github.javaparser.ast.expr.SimpleName","range":{"beginLine":11,"beginColumn":46,"endLine":11,"endColumn":61},"tokenRange":{"beginToken":{"kind":94,"text":"getEntityBinding"},"endToken":{"kind":94,"text":"getEntityBinding"}},"identifier":"getEntityBinding"}},"name":{"!":"com.github.javaparser.ast.expr.SimpleName","range":{"beginLine":11,"beginColumn":17,"endLine":11,"endColumn":42},"tokenRange":{"beginToken":{"kind":94,"text":"noInheritanceEntityBinding"},"endToken":{"kind":94,"text":"noInheritanceEntityBinding"}},"identifier":"noInheritanceEntityBinding"},"type":{"!":"com.github.javaparser.ast.type.ClassOrInterfaceType","range":{"beginLine":11,"beginColumn":3,"endLine":11,"endColumn":15},"tokenRange":{"beginToken":{"kind":94,"text":"EntityBinding"},"endToken":{"kind":94,"text":"EntityBinding"}},"name":{"!":"com.github.javaparser.ast.expr.SimpleName","range":{"beginLine":11,"beginColumn":3,"endLine":11,"endColumn":15},"tokenRange":{"beginToken":{"kind":94,"text":"EntityBinding"},"endToken":{"kind":94,"text":"EntityBinding"}},"identifier":"EntityBinding"},"annotations":[]}}]}},{"!":"com.github.javaparser.ast.stmt.ExpressionStmt","range":{"beginLine":12,"beginColumn":3,"endLine":12,"endColumn":92},"tokenRange":{"beginToken":{"kind":94,"text":"assertTrue"},"endToken":{"kind":103,"text":";"}},"expression":{"!":"com.github.javaparser.ast.expr.MethodCallExpr","range":{"beginLine":12,"beginColumn":3,"endLine":12,"endColumn":91},"tokenRange":{"beginToken":{"kind":94,"text":"assertTrue"},"endToken":{"kind":98,"text":")"}},"arguments":[{"!":"com.github.javaparser.ast.expr.StringLiteralExpr","range":{"beginLine":12,"beginColumn":15,"endLine":12,"endColumn":52},"tokenRange":{"beginToken":{"kind":90,"text":"\"SingleEntity should be a root entity\""},"endToken":{"kind":90,"text":"\"SingleEntity should be a root entity\""}},"value":"SingleEntity should be a root entity"},{"!":"com.github.javaparser.ast.expr.MethodCallExpr","range":{"beginLine":12,"beginColumn":55,"endLine":12,"endColumn":89},"tokenRange":{"beginToken":{"kind":94,"text":"noInheritanceEntityBinding"},"endToken":{"kind":98,"text":")"}},"arguments":[],"name":{"!":"com.github.javaparser.ast.expr.SimpleName","range":{"beginLine":12,"beginColumn":82,"endLine":12,"endColumn":87},"tokenRange":{"beginToken":{"kind":94,"text":"isRoot"},"endToken":{"kind":94,"text":"isRoot"}},"identifier":"isRoot"},"scope":{"!":"com.github.javaparser.ast.expr.NameExpr","range":{"beginLine":12,"beginColumn":55,"endLine":12,"endColumn":80},"tokenRange":{"beginToken":{"kind":94,"text":"noInheritanceEntityBinding"},"endToken":{"kind":94,"text":"noInheritanceEntityBinding"}},"name":{"!":"com.github.javaparser.ast.expr.SimpleName","range":{"beginLine":12,"beginColumn":55,"endLine":12,"endColumn":80},"tokenRange":{"beginToken":{"kind":94,"text":"noInheritanceEntityBinding"},"endToken":{"kind":94,"text":"noInheritanceEntityBinding"}},"identifier":"noInheritanceEntityBinding"}}}],"name":{"!":"com.github.javaparser.ast.expr.SimpleName","range":{"beginLine":12,"beginColumn":3,"endLine":12,"endColumn":12},"tokenRange":{"beginToken":{"kind":94,"text":"assertTrue"},"endToken":{"kind":94,"text":"assertTrue"}},"identifier":"assertTrue"}}},{"!":"com.github.javaparser.ast.stmt.ExpressionStmt","range":{"beginLine":13,"beginColumn":3,"endLine":13,"endColumn":67},"tokenRange":{"beginToken":{"kind":94,"text":"assertNull"},"endToken":{"kind":103,"text":";"}},"expression":{"!":"com.github.javaparser.ast.expr.MethodCallExpr","range":{"beginLine":13,"beginColumn":3,"endLine":13,"endColumn":66},"tokenRange":{"beginToken":{"kind":94,"text":"assertNull"},"endToken":{"kind":98,"text":")"}},"arguments":[{"!":"com.github.javaparser.ast.expr.MethodCallExpr","range":{"beginLine":13,"beginColumn":15,"endLine":13,"endColumn":64},"tokenRange":{"beginToken":{"kind":94,"text":"noInheritanceEntityBinding"},"endToken":{"kind":98,"text":")"}},"arguments":[],"name":{"!":"com.github.javaparser.ast.expr.SimpleName","range":{"beginLine":13,"beginColumn":42,"endLine":13,"endColumn":62},"tokenRange":{"beginToken":{"kind":94,"text":"getSuperEntityBinding"},"endToken":{"kind":94,"text":"getSuperEntityBinding"}},"identifier":"getSuperEntityBinding"},"scope":{"!":"com.github.javaparser.ast.expr.NameExpr","range":{"beginLine":13,"beginColumn":15,"endLine":13,"endColumn":40},"tokenRange":{"beginToken":{"kind":94,"text":"noInheritanceEntityBinding"},"endToken":{"kind":94,"text":"noInheritanceEntityBinding"}},"name":{"!":"com.github.javaparser.ast.expr.SimpleName","range":{"beginLine":13,"beginColumn":15,"endLine":13,"endColumn":40},"tokenRange":{"beginToken":{"kind":94,"text":"noInheritanceEntityBinding"},"endToken":{"kind":94,"text":"noInheritanceEntityBinding"}},"identifier":"noInheritanceEntityBinding"}}}],"name":{"!":"com.github.javaparser.ast.expr.SimpleName","range":{"beginLine":13,"beginColumn":3,"endLine":13,"endColumn":12},"tokenRange":{"beginToken":{"kind":94,"text":"assertNull"},"endToken":{"kind":94,"text":"assertNull"}},"identifier":"assertNull"}}},{"!":"com.github.javaparser.ast.stmt.ExpressionStmt","range":{"beginLine":14,"beginColumn":3,"endLine":14,"endColumn":87},"tokenRange":{"beginToken":{"kind":94,"text":"assertSame"},"endToken":{"kind":103,"text":";"}},"expression":{"!":"com.github.javaparser.ast.expr.MethodCallExpr","range":{"beginLine":14,"beginColumn":3,"endLine":14,"endColumn":86},"tokenRange":{"beginToken":{"kind":94,"text":"assertSame"},"endToken":{"kind":98,"text":")"}},"arguments":[{"!":"com.github.javaparser.ast.expr.NameExpr","range":{"beginLine":14,"beginColumn":15,"endLine":14,"endColumn":40},"tokenRange":{"beginToken":{"kind":94,"text":"noInheritanceEntityBinding"},"endToken":{"kind":94,"text":"noInheritanceEntityBinding"}},"name":{"!":"com.github.javaparser.ast.expr.SimpleName","range":{"beginLine":14,"beginColumn":15,"endLine":14,"endColumn":40},"tokenRange":{"beginToken":{"kind":94,"text":"noInheritanceEntityBinding"},"endToken":{"kind":94,"text":"noInheritanceEntityBinding"}},"identifier":"noInheritanceEntityBinding"}},{"!":"com.github.javaparser.ast.expr.MethodCallExpr","range":{"beginLine":14,"beginColumn":43,"endLine":14,"endColumn":84},"tokenRange":{"beginToken":{"kind":94,"text":"getRootEntityBinding"},"endToken":{"kind":98,"text":")"}},"arguments":[{"!":"com.github.javaparser.ast.expr.ClassExpr","range":{"beginLine":14,"beginColumn":65,"endLine":14,"endColumn":82},"tokenRange":{"beginToken":{"kind":94,"text":"SingleEntity"},"endToken":{"kind":19,"text":"class"}},"type":{"!":"com.github.javaparser.ast.type.ClassOrInterfaceType","range":{"beginLine":14,"beginColumn":65,"endLine":14,"endColumn":76},"tokenRange":{"beginToken":{"kind":94,"text":"SingleEntity"},"endToken":{"kind":94,"text":"SingleEntity"}},"name":{"!":"com.github.javaparser.ast.expr.SimpleName","range":{"beginLine":14,"beginColumn":65,"endLine":14,"endColumn":76},"tokenRange":{"beginToken":{"kind":94,"text":"SingleEntity"},"endToken":{"kind":94,"text":"SingleEntity"}},"identifier":"SingleEntity"},"annotations":[]}}],"name":{"!":"com.github.javaparser.ast.expr.SimpleName","range":{"beginLine":14,"beginColumn":43,"endLine":14,"endColumn":62},"tokenRange":{"beginToken":{"kind":94,"text":"getRootEntityBinding"},"endToken":{"kind":94,"text":"getRootEntityBinding"}},"identifier":"getRootEntityBinding"}}],"name":{"!":"com.github.javaparser.ast.expr.SimpleName","range":{"beginLine":14,"beginColumn":3,"endLine":14,"endColumn":12},"tokenRange":{"beginToken":{"kind":94,"text":"assertSame"},"endToken":{"kind":94,"text":"assertSame"}},"identifier":"assertSame"}}},{"!":"com.github.javaparser.ast.stmt.ExpressionStmt","range":{"beginLine":15,"beginColumn":3,"endLine":15,"endColumn":60},"tokenRange":{"beginToken":{"kind":94,"text":"assertFalse"},"endToken":{"kind":103,"text":";"}},"expression":{"!":"com.github.javaparser.ast.expr.MethodCallExpr","range":{"beginLine":15,"beginColumn":3,"endLine":15,"endColumn":59},"tokenRange":{"beginToken":{"kind":94,"text":"assertFalse"},"endToken":{"kind":98,"text":")"}},"arguments":[{"!":"com.github.javaparser.ast.expr.MethodCallExpr","range":{"beginLine":15,"beginColumn":16,"endLine":15,"endColumn":57},"tokenRange":{"beginToken":{"kind":94,"text":"noInheritanceEntityBinding"},"endToken":{"kind":98,"text":")"}},"arguments":[],"name":{"!":"com.github.javaparser.ast.expr.SimpleName","range":{"beginLine":15,"beginColumn":43,"endLine":15,"endColumn":55},"tokenRange":{"beginToken":{"kind":94,"text":"isPolymorphic"},"endToken":{"kind":94,"text":"isPolymorphic"}},"identifier":"isPolymorphic"},"scope":{"!":"com.github.javaparser.ast.expr.NameExpr","range":{"beginLine":15,"beginColumn":16,"endLine":15,"endColumn":41},"tokenRange":{"beginToken":{"kind":94,"text":"noInheritanceEntityBinding"},"endToken":{"kind":94,"text":"noInheritanceEntityBinding"}},"name":{"!":"com.github.javaparser.ast.expr.SimpleName","range":{"beginLine":15,"beginColumn":16,"endLine":15,"endColumn":41},"tokenRange":{"beginToken":{"kind":94,"text":"noInheritanceEntityBinding"},"endToken":{"kind":94,"text":"noInheritanceEntityBinding"}},"identifier":"noInheritanceEntityBinding"}}}],"name":{"!":"com.github.javaparser.ast.expr.SimpleName","range":{"beginLine":15,"beginColumn":3,"endLine":15,"endColumn":13},"tokenRange":{"beginToken":{"kind":94,"text":"assertFalse"},"endToken":{"kind":94,"text":"assertFalse"}},"identifier":"assertFalse"}}},{"!":"com.github.javaparser.ast.stmt.ExpressionStmt","range":{"beginLine":16,"beginColumn":3,"endLine":16,"endColumn":67},"tokenRange":{"beginToken":{"kind":94,"text":"assertFalse"},"endToken":{"kind":103,"text":";"}},"expression":{"!":"com.github.javaparser.ast.expr.MethodCallExpr","range":{"beginLine":16,"beginColumn":3,"endLine":16,"endColumn":66},"tokenRange":{"beginToken":{"kind":94,"text":"assertFalse"},"endToken":{"kind":98,"text":")"}},"arguments":[{"!":"com.github.javaparser.ast.expr.MethodCallExpr","range":{"beginLine":16,"beginColumn":16,"endLine":16,"endColumn":64},"tokenRange":{"beginToken":{"kind":94,"text":"noInheritanceEntityBinding"},"endToken":{"kind":98,"text":")"}},"arguments":[],"name":{"!":"com.github.javaparser.ast.expr.SimpleName","range":{"beginLine":16,"beginColumn":43,"endLine":16,"endColumn":62},"tokenRange":{"beginToken":{"kind":94,"text":"hasSubEntityBindings"},"endToken":{"kind":94,"text":"hasSubEntityBindings"}},"identifier":"hasSubEntityBindings"},"scope":{"!":"com.github.javaparser.ast.expr.NameExpr","range":{"beginLine":16,"beginColumn":16,"endLine":16,"endColumn":41},"tokenRange":{"beginToken":{"kind":94,"text":"noInheritanceEntityBinding"},"endToken":{"kind":94,"text":"noInheritanceEntityBinding"}},"name":{"!":"com.github.javaparser.ast.expr.SimpleName","range":{"beginLine":16,"beginColumn":16,"endLine":16,"endColumn":41},"tokenRange":{"beginToken":{"kind":94,"text":"noInheritanceEntityBinding"},"endToken":{"kind":94,"text":"noInheritanceEntityBinding"}},"identifier":"noInheritanceEntityBinding"}}}],"name":{"!":"com.github.javaparser.ast.expr.SimpleName","range":{"beginLine":16,"beginColumn":3,"endLine":16,"endColumn":13},"tokenRange":{"beginToken":{"kind":94,"text":"assertFalse"},"endToken":{"kind":94,"text":"assertFalse"}},"identifier":"assertFalse"}}},{"!":"com.github.javaparser.ast.stmt.ExpressionStmt","range":{"beginLine":17,"beginColumn":3,"endLine":17,"endColumn":81},"tokenRange":{"beginToken":{"kind":94,"text":"assertEquals"},"endToken":{"kind":103,"text":";"}},"expression":{"!":"com.github.javaparser.ast.expr.MethodCallExpr","range":{"beginLine":17,"beginColumn":3,"endLine":17,"endColumn":80},"tokenRange":{"beginToken":{"kind":94,"text":"assertEquals"},"endToken":{"kind":98,"text":")"}},"arguments":[{"!":"com.github.javaparser.ast.expr.IntegerLiteralExpr","range":{"beginLine":17,"beginColumn":17,"endLine":17,"endColumn":17},"tokenRange":{"beginToken":{"kind":77,"text":"0"},"endToken":{"kind":77,"text":"0"}},"value":"0"},{"!":"com.github.javaparser.ast.expr.MethodCallExpr","range":{"beginLine":17,"beginColumn":20,"endLine":17,"endColumn":78},"tokenRange":{"beginToken":{"kind":94,"text":"noInheritanceEntityBinding"},"endToken":{"kind":98,"text":")"}},"arguments":[],"name":{"!":"com.github.javaparser.ast.expr.SimpleName","range":{"beginLine":17,"beginColumn":47,"endLine":17,"endColumn":76},"tokenRange":{"beginToken":{"kind":94,"text":"getSubEntityBindingClosureSpan"},"endToken":{"kind":94,"text":"getSubEntityBindingClosureSpan"}},"identifier":"getSubEntityBindingClosureSpan"},"scope":{"!":"com.github.javaparser.ast.expr.NameExpr","range":{"beginLine":17,"beginColumn":20,"endLine":17,"endColumn":45},"tokenRange":{"beginToken":{"kind":94,"text":"noInheritanceEntityBinding"},"endToken":{"kind":94,"text":"noInheritanceEntityBinding"}},"name":{"!":"com.github.javaparser.ast.expr.SimpleName","range":{"beginLine":17,"beginColumn":20,"endLine":17,"endColumn":45},"tokenRange":{"beginToken":{"kind":94,"text":"noInheritanceEntityBinding"},"endToken":{"kind":94,"text":"noInheritanceEntityBinding"}},"identifier":"noInheritanceEntityBinding"}}}],"name":{"!":"com.github.javaparser.ast.expr.SimpleName","range":{"beginLine":17,"beginColumn":3,"endLine":17,"endColumn":14},"tokenRange":{"beginToken":{"kind":94,"text":"assertEquals"},"endToken":{"kind":94,"text":"assertEquals"}},"identifier":"assertEquals"}}},{"!":"com.github.javaparser.ast.stmt.ExpressionStmt","range":{"beginLine":18,"beginColumn":3,"endLine":18,"endColumn":103},"tokenRange":{"beginToken":{"kind":94,"text":"assertFalse"},"endToken":{"kind":103,"text":";"}},"expression":{"!":"com.github.javaparser.ast.expr.MethodCallExpr","range":{"beginLine":18,"beginColumn":3,"endLine":18,"endColumn":102},"tokenRange":{"beginToken":{"kind":94,"text":"assertFalse"},"endToken":{"kind":98,"text":")"}},"arguments":[{"!":"com.github.javaparser.ast.expr.MethodCallExpr","range":{"beginLine":18,"beginColumn":16,"endLine":18,"endColumn":100},"tokenRange":{"beginToken":{"kind":94,"text":"noInheritanceEntityBinding"},"endToken":{"kind":98,"text":")"}},"arguments":[],"name":{"!":"com.github.javaparser.ast.expr.SimpleName","range":{"beginLine":18,"beginColumn":92,"endLine":18,"endColumn":98},"tokenRange":{"beginToken":{"kind":94,"text":"hasNext"},"endToken":{"kind":94,"text":"hasNext"}},"identifier":"hasNext"},"scope":{"!":"com.github.javaparser.ast.expr.MethodCallExpr","range":{"beginLine":18,"beginColumn":16,"endLine":18,"endColumn":90},"tokenRange":{"beginToken":{"kind":94,"text":"noInheritanceEntityBinding"},"endToken":{"kind":98,"text":")"}},"arguments":[],"name":{"!":"com.github.javaparser.ast.expr.SimpleName","range":{"beginLine":18,"beginColumn":81,"endLine":18,"endColumn":88},"tokenRange":{"beginToken":{"kind":94,"text":"iterator"},"endToken":{"kind":94,"text":"iterator"}},"identifier":"iterator"},"scope":{"!":"com.github.javaparser.ast.expr.MethodCallExpr","range":{"beginLine":18,"beginColumn":16,"endLine":18,"endColumn":79},"tokenRange":{"beginToken":{"kind":94,"text":"noInheritanceEntityBinding"},"endToken":{"kind":98,"text":")"}},"arguments":[],"name":{"!":"com.github.javaparser.ast.expr.SimpleName","range":{"beginLine":18,"beginColumn":43,"endLine":18,"endColumn":77},"tokenRange":{"beginToken":{"kind":94,"text":"getPostOrderSubEntityBindingClosure"},"endToken":{"kind":94,"text":"getPostOrderSubEntityBindingClosure"}},"identifier":"getPostOrderSubEntityBindingClosure"},"scope":{"!":"com.github.javaparser.ast.expr.NameExpr","range":{"beginLine":18,"beginColumn":16,"endLine":18,"endColumn":41},"tokenRange":{"beginToken":{"kind":94,"text":"noInheritanceEntityBinding"},"endToken":{"kind":94,"text":"noInheritanceEntityBinding"}},"name":{"!":"com.github.javaparser.ast.expr.SimpleName","range":{"beginLine":18,"beginColumn":16,"endLine":18,"endColumn":41},"tokenRange":{"beginToken":{"kind":94,"text":"noInheritanceEntityBinding"},"endToken":{"kind":94,"text":"noInheritanceEntityBinding"}},"identifier":"noInheritanceEntityBinding"}}}}}],"name":{"!":"com.github.javaparser.ast.expr.SimpleName","range":{"beginLine":18,"beginColumn":3,"endLine":18,"endColumn":13},"tokenRange":{"beginToken":{"kind":94,"text":"assertFalse"},"endToken":{"kind":94,"text":"assertFalse"}},"identifier":"assertFalse"}}},{"!":"com.github.javaparser.ast.stmt.ExpressionStmt","range":{"beginLine":19,"beginColumn":3,"endLine":19,"endColumn":102},"tokenRange":{"beginToken":{"kind":94,"text":"assertFalse"},"endToken":{"kind":103,"text":";"}},"expression":{"!":"com.github.javaparser.ast.expr.MethodCallExpr","range":{"beginLine":19,"beginColumn":3,"endLine":19,"endColumn":101},"tokenRange":{"beginToken":{"kind":94,"text":"assertFalse"},"endToken":{"kind":98,"text":")"}},"arguments":[{"!":"com.github.javaparser.ast.expr.MethodCallExpr","range":{"beginLine":19,"beginColumn":16,"endLine":19,"endColumn":99},"tokenRange":{"beginToken":{"kind":94,"text":"noInheritanceEntityBinding"},"endToken":{"kind":98,"text":")"}},"arguments":[],"name":{"!":"com.github.javaparser.ast.expr.SimpleName","range":{"beginLine":19,"beginColumn":91,"endLine":19,"endColumn":97},"tokenRange":{"beginToken":{"kind":94,"text":"hasNext"},"endToken":{"kind":94,"text":"hasNext"}},"identifier":"hasNext"},"scope":{"!":"com.github.javaparser.ast.expr.MethodCallExpr","range":{"beginLine":19,"beginColumn":16,"endLine":19,"endColumn":89},"tokenRange":{"beginToken":{"kind":94,"text":"noInheritanceEntityBinding"},"endToken":{"kind":98,"text":")"}},"arguments":[],"name":{"!":"com.github.javaparser.ast.expr.SimpleName","range":{"beginLine":19,"beginColumn":80,"endLine":19,"endColumn":87},"tokenRange":{"beginToken":{"kind":94,"text":"iterator"},"endToken":{"kind":94,"text":"iterator"}},"identifier":"iterator"},"scope":{"!":"com.github.javaparser.ast.expr.MethodCallExpr","range":{"beginLine":19,"beginColumn":16,"endLine":19,"endColumn":78},"tokenRange":{"beginToken":{"kind":94,"text":"noInheritanceEntityBinding"},"endToken":{"kind":98,"text":")"}},"arguments":[],"name":{"!":"com.github.javaparser.ast.expr.SimpleName","range":{"beginLine":19,"beginColumn":43,"endLine":19,"endColumn":76},"tokenRange":{"beginToken":{"kind":94,"text":"getPreOrderSubEntityBindingClosure"},"endToken":{"kind":94,"text":"getPreOrderSubEntityBindingClosure"}},"identifier":"getPreOrderSubEntityBindingClosure"},"scope":{"!":"com.github.javaparser.ast.expr.NameExpr","range":{"beginLine":19,"beginColumn":16,"endLine":19,"endColumn":41},"tokenRange":{"beginToken":{"kind":94,"text":"noInheritanceEntityBinding"},"endToken":{"kind":94,"text":"noInheritanceEntityBinding"}},"name":{"!":"com.github.javaparser.ast.expr.SimpleName","range":{"beginLine":19,"beginColumn":16,"endLine":19,"endColumn":41},"tokenRange":{"beginToken":{"kind":94,"text":"noInheritanceEntityBinding"},"endToken":{"kind":94,"text":"noInheritanceEntityBinding"}},"identifier":"noInheritanceEntityBinding"}}}}}],"name":{"!":"com.github.javaparser.ast.expr.SimpleName","range":{"beginLine":19,"beginColumn":3,"endLine":19,"endColumn":13},"tokenRange":{"beginToken":{"kind":94,"text":"assertFalse"},"endToken":{"kind":94,"text":"assertFalse"}},"identifier":"assertFalse"}}},{"!":"com.github.javaparser.ast.stmt.ExpressionStmt","range":{"beginLine":20,"beginColumn":3,"endLine":20,"endColumn":82},"tokenRange":{"beginToken":{"kind":94,"text":"Set"},"endToken":{"kind":103,"text":";"}},"expression":{"!":"com.github.javaparser.ast.expr.VariableDeclarationExpr","range":{"beginLine":20,"beginColumn":3,"endLine":20,"endColumn":81},"tokenRange":{"beginToken":{"kind":94,"text":"Set"},"endToken":{"kind":98,"text":")"}},"annotations":[],"modifiers":[],"variables":[{"!":"com.github.javaparser.ast.body.VariableDeclarator","range":{"beginLine":20,"beginColumn":25,"endLine":20,"endColumn":81},"tokenRange":{"beginToken":{"kind":94,"text":"directAttributeBindings"},"endToken":{"kind":98,"text":")"}},"initializer":{"!":"com.github.javaparser.ast.expr.ObjectCreationExpr","range":{"beginLine":20,"beginColumn":51,"endLine":20,"endColumn":81},"tokenRange":{"beginToken":{"kind":42,"text":"new"},"endToken":{"kind":98,"text":")"}},"arguments":[],"type":{"!":"com.github.javaparser.ast.type.ClassOrInterfaceType","range":{"beginLine":20,"beginColumn":55,"endLine":20,"endColumn":79},"tokenRange":{"beginToken":{"kind":94,"text":"HashSet"},"endToken":{"kind":146,"text":">"}},"name":{"!":"com.github.javaparser.ast.expr.SimpleName","range":{"beginLine":20,"beginColumn":55,"endLine":20,"endColumn":61},"tokenRange":{"beginToken":{"kind":94,"text":"HashSet"},"endToken":{"kind":94,"text":"HashSet"}},"identifier":"HashSet"},"typeArguments":[{"!":"com.github.javaparser.ast.type.ClassOrInterfaceType","range":{"beginLine":20,"beginColumn":63,"endLine":20,"endColumn":78},"tokenRange":{"beginToken":{"kind":94,"text":"AttributeBinding"},"endToken":{"kind":94,"text":"AttributeBinding"}},"name":{"!":"com.github.javaparser.ast.expr.SimpleName","range":{"beginLine":20,"beginColumn":63,"endLine":20,"endColumn":78},"tokenRange":{"beginToken":{"kind":94,"text":"AttributeBinding"},"endToken":{"kind":94,"text":"AttributeBinding"}},"identifier":"AttributeBinding"},"annotations":[]}],"annotations":[]}},"name":{"!":"com.github.javaparser.ast.expr.SimpleName","range":{"beginLine":20,"beginColumn":25,"endLine":20,"endColumn":47},"tokenRange":{"beginToken":{"kind":94,"text":"directAttributeBindings"},"endToken":{"kind":94,"text":"directAttributeBindings"}},"identifier":"directAttributeBindings"},"type":{"!":"com.github.javaparser.ast.type.ClassOrInterfaceType","range":{"beginLine":20,"beginColumn":3,"endLine":20,"endColumn":23},"tokenRange":{"beginToken":{"kind":94,"text":"Set"},"endToken":{"kind":146,"text":">"}},"name":{"!":"com.github.javaparser.ast.expr.SimpleName","range":{"beginLine":20,"beginColumn":3,"endLine":20,"endColumn":5},"tokenRange":{"beginToken":{"kind":94,"text":"Set"},"endToken":{"kind":94,"text":"Set"}},"identifier":"Set"},"typeArguments":[{"!":"com.github.javaparser.ast.type.ClassOrInterfaceType","range":{"beginLine":20,"beginColumn":7,"endLine":20,"endColumn":22},"tokenRange":{"beginToken":{"kind":94,"text":"AttributeBinding"},"endToken":{"kind":94,"text":"AttributeBinding"}},"name":{"!":"com.github.javaparser.ast.expr.SimpleName","range":{"beginLine":20,"beginColumn":7,"endLine":20,"endColumn":22},"tokenRange":{"beginToken":{"kind":94,"text":"AttributeBinding"},"endToken":{"kind":94,"text":"AttributeBinding"}},"identifier":"AttributeBinding"},"annotations":[]}],"annotations":[]}}]}},{"!":"com.github.javaparser.ast.stmt.ForEachStmt","range":{"beginLine":21,"beginColumn":3,"endLine":23,"endColumn":3},"tokenRange":{"beginToken":{"kind":32,"text":"for"},"endToken":{"kind":100,"text":"}"}},"body":{"!":"com.github.javaparser.ast.stmt.BlockStmt","range":{"beginLine":21,"beginColumn":94,"endLine":23,"endColumn":3},"tokenRange":{"beginToken":{"kind":99,"text":"{"},"endToken":{"kind":100,"text":"}"}},"statements":[{"!":"com.github.javaparser.ast.stmt.ExpressionStmt","range":{"beginLine":22,"beginColumn":4,"endLine":22,"endColumn":65},"tokenRange":{"beginToken":{"kind":94,"text":"assertTrue"},"endToken":{"kind":103,"text":";"}},"expression":{"!":"com.github.javaparser.ast.expr.MethodCallExpr","range":{"beginLine":22,"beginColumn":4,"endLine":22,"endColumn":64},"tokenRange":{"beginToken":{"kind":94,"text":"assertTrue"},"endToken":{"kind":98,"text":")"}},"arguments":[{"!":"com.github.javaparser.ast.expr.MethodCallExpr","range":{"beginLine":22,"beginColumn":16,"endLine":22,"endColumn":62},"tokenRange":{"beginToken":{"kind":94,"text":"directAttributeBindings"},"endToken":{"kind":98,"text":")"}},"arguments":[{"!":"com.github.javaparser.ast.expr.NameExpr","range":{"beginLine":22,"beginColumn":45,"endLine":22,"endColumn":60},"tokenRange":{"beginToken":{"kind":94,"text":"attributeBinding"},"endToken":{"kind":94,"text":"attributeBinding"}},"name":{"!":"com.github.javaparser.ast.expr.SimpleName","range":{"beginLine":22,"beginColumn":45,"endLine":22,"endColumn":60},"tokenRange":{"beginToken":{"kind":94,"text":"attributeBinding"},"endToken":{"kind":94,"text":"attributeBinding"}},"identifier":"attributeBinding"}}],"name":{"!":"com.github.javaparser.ast.expr.SimpleName","range":{"beginLine":22,"beginColumn":40,"endLine":22,"endColumn":42},"tokenRange":{"beginToken":{"kind":94,"text":"add"},"endToken":{"kind":94,"text":"add"}},"identifier":"add"},"scope":{"!":"com.github.javaparser.ast.expr.NameExpr","range":{"beginLine":22,"beginColumn":16,"endLine":22,"endColumn":38},"tokenRange":{"beginToken":{"kind":94,"text":"directAttributeBindings"},"endToken":{"kind":94,"text":"directAttributeBindings"}},"name":{"!":"com.github.javaparser.ast.expr.SimpleName","range":{"beginLine":22,"beginColumn":16,"endLine":22,"endColumn":38},"tokenRange":{"beginToken":{"kind":94,"text":"directAttributeBindings"},"endToken":{"kind":94,"text":"directAttributeBindings"}},"identifier":"directAttributeBindings"}}}],"name":{"!":"com.github.javaparser.ast.expr.SimpleName","range":{"beginLine":22,"beginColumn":4,"endLine":22,"endColumn":13},"tokenRange":{"beginToken":{"kind":94,"text":"assertTrue"},"endToken":{"kind":94,"text":"assertTrue"}},"identifier":"assertTrue"}}}]},"iterable":{"!":"com.github.javaparser.ast.expr.MethodCallExpr","range":{"beginLine":21,"beginColumn":45,"endLine":21,"endColumn":90},"tokenRange":{"beginToken":{"kind":94,"text":"noInheritanceEntityBinding"},"endToken":{"kind":98,"text":")"}},"arguments":[],"name":{"!":"com.github.javaparser.ast.expr.SimpleName","range":{"beginLine":21,"beginColumn":72,"endLine":21,"endColumn":88},"tokenRange":{"beginToken":{"kind":94,"text":"attributeBindings"},"endToken":{"kind":94,"text":"attributeBindings"}},"identifier":"attributeBindings"},"scope":{"!":"com.github.javaparser.ast.expr.NameExpr","range":{"beginLine":21,"beginColumn":45,"endLine":21,"endColumn":70},"tokenRange":{"beginToken":{"kind":94,"text":"noInheritanceEntityBinding"},"endToken":{"kind":94,"text":"noInheritanceEntityBinding"}},"name":{"!":"com.github.javaparser.ast.expr.SimpleName","range":{"beginLine":21,"beginColumn":45,"endLine":21,"endColumn":70},"tokenRange":{"beginToken":{"kind":94,"text":"noInheritanceEntityBinding"},"endToken":{"kind":94,"text":"noInheritanceEntityBinding"}},"identifier":"noInheritanceEntityBinding"}}},"variable":{"!":"com.github.javaparser.ast.expr.VariableDeclarationExpr","range":{"beginLine":21,"beginColumn":9,"endLine":21,"endColumn":41},"tokenRange":{"beginToken":{"kind":94,"text":"AttributeBinding"},"endToken":{"kind":94,"text":"attributeBinding"}},"annotations":[],"modifiers":[],"variables":[{"!":"com.github.javaparser.ast.body.VariableDeclarator","range":{"beginLine":21,"beginColumn":26,"endLine":21,"endColumn":41},"tokenRange":{"beginToken":{"kind":94,"text":"attributeBinding"},"endToken":{"kind":94,"text":"attributeBinding"}},"name":{"!":"com.github.javaparser.ast.expr.SimpleName","range":{"beginLine":21,"beginColumn":26,"endLine":21,"endColumn":41},"tokenRange":{"beginToken":{"kind":94,"text":"attributeBinding"},"endToken":{"kind":94,"text":"attributeBinding"}},"identifier":"attributeBinding"},"type":{"!":"com.github.javaparser.ast.type.ClassOrInterfaceType","range":{"beginLine":21,"beginColumn":9,"endLine":21,"endColumn":24},"tokenRange":{"beginToken":{"kind":94,"text":"AttributeBinding"},"endToken":{"kind":94,"text":"AttributeBinding"}},"name":{"!":"com.github.javaparser.ast.expr.SimpleName","range":{"beginLine":21,"beginColumn":9,"endLine":21,"endColumn":24},"tokenRange":{"beginToken":{"kind":94,"text":"AttributeBinding"},"endToken":{"kind":94,"text":"AttributeBinding"}},"identifier":"AttributeBinding"},"annotations":[]}}]}},{"!":"com.github.javaparser.ast.stmt.ExpressionStmt","range":{"beginLine":24,"beginColumn":3,"endLine":24,"endColumn":52},"tokenRange":{"beginToken":{"kind":94,"text":"assertEquals"},"endToken":{"kind":103,"text":";"}},"expression":{"!":"com.github.javaparser.ast.expr.MethodCallExpr","range":{"beginLine":24,"beginColumn":3,"endLine":24,"endColumn":51},"tokenRange":{"beginToken":{"kind":94,"text":"assertEquals"},"endToken":{"kind":98,"text":")"}},"arguments":[{"!":"com.github.javaparser.ast.expr.IntegerLiteralExpr","range":{"beginLine":24,"beginColumn":17,"endLine":24,"endColumn":17},"tokenRange":{"beginToken":{"kind":77,"text":"1"},"endToken":{"kind":77,"text":"1"}},"value":"1"},{"!":"com.github.javaparser.ast.expr.MethodCallExpr","range":{"beginLine":24,"beginColumn":20,"endLine":24,"endColumn":49},"tokenRange":{"beginToken":{"kind":94,"text":"directAttributeBindings"},"endToken":{"kind":98,"text":")"}},"arguments":[],"name":{"!":"com.github.javaparser.ast.expr.SimpleName","range":{"beginLine":24,"beginColumn":44,"endLine":24,"endColumn":47},"tokenRange":{"beginToken":{"kind":94,"text":"size"},"endToken":{"kind":94,"text":"size"}},"identifier":"size"},"scope":{"!":"com.github.javaparser.ast.expr.NameExpr","range":{"beginLine":24,"beginColumn":20,"endLine":24,"endColumn":42},"tokenRange":{"beginToken":{"kind":94,"text":"directAttributeBindings"},"endToken":{"kind":94,"text":"directAttributeBindings"}},"name":{"!":"com.github.javaparser.ast.expr.SimpleName","range":{"beginLine":24,"beginColumn":20,"endLine":24,"endColumn":42},"tokenRange":{"beginToken":{"kind":94,"text":"directAttributeBindings"},"endToken":{"kind":94,"text":"directAttributeBindings"}},"identifier":"directAttributeBindings"}}}],"name":{"!":"com.github.javaparser.ast.expr.SimpleName","range":{"beginLine":24,"beginColumn":3,"endLine":24,"endColumn":14},"tokenRange":{"beginToken":{"kind":94,"text":"assertEquals"},"endToken":{"kind":94,"text":"assertEquals"}},"identifier":"assertEquals"}}},{"!":"com.github.javaparser.ast.stmt.ExpressionStmt","range":{"beginLine":25,"beginColumn":3,"endLine":28,"endColumn":4},"tokenRange":{"beginToken":{"kind":94,"text":"assertSame"},"endToken":{"kind":103,"text":";"}},"expression":{"!":"com.github.javaparser.ast.expr.MethodCallExpr","range":{"beginLine":25,"beginColumn":3,"endLine":28,"endColumn":3},"tokenRange":{"beginToken":{"kind":94,"text":"assertSame"},"endToken":{"kind":98,"text":")"}},"arguments":[{"!":"com.github.javaparser.ast.expr.MethodCallExpr","range":{"beginLine":26,"beginColumn":5,"endLine":26,"endColumn":92},"tokenRange":{"beginToken":{"kind":94,"text":"noInheritanceEntityBinding"},"endToken":{"kind":98,"text":")"}},"arguments":[],"name":{"!":"com.github.javaparser.ast.expr.SimpleName","range":{"beginLine":26,"beginColumn":76,"endLine":26,"endColumn":90},"tokenRange":{"beginToken":{"kind":94,"text":"getValueBinding"},"endToken":{"kind":94,"text":"getValueBinding"}},"identifier":"getValueBinding"},"scope":{"!":"com.github.javaparser.ast.expr.MethodCallExpr","range":{"beginLine":26,"beginColumn":5,"endLine":26,"endColumn":74},"tokenRange":{"beginToken":{"kind":94,"text":"noInheritanceEntityBinding"},"endToken":{"kind":98,"text":")"}},"arguments":[],"name":{"!":"com.github.javaparser.ast.expr.SimpleName","range":{"beginLine":26,"beginColumn":54,"endLine":26,"endColumn":72},"tokenRange":{"beginToken":{"kind":94,"text":"getEntityIdentifier"},"endToken":{"kind":94,"text":"getEntityIdentifier"}},"identifier":"getEntityIdentifier"},"scope":{"!":"com.github.javaparser.ast.expr.MethodCallExpr","range":{"beginLine":26,"beginColumn":5,"endLine":26,"endColumn":52},"tokenRange":{"beginToken":{"kind":94,"text":"noInheritanceEntityBinding"},"endToken":{"kind":98,"text":")"}},"arguments":[],"name":{"!":"com.github.javaparser.ast.expr.SimpleName","range":{"beginLine":26,"beginColumn":32,"endLine":26,"endColumn":50},"tokenRange":{"beginToken":{"kind":94,"text":"getHierarchyDetails"},"endToken":{"kind":94,"text":"getHierarchyDetails"}},"identifier":"getHierarchyDetails"},"scope":{"!":"com.github.javaparser.ast.expr.NameExpr","range":{"beginLine":26,"beginColumn":5,"endLine":26,"endColumn":30},"tokenRange":{"beginToken":{"kind":94,"text":"noInheritanceEntityBinding"},"endToken":{"kind":94,"text":"noInheritanceEntityBinding"}},"name":{"!":"com.github.javaparser.ast.expr.SimpleName","range":{"beginLine":26,"beginColumn":5,"endLine":26,"endColumn":30},"tokenRange":{"beginToken":{"kind":94,"text":"noInheritanceEntityBinding"},"endToken":{"kind":94,"text":"noInheritanceEntityBinding"}},"identifier":"noInheritanceEntityBinding"}}}}},{"!":"com.github.javaparser.ast.expr.MethodCallExpr","range":{"beginLine":27,"beginColumn":5,"endLine":27,"endColumn":45},"tokenRange":{"beginToken":{"kind":94,"text":"directAttributeBindings"},"endToken":{"kind":98,"text":")"}},"arguments":[],"name":{"!":"com.github.javaparser.ast.expr.SimpleName","range":{"beginLine":27,"beginColumn":40,"endLine":27,"endColumn":43},"tokenRange":{"beginToken":{"kind":94,"text":"next"},"endToken":{"kind":94,"text":"next"}},"identifier":"next"},"scope":{"!":"com.github.javaparser.ast.expr.MethodCallExpr","range":{"beginLine":27,"beginColumn":5,"endLine":27,"endColumn":38},"tokenRange":{"beginToken":{"kind":94,"text":"directAttributeBindings"},"endToken":{"kind":98,"text":")"}},"arguments":[],"name":{"!":"com.github.javaparser.ast.expr.SimpleName","range":{"beginLine":27,"beginColumn":29,"endLine":27,"endColumn":36},"tokenRange":{"beginToken":{"kind":94,"text":"iterator"},"endToken":{"kind":94,"text":"iterator"}},"identifier":"iterator"},"scope":{"!":"com.github.javaparser.ast.expr.NameExpr","range":{"beginLine":27,"beginColumn":5,"endLine":27,"endColumn":27},"tokenRange":{"beginToken":{"kind":94,"text":"directAttributeBindings"},"endToken":{"kind":94,"text":"directAttributeBindings"}},"name":{"!":"com.github.javaparser.ast.expr.SimpleName","range":{"beginLine":27,"beginColumn":5,"endLine":27,"endColumn":27},"tokenRange":{"beginToken":{"kind":94,"text":"directAttributeBindings"},"endToken":{"kind":94,"text":"directAttributeBindings"}},"identifier":"directAttributeBindings"}}}}],"name":{"!":"com.github.javaparser.ast.expr.SimpleName","range":{"beginLine":25,"beginColumn":3,"endLine":25,"endColumn":12},"tokenRange":{"beginToken":{"kind":94,"text":"assertSame"},"endToken":{"kind":94,"text":"assertSame"}},"identifier":"assertSame"}}},{"!":"com.github.javaparser.ast.stmt.ExpressionStmt","range":{"beginLine":29,"beginColumn":3,"endLine":29,"endColumn":81},"tokenRange":{"beginToken":{"kind":94,"text":"assertEquals"},"endToken":{"kind":103,"text":";"}},"expression":{"!":"com.github.javaparser.ast.expr.MethodCallExpr","range":{"beginLine":29,"beginColumn":3,"endLine":29,"endColumn":80},"tokenRange":{"beginToken":{"kind":94,"text":"assertEquals"},"endToken":{"kind":98,"text":")"}},"arguments":[{"!":"com.github.javaparser.ast.expr.IntegerLiteralExpr","range":{"beginLine":29,"beginColumn":17,"endLine":29,"endColumn":17},"tokenRange":{"beginToken":{"kind":77,"text":"1"},"endToken":{"kind":77,"text":"1"}},"value":"1"},{"!":"com.github.javaparser.ast.expr.MethodCallExpr","range":{"beginLine":29,"beginColumn":20,"endLine":29,"endColumn":78},"tokenRange":{"beginToken":{"kind":94,"text":"noInheritanceEntityBinding"},"endToken":{"kind":98,"text":")"}},"arguments":[],"name":{"!":"com.github.javaparser.ast.expr.SimpleName","range":{"beginLine":29,"beginColumn":47,"endLine":29,"endColumn":76},"tokenRange":{"beginToken":{"kind":94,"text":"getAttributeBindingClosureSpan"},"endToken":{"kind":94,"text":"getAttributeBindingClosureSpan"}},"identifier":"getAttributeBindingClosureSpan"},"scope":{"!":"com.github.javaparser.ast.expr.NameExpr","range":{"beginLine":29,"beginColumn":20,"endLine":29,"endColumn":45},"tokenRange":{"beginToken":{"kind":94,"text":"noInheritanceEntityBinding"},"endToken":{"kind":94,"text":"noInheritanceEntityBinding"}},"name":{"!":"com.github.javaparser.ast.expr.SimpleName","range":{"beginLine":29,"beginColumn":20,"endLine":29,"endColumn":45},"tokenRange":{"beginToken":{"kind":94,"text":"noInheritanceEntityBinding"},"endToken":{"kind":94,"text":"noInheritanceEntityBinding"}},"identifier":"noInheritanceEntityBinding"}}}],"name":{"!":"com.github.javaparser.ast.expr.SimpleName","range":{"beginLine":29,"beginColumn":3,"endLine":29,"endColumn":14},"tokenRange":{"beginToken":{"kind":94,"text":"assertEquals"},"endToken":{"kind":94,"text":"assertEquals"}},"identifier":"assertEquals"}}},{"!":"com.github.javaparser.ast.stmt.ExpressionStmt","range":{"beginLine":30,"beginColumn":3,"endLine":30,"endColumn":98},"tokenRange":{"beginToken":{"kind":94,"text":"Iterator"},"endToken":{"kind":103,"text":";"}},"expression":{"!":"com.github.javaparser.ast.expr.VariableDeclarationExpr","range":{"beginLine":30,"beginColumn":3,"endLine":30,"endColumn":97},"tokenRange":{"beginToken":{"kind":94,"text":"Iterator"},"endToken":{"kind":98,"text":")"}},"annotations":[],"modifiers":[],"variables":[{"!":"com.github.javaparser.ast.body.VariableDeclarator","range":{"beginLine":30,"beginColumn":30,"endLine":30,"endColumn":97},"tokenRange":{"beginToken":{"kind":94,"text":"iterator"},"endToken":{"kind":98,"text":")"}},"initializer":{"!":"com.github.javaparser.ast.expr.MethodCallExpr","range":{"beginLine":30,"beginColumn":41,"endLine":30,"endColumn":97},"tokenRange":{"beginToken":{"kind":94,"text":"noInheritanceEntityBinding"},"endToken":{"kind":98,"text":")"}},"arguments":[],"name":{"!":"com.github.javaparser.ast.expr.SimpleName","range":{"beginLine":30,"beginColumn":88,"endLine":30,"endColumn":95},"tokenRange":{"beginToken":{"kind":94,"text":"iterator"},"endToken":{"kind":94,"text":"iterator"}},"identifier":"iterator"},"scope":{"!":"com.github.javaparser.ast.expr.MethodCallExpr","range":{"beginLine":30,"beginColumn":41,"endLine":30,"endColumn":86},"tokenRange":{"beginToken":{"kind":94,"text":"noInheritanceEntityBinding"},"endToken":{"kind":98,"text":")"}},"arguments":[],"name":{"!":"com.github.javaparser.ast.expr.SimpleName","range":{"beginLine":30,"beginColumn":68,"endLine":30,"endColumn":84},"tokenRange":{"beginToken":{"kind":94,"text":"attributeBindings"},"endToken":{"kind":94,"text":"attributeBindings"}},"identifier":"attributeBindings"},"scope":{"!":"com.github.javaparser.ast.expr.NameExpr","range":{"beginLine":30,"beginColumn":41,"endLine":30,"endColumn":66},"tokenRange":{"beginToken":{"kind":94,"text":"noInheritanceEntityBinding"},"endToken":{"kind":94,"text":"noInheritanceEntityBinding"}},"name":{"!":"com.github.javaparser.ast.expr.SimpleName","range":{"beginLine":30,"beginColumn":41,"endLine":30,"endColumn":66},"tokenRange":{"beginToken":{"kind":94,"text":"noInheritanceEntityBinding"},"endToken":{"kind":94,"text":"noInheritanceEntityBinding"}},"identifier":"noInheritanceEntityBinding"}}}},"name":{"!":"com.github.javaparser.ast.expr.SimpleName","range":{"beginLine":30,"beginColumn":30,"endLine":30,"endColumn":37},"tokenRange":{"beginToken":{"kind":94,"text":"iterator"},"endToken":{"kind":94,"text":"iterator"}},"identifier":"iterator"},"type":{"!":"com.github.javaparser.ast.type.ClassOrInterfaceType","range":{"beginLine":30,"beginColumn":3,"endLine":30,"endColumn":28},"tokenRange":{"beginToken":{"kind":94,"text":"Iterator"},"endToken":{"kind":146,"text":">"}},"name":{"!":"com.github.javaparser.ast.expr.SimpleName","range":{"beginLine":30,"beginColumn":3,"endLine":30,"endColumn":10},"tokenRange":{"beginToken":{"kind":94,"text":"Iterator"},"endToken":{"kind":94,"text":"Iterator"}},"identifier":"Iterator"},"typeArguments":[{"!":"com.github.javaparser.ast.type.ClassOrInterfaceType","range":{"beginLine":30,"beginColumn":12,"endLine":30,"endColumn":27},"tokenRange":{"beginToken":{"kind":94,"text":"AttributeBinding"},"endToken":{"kind":94,"text":"AttributeBinding"}},"name":{"!":"com.github.javaparser.ast.expr.SimpleName","range":{"beginLine":30,"beginColumn":12,"endLine":30,"endColumn":27},"tokenRange":{"beginToken":{"kind":94,"text":"AttributeBinding"},"endToken":{"kind":94,"text":"AttributeBinding"}},"identifier":"AttributeBinding"},"annotations":[]}],"annotations":[]}}]}},{"!":"com.github.javaparser.ast.stmt.ExpressionStmt","range":{"beginLine":31,"beginColumn":3,"endLine":31,"endColumn":35},"tokenRange":{"beginToken":{"kind":94,"text":"assertTrue"},"endToken":{"kind":103,"text":";"}},"expression":{"!":"com.github.javaparser.ast.expr.MethodCallExpr","range":{"beginLine":31,"beginColumn":3,"endLine":31,"endColumn":34},"tokenRange":{"beginToken":{"kind":94,"text":"assertTrue"},"endToken":{"kind":98,"text":")"}},"arguments":[{"!":"com.github.javaparser.ast.expr.MethodCallExpr","range":{"beginLine":31,"beginColumn":15,"endLine":31,"endColumn":32},"tokenRange":{"beginToken":{"kind":94,"text":"iterator"},"endToken":{"kind":98,"text":")"}},"arguments":[],"name":{"!":"com.github.javaparser.ast.expr.SimpleName","range":{"beginLine":31,"beginColumn":24,"endLine":31,"endColumn":30},"tokenRange":{"beginToken":{"kind":94,"text":"hasNext"},"endToken":{"kind":94,"text":"hasNext"}},"identifier":"hasNext"},"scope":{"!":"com.github.javaparser.ast.expr.NameExpr","range":{"beginLine":31,"beginColumn":15,"endLine":31,"endColumn":22},"tokenRange":{"beginToken":{"kind":94,"text":"iterator"},"endToken":{"kind":94,"text":"iterator"}},"name":{"!":"com.github.javaparser.ast.expr.SimpleName","range":{"beginLine":31,"beginColumn":15,"endLine":31,"endColumn":22},"tokenRange":{"beginToken":{"kind":94,"text":"iterator"},"endToken":{"kind":94,"text":"iterator"}},"identifier":"iterator"}}}],"name":{"!":"com.github.javaparser.ast.expr.SimpleName","range":{"beginLine":31,"beginColumn":3,"endLine":31,"endColumn":12},"tokenRange":{"beginToken":{"kind":94,"text":"assertTrue"},"endToken":{"kind":94,"text":"assertTrue"}},"identifier":"assertTrue"}}},{"!":"com.github.javaparser.ast.stmt.ExpressionStmt","range":{"beginLine":32,"beginColumn":3,"endLine":32,"endColumn":122},"tokenRange":{"beginToken":{"kind":94,"text":"assertSame"},"endToken":{"kind":103,"text":";"}},"expression":{"!":"com.github.javaparser.ast.expr.MethodCallExpr","range":{"beginLine":32,"beginColumn":3,"endLine":32,"endColumn":121},"tokenRange":{"beginToken":{"kind":94,"text":"assertSame"},"endToken":{"kind":98,"text":")"}},"arguments":[{"!":"com.github.javaparser.ast.expr.MethodCallExpr","range":{"beginLine":32,"beginColumn":15,"endLine":32,"endColumn":102},"tokenRange":{"beginToken":{"kind":94,"text":"noInheritanceEntityBinding"},"endToken":{"kind":98,"text":")"}},"arguments":[],"name":{"!":"com.github.javaparser.ast.expr.SimpleName","range":{"beginLine":32,"beginColumn":86,"endLine":32,"endColumn":100},"tokenRange":{"beginToken":{"kind":94,"text":"getValueBinding"},"endToken":{"kind":94,"text":"getValueBinding"}},"identifier":"getValueBinding"},"scope":{"!":"com.github.javaparser.ast.expr.MethodCallExpr","range":{"beginLine":32,"beginColumn":15,"endLine":32,"endColumn":84},"tokenRange":{"beginToken":{"kind":94,"text":"noInheritanceEntityBinding"},"endToken":{"kind":98,"text":")"}},"arguments":[],"name":{"!":"com.github.javaparser.ast.expr.SimpleName","range":{"beginLine":32,"beginColumn":64,"endLine":32,"endColumn":82},"tokenRange":{"beginToken":{"kind":94,"text":"getEntityIdentifier"},"endToken":{"kind":94,"text":"getEntityIdentifier"}},"identifier":"getEntityIdentifier"},"scope":{"!":"com.github.javaparser.ast.expr.MethodCallExpr","range":{"beginLine":32,"beginColumn":15,"endLine":32,"endColumn":62},"tokenRange":{"beginToken":{"kind":94,"text":"noInheritanceEntityBinding"},"endToken":{"kind":98,"text":")"}},"arguments":[],"name":{"!":"com.github.javaparser.ast.expr.SimpleName","range":{"beginLine":32,"beginColumn":42,"endLine":32,"endColumn":60},"tokenRange":{"beginToken":{"kind":94,"text":"getHierarchyDetails"},"endToken":{"kind":94,"text":"getHierarchyDetails"}},"identifier":"getHierarchyDetails"},"scope":{"!":"com.github.javaparser.ast.expr.NameExpr","range":{"beginLine":32,"beginColumn":15,"endLine":32,"endColumn":40},"tokenRange":{"beginToken":{"kind":94,"text":"noInheritanceEntityBinding"},"endToken":{"kind":94,"text":"noInheritanceEntityBinding"}},"name":{"!":"com.github.javaparser.ast.expr.SimpleName","range":{"beginLine":32,"beginColumn":15,"endLine":32,"endColumn":40},"tokenRange":{"beginToken":{"kind":94,"text":"noInheritanceEntityBinding"},"endToken":{"kind":94,"text":"noInheritanceEntityBinding"}},"identifier":"noInheritanceEntityBinding"}}}}},{"!":"com.github.javaparser.ast.expr.MethodCallExpr","range":{"beginLine":32,"beginColumn":105,"endLine":32,"endColumn":119},"tokenRange":{"beginToken":{"kind":94,"text":"iterator"},"endToken":{"kind":98,"text":")"}},"arguments":[],"name":{"!":"com.github.javaparser.ast.expr.SimpleName","range":{"beginLine":32,"beginColumn":114,"endLine":32,"endColumn":117},"tokenRange":{"beginToken":{"kind":94,"text":"next"},"endToken":{"kind":94,"text":"next"}},"identifier":"next"},"scope":{"!":"com.github.javaparser.ast.expr.NameExpr","range":{"beginLine":32,"beginColumn":105,"endLine":32,"endColumn":112},"tokenRange":{"beginToken":{"kind":94,"text":"iterator"},"endToken":{"kind":94,"text":"iterator"}},"name":{"!":"com.github.javaparser.ast.expr.SimpleName","range":{"beginLine":32,"beginColumn":105,"endLine":32,"endColumn":112},"tokenRange":{"beginToken":{"kind":94,"text":"iterator"},"endToken":{"kind":94,"text":"iterator"}},"identifier":"iterator"}}}],"name":{"!":"com.github.javaparser.ast.expr.SimpleName","range":{"beginLine":32,"beginColumn":3,"endLine":32,"endColumn":12},"tokenRange":{"beginToken":{"kind":94,"text":"assertSame"},"endToken":{"kind":94,"text":"assertSame"}},"identifier":"assertSame"}}},{"!":"com.github.javaparser.ast.stmt.ExpressionStmt","range":{"beginLine":33,"beginColumn":3,"endLine":33,"endColumn":36},"tokenRange":{"beginToken":{"kind":94,"text":"assertFalse"},"endToken":{"kind":103,"text":";"}},"expression":{"!":"com.github.javaparser.ast.expr.MethodCallExpr","range":{"beginLine":33,"beginColumn":3,"endLine":33,"endColumn":35},"tokenRange":{"beginToken":{"kind":94,"text":"assertFalse"},"endToken":{"kind":98,"text":")"}},"arguments":[{"!":"com.github.javaparser.ast.expr.MethodCallExpr","range":{"beginLine":33,"beginColumn":16,"endLine":33,"endColumn":33},"tokenRange":{"beginToken":{"kind":94,"text":"iterator"},"endToken":{"kind":98,"text":")"}},"arguments":[],"name":{"!":"com.github.javaparser.ast.expr.SimpleName","range":{"beginLine":33,"beginColumn":25,"endLine":33,"endColumn":31},"tokenRange":{"beginToken":{"kind":94,"text":"hasNext"},"endToken":{"kind":94,"text":"hasNext"}},"identifier":"hasNext"},"scope":{"!":"com.github.javaparser.ast.expr.NameExpr","range":{"beginLine":33,"beginColumn":16,"endLine":33,"endColumn":23},"tokenRange":{"beginToken":{"kind":94,"text":"iterator"},"endToken":{"kind":94,"text":"iterator"}},"name":{"!":"com.github.javaparser.ast.expr.SimpleName","range":{"beginLine":33,"beginColumn":16,"endLine":33,"endColumn":23},"tokenRange":{"beginToken":{"kind":94,"text":"iterator"},"endToken":{"kind":94,"text":"iterator"}},"identifier":"iterator"}}}],"name":{"!":"com.github.javaparser.ast.expr.SimpleName","range":{"beginLine":33,"beginColumn":3,"endLine":33,"endColumn":13},"tokenRange":{"beginToken":{"kind":94,"text":"assertFalse"},"endToken":{"kind":94,"text":"assertFalse"}},"identifier":"assertFalse"}}},{"!":"com.github.javaparser.ast.stmt.ExpressionStmt","range":{"beginLine":34,"beginColumn":3,"endLine":34,"endColumn":80},"tokenRange":{"beginToken":{"kind":94,"text":"iterator"},"endToken":{"kind":103,"text":";"}},"expression":{"!":"com.github.javaparser.ast.expr.AssignExpr","range":{"beginLine":34,"beginColumn":3,"endLine":34,"endColumn":79},"tokenRange":{"beginToken":{"kind":94,"text":"iterator"},"endToken":{"kind":98,"text":")"}},"operator":"ASSIGN","target":{"!":"com.github.javaparser.ast.expr.NameExpr","range":{"beginLine":34,"beginColumn":3,"endLine":34,"endColumn":10},"tokenRange":{"beginToken":{"kind":94,"text":"iterator"},"endToken":{"kind":94,"text":"iterator"}},"name":{"!":"com.github.javaparser.ast.expr.SimpleName","range":{"beginLine":34,"beginColumn":3,"endLine":34,"endColumn":10},"tokenRange":{"beginToken":{"kind":94,"text":"iterator"},"endToken":{"kind":94,"text":"iterator"}},"identifier":"iterator"}},"value":{"!":"com.github.javaparser.ast.expr.MethodCallExpr","range":{"beginLine":34,"beginColumn":14,"endLine":34,"endColumn":79},"tokenRange":{"beginToken":{"kind":94,"text":"noInheritanceEntityBinding"},"endToken":{"kind":98,"text":")"}},"arguments":[],"name":{"!":"com.github.javaparser.ast.expr.SimpleName","range":{"beginLine":34,"beginColumn":70,"endLine":34,"endColumn":77},"tokenRange":{"beginToken":{"kind":94,"text":"iterator"},"endToken":{"kind":94,"text":"iterator"}},"identifier":"iterator"},"scope":{"!":"com.github.javaparser.ast.expr.MethodCallExpr","range":{"beginLine":34,"beginColumn":14,"endLine":34,"endColumn":68},"tokenRange":{"beginToken":{"kind":94,"text":"noInheritanceEntityBinding"},"endToken":{"kind":98,"text":")"}},"arguments":[],"name":{"!":"com.github.javaparser.ast.expr.SimpleName","range":{"beginLine":34,"beginColumn":41,"endLine":34,"endColumn":66},"tokenRange":{"beginToken":{"kind":94,"text":"getAttributeBindingClosure"},"endToken":{"kind":94,"text":"getAttributeBindingClosure"}},"identifier":"getAttributeBindingClosure"},"scope":{"!":"com.github.javaparser.ast.expr.NameExpr","range":{"beginLine":34,"beginColumn":14,"endLine":34,"endColumn":39},"tokenRange":{"beginToken":{"kind":94,"text":"noInheritanceEntityBinding"},"endToken":{"kind":94,"text":"noInheritanceEntityBinding"}},"name":{"!":"com.github.javaparser.ast.expr.SimpleName","range":{"beginLine":34,"beginColumn":14,"endLine":34,"endColumn":39},"tokenRange":{"beginToken":{"kind":94,"text":"noInheritanceEntityBinding"},"endToken":{"kind":94,"text":"noInheritanceEntityBinding"}},"identifier":"noInheritanceEntityBinding"}}}}}},{"!":"com.github.javaparser.ast.stmt.ExpressionStmt","range":{"beginLine":35,"beginColumn":3,"endLine":35,"endColumn":35},"tokenRange":{"beginToken":{"kind":94,"text":"assertTrue"},"endToken":{"kind":103,"text":";"}},"expression":{"!":"com.github.javaparser.ast.expr.MethodCallExpr","range":{"beginLine":35,"beginColumn":3,"endLine":35,"endColumn":34},"tokenRange":{"beginToken":{"kind":94,"text":"assertTrue"},"endToken":{"kind":98,"text":")"}},"arguments":[{"!":"com.github.javaparser.ast.expr.MethodCallExpr","range":{"beginLine":35,"beginColumn":15,"endLine":35,"endColumn":32},"tokenRange":{"beginToken":{"kind":94,"text":"iterator"},"endToken":{"kind":98,"text":")"}},"arguments":[],"name":{"!":"com.github.javaparser.ast.expr.SimpleName","range":{"beginLine":35,"beginColumn":24,"endLine":35,"endColumn":30},"tokenRange":{"beginToken":{"kind":94,"text":"hasNext"},"endToken":{"kind":94,"text":"hasNext"}},"identifier":"hasNext"},"scope":{"!":"com.github.javaparser.ast.expr.NameExpr","range":{"beginLine":35,"beginColumn":15,"endLine":35,"endColumn":22},"tokenRange":{"beginToken":{"kind":94,"text":"iterator"},"endToken":{"kind":94,"text":"iterator"}},"name":{"!":"com.github.javaparser.ast.expr.SimpleName","range":{"beginLine":35,"beginColumn":15,"endLine":35,"endColumn":22},"tokenRange":{"beginToken":{"kind":94,"text":"iterator"},"endToken":{"kind":94,"text":"iterator"}},"identifier":"iterator"}}}],"name":{"!":"com.github.javaparser.ast.expr.SimpleName","range":{"beginLine":35,"beginColumn":3,"endLine":35,"endColumn":12},"tokenRange":{"beginToken":{"kind":94,"text":"assertTrue"},"endToken":{"kind":94,"text":"assertTrue"}},"identifier":"assertTrue"}}},{"!":"com.github.javaparser.ast.stmt.ExpressionStmt","range":{"beginLine":36,"beginColumn":3,"endLine":36,"endColumn":122},"tokenRange":{"beginToken":{"kind":94,"text":"assertSame"},"endToken":{"kind":103,"text":";"}},"expression":{"!":"com.github.javaparser.ast.expr.MethodCallExpr","range":{"beginLine":36,"beginColumn":3,"endLine":36,"endColumn":121},"tokenRange":{"beginToken":{"kind":94,"text":"assertSame"},"endToken":{"kind":98,"text":")"}},"arguments":[{"!":"com.github.javaparser.ast.expr.MethodCallExpr","range":{"beginLine":36,"beginColumn":15,"endLine":36,"endColumn":102},"tokenRange":{"beginToken":{"kind":94,"text":"noInheritanceEntityBinding"},"endToken":{"kind":98,"text":")"}},"arguments":[],"name":{"!":"com.github.javaparser.ast.expr.SimpleName","range":{"beginLine":36,"beginColumn":86,"endLine":36,"endColumn":100},"tokenRange":{"beginToken":{"kind":94,"text":"getValueBinding"},"endToken":{"kind":94,"text":"getValueBinding"}},"identifier":"getValueBinding"},"scope":{"!":"com.github.javaparser.ast.expr.MethodCallExpr","range":{"beginLine":36,"beginColumn":15,"endLine":36,"endColumn":84},"tokenRange":{"beginToken":{"kind":94,"text":"noInheritanceEntityBinding"},"endToken":{"kind":98,"text":")"}},"arguments":[],"name":{"!":"com.github.javaparser.ast.expr.SimpleName","range":{"beginLine":36,"beginColumn":64,"endLine":36,"endColumn":82},"tokenRange":{"beginToken":{"kind":94,"text":"getEntityIdentifier"},"endToken":{"kind":94,"text":"getEntityIdentifier"}},"identifier":"getEntityIdentifier"},"scope":{"!":"com.github.javaparser.ast.expr.MethodCallExpr","range":{"beginLine":36,"beginColumn":15,"endLine":36,"endColumn":62},"tokenRange":{"beginToken":{"kind":94,"text":"noInheritanceEntityBinding"},"endToken":{"kind":98,"text":")"}},"arguments":[],"name":{"!":"com.github.javaparser.ast.expr.SimpleName","range":{"beginLine":36,"beginColumn":42,"endLine":36,"endColumn":60},"tokenRange":{"beginToken":{"kind":94,"text":"getHierarchyDetails"},"endToken":{"kind":94,"text":"getHierarchyDetails"}},"identifier":"getHierarchyDetails"},"scope":{"!":"com.github.javaparser.ast.expr.NameExpr","range":{"beginLine":36,"beginColumn":15,"endLine":36,"endColumn":40},"tokenRange":{"beginToken":{"kind":94,"text":"noInheritanceEntityBinding"},"endToken":{"kind":94,"text":"noInheritanceEntityBinding"}},"name":{"!":"com.github.javaparser.ast.expr.SimpleName","range":{"beginLine":36,"beginColumn":15,"endLine":36,"endColumn":40},"tokenRange":{"beginToken":{"kind":94,"text":"noInheritanceEntityBinding"},"endToken":{"kind":94,"text":"noInheritanceEntityBinding"}},"identifier":"noInheritanceEntityBinding"}}}}},{"!":"com.github.javaparser.ast.expr.MethodCallExpr","range":{"beginLine":36,"beginColumn":105,"endLine":36,"endColumn":119},"tokenRange":{"beginToken":{"kind":94,"text":"iterator"},"endToken":{"kind":98,"text":")"}},"arguments":[],"name":{"!":"com.github.javaparser.ast.expr.SimpleName","range":{"beginLine":36,"beginColumn":114,"endLine":36,"endColumn":117},"tokenRange":{"beginToken":{"kind":94,"text":"next"},"endToken":{"kind":94,"text":"next"}},"identifier":"next"},"scope":{"!":"com.github.javaparser.ast.expr.NameExpr","range":{"beginLine":36,"beginColumn":105,"endLine":36,"endColumn":112},"tokenRange":{"beginToken":{"kind":94,"text":"iterator"},"endToken":{"kind":94,"text":"iterator"}},"name":{"!":"com.github.javaparser.ast.expr.SimpleName","range":{"beginLine":36,"beginColumn":105,"endLine":36,"endColumn":112},"tokenRange":{"beginToken":{"kind":94,"text":"iterator"},"endToken":{"kind":94,"text":"iterator"}},"identifier":"iterator"}}}],"name":{"!":"com.github.javaparser.ast.expr.SimpleName","range":{"beginLine":36,"beginColumn":3,"endLine":36,"endColumn":12},"tokenRange":{"beginToken":{"kind":94,"text":"assertSame"},"endToken":{"kind":94,"text":"assertSame"}},"identifier":"assertSame"}}},{"!":"com.github.javaparser.ast.stmt.ExpressionStmt","range":{"beginLine":37,"beginColumn":3,"endLine":37,"endColumn":36},"tokenRange":{"beginToken":{"kind":94,"text":"assertFalse"},"endToken":{"kind":103,"text":";"}},"expression":{"!":"com.github.javaparser.ast.expr.MethodCallExpr","range":{"beginLine":37,"beginColumn":3,"endLine":37,"endColumn":35},"tokenRange":{"beginToken":{"kind":94,"text":"assertFalse"},"endToken":{"kind":98,"text":")"}},"arguments":[{"!":"com.github.javaparser.ast.expr.MethodCallExpr","range":{"beginLine":37,"beginColumn":16,"endLine":37,"endColumn":33},"tokenRange":{"beginToken":{"kind":94,"text":"iterator"},"endToken":{"kind":98,"text":")"}},"arguments":[],"name":{"!":"com.github.javaparser.ast.expr.SimpleName","range":{"beginLine":37,"beginColumn":25,"endLine":37,"endColumn":31},"tokenRange":{"beginToken":{"kind":94,"text":"hasNext"},"endToken":{"kind":94,"text":"hasNext"}},"identifier":"hasNext"},"scope":{"!":"com.github.javaparser.ast.expr.NameExpr","range":{"beginLine":37,"beginColumn":16,"endLine":37,"endColumn":23},"tokenRange":{"beginToken":{"kind":94,"text":"iterator"},"endToken":{"kind":94,"text":"iterator"}},"name":{"!":"com.github.javaparser.ast.expr.SimpleName","range":{"beginLine":37,"beginColumn":16,"endLine":37,"endColumn":23},"tokenRange":{"beginToken":{"kind":94,"text":"iterator"},"endToken":{"kind":94,"text":"iterator"}},"identifier":"iterator"}}}],"name":{"!":"com.github.javaparser.ast.expr.SimpleName","range":{"beginLine":37,"beginColumn":3,"endLine":37,"endColumn":13},"tokenRange":{"beginToken":{"kind":94,"text":"assertFalse"},"endToken":{"kind":94,"text":"assertFalse"}},"identifier":"assertFalse"}}},{"!":"com.github.javaparser.ast.stmt.ExpressionStmt","range":{"beginLine":38,"beginColumn":3,"endLine":38,"endColumn":90},"tokenRange":{"beginToken":{"kind":94,"text":"iterator"},"endToken":{"kind":103,"text":";"}},"expression":{"!":"com.github.javaparser.ast.expr.AssignExpr","range":{"beginLine":38,"beginColumn":3,"endLine":38,"endColumn":89},"tokenRange":{"beginToken":{"kind":94,"text":"iterator"},"endToken":{"kind":98,"text":")"}},"operator":"ASSIGN","target":{"!":"com.github.javaparser.ast.expr.NameExpr","range":{"beginLine":38,"beginColumn":3,"endLine":38,"endColumn":10},"tokenRange":{"beginToken":{"kind":94,"text":"iterator"},"endToken":{"kind":94,"text":"iterator"}},"name":{"!":"com.github.javaparser.ast.expr.SimpleName","range":{"beginLine":38,"beginColumn":3,"endLine":38,"endColumn":10},"tokenRange":{"beginToken":{"kind":94,"text":"iterator"},"endToken":{"kind":94,"text":"iterator"}},"identifier":"iterator"}},"value":{"!":"com.github.javaparser.ast.expr.MethodCallExpr","range":{"beginLine":38,"beginColumn":15,"endLine":38,"endColumn":89},"tokenRange":{"beginToken":{"kind":94,"text":"noInheritanceEntityBinding"},"endToken":{"kind":98,"text":")"}},"arguments":[],"name":{"!":"com.github.javaparser.ast.expr.SimpleName","range":{"beginLine":38,"beginColumn":80,"endLine":38,"endColumn":87},"tokenRange":{"beginToken":{"kind":94,"text":"iterator"},"endToken":{"kind":94,"text":"iterator"}},"identifier":"iterator"},"scope":{"!":"com.github.javaparser.ast.expr.MethodCallExpr","range":{"beginLine":38,"beginColumn":15,"endLine":38,"endColumn":78},"tokenRange":{"beginToken":{"kind":94,"text":"noInheritanceEntityBinding"},"endToken":{"kind":98,"text":")"}},"arguments":[],"name":{"!":"com.github.javaparser.ast.expr.SimpleName","range":{"beginLine":38,"beginColumn":42,"endLine":38,"endColumn":76},"tokenRange":{"beginToken":{"kind":94,"text":"getSubEntityAttributeBindingClosure"},"endToken":{"kind":94,"text":"getSubEntityAttributeBindingClosure"}},"identifier":"getSubEntityAttributeBindingClosure"},"scope":{"!":"com.github.javaparser.ast.expr.NameExpr","range":{"beginLine":38,"beginColumn":15,"endLine":38,"endColumn":40},"tokenRange":{"beginToken":{"kind":94,"text":"noInheritanceEntityBinding"},"endToken":{"kind":94,"text":"noInheritanceEntityBinding"}},"name":{"!":"com.github.javaparser.ast.expr.SimpleName","range":{"beginLine":38,"beginColumn":15,"endLine":38,"endColumn":40},"tokenRange":{"beginToken":{"kind":94,"text":"noInheritanceEntityBinding"},"endToken":{"kind":94,"text":"noInheritanceEntityBinding"}},"identifier":"noInheritanceEntityBinding"}}}}}},{"!":"com.github.javaparser.ast.stmt.ExpressionStmt","range":{"beginLine":39,"beginColumn":3,"endLine":39,"endColumn":35},"tokenRange":{"beginToken":{"kind":94,"text":"assertTrue"},"endToken":{"kind":103,"text":";"}},"expression":{"!":"com.github.javaparser.ast.expr.MethodCallExpr","range":{"beginLine":39,"beginColumn":3,"endLine":39,"endColumn":34},"tokenRange":{"beginToken":{"kind":94,"text":"assertTrue"},"endToken":{"kind":98,"text":")"}},"arguments":[{"!":"com.github.javaparser.ast.expr.MethodCallExpr","range":{"beginLine":39,"beginColumn":15,"endLine":39,"endColumn":32},"tokenRange":{"beginToken":{"kind":94,"text":"iterator"},"endToken":{"kind":98,"text":")"}},"arguments":[],"name":{"!":"com.github.javaparser.ast.expr.SimpleName","range":{"beginLine":39,"beginColumn":24,"endLine":39,"endColumn":30},"tokenRange":{"beginToken":{"kind":94,"text":"hasNext"},"endToken":{"kind":94,"text":"hasNext"}},"identifier":"hasNext"},"scope":{"!":"com.github.javaparser.ast.expr.NameExpr","range":{"beginLine":39,"beginColumn":15,"endLine":39,"endColumn":22},"tokenRange":{"beginToken":{"kind":94,"text":"iterator"},"endToken":{"kind":94,"text":"iterator"}},"name":{"!":"com.github.javaparser.ast.expr.SimpleName","range":{"beginLine":39,"beginColumn":15,"endLine":39,"endColumn":22},"tokenRange":{"beginToken":{"kind":94,"text":"iterator"},"endToken":{"kind":94,"text":"iterator"}},"identifier":"iterator"}}}],"name":{"!":"com.github.javaparser.ast.expr.SimpleName","range":{"beginLine":39,"beginColumn":3,"endLine":39,"endColumn":12},"tokenRange":{"beginToken":{"kind":94,"text":"assertTrue"},"endToken":{"kind":94,"text":"assertTrue"}},"identifier":"assertTrue"}}},{"!":"com.github.javaparser.ast.stmt.ExpressionStmt","range":{"beginLine":40,"beginColumn":3,"endLine":40,"endColumn":122},"tokenRange":{"beginToken":{"kind":94,"text":"assertSame"},"endToken":{"kind":103,"text":";"}},"expression":{"!":"com.github.javaparser.ast.expr.MethodCallExpr","range":{"beginLine":40,"beginColumn":3,"endLine":40,"endColumn":121},"tokenRange":{"beginToken":{"kind":94,"text":"assertSame"},"endToken":{"kind":98,"text":")"}},"arguments":[{"!":"com.github.javaparser.ast.expr.MethodCallExpr","range":{"beginLine":40,"beginColumn":15,"endLine":40,"endColumn":102},"tokenRange":{"beginToken":{"kind":94,"text":"noInheritanceEntityBinding"},"endToken":{"kind":98,"text":")"}},"arguments":[],"name":{"!":"com.github.javaparser.ast.expr.SimpleName","range":{"beginLine":40,"beginColumn":86,"endLine":40,"endColumn":100},"tokenRange":{"beginToken":{"kind":94,"text":"getValueBinding"},"endToken":{"kind":94,"text":"getValueBinding"}},"identifier":"getValueBinding"},"scope":{"!":"com.github.javaparser.ast.expr.MethodCallExpr","range":{"beginLine":40,"beginColumn":15,"endLine":40,"endColumn":84},"tokenRange":{"beginToken":{"kind":94,"text":"noInheritanceEntityBinding"},"endToken":{"kind":98,"text":")"}},"arguments":[],"name":{"!":"com.github.javaparser.ast.expr.SimpleName","range":{"beginLine":40,"beginColumn":64,"endLine":40,"endColumn":82},"tokenRange":{"beginToken":{"kind":94,"text":"getEntityIdentifier"},"endToken":{"kind":94,"text":"getEntityIdentifier"}},"identifier":"getEntityIdentifier"},"scope":{"!":"com.github.javaparser.ast.expr.MethodCallExpr","range":{"beginLine":40,"beginColumn":15,"endLine":40,"endColumn":62},"tokenRange":{"beginToken":{"kind":94,"text":"noInheritanceEntityBinding"},"endToken":{"kind":98,"text":")"}},"arguments":[],"name":{"!":"com.github.javaparser.ast.expr.SimpleName","range":{"beginLine":40,"beginColumn":42,"endLine":40,"endColumn":60},"tokenRange":{"beginToken":{"kind":94,"text":"getHierarchyDetails"},"endToken":{"kind":94,"text":"getHierarchyDetails"}},"identifier":"getHierarchyDetails"},"scope":{"!":"com.github.javaparser.ast.expr.NameExpr","range":{"beginLine":40,"beginColumn":15,"endLine":40,"endColumn":40},"tokenRange":{"beginToken":{"kind":94,"text":"noInheritanceEntityBinding"},"endToken":{"kind":94,"text":"noInheritanceEntityBinding"}},"name":{"!":"com.github.javaparser.ast.expr.SimpleName","range":{"beginLine":40,"beginColumn":15,"endLine":40,"endColumn":40},"tokenRange":{"beginToken":{"kind":94,"text":"noInheritanceEntityBinding"},"endToken":{"kind":94,"text":"noInheritanceEntityBinding"}},"identifier":"noInheritanceEntityBinding"}}}}},{"!":"com.github.javaparser.ast.expr.MethodCallExpr","range":{"beginLine":40,"beginColumn":105,"endLine":40,"endColumn":119},"tokenRange":{"beginToken":{"kind":94,"text":"iterator"},"endToken":{"kind":98,"text":")"}},"arguments":[],"name":{"!":"com.github.javaparser.ast.expr.SimpleName","range":{"beginLine":40,"beginColumn":114,"endLine":40,"endColumn":117},"tokenRange":{"beginToken":{"kind":94,"text":"next"},"endToken":{"kind":94,"text":"next"}},"identifier":"next"},"scope":{"!":"com.github.javaparser.ast.expr.NameExpr","range":{"beginLine":40,"beginColumn":105,"endLine":40,"endColumn":112},"tokenRange":{"beginToken":{"kind":94,"text":"iterator"},"endToken":{"kind":94,"text":"iterator"}},"name":{"!":"com.github.javaparser.ast.expr.SimpleName","range":{"beginLine":40,"beginColumn":105,"endLine":40,"endColumn":112},"tokenRange":{"beginToken":{"kind":94,"text":"iterator"},"endToken":{"kind":94,"text":"iterator"}},"identifier":"iterator"}}}],"name":{"!":"com.github.javaparser.ast.expr.SimpleName","range":{"beginLine":40,"beginColumn":3,"endLine":40,"endColumn":12},"tokenRange":{"beginToken":{"kind":94,"text":"assertSame"},"endToken":{"kind":94,"text":"assertSame"}},"identifier":"assertSame"}}},{"!":"com.github.javaparser.ast.stmt.ExpressionStmt","range":{"beginLine":41,"beginColumn":3,"endLine":41,"endColumn":36},"tokenRange":{"beginToken":{"kind":94,"text":"assertFalse"},"endToken":{"kind":103,"text":";"}},"expression":{"!":"com.github.javaparser.ast.expr.MethodCallExpr","range":{"beginLine":41,"beginColumn":3,"endLine":41,"endColumn":35},"tokenRange":{"beginToken":{"kind":94,"text":"assertFalse"},"endToken":{"kind":98,"text":")"}},"arguments":[{"!":"com.github.javaparser.ast.expr.MethodCallExpr","range":{"beginLine":41,"beginColumn":16,"endLine":41,"endColumn":33},"tokenRange":{"beginToken":{"kind":94,"text":"iterator"},"endToken":{"kind":98,"text":")"}},"arguments":[],"name":{"!":"com.github.javaparser.ast.expr.SimpleName","range":{"beginLine":41,"beginColumn":25,"endLine":41,"endColumn":31},"tokenRange":{"beginToken":{"kind":94,"text":"hasNext"},"endToken":{"kind":94,"text":"hasNext"}},"identifier":"hasNext"},"scope":{"!":"com.github.javaparser.ast.expr.NameExpr","range":{"beginLine":41,"beginColumn":16,"endLine":41,"endColumn":23},"tokenRange":{"beginToken":{"kind":94,"text":"iterator"},"endToken":{"kind":94,"text":"iterator"}},"name":{"!":"com.github.javaparser.ast.expr.SimpleName","range":{"beginLine":41,"beginColumn":16,"endLine":41,"endColumn":23},"tokenRange":{"beginToken":{"kind":94,"text":"iterator"},"endToken":{"kind":94,"text":"iterator"}},"identifier":"iterator"}}}],"name":{"!":"com.github.javaparser.ast.expr.SimpleName","range":{"beginLine":41,"beginColumn":3,"endLine":41,"endColumn":13},"tokenRange":{"beginToken":{"kind":94,"text":"assertFalse"},"endToken":{"kind":94,"text":"assertFalse"}},"identifier":"assertFalse"}}}]},"type":{"!":"com.github.javaparser.ast.type.VoidType","range":{"beginLine":10,"beginColumn":9,"endLine":10,"endColumn":12},"tokenRange":{"beginToken":{"kind":62,"text":"void"},"endToken":{"kind":62,"text":"void"}},"annotations":[]},"modifiers":[{"!":"com.github.javaparser.ast.Modifier","range":{"beginLine":10,"beginColumn":2,"endLine":10,"endColumn":7},"tokenRange":{"beginToken":{"kind":47,"text":"public"},"endToken":{"kind":47,"text":"public"}},"keyword":"PUBLIC"}],"name":{"!":"com.github.javaparser.ast.expr.SimpleName","range":{"beginLine":10,"beginColumn":14,"endLine":10,"endColumn":31},"tokenRange":{"beginToken":{"kind":94,"text":"testNoPolymorphism"},"endToken":{"kind":94,"text":"testNoPolymorphism"}},"identifier":"testNoPolymorphism"},"parameters":[],"thrownExceptions":[],"typeParameters":[],"annotations":[{"!":"com.github.javaparser.ast.expr.MarkerAnnotationExpr","range":{"beginLine":2,"beginColumn":2,"endLine":2,"endColumn":6},"tokenRange":{"beginToken":{"kind":107,"text":"@"},"endToken":{"kind":94,"text":"Test"}},"name":{"!":"com.github.javaparser.ast.expr.Name","range":{"beginLine":2,"beginColumn":3,"endLine":2,"endColumn":6},"tokenRange":{"beginToken":{"kind":94,"text":"Test"},"endToken":{"kind":94,"text":"Test"}},"identifier":"Test"}},{"!":"com.github.javaparser.ast.expr.NormalAnnotationExpr","range":{"beginLine":3,"beginColumn":2,"endLine":9,"endColumn":3},"tokenRange":{"beginToken":{"kind":107,"text":"@"},"endToken":{"kind":98,"text":")"}},"pairs":[{"!":"com.github.javaparser.ast.expr.MemberValuePair","range":{"beginLine":3,"beginColumn":13,"endLine":9,"endColumn":2},"tokenRange":{"beginToken":{"kind":94,"text":"annotatedClasses"},"endToken":{"kind":100,"text":"}"}},"name":{"!":"com.github.javaparser.ast.expr.SimpleName","range":{"beginLine":3,"beginColumn":13,"endLine":3,"endColumn":28},"tokenRange":{"beginToken":{"kind":94,"text":"annotatedClasses"},"endToken":{"kind":94,"text":"annotatedClasses"}},"identifier":"annotatedClasses"},"value":{"!":"com.github.javaparser.ast.expr.ArrayInitializerExpr","range":{"beginLine":3,"beginColumn":32,"endLine":9,"endColumn":2},"tokenRange":{"beginToken":{"kind":99,"text":"{"},"endToken":{"kind":100,"text":"}"}},"values":[{"!":"com.github.javaparser.ast.expr.ClassExpr","range":{"beginLine":4,"beginColumn":4,"endLine":4,"endColumn":41},"tokenRange":{"beginToken":{"kind":94,"text":"SubclassOfSingleTableInheritance"},"endToken":{"kind":19,"text":"class"}},"type":{"!":"com.github.javaparser.ast.type.ClassOrInterfaceType","range":{"beginLine":4,"beginColumn":4,"endLine":4,"endColumn":35},"tokenRange":{"beginToken":{"kind":94,"text":"SubclassOfSingleTableInheritance"},"endToken":{"kind":94,"text":"SubclassOfSingleTableInheritance"}},"name":{"!":"com.github.javaparser.ast.expr.SimpleName","range":{"beginLine":4,"beginColumn":4,"endLine":4,"endColumn":35},"tokenRange":{"beginToken":{"kind":94,"text":"SubclassOfSingleTableInheritance"},"endToken":{"kind":94,"text":"SubclassOfSingleTableInheritance"}},"identifier":"SubclassOfSingleTableInheritance"},"annotations":[]}},{"!":"com.github.javaparser.ast.expr.ClassExpr","range":{"beginLine":5,"beginColumn":4,"endLine":5,"endColumn":21},"tokenRange":{"beginToken":{"kind":94,"text":"SingleEntity"},"endToken":{"kind":19,"text":"class"}},"type":{"!":"com.github.javaparser.ast.type.ClassOrInterfaceType","range":{"beginLine":5,"beginColumn":4,"endLine":5,"endColumn":15},"tokenRange":{"beginToken":{"kind":94,"text":"SingleEntity"},"endToken":{"kind":94,"text":"SingleEntity"}},"name":{"!":"com.github.javaparser.ast.expr.SimpleName","range":{"beginLine":5,"beginColumn":4,"endLine":5,"endColumn":15},"tokenRange":{"beginToken":{"kind":94,"text":"SingleEntity"},"endToken":{"kind":94,"text":"SingleEntity"}},"identifier":"SingleEntity"},"annotations":[]}},{"!":"com.github.javaparser.ast.expr.ClassExpr","range":{"beginLine":6,"beginColumn":4,"endLine":6,"endColumn":37},"tokenRange":{"beginToken":{"kind":94,"text":"RootOfSingleTableInheritance"},"endToken":{"kind":19,"text":"class"}},"type":{"!":"com.github.javaparser.ast.type.ClassOrInterfaceType","range":{"beginLine":6,"beginColumn":4,"endLine":6,"endColumn":31},"tokenRange":{"beginToken":{"kind":94,"text":"RootOfSingleTableInheritance"},"endToken":{"kind":94,"text":"RootOfSingleTableInheritance"}},"name":{"!":"com.github.javaparser.ast.expr.SimpleName","range":{"beginLine":6,"beginColumn":4,"endLine":6,"endColumn":31},"tokenRange":{"beginToken":{"kind":94,"text":"RootOfSingleTableInheritance"},"endToken":{"kind":94,"text":"RootOfSingleTableInheritance"}},"identifier":"RootOfSingleTableInheritance"},"annotations":[]}},{"!":"com.github.javaparser.ast.expr.ClassExpr","range":{"beginLine":7,"beginColumn":4,"endLine":7,"endColumn":46},"tokenRange":{"beginToken":{"kind":94,"text":"OtherSubclassOfSingleTableInheritance"},"endToken":{"kind":19,"text":"class"}},"type":{"!":"com.github.javaparser.ast.type.ClassOrInterfaceType","range":{"beginLine":7,"beginColumn":4,"endLine":7,"endColumn":40},"tokenRange":{"beginToken":{"kind":94,"text":"OtherSubclassOfSingleTableInheritance"},"endToken":{"kind":94,"text":"OtherSubclassOfSingleTableInheritance"}},"name":{"!":"com.github.javaparser.ast.expr.SimpleName","range":{"beginLine":7,"beginColumn":4,"endLine":7,"endColumn":40},"tokenRange":{"beginToken":{"kind":94,"text":"OtherSubclassOfSingleTableInheritance"},"endToken":{"kind":94,"text":"OtherSubclassOfSingleTableInheritance"}},"identifier":"OtherSubclassOfSingleTableInheritance"},"annotations":[]}},{"!":"com.github.javaparser.ast.expr.ClassExpr","range":{"beginLine":8,"beginColumn":4,"endLine":8,"endColumn":51},"tokenRange":{"beginToken":{"kind":94,"text":"SubclassOfSubclassOfSingleTableInheritance"},"endToken":{"kind":19,"text":"class"}},"type":{"!":"com.github.javaparser.ast.type.ClassOrInterfaceType","range":{"beginLine":8,"beginColumn":4,"endLine":8,"endColumn":45},"tokenRange":{"beginToken":{"kind":94,"text":"SubclassOfSubclassOfSingleTableInheritance"},"endToken":{"kind":94,"text":"SubclassOfSubclassOfSingleTableInheritance"}},"name":{"!":"com.github.javaparser.ast.expr.SimpleName","range":{"beginLine":8,"beginColumn":4,"endLine":8,"endColumn":45},"tokenRange":{"beginToken":{"kind":94,"text":"SubclassOfSubclassOfSingleTableInheritance"},"endToken":{"kind":94,"text":"SubclassOfSubclassOfSingleTableInheritance"}},"identifier":"SubclassOfSubclassOfSingleTableInheritance"},"annotations":[]}}]}}],"name":{"!":"com.github.javaparser.ast.expr.Name","range":{"beginLine":3,"beginColumn":3,"endLine":3,"endColumn":11},"tokenRange":{"beginToken":{"kind":94,"text":"Resources"},"endToken":{"kind":94,"text":"Resources"}},"identifier":"Resources"}}]}],"modifiers":[],"name":{"!":"com.github.javaparser.ast.expr.SimpleName","range":{"beginLine":1,"beginColumn":7,"endLine":1,"endColumn":10},"tokenRange":{"beginToken":{"kind":94,"text":"Test"},"endToken":{"kind":94,"text":"Test"}},"identifier":"Test"},"annotations":[]}]}