{"!":"com.github.javaparser.ast.CompilationUnit","range":{"beginLine":1,"beginColumn":1,"endLine":42,"endColumn":2},"tokenRange":{"beginToken":{"kind":19,"text":"class"},"endToken":{"kind":0,"text":""}},"imports":[],"types":[{"!":"com.github.javaparser.ast.body.ClassOrInterfaceDeclaration","range":{"beginLine":1,"beginColumn":1,"endLine":42,"endColumn":2},"tokenRange":{"beginToken":{"kind":19,"text":"class"},"endToken":{"kind":100,"text":"}"}},"extendedTypes":[],"implementedTypes":[],"isInterface":"false","typeParameters":[],"members":[{"!":"com.github.javaparser.ast.body.MethodDeclaration","range":{"beginLine":2,"beginColumn":2,"endLine":40,"endColumn":2},"tokenRange":{"beginToken":{"kind":107,"text":"@"},"endToken":{"kind":100,"text":"}"}},"body":{"!":"com.github.javaparser.ast.stmt.BlockStmt","range":{"beginLine":3,"beginColumn":33,"endLine":40,"endColumn":2},"tokenRange":{"beginToken":{"kind":99,"text":"{"},"endToken":{"kind":100,"text":"}"}},"statements":[{"!":"com.github.javaparser.ast.stmt.ExpressionStmt","range":{"beginLine":4,"beginColumn":3,"endLine":4,"endColumn":34},"tokenRange":{"beginToken":{"kind":94,"text":"Session"},"endToken":{"kind":103,"text":";"}},"expression":{"!":"com.github.javaparser.ast.expr.VariableDeclarationExpr","range":{"beginLine":4,"beginColumn":3,"endLine":4,"endColumn":33},"tokenRange":{"beginToken":{"kind":94,"text":"Session"},"endToken":{"kind":98,"text":")"}},"annotations":[],"modifiers":[],"variables":[{"!":"com.github.javaparser.ast.body.VariableDeclarator","range":{"beginLine":4,"beginColumn":11,"endLine":4,"endColumn":33},"tokenRange":{"beginToken":{"kind":94,"text":"session"},"endToken":{"kind":98,"text":")"}},"initializer":{"!":"com.github.javaparser.ast.expr.MethodCallExpr","range":{"beginLine":4,"beginColumn":21,"endLine":4,"endColumn":33},"tokenRange":{"beginToken":{"kind":94,"text":"openSession"},"endToken":{"kind":98,"text":")"}},"arguments":[],"name":{"!":"com.github.javaparser.ast.expr.SimpleName","range":{"beginLine":4,"beginColumn":21,"endLine":4,"endColumn":31},"tokenRange":{"beginToken":{"kind":94,"text":"openSession"},"endToken":{"kind":94,"text":"openSession"}},"identifier":"openSession"}},"name":{"!":"com.github.javaparser.ast.expr.SimpleName","range":{"beginLine":4,"beginColumn":11,"endLine":4,"endColumn":17},"tokenRange":{"beginToken":{"kind":94,"text":"session"},"endToken":{"kind":94,"text":"session"}},"identifier":"session"},"type":{"!":"com.github.javaparser.ast.type.ClassOrInterfaceType","range":{"beginLine":4,"beginColumn":3,"endLine":4,"endColumn":9},"tokenRange":{"beginToken":{"kind":94,"text":"Session"},"endToken":{"kind":94,"text":"Session"}},"name":{"!":"com.github.javaparser.ast.expr.SimpleName","range":{"beginLine":4,"beginColumn":3,"endLine":4,"endColumn":9},"tokenRange":{"beginToken":{"kind":94,"text":"Session"},"endToken":{"kind":94,"text":"Session"}},"identifier":"Session"},"annotations":[]}}]}},{"!":"com.github.javaparser.ast.stmt.ExpressionStmt","range":{"beginLine":5,"beginColumn":3,"endLine":5,"endColumn":45},"tokenRange":{"beginToken":{"kind":94,"text":"Transaction"},"endToken":{"kind":103,"text":";"}},"expression":{"!":"com.github.javaparser.ast.expr.VariableDeclarationExpr","range":{"beginLine":5,"beginColumn":3,"endLine":5,"endColumn":44},"tokenRange":{"beginToken":{"kind":94,"text":"Transaction"},"endToken":{"kind":98,"text":")"}},"annotations":[],"modifiers":[],"variables":[{"!":"com.github.javaparser.ast.body.VariableDeclarator","range":{"beginLine":5,"beginColumn":15,"endLine":5,"endColumn":44},"tokenRange":{"beginToken":{"kind":94,"text":"t"},"endToken":{"kind":98,"text":")"}},"initializer":{"!":"com.github.javaparser.ast.expr.MethodCallExpr","range":{"beginLine":5,"beginColumn":19,"endLine":5,"endColumn":44},"tokenRange":{"beginToken":{"kind":94,"text":"session"},"endToken":{"kind":98,"text":")"}},"arguments":[],"name":{"!":"com.github.javaparser.ast.expr.SimpleName","range":{"beginLine":5,"beginColumn":27,"endLine":5,"endColumn":42},"tokenRange":{"beginToken":{"kind":94,"text":"beginTransaction"},"endToken":{"kind":94,"text":"beginTransaction"}},"identifier":"beginTransaction"},"scope":{"!":"com.github.javaparser.ast.expr.NameExpr","range":{"beginLine":5,"beginColumn":19,"endLine":5,"endColumn":25},"tokenRange":{"beginToken":{"kind":94,"text":"session"},"endToken":{"kind":94,"text":"session"}},"name":{"!":"com.github.javaparser.ast.expr.SimpleName","range":{"beginLine":5,"beginColumn":19,"endLine":5,"endColumn":25},"tokenRange":{"beginToken":{"kind":94,"text":"session"},"endToken":{"kind":94,"text":"session"}},"identifier":"session"}}},"name":{"!":"com.github.javaparser.ast.expr.SimpleName","range":{"beginLine":5,"beginColumn":15,"endLine":5,"endColumn":15},"tokenRange":{"beginToken":{"kind":94,"text":"t"},"endToken":{"kind":94,"text":"t"}},"identifier":"t"},"type":{"!":"com.github.javaparser.ast.type.ClassOrInterfaceType","range":{"beginLine":5,"beginColumn":3,"endLine":5,"endColumn":13},"tokenRange":{"beginToken":{"kind":94,"text":"Transaction"},"endToken":{"kind":94,"text":"Transaction"}},"name":{"!":"com.github.javaparser.ast.expr.SimpleName","range":{"beginLine":5,"beginColumn":3,"endLine":5,"endColumn":13},"tokenRange":{"beginToken":{"kind":94,"text":"Transaction"},"endToken":{"kind":94,"text":"Transaction"}},"identifier":"Transaction"},"annotations":[]}}]}},{"!":"com.github.javaparser.ast.stmt.ExpressionStmt","range":{"beginLine":6,"beginColumn":3,"endLine":6,"endColumn":41},"tokenRange":{"beginToken":{"kind":94,"text":"Product"},"endToken":{"kind":103,"text":";"}},"expression":{"!":"com.github.javaparser.ast.expr.VariableDeclarationExpr","range":{"beginLine":6,"beginColumn":3,"endLine":6,"endColumn":40},"tokenRange":{"beginToken":{"kind":94,"text":"Product"},"endToken":{"kind":98,"text":")"}},"annotations":[],"modifiers":[],"variables":[{"!":"com.github.javaparser.ast.body.VariableDeclarator","range":{"beginLine":6,"beginColumn":11,"endLine":6,"endColumn":40},"tokenRange":{"beginToken":{"kind":94,"text":"prod"},"endToken":{"kind":98,"text":")"}},"initializer":{"!":"com.github.javaparser.ast.expr.ObjectCreationExpr","range":{"beginLine":6,"beginColumn":18,"endLine":6,"endColumn":40},"tokenRange":{"beginToken":{"kind":42,"text":"new"},"endToken":{"kind":98,"text":")"}},"arguments":[{"!":"com.github.javaparser.ast.expr.StringLiteralExpr","range":{"beginLine":6,"beginColumn":31,"endLine":6,"endColumn":38},"tokenRange":{"beginToken":{"kind":90,"text":"\"Widget\""},"endToken":{"kind":90,"text":"\"Widget\""}},"value":"Widget"}],"type":{"!":"com.github.javaparser.ast.type.ClassOrInterfaceType","range":{"beginLine":6,"beginColumn":22,"endLine":6,"endColumn":28},"tokenRange":{"beginToken":{"kind":94,"text":"Product"},"endToken":{"kind":94,"text":"Product"}},"name":{"!":"com.github.javaparser.ast.expr.SimpleName","range":{"beginLine":6,"beginColumn":22,"endLine":6,"endColumn":28},"tokenRange":{"beginToken":{"kind":94,"text":"Product"},"endToken":{"kind":94,"text":"Product"}},"identifier":"Product"},"annotations":[]}},"name":{"!":"com.github.javaparser.ast.expr.SimpleName","range":{"beginLine":6,"beginColumn":11,"endLine":6,"endColumn":14},"tokenRange":{"beginToken":{"kind":94,"text":"prod"},"endToken":{"kind":94,"text":"prod"}},"identifier":"prod"},"type":{"!":"com.github.javaparser.ast.type.ClassOrInterfaceType","range":{"beginLine":6,"beginColumn":3,"endLine":6,"endColumn":9},"tokenRange":{"beginToken":{"kind":94,"text":"Product"},"endToken":{"kind":94,"text":"Product"}},"name":{"!":"com.github.javaparser.ast.expr.SimpleName","range":{"beginLine":6,"beginColumn":3,"endLine":6,"endColumn":9},"tokenRange":{"beginToken":{"kind":94,"text":"Product"},"endToken":{"kind":94,"text":"Product"}},"identifier":"Product"},"annotations":[]}}]}},{"!":"com.github.javaparser.ast.stmt.ExpressionStmt","range":{"beginLine":7,"beginColumn":3,"endLine":7,"endColumn":54},"tokenRange":{"beginToken":{"kind":94,"text":"Part"},"endToken":{"kind":103,"text":";"}},"expression":{"!":"com.github.javaparser.ast.expr.VariableDeclarationExpr","range":{"beginLine":7,"beginColumn":3,"endLine":7,"endColumn":53},"tokenRange":{"beginToken":{"kind":94,"text":"Part"},"endToken":{"kind":98,"text":")"}},"annotations":[],"modifiers":[],"variables":[{"!":"com.github.javaparser.ast.body.VariableDeclarator","range":{"beginLine":7,"beginColumn":8,"endLine":7,"endColumn":53},"tokenRange":{"beginToken":{"kind":94,"text":"part"},"endToken":{"kind":98,"text":")"}},"initializer":{"!":"com.github.javaparser.ast.expr.ObjectCreationExpr","range":{"beginLine":7,"beginColumn":15,"endLine":7,"endColumn":53},"tokenRange":{"beginToken":{"kind":42,"text":"new"},"endToken":{"kind":98,"text":")"}},"arguments":[{"!":"com.github.javaparser.ast.expr.StringLiteralExpr","range":{"beginLine":7,"beginColumn":25,"endLine":7,"endColumn":31},"tokenRange":{"beginToken":{"kind":90,"text":"\"Widge\""},"endToken":{"kind":90,"text":"\"Widge\""}},"value":"Widge"},{"!":"com.github.javaparser.ast.expr.StringLiteralExpr","range":{"beginLine":7,"beginColumn":34,"endLine":7,"endColumn":51},"tokenRange":{"beginToken":{"kind":90,"text":"\"part if a Widget\""},"endToken":{"kind":90,"text":"\"part if a Widget\""}},"value":"part if a Widget"}],"type":{"!":"com.github.javaparser.ast.type.ClassOrInterfaceType","range":{"beginLine":7,"beginColumn":19,"endLine":7,"endColumn":22},"tokenRange":{"beginToken":{"kind":94,"text":"Part"},"endToken":{"kind":94,"text":"Part"}},"name":{"!":"com.github.javaparser.ast.expr.SimpleName","range":{"beginLine":7,"beginColumn":19,"endLine":7,"endColumn":22},"tokenRange":{"beginToken":{"kind":94,"text":"Part"},"endToken":{"kind":94,"text":"Part"}},"identifier":"Part"},"annotations":[]}},"name":{"!":"com.github.javaparser.ast.expr.SimpleName","range":{"beginLine":7,"beginColumn":8,"endLine":7,"endColumn":11},"tokenRange":{"beginToken":{"kind":94,"text":"part"},"endToken":{"kind":94,"text":"part"}},"identifier":"part"},"type":{"!":"com.github.javaparser.ast.type.ClassOrInterfaceType","range":{"beginLine":7,"beginColumn":3,"endLine":7,"endColumn":6},"tokenRange":{"beginToken":{"kind":94,"text":"Part"},"endToken":{"kind":94,"text":"Part"}},"name":{"!":"com.github.javaparser.ast.expr.SimpleName","range":{"beginLine":7,"beginColumn":3,"endLine":7,"endColumn":6},"tokenRange":{"beginToken":{"kind":94,"text":"Part"},"endToken":{"kind":94,"text":"Part"}},"identifier":"Part"},"annotations":[]}}]}},{"!":"com.github.javaparser.ast.stmt.ExpressionStmt","range":{"beginLine":8,"beginColumn":3,"endLine":8,"endColumn":38},"tokenRange":{"beginToken":{"kind":94,"text":"MapKey"},"endToken":{"kind":103,"text":";"}},"expression":{"!":"com.github.javaparser.ast.expr.VariableDeclarationExpr","range":{"beginLine":8,"beginColumn":3,"endLine":8,"endColumn":37},"tokenRange":{"beginToken":{"kind":94,"text":"MapKey"},"endToken":{"kind":98,"text":")"}},"annotations":[],"modifiers":[],"variables":[{"!":"com.github.javaparser.ast.body.VariableDeclarator","range":{"beginLine":8,"beginColumn":10,"endLine":8,"endColumn":37},"tokenRange":{"beginToken":{"kind":94,"text":"mapKey"},"endToken":{"kind":98,"text":")"}},"initializer":{"!":"com.github.javaparser.ast.expr.ObjectCreationExpr","range":{"beginLine":8,"beginColumn":19,"endLine":8,"endColumn":37},"tokenRange":{"beginToken":{"kind":42,"text":"new"},"endToken":{"kind":98,"text":")"}},"arguments":[{"!":"com.github.javaparser.ast.expr.StringLiteralExpr","range":{"beginLine":8,"beginColumn":31,"endLine":8,"endColumn":35},"tokenRange":{"beginToken":{"kind":90,"text":"\"Top\""},"endToken":{"kind":90,"text":"\"Top\""}},"value":"Top"}],"type":{"!":"com.github.javaparser.ast.type.ClassOrInterfaceType","range":{"beginLine":8,"beginColumn":23,"endLine":8,"endColumn":28},"tokenRange":{"beginToken":{"kind":94,"text":"MapKey"},"endToken":{"kind":94,"text":"MapKey"}},"name":{"!":"com.github.javaparser.ast.expr.SimpleName","range":{"beginLine":8,"beginColumn":23,"endLine":8,"endColumn":28},"tokenRange":{"beginToken":{"kind":94,"text":"MapKey"},"endToken":{"kind":94,"text":"MapKey"}},"identifier":"MapKey"},"annotations":[]}},"name":{"!":"com.github.javaparser.ast.expr.SimpleName","range":{"beginLine":8,"beginColumn":10,"endLine":8,"endColumn":15},"tokenRange":{"beginToken":{"kind":94,"text":"mapKey"},"endToken":{"kind":94,"text":"mapKey"}},"identifier":"mapKey"},"type":{"!":"com.github.javaparser.ast.type.ClassOrInterfaceType","range":{"beginLine":8,"beginColumn":3,"endLine":8,"endColumn":8},"tokenRange":{"beginToken":{"kind":94,"text":"MapKey"},"endToken":{"kind":94,"text":"MapKey"}},"name":{"!":"com.github.javaparser.ast.expr.SimpleName","range":{"beginLine":8,"beginColumn":3,"endLine":8,"endColumn":8},"tokenRange":{"beginToken":{"kind":94,"text":"MapKey"},"endToken":{"kind":94,"text":"MapKey"}},"identifier":"MapKey"},"annotations":[]}}]}},{"!":"com.github.javaparser.ast.stmt.ExpressionStmt","range":{"beginLine":9,"beginColumn":3,"endLine":9,"endColumn":38},"tokenRange":{"beginToken":{"kind":94,"text":"prod"},"endToken":{"kind":103,"text":";"}},"expression":{"!":"com.github.javaparser.ast.expr.MethodCallExpr","range":{"beginLine":9,"beginColumn":3,"endLine":9,"endColumn":37},"tokenRange":{"beginToken":{"kind":94,"text":"prod"},"endToken":{"kind":98,"text":")"}},"arguments":[{"!":"com.github.javaparser.ast.expr.NameExpr","range":{"beginLine":9,"beginColumn":24,"endLine":9,"endColumn":29},"tokenRange":{"beginToken":{"kind":94,"text":"mapKey"},"endToken":{"kind":94,"text":"mapKey"}},"name":{"!":"com.github.javaparser.ast.expr.SimpleName","range":{"beginLine":9,"beginColumn":24,"endLine":9,"endColumn":29},"tokenRange":{"beginToken":{"kind":94,"text":"mapKey"},"endToken":{"kind":94,"text":"mapKey"}},"identifier":"mapKey"}},{"!":"com.github.javaparser.ast.expr.NameExpr","range":{"beginLine":9,"beginColumn":32,"endLine":9,"endColumn":35},"tokenRange":{"beginToken":{"kind":94,"text":"part"},"endToken":{"kind":94,"text":"part"}},"name":{"!":"com.github.javaparser.ast.expr.SimpleName","range":{"beginLine":9,"beginColumn":32,"endLine":9,"endColumn":35},"tokenRange":{"beginToken":{"kind":94,"text":"part"},"endToken":{"kind":94,"text":"part"}},"identifier":"part"}}],"name":{"!":"com.github.javaparser.ast.expr.SimpleName","range":{"beginLine":9,"beginColumn":19,"endLine":9,"endColumn":21},"tokenRange":{"beginToken":{"kind":94,"text":"put"},"endToken":{"kind":94,"text":"put"}},"identifier":"put"},"scope":{"!":"com.github.javaparser.ast.expr.MethodCallExpr","range":{"beginLine":9,"beginColumn":3,"endLine":9,"endColumn":17},"tokenRange":{"beginToken":{"kind":94,"text":"prod"},"endToken":{"kind":98,"text":")"}},"arguments":[],"name":{"!":"com.github.javaparser.ast.expr.SimpleName","range":{"beginLine":9,"beginColumn":8,"endLine":9,"endColumn":15},"tokenRange":{"beginToken":{"kind":94,"text":"getParts"},"endToken":{"kind":94,"text":"getParts"}},"identifier":"getParts"},"scope":{"!":"com.github.javaparser.ast.expr.NameExpr","range":{"beginLine":9,"beginColumn":3,"endLine":9,"endColumn":6},"tokenRange":{"beginToken":{"kind":94,"text":"prod"},"endToken":{"kind":94,"text":"prod"}},"name":{"!":"com.github.javaparser.ast.expr.SimpleName","range":{"beginLine":9,"beginColumn":3,"endLine":9,"endColumn":6},"tokenRange":{"beginToken":{"kind":94,"text":"prod"},"endToken":{"kind":94,"text":"prod"}},"identifier":"prod"}}}}},{"!":"com.github.javaparser.ast.stmt.ExpressionStmt","range":{"beginLine":10,"beginColumn":3,"endLine":10,"endColumn":61},"tokenRange":{"beginToken":{"kind":94,"text":"Part"},"endToken":{"kind":103,"text":";"}},"expression":{"!":"com.github.javaparser.ast.expr.VariableDeclarationExpr","range":{"beginLine":10,"beginColumn":3,"endLine":10,"endColumn":60},"tokenRange":{"beginToken":{"kind":94,"text":"Part"},"endToken":{"kind":98,"text":")"}},"annotations":[],"modifiers":[],"variables":[{"!":"com.github.javaparser.ast.body.VariableDeclarator","range":{"beginLine":10,"beginColumn":8,"endLine":10,"endColumn":60},"tokenRange":{"beginToken":{"kind":94,"text":"part2"},"endToken":{"kind":98,"text":")"}},"initializer":{"!":"com.github.javaparser.ast.expr.ObjectCreationExpr","range":{"beginLine":10,"beginColumn":16,"endLine":10,"endColumn":60},"tokenRange":{"beginToken":{"kind":42,"text":"new"},"endToken":{"kind":98,"text":")"}},"arguments":[{"!":"com.github.javaparser.ast.expr.StringLiteralExpr","range":{"beginLine":10,"beginColumn":26,"endLine":10,"endColumn":30},"tokenRange":{"beginToken":{"kind":90,"text":"\"Get\""},"endToken":{"kind":90,"text":"\"Get\""}},"value":"Get"},{"!":"com.github.javaparser.ast.expr.StringLiteralExpr","range":{"beginLine":10,"beginColumn":33,"endLine":10,"endColumn":58},"tokenRange":{"beginToken":{"kind":90,"text":"\"another part if a Widget\""},"endToken":{"kind":90,"text":"\"another part if a Widget\""}},"value":"another part if a Widget"}],"type":{"!":"com.github.javaparser.ast.type.ClassOrInterfaceType","range":{"beginLine":10,"beginColumn":20,"endLine":10,"endColumn":23},"tokenRange":{"beginToken":{"kind":94,"text":"Part"},"endToken":{"kind":94,"text":"Part"}},"name":{"!":"com.github.javaparser.ast.expr.SimpleName","range":{"beginLine":10,"beginColumn":20,"endLine":10,"endColumn":23},"tokenRange":{"beginToken":{"kind":94,"text":"Part"},"endToken":{"kind":94,"text":"Part"}},"identifier":"Part"},"annotations":[]}},"name":{"!":"com.github.javaparser.ast.expr.SimpleName","range":{"beginLine":10,"beginColumn":8,"endLine":10,"endColumn":12},"tokenRange":{"beginToken":{"kind":94,"text":"part2"},"endToken":{"kind":94,"text":"part2"}},"identifier":"part2"},"type":{"!":"com.github.javaparser.ast.type.ClassOrInterfaceType","range":{"beginLine":10,"beginColumn":3,"endLine":10,"endColumn":6},"tokenRange":{"beginToken":{"kind":94,"text":"Part"},"endToken":{"kind":94,"text":"Part"}},"name":{"!":"com.github.javaparser.ast.expr.SimpleName","range":{"beginLine":10,"beginColumn":3,"endLine":10,"endColumn":6},"tokenRange":{"beginToken":{"kind":94,"text":"Part"},"endToken":{"kind":94,"text":"Part"}},"identifier":"Part"},"annotations":[]}}]}},{"!":"com.github.javaparser.ast.stmt.ExpressionStmt","range":{"beginLine":11,"beginColumn":3,"endLine":11,"endColumn":55},"tokenRange":{"beginToken":{"kind":94,"text":"prod"},"endToken":{"kind":103,"text":";"}},"expression":{"!":"com.github.javaparser.ast.expr.MethodCallExpr","range":{"beginLine":11,"beginColumn":3,"endLine":11,"endColumn":54},"tokenRange":{"beginToken":{"kind":94,"text":"prod"},"endToken":{"kind":98,"text":")"}},"arguments":[{"!":"com.github.javaparser.ast.expr.ObjectCreationExpr","range":{"beginLine":11,"beginColumn":24,"endLine":11,"endColumn":45},"tokenRange":{"beginToken":{"kind":42,"text":"new"},"endToken":{"kind":98,"text":")"}},"arguments":[{"!":"com.github.javaparser.ast.expr.StringLiteralExpr","range":{"beginLine":11,"beginColumn":36,"endLine":11,"endColumn":43},"tokenRange":{"beginToken":{"kind":90,"text":"\"Bottom\""},"endToken":{"kind":90,"text":"\"Bottom\""}},"value":"Bottom"}],"type":{"!":"com.github.javaparser.ast.type.ClassOrInterfaceType","range":{"beginLine":11,"beginColumn":28,"endLine":11,"endColumn":33},"tokenRange":{"beginToken":{"kind":94,"text":"MapKey"},"endToken":{"kind":94,"text":"MapKey"}},"name":{"!":"com.github.javaparser.ast.expr.SimpleName","range":{"beginLine":11,"beginColumn":28,"endLine":11,"endColumn":33},"tokenRange":{"beginToken":{"kind":94,"text":"MapKey"},"endToken":{"kind":94,"text":"MapKey"}},"identifier":"MapKey"},"annotations":[]}},{"!":"com.github.javaparser.ast.expr.NameExpr","range":{"beginLine":11,"beginColumn":48,"endLine":11,"endColumn":52},"tokenRange":{"beginToken":{"kind":94,"text":"part2"},"endToken":{"kind":94,"text":"part2"}},"name":{"!":"com.github.javaparser.ast.expr.SimpleName","range":{"beginLine":11,"beginColumn":48,"endLine":11,"endColumn":52},"tokenRange":{"beginToken":{"kind":94,"text":"part2"},"endToken":{"kind":94,"text":"part2"}},"identifier":"part2"}}],"name":{"!":"com.github.javaparser.ast.expr.SimpleName","range":{"beginLine":11,"beginColumn":19,"endLine":11,"endColumn":21},"tokenRange":{"beginToken":{"kind":94,"text":"put"},"endToken":{"kind":94,"text":"put"}},"identifier":"put"},"scope":{"!":"com.github.javaparser.ast.expr.MethodCallExpr","range":{"beginLine":11,"beginColumn":3,"endLine":11,"endColumn":17},"tokenRange":{"beginToken":{"kind":94,"text":"prod"},"endToken":{"kind":98,"text":")"}},"arguments":[],"name":{"!":"com.github.javaparser.ast.expr.SimpleName","range":{"beginLine":11,"beginColumn":8,"endLine":11,"endColumn":15},"tokenRange":{"beginToken":{"kind":94,"text":"getParts"},"endToken":{"kind":94,"text":"getParts"}},"identifier":"getParts"},"scope":{"!":"com.github.javaparser.ast.expr.NameExpr","range":{"beginLine":11,"beginColumn":3,"endLine":11,"endColumn":6},"tokenRange":{"beginToken":{"kind":94,"text":"prod"},"endToken":{"kind":94,"text":"prod"}},"name":{"!":"com.github.javaparser.ast.expr.SimpleName","range":{"beginLine":11,"beginColumn":3,"endLine":11,"endColumn":6},"tokenRange":{"beginToken":{"kind":94,"text":"prod"},"endToken":{"kind":94,"text":"prod"}},"identifier":"prod"}}}}},{"!":"com.github.javaparser.ast.stmt.ExpressionStmt","range":{"beginLine":12,"beginColumn":3,"endLine":12,"endColumn":26},"tokenRange":{"beginToken":{"kind":94,"text":"session"},"endToken":{"kind":103,"text":";"}},"expression":{"!":"com.github.javaparser.ast.expr.MethodCallExpr","range":{"beginLine":12,"beginColumn":3,"endLine":12,"endColumn":25},"tokenRange":{"beginToken":{"kind":94,"text":"session"},"endToken":{"kind":98,"text":")"}},"arguments":[{"!":"com.github.javaparser.ast.expr.NameExpr","range":{"beginLine":12,"beginColumn":20,"endLine":12,"endColumn":23},"tokenRange":{"beginToken":{"kind":94,"text":"prod"},"endToken":{"kind":94,"text":"prod"}},"name":{"!":"com.github.javaparser.ast.expr.SimpleName","range":{"beginLine":12,"beginColumn":20,"endLine":12,"endColumn":23},"tokenRange":{"beginToken":{"kind":94,"text":"prod"},"endToken":{"kind":94,"text":"prod"}},"identifier":"prod"}}],"name":{"!":"com.github.javaparser.ast.expr.SimpleName","range":{"beginLine":12,"beginColumn":11,"endLine":12,"endColumn":17},"tokenRange":{"beginToken":{"kind":94,"text":"persist"},"endToken":{"kind":94,"text":"persist"}},"identifier":"persist"},"scope":{"!":"com.github.javaparser.ast.expr.NameExpr","range":{"beginLine":12,"beginColumn":3,"endLine":12,"endColumn":9},"tokenRange":{"beginToken":{"kind":94,"text":"session"},"endToken":{"kind":94,"text":"session"}},"name":{"!":"com.github.javaparser.ast.expr.SimpleName","range":{"beginLine":12,"beginColumn":3,"endLine":12,"endColumn":9},"tokenRange":{"beginToken":{"kind":94,"text":"session"},"endToken":{"kind":94,"text":"session"}},"identifier":"session"}}}},{"!":"com.github.javaparser.ast.stmt.ExpressionStmt","range":{"beginLine":13,"beginColumn":3,"endLine":13,"endColumn":13},"tokenRange":{"beginToken":{"kind":94,"text":"t"},"endToken":{"kind":103,"text":";"}},"expression":{"!":"com.github.javaparser.ast.expr.MethodCallExpr","range":{"beginLine":13,"beginColumn":3,"endLine":13,"endColumn":12},"tokenRange":{"beginToken":{"kind":94,"text":"t"},"endToken":{"kind":98,"text":")"}},"arguments":[],"name":{"!":"com.github.javaparser.ast.expr.SimpleName","range":{"beginLine":13,"beginColumn":5,"endLine":13,"endColumn":10},"tokenRange":{"beginToken":{"kind":94,"text":"commit"},"endToken":{"kind":94,"text":"commit"}},"identifier":"commit"},"scope":{"!":"com.github.javaparser.ast.expr.NameExpr","range":{"beginLine":13,"beginColumn":3,"endLine":13,"endColumn":3},"tokenRange":{"beginToken":{"kind":94,"text":"t"},"endToken":{"kind":94,"text":"t"}},"name":{"!":"com.github.javaparser.ast.expr.SimpleName","range":{"beginLine":13,"beginColumn":3,"endLine":13,"endColumn":3},"tokenRange":{"beginToken":{"kind":94,"text":"t"},"endToken":{"kind":94,"text":"t"}},"identifier":"t"}}}},{"!":"com.github.javaparser.ast.stmt.ExpressionStmt","range":{"beginLine":14,"beginColumn":3,"endLine":14,"endColumn":18},"tokenRange":{"beginToken":{"kind":94,"text":"session"},"endToken":{"kind":103,"text":";"}},"expression":{"!":"com.github.javaparser.ast.expr.MethodCallExpr","range":{"beginLine":14,"beginColumn":3,"endLine":14,"endColumn":17},"tokenRange":{"beginToken":{"kind":94,"text":"session"},"endToken":{"kind":98,"text":")"}},"arguments":[],"name":{"!":"com.github.javaparser.ast.expr.SimpleName","range":{"beginLine":14,"beginColumn":11,"endLine":14,"endColumn":15},"tokenRange":{"beginToken":{"kind":94,"text":"close"},"endToken":{"kind":94,"text":"close"}},"identifier":"close"},"scope":{"!":"com.github.javaparser.ast.expr.NameExpr","range":{"beginLine":14,"beginColumn":3,"endLine":14,"endColumn":9},"tokenRange":{"beginToken":{"kind":94,"text":"session"},"endToken":{"kind":94,"text":"session"}},"name":{"!":"com.github.javaparser.ast.expr.SimpleName","range":{"beginLine":14,"beginColumn":3,"endLine":14,"endColumn":9},"tokenRange":{"beginToken":{"kind":94,"text":"session"},"endToken":{"kind":94,"text":"session"}},"identifier":"session"}}}},{"!":"com.github.javaparser.ast.stmt.ExpressionStmt","range":{"beginLine":16,"beginColumn":3,"endLine":16,"endColumn":63},"tokenRange":{"beginToken":{"kind":94,"text":"sessionFactory"},"endToken":{"kind":103,"text":";"}},"expression":{"!":"com.github.javaparser.ast.expr.MethodCallExpr","range":{"beginLine":16,"beginColumn":3,"endLine":16,"endColumn":62},"tokenRange":{"beginToken":{"kind":94,"text":"sessionFactory"},"endToken":{"kind":98,"text":")"}},"arguments":[{"!":"com.github.javaparser.ast.expr.ClassExpr","range":{"beginLine":16,"beginColumn":49,"endLine":16,"endColumn":61},"tokenRange":{"beginToken":{"kind":94,"text":"Product"},"endToken":{"kind":19,"text":"class"}},"type":{"!":"com.github.javaparser.ast.type.ClassOrInterfaceType","range":{"beginLine":16,"beginColumn":49,"endLine":16,"endColumn":55},"tokenRange":{"beginToken":{"kind":94,"text":"Product"},"endToken":{"kind":94,"text":"Product"}},"name":{"!":"com.github.javaparser.ast.expr.SimpleName","range":{"beginLine":16,"beginColumn":49,"endLine":16,"endColumn":55},"tokenRange":{"beginToken":{"kind":94,"text":"Product"},"endToken":{"kind":94,"text":"Product"}},"identifier":"Product"},"annotations":[]}}],"name":{"!":"com.github.javaparser.ast.expr.SimpleName","range":{"beginLine":16,"beginColumn":31,"endLine":16,"endColumn":47},"tokenRange":{"beginToken":{"kind":94,"text":"evictEntityRegion"},"endToken":{"kind":94,"text":"evictEntityRegion"}},"identifier":"evictEntityRegion"},"scope":{"!":"com.github.javaparser.ast.expr.MethodCallExpr","range":{"beginLine":16,"beginColumn":3,"endLine":16,"endColumn":29},"tokenRange":{"beginToken":{"kind":94,"text":"sessionFactory"},"endToken":{"kind":98,"text":")"}},"arguments":[],"name":{"!":"com.github.javaparser.ast.expr.SimpleName","range":{"beginLine":16,"beginColumn":20,"endLine":16,"endColumn":27},"tokenRange":{"beginToken":{"kind":94,"text":"getCache"},"endToken":{"kind":94,"text":"getCache"}},"identifier":"getCache"},"scope":{"!":"com.github.javaparser.ast.expr.MethodCallExpr","range":{"beginLine":16,"beginColumn":3,"endLine":16,"endColumn":18},"tokenRange":{"beginToken":{"kind":94,"text":"sessionFactory"},"endToken":{"kind":98,"text":")"}},"arguments":[],"name":{"!":"com.github.javaparser.ast.expr.SimpleName","range":{"beginLine":16,"beginColumn":3,"endLine":16,"endColumn":16},"tokenRange":{"beginToken":{"kind":94,"text":"sessionFactory"},"endToken":{"kind":94,"text":"sessionFactory"}},"identifier":"sessionFactory"}}}}},{"!":"com.github.javaparser.ast.stmt.ExpressionStmt","range":{"beginLine":17,"beginColumn":3,"endLine":17,"endColumn":60},"tokenRange":{"beginToken":{"kind":94,"text":"sessionFactory"},"endToken":{"kind":103,"text":";"}},"expression":{"!":"com.github.javaparser.ast.expr.MethodCallExpr","range":{"beginLine":17,"beginColumn":3,"endLine":17,"endColumn":59},"tokenRange":{"beginToken":{"kind":94,"text":"sessionFactory"},"endToken":{"kind":98,"text":")"}},"arguments":[{"!":"com.github.javaparser.ast.expr.ClassExpr","range":{"beginLine":17,"beginColumn":49,"endLine":17,"endColumn":58},"tokenRange":{"beginToken":{"kind":94,"text":"Part"},"endToken":{"kind":19,"text":"class"}},"type":{"!":"com.github.javaparser.ast.type.ClassOrInterfaceType","range":{"beginLine":17,"beginColumn":49,"endLine":17,"endColumn":52},"tokenRange":{"beginToken":{"kind":94,"text":"Part"},"endToken":{"kind":94,"text":"Part"}},"name":{"!":"com.github.javaparser.ast.expr.SimpleName","range":{"beginLine":17,"beginColumn":49,"endLine":17,"endColumn":52},"tokenRange":{"beginToken":{"kind":94,"text":"Part"},"endToken":{"kind":94,"text":"Part"}},"identifier":"Part"},"annotations":[]}}],"name":{"!":"com.github.javaparser.ast.expr.SimpleName","range":{"beginLine":17,"beginColumn":31,"endLine":17,"endColumn":47},"tokenRange":{"beginToken":{"kind":94,"text":"evictEntityRegion"},"endToken":{"kind":94,"text":"evictEntityRegion"}},"identifier":"evictEntityRegion"},"scope":{"!":"com.github.javaparser.ast.expr.MethodCallExpr","range":{"beginLine":17,"beginColumn":3,"endLine":17,"endColumn":29},"tokenRange":{"beginToken":{"kind":94,"text":"sessionFactory"},"endToken":{"kind":98,"text":")"}},"arguments":[],"name":{"!":"com.github.javaparser.ast.expr.SimpleName","range":{"beginLine":17,"beginColumn":20,"endLine":17,"endColumn":27},"tokenRange":{"beginToken":{"kind":94,"text":"getCache"},"endToken":{"kind":94,"text":"getCache"}},"identifier":"getCache"},"scope":{"!":"com.github.javaparser.ast.expr.MethodCallExpr","range":{"beginLine":17,"beginColumn":3,"endLine":17,"endColumn":18},"tokenRange":{"beginToken":{"kind":94,"text":"sessionFactory"},"endToken":{"kind":98,"text":")"}},"arguments":[],"name":{"!":"com.github.javaparser.ast.expr.SimpleName","range":{"beginLine":17,"beginColumn":3,"endLine":17,"endColumn":16},"tokenRange":{"beginToken":{"kind":94,"text":"sessionFactory"},"endToken":{"kind":94,"text":"sessionFactory"}},"identifier":"sessionFactory"}}}}},{"!":"com.github.javaparser.ast.stmt.ExpressionStmt","range":{"beginLine":19,"beginColumn":3,"endLine":19,"endColumn":26},"tokenRange":{"beginToken":{"kind":94,"text":"session"},"endToken":{"kind":103,"text":";"}},"expression":{"!":"com.github.javaparser.ast.expr.AssignExpr","range":{"beginLine":19,"beginColumn":3,"endLine":19,"endColumn":25},"tokenRange":{"beginToken":{"kind":94,"text":"session"},"endToken":{"kind":98,"text":")"}},"operator":"ASSIGN","target":{"!":"com.github.javaparser.ast.expr.NameExpr","range":{"beginLine":19,"beginColumn":3,"endLine":19,"endColumn":9},"tokenRange":{"beginToken":{"kind":94,"text":"session"},"endToken":{"kind":94,"text":"session"}},"name":{"!":"com.github.javaparser.ast.expr.SimpleName","range":{"beginLine":19,"beginColumn":3,"endLine":19,"endColumn":9},"tokenRange":{"beginToken":{"kind":94,"text":"session"},"endToken":{"kind":94,"text":"session"}},"identifier":"session"}},"value":{"!":"com.github.javaparser.ast.expr.MethodCallExpr","range":{"beginLine":19,"beginColumn":13,"endLine":19,"endColumn":25},"tokenRange":{"beginToken":{"kind":94,"text":"openSession"},"endToken":{"kind":98,"text":")"}},"arguments":[],"name":{"!":"com.github.javaparser.ast.expr.SimpleName","range":{"beginLine":19,"beginColumn":13,"endLine":19,"endColumn":23},"tokenRange":{"beginToken":{"kind":94,"text":"openSession"},"endToken":{"kind":94,"text":"openSession"}},"identifier":"openSession"}}}},{"!":"com.github.javaparser.ast.stmt.ExpressionStmt","range":{"beginLine":20,"beginColumn":3,"endLine":20,"endColumn":33},"tokenRange":{"beginToken":{"kind":94,"text":"t"},"endToken":{"kind":103,"text":";"}},"expression":{"!":"com.github.javaparser.ast.expr.AssignExpr","range":{"beginLine":20,"beginColumn":3,"endLine":20,"endColumn":32},"tokenRange":{"beginToken":{"kind":94,"text":"t"},"endToken":{"kind":98,"text":")"}},"operator":"ASSIGN","target":{"!":"com.github.javaparser.ast.expr.NameExpr","range":{"beginLine":20,"beginColumn":3,"endLine":20,"endColumn":3},"tokenRange":{"beginToken":{"kind":94,"text":"t"},"endToken":{"kind":94,"text":"t"}},"name":{"!":"com.github.javaparser.ast.expr.SimpleName","range":{"beginLine":20,"beginColumn":3,"endLine":20,"endColumn":3},"tokenRange":{"beginToken":{"kind":94,"text":"t"},"endToken":{"kind":94,"text":"t"}},"identifier":"t"}},"value":{"!":"com.github.javaparser.ast.expr.MethodCallExpr","range":{"beginLine":20,"beginColumn":7,"endLine":20,"endColumn":32},"tokenRange":{"beginToken":{"kind":94,"text":"session"},"endToken":{"kind":98,"text":")"}},"arguments":[],"name":{"!":"com.github.javaparser.ast.expr.SimpleName","range":{"beginLine":20,"beginColumn":15,"endLine":20,"endColumn":30},"tokenRange":{"beginToken":{"kind":94,"text":"beginTransaction"},"endToken":{"kind":94,"text":"beginTransaction"}},"identifier":"beginTransaction"},"scope":{"!":"com.github.javaparser.ast.expr.NameExpr","range":{"beginLine":20,"beginColumn":7,"endLine":20,"endColumn":13},"tokenRange":{"beginToken":{"kind":94,"text":"session"},"endToken":{"kind":94,"text":"session"}},"name":{"!":"com.github.javaparser.ast.expr.SimpleName","range":{"beginLine":20,"beginColumn":7,"endLine":20,"endColumn":13},"tokenRange":{"beginToken":{"kind":94,"text":"session"},"endToken":{"kind":94,"text":"session"}},"identifier":"session"}}}}},{"!":"com.github.javaparser.ast.stmt.ExpressionStmt","range":{"beginLine":21,"beginColumn":3,"endLine":21,"endColumn":56},"tokenRange":{"beginToken":{"kind":94,"text":"prod"},"endToken":{"kind":103,"text":";"}},"expression":{"!":"com.github.javaparser.ast.expr.AssignExpr","range":{"beginLine":21,"beginColumn":3,"endLine":21,"endColumn":55},"tokenRange":{"beginToken":{"kind":94,"text":"prod"},"endToken":{"kind":98,"text":")"}},"operator":"ASSIGN","target":{"!":"com.github.javaparser.ast.expr.NameExpr","range":{"beginLine":21,"beginColumn":3,"endLine":21,"endColumn":6},"tokenRange":{"beginToken":{"kind":94,"text":"prod"},"endToken":{"kind":94,"text":"prod"}},"name":{"!":"com.github.javaparser.ast.expr.SimpleName","range":{"beginLine":21,"beginColumn":3,"endLine":21,"endColumn":6},"tokenRange":{"beginToken":{"kind":94,"text":"prod"},"endToken":{"kind":94,"text":"prod"}},"identifier":"prod"}},"value":{"!":"com.github.javaparser.ast.expr.CastExpr","range":{"beginLine":21,"beginColumn":10,"endLine":21,"endColumn":55},"tokenRange":{"beginToken":{"kind":97,"text":"("},"endToken":{"kind":98,"text":")"}},"expression":{"!":"com.github.javaparser.ast.expr.MethodCallExpr","range":{"beginLine":21,"beginColumn":20,"endLine":21,"endColumn":55},"tokenRange":{"beginToken":{"kind":94,"text":"session"},"endToken":{"kind":98,"text":")"}},"arguments":[{"!":"com.github.javaparser.ast.expr.ClassExpr","range":{"beginLine":21,"beginColumn":32,"endLine":21,"endColumn":44},"tokenRange":{"beginToken":{"kind":94,"text":"Product"},"endToken":{"kind":19,"text":"class"}},"type":{"!":"com.github.javaparser.ast.type.ClassOrInterfaceType","range":{"beginLine":21,"beginColumn":32,"endLine":21,"endColumn":38},"tokenRange":{"beginToken":{"kind":94,"text":"Product"},"endToken":{"kind":94,"text":"Product"}},"name":{"!":"com.github.javaparser.ast.expr.SimpleName","range":{"beginLine":21,"beginColumn":32,"endLine":21,"endColumn":38},"tokenRange":{"beginToken":{"kind":94,"text":"Product"},"endToken":{"kind":94,"text":"Product"}},"identifier":"Product"},"annotations":[]}},{"!":"com.github.javaparser.ast.expr.StringLiteralExpr","range":{"beginLine":21,"beginColumn":47,"endLine":21,"endColumn":54},"tokenRange":{"beginToken":{"kind":90,"text":"\"Widget\""},"endToken":{"kind":90,"text":"\"Widget\""}},"value":"Widget"}],"name":{"!":"com.github.javaparser.ast.expr.SimpleName","range":{"beginLine":21,"beginColumn":28,"endLine":21,"endColumn":30},"tokenRange":{"beginToken":{"kind":94,"text":"get"},"endToken":{"kind":94,"text":"get"}},"identifier":"get"},"scope":{"!":"com.github.javaparser.ast.expr.NameExpr","range":{"beginLine":21,"beginColumn":20,"endLine":21,"endColumn":26},"tokenRange":{"beginToken":{"kind":94,"text":"session"},"endToken":{"kind":94,"text":"session"}},"name":{"!":"com.github.javaparser.ast.expr.SimpleName","range":{"beginLine":21,"beginColumn":20,"endLine":21,"endColumn":26},"tokenRange":{"beginToken":{"kind":94,"text":"session"},"endToken":{"kind":94,"text":"session"}},"identifier":"session"}}},"type":{"!":"com.github.javaparser.ast.type.ClassOrInterfaceType","range":{"beginLine":21,"beginColumn":11,"endLine":21,"endColumn":17},"tokenRange":{"beginToken":{"kind":94,"text":"Product"},"endToken":{"kind":94,"text":"Product"}},"name":{"!":"com.github.javaparser.ast.expr.SimpleName","range":{"beginLine":21,"beginColumn":11,"endLine":21,"endColumn":17},"tokenRange":{"beginToken":{"kind":94,"text":"Product"},"endToken":{"kind":94,"text":"Product"}},"identifier":"Product"},"annotations":[]}}}},{"!":"com.github.javaparser.ast.stmt.ExpressionStmt","range":{"beginLine":22,"beginColumn":3,"endLine":22,"endColumn":59},"tokenRange":{"beginToken":{"kind":94,"text":"assertTrue"},"endToken":{"kind":103,"text":";"}},"expression":{"!":"com.github.javaparser.ast.expr.MethodCallExpr","range":{"beginLine":22,"beginColumn":3,"endLine":22,"endColumn":58},"tokenRange":{"beginToken":{"kind":94,"text":"assertTrue"},"endToken":{"kind":98,"text":")"}},"arguments":[{"!":"com.github.javaparser.ast.expr.MethodCallExpr","range":{"beginLine":22,"beginColumn":15,"endLine":22,"endColumn":56},"tokenRange":{"beginToken":{"kind":94,"text":"Hibernate"},"endToken":{"kind":98,"text":")"}},"arguments":[{"!":"com.github.javaparser.ast.expr.MethodCallExpr","range":{"beginLine":22,"beginColumn":40,"endLine":22,"endColumn":54},"tokenRange":{"beginToken":{"kind":94,"text":"prod"},"endToken":{"kind":98,"text":")"}},"arguments":[],"name":{"!":"com.github.javaparser.ast.expr.SimpleName","range":{"beginLine":22,"beginColumn":45,"endLine":22,"endColumn":52},"tokenRange":{"beginToken":{"kind":94,"text":"getParts"},"endToken":{"kind":94,"text":"getParts"}},"identifier":"getParts"},"scope":{"!":"com.github.javaparser.ast.expr.NameExpr","range":{"beginLine":22,"beginColumn":40,"endLine":22,"endColumn":43},"tokenRange":{"beginToken":{"kind":94,"text":"prod"},"endToken":{"kind":94,"text":"prod"}},"name":{"!":"com.github.javaparser.ast.expr.SimpleName","range":{"beginLine":22,"beginColumn":40,"endLine":22,"endColumn":43},"tokenRange":{"beginToken":{"kind":94,"text":"prod"},"endToken":{"kind":94,"text":"prod"}},"identifier":"prod"}}}],"name":{"!":"com.github.javaparser.ast.expr.SimpleName","range":{"beginLine":22,"beginColumn":25,"endLine":22,"endColumn":37},"tokenRange":{"beginToken":{"kind":94,"text":"isInitialized"},"endToken":{"kind":94,"text":"isInitialized"}},"identifier":"isInitialized"},"scope":{"!":"com.github.javaparser.ast.expr.NameExpr","range":{"beginLine":22,"beginColumn":15,"endLine":22,"endColumn":23},"tokenRange":{"beginToken":{"kind":94,"text":"Hibernate"},"endToken":{"kind":94,"text":"Hibernate"}},"name":{"!":"com.github.javaparser.ast.expr.SimpleName","range":{"beginLine":22,"beginColumn":15,"endLine":22,"endColumn":23},"tokenRange":{"beginToken":{"kind":94,"text":"Hibernate"},"endToken":{"kind":94,"text":"Hibernate"}},"identifier":"Hibernate"}}}],"name":{"!":"com.github.javaparser.ast.expr.SimpleName","range":{"beginLine":22,"beginColumn":3,"endLine":22,"endColumn":12},"tokenRange":{"beginToken":{"kind":94,"text":"assertTrue"},"endToken":{"kind":94,"text":"assertTrue"}},"identifier":"assertTrue"}}},{"!":"com.github.javaparser.ast.stmt.ExpressionStmt","range":{"beginLine":23,"beginColumn":3,"endLine":23,"endColumn":49},"tokenRange":{"beginToken":{"kind":94,"text":"part"},"endToken":{"kind":103,"text":";"}},"expression":{"!":"com.github.javaparser.ast.expr.AssignExpr","range":{"beginLine":23,"beginColumn":3,"endLine":23,"endColumn":48},"tokenRange":{"beginToken":{"kind":94,"text":"part"},"endToken":{"kind":98,"text":")"}},"operator":"ASSIGN","target":{"!":"com.github.javaparser.ast.expr.NameExpr","range":{"beginLine":23,"beginColumn":3,"endLine":23,"endColumn":6},"tokenRange":{"beginToken":{"kind":94,"text":"part"},"endToken":{"kind":94,"text":"part"}},"name":{"!":"com.github.javaparser.ast.expr.SimpleName","range":{"beginLine":23,"beginColumn":3,"endLine":23,"endColumn":6},"tokenRange":{"beginToken":{"kind":94,"text":"part"},"endToken":{"kind":94,"text":"part"}},"identifier":"part"}},"value":{"!":"com.github.javaparser.ast.expr.CastExpr","range":{"beginLine":23,"beginColumn":10,"endLine":23,"endColumn":48},"tokenRange":{"beginToken":{"kind":97,"text":"("},"endToken":{"kind":98,"text":")"}},"expression":{"!":"com.github.javaparser.ast.expr.MethodCallExpr","range":{"beginLine":23,"beginColumn":17,"endLine":23,"endColumn":48},"tokenRange":{"beginToken":{"kind":94,"text":"session"},"endToken":{"kind":98,"text":")"}},"arguments":[{"!":"com.github.javaparser.ast.expr.ClassExpr","range":{"beginLine":23,"beginColumn":29,"endLine":23,"endColumn":38},"tokenRange":{"beginToken":{"kind":94,"text":"Part"},"endToken":{"kind":19,"text":"class"}},"type":{"!":"com.github.javaparser.ast.type.ClassOrInterfaceType","range":{"beginLine":23,"beginColumn":29,"endLine":23,"endColumn":32},"tokenRange":{"beginToken":{"kind":94,"text":"Part"},"endToken":{"kind":94,"text":"Part"}},"name":{"!":"com.github.javaparser.ast.expr.SimpleName","range":{"beginLine":23,"beginColumn":29,"endLine":23,"endColumn":32},"tokenRange":{"beginToken":{"kind":94,"text":"Part"},"endToken":{"kind":94,"text":"Part"}},"identifier":"Part"},"annotations":[]}},{"!":"com.github.javaparser.ast.expr.StringLiteralExpr","range":{"beginLine":23,"beginColumn":41,"endLine":23,"endColumn":47},"tokenRange":{"beginToken":{"kind":90,"text":"\"Widge\""},"endToken":{"kind":90,"text":"\"Widge\""}},"value":"Widge"}],"name":{"!":"com.github.javaparser.ast.expr.SimpleName","range":{"beginLine":23,"beginColumn":25,"endLine":23,"endColumn":27},"tokenRange":{"beginToken":{"kind":94,"text":"get"},"endToken":{"kind":94,"text":"get"}},"identifier":"get"},"scope":{"!":"com.github.javaparser.ast.expr.NameExpr","range":{"beginLine":23,"beginColumn":17,"endLine":23,"endColumn":23},"tokenRange":{"beginToken":{"kind":94,"text":"session"},"endToken":{"kind":94,"text":"session"}},"name":{"!":"com.github.javaparser.ast.expr.SimpleName","range":{"beginLine":23,"beginColumn":17,"endLine":23,"endColumn":23},"tokenRange":{"beginToken":{"kind":94,"text":"session"},"endToken":{"kind":94,"text":"session"}},"identifier":"session"}}},"type":{"!":"com.github.javaparser.ast.type.ClassOrInterfaceType","range":{"beginLine":23,"beginColumn":11,"endLine":23,"endColumn":14},"tokenRange":{"beginToken":{"kind":94,"text":"Part"},"endToken":{"kind":94,"text":"Part"}},"name":{"!":"com.github.javaparser.ast.expr.SimpleName","range":{"beginLine":23,"beginColumn":11,"endLine":23,"endColumn":14},"tokenRange":{"beginToken":{"kind":94,"text":"Part"},"endToken":{"kind":94,"text":"Part"}},"identifier":"Part"},"annotations":[]}}}},{"!":"com.github.javaparser.ast.stmt.ExpressionStmt","range":{"beginLine":24,"beginColumn":3,"endLine":24,"endColumn":33},"tokenRange":{"beginToken":{"kind":94,"text":"prod"},"endToken":{"kind":103,"text":";"}},"expression":{"!":"com.github.javaparser.ast.expr.MethodCallExpr","range":{"beginLine":24,"beginColumn":3,"endLine":24,"endColumn":32},"tokenRange":{"beginToken":{"kind":94,"text":"prod"},"endToken":{"kind":98,"text":")"}},"arguments":[{"!":"com.github.javaparser.ast.expr.NameExpr","range":{"beginLine":24,"beginColumn":26,"endLine":24,"endColumn":31},"tokenRange":{"beginToken":{"kind":94,"text":"mapKey"},"endToken":{"kind":94,"text":"mapKey"}},"name":{"!":"com.github.javaparser.ast.expr.SimpleName","range":{"beginLine":24,"beginColumn":26,"endLine":24,"endColumn":31},"tokenRange":{"beginToken":{"kind":94,"text":"mapKey"},"endToken":{"kind":94,"text":"mapKey"}},"identifier":"mapKey"}}],"name":{"!":"com.github.javaparser.ast.expr.SimpleName","range":{"beginLine":24,"beginColumn":19,"endLine":24,"endColumn":24},"tokenRange":{"beginToken":{"kind":94,"text":"remove"},"endToken":{"kind":94,"text":"remove"}},"identifier":"remove"},"scope":{"!":"com.github.javaparser.ast.expr.MethodCallExpr","range":{"beginLine":24,"beginColumn":3,"endLine":24,"endColumn":17},"tokenRange":{"beginToken":{"kind":94,"text":"prod"},"endToken":{"kind":98,"text":")"}},"arguments":[],"name":{"!":"com.github.javaparser.ast.expr.SimpleName","range":{"beginLine":24,"beginColumn":8,"endLine":24,"endColumn":15},"tokenRange":{"beginToken":{"kind":94,"text":"getParts"},"endToken":{"kind":94,"text":"getParts"}},"identifier":"getParts"},"scope":{"!":"com.github.javaparser.ast.expr.NameExpr","range":{"beginLine":24,"beginColumn":3,"endLine":24,"endColumn":6},"tokenRange":{"beginToken":{"kind":94,"text":"prod"},"endToken":{"kind":94,"text":"prod"}},"name":{"!":"com.github.javaparser.ast.expr.SimpleName","range":{"beginLine":24,"beginColumn":3,"endLine":24,"endColumn":6},"tokenRange":{"beginToken":{"kind":94,"text":"prod"},"endToken":{"kind":94,"text":"prod"}},"identifier":"prod"}}}}},{"!":"com.github.javaparser.ast.stmt.ExpressionStmt","range":{"beginLine":25,"beginColumn":3,"endLine":25,"endColumn":13},"tokenRange":{"beginToken":{"kind":94,"text":"t"},"endToken":{"kind":103,"text":";"}},"expression":{"!":"com.github.javaparser.ast.expr.MethodCallExpr","range":{"beginLine":25,"beginColumn":3,"endLine":25,"endColumn":12},"tokenRange":{"beginToken":{"kind":94,"text":"t"},"endToken":{"kind":98,"text":")"}},"arguments":[],"name":{"!":"com.github.javaparser.ast.expr.SimpleName","range":{"beginLine":25,"beginColumn":5,"endLine":25,"endColumn":10},"tokenRange":{"beginToken":{"kind":94,"text":"commit"},"endToken":{"kind":94,"text":"commit"}},"identifier":"commit"},"scope":{"!":"com.github.javaparser.ast.expr.NameExpr","range":{"beginLine":25,"beginColumn":3,"endLine":25,"endColumn":3},"tokenRange":{"beginToken":{"kind":94,"text":"t"},"endToken":{"kind":94,"text":"t"}},"name":{"!":"com.github.javaparser.ast.expr.SimpleName","range":{"beginLine":25,"beginColumn":3,"endLine":25,"endColumn":3},"tokenRange":{"beginToken":{"kind":94,"text":"t"},"endToken":{"kind":94,"text":"t"}},"identifier":"t"}}}},{"!":"com.github.javaparser.ast.stmt.ExpressionStmt","range":{"beginLine":26,"beginColumn":3,"endLine":26,"endColumn":18},"tokenRange":{"beginToken":{"kind":94,"text":"session"},"endToken":{"kind":103,"text":";"}},"expression":{"!":"com.github.javaparser.ast.expr.MethodCallExpr","range":{"beginLine":26,"beginColumn":3,"endLine":26,"endColumn":17},"tokenRange":{"beginToken":{"kind":94,"text":"session"},"endToken":{"kind":98,"text":")"}},"arguments":[],"name":{"!":"com.github.javaparser.ast.expr.SimpleName","range":{"beginLine":26,"beginColumn":11,"endLine":26,"endColumn":15},"tokenRange":{"beginToken":{"kind":94,"text":"close"},"endToken":{"kind":94,"text":"close"}},"identifier":"close"},"scope":{"!":"com.github.javaparser.ast.expr.NameExpr","range":{"beginLine":26,"beginColumn":3,"endLine":26,"endColumn":9},"tokenRange":{"beginToken":{"kind":94,"text":"session"},"endToken":{"kind":94,"text":"session"}},"name":{"!":"com.github.javaparser.ast.expr.SimpleName","range":{"beginLine":26,"beginColumn":3,"endLine":26,"endColumn":9},"tokenRange":{"beginToken":{"kind":94,"text":"session"},"endToken":{"kind":94,"text":"session"}},"identifier":"session"}}}},{"!":"com.github.javaparser.ast.stmt.ExpressionStmt","range":{"beginLine":28,"beginColumn":3,"endLine":28,"endColumn":65},"tokenRange":{"beginToken":{"kind":94,"text":"sessionFactory"},"endToken":{"kind":103,"text":";"}},"expression":{"!":"com.github.javaparser.ast.expr.MethodCallExpr","range":{"beginLine":28,"beginColumn":3,"endLine":28,"endColumn":64},"tokenRange":{"beginToken":{"kind":94,"text":"sessionFactory"},"endToken":{"kind":98,"text":")"}},"arguments":[{"!":"com.github.javaparser.ast.expr.ClassExpr","range":{"beginLine":28,"beginColumn":50,"endLine":28,"endColumn":62},"tokenRange":{"beginToken":{"kind":94,"text":"Product"},"endToken":{"kind":19,"text":"class"}},"type":{"!":"com.github.javaparser.ast.type.ClassOrInterfaceType","range":{"beginLine":28,"beginColumn":50,"endLine":28,"endColumn":56},"tokenRange":{"beginToken":{"kind":94,"text":"Product"},"endToken":{"kind":94,"text":"Product"}},"name":{"!":"com.github.javaparser.ast.expr.SimpleName","range":{"beginLine":28,"beginColumn":50,"endLine":28,"endColumn":56},"tokenRange":{"beginToken":{"kind":94,"text":"Product"},"endToken":{"kind":94,"text":"Product"}},"identifier":"Product"},"annotations":[]}}],"name":{"!":"com.github.javaparser.ast.expr.SimpleName","range":{"beginLine":28,"beginColumn":31,"endLine":28,"endColumn":47},"tokenRange":{"beginToken":{"kind":94,"text":"evictEntityRegion"},"endToken":{"kind":94,"text":"evictEntityRegion"}},"identifier":"evictEntityRegion"},"scope":{"!":"com.github.javaparser.ast.expr.MethodCallExpr","range":{"beginLine":28,"beginColumn":3,"endLine":28,"endColumn":29},"tokenRange":{"beginToken":{"kind":94,"text":"sessionFactory"},"endToken":{"kind":98,"text":")"}},"arguments":[],"name":{"!":"com.github.javaparser.ast.expr.SimpleName","range":{"beginLine":28,"beginColumn":20,"endLine":28,"endColumn":27},"tokenRange":{"beginToken":{"kind":94,"text":"getCache"},"endToken":{"kind":94,"text":"getCache"}},"identifier":"getCache"},"scope":{"!":"com.github.javaparser.ast.expr.MethodCallExpr","range":{"beginLine":28,"beginColumn":3,"endLine":28,"endColumn":18},"tokenRange":{"beginToken":{"kind":94,"text":"sessionFactory"},"endToken":{"kind":98,"text":")"}},"arguments":[],"name":{"!":"com.github.javaparser.ast.expr.SimpleName","range":{"beginLine":28,"beginColumn":3,"endLine":28,"endColumn":16},"tokenRange":{"beginToken":{"kind":94,"text":"sessionFactory"},"endToken":{"kind":94,"text":"sessionFactory"}},"identifier":"sessionFactory"}}}}},{"!":"com.github.javaparser.ast.stmt.ExpressionStmt","range":{"beginLine":29,"beginColumn":3,"endLine":29,"endColumn":60},"tokenRange":{"beginToken":{"kind":94,"text":"sessionFactory"},"endToken":{"kind":103,"text":";"}},"expression":{"!":"com.github.javaparser.ast.expr.MethodCallExpr","range":{"beginLine":29,"beginColumn":3,"endLine":29,"endColumn":59},"tokenRange":{"beginToken":{"kind":94,"text":"sessionFactory"},"endToken":{"kind":98,"text":")"}},"arguments":[{"!":"com.github.javaparser.ast.expr.ClassExpr","range":{"beginLine":29,"beginColumn":49,"endLine":29,"endColumn":58},"tokenRange":{"beginToken":{"kind":94,"text":"Part"},"endToken":{"kind":19,"text":"class"}},"type":{"!":"com.github.javaparser.ast.type.ClassOrInterfaceType","range":{"beginLine":29,"beginColumn":49,"endLine":29,"endColumn":52},"tokenRange":{"beginToken":{"kind":94,"text":"Part"},"endToken":{"kind":94,"text":"Part"}},"name":{"!":"com.github.javaparser.ast.expr.SimpleName","range":{"beginLine":29,"beginColumn":49,"endLine":29,"endColumn":52},"tokenRange":{"beginToken":{"kind":94,"text":"Part"},"endToken":{"kind":94,"text":"Part"}},"identifier":"Part"},"annotations":[]}}],"name":{"!":"com.github.javaparser.ast.expr.SimpleName","range":{"beginLine":29,"beginColumn":31,"endLine":29,"endColumn":47},"tokenRange":{"beginToken":{"kind":94,"text":"evictEntityRegion"},"endToken":{"kind":94,"text":"evictEntityRegion"}},"identifier":"evictEntityRegion"},"scope":{"!":"com.github.javaparser.ast.expr.MethodCallExpr","range":{"beginLine":29,"beginColumn":3,"endLine":29,"endColumn":29},"tokenRange":{"beginToken":{"kind":94,"text":"sessionFactory"},"endToken":{"kind":98,"text":")"}},"arguments":[],"name":{"!":"com.github.javaparser.ast.expr.SimpleName","range":{"beginLine":29,"beginColumn":20,"endLine":29,"endColumn":27},"tokenRange":{"beginToken":{"kind":94,"text":"getCache"},"endToken":{"kind":94,"text":"getCache"}},"identifier":"getCache"},"scope":{"!":"com.github.javaparser.ast.expr.MethodCallExpr","range":{"beginLine":29,"beginColumn":3,"endLine":29,"endColumn":18},"tokenRange":{"beginToken":{"kind":94,"text":"sessionFactory"},"endToken":{"kind":98,"text":")"}},"arguments":[],"name":{"!":"com.github.javaparser.ast.expr.SimpleName","range":{"beginLine":29,"beginColumn":3,"endLine":29,"endColumn":16},"tokenRange":{"beginToken":{"kind":94,"text":"sessionFactory"},"endToken":{"kind":94,"text":"sessionFactory"}},"identifier":"sessionFactory"}}}}},{"!":"com.github.javaparser.ast.stmt.ExpressionStmt","range":{"beginLine":31,"beginColumn":3,"endLine":31,"endColumn":26},"tokenRange":{"beginToken":{"kind":94,"text":"session"},"endToken":{"kind":103,"text":";"}},"expression":{"!":"com.github.javaparser.ast.expr.AssignExpr","range":{"beginLine":31,"beginColumn":3,"endLine":31,"endColumn":25},"tokenRange":{"beginToken":{"kind":94,"text":"session"},"endToken":{"kind":98,"text":")"}},"operator":"ASSIGN","target":{"!":"com.github.javaparser.ast.expr.NameExpr","range":{"beginLine":31,"beginColumn":3,"endLine":31,"endColumn":9},"tokenRange":{"beginToken":{"kind":94,"text":"session"},"endToken":{"kind":94,"text":"session"}},"name":{"!":"com.github.javaparser.ast.expr.SimpleName","range":{"beginLine":31,"beginColumn":3,"endLine":31,"endColumn":9},"tokenRange":{"beginToken":{"kind":94,"text":"session"},"endToken":{"kind":94,"text":"session"}},"identifier":"session"}},"value":{"!":"com.github.javaparser.ast.expr.MethodCallExpr","range":{"beginLine":31,"beginColumn":13,"endLine":31,"endColumn":25},"tokenRange":{"beginToken":{"kind":94,"text":"openSession"},"endToken":{"kind":98,"text":")"}},"arguments":[],"name":{"!":"com.github.javaparser.ast.expr.SimpleName","range":{"beginLine":31,"beginColumn":13,"endLine":31,"endColumn":23},"tokenRange":{"beginToken":{"kind":94,"text":"openSession"},"endToken":{"kind":94,"text":"openSession"}},"identifier":"openSession"}}}},{"!":"com.github.javaparser.ast.stmt.ExpressionStmt","range":{"beginLine":32,"beginColumn":3,"endLine":32,"endColumn":33},"tokenRange":{"beginToken":{"kind":94,"text":"t"},"endToken":{"kind":103,"text":";"}},"expression":{"!":"com.github.javaparser.ast.expr.AssignExpr","range":{"beginLine":32,"beginColumn":3,"endLine":32,"endColumn":32},"tokenRange":{"beginToken":{"kind":94,"text":"t"},"endToken":{"kind":98,"text":")"}},"operator":"ASSIGN","target":{"!":"com.github.javaparser.ast.expr.NameExpr","range":{"beginLine":32,"beginColumn":3,"endLine":32,"endColumn":3},"tokenRange":{"beginToken":{"kind":94,"text":"t"},"endToken":{"kind":94,"text":"t"}},"name":{"!":"com.github.javaparser.ast.expr.SimpleName","range":{"beginLine":32,"beginColumn":3,"endLine":32,"endColumn":3},"tokenRange":{"beginToken":{"kind":94,"text":"t"},"endToken":{"kind":94,"text":"t"}},"identifier":"t"}},"value":{"!":"com.github.javaparser.ast.expr.MethodCallExpr","range":{"beginLine":32,"beginColumn":7,"endLine":32,"endColumn":32},"tokenRange":{"beginToken":{"kind":94,"text":"session"},"endToken":{"kind":98,"text":")"}},"arguments":[],"name":{"!":"com.github.javaparser.ast.expr.SimpleName","range":{"beginLine":32,"beginColumn":15,"endLine":32,"endColumn":30},"tokenRange":{"beginToken":{"kind":94,"text":"beginTransaction"},"endToken":{"kind":94,"text":"beginTransaction"}},"identifier":"beginTransaction"},"scope":{"!":"com.github.javaparser.ast.expr.NameExpr","range":{"beginLine":32,"beginColumn":7,"endLine":32,"endColumn":13},"tokenRange":{"beginToken":{"kind":94,"text":"session"},"endToken":{"kind":94,"text":"session"}},"name":{"!":"com.github.javaparser.ast.expr.SimpleName","range":{"beginLine":32,"beginColumn":7,"endLine":32,"endColumn":13},"tokenRange":{"beginToken":{"kind":94,"text":"session"},"endToken":{"kind":94,"text":"session"}},"identifier":"session"}}}}},{"!":"com.github.javaparser.ast.stmt.ExpressionStmt","range":{"beginLine":33,"beginColumn":3,"endLine":33,"endColumn":56},"tokenRange":{"beginToken":{"kind":94,"text":"prod"},"endToken":{"kind":103,"text":";"}},"expression":{"!":"com.github.javaparser.ast.expr.AssignExpr","range":{"beginLine":33,"beginColumn":3,"endLine":33,"endColumn":55},"tokenRange":{"beginToken":{"kind":94,"text":"prod"},"endToken":{"kind":98,"text":")"}},"operator":"ASSIGN","target":{"!":"com.github.javaparser.ast.expr.NameExpr","range":{"beginLine":33,"beginColumn":3,"endLine":33,"endColumn":6},"tokenRange":{"beginToken":{"kind":94,"text":"prod"},"endToken":{"kind":94,"text":"prod"}},"name":{"!":"com.github.javaparser.ast.expr.SimpleName","range":{"beginLine":33,"beginColumn":3,"endLine":33,"endColumn":6},"tokenRange":{"beginToken":{"kind":94,"text":"prod"},"endToken":{"kind":94,"text":"prod"}},"identifier":"prod"}},"value":{"!":"com.github.javaparser.ast.expr.CastExpr","range":{"beginLine":33,"beginColumn":10,"endLine":33,"endColumn":55},"tokenRange":{"beginToken":{"kind":97,"text":"("},"endToken":{"kind":98,"text":")"}},"expression":{"!":"com.github.javaparser.ast.expr.MethodCallExpr","range":{"beginLine":33,"beginColumn":20,"endLine":33,"endColumn":55},"tokenRange":{"beginToken":{"kind":94,"text":"session"},"endToken":{"kind":98,"text":")"}},"arguments":[{"!":"com.github.javaparser.ast.expr.ClassExpr","range":{"beginLine":33,"beginColumn":32,"endLine":33,"endColumn":44},"tokenRange":{"beginToken":{"kind":94,"text":"Product"},"endToken":{"kind":19,"text":"class"}},"type":{"!":"com.github.javaparser.ast.type.ClassOrInterfaceType","range":{"beginLine":33,"beginColumn":32,"endLine":33,"endColumn":38},"tokenRange":{"beginToken":{"kind":94,"text":"Product"},"endToken":{"kind":94,"text":"Product"}},"name":{"!":"com.github.javaparser.ast.expr.SimpleName","range":{"beginLine":33,"beginColumn":32,"endLine":33,"endColumn":38},"tokenRange":{"beginToken":{"kind":94,"text":"Product"},"endToken":{"kind":94,"text":"Product"}},"identifier":"Product"},"annotations":[]}},{"!":"com.github.javaparser.ast.expr.StringLiteralExpr","range":{"beginLine":33,"beginColumn":47,"endLine":33,"endColumn":54},"tokenRange":{"beginToken":{"kind":90,"text":"\"Widget\""},"endToken":{"kind":90,"text":"\"Widget\""}},"value":"Widget"}],"name":{"!":"com.github.javaparser.ast.expr.SimpleName","range":{"beginLine":33,"beginColumn":28,"endLine":33,"endColumn":30},"tokenRange":{"beginToken":{"kind":94,"text":"get"},"endToken":{"kind":94,"text":"get"}},"identifier":"get"},"scope":{"!":"com.github.javaparser.ast.expr.NameExpr","range":{"beginLine":33,"beginColumn":20,"endLine":33,"endColumn":26},"tokenRange":{"beginToken":{"kind":94,"text":"session"},"endToken":{"kind":94,"text":"session"}},"name":{"!":"com.github.javaparser.ast.expr.SimpleName","range":{"beginLine":33,"beginColumn":20,"endLine":33,"endColumn":26},"tokenRange":{"beginToken":{"kind":94,"text":"session"},"endToken":{"kind":94,"text":"session"}},"identifier":"session"}}},"type":{"!":"com.github.javaparser.ast.type.ClassOrInterfaceType","range":{"beginLine":33,"beginColumn":11,"endLine":33,"endColumn":17},"tokenRange":{"beginToken":{"kind":94,"text":"Product"},"endToken":{"kind":94,"text":"Product"}},"name":{"!":"com.github.javaparser.ast.expr.SimpleName","range":{"beginLine":33,"beginColumn":11,"endLine":33,"endColumn":17},"tokenRange":{"beginToken":{"kind":94,"text":"Product"},"endToken":{"kind":94,"text":"Product"}},"identifier":"Product"},"annotations":[]}}}},{"!":"com.github.javaparser.ast.stmt.ExpressionStmt","range":{"beginLine":34,"beginColumn":3,"endLine":34,"endColumn":59},"tokenRange":{"beginToken":{"kind":94,"text":"assertTrue"},"endToken":{"kind":103,"text":";"}},"expression":{"!":"com.github.javaparser.ast.expr.MethodCallExpr","range":{"beginLine":34,"beginColumn":3,"endLine":34,"endColumn":58},"tokenRange":{"beginToken":{"kind":94,"text":"assertTrue"},"endToken":{"kind":98,"text":")"}},"arguments":[{"!":"com.github.javaparser.ast.expr.MethodCallExpr","range":{"beginLine":34,"beginColumn":15,"endLine":34,"endColumn":56},"tokenRange":{"beginToken":{"kind":94,"text":"Hibernate"},"endToken":{"kind":98,"text":")"}},"arguments":[{"!":"com.github.javaparser.ast.expr.MethodCallExpr","range":{"beginLine":34,"beginColumn":40,"endLine":34,"endColumn":54},"tokenRange":{"beginToken":{"kind":94,"text":"prod"},"endToken":{"kind":98,"text":")"}},"arguments":[],"name":{"!":"com.github.javaparser.ast.expr.SimpleName","range":{"beginLine":34,"beginColumn":45,"endLine":34,"endColumn":52},"tokenRange":{"beginToken":{"kind":94,"text":"getParts"},"endToken":{"kind":94,"text":"getParts"}},"identifier":"getParts"},"scope":{"!":"com.github.javaparser.ast.expr.NameExpr","range":{"beginLine":34,"beginColumn":40,"endLine":34,"endColumn":43},"tokenRange":{"beginToken":{"kind":94,"text":"prod"},"endToken":{"kind":94,"text":"prod"}},"name":{"!":"com.github.javaparser.ast.expr.SimpleName","range":{"beginLine":34,"beginColumn":40,"endLine":34,"endColumn":43},"tokenRange":{"beginToken":{"kind":94,"text":"prod"},"endToken":{"kind":94,"text":"prod"}},"identifier":"prod"}}}],"name":{"!":"com.github.javaparser.ast.expr.SimpleName","range":{"beginLine":34,"beginColumn":25,"endLine":34,"endColumn":37},"tokenRange":{"beginToken":{"kind":94,"text":"isInitialized"},"endToken":{"kind":94,"text":"isInitialized"}},"identifier":"isInitialized"},"scope":{"!":"com.github.javaparser.ast.expr.NameExpr","range":{"beginLine":34,"beginColumn":15,"endLine":34,"endColumn":23},"tokenRange":{"beginToken":{"kind":94,"text":"Hibernate"},"endToken":{"kind":94,"text":"Hibernate"}},"name":{"!":"com.github.javaparser.ast.expr.SimpleName","range":{"beginLine":34,"beginColumn":15,"endLine":34,"endColumn":23},"tokenRange":{"beginToken":{"kind":94,"text":"Hibernate"},"endToken":{"kind":94,"text":"Hibernate"}},"identifier":"Hibernate"}}}],"name":{"!":"com.github.javaparser.ast.expr.SimpleName","range":{"beginLine":34,"beginColumn":3,"endLine":34,"endColumn":12},"tokenRange":{"beginToken":{"kind":94,"text":"assertTrue"},"endToken":{"kind":94,"text":"assertTrue"}},"identifier":"assertTrue"}}},{"!":"com.github.javaparser.ast.stmt.ExpressionStmt","range":{"beginLine":35,"beginColumn":3,"endLine":35,"endColumn":54},"tokenRange":{"beginToken":{"kind":94,"text":"assertNull"},"endToken":{"kind":103,"text":";"}},"expression":{"!":"com.github.javaparser.ast.expr.MethodCallExpr","range":{"beginLine":35,"beginColumn":3,"endLine":35,"endColumn":53},"tokenRange":{"beginToken":{"kind":94,"text":"assertNull"},"endToken":{"kind":98,"text":")"}},"arguments":[{"!":"com.github.javaparser.ast.expr.MethodCallExpr","range":{"beginLine":35,"beginColumn":15,"endLine":35,"endColumn":52},"tokenRange":{"beginToken":{"kind":94,"text":"prod"},"endToken":{"kind":98,"text":")"}},"arguments":[{"!":"com.github.javaparser.ast.expr.ObjectCreationExpr","range":{"beginLine":35,"beginColumn":35,"endLine":35,"endColumn":51},"tokenRange":{"beginToken":{"kind":42,"text":"new"},"endToken":{"kind":98,"text":")"}},"arguments":[{"!":"com.github.javaparser.ast.expr.StringLiteralExpr","range":{"beginLine":35,"beginColumn":46,"endLine":35,"endColumn":50},"tokenRange":{"beginToken":{"kind":90,"text":"\"Top\""},"endToken":{"kind":90,"text":"\"Top\""}},"value":"Top"}],"type":{"!":"com.github.javaparser.ast.type.ClassOrInterfaceType","range":{"beginLine":35,"beginColumn":39,"endLine":35,"endColumn":44},"tokenRange":{"beginToken":{"kind":94,"text":"MapKey"},"endToken":{"kind":94,"text":"MapKey"}},"name":{"!":"com.github.javaparser.ast.expr.SimpleName","range":{"beginLine":35,"beginColumn":39,"endLine":35,"endColumn":44},"tokenRange":{"beginToken":{"kind":94,"text":"MapKey"},"endToken":{"kind":94,"text":"MapKey"}},"identifier":"MapKey"},"annotations":[]}}],"name":{"!":"com.github.javaparser.ast.expr.SimpleName","range":{"beginLine":35,"beginColumn":31,"endLine":35,"endColumn":33},"tokenRange":{"beginToken":{"kind":94,"text":"get"},"endToken":{"kind":94,"text":"get"}},"identifier":"get"},"scope":{"!":"com.github.javaparser.ast.expr.MethodCallExpr","range":{"beginLine":35,"beginColumn":15,"endLine":35,"endColumn":29},"tokenRange":{"beginToken":{"kind":94,"text":"prod"},"endToken":{"kind":98,"text":")"}},"arguments":[],"name":{"!":"com.github.javaparser.ast.expr.SimpleName","range":{"beginLine":35,"beginColumn":20,"endLine":35,"endColumn":27},"tokenRange":{"beginToken":{"kind":94,"text":"getParts"},"endToken":{"kind":94,"text":"getParts"}},"identifier":"getParts"},"scope":{"!":"com.github.javaparser.ast.expr.NameExpr","range":{"beginLine":35,"beginColumn":15,"endLine":35,"endColumn":18},"tokenRange":{"beginToken":{"kind":94,"text":"prod"},"endToken":{"kind":94,"text":"prod"}},"name":{"!":"com.github.javaparser.ast.expr.SimpleName","range":{"beginLine":35,"beginColumn":15,"endLine":35,"endColumn":18},"tokenRange":{"beginToken":{"kind":94,"text":"prod"},"endToken":{"kind":94,"text":"prod"}},"identifier":"prod"}}}}],"name":{"!":"com.github.javaparser.ast.expr.SimpleName","range":{"beginLine":35,"beginColumn":3,"endLine":35,"endColumn":12},"tokenRange":{"beginToken":{"kind":94,"text":"assertNull"},"endToken":{"kind":94,"text":"assertNull"}},"identifier":"assertNull"}}},{"!":"com.github.javaparser.ast.stmt.ExpressionStmt","range":{"beginLine":36,"beginColumn":3,"endLine":36,"endColumn":50},"tokenRange":{"beginToken":{"kind":94,"text":"assertNotNull"},"endToken":{"kind":103,"text":";"}},"expression":{"!":"com.github.javaparser.ast.expr.MethodCallExpr","range":{"beginLine":36,"beginColumn":3,"endLine":36,"endColumn":49},"tokenRange":{"beginToken":{"kind":94,"text":"assertNotNull"},"endToken":{"kind":98,"text":")"}},"arguments":[{"!":"com.github.javaparser.ast.expr.MethodCallExpr","range":{"beginLine":36,"beginColumn":18,"endLine":36,"endColumn":47},"tokenRange":{"beginToken":{"kind":94,"text":"session"},"endToken":{"kind":98,"text":")"}},"arguments":[{"!":"com.github.javaparser.ast.expr.ClassExpr","range":{"beginLine":36,"beginColumn":30,"endLine":36,"endColumn":39},"tokenRange":{"beginToken":{"kind":94,"text":"Part"},"endToken":{"kind":19,"text":"class"}},"type":{"!":"com.github.javaparser.ast.type.ClassOrInterfaceType","range":{"beginLine":36,"beginColumn":30,"endLine":36,"endColumn":33},"tokenRange":{"beginToken":{"kind":94,"text":"Part"},"endToken":{"kind":94,"text":"Part"}},"name":{"!":"com.github.javaparser.ast.expr.SimpleName","range":{"beginLine":36,"beginColumn":30,"endLine":36,"endColumn":33},"tokenRange":{"beginToken":{"kind":94,"text":"Part"},"endToken":{"kind":94,"text":"Part"}},"identifier":"Part"},"annotations":[]}},{"!":"com.github.javaparser.ast.expr.StringLiteralExpr","range":{"beginLine":36,"beginColumn":42,"endLine":36,"endColumn":46},"tokenRange":{"beginToken":{"kind":90,"text":"\"Get\""},"endToken":{"kind":90,"text":"\"Get\""}},"value":"Get"}],"name":{"!":"com.github.javaparser.ast.expr.SimpleName","range":{"beginLine":36,"beginColumn":26,"endLine":36,"endColumn":28},"tokenRange":{"beginToken":{"kind":94,"text":"get"},"endToken":{"kind":94,"text":"get"}},"identifier":"get"},"scope":{"!":"com.github.javaparser.ast.expr.NameExpr","range":{"beginLine":36,"beginColumn":18,"endLine":36,"endColumn":24},"tokenRange":{"beginToken":{"kind":94,"text":"session"},"endToken":{"kind":94,"text":"session"}},"name":{"!":"com.github.javaparser.ast.expr.SimpleName","range":{"beginLine":36,"beginColumn":18,"endLine":36,"endColumn":24},"tokenRange":{"beginToken":{"kind":94,"text":"session"},"endToken":{"kind":94,"text":"session"}},"identifier":"session"}}}],"name":{"!":"com.github.javaparser.ast.expr.SimpleName","range":{"beginLine":36,"beginColumn":3,"endLine":36,"endColumn":15},"tokenRange":{"beginToken":{"kind":94,"text":"assertNotNull"},"endToken":{"kind":94,"text":"assertNotNull"}},"identifier":"assertNotNull"}}},{"!":"com.github.javaparser.ast.stmt.ExpressionStmt","range":{"beginLine":37,"beginColumn":3,"endLine":37,"endColumn":57},"tokenRange":{"beginToken":{"kind":94,"text":"session"},"endToken":{"kind":103,"text":";"}},"expression":{"!":"com.github.javaparser.ast.expr.MethodCallExpr","range":{"beginLine":37,"beginColumn":3,"endLine":37,"endColumn":56},"tokenRange":{"beginToken":{"kind":94,"text":"session"},"endToken":{"kind":98,"text":")"}},"arguments":[{"!":"com.github.javaparser.ast.expr.MethodCallExpr","range":{"beginLine":37,"beginColumn":19,"endLine":37,"endColumn":54},"tokenRange":{"beginToken":{"kind":94,"text":"session"},"endToken":{"kind":98,"text":")"}},"arguments":[{"!":"com.github.javaparser.ast.expr.ClassExpr","range":{"beginLine":37,"beginColumn":31,"endLine":37,"endColumn":43},"tokenRange":{"beginToken":{"kind":94,"text":"Product"},"endToken":{"kind":19,"text":"class"}},"type":{"!":"com.github.javaparser.ast.type.ClassOrInterfaceType","range":{"beginLine":37,"beginColumn":31,"endLine":37,"endColumn":37},"tokenRange":{"beginToken":{"kind":94,"text":"Product"},"endToken":{"kind":94,"text":"Product"}},"name":{"!":"com.github.javaparser.ast.expr.SimpleName","range":{"beginLine":37,"beginColumn":31,"endLine":37,"endColumn":37},"tokenRange":{"beginToken":{"kind":94,"text":"Product"},"endToken":{"kind":94,"text":"Product"}},"identifier":"Product"},"annotations":[]}},{"!":"com.github.javaparser.ast.expr.StringLiteralExpr","range":{"beginLine":37,"beginColumn":46,"endLine":37,"endColumn":53},"tokenRange":{"beginToken":{"kind":90,"text":"\"Widget\""},"endToken":{"kind":90,"text":"\"Widget\""}},"value":"Widget"}],"name":{"!":"com.github.javaparser.ast.expr.SimpleName","range":{"beginLine":37,"beginColumn":27,"endLine":37,"endColumn":29},"tokenRange":{"beginToken":{"kind":94,"text":"get"},"endToken":{"kind":94,"text":"get"}},"identifier":"get"},"scope":{"!":"com.github.javaparser.ast.expr.NameExpr","range":{"beginLine":37,"beginColumn":19,"endLine":37,"endColumn":25},"tokenRange":{"beginToken":{"kind":94,"text":"session"},"endToken":{"kind":94,"text":"session"}},"name":{"!":"com.github.javaparser.ast.expr.SimpleName","range":{"beginLine":37,"beginColumn":19,"endLine":37,"endColumn":25},"tokenRange":{"beginToken":{"kind":94,"text":"session"},"endToken":{"kind":94,"text":"session"}},"identifier":"session"}}}],"name":{"!":"com.github.javaparser.ast.expr.SimpleName","range":{"beginLine":37,"beginColumn":11,"endLine":37,"endColumn":16},"tokenRange":{"beginToken":{"kind":94,"text":"delete"},"endToken":{"kind":94,"text":"delete"}},"identifier":"delete"},"scope":{"!":"com.github.javaparser.ast.expr.NameExpr","range":{"beginLine":37,"beginColumn":3,"endLine":37,"endColumn":9},"tokenRange":{"beginToken":{"kind":94,"text":"session"},"endToken":{"kind":94,"text":"session"}},"name":{"!":"com.github.javaparser.ast.expr.SimpleName","range":{"beginLine":37,"beginColumn":3,"endLine":37,"endColumn":9},"tokenRange":{"beginToken":{"kind":94,"text":"session"},"endToken":{"kind":94,"text":"session"}},"identifier":"session"}}}},{"!":"com.github.javaparser.ast.stmt.ExpressionStmt","range":{"beginLine":38,"beginColumn":3,"endLine":38,"endColumn":13},"tokenRange":{"beginToken":{"kind":94,"text":"t"},"endToken":{"kind":103,"text":";"}},"expression":{"!":"com.github.javaparser.ast.expr.MethodCallExpr","range":{"beginLine":38,"beginColumn":3,"endLine":38,"endColumn":12},"tokenRange":{"beginToken":{"kind":94,"text":"t"},"endToken":{"kind":98,"text":")"}},"arguments":[],"name":{"!":"com.github.javaparser.ast.expr.SimpleName","range":{"beginLine":38,"beginColumn":5,"endLine":38,"endColumn":10},"tokenRange":{"beginToken":{"kind":94,"text":"commit"},"endToken":{"kind":94,"text":"commit"}},"identifier":"commit"},"scope":{"!":"com.github.javaparser.ast.expr.NameExpr","range":{"beginLine":38,"beginColumn":3,"endLine":38,"endColumn":3},"tokenRange":{"beginToken":{"kind":94,"text":"t"},"endToken":{"kind":94,"text":"t"}},"name":{"!":"com.github.javaparser.ast.expr.SimpleName","range":{"beginLine":38,"beginColumn":3,"endLine":38,"endColumn":3},"tokenRange":{"beginToken":{"kind":94,"text":"t"},"endToken":{"kind":94,"text":"t"}},"identifier":"t"}}}},{"!":"com.github.javaparser.ast.stmt.ExpressionStmt","range":{"beginLine":39,"beginColumn":3,"endLine":39,"endColumn":18},"tokenRange":{"beginToken":{"kind":94,"text":"session"},"endToken":{"kind":103,"text":";"}},"expression":{"!":"com.github.javaparser.ast.expr.MethodCallExpr","range":{"beginLine":39,"beginColumn":3,"endLine":39,"endColumn":17},"tokenRange":{"beginToken":{"kind":94,"text":"session"},"endToken":{"kind":98,"text":")"}},"arguments":[],"name":{"!":"com.github.javaparser.ast.expr.SimpleName","range":{"beginLine":39,"beginColumn":11,"endLine":39,"endColumn":15},"tokenRange":{"beginToken":{"kind":94,"text":"close"},"endToken":{"kind":94,"text":"close"}},"identifier":"close"},"scope":{"!":"com.github.javaparser.ast.expr.NameExpr","range":{"beginLine":39,"beginColumn":3,"endLine":39,"endColumn":9},"tokenRange":{"beginToken":{"kind":94,"text":"session"},"endToken":{"kind":94,"text":"session"}},"name":{"!":"com.github.javaparser.ast.expr.SimpleName","range":{"beginLine":39,"beginColumn":3,"endLine":39,"endColumn":9},"tokenRange":{"beginToken":{"kind":94,"text":"session"},"endToken":{"kind":94,"text":"session"}},"identifier":"session"}}}}]},"type":{"!":"com.github.javaparser.ast.type.VoidType","range":{"beginLine":3,"beginColumn":9,"endLine":3,"endColumn":12},"tokenRange":{"beginToken":{"kind":62,"text":"void"},"endToken":{"kind":62,"text":"void"}},"annotations":[]},"modifiers":[{"!":"com.github.javaparser.ast.Modifier","range":{"beginLine":3,"beginColumn":2,"endLine":3,"endColumn":7},"tokenRange":{"beginToken":{"kind":47,"text":"public"},"endToken":{"kind":47,"text":"public"}},"keyword":"PUBLIC"}],"name":{"!":"com.github.javaparser.ast.expr.SimpleName","range":{"beginLine":3,"beginColumn":14,"endLine":3,"endColumn":29},"tokenRange":{"beginToken":{"kind":94,"text":"testOrphanDelete"},"endToken":{"kind":94,"text":"testOrphanDelete"}},"identifier":"testOrphanDelete"},"parameters":[],"thrownExceptions":[],"typeParameters":[],"annotations":[{"!":"com.github.javaparser.ast.expr.MarkerAnnotationExpr","range":{"beginLine":2,"beginColumn":2,"endLine":2,"endColumn":6},"tokenRange":{"beginToken":{"kind":107,"text":"@"},"endToken":{"kind":94,"text":"Test"}},"name":{"!":"com.github.javaparser.ast.expr.Name","range":{"beginLine":2,"beginColumn":3,"endLine":2,"endColumn":6},"tokenRange":{"beginToken":{"kind":94,"text":"Test"},"endToken":{"kind":94,"text":"Test"}},"identifier":"Test"}}]}],"modifiers":[],"name":{"!":"com.github.javaparser.ast.expr.SimpleName","range":{"beginLine":1,"beginColumn":7,"endLine":1,"endColumn":10},"tokenRange":{"beginToken":{"kind":94,"text":"Test"},"endToken":{"kind":94,"text":"Test"}},"identifier":"Test"},"annotations":[]}]}