{"!":"com.github.javaparser.ast.CompilationUnit","range":{"beginLine":1,"beginColumn":1,"endLine":23,"endColumn":2},"tokenRange":{"beginToken":{"kind":19,"text":"class"},"endToken":{"kind":0,"text":""}},"imports":[],"types":[{"!":"com.github.javaparser.ast.body.ClassOrInterfaceDeclaration","range":{"beginLine":1,"beginColumn":1,"endLine":23,"endColumn":2},"tokenRange":{"beginToken":{"kind":19,"text":"class"},"endToken":{"kind":100,"text":"}"}},"extendedTypes":[],"implementedTypes":[],"isInterface":"false","typeParameters":[],"members":[{"!":"com.github.javaparser.ast.body.MethodDeclaration","range":{"beginLine":2,"beginColumn":5,"endLine":21,"endColumn":5},"tokenRange":{"beginToken":{"kind":45,"text":"private"},"endToken":{"kind":100,"text":"}"}},"body":{"!":"com.github.javaparser.ast.stmt.BlockStmt","range":{"beginLine":2,"beginColumn":61,"endLine":21,"endColumn":5},"tokenRange":{"beginToken":{"kind":99,"text":"{"},"endToken":{"kind":100,"text":"}"}},"statements":[{"!":"com.github.javaparser.ast.stmt.ExpressionStmt","range":{"beginLine":3,"beginColumn":9,"endLine":3,"endColumn":64},"tokenRange":{"beginToken":{"kind":94,"text":"StackTraceElement"},"endToken":{"kind":103,"text":";"}},"expression":{"!":"com.github.javaparser.ast.expr.VariableDeclarationExpr","range":{"beginLine":3,"beginColumn":9,"endLine":3,"endColumn":63},"tokenRange":{"beginToken":{"kind":94,"text":"StackTraceElement"},"endToken":{"kind":98,"text":")"}},"annotations":[],"modifiers":[],"variables":[{"!":"com.github.javaparser.ast.body.VariableDeclarator","range":{"beginLine":3,"beginColumn":29,"endLine":3,"endColumn":63},"tokenRange":{"beginToken":{"kind":94,"text":"stackTrace"},"endToken":{"kind":98,"text":")"}},"initializer":{"!":"com.github.javaparser.ast.expr.MethodCallExpr","range":{"beginLine":3,"beginColumn":42,"endLine":3,"endColumn":63},"tokenRange":{"beginToken":{"kind":94,"text":"thread"},"endToken":{"kind":98,"text":")"}},"arguments":[],"name":{"!":"com.github.javaparser.ast.expr.SimpleName","range":{"beginLine":3,"beginColumn":49,"endLine":3,"endColumn":61},"tokenRange":{"beginToken":{"kind":94,"text":"getStackTrace"},"endToken":{"kind":94,"text":"getStackTrace"}},"identifier":"getStackTrace"},"scope":{"!":"com.github.javaparser.ast.expr.NameExpr","range":{"beginLine":3,"beginColumn":42,"endLine":3,"endColumn":47},"tokenRange":{"beginToken":{"kind":94,"text":"thread"},"endToken":{"kind":94,"text":"thread"}},"name":{"!":"com.github.javaparser.ast.expr.SimpleName","range":{"beginLine":3,"beginColumn":42,"endLine":3,"endColumn":47},"tokenRange":{"beginToken":{"kind":94,"text":"thread"},"endToken":{"kind":94,"text":"thread"}},"identifier":"thread"}}},"name":{"!":"com.github.javaparser.ast.expr.SimpleName","range":{"beginLine":3,"beginColumn":29,"endLine":3,"endColumn":38},"tokenRange":{"beginToken":{"kind":94,"text":"stackTrace"},"endToken":{"kind":94,"text":"stackTrace"}},"identifier":"stackTrace"},"type":{"!":"com.github.javaparser.ast.type.ArrayType","range":{"beginLine":3,"beginColumn":9,"endLine":3,"endColumn":27},"tokenRange":{"beginToken":{"kind":94,"text":"StackTraceElement"},"endToken":{"kind":102,"text":"]"}},"componentType":{"!":"com.github.javaparser.ast.type.ClassOrInterfaceType","range":{"beginLine":3,"beginColumn":9,"endLine":3,"endColumn":25},"tokenRange":{"beginToken":{"kind":94,"text":"StackTraceElement"},"endToken":{"kind":94,"text":"StackTraceElement"}},"name":{"!":"com.github.javaparser.ast.expr.SimpleName","range":{"beginLine":3,"beginColumn":9,"endLine":3,"endColumn":25},"tokenRange":{"beginToken":{"kind":94,"text":"StackTraceElement"},"endToken":{"kind":94,"text":"StackTraceElement"}},"identifier":"StackTraceElement"},"annotations":[]},"origin":"TYPE","annotations":[]}}]}},{"!":"com.github.javaparser.ast.stmt.ExpressionStmt","range":{"beginLine":4,"beginColumn":9,"endLine":4,"endColumn":87},"tokenRange":{"beginToken":{"kind":29,"text":"final"},"endToken":{"kind":103,"text":";"}},"expression":{"!":"com.github.javaparser.ast.expr.VariableDeclarationExpr","range":{"beginLine":4,"beginColumn":9,"endLine":4,"endColumn":86},"tokenRange":{"beginToken":{"kind":29,"text":"final"},"endToken":{"kind":43,"text":"null"}},"annotations":[],"modifiers":[{"!":"com.github.javaparser.ast.Modifier","range":{"beginLine":4,"beginColumn":9,"endLine":4,"endColumn":13},"tokenRange":{"beginToken":{"kind":29,"text":"final"},"endToken":{"kind":29,"text":"final"}},"keyword":"FINAL"}],"variables":[{"!":"com.github.javaparser.ast.body.VariableDeclarator","range":{"beginLine":4,"beginColumn":22,"endLine":4,"endColumn":86},"tokenRange":{"beginToken":{"kind":94,"text":"stuckThread"},"endToken":{"kind":43,"text":"null"}},"initializer":{"!":"com.github.javaparser.ast.expr.ConditionalExpr","range":{"beginLine":4,"beginColumn":36,"endLine":4,"endColumn":86},"tokenRange":{"beginToken":{"kind":94,"text":"fLookForStuckThread"},"endToken":{"kind":43,"text":"null"}},"condition":{"!":"com.github.javaparser.ast.expr.NameExpr","range":{"beginLine":4,"beginColumn":36,"endLine":4,"endColumn":54},"tokenRange":{"beginToken":{"kind":94,"text":"fLookForStuckThread"},"endToken":{"kind":94,"text":"fLookForStuckThread"}},"name":{"!":"com.github.javaparser.ast.expr.SimpleName","range":{"beginLine":4,"beginColumn":36,"endLine":4,"endColumn":54},"tokenRange":{"beginToken":{"kind":94,"text":"fLookForStuckThread"},"endToken":{"kind":94,"text":"fLookForStuckThread"}},"identifier":"fLookForStuckThread"}},"elseExpr":{"!":"com.github.javaparser.ast.expr.NullLiteralExpr","range":{"beginLine":4,"beginColumn":83,"endLine":4,"endColumn":86},"tokenRange":{"beginToken":{"kind":43,"text":"null"},"endToken":{"kind":43,"text":"null"}}},"thenExpr":{"!":"com.github.javaparser.ast.expr.MethodCallExpr","range":{"beginLine":4,"beginColumn":58,"endLine":4,"endColumn":79},"tokenRange":{"beginToken":{"kind":94,"text":"getStuckThread"},"endToken":{"kind":98,"text":")"}},"arguments":[{"!":"com.github.javaparser.ast.expr.NameExpr","range":{"beginLine":4,"beginColumn":73,"endLine":4,"endColumn":78},"tokenRange":{"beginToken":{"kind":94,"text":"thread"},"endToken":{"kind":94,"text":"thread"}},"name":{"!":"com.github.javaparser.ast.expr.SimpleName","range":{"beginLine":4,"beginColumn":73,"endLine":4,"endColumn":78},"tokenRange":{"beginToken":{"kind":94,"text":"thread"},"endToken":{"kind":94,"text":"thread"}},"identifier":"thread"}}],"name":{"!":"com.github.javaparser.ast.expr.SimpleName","range":{"beginLine":4,"beginColumn":58,"endLine":4,"endColumn":71},"tokenRange":{"beginToken":{"kind":94,"text":"getStuckThread"},"endToken":{"kind":94,"text":"getStuckThread"}},"identifier":"getStuckThread"}}},"name":{"!":"com.github.javaparser.ast.expr.SimpleName","range":{"beginLine":4,"beginColumn":22,"endLine":4,"endColumn":32},"tokenRange":{"beginToken":{"kind":94,"text":"stuckThread"},"endToken":{"kind":94,"text":"stuckThread"}},"identifier":"stuckThread"},"type":{"!":"com.github.javaparser.ast.type.ClassOrInterfaceType","range":{"beginLine":4,"beginColumn":15,"endLine":4,"endColumn":20},"tokenRange":{"beginToken":{"kind":94,"text":"Thread"},"endToken":{"kind":94,"text":"Thread"}},"name":{"!":"com.github.javaparser.ast.expr.SimpleName","range":{"beginLine":4,"beginColumn":15,"endLine":4,"endColumn":20},"tokenRange":{"beginToken":{"kind":94,"text":"Thread"},"endToken":{"kind":94,"text":"Thread"}},"identifier":"Thread"},"annotations":[]}}]}},{"!":"com.github.javaparser.ast.stmt.ExpressionStmt","range":{"beginLine":5,"beginColumn":9,"endLine":6,"endColumn":89},"tokenRange":{"beginToken":{"kind":94,"text":"Exception"},"endToken":{"kind":103,"text":";"}},"expression":{"!":"com.github.javaparser.ast.expr.VariableDeclarationExpr","range":{"beginLine":5,"beginColumn":9,"endLine":6,"endColumn":88},"tokenRange":{"beginToken":{"kind":94,"text":"Exception"},"endToken":{"kind":98,"text":")"}},"annotations":[],"modifiers":[],"variables":[{"!":"com.github.javaparser.ast.body.VariableDeclarator","range":{"beginLine":5,"beginColumn":19,"endLine":6,"endColumn":88},"tokenRange":{"beginToken":{"kind":94,"text":"currThreadException"},"endToken":{"kind":98,"text":")"}},"initializer":{"!":"com.github.javaparser.ast.expr.ObjectCreationExpr","range":{"beginLine":5,"beginColumn":41,"endLine":6,"endColumn":88},"tokenRange":{"beginToken":{"kind":42,"text":"new"},"endToken":{"kind":98,"text":")"}},"arguments":[{"!":"com.github.javaparser.ast.expr.MethodCallExpr","range":{"beginLine":5,"beginColumn":55,"endLine":6,"endColumn":87},"tokenRange":{"beginToken":{"kind":94,"text":"String"},"endToken":{"kind":98,"text":")"}},"arguments":[{"!":"com.github.javaparser.ast.expr.StringLiteralExpr","range":{"beginLine":6,"beginColumn":17,"endLine":6,"endColumn":44},"tokenRange":{"beginToken":{"kind":90,"text":"\"test timed out after %d %s\""},"endToken":{"kind":90,"text":"\"test timed out after %d %s\""}},"value":"test timed out after %d %s"},{"!":"com.github.javaparser.ast.expr.NameExpr","range":{"beginLine":6,"beginColumn":47,"endLine":6,"endColumn":54},"tokenRange":{"beginToken":{"kind":94,"text":"fTimeout"},"endToken":{"kind":94,"text":"fTimeout"}},"name":{"!":"com.github.javaparser.ast.expr.SimpleName","range":{"beginLine":6,"beginColumn":47,"endLine":6,"endColumn":54},"tokenRange":{"beginToken":{"kind":94,"text":"fTimeout"},"endToken":{"kind":94,"text":"fTimeout"}},"identifier":"fTimeout"}},{"!":"com.github.javaparser.ast.expr.MethodCallExpr","range":{"beginLine":6,"beginColumn":57,"endLine":6,"endColumn":86},"tokenRange":{"beginToken":{"kind":94,"text":"fTimeUnit"},"endToken":{"kind":98,"text":")"}},"arguments":[],"name":{"!":"com.github.javaparser.ast.expr.SimpleName","range":{"beginLine":6,"beginColumn":74,"endLine":6,"endColumn":84},"tokenRange":{"beginToken":{"kind":94,"text":"toLowerCase"},"endToken":{"kind":94,"text":"toLowerCase"}},"identifier":"toLowerCase"},"scope":{"!":"com.github.javaparser.ast.expr.MethodCallExpr","range":{"beginLine":6,"beginColumn":57,"endLine":6,"endColumn":72},"tokenRange":{"beginToken":{"kind":94,"text":"fTimeUnit"},"endToken":{"kind":98,"text":")"}},"arguments":[],"name":{"!":"com.github.javaparser.ast.expr.SimpleName","range":{"beginLine":6,"beginColumn":67,"endLine":6,"endColumn":70},"tokenRange":{"beginToken":{"kind":94,"text":"name"},"endToken":{"kind":94,"text":"name"}},"identifier":"name"},"scope":{"!":"com.github.javaparser.ast.expr.NameExpr","range":{"beginLine":6,"beginColumn":57,"endLine":6,"endColumn":65},"tokenRange":{"beginToken":{"kind":94,"text":"fTimeUnit"},"endToken":{"kind":94,"text":"fTimeUnit"}},"name":{"!":"com.github.javaparser.ast.expr.SimpleName","range":{"beginLine":6,"beginColumn":57,"endLine":6,"endColumn":65},"tokenRange":{"beginToken":{"kind":94,"text":"fTimeUnit"},"endToken":{"kind":94,"text":"fTimeUnit"}},"identifier":"fTimeUnit"}}}}],"name":{"!":"com.github.javaparser.ast.expr.SimpleName","range":{"beginLine":5,"beginColumn":62,"endLine":5,"endColumn":67},"tokenRange":{"beginToken":{"kind":94,"text":"format"},"endToken":{"kind":94,"text":"format"}},"identifier":"format"},"scope":{"!":"com.github.javaparser.ast.expr.NameExpr","range":{"beginLine":5,"beginColumn":55,"endLine":5,"endColumn":60},"tokenRange":{"beginToken":{"kind":94,"text":"String"},"endToken":{"kind":94,"text":"String"}},"name":{"!":"com.github.javaparser.ast.expr.SimpleName","range":{"beginLine":5,"beginColumn":55,"endLine":5,"endColumn":60},"tokenRange":{"beginToken":{"kind":94,"text":"String"},"endToken":{"kind":94,"text":"String"}},"identifier":"String"}}}],"type":{"!":"com.github.javaparser.ast.type.ClassOrInterfaceType","range":{"beginLine":5,"beginColumn":45,"endLine":5,"endColumn":53},"tokenRange":{"beginToken":{"kind":94,"text":"Exception"},"endToken":{"kind":94,"text":"Exception"}},"name":{"!":"com.github.javaparser.ast.expr.SimpleName","range":{"beginLine":5,"beginColumn":45,"endLine":5,"endColumn":53},"tokenRange":{"beginToken":{"kind":94,"text":"Exception"},"endToken":{"kind":94,"text":"Exception"}},"identifier":"Exception"},"annotations":[]}},"name":{"!":"com.github.javaparser.ast.expr.SimpleName","range":{"beginLine":5,"beginColumn":19,"endLine":5,"endColumn":37},"tokenRange":{"beginToken":{"kind":94,"text":"currThreadException"},"endToken":{"kind":94,"text":"currThreadException"}},"identifier":"currThreadException"},"type":{"!":"com.github.javaparser.ast.type.ClassOrInterfaceType","range":{"beginLine":5,"beginColumn":9,"endLine":5,"endColumn":17},"tokenRange":{"beginToken":{"kind":94,"text":"Exception"},"endToken":{"kind":94,"text":"Exception"}},"name":{"!":"com.github.javaparser.ast.expr.SimpleName","range":{"beginLine":5,"beginColumn":9,"endLine":5,"endColumn":17},"tokenRange":{"beginToken":{"kind":94,"text":"Exception"},"endToken":{"kind":94,"text":"Exception"}},"identifier":"Exception"},"annotations":[]}}]}},{"!":"com.github.javaparser.ast.stmt.IfStmt","range":{"beginLine":7,"beginColumn":9,"endLine":10,"endColumn":9},"tokenRange":{"beginToken":{"kind":34,"text":"if"},"endToken":{"kind":100,"text":"}"}},"condition":{"!":"com.github.javaparser.ast.expr.BinaryExpr","range":{"beginLine":7,"beginColumn":13,"endLine":7,"endColumn":30},"tokenRange":{"beginToken":{"kind":94,"text":"stackTrace"},"endToken":{"kind":43,"text":"null"}},"left":{"!":"com.github.javaparser.ast.expr.NameExpr","range":{"beginLine":7,"beginColumn":13,"endLine":7,"endColumn":22},"tokenRange":{"beginToken":{"kind":94,"text":"stackTrace"},"endToken":{"kind":94,"text":"stackTrace"}},"name":{"!":"com.github.javaparser.ast.expr.SimpleName","range":{"beginLine":7,"beginColumn":13,"endLine":7,"endColumn":22},"tokenRange":{"beginToken":{"kind":94,"text":"stackTrace"},"endToken":{"kind":94,"text":"stackTrace"}},"identifier":"stackTrace"}},"operator":"NOT_EQUALS","right":{"!":"com.github.javaparser.ast.expr.NullLiteralExpr","range":{"beginLine":7,"beginColumn":27,"endLine":7,"endColumn":30},"tokenRange":{"beginToken":{"kind":43,"text":"null"},"endToken":{"kind":43,"text":"null"}}}},"thenStmt":{"!":"com.github.javaparser.ast.stmt.BlockStmt","range":{"beginLine":7,"beginColumn":33,"endLine":10,"endColumn":9},"tokenRange":{"beginToken":{"kind":99,"text":"{"},"endToken":{"kind":100,"text":"}"}},"statements":[{"!":"com.github.javaparser.ast.stmt.ExpressionStmt","range":{"beginLine":8,"beginColumn":13,"endLine":8,"endColumn":58},"tokenRange":{"beginToken":{"kind":94,"text":"currThreadException"},"endToken":{"kind":103,"text":";"}},"expression":{"!":"com.github.javaparser.ast.expr.MethodCallExpr","range":{"beginLine":8,"beginColumn":13,"endLine":8,"endColumn":57},"tokenRange":{"beginToken":{"kind":94,"text":"currThreadException"},"endToken":{"kind":98,"text":")"}},"arguments":[{"!":"com.github.javaparser.ast.expr.NameExpr","range":{"beginLine":8,"beginColumn":47,"endLine":8,"endColumn":56},"tokenRange":{"beginToken":{"kind":94,"text":"stackTrace"},"endToken":{"kind":94,"text":"stackTrace"}},"name":{"!":"com.github.javaparser.ast.expr.SimpleName","range":{"beginLine":8,"beginColumn":47,"endLine":8,"endColumn":56},"tokenRange":{"beginToken":{"kind":94,"text":"stackTrace"},"endToken":{"kind":94,"text":"stackTrace"}},"identifier":"stackTrace"}}],"name":{"!":"com.github.javaparser.ast.expr.SimpleName","range":{"beginLine":8,"beginColumn":33,"endLine":8,"endColumn":45},"tokenRange":{"beginToken":{"kind":94,"text":"setStackTrace"},"endToken":{"kind":94,"text":"setStackTrace"}},"identifier":"setStackTrace"},"scope":{"!":"com.github.javaparser.ast.expr.NameExpr","range":{"beginLine":8,"beginColumn":13,"endLine":8,"endColumn":31},"tokenRange":{"beginToken":{"kind":94,"text":"currThreadException"},"endToken":{"kind":94,"text":"currThreadException"}},"name":{"!":"com.github.javaparser.ast.expr.SimpleName","range":{"beginLine":8,"beginColumn":13,"endLine":8,"endColumn":31},"tokenRange":{"beginToken":{"kind":94,"text":"currThreadException"},"endToken":{"kind":94,"text":"currThreadException"}},"identifier":"currThreadException"}}}},{"!":"com.github.javaparser.ast.stmt.ExpressionStmt","range":{"beginLine":9,"beginColumn":13,"endLine":9,"endColumn":31},"tokenRange":{"beginToken":{"kind":94,"text":"thread"},"endToken":{"kind":103,"text":";"}},"expression":{"!":"com.github.javaparser.ast.expr.MethodCallExpr","range":{"beginLine":9,"beginColumn":13,"endLine":9,"endColumn":30},"tokenRange":{"beginToken":{"kind":94,"text":"thread"},"endToken":{"kind":98,"text":")"}},"arguments":[],"name":{"!":"com.github.javaparser.ast.expr.SimpleName","range":{"beginLine":9,"beginColumn":20,"endLine":9,"endColumn":28},"tokenRange":{"beginToken":{"kind":94,"text":"interrupt"},"endToken":{"kind":94,"text":"interrupt"}},"identifier":"interrupt"},"scope":{"!":"com.github.javaparser.ast.expr.NameExpr","range":{"beginLine":9,"beginColumn":13,"endLine":9,"endColumn":18},"tokenRange":{"beginToken":{"kind":94,"text":"thread"},"endToken":{"kind":94,"text":"thread"}},"name":{"!":"com.github.javaparser.ast.expr.SimpleName","range":{"beginLine":9,"beginColumn":13,"endLine":9,"endColumn":18},"tokenRange":{"beginToken":{"kind":94,"text":"thread"},"endToken":{"kind":94,"text":"thread"}},"identifier":"thread"}}}}]}},{"!":"com.github.javaparser.ast.stmt.IfStmt","range":{"beginLine":11,"beginColumn":9,"endLine":20,"endColumn":9},"tokenRange":{"beginToken":{"kind":34,"text":"if"},"endToken":{"kind":100,"text":"}"}},"condition":{"!":"com.github.javaparser.ast.expr.BinaryExpr","range":{"beginLine":11,"beginColumn":13,"endLine":11,"endColumn":31},"tokenRange":{"beginToken":{"kind":94,"text":"stuckThread"},"endToken":{"kind":43,"text":"null"}},"left":{"!":"com.github.javaparser.ast.expr.NameExpr","range":{"beginLine":11,"beginColumn":13,"endLine":11,"endColumn":23},"tokenRange":{"beginToken":{"kind":94,"text":"stuckThread"},"endToken":{"kind":94,"text":"stuckThread"}},"name":{"!":"com.github.javaparser.ast.expr.SimpleName","range":{"beginLine":11,"beginColumn":13,"endLine":11,"endColumn":23},"tokenRange":{"beginToken":{"kind":94,"text":"stuckThread"},"endToken":{"kind":94,"text":"stuckThread"}},"identifier":"stuckThread"}},"operator":"NOT_EQUALS","right":{"!":"com.github.javaparser.ast.expr.NullLiteralExpr","range":{"beginLine":11,"beginColumn":28,"endLine":11,"endColumn":31},"tokenRange":{"beginToken":{"kind":43,"text":"null"},"endToken":{"kind":43,"text":"null"}}}},"elseStmt":{"!":"com.github.javaparser.ast.stmt.BlockStmt","range":{"beginLine":18,"beginColumn":16,"endLine":20,"endColumn":9},"tokenRange":{"beginToken":{"kind":99,"text":"{"},"endToken":{"kind":100,"text":"}"}},"statements":[{"!":"com.github.javaparser.ast.stmt.ReturnStmt","range":{"beginLine":19,"beginColumn":13,"endLine":19,"endColumn":39},"tokenRange":{"beginToken":{"kind":49,"text":"return"},"endToken":{"kind":103,"text":";"}},"expression":{"!":"com.github.javaparser.ast.expr.NameExpr","range":{"beginLine":19,"beginColumn":20,"endLine":19,"endColumn":38},"tokenRange":{"beginToken":{"kind":94,"text":"currThreadException"},"endToken":{"kind":94,"text":"currThreadException"}},"name":{"!":"com.github.javaparser.ast.expr.SimpleName","range":{"beginLine":19,"beginColumn":20,"endLine":19,"endColumn":38},"tokenRange":{"beginToken":{"kind":94,"text":"currThreadException"},"endToken":{"kind":94,"text":"currThreadException"}},"identifier":"currThreadException"}}}]},"thenStmt":{"!":"com.github.javaparser.ast.stmt.BlockStmt","range":{"beginLine":11,"beginColumn":34,"endLine":18,"endColumn":9},"tokenRange":{"beginToken":{"kind":99,"text":"{"},"endToken":{"kind":100,"text":"}"}},"statements":[{"!":"com.github.javaparser.ast.stmt.ExpressionStmt","range":{"beginLine":12,"beginColumn":13,"endLine":14,"endColumn":54},"tokenRange":{"beginToken":{"kind":94,"text":"Exception"},"endToken":{"kind":103,"text":";"}},"expression":{"!":"com.github.javaparser.ast.expr.VariableDeclarationExpr","range":{"beginLine":12,"beginColumn":13,"endLine":14,"endColumn":53},"tokenRange":{"beginToken":{"kind":94,"text":"Exception"},"endToken":{"kind":98,"text":")"}},"annotations":[],"modifiers":[],"variables":[{"!":"com.github.javaparser.ast.body.VariableDeclarator","range":{"beginLine":12,"beginColumn":23,"endLine":14,"endColumn":53},"tokenRange":{"beginToken":{"kind":94,"text":"stuckThreadException"},"endToken":{"kind":98,"text":")"}},"initializer":{"!":"com.github.javaparser.ast.expr.ObjectCreationExpr","range":{"beginLine":13,"beginColumn":17,"endLine":14,"endColumn":53},"tokenRange":{"beginToken":{"kind":42,"text":"new"},"endToken":{"kind":98,"text":")"}},"arguments":[{"!":"com.github.javaparser.ast.expr.BinaryExpr","range":{"beginLine":13,"beginColumn":32,"endLine":14,"endColumn":52},"tokenRange":{"beginToken":{"kind":90,"text":"\"Appears to be stuck in thread \""},"endToken":{"kind":98,"text":")"}},"left":{"!":"com.github.javaparser.ast.expr.StringLiteralExpr","range":{"beginLine":13,"beginColumn":32,"endLine":13,"endColumn":63},"tokenRange":{"beginToken":{"kind":90,"text":"\"Appears to be stuck in thread \""},"endToken":{"kind":90,"text":"\"Appears to be stuck in thread \""}},"value":"Appears to be stuck in thread "},"operator":"PLUS","right":{"!":"com.github.javaparser.ast.expr.MethodCallExpr","range":{"beginLine":14,"beginColumn":32,"endLine":14,"endColumn":52},"tokenRange":{"beginToken":{"kind":94,"text":"stuckThread"},"endToken":{"kind":98,"text":")"}},"arguments":[],"name":{"!":"com.github.javaparser.ast.expr.SimpleName","range":{"beginLine":14,"beginColumn":44,"endLine":14,"endColumn":50},"tokenRange":{"beginToken":{"kind":94,"text":"getName"},"endToken":{"kind":94,"text":"getName"}},"identifier":"getName"},"scope":{"!":"com.github.javaparser.ast.expr.NameExpr","range":{"beginLine":14,"beginColumn":32,"endLine":14,"endColumn":42},"tokenRange":{"beginToken":{"kind":94,"text":"stuckThread"},"endToken":{"kind":94,"text":"stuckThread"}},"name":{"!":"com.github.javaparser.ast.expr.SimpleName","range":{"beginLine":14,"beginColumn":32,"endLine":14,"endColumn":42},"tokenRange":{"beginToken":{"kind":94,"text":"stuckThread"},"endToken":{"kind":94,"text":"stuckThread"}},"identifier":"stuckThread"}}}}],"type":{"!":"com.github.javaparser.ast.type.ClassOrInterfaceType","range":{"beginLine":13,"beginColumn":21,"endLine":13,"endColumn":29},"tokenRange":{"beginToken":{"kind":94,"text":"Exception"},"endToken":{"kind":94,"text":"Exception"}},"name":{"!":"com.github.javaparser.ast.expr.SimpleName","range":{"beginLine":13,"beginColumn":21,"endLine":13,"endColumn":29},"tokenRange":{"beginToken":{"kind":94,"text":"Exception"},"endToken":{"kind":94,"text":"Exception"}},"identifier":"Exception"},"annotations":[]}},"name":{"!":"com.github.javaparser.ast.expr.SimpleName","range":{"beginLine":12,"beginColumn":23,"endLine":12,"endColumn":42},"tokenRange":{"beginToken":{"kind":94,"text":"stuckThreadException"},"endToken":{"kind":94,"text":"stuckThreadException"}},"identifier":"stuckThreadException"},"type":{"!":"com.github.javaparser.ast.type.ClassOrInterfaceType","range":{"beginLine":12,"beginColumn":13,"endLine":12,"endColumn":21},"tokenRange":{"beginToken":{"kind":94,"text":"Exception"},"endToken":{"kind":94,"text":"Exception"}},"name":{"!":"com.github.javaparser.ast.expr.SimpleName","range":{"beginLine":12,"beginColumn":13,"endLine":12,"endColumn":21},"tokenRange":{"beginToken":{"kind":94,"text":"Exception"},"endToken":{"kind":94,"text":"Exception"}},"identifier":"Exception"},"annotations":[]}}]}},{"!":"com.github.javaparser.ast.stmt.ExpressionStmt","range":{"beginLine":15,"beginColumn":13,"endLine":15,"endColumn":75},"tokenRange":{"beginToken":{"kind":94,"text":"stuckThreadException"},"endToken":{"kind":103,"text":";"}},"expression":{"!":"com.github.javaparser.ast.expr.MethodCallExpr","range":{"beginLine":15,"beginColumn":13,"endLine":15,"endColumn":74},"tokenRange":{"beginToken":{"kind":94,"text":"stuckThreadException"},"endToken":{"kind":98,"text":")"}},"arguments":[{"!":"com.github.javaparser.ast.expr.MethodCallExpr","range":{"beginLine":15,"beginColumn":48,"endLine":15,"endColumn":73},"tokenRange":{"beginToken":{"kind":94,"text":"getStackTrace"},"endToken":{"kind":98,"text":")"}},"arguments":[{"!":"com.github.javaparser.ast.expr.NameExpr","range":{"beginLine":15,"beginColumn":62,"endLine":15,"endColumn":72},"tokenRange":{"beginToken":{"kind":94,"text":"stuckThread"},"endToken":{"kind":94,"text":"stuckThread"}},"name":{"!":"com.github.javaparser.ast.expr.SimpleName","range":{"beginLine":15,"beginColumn":62,"endLine":15,"endColumn":72},"tokenRange":{"beginToken":{"kind":94,"text":"stuckThread"},"endToken":{"kind":94,"text":"stuckThread"}},"identifier":"stuckThread"}}],"name":{"!":"com.github.javaparser.ast.expr.SimpleName","range":{"beginLine":15,"beginColumn":48,"endLine":15,"endColumn":60},"tokenRange":{"beginToken":{"kind":94,"text":"getStackTrace"},"endToken":{"kind":94,"text":"getStackTrace"}},"identifier":"getStackTrace"}}],"name":{"!":"com.github.javaparser.ast.expr.SimpleName","range":{"beginLine":15,"beginColumn":34,"endLine":15,"endColumn":46},"tokenRange":{"beginToken":{"kind":94,"text":"setStackTrace"},"endToken":{"kind":94,"text":"setStackTrace"}},"identifier":"setStackTrace"},"scope":{"!":"com.github.javaparser.ast.expr.NameExpr","range":{"beginLine":15,"beginColumn":13,"endLine":15,"endColumn":32},"tokenRange":{"beginToken":{"kind":94,"text":"stuckThreadException"},"endToken":{"kind":94,"text":"stuckThreadException"}},"name":{"!":"com.github.javaparser.ast.expr.SimpleName","range":{"beginLine":15,"beginColumn":13,"endLine":15,"endColumn":32},"tokenRange":{"beginToken":{"kind":94,"text":"stuckThreadException"},"endToken":{"kind":94,"text":"stuckThreadException"}},"identifier":"stuckThreadException"}}}},{"!":"com.github.javaparser.ast.stmt.ReturnStmt","range":{"beginLine":16,"beginColumn":13,"endLine":17,"endColumn":86},"tokenRange":{"beginToken":{"kind":49,"text":"return"},"endToken":{"kind":103,"text":";"}},"expression":{"!":"com.github.javaparser.ast.expr.ObjectCreationExpr","range":{"beginLine":16,"beginColumn":20,"endLine":17,"endColumn":85},"tokenRange":{"beginToken":{"kind":42,"text":"new"},"endToken":{"kind":98,"text":")"}},"arguments":[{"!":"com.github.javaparser.ast.expr.MethodCallExpr","range":{"beginLine":17,"beginColumn":18,"endLine":17,"endColumn":84},"tokenRange":{"beginToken":{"kind":94,"text":"Arrays"},"endToken":{"kind":98,"text":")"}},"arguments":[{"!":"com.github.javaparser.ast.expr.NameExpr","range":{"beginLine":17,"beginColumn":43,"endLine":17,"endColumn":61},"tokenRange":{"beginToken":{"kind":94,"text":"currThreadException"},"endToken":{"kind":94,"text":"currThreadException"}},"name":{"!":"com.github.javaparser.ast.expr.SimpleName","range":{"beginLine":17,"beginColumn":43,"endLine":17,"endColumn":61},"tokenRange":{"beginToken":{"kind":94,"text":"currThreadException"},"endToken":{"kind":94,"text":"currThreadException"}},"identifier":"currThreadException"}},{"!":"com.github.javaparser.ast.expr.NameExpr","range":{"beginLine":17,"beginColumn":64,"endLine":17,"endColumn":83},"tokenRange":{"beginToken":{"kind":94,"text":"stuckThreadException"},"endToken":{"kind":94,"text":"stuckThreadException"}},"name":{"!":"com.github.javaparser.ast.expr.SimpleName","range":{"beginLine":17,"beginColumn":64,"endLine":17,"endColumn":83},"tokenRange":{"beginToken":{"kind":94,"text":"stuckThreadException"},"endToken":{"kind":94,"text":"stuckThreadException"}},"identifier":"stuckThreadException"}}],"name":{"!":"com.github.javaparser.ast.expr.SimpleName","range":{"beginLine":17,"beginColumn":36,"endLine":17,"endColumn":41},"tokenRange":{"beginToken":{"kind":94,"text":"asList"},"endToken":{"kind":94,"text":"asList"}},"identifier":"asList"},"scope":{"!":"com.github.javaparser.ast.expr.NameExpr","range":{"beginLine":17,"beginColumn":18,"endLine":17,"endColumn":23},"tokenRange":{"beginToken":{"kind":94,"text":"Arrays"},"endToken":{"kind":94,"text":"Arrays"}},"name":{"!":"com.github.javaparser.ast.expr.SimpleName","range":{"beginLine":17,"beginColumn":18,"endLine":17,"endColumn":23},"tokenRange":{"beginToken":{"kind":94,"text":"Arrays"},"endToken":{"kind":94,"text":"Arrays"}},"identifier":"Arrays"}},"typeArguments":[{"!":"com.github.javaparser.ast.type.ClassOrInterfaceType","range":{"beginLine":17,"beginColumn":26,"endLine":17,"endColumn":34},"tokenRange":{"beginToken":{"kind":94,"text":"Throwable"},"endToken":{"kind":94,"text":"Throwable"}},"name":{"!":"com.github.javaparser.ast.expr.SimpleName","range":{"beginLine":17,"beginColumn":26,"endLine":17,"endColumn":34},"tokenRange":{"beginToken":{"kind":94,"text":"Throwable"},"endToken":{"kind":94,"text":"Throwable"}},"identifier":"Throwable"},"annotations":[]}]}],"type":{"!":"com.github.javaparser.ast.type.ClassOrInterfaceType","range":{"beginLine":16,"beginColumn":24,"endLine":16,"endColumn":47},"tokenRange":{"beginToken":{"kind":94,"text":"MultipleFailureException"},"endToken":{"kind":94,"text":"MultipleFailureException"}},"name":{"!":"com.github.javaparser.ast.expr.SimpleName","range":{"beginLine":16,"beginColumn":24,"endLine":16,"endColumn":47},"tokenRange":{"beginToken":{"kind":94,"text":"MultipleFailureException"},"endToken":{"kind":94,"text":"MultipleFailureException"}},"identifier":"MultipleFailureException"},"annotations":[]}}}]}}]},"type":{"!":"com.github.javaparser.ast.type.ClassOrInterfaceType","range":{"beginLine":2,"beginColumn":13,"endLine":2,"endColumn":21},"tokenRange":{"beginToken":{"kind":94,"text":"Exception"},"endToken":{"kind":94,"text":"Exception"}},"name":{"!":"com.github.javaparser.ast.expr.SimpleName","range":{"beginLine":2,"beginColumn":13,"endLine":2,"endColumn":21},"tokenRange":{"beginToken":{"kind":94,"text":"Exception"},"endToken":{"kind":94,"text":"Exception"}},"identifier":"Exception"},"annotations":[]},"modifiers":[{"!":"com.github.javaparser.ast.Modifier","range":{"beginLine":2,"beginColumn":5,"endLine":2,"endColumn":11},"tokenRange":{"beginToken":{"kind":45,"text":"private"},"endToken":{"kind":45,"text":"private"}},"keyword":"PRIVATE"}],"name":{"!":"com.github.javaparser.ast.expr.SimpleName","range":{"beginLine":2,"beginColumn":23,"endLine":2,"endColumn":44},"tokenRange":{"beginToken":{"kind":94,"text":"createTimeoutException"},"endToken":{"kind":94,"text":"createTimeoutException"}},"identifier":"createTimeoutException"},"parameters":[{"!":"com.github.javaparser.ast.body.Parameter","range":{"beginLine":2,"beginColumn":46,"endLine":2,"endColumn":58},"tokenRange":{"beginToken":{"kind":94,"text":"Thread"},"endToken":{"kind":94,"text":"thread"}},"annotations":[],"isVarArgs":"false","modifiers":[],"name":{"!":"com.github.javaparser.ast.expr.SimpleName","range":{"beginLine":2,"beginColumn":53,"endLine":2,"endColumn":58},"tokenRange":{"beginToken":{"kind":94,"text":"thread"},"endToken":{"kind":94,"text":"thread"}},"identifier":"thread"},"type":{"!":"com.github.javaparser.ast.type.ClassOrInterfaceType","range":{"beginLine":2,"beginColumn":46,"endLine":2,"endColumn":51},"tokenRange":{"beginToken":{"kind":94,"text":"Thread"},"endToken":{"kind":94,"text":"Thread"}},"name":{"!":"com.github.javaparser.ast.expr.SimpleName","range":{"beginLine":2,"beginColumn":46,"endLine":2,"endColumn":51},"tokenRange":{"beginToken":{"kind":94,"text":"Thread"},"endToken":{"kind":94,"text":"Thread"}},"identifier":"Thread"},"annotations":[]},"varArgsAnnotations":[]}],"thrownExceptions":[],"typeParameters":[],"annotations":[]}],"modifiers":[],"name":{"!":"com.github.javaparser.ast.expr.SimpleName","range":{"beginLine":1,"beginColumn":7,"endLine":1,"endColumn":10},"tokenRange":{"beginToken":{"kind":94,"text":"Test"},"endToken":{"kind":94,"text":"Test"}},"identifier":"Test"},"annotations":[]}]}