{"!":"com.github.javaparser.ast.CompilationUnit","range":{"beginLine":1,"beginColumn":1,"endLine":28,"endColumn":2},"tokenRange":{"beginToken":{"kind":19,"text":"class"},"endToken":{"kind":0,"text":""}},"imports":[],"types":[{"!":"com.github.javaparser.ast.body.ClassOrInterfaceDeclaration","range":{"beginLine":1,"beginColumn":1,"endLine":28,"endColumn":2},"tokenRange":{"beginToken":{"kind":19,"text":"class"},"endToken":{"kind":100,"text":"}"}},"extendedTypes":[],"implementedTypes":[],"isInterface":"false","typeParameters":[],"members":[{"!":"com.github.javaparser.ast.body.MethodDeclaration","range":{"beginLine":2,"beginColumn":5,"endLine":26,"endColumn":5},"tokenRange":{"beginToken":{"kind":45,"text":"private"},"endToken":{"kind":100,"text":"}"}},"body":{"!":"com.github.javaparser.ast.stmt.BlockStmt","range":{"beginLine":3,"beginColumn":51,"endLine":26,"endColumn":5},"tokenRange":{"beginToken":{"kind":99,"text":"{"},"endToken":{"kind":100,"text":"}"}},"statements":[{"!":"com.github.javaparser.ast.stmt.IfStmt","range":{"beginLine":4,"beginColumn":9,"endLine":12,"endColumn":9},"tokenRange":{"beginToken":{"kind":34,"text":"if"},"endToken":{"kind":100,"text":"}"}},"condition":{"!":"com.github.javaparser.ast.expr.BinaryExpr","range":{"beginLine":4,"beginColumn":14,"endLine":4,"endColumn":43},"tokenRange":{"beginToken":{"kind":94,"text":"theFile"},"endToken":{"kind":94,"text":"overwrite"}},"left":{"!":"com.github.javaparser.ast.expr.MethodCallExpr","range":{"beginLine":4,"beginColumn":14,"endLine":4,"endColumn":29},"tokenRange":{"beginToken":{"kind":94,"text":"theFile"},"endToken":{"kind":98,"text":")"}},"arguments":[],"name":{"!":"com.github.javaparser.ast.expr.SimpleName","range":{"beginLine":4,"beginColumn":22,"endLine":4,"endColumn":27},"tokenRange":{"beginToken":{"kind":94,"text":"exists"},"endToken":{"kind":94,"text":"exists"}},"identifier":"exists"},"scope":{"!":"com.github.javaparser.ast.expr.NameExpr","range":{"beginLine":4,"beginColumn":14,"endLine":4,"endColumn":20},"tokenRange":{"beginToken":{"kind":94,"text":"theFile"},"endToken":{"kind":94,"text":"theFile"}},"name":{"!":"com.github.javaparser.ast.expr.SimpleName","range":{"beginLine":4,"beginColumn":14,"endLine":4,"endColumn":20},"tokenRange":{"beginToken":{"kind":94,"text":"theFile"},"endToken":{"kind":94,"text":"theFile"}},"identifier":"theFile"}}},"operator":"AND","right":{"!":"com.github.javaparser.ast.expr.UnaryExpr","range":{"beginLine":4,"beginColumn":34,"endLine":4,"endColumn":43},"tokenRange":{"beginToken":{"kind":111,"text":"!"},"endToken":{"kind":94,"text":"overwrite"}},"expression":{"!":"com.github.javaparser.ast.expr.NameExpr","range":{"beginLine":4,"beginColumn":35,"endLine":4,"endColumn":43},"tokenRange":{"beginToken":{"kind":94,"text":"overwrite"},"endToken":{"kind":94,"text":"overwrite"}},"name":{"!":"com.github.javaparser.ast.expr.SimpleName","range":{"beginLine":4,"beginColumn":35,"endLine":4,"endColumn":43},"tokenRange":{"beginToken":{"kind":94,"text":"overwrite"},"endToken":{"kind":94,"text":"overwrite"}},"identifier":"overwrite"}},"operator":"LOGICAL_COMPLEMENT"}},"thenStmt":{"!":"com.github.javaparser.ast.stmt.BlockStmt","range":{"beginLine":4,"beginColumn":47,"endLine":12,"endColumn":9},"tokenRange":{"beginToken":{"kind":99,"text":"{"},"endToken":{"kind":100,"text":"}"}},"statements":[{"!":"com.github.javaparser.ast.stmt.ExpressionStmt","range":{"beginLine":5,"beginColumn":13,"endLine":10,"endColumn":47},"tokenRange":{"beginToken":{"kind":38,"text":"int"},"endToken":{"kind":103,"text":";"}},"expression":{"!":"com.github.javaparser.ast.expr.VariableDeclarationExpr","range":{"beginLine":5,"beginColumn":13,"endLine":10,"endColumn":46},"tokenRange":{"beginToken":{"kind":38,"text":"int"},"endToken":{"kind":98,"text":")"}},"annotations":[],"modifiers":[],"variables":[{"!":"com.github.javaparser.ast.body.VariableDeclarator","range":{"beginLine":5,"beginColumn":17,"endLine":10,"endColumn":46},"tokenRange":{"beginToken":{"kind":94,"text":"response"},"endToken":{"kind":98,"text":")"}},"initializer":{"!":"com.github.javaparser.ast.expr.MethodCallExpr","range":{"beginLine":6,"beginColumn":3,"endLine":10,"endColumn":46},"tokenRange":{"beginToken":{"kind":94,"text":"JOptionPane"},"endToken":{"kind":98,"text":")"}},"arguments":[{"!":"com.github.javaparser.ast.expr.MethodCallExpr","range":{"beginLine":6,"beginColumn":33,"endLine":6,"endColumn":55},"tokenRange":{"beginToken":{"kind":94,"text":"ArgoFrame"},"endToken":{"kind":98,"text":")"}},"arguments":[],"name":{"!":"com.github.javaparser.ast.expr.SimpleName","range":{"beginLine":6,"beginColumn":43,"endLine":6,"endColumn":53},"tokenRange":{"beginToken":{"kind":94,"text":"getInstance"},"endToken":{"kind":94,"text":"getInstance"}},"identifier":"getInstance"},"scope":{"!":"com.github.javaparser.ast.expr.NameExpr","range":{"beginLine":6,"beginColumn":33,"endLine":6,"endColumn":41},"tokenRange":{"beginToken":{"kind":94,"text":"ArgoFrame"},"endToken":{"kind":94,"text":"ArgoFrame"}},"name":{"!":"com.github.javaparser.ast.expr.SimpleName","range":{"beginLine":6,"beginColumn":33,"endLine":6,"endColumn":41},"tokenRange":{"beginToken":{"kind":94,"text":"ArgoFrame"},"endToken":{"kind":94,"text":"ArgoFrame"}},"identifier":"ArgoFrame"}}},{"!":"com.github.javaparser.ast.expr.MethodCallExpr","range":{"beginLine":7,"beginColumn":21,"endLine":8,"endColumn":51},"tokenRange":{"beginToken":{"kind":94,"text":"Translator"},"endToken":{"kind":98,"text":")"}},"arguments":[{"!":"com.github.javaparser.ast.expr.StringLiteralExpr","range":{"beginLine":7,"beginColumn":46,"endLine":7,"endColumn":75},"tokenRange":{"beginToken":{"kind":90,"text":"\"optionpane.confirm-overwrite\""},"endToken":{"kind":90,"text":"\"optionpane.confirm-overwrite\""}},"value":"optionpane.confirm-overwrite"},{"!":"com.github.javaparser.ast.expr.ArrayCreationExpr","range":{"beginLine":8,"beginColumn":29,"endLine":8,"endColumn":50},"tokenRange":{"beginToken":{"kind":42,"text":"new"},"endToken":{"kind":100,"text":"}"}},"elementType":{"!":"com.github.javaparser.ast.type.ClassOrInterfaceType","range":{"beginLine":8,"beginColumn":33,"endLine":8,"endColumn":38},"tokenRange":{"beginToken":{"kind":94,"text":"Object"},"endToken":{"kind":94,"text":"Object"}},"name":{"!":"com.github.javaparser.ast.expr.SimpleName","range":{"beginLine":8,"beginColumn":33,"endLine":8,"endColumn":38},"tokenRange":{"beginToken":{"kind":94,"text":"Object"},"endToken":{"kind":94,"text":"Object"}},"identifier":"Object"},"annotations":[]},"initializer":{"!":"com.github.javaparser.ast.expr.ArrayInitializerExpr","range":{"beginLine":8,"beginColumn":42,"endLine":8,"endColumn":50},"tokenRange":{"beginToken":{"kind":99,"text":"{"},"endToken":{"kind":100,"text":"}"}},"values":[{"!":"com.github.javaparser.ast.expr.NameExpr","range":{"beginLine":8,"beginColumn":43,"endLine":8,"endColumn":49},"tokenRange":{"beginToken":{"kind":94,"text":"theFile"},"endToken":{"kind":94,"text":"theFile"}},"name":{"!":"com.github.javaparser.ast.expr.SimpleName","range":{"beginLine":8,"beginColumn":43,"endLine":8,"endColumn":49},"tokenRange":{"beginToken":{"kind":94,"text":"theFile"},"endToken":{"kind":94,"text":"theFile"}},"identifier":"theFile"}}]},"levels":[{"!":"com.github.javaparser.ast.ArrayCreationLevel","range":{"beginLine":8,"beginColumn":39,"endLine":8,"endColumn":40},"tokenRange":{"beginToken":{"kind":101,"text":"["},"endToken":{"kind":102,"text":"]"}},"annotations":[]}]}],"name":{"!":"com.github.javaparser.ast.expr.SimpleName","range":{"beginLine":7,"beginColumn":32,"endLine":7,"endColumn":44},"tokenRange":{"beginToken":{"kind":94,"text":"messageFormat"},"endToken":{"kind":94,"text":"messageFormat"}},"identifier":"messageFormat"},"scope":{"!":"com.github.javaparser.ast.expr.NameExpr","range":{"beginLine":7,"beginColumn":21,"endLine":7,"endColumn":30},"tokenRange":{"beginToken":{"kind":94,"text":"Translator"},"endToken":{"kind":94,"text":"Translator"}},"name":{"!":"com.github.javaparser.ast.expr.SimpleName","range":{"beginLine":7,"beginColumn":21,"endLine":7,"endColumn":30},"tokenRange":{"beginToken":{"kind":94,"text":"Translator"},"endToken":{"kind":94,"text":"Translator"}},"identifier":"Translator"}}},{"!":"com.github.javaparser.ast.expr.MethodCallExpr","range":{"beginLine":9,"beginColumn":21,"endLine":9,"endColumn":77},"tokenRange":{"beginToken":{"kind":94,"text":"Translator"},"endToken":{"kind":98,"text":")"}},"arguments":[{"!":"com.github.javaparser.ast.expr.StringLiteralExpr","range":{"beginLine":9,"beginColumn":41,"endLine":9,"endColumn":76},"tokenRange":{"beginToken":{"kind":90,"text":"\"optionpane.confirm-overwrite-title\""},"endToken":{"kind":90,"text":"\"optionpane.confirm-overwrite-title\""}},"value":"optionpane.confirm-overwrite-title"}],"name":{"!":"com.github.javaparser.ast.expr.SimpleName","range":{"beginLine":9,"beginColumn":32,"endLine":9,"endColumn":39},"tokenRange":{"beginToken":{"kind":94,"text":"localize"},"endToken":{"kind":94,"text":"localize"}},"identifier":"localize"},"scope":{"!":"com.github.javaparser.ast.expr.NameExpr","range":{"beginLine":9,"beginColumn":21,"endLine":9,"endColumn":30},"tokenRange":{"beginToken":{"kind":94,"text":"Translator"},"endToken":{"kind":94,"text":"Translator"}},"name":{"!":"com.github.javaparser.ast.expr.SimpleName","range":{"beginLine":9,"beginColumn":21,"endLine":9,"endColumn":30},"tokenRange":{"beginToken":{"kind":94,"text":"Translator"},"endToken":{"kind":94,"text":"Translator"}},"identifier":"Translator"}}},{"!":"com.github.javaparser.ast.expr.FieldAccessExpr","range":{"beginLine":10,"beginColumn":21,"endLine":10,"endColumn":45},"tokenRange":{"beginToken":{"kind":94,"text":"JOptionPane"},"endToken":{"kind":94,"text":"YES_NO_OPTION"}},"name":{"!":"com.github.javaparser.ast.expr.SimpleName","range":{"beginLine":10,"beginColumn":33,"endLine":10,"endColumn":45},"tokenRange":{"beginToken":{"kind":94,"text":"YES_NO_OPTION"},"endToken":{"kind":94,"text":"YES_NO_OPTION"}},"identifier":"YES_NO_OPTION"},"scope":{"!":"com.github.javaparser.ast.expr.NameExpr","range":{"beginLine":10,"beginColumn":21,"endLine":10,"endColumn":31},"tokenRange":{"beginToken":{"kind":94,"text":"JOptionPane"},"endToken":{"kind":94,"text":"JOptionPane"}},"name":{"!":"com.github.javaparser.ast.expr.SimpleName","range":{"beginLine":10,"beginColumn":21,"endLine":10,"endColumn":31},"tokenRange":{"beginToken":{"kind":94,"text":"JOptionPane"},"endToken":{"kind":94,"text":"JOptionPane"}},"identifier":"JOptionPane"}}}],"name":{"!":"com.github.javaparser.ast.expr.SimpleName","range":{"beginLine":6,"beginColumn":15,"endLine":6,"endColumn":31},"tokenRange":{"beginToken":{"kind":94,"text":"showConfirmDialog"},"endToken":{"kind":94,"text":"showConfirmDialog"}},"identifier":"showConfirmDialog"},"scope":{"!":"com.github.javaparser.ast.expr.NameExpr","range":{"beginLine":6,"beginColumn":3,"endLine":6,"endColumn":13},"tokenRange":{"beginToken":{"kind":94,"text":"JOptionPane"},"endToken":{"kind":94,"text":"JOptionPane"}},"name":{"!":"com.github.javaparser.ast.expr.SimpleName","range":{"beginLine":6,"beginColumn":3,"endLine":6,"endColumn":13},"tokenRange":{"beginToken":{"kind":94,"text":"JOptionPane"},"endToken":{"kind":94,"text":"JOptionPane"}},"identifier":"JOptionPane"}}},"name":{"!":"com.github.javaparser.ast.expr.SimpleName","range":{"beginLine":5,"beginColumn":17,"endLine":5,"endColumn":24},"tokenRange":{"beginToken":{"kind":94,"text":"response"},"endToken":{"kind":94,"text":"response"}},"identifier":"response"},"type":{"!":"com.github.javaparser.ast.type.PrimitiveType","range":{"beginLine":5,"beginColumn":13,"endLine":5,"endColumn":15},"tokenRange":{"beginToken":{"kind":38,"text":"int"},"endToken":{"kind":38,"text":"int"}},"type":"INT","annotations":[]}}]}},{"!":"com.github.javaparser.ast.stmt.IfStmt","range":{"beginLine":11,"beginColumn":13,"endLine":11,"endColumn":64},"tokenRange":{"beginToken":{"kind":34,"text":"if"},"endToken":{"kind":103,"text":";"}},"condition":{"!":"com.github.javaparser.ast.expr.BinaryExpr","range":{"beginLine":11,"beginColumn":17,"endLine":11,"endColumn":49},"tokenRange":{"beginToken":{"kind":94,"text":"response"},"endToken":{"kind":94,"text":"NO_OPTION"}},"left":{"!":"com.github.javaparser.ast.expr.NameExpr","range":{"beginLine":11,"beginColumn":17,"endLine":11,"endColumn":24},"tokenRange":{"beginToken":{"kind":94,"text":"response"},"endToken":{"kind":94,"text":"response"}},"name":{"!":"com.github.javaparser.ast.expr.SimpleName","range":{"beginLine":11,"beginColumn":17,"endLine":11,"endColumn":24},"tokenRange":{"beginToken":{"kind":94,"text":"response"},"endToken":{"kind":94,"text":"response"}},"identifier":"response"}},"operator":"EQUALS","right":{"!":"com.github.javaparser.ast.expr.FieldAccessExpr","range":{"beginLine":11,"beginColumn":29,"endLine":11,"endColumn":49},"tokenRange":{"beginToken":{"kind":94,"text":"JOptionPane"},"endToken":{"kind":94,"text":"NO_OPTION"}},"name":{"!":"com.github.javaparser.ast.expr.SimpleName","range":{"beginLine":11,"beginColumn":41,"endLine":11,"endColumn":49},"tokenRange":{"beginToken":{"kind":94,"text":"NO_OPTION"},"endToken":{"kind":94,"text":"NO_OPTION"}},"identifier":"NO_OPTION"},"scope":{"!":"com.github.javaparser.ast.expr.NameExpr","range":{"beginLine":11,"beginColumn":29,"endLine":11,"endColumn":39},"tokenRange":{"beginToken":{"kind":94,"text":"JOptionPane"},"endToken":{"kind":94,"text":"JOptionPane"}},"name":{"!":"com.github.javaparser.ast.expr.SimpleName","range":{"beginLine":11,"beginColumn":29,"endLine":11,"endColumn":39},"tokenRange":{"beginToken":{"kind":94,"text":"JOptionPane"},"endToken":{"kind":94,"text":"JOptionPane"}},"identifier":"JOptionPane"}}}},"thenStmt":{"!":"com.github.javaparser.ast.stmt.ReturnStmt","range":{"beginLine":11,"beginColumn":52,"endLine":11,"endColumn":64},"tokenRange":{"beginToken":{"kind":49,"text":"return"},"endToken":{"kind":103,"text":";"}},"expression":{"!":"com.github.javaparser.ast.expr.BooleanLiteralExpr","range":{"beginLine":11,"beginColumn":59,"endLine":11,"endColumn":63},"tokenRange":{"beginToken":{"kind":28,"text":"false"},"endToken":{"kind":28,"text":"false"}},"value":"false"}}}]}},{"!":"com.github.javaparser.ast.stmt.ExpressionStmt","range":{"beginLine":13,"beginColumn":9,"endLine":13,"endColumn":35},"tokenRange":{"beginToken":{"kind":94,"text":"FileOutputStream"},"endToken":{"kind":103,"text":";"}},"expression":{"!":"com.github.javaparser.ast.expr.VariableDeclarationExpr","range":{"beginLine":13,"beginColumn":9,"endLine":13,"endColumn":34},"tokenRange":{"beginToken":{"kind":94,"text":"FileOutputStream"},"endToken":{"kind":43,"text":"null"}},"annotations":[],"modifiers":[],"variables":[{"!":"com.github.javaparser.ast.body.VariableDeclarator","range":{"beginLine":13,"beginColumn":26,"endLine":13,"endColumn":34},"tokenRange":{"beginToken":{"kind":94,"text":"fo"},"endToken":{"kind":43,"text":"null"}},"initializer":{"!":"com.github.javaparser.ast.expr.NullLiteralExpr","range":{"beginLine":13,"beginColumn":31,"endLine":13,"endColumn":34},"tokenRange":{"beginToken":{"kind":43,"text":"null"},"endToken":{"kind":43,"text":"null"}}},"name":{"!":"com.github.javaparser.ast.expr.SimpleName","range":{"beginLine":13,"beginColumn":26,"endLine":13,"endColumn":27},"tokenRange":{"beginToken":{"kind":94,"text":"fo"},"endToken":{"kind":94,"text":"fo"}},"identifier":"fo"},"type":{"!":"com.github.javaparser.ast.type.ClassOrInterfaceType","range":{"beginLine":13,"beginColumn":9,"endLine":13,"endColumn":24},"tokenRange":{"beginToken":{"kind":94,"text":"FileOutputStream"},"endToken":{"kind":94,"text":"FileOutputStream"}},"name":{"!":"com.github.javaparser.ast.expr.SimpleName","range":{"beginLine":13,"beginColumn":9,"endLine":13,"endColumn":24},"tokenRange":{"beginToken":{"kind":94,"text":"FileOutputStream"},"endToken":{"kind":94,"text":"FileOutputStream"}},"identifier":"FileOutputStream"},"annotations":[]}}]}},{"!":"com.github.javaparser.ast.stmt.TryStmt","range":{"beginLine":14,"beginColumn":9,"endLine":24,"endColumn":9},"tokenRange":{"beginToken":{"kind":61,"text":"try"},"endToken":{"kind":100,"text":"}"}},"catchClauses":[],"finallyBlock":{"!":"com.github.javaparser.ast.stmt.BlockStmt","range":{"beginLine":20,"beginColumn":19,"endLine":24,"endColumn":9},"tokenRange":{"beginToken":{"kind":99,"text":"{"},"endToken":{"kind":100,"text":"}"}},"statements":[{"!":"com.github.javaparser.ast.stmt.IfStmt","range":{"beginLine":21,"beginColumn":13,"endLine":23,"endColumn":13},"tokenRange":{"beginToken":{"kind":34,"text":"if"},"endToken":{"kind":100,"text":"}"}},"condition":{"!":"com.github.javaparser.ast.expr.BinaryExpr","range":{"beginLine":21,"beginColumn":17,"endLine":21,"endColumn":26},"tokenRange":{"beginToken":{"kind":94,"text":"fo"},"endToken":{"kind":43,"text":"null"}},"left":{"!":"com.github.javaparser.ast.expr.NameExpr","range":{"beginLine":21,"beginColumn":17,"endLine":21,"endColumn":18},"tokenRange":{"beginToken":{"kind":94,"text":"fo"},"endToken":{"kind":94,"text":"fo"}},"name":{"!":"com.github.javaparser.ast.expr.SimpleName","range":{"beginLine":21,"beginColumn":17,"endLine":21,"endColumn":18},"tokenRange":{"beginToken":{"kind":94,"text":"fo"},"endToken":{"kind":94,"text":"fo"}},"identifier":"fo"}},"operator":"NOT_EQUALS","right":{"!":"com.github.javaparser.ast.expr.NullLiteralExpr","range":{"beginLine":21,"beginColumn":23,"endLine":21,"endColumn":26},"tokenRange":{"beginToken":{"kind":43,"text":"null"},"endToken":{"kind":43,"text":"null"}}}},"thenStmt":{"!":"com.github.javaparser.ast.stmt.BlockStmt","range":{"beginLine":21,"beginColumn":29,"endLine":23,"endColumn":13},"tokenRange":{"beginToken":{"kind":99,"text":"{"},"endToken":{"kind":100,"text":"}"}},"statements":[{"!":"com.github.javaparser.ast.stmt.ExpressionStmt","range":{"beginLine":22,"beginColumn":17,"endLine":22,"endColumn":27},"tokenRange":{"beginToken":{"kind":94,"text":"fo"},"endToken":{"kind":103,"text":";"}},"expression":{"!":"com.github.javaparser.ast.expr.MethodCallExpr","range":{"beginLine":22,"beginColumn":17,"endLine":22,"endColumn":26},"tokenRange":{"beginToken":{"kind":94,"text":"fo"},"endToken":{"kind":98,"text":")"}},"arguments":[],"name":{"!":"com.github.javaparser.ast.expr.SimpleName","range":{"beginLine":22,"beginColumn":20,"endLine":22,"endColumn":24},"tokenRange":{"beginToken":{"kind":94,"text":"close"},"endToken":{"kind":94,"text":"close"}},"identifier":"close"},"scope":{"!":"com.github.javaparser.ast.expr.NameExpr","range":{"beginLine":22,"beginColumn":17,"endLine":22,"endColumn":18},"tokenRange":{"beginToken":{"kind":94,"text":"fo"},"endToken":{"kind":94,"text":"fo"}},"name":{"!":"com.github.javaparser.ast.expr.SimpleName","range":{"beginLine":22,"beginColumn":17,"endLine":22,"endColumn":18},"tokenRange":{"beginToken":{"kind":94,"text":"fo"},"endToken":{"kind":94,"text":"fo"}},"identifier":"fo"}}}}]}}]},"resources":[],"tryBlock":{"!":"com.github.javaparser.ast.stmt.BlockStmt","range":{"beginLine":14,"beginColumn":13,"endLine":20,"endColumn":9},"tokenRange":{"beginToken":{"kind":99,"text":"{"},"endToken":{"kind":100,"text":"}"}},"statements":[{"!":"com.github.javaparser.ast.stmt.ExpressionStmt","range":{"beginLine":15,"beginColumn":13,"endLine":15,"endColumn":49},"tokenRange":{"beginToken":{"kind":94,"text":"fo"},"endToken":{"kind":103,"text":";"}},"expression":{"!":"com.github.javaparser.ast.expr.AssignExpr","range":{"beginLine":15,"beginColumn":13,"endLine":15,"endColumn":48},"tokenRange":{"beginToken":{"kind":94,"text":"fo"},"endToken":{"kind":98,"text":")"}},"operator":"ASSIGN","target":{"!":"com.github.javaparser.ast.expr.NameExpr","range":{"beginLine":15,"beginColumn":13,"endLine":15,"endColumn":14},"tokenRange":{"beginToken":{"kind":94,"text":"fo"},"endToken":{"kind":94,"text":"fo"}},"name":{"!":"com.github.javaparser.ast.expr.SimpleName","range":{"beginLine":15,"beginColumn":13,"endLine":15,"endColumn":14},"tokenRange":{"beginToken":{"kind":94,"text":"fo"},"endToken":{"kind":94,"text":"fo"}},"identifier":"fo"}},"value":{"!":"com.github.javaparser.ast.expr.ObjectCreationExpr","range":{"beginLine":15,"beginColumn":18,"endLine":15,"endColumn":48},"tokenRange":{"beginToken":{"kind":42,"text":"new"},"endToken":{"kind":98,"text":")"}},"arguments":[{"!":"com.github.javaparser.ast.expr.NameExpr","range":{"beginLine":15,"beginColumn":40,"endLine":15,"endColumn":46},"tokenRange":{"beginToken":{"kind":94,"text":"theFile"},"endToken":{"kind":94,"text":"theFile"}},"name":{"!":"com.github.javaparser.ast.expr.SimpleName","range":{"beginLine":15,"beginColumn":40,"endLine":15,"endColumn":46},"tokenRange":{"beginToken":{"kind":94,"text":"theFile"},"endToken":{"kind":94,"text":"theFile"}},"identifier":"theFile"}}],"type":{"!":"com.github.javaparser.ast.type.ClassOrInterfaceType","range":{"beginLine":15,"beginColumn":22,"endLine":15,"endColumn":37},"tokenRange":{"beginToken":{"kind":94,"text":"FileOutputStream"},"endToken":{"kind":94,"text":"FileOutputStream"}},"name":{"!":"com.github.javaparser.ast.expr.SimpleName","range":{"beginLine":15,"beginColumn":22,"endLine":15,"endColumn":37},"tokenRange":{"beginToken":{"kind":94,"text":"FileOutputStream"},"endToken":{"kind":94,"text":"FileOutputStream"}},"identifier":"FileOutputStream"},"annotations":[]}}}},{"!":"com.github.javaparser.ast.stmt.ExpressionStmt","range":{"beginLine":16,"beginColumn":13,"endLine":16,"endColumn":30},"tokenRange":{"beginToken":{"kind":94,"text":"cmd"},"endToken":{"kind":103,"text":";"}},"expression":{"!":"com.github.javaparser.ast.expr.MethodCallExpr","range":{"beginLine":16,"beginColumn":13,"endLine":16,"endColumn":29},"tokenRange":{"beginToken":{"kind":94,"text":"cmd"},"endToken":{"kind":98,"text":")"}},"arguments":[{"!":"com.github.javaparser.ast.expr.NameExpr","range":{"beginLine":16,"beginColumn":27,"endLine":16,"endColumn":28},"tokenRange":{"beginToken":{"kind":94,"text":"fo"},"endToken":{"kind":94,"text":"fo"}},"name":{"!":"com.github.javaparser.ast.expr.SimpleName","range":{"beginLine":16,"beginColumn":27,"endLine":16,"endColumn":28},"tokenRange":{"beginToken":{"kind":94,"text":"fo"},"endToken":{"kind":94,"text":"fo"}},"identifier":"fo"}}],"name":{"!":"com.github.javaparser.ast.expr.SimpleName","range":{"beginLine":16,"beginColumn":17,"endLine":16,"endColumn":25},"tokenRange":{"beginToken":{"kind":94,"text":"setStream"},"endToken":{"kind":94,"text":"setStream"}},"identifier":"setStream"},"scope":{"!":"com.github.javaparser.ast.expr.NameExpr","range":{"beginLine":16,"beginColumn":13,"endLine":16,"endColumn":15},"tokenRange":{"beginToken":{"kind":94,"text":"cmd"},"endToken":{"kind":94,"text":"cmd"}},"name":{"!":"com.github.javaparser.ast.expr.SimpleName","range":{"beginLine":16,"beginColumn":13,"endLine":16,"endColumn":15},"tokenRange":{"beginToken":{"kind":94,"text":"cmd"},"endToken":{"kind":94,"text":"cmd"}},"identifier":"cmd"}}}},{"!":"com.github.javaparser.ast.stmt.ExpressionStmt","range":{"beginLine":17,"beginColumn":13,"endLine":18,"endColumn":69},"tokenRange":{"beginToken":{"kind":94,"text":"cmd"},"endToken":{"kind":103,"text":";"}},"expression":{"!":"com.github.javaparser.ast.expr.MethodCallExpr","range":{"beginLine":17,"beginColumn":13,"endLine":18,"endColumn":68},"tokenRange":{"beginToken":{"kind":94,"text":"cmd"},"endToken":{"kind":98,"text":")"}},"arguments":[{"!":"com.github.javaparser.ast.expr.MethodCallExpr","range":{"beginLine":17,"beginColumn":26,"endLine":18,"endColumn":67},"tokenRange":{"beginToken":{"kind":94,"text":"Configuration"},"endToken":{"kind":98,"text":")"}},"arguments":[{"!":"com.github.javaparser.ast.expr.FieldAccessExpr","range":{"beginLine":18,"beginColumn":21,"endLine":18,"endColumn":63},"tokenRange":{"beginToken":{"kind":94,"text":"SaveGraphicsManager"},"endToken":{"kind":94,"text":"KEY_GRAPHICS_RESOLUTION"}},"name":{"!":"com.github.javaparser.ast.expr.SimpleName","range":{"beginLine":18,"beginColumn":41,"endLine":18,"endColumn":63},"tokenRange":{"beginToken":{"kind":94,"text":"KEY_GRAPHICS_RESOLUTION"},"endToken":{"kind":94,"text":"KEY_GRAPHICS_RESOLUTION"}},"identifier":"KEY_GRAPHICS_RESOLUTION"},"scope":{"!":"com.github.javaparser.ast.expr.NameExpr","range":{"beginLine":18,"beginColumn":21,"endLine":18,"endColumn":39},"tokenRange":{"beginToken":{"kind":94,"text":"SaveGraphicsManager"},"endToken":{"kind":94,"text":"SaveGraphicsManager"}},"name":{"!":"com.github.javaparser.ast.expr.SimpleName","range":{"beginLine":18,"beginColumn":21,"endLine":18,"endColumn":39},"tokenRange":{"beginToken":{"kind":94,"text":"SaveGraphicsManager"},"endToken":{"kind":94,"text":"SaveGraphicsManager"}},"identifier":"SaveGraphicsManager"}}},{"!":"com.github.javaparser.ast.expr.IntegerLiteralExpr","range":{"beginLine":18,"beginColumn":66,"endLine":18,"endColumn":66},"tokenRange":{"beginToken":{"kind":77,"text":"1"},"endToken":{"kind":77,"text":"1"}},"value":"1"}],"name":{"!":"com.github.javaparser.ast.expr.SimpleName","range":{"beginLine":17,"beginColumn":40,"endLine":17,"endColumn":49},"tokenRange":{"beginToken":{"kind":94,"text":"getInteger"},"endToken":{"kind":94,"text":"getInteger"}},"identifier":"getInteger"},"scope":{"!":"com.github.javaparser.ast.expr.NameExpr","range":{"beginLine":17,"beginColumn":26,"endLine":17,"endColumn":38},"tokenRange":{"beginToken":{"kind":94,"text":"Configuration"},"endToken":{"kind":94,"text":"Configuration"}},"name":{"!":"com.github.javaparser.ast.expr.SimpleName","range":{"beginLine":17,"beginColumn":26,"endLine":17,"endColumn":38},"tokenRange":{"beginToken":{"kind":94,"text":"Configuration"},"endToken":{"kind":94,"text":"Configuration"}},"identifier":"Configuration"}}}],"name":{"!":"com.github.javaparser.ast.expr.SimpleName","range":{"beginLine":17,"beginColumn":17,"endLine":17,"endColumn":24},"tokenRange":{"beginToken":{"kind":94,"text":"setScale"},"endToken":{"kind":94,"text":"setScale"}},"identifier":"setScale"},"scope":{"!":"com.github.javaparser.ast.expr.NameExpr","range":{"beginLine":17,"beginColumn":13,"endLine":17,"endColumn":15},"tokenRange":{"beginToken":{"kind":94,"text":"cmd"},"endToken":{"kind":94,"text":"cmd"}},"name":{"!":"com.github.javaparser.ast.expr.SimpleName","range":{"beginLine":17,"beginColumn":13,"endLine":17,"endColumn":15},"tokenRange":{"beginToken":{"kind":94,"text":"cmd"},"endToken":{"kind":94,"text":"cmd"}},"identifier":"cmd"}}}},{"!":"com.github.javaparser.ast.stmt.ExpressionStmt","range":{"beginLine":19,"beginColumn":13,"endLine":19,"endColumn":23},"tokenRange":{"beginToken":{"kind":94,"text":"cmd"},"endToken":{"kind":103,"text":";"}},"expression":{"!":"com.github.javaparser.ast.expr.MethodCallExpr","range":{"beginLine":19,"beginColumn":13,"endLine":19,"endColumn":22},"tokenRange":{"beginToken":{"kind":94,"text":"cmd"},"endToken":{"kind":98,"text":")"}},"arguments":[],"name":{"!":"com.github.javaparser.ast.expr.SimpleName","range":{"beginLine":19,"beginColumn":17,"endLine":19,"endColumn":20},"tokenRange":{"beginToken":{"kind":94,"text":"doIt"},"endToken":{"kind":94,"text":"doIt"}},"identifier":"doIt"},"scope":{"!":"com.github.javaparser.ast.expr.NameExpr","range":{"beginLine":19,"beginColumn":13,"endLine":19,"endColumn":15},"tokenRange":{"beginToken":{"kind":94,"text":"cmd"},"endToken":{"kind":94,"text":"cmd"}},"name":{"!":"com.github.javaparser.ast.expr.SimpleName","range":{"beginLine":19,"beginColumn":13,"endLine":19,"endColumn":15},"tokenRange":{"beginToken":{"kind":94,"text":"cmd"},"endToken":{"kind":94,"text":"cmd"}},"identifier":"cmd"}}}}]}},{"!":"com.github.javaparser.ast.stmt.ReturnStmt","range":{"beginLine":25,"beginColumn":9,"endLine":25,"endColumn":20},"tokenRange":{"beginToken":{"kind":49,"text":"return"},"endToken":{"kind":103,"text":";"}},"expression":{"!":"com.github.javaparser.ast.expr.BooleanLiteralExpr","range":{"beginLine":25,"beginColumn":16,"endLine":25,"endColumn":19},"tokenRange":{"beginToken":{"kind":60,"text":"true"},"endToken":{"kind":60,"text":"true"}},"value":"true"}}]},"type":{"!":"com.github.javaparser.ast.type.PrimitiveType","range":{"beginLine":2,"beginColumn":13,"endLine":2,"endColumn":19},"tokenRange":{"beginToken":{"kind":13,"text":"boolean"},"endToken":{"kind":13,"text":"boolean"}},"type":"BOOLEAN","annotations":[]},"modifiers":[{"!":"com.github.javaparser.ast.Modifier","range":{"beginLine":2,"beginColumn":5,"endLine":2,"endColumn":11},"tokenRange":{"beginToken":{"kind":45,"text":"private"},"endToken":{"kind":45,"text":"private"}},"keyword":"PRIVATE"}],"name":{"!":"com.github.javaparser.ast.expr.SimpleName","range":{"beginLine":2,"beginColumn":21,"endLine":2,"endColumn":38},"tokenRange":{"beginToken":{"kind":94,"text":"saveGraphicsToFile"},"endToken":{"kind":94,"text":"saveGraphicsToFile"}},"identifier":"saveGraphicsToFile"},"parameters":[{"!":"com.github.javaparser.ast.body.Parameter","range":{"beginLine":2,"beginColumn":40,"endLine":2,"endColumn":51},"tokenRange":{"beginToken":{"kind":94,"text":"File"},"endToken":{"kind":94,"text":"theFile"}},"annotations":[],"isVarArgs":"false","modifiers":[],"name":{"!":"com.github.javaparser.ast.expr.SimpleName","range":{"beginLine":2,"beginColumn":45,"endLine":2,"endColumn":51},"tokenRange":{"beginToken":{"kind":94,"text":"theFile"},"endToken":{"kind":94,"text":"theFile"}},"identifier":"theFile"},"type":{"!":"com.github.javaparser.ast.type.ClassOrInterfaceType","range":{"beginLine":2,"beginColumn":40,"endLine":2,"endColumn":43},"tokenRange":{"beginToken":{"kind":94,"text":"File"},"endToken":{"kind":94,"text":"File"}},"name":{"!":"com.github.javaparser.ast.expr.SimpleName","range":{"beginLine":2,"beginColumn":40,"endLine":2,"endColumn":43},"tokenRange":{"beginToken":{"kind":94,"text":"File"},"endToken":{"kind":94,"text":"File"}},"identifier":"File"},"annotations":[]},"varArgsAnnotations":[]},{"!":"com.github.javaparser.ast.body.Parameter","range":{"beginLine":2,"beginColumn":54,"endLine":2,"endColumn":72},"tokenRange":{"beginToken":{"kind":94,"text":"CmdSaveGraphics"},"endToken":{"kind":94,"text":"cmd"}},"annotations":[],"isVarArgs":"false","modifiers":[],"name":{"!":"com.github.javaparser.ast.expr.SimpleName","range":{"beginLine":2,"beginColumn":70,"endLine":2,"endColumn":72},"tokenRange":{"beginToken":{"kind":94,"text":"cmd"},"endToken":{"kind":94,"text":"cmd"}},"identifier":"cmd"},"type":{"!":"com.github.javaparser.ast.type.ClassOrInterfaceType","range":{"beginLine":2,"beginColumn":54,"endLine":2,"endColumn":68},"tokenRange":{"beginToken":{"kind":94,"text":"CmdSaveGraphics"},"endToken":{"kind":94,"text":"CmdSaveGraphics"}},"name":{"!":"com.github.javaparser.ast.expr.SimpleName","range":{"beginLine":2,"beginColumn":54,"endLine":2,"endColumn":68},"tokenRange":{"beginToken":{"kind":94,"text":"CmdSaveGraphics"},"endToken":{"kind":94,"text":"CmdSaveGraphics"}},"identifier":"CmdSaveGraphics"},"annotations":[]},"varArgsAnnotations":[]},{"!":"com.github.javaparser.ast.body.Parameter","range":{"beginLine":3,"beginColumn":13,"endLine":3,"endColumn":29},"tokenRange":{"beginToken":{"kind":13,"text":"boolean"},"endToken":{"kind":94,"text":"overwrite"}},"annotations":[],"isVarArgs":"false","modifiers":[],"name":{"!":"com.github.javaparser.ast.expr.SimpleName","range":{"beginLine":3,"beginColumn":21,"endLine":3,"endColumn":29},"tokenRange":{"beginToken":{"kind":94,"text":"overwrite"},"endToken":{"kind":94,"text":"overwrite"}},"identifier":"overwrite"},"type":{"!":"com.github.javaparser.ast.type.PrimitiveType","range":{"beginLine":3,"beginColumn":13,"endLine":3,"endColumn":19},"tokenRange":{"beginToken":{"kind":13,"text":"boolean"},"endToken":{"kind":13,"text":"boolean"}},"type":"BOOLEAN","annotations":[]},"varArgsAnnotations":[]}],"thrownExceptions":[{"!":"com.github.javaparser.ast.type.ClassOrInterfaceType","range":{"beginLine":3,"beginColumn":39,"endLine":3,"endColumn":49},"tokenRange":{"beginToken":{"kind":94,"text":"IOException"},"endToken":{"kind":94,"text":"IOException"}},"name":{"!":"com.github.javaparser.ast.expr.SimpleName","range":{"beginLine":3,"beginColumn":39,"endLine":3,"endColumn":49},"tokenRange":{"beginToken":{"kind":94,"text":"IOException"},"endToken":{"kind":94,"text":"IOException"}},"identifier":"IOException"},"annotations":[]}],"typeParameters":[],"annotations":[]}],"modifiers":[],"name":{"!":"com.github.javaparser.ast.expr.SimpleName","range":{"beginLine":1,"beginColumn":7,"endLine":1,"endColumn":10},"tokenRange":{"beginToken":{"kind":94,"text":"Test"},"endToken":{"kind":94,"text":"Test"}},"identifier":"Test"},"annotations":[]}]}