{"!":"com.github.javaparser.ast.CompilationUnit","range":{"beginLine":1,"beginColumn":1,"endLine":37,"endColumn":2},"tokenRange":{"beginToken":{"kind":19,"text":"class"},"endToken":{"kind":0,"text":""}},"imports":[],"types":[{"!":"com.github.javaparser.ast.body.ClassOrInterfaceDeclaration","range":{"beginLine":1,"beginColumn":1,"endLine":37,"endColumn":2},"tokenRange":{"beginToken":{"kind":19,"text":"class"},"endToken":{"kind":100,"text":"}"}},"extendedTypes":[],"implementedTypes":[],"isInterface":"false","typeParameters":[],"members":[{"!":"com.github.javaparser.ast.body.MethodDeclaration","range":{"beginLine":2,"beginColumn":5,"endLine":35,"endColumn":5},"tokenRange":{"beginToken":{"kind":45,"text":"private"},"endToken":{"kind":100,"text":"}"}},"body":{"!":"com.github.javaparser.ast.stmt.BlockStmt","range":{"beginLine":2,"beginColumn":79,"endLine":35,"endColumn":5},"tokenRange":{"beginToken":{"kind":99,"text":"{"},"endToken":{"kind":100,"text":"}"}},"statements":[{"!":"com.github.javaparser.ast.stmt.IfStmt","range":{"beginLine":3,"beginColumn":9,"endLine":34,"endColumn":9},"tokenRange":{"beginToken":{"kind":34,"text":"if"},"endToken":{"kind":100,"text":"}"}},"condition":{"!":"com.github.javaparser.ast.expr.BinaryExpr","range":{"beginLine":3,"beginColumn":13,"endLine":3,"endColumn":60},"tokenRange":{"beginToken":{"kind":94,"text":"event"},"endToken":{"kind":94,"text":"ANY_EVENT"}},"left":{"!":"com.github.javaparser.ast.expr.MethodCallExpr","range":{"beginLine":3,"beginColumn":13,"endLine":3,"endColumn":32},"tokenRange":{"beginToken":{"kind":94,"text":"event"},"endToken":{"kind":98,"text":")"}},"arguments":[],"name":{"!":"com.github.javaparser.ast.expr.SimpleName","range":{"beginLine":3,"beginColumn":19,"endLine":3,"endColumn":30},"tokenRange":{"beginToken":{"kind":94,"text":"getEventType"},"endToken":{"kind":94,"text":"getEventType"}},"identifier":"getEventType"},"scope":{"!":"com.github.javaparser.ast.expr.NameExpr","range":{"beginLine":3,"beginColumn":13,"endLine":3,"endColumn":17},"tokenRange":{"beginToken":{"kind":94,"text":"event"},"endToken":{"kind":94,"text":"event"}},"name":{"!":"com.github.javaparser.ast.expr.SimpleName","range":{"beginLine":3,"beginColumn":13,"endLine":3,"endColumn":17},"tokenRange":{"beginToken":{"kind":94,"text":"event"},"endToken":{"kind":94,"text":"event"}},"identifier":"event"}}},"operator":"EQUALS","right":{"!":"com.github.javaparser.ast.expr.FieldAccessExpr","range":{"beginLine":3,"beginColumn":37,"endLine":3,"endColumn":60},"tokenRange":{"beginToken":{"kind":94,"text":"ArgoEventTypes"},"endToken":{"kind":94,"text":"ANY_EVENT"}},"name":{"!":"com.github.javaparser.ast.expr.SimpleName","range":{"beginLine":3,"beginColumn":52,"endLine":3,"endColumn":60},"tokenRange":{"beginToken":{"kind":94,"text":"ANY_EVENT"},"endToken":{"kind":94,"text":"ANY_EVENT"}},"identifier":"ANY_EVENT"},"scope":{"!":"com.github.javaparser.ast.expr.NameExpr","range":{"beginLine":3,"beginColumn":37,"endLine":3,"endColumn":50},"tokenRange":{"beginToken":{"kind":94,"text":"ArgoEventTypes"},"endToken":{"kind":94,"text":"ArgoEventTypes"}},"name":{"!":"com.github.javaparser.ast.expr.SimpleName","range":{"beginLine":3,"beginColumn":37,"endLine":3,"endColumn":50},"tokenRange":{"beginToken":{"kind":94,"text":"ArgoEventTypes"},"endToken":{"kind":94,"text":"ArgoEventTypes"}},"identifier":"ArgoEventTypes"}}}},"elseStmt":{"!":"com.github.javaparser.ast.stmt.BlockStmt","range":{"beginLine":12,"beginColumn":16,"endLine":34,"endColumn":9},"tokenRange":{"beginToken":{"kind":99,"text":"{"},"endToken":{"kind":100,"text":"}"}},"statements":[{"!":"com.github.javaparser.ast.stmt.IfStmt","range":{"beginLine":13,"beginColumn":13,"endLine":19,"endColumn":13},"tokenRange":{"beginToken":{"kind":34,"text":"if"},"endToken":{"kind":100,"text":"}"}},"condition":{"!":"com.github.javaparser.ast.expr.BinaryExpr","range":{"beginLine":13,"beginColumn":17,"endLine":14,"endColumn":74},"tokenRange":{"beginToken":{"kind":94,"text":"event"},"endToken":{"kind":94,"text":"LAST_MODULE_EVENT"}},"left":{"!":"com.github.javaparser.ast.expr.BinaryExpr","range":{"beginLine":13,"beginColumn":17,"endLine":13,"endColumn":71},"tokenRange":{"beginToken":{"kind":94,"text":"event"},"endToken":{"kind":94,"text":"ANY_MODULE_EVENT"}},"left":{"!":"com.github.javaparser.ast.expr.MethodCallExpr","range":{"beginLine":13,"beginColumn":17,"endLine":13,"endColumn":36},"tokenRange":{"beginToken":{"kind":94,"text":"event"},"endToken":{"kind":98,"text":")"}},"arguments":[],"name":{"!":"com.github.javaparser.ast.expr.SimpleName","range":{"beginLine":13,"beginColumn":23,"endLine":13,"endColumn":34},"tokenRange":{"beginToken":{"kind":94,"text":"getEventType"},"endToken":{"kind":94,"text":"getEventType"}},"identifier":"getEventType"},"scope":{"!":"com.github.javaparser.ast.expr.NameExpr","range":{"beginLine":13,"beginColumn":17,"endLine":13,"endColumn":21},"tokenRange":{"beginToken":{"kind":94,"text":"event"},"endToken":{"kind":94,"text":"event"}},"name":{"!":"com.github.javaparser.ast.expr.SimpleName","range":{"beginLine":13,"beginColumn":17,"endLine":13,"endColumn":21},"tokenRange":{"beginToken":{"kind":94,"text":"event"},"endToken":{"kind":94,"text":"event"}},"identifier":"event"}}},"operator":"GREATER_EQUALS","right":{"!":"com.github.javaparser.ast.expr.FieldAccessExpr","range":{"beginLine":13,"beginColumn":41,"endLine":13,"endColumn":71},"tokenRange":{"beginToken":{"kind":94,"text":"ArgoEventTypes"},"endToken":{"kind":94,"text":"ANY_MODULE_EVENT"}},"name":{"!":"com.github.javaparser.ast.expr.SimpleName","range":{"beginLine":13,"beginColumn":56,"endLine":13,"endColumn":71},"tokenRange":{"beginToken":{"kind":94,"text":"ANY_MODULE_EVENT"},"endToken":{"kind":94,"text":"ANY_MODULE_EVENT"}},"identifier":"ANY_MODULE_EVENT"},"scope":{"!":"com.github.javaparser.ast.expr.NameExpr","range":{"beginLine":13,"beginColumn":41,"endLine":13,"endColumn":54},"tokenRange":{"beginToken":{"kind":94,"text":"ArgoEventTypes"},"endToken":{"kind":94,"text":"ArgoEventTypes"}},"name":{"!":"com.github.javaparser.ast.expr.SimpleName","range":{"beginLine":13,"beginColumn":41,"endLine":13,"endColumn":54},"tokenRange":{"beginToken":{"kind":94,"text":"ArgoEventTypes"},"endToken":{"kind":94,"text":"ArgoEventTypes"}},"identifier":"ArgoEventTypes"}}}},"operator":"AND","right":{"!":"com.github.javaparser.ast.expr.BinaryExpr","range":{"beginLine":14,"beginColumn":20,"endLine":14,"endColumn":74},"tokenRange":{"beginToken":{"kind":94,"text":"event"},"endToken":{"kind":94,"text":"LAST_MODULE_EVENT"}},"left":{"!":"com.github.javaparser.ast.expr.MethodCallExpr","range":{"beginLine":14,"beginColumn":20,"endLine":14,"endColumn":39},"tokenRange":{"beginToken":{"kind":94,"text":"event"},"endToken":{"kind":98,"text":")"}},"arguments":[],"name":{"!":"com.github.javaparser.ast.expr.SimpleName","range":{"beginLine":14,"beginColumn":26,"endLine":14,"endColumn":37},"tokenRange":{"beginToken":{"kind":94,"text":"getEventType"},"endToken":{"kind":94,"text":"getEventType"}},"identifier":"getEventType"},"scope":{"!":"com.github.javaparser.ast.expr.NameExpr","range":{"beginLine":14,"beginColumn":20,"endLine":14,"endColumn":24},"tokenRange":{"beginToken":{"kind":94,"text":"event"},"endToken":{"kind":94,"text":"event"}},"name":{"!":"com.github.javaparser.ast.expr.SimpleName","range":{"beginLine":14,"beginColumn":20,"endLine":14,"endColumn":24},"tokenRange":{"beginToken":{"kind":94,"text":"event"},"endToken":{"kind":94,"text":"event"}},"identifier":"event"}}},"operator":"LESS","right":{"!":"com.github.javaparser.ast.expr.FieldAccessExpr","range":{"beginLine":14,"beginColumn":43,"endLine":14,"endColumn":74},"tokenRange":{"beginToken":{"kind":94,"text":"ArgoEventTypes"},"endToken":{"kind":94,"text":"LAST_MODULE_EVENT"}},"name":{"!":"com.github.javaparser.ast.expr.SimpleName","range":{"beginLine":14,"beginColumn":58,"endLine":14,"endColumn":74},"tokenRange":{"beginToken":{"kind":94,"text":"LAST_MODULE_EVENT"},"endToken":{"kind":94,"text":"LAST_MODULE_EVENT"}},"identifier":"LAST_MODULE_EVENT"},"scope":{"!":"com.github.javaparser.ast.expr.NameExpr","range":{"beginLine":14,"beginColumn":43,"endLine":14,"endColumn":56},"tokenRange":{"beginToken":{"kind":94,"text":"ArgoEventTypes"},"endToken":{"kind":94,"text":"ArgoEventTypes"}},"name":{"!":"com.github.javaparser.ast.expr.SimpleName","range":{"beginLine":14,"beginColumn":43,"endLine":14,"endColumn":56},"tokenRange":{"beginToken":{"kind":94,"text":"ArgoEventTypes"},"endToken":{"kind":94,"text":"ArgoEventTypes"}},"identifier":"ArgoEventTypes"}}}}},"thenStmt":{"!":"com.github.javaparser.ast.stmt.BlockStmt","range":{"beginLine":14,"beginColumn":77,"endLine":19,"endColumn":13},"tokenRange":{"beginToken":{"kind":99,"text":"{"},"endToken":{"kind":100,"text":"}"}},"statements":[{"!":"com.github.javaparser.ast.stmt.IfStmt","range":{"beginLine":15,"beginColumn":17,"endLine":18,"endColumn":17},"tokenRange":{"beginToken":{"kind":34,"text":"if"},"endToken":{"kind":100,"text":"}"}},"condition":{"!":"com.github.javaparser.ast.expr.InstanceOfExpr","range":{"beginLine":15,"beginColumn":21,"endLine":15,"endColumn":63},"tokenRange":{"beginToken":{"kind":94,"text":"listener"},"endToken":{"kind":94,"text":"ArgoModuleEventListener"}},"expression":{"!":"com.github.javaparser.ast.expr.NameExpr","range":{"beginLine":15,"beginColumn":21,"endLine":15,"endColumn":28},"tokenRange":{"beginToken":{"kind":94,"text":"listener"},"endToken":{"kind":94,"text":"listener"}},"name":{"!":"com.github.javaparser.ast.expr.SimpleName","range":{"beginLine":15,"beginColumn":21,"endLine":15,"endColumn":28},"tokenRange":{"beginToken":{"kind":94,"text":"listener"},"endToken":{"kind":94,"text":"listener"}},"identifier":"listener"}},"type":{"!":"com.github.javaparser.ast.type.ClassOrInterfaceType","range":{"beginLine":15,"beginColumn":41,"endLine":15,"endColumn":63},"tokenRange":{"beginToken":{"kind":94,"text":"ArgoModuleEventListener"},"endToken":{"kind":94,"text":"ArgoModuleEventListener"}},"name":{"!":"com.github.javaparser.ast.expr.SimpleName","range":{"beginLine":15,"beginColumn":41,"endLine":15,"endColumn":63},"tokenRange":{"beginToken":{"kind":94,"text":"ArgoModuleEventListener"},"endToken":{"kind":94,"text":"ArgoModuleEventListener"}},"identifier":"ArgoModuleEventListener"},"annotations":[]}},"thenStmt":{"!":"com.github.javaparser.ast.stmt.BlockStmt","range":{"beginLine":15,"beginColumn":66,"endLine":18,"endColumn":17},"tokenRange":{"beginToken":{"kind":99,"text":"{"},"endToken":{"kind":100,"text":"}"}},"statements":[{"!":"com.github.javaparser.ast.stmt.ExpressionStmt","range":{"beginLine":16,"beginColumn":21,"endLine":17,"endColumn":43},"tokenRange":{"beginToken":{"kind":94,"text":"handleFireModuleEvent"},"endToken":{"kind":103,"text":";"}},"expression":{"!":"com.github.javaparser.ast.expr.MethodCallExpr","range":{"beginLine":16,"beginColumn":21,"endLine":17,"endColumn":42},"tokenRange":{"beginToken":{"kind":94,"text":"handleFireModuleEvent"},"endToken":{"kind":98,"text":")"}},"arguments":[{"!":"com.github.javaparser.ast.expr.CastExpr","range":{"beginLine":16,"beginColumn":43,"endLine":16,"endColumn":65},"tokenRange":{"beginToken":{"kind":97,"text":"("},"endToken":{"kind":94,"text":"event"}},"expression":{"!":"com.github.javaparser.ast.expr.NameExpr","range":{"beginLine":16,"beginColumn":61,"endLine":16,"endColumn":65},"tokenRange":{"beginToken":{"kind":94,"text":"event"},"endToken":{"kind":94,"text":"event"}},"name":{"!":"com.github.javaparser.ast.expr.SimpleName","range":{"beginLine":16,"beginColumn":61,"endLine":16,"endColumn":65},"tokenRange":{"beginToken":{"kind":94,"text":"event"},"endToken":{"kind":94,"text":"event"}},"identifier":"event"}},"type":{"!":"com.github.javaparser.ast.type.ClassOrInterfaceType","range":{"beginLine":16,"beginColumn":44,"endLine":16,"endColumn":58},"tokenRange":{"beginToken":{"kind":94,"text":"ArgoModuleEvent"},"endToken":{"kind":94,"text":"ArgoModuleEvent"}},"name":{"!":"com.github.javaparser.ast.expr.SimpleName","range":{"beginLine":16,"beginColumn":44,"endLine":16,"endColumn":58},"tokenRange":{"beginToken":{"kind":94,"text":"ArgoModuleEvent"},"endToken":{"kind":94,"text":"ArgoModuleEvent"}},"identifier":"ArgoModuleEvent"},"annotations":[]}},{"!":"com.github.javaparser.ast.expr.CastExpr","range":{"beginLine":17,"beginColumn":8,"endLine":17,"endColumn":41},"tokenRange":{"beginToken":{"kind":97,"text":"("},"endToken":{"kind":94,"text":"listener"}},"expression":{"!":"com.github.javaparser.ast.expr.NameExpr","range":{"beginLine":17,"beginColumn":34,"endLine":17,"endColumn":41},"tokenRange":{"beginToken":{"kind":94,"text":"listener"},"endToken":{"kind":94,"text":"listener"}},"name":{"!":"com.github.javaparser.ast.expr.SimpleName","range":{"beginLine":17,"beginColumn":34,"endLine":17,"endColumn":41},"tokenRange":{"beginToken":{"kind":94,"text":"listener"},"endToken":{"kind":94,"text":"listener"}},"identifier":"listener"}},"type":{"!":"com.github.javaparser.ast.type.ClassOrInterfaceType","range":{"beginLine":17,"beginColumn":9,"endLine":17,"endColumn":31},"tokenRange":{"beginToken":{"kind":94,"text":"ArgoModuleEventListener"},"endToken":{"kind":94,"text":"ArgoModuleEventListener"}},"name":{"!":"com.github.javaparser.ast.expr.SimpleName","range":{"beginLine":17,"beginColumn":9,"endLine":17,"endColumn":31},"tokenRange":{"beginToken":{"kind":94,"text":"ArgoModuleEventListener"},"endToken":{"kind":94,"text":"ArgoModuleEventListener"}},"identifier":"ArgoModuleEventListener"},"annotations":[]}}],"name":{"!":"com.github.javaparser.ast.expr.SimpleName","range":{"beginLine":16,"beginColumn":21,"endLine":16,"endColumn":41},"tokenRange":{"beginToken":{"kind":94,"text":"handleFireModuleEvent"},"endToken":{"kind":94,"text":"handleFireModuleEvent"}},"identifier":"handleFireModuleEvent"}}}]}}]}},{"!":"com.github.javaparser.ast.stmt.IfStmt","range":{"beginLine":20,"beginColumn":13,"endLine":26,"endColumn":13},"tokenRange":{"beginToken":{"kind":34,"text":"if"},"endToken":{"kind":100,"text":"}"}},"condition":{"!":"com.github.javaparser.ast.expr.BinaryExpr","range":{"beginLine":20,"beginColumn":17,"endLine":21,"endColumn":76},"tokenRange":{"beginToken":{"kind":94,"text":"event"},"endToken":{"kind":94,"text":"LAST_NOTATION_EVENT"}},"left":{"!":"com.github.javaparser.ast.expr.BinaryExpr","range":{"beginLine":20,"beginColumn":17,"endLine":20,"endColumn":73},"tokenRange":{"beginToken":{"kind":94,"text":"event"},"endToken":{"kind":94,"text":"ANY_NOTATION_EVENT"}},"left":{"!":"com.github.javaparser.ast.expr.MethodCallExpr","range":{"beginLine":20,"beginColumn":17,"endLine":20,"endColumn":36},"tokenRange":{"beginToken":{"kind":94,"text":"event"},"endToken":{"kind":98,"text":")"}},"arguments":[],"name":{"!":"com.github.javaparser.ast.expr.SimpleName","range":{"beginLine":20,"beginColumn":23,"endLine":20,"endColumn":34},"tokenRange":{"beginToken":{"kind":94,"text":"getEventType"},"endToken":{"kind":94,"text":"getEventType"}},"identifier":"getEventType"},"scope":{"!":"com.github.javaparser.ast.expr.NameExpr","range":{"beginLine":20,"beginColumn":17,"endLine":20,"endColumn":21},"tokenRange":{"beginToken":{"kind":94,"text":"event"},"endToken":{"kind":94,"text":"event"}},"name":{"!":"com.github.javaparser.ast.expr.SimpleName","range":{"beginLine":20,"beginColumn":17,"endLine":20,"endColumn":21},"tokenRange":{"beginToken":{"kind":94,"text":"event"},"endToken":{"kind":94,"text":"event"}},"identifier":"event"}}},"operator":"GREATER_EQUALS","right":{"!":"com.github.javaparser.ast.expr.FieldAccessExpr","range":{"beginLine":20,"beginColumn":41,"endLine":20,"endColumn":73},"tokenRange":{"beginToken":{"kind":94,"text":"ArgoEventTypes"},"endToken":{"kind":94,"text":"ANY_NOTATION_EVENT"}},"name":{"!":"com.github.javaparser.ast.expr.SimpleName","range":{"beginLine":20,"beginColumn":56,"endLine":20,"endColumn":73},"tokenRange":{"beginToken":{"kind":94,"text":"ANY_NOTATION_EVENT"},"endToken":{"kind":94,"text":"ANY_NOTATION_EVENT"}},"identifier":"ANY_NOTATION_EVENT"},"scope":{"!":"com.github.javaparser.ast.expr.NameExpr","range":{"beginLine":20,"beginColumn":41,"endLine":20,"endColumn":54},"tokenRange":{"beginToken":{"kind":94,"text":"ArgoEventTypes"},"endToken":{"kind":94,"text":"ArgoEventTypes"}},"name":{"!":"com.github.javaparser.ast.expr.SimpleName","range":{"beginLine":20,"beginColumn":41,"endLine":20,"endColumn":54},"tokenRange":{"beginToken":{"kind":94,"text":"ArgoEventTypes"},"endToken":{"kind":94,"text":"ArgoEventTypes"}},"identifier":"ArgoEventTypes"}}}},"operator":"AND","right":{"!":"com.github.javaparser.ast.expr.BinaryExpr","range":{"beginLine":21,"beginColumn":20,"endLine":21,"endColumn":76},"tokenRange":{"beginToken":{"kind":94,"text":"event"},"endToken":{"kind":94,"text":"LAST_NOTATION_EVENT"}},"left":{"!":"com.github.javaparser.ast.expr.MethodCallExpr","range":{"beginLine":21,"beginColumn":20,"endLine":21,"endColumn":39},"tokenRange":{"beginToken":{"kind":94,"text":"event"},"endToken":{"kind":98,"text":")"}},"arguments":[],"name":{"!":"com.github.javaparser.ast.expr.SimpleName","range":{"beginLine":21,"beginColumn":26,"endLine":21,"endColumn":37},"tokenRange":{"beginToken":{"kind":94,"text":"getEventType"},"endToken":{"kind":94,"text":"getEventType"}},"identifier":"getEventType"},"scope":{"!":"com.github.javaparser.ast.expr.NameExpr","range":{"beginLine":21,"beginColumn":20,"endLine":21,"endColumn":24},"tokenRange":{"beginToken":{"kind":94,"text":"event"},"endToken":{"kind":94,"text":"event"}},"name":{"!":"com.github.javaparser.ast.expr.SimpleName","range":{"beginLine":21,"beginColumn":20,"endLine":21,"endColumn":24},"tokenRange":{"beginToken":{"kind":94,"text":"event"},"endToken":{"kind":94,"text":"event"}},"identifier":"event"}}},"operator":"LESS","right":{"!":"com.github.javaparser.ast.expr.FieldAccessExpr","range":{"beginLine":21,"beginColumn":43,"endLine":21,"endColumn":76},"tokenRange":{"beginToken":{"kind":94,"text":"ArgoEventTypes"},"endToken":{"kind":94,"text":"LAST_NOTATION_EVENT"}},"name":{"!":"com.github.javaparser.ast.expr.SimpleName","range":{"beginLine":21,"beginColumn":58,"endLine":21,"endColumn":76},"tokenRange":{"beginToken":{"kind":94,"text":"LAST_NOTATION_EVENT"},"endToken":{"kind":94,"text":"LAST_NOTATION_EVENT"}},"identifier":"LAST_NOTATION_EVENT"},"scope":{"!":"com.github.javaparser.ast.expr.NameExpr","range":{"beginLine":21,"beginColumn":43,"endLine":21,"endColumn":56},"tokenRange":{"beginToken":{"kind":94,"text":"ArgoEventTypes"},"endToken":{"kind":94,"text":"ArgoEventTypes"}},"name":{"!":"com.github.javaparser.ast.expr.SimpleName","range":{"beginLine":21,"beginColumn":43,"endLine":21,"endColumn":56},"tokenRange":{"beginToken":{"kind":94,"text":"ArgoEventTypes"},"endToken":{"kind":94,"text":"ArgoEventTypes"}},"identifier":"ArgoEventTypes"}}}}},"thenStmt":{"!":"com.github.javaparser.ast.stmt.BlockStmt","range":{"beginLine":21,"beginColumn":79,"endLine":26,"endColumn":13},"tokenRange":{"beginToken":{"kind":99,"text":"{"},"endToken":{"kind":100,"text":"}"}},"statements":[{"!":"com.github.javaparser.ast.stmt.IfStmt","range":{"beginLine":22,"beginColumn":17,"endLine":25,"endColumn":17},"tokenRange":{"beginToken":{"kind":34,"text":"if"},"endToken":{"kind":100,"text":"}"}},"condition":{"!":"com.github.javaparser.ast.expr.InstanceOfExpr","range":{"beginLine":22,"beginColumn":21,"endLine":22,"endColumn":65},"tokenRange":{"beginToken":{"kind":94,"text":"listener"},"endToken":{"kind":94,"text":"ArgoNotationEventListener"}},"expression":{"!":"com.github.javaparser.ast.expr.NameExpr","range":{"beginLine":22,"beginColumn":21,"endLine":22,"endColumn":28},"tokenRange":{"beginToken":{"kind":94,"text":"listener"},"endToken":{"kind":94,"text":"listener"}},"name":{"!":"com.github.javaparser.ast.expr.SimpleName","range":{"beginLine":22,"beginColumn":21,"endLine":22,"endColumn":28},"tokenRange":{"beginToken":{"kind":94,"text":"listener"},"endToken":{"kind":94,"text":"listener"}},"identifier":"listener"}},"type":{"!":"com.github.javaparser.ast.type.ClassOrInterfaceType","range":{"beginLine":22,"beginColumn":41,"endLine":22,"endColumn":65},"tokenRange":{"beginToken":{"kind":94,"text":"ArgoNotationEventListener"},"endToken":{"kind":94,"text":"ArgoNotationEventListener"}},"name":{"!":"com.github.javaparser.ast.expr.SimpleName","range":{"beginLine":22,"beginColumn":41,"endLine":22,"endColumn":65},"tokenRange":{"beginToken":{"kind":94,"text":"ArgoNotationEventListener"},"endToken":{"kind":94,"text":"ArgoNotationEventListener"}},"identifier":"ArgoNotationEventListener"},"annotations":[]}},"thenStmt":{"!":"com.github.javaparser.ast.stmt.BlockStmt","range":{"beginLine":22,"beginColumn":68,"endLine":25,"endColumn":17},"tokenRange":{"beginToken":{"kind":99,"text":"{"},"endToken":{"kind":100,"text":"}"}},"statements":[{"!":"com.github.javaparser.ast.stmt.ExpressionStmt","range":{"beginLine":23,"beginColumn":21,"endLine":24,"endColumn":43},"tokenRange":{"beginToken":{"kind":94,"text":"handleFireNotationEvent"},"endToken":{"kind":103,"text":";"}},"expression":{"!":"com.github.javaparser.ast.expr.MethodCallExpr","range":{"beginLine":23,"beginColumn":21,"endLine":24,"endColumn":42},"tokenRange":{"beginToken":{"kind":94,"text":"handleFireNotationEvent"},"endToken":{"kind":98,"text":")"}},"arguments":[{"!":"com.github.javaparser.ast.expr.CastExpr","range":{"beginLine":23,"beginColumn":45,"endLine":23,"endColumn":69},"tokenRange":{"beginToken":{"kind":97,"text":"("},"endToken":{"kind":94,"text":"event"}},"expression":{"!":"com.github.javaparser.ast.expr.NameExpr","range":{"beginLine":23,"beginColumn":65,"endLine":23,"endColumn":69},"tokenRange":{"beginToken":{"kind":94,"text":"event"},"endToken":{"kind":94,"text":"event"}},"name":{"!":"com.github.javaparser.ast.expr.SimpleName","range":{"beginLine":23,"beginColumn":65,"endLine":23,"endColumn":69},"tokenRange":{"beginToken":{"kind":94,"text":"event"},"endToken":{"kind":94,"text":"event"}},"identifier":"event"}},"type":{"!":"com.github.javaparser.ast.type.ClassOrInterfaceType","range":{"beginLine":23,"beginColumn":46,"endLine":23,"endColumn":62},"tokenRange":{"beginToken":{"kind":94,"text":"ArgoNotationEvent"},"endToken":{"kind":94,"text":"ArgoNotationEvent"}},"name":{"!":"com.github.javaparser.ast.expr.SimpleName","range":{"beginLine":23,"beginColumn":46,"endLine":23,"endColumn":62},"tokenRange":{"beginToken":{"kind":94,"text":"ArgoNotationEvent"},"endToken":{"kind":94,"text":"ArgoNotationEvent"}},"identifier":"ArgoNotationEvent"},"annotations":[]}},{"!":"com.github.javaparser.ast.expr.CastExpr","range":{"beginLine":24,"beginColumn":6,"endLine":24,"endColumn":41},"tokenRange":{"beginToken":{"kind":97,"text":"("},"endToken":{"kind":94,"text":"listener"}},"expression":{"!":"com.github.javaparser.ast.expr.NameExpr","range":{"beginLine":24,"beginColumn":34,"endLine":24,"endColumn":41},"tokenRange":{"beginToken":{"kind":94,"text":"listener"},"endToken":{"kind":94,"text":"listener"}},"name":{"!":"com.github.javaparser.ast.expr.SimpleName","range":{"beginLine":24,"beginColumn":34,"endLine":24,"endColumn":41},"tokenRange":{"beginToken":{"kind":94,"text":"listener"},"endToken":{"kind":94,"text":"listener"}},"identifier":"listener"}},"type":{"!":"com.github.javaparser.ast.type.ClassOrInterfaceType","range":{"beginLine":24,"beginColumn":7,"endLine":24,"endColumn":31},"tokenRange":{"beginToken":{"kind":94,"text":"ArgoNotationEventListener"},"endToken":{"kind":94,"text":"ArgoNotationEventListener"}},"name":{"!":"com.github.javaparser.ast.expr.SimpleName","range":{"beginLine":24,"beginColumn":7,"endLine":24,"endColumn":31},"tokenRange":{"beginToken":{"kind":94,"text":"ArgoNotationEventListener"},"endToken":{"kind":94,"text":"ArgoNotationEventListener"}},"identifier":"ArgoNotationEventListener"},"annotations":[]}}],"name":{"!":"com.github.javaparser.ast.expr.SimpleName","range":{"beginLine":23,"beginColumn":21,"endLine":23,"endColumn":43},"tokenRange":{"beginToken":{"kind":94,"text":"handleFireNotationEvent"},"endToken":{"kind":94,"text":"handleFireNotationEvent"}},"identifier":"handleFireNotationEvent"}}}]}}]}},{"!":"com.github.javaparser.ast.stmt.IfStmt","range":{"beginLine":27,"beginColumn":13,"endLine":33,"endColumn":13},"tokenRange":{"beginToken":{"kind":34,"text":"if"},"endToken":{"kind":100,"text":"}"}},"condition":{"!":"com.github.javaparser.ast.expr.BinaryExpr","range":{"beginLine":27,"beginColumn":17,"endLine":28,"endColumn":77},"tokenRange":{"beginToken":{"kind":94,"text":"event"},"endToken":{"kind":94,"text":"LAST_GENERATOR_EVENT"}},"left":{"!":"com.github.javaparser.ast.expr.BinaryExpr","range":{"beginLine":27,"beginColumn":17,"endLine":27,"endColumn":74},"tokenRange":{"beginToken":{"kind":94,"text":"event"},"endToken":{"kind":94,"text":"ANY_GENERATOR_EVENT"}},"left":{"!":"com.github.javaparser.ast.expr.MethodCallExpr","range":{"beginLine":27,"beginColumn":17,"endLine":27,"endColumn":36},"tokenRange":{"beginToken":{"kind":94,"text":"event"},"endToken":{"kind":98,"text":")"}},"arguments":[],"name":{"!":"com.github.javaparser.ast.expr.SimpleName","range":{"beginLine":27,"beginColumn":23,"endLine":27,"endColumn":34},"tokenRange":{"beginToken":{"kind":94,"text":"getEventType"},"endToken":{"kind":94,"text":"getEventType"}},"identifier":"getEventType"},"scope":{"!":"com.github.javaparser.ast.expr.NameExpr","range":{"beginLine":27,"beginColumn":17,"endLine":27,"endColumn":21},"tokenRange":{"beginToken":{"kind":94,"text":"event"},"endToken":{"kind":94,"text":"event"}},"name":{"!":"com.github.javaparser.ast.expr.SimpleName","range":{"beginLine":27,"beginColumn":17,"endLine":27,"endColumn":21},"tokenRange":{"beginToken":{"kind":94,"text":"event"},"endToken":{"kind":94,"text":"event"}},"identifier":"event"}}},"operator":"GREATER_EQUALS","right":{"!":"com.github.javaparser.ast.expr.FieldAccessExpr","range":{"beginLine":27,"beginColumn":41,"endLine":27,"endColumn":74},"tokenRange":{"beginToken":{"kind":94,"text":"ArgoEventTypes"},"endToken":{"kind":94,"text":"ANY_GENERATOR_EVENT"}},"name":{"!":"com.github.javaparser.ast.expr.SimpleName","range":{"beginLine":27,"beginColumn":56,"endLine":27,"endColumn":74},"tokenRange":{"beginToken":{"kind":94,"text":"ANY_GENERATOR_EVENT"},"endToken":{"kind":94,"text":"ANY_GENERATOR_EVENT"}},"identifier":"ANY_GENERATOR_EVENT"},"scope":{"!":"com.github.javaparser.ast.expr.NameExpr","range":{"beginLine":27,"beginColumn":41,"endLine":27,"endColumn":54},"tokenRange":{"beginToken":{"kind":94,"text":"ArgoEventTypes"},"endToken":{"kind":94,"text":"ArgoEventTypes"}},"name":{"!":"com.github.javaparser.ast.expr.SimpleName","range":{"beginLine":27,"beginColumn":41,"endLine":27,"endColumn":54},"tokenRange":{"beginToken":{"kind":94,"text":"ArgoEventTypes"},"endToken":{"kind":94,"text":"ArgoEventTypes"}},"identifier":"ArgoEventTypes"}}}},"operator":"AND","right":{"!":"com.github.javaparser.ast.expr.BinaryExpr","range":{"beginLine":28,"beginColumn":20,"endLine":28,"endColumn":77},"tokenRange":{"beginToken":{"kind":94,"text":"event"},"endToken":{"kind":94,"text":"LAST_GENERATOR_EVENT"}},"left":{"!":"com.github.javaparser.ast.expr.MethodCallExpr","range":{"beginLine":28,"beginColumn":20,"endLine":28,"endColumn":39},"tokenRange":{"beginToken":{"kind":94,"text":"event"},"endToken":{"kind":98,"text":")"}},"arguments":[],"name":{"!":"com.github.javaparser.ast.expr.SimpleName","range":{"beginLine":28,"beginColumn":26,"endLine":28,"endColumn":37},"tokenRange":{"beginToken":{"kind":94,"text":"getEventType"},"endToken":{"kind":94,"text":"getEventType"}},"identifier":"getEventType"},"scope":{"!":"com.github.javaparser.ast.expr.NameExpr","range":{"beginLine":28,"beginColumn":20,"endLine":28,"endColumn":24},"tokenRange":{"beginToken":{"kind":94,"text":"event"},"endToken":{"kind":94,"text":"event"}},"name":{"!":"com.github.javaparser.ast.expr.SimpleName","range":{"beginLine":28,"beginColumn":20,"endLine":28,"endColumn":24},"tokenRange":{"beginToken":{"kind":94,"text":"event"},"endToken":{"kind":94,"text":"event"}},"identifier":"event"}}},"operator":"LESS","right":{"!":"com.github.javaparser.ast.expr.FieldAccessExpr","range":{"beginLine":28,"beginColumn":43,"endLine":28,"endColumn":77},"tokenRange":{"beginToken":{"kind":94,"text":"ArgoEventTypes"},"endToken":{"kind":94,"text":"LAST_GENERATOR_EVENT"}},"name":{"!":"com.github.javaparser.ast.expr.SimpleName","range":{"beginLine":28,"beginColumn":58,"endLine":28,"endColumn":77},"tokenRange":{"beginToken":{"kind":94,"text":"LAST_GENERATOR_EVENT"},"endToken":{"kind":94,"text":"LAST_GENERATOR_EVENT"}},"identifier":"LAST_GENERATOR_EVENT"},"scope":{"!":"com.github.javaparser.ast.expr.NameExpr","range":{"beginLine":28,"beginColumn":43,"endLine":28,"endColumn":56},"tokenRange":{"beginToken":{"kind":94,"text":"ArgoEventTypes"},"endToken":{"kind":94,"text":"ArgoEventTypes"}},"name":{"!":"com.github.javaparser.ast.expr.SimpleName","range":{"beginLine":28,"beginColumn":43,"endLine":28,"endColumn":56},"tokenRange":{"beginToken":{"kind":94,"text":"ArgoEventTypes"},"endToken":{"kind":94,"text":"ArgoEventTypes"}},"identifier":"ArgoEventTypes"}}}}},"thenStmt":{"!":"com.github.javaparser.ast.stmt.BlockStmt","range":{"beginLine":28,"beginColumn":80,"endLine":33,"endColumn":13},"tokenRange":{"beginToken":{"kind":99,"text":"{"},"endToken":{"kind":100,"text":"}"}},"statements":[{"!":"com.github.javaparser.ast.stmt.IfStmt","range":{"beginLine":29,"beginColumn":17,"endLine":32,"endColumn":17},"tokenRange":{"beginToken":{"kind":34,"text":"if"},"endToken":{"kind":100,"text":"}"}},"condition":{"!":"com.github.javaparser.ast.expr.InstanceOfExpr","range":{"beginLine":29,"beginColumn":21,"endLine":29,"endColumn":66},"tokenRange":{"beginToken":{"kind":94,"text":"listener"},"endToken":{"kind":94,"text":"ArgoGeneratorEventListener"}},"expression":{"!":"com.github.javaparser.ast.expr.NameExpr","range":{"beginLine":29,"beginColumn":21,"endLine":29,"endColumn":28},"tokenRange":{"beginToken":{"kind":94,"text":"listener"},"endToken":{"kind":94,"text":"listener"}},"name":{"!":"com.github.javaparser.ast.expr.SimpleName","range":{"beginLine":29,"beginColumn":21,"endLine":29,"endColumn":28},"tokenRange":{"beginToken":{"kind":94,"text":"listener"},"endToken":{"kind":94,"text":"listener"}},"identifier":"listener"}},"type":{"!":"com.github.javaparser.ast.type.ClassOrInterfaceType","range":{"beginLine":29,"beginColumn":41,"endLine":29,"endColumn":66},"tokenRange":{"beginToken":{"kind":94,"text":"ArgoGeneratorEventListener"},"endToken":{"kind":94,"text":"ArgoGeneratorEventListener"}},"name":{"!":"com.github.javaparser.ast.expr.SimpleName","range":{"beginLine":29,"beginColumn":41,"endLine":29,"endColumn":66},"tokenRange":{"beginToken":{"kind":94,"text":"ArgoGeneratorEventListener"},"endToken":{"kind":94,"text":"ArgoGeneratorEventListener"}},"identifier":"ArgoGeneratorEventListener"},"annotations":[]}},"thenStmt":{"!":"com.github.javaparser.ast.stmt.BlockStmt","range":{"beginLine":29,"beginColumn":69,"endLine":32,"endColumn":17},"tokenRange":{"beginToken":{"kind":99,"text":"{"},"endToken":{"kind":100,"text":"}"}},"statements":[{"!":"com.github.javaparser.ast.stmt.ExpressionStmt","range":{"beginLine":30,"beginColumn":21,"endLine":31,"endColumn":67},"tokenRange":{"beginToken":{"kind":94,"text":"handleFireGeneratorEvent"},"endToken":{"kind":103,"text":";"}},"expression":{"!":"com.github.javaparser.ast.expr.MethodCallExpr","range":{"beginLine":30,"beginColumn":21,"endLine":31,"endColumn":66},"tokenRange":{"beginToken":{"kind":94,"text":"handleFireGeneratorEvent"},"endToken":{"kind":98,"text":")"}},"arguments":[{"!":"com.github.javaparser.ast.expr.CastExpr","range":{"beginLine":30,"beginColumn":46,"endLine":30,"endColumn":71},"tokenRange":{"beginToken":{"kind":97,"text":"("},"endToken":{"kind":94,"text":"event"}},"expression":{"!":"com.github.javaparser.ast.expr.NameExpr","range":{"beginLine":30,"beginColumn":67,"endLine":30,"endColumn":71},"tokenRange":{"beginToken":{"kind":94,"text":"event"},"endToken":{"kind":94,"text":"event"}},"name":{"!":"com.github.javaparser.ast.expr.SimpleName","range":{"beginLine":30,"beginColumn":67,"endLine":30,"endColumn":71},"tokenRange":{"beginToken":{"kind":94,"text":"event"},"endToken":{"kind":94,"text":"event"}},"identifier":"event"}},"type":{"!":"com.github.javaparser.ast.type.ClassOrInterfaceType","range":{"beginLine":30,"beginColumn":47,"endLine":30,"endColumn":64},"tokenRange":{"beginToken":{"kind":94,"text":"ArgoGeneratorEvent"},"endToken":{"kind":94,"text":"ArgoGeneratorEvent"}},"name":{"!":"com.github.javaparser.ast.expr.SimpleName","range":{"beginLine":30,"beginColumn":47,"endLine":30,"endColumn":64},"tokenRange":{"beginToken":{"kind":94,"text":"ArgoGeneratorEvent"},"endToken":{"kind":94,"text":"ArgoGeneratorEvent"}},"identifier":"ArgoGeneratorEvent"},"annotations":[]}},{"!":"com.github.javaparser.ast.expr.CastExpr","range":{"beginLine":31,"beginColumn":29,"endLine":31,"endColumn":65},"tokenRange":{"beginToken":{"kind":97,"text":"("},"endToken":{"kind":94,"text":"listener"}},"expression":{"!":"com.github.javaparser.ast.expr.NameExpr","range":{"beginLine":31,"beginColumn":58,"endLine":31,"endColumn":65},"tokenRange":{"beginToken":{"kind":94,"text":"listener"},"endToken":{"kind":94,"text":"listener"}},"name":{"!":"com.github.javaparser.ast.expr.SimpleName","range":{"beginLine":31,"beginColumn":58,"endLine":31,"endColumn":65},"tokenRange":{"beginToken":{"kind":94,"text":"listener"},"endToken":{"kind":94,"text":"listener"}},"identifier":"listener"}},"type":{"!":"com.github.javaparser.ast.type.ClassOrInterfaceType","range":{"beginLine":31,"beginColumn":30,"endLine":31,"endColumn":55},"tokenRange":{"beginToken":{"kind":94,"text":"ArgoGeneratorEventListener"},"endToken":{"kind":94,"text":"ArgoGeneratorEventListener"}},"name":{"!":"com.github.javaparser.ast.expr.SimpleName","range":{"beginLine":31,"beginColumn":30,"endLine":31,"endColumn":55},"tokenRange":{"beginToken":{"kind":94,"text":"ArgoGeneratorEventListener"},"endToken":{"kind":94,"text":"ArgoGeneratorEventListener"}},"identifier":"ArgoGeneratorEventListener"},"annotations":[]}}],"name":{"!":"com.github.javaparser.ast.expr.SimpleName","range":{"beginLine":30,"beginColumn":21,"endLine":30,"endColumn":44},"tokenRange":{"beginToken":{"kind":94,"text":"handleFireGeneratorEvent"},"endToken":{"kind":94,"text":"handleFireGeneratorEvent"}},"identifier":"handleFireGeneratorEvent"}}}]}}]}}]},"thenStmt":{"!":"com.github.javaparser.ast.stmt.BlockStmt","range":{"beginLine":3,"beginColumn":63,"endLine":12,"endColumn":9},"tokenRange":{"beginToken":{"kind":99,"text":"{"},"endToken":{"kind":100,"text":"}"}},"statements":[{"!":"com.github.javaparser.ast.stmt.IfStmt","range":{"beginLine":4,"beginColumn":13,"endLine":7,"endColumn":13},"tokenRange":{"beginToken":{"kind":34,"text":"if"},"endToken":{"kind":100,"text":"}"}},"condition":{"!":"com.github.javaparser.ast.expr.InstanceOfExpr","range":{"beginLine":4,"beginColumn":17,"endLine":4,"endColumn":59},"tokenRange":{"beginToken":{"kind":94,"text":"listener"},"endToken":{"kind":94,"text":"ArgoModuleEventListener"}},"expression":{"!":"com.github.javaparser.ast.expr.NameExpr","range":{"beginLine":4,"beginColumn":17,"endLine":4,"endColumn":24},"tokenRange":{"beginToken":{"kind":94,"text":"listener"},"endToken":{"kind":94,"text":"listener"}},"name":{"!":"com.github.javaparser.ast.expr.SimpleName","range":{"beginLine":4,"beginColumn":17,"endLine":4,"endColumn":24},"tokenRange":{"beginToken":{"kind":94,"text":"listener"},"endToken":{"kind":94,"text":"listener"}},"identifier":"listener"}},"type":{"!":"com.github.javaparser.ast.type.ClassOrInterfaceType","range":{"beginLine":4,"beginColumn":37,"endLine":4,"endColumn":59},"tokenRange":{"beginToken":{"kind":94,"text":"ArgoModuleEventListener"},"endToken":{"kind":94,"text":"ArgoModuleEventListener"}},"name":{"!":"com.github.javaparser.ast.expr.SimpleName","range":{"beginLine":4,"beginColumn":37,"endLine":4,"endColumn":59},"tokenRange":{"beginToken":{"kind":94,"text":"ArgoModuleEventListener"},"endToken":{"kind":94,"text":"ArgoModuleEventListener"}},"identifier":"ArgoModuleEventListener"},"annotations":[]}},"thenStmt":{"!":"com.github.javaparser.ast.stmt.BlockStmt","range":{"beginLine":4,"beginColumn":62,"endLine":7,"endColumn":13},"tokenRange":{"beginToken":{"kind":99,"text":"{"},"endToken":{"kind":100,"text":"}"}},"statements":[{"!":"com.github.javaparser.ast.stmt.ExpressionStmt","range":{"beginLine":5,"beginColumn":17,"endLine":6,"endColumn":46},"tokenRange":{"beginToken":{"kind":94,"text":"handleFireModuleEvent"},"endToken":{"kind":103,"text":";"}},"expression":{"!":"com.github.javaparser.ast.expr.MethodCallExpr","range":{"beginLine":5,"beginColumn":17,"endLine":6,"endColumn":45},"tokenRange":{"beginToken":{"kind":94,"text":"handleFireModuleEvent"},"endToken":{"kind":98,"text":")"}},"arguments":[{"!":"com.github.javaparser.ast.expr.CastExpr","range":{"beginLine":5,"beginColumn":39,"endLine":5,"endColumn":61},"tokenRange":{"beginToken":{"kind":97,"text":"("},"endToken":{"kind":94,"text":"event"}},"expression":{"!":"com.github.javaparser.ast.expr.NameExpr","range":{"beginLine":5,"beginColumn":57,"endLine":5,"endColumn":61},"tokenRange":{"beginToken":{"kind":94,"text":"event"},"endToken":{"kind":94,"text":"event"}},"name":{"!":"com.github.javaparser.ast.expr.SimpleName","range":{"beginLine":5,"beginColumn":57,"endLine":5,"endColumn":61},"tokenRange":{"beginToken":{"kind":94,"text":"event"},"endToken":{"kind":94,"text":"event"}},"identifier":"event"}},"type":{"!":"com.github.javaparser.ast.type.ClassOrInterfaceType","range":{"beginLine":5,"beginColumn":40,"endLine":5,"endColumn":54},"tokenRange":{"beginToken":{"kind":94,"text":"ArgoModuleEvent"},"endToken":{"kind":94,"text":"ArgoModuleEvent"}},"name":{"!":"com.github.javaparser.ast.expr.SimpleName","range":{"beginLine":5,"beginColumn":40,"endLine":5,"endColumn":54},"tokenRange":{"beginToken":{"kind":94,"text":"ArgoModuleEvent"},"endToken":{"kind":94,"text":"ArgoModuleEvent"}},"identifier":"ArgoModuleEvent"},"annotations":[]}},{"!":"com.github.javaparser.ast.expr.CastExpr","range":{"beginLine":6,"beginColumn":11,"endLine":6,"endColumn":44},"tokenRange":{"beginToken":{"kind":97,"text":"("},"endToken":{"kind":94,"text":"listener"}},"expression":{"!":"com.github.javaparser.ast.expr.NameExpr","range":{"beginLine":6,"beginColumn":37,"endLine":6,"endColumn":44},"tokenRange":{"beginToken":{"kind":94,"text":"listener"},"endToken":{"kind":94,"text":"listener"}},"name":{"!":"com.github.javaparser.ast.expr.SimpleName","range":{"beginLine":6,"beginColumn":37,"endLine":6,"endColumn":44},"tokenRange":{"beginToken":{"kind":94,"text":"listener"},"endToken":{"kind":94,"text":"listener"}},"identifier":"listener"}},"type":{"!":"com.github.javaparser.ast.type.ClassOrInterfaceType","range":{"beginLine":6,"beginColumn":12,"endLine":6,"endColumn":34},"tokenRange":{"beginToken":{"kind":94,"text":"ArgoModuleEventListener"},"endToken":{"kind":94,"text":"ArgoModuleEventListener"}},"name":{"!":"com.github.javaparser.ast.expr.SimpleName","range":{"beginLine":6,"beginColumn":12,"endLine":6,"endColumn":34},"tokenRange":{"beginToken":{"kind":94,"text":"ArgoModuleEventListener"},"endToken":{"kind":94,"text":"ArgoModuleEventListener"}},"identifier":"ArgoModuleEventListener"},"annotations":[]}}],"name":{"!":"com.github.javaparser.ast.expr.SimpleName","range":{"beginLine":5,"beginColumn":17,"endLine":5,"endColumn":37},"tokenRange":{"beginToken":{"kind":94,"text":"handleFireModuleEvent"},"endToken":{"kind":94,"text":"handleFireModuleEvent"}},"identifier":"handleFireModuleEvent"}}}]}},{"!":"com.github.javaparser.ast.stmt.IfStmt","range":{"beginLine":8,"beginColumn":13,"endLine":11,"endColumn":13},"tokenRange":{"beginToken":{"kind":34,"text":"if"},"endToken":{"kind":100,"text":"}"}},"condition":{"!":"com.github.javaparser.ast.expr.InstanceOfExpr","range":{"beginLine":8,"beginColumn":17,"endLine":8,"endColumn":61},"tokenRange":{"beginToken":{"kind":94,"text":"listener"},"endToken":{"kind":94,"text":"ArgoNotationEventListener"}},"expression":{"!":"com.github.javaparser.ast.expr.NameExpr","range":{"beginLine":8,"beginColumn":17,"endLine":8,"endColumn":24},"tokenRange":{"beginToken":{"kind":94,"text":"listener"},"endToken":{"kind":94,"text":"listener"}},"name":{"!":"com.github.javaparser.ast.expr.SimpleName","range":{"beginLine":8,"beginColumn":17,"endLine":8,"endColumn":24},"tokenRange":{"beginToken":{"kind":94,"text":"listener"},"endToken":{"kind":94,"text":"listener"}},"identifier":"listener"}},"type":{"!":"com.github.javaparser.ast.type.ClassOrInterfaceType","range":{"beginLine":8,"beginColumn":37,"endLine":8,"endColumn":61},"tokenRange":{"beginToken":{"kind":94,"text":"ArgoNotationEventListener"},"endToken":{"kind":94,"text":"ArgoNotationEventListener"}},"name":{"!":"com.github.javaparser.ast.expr.SimpleName","range":{"beginLine":8,"beginColumn":37,"endLine":8,"endColumn":61},"tokenRange":{"beginToken":{"kind":94,"text":"ArgoNotationEventListener"},"endToken":{"kind":94,"text":"ArgoNotationEventListener"}},"identifier":"ArgoNotationEventListener"},"annotations":[]}},"thenStmt":{"!":"com.github.javaparser.ast.stmt.BlockStmt","range":{"beginLine":8,"beginColumn":64,"endLine":11,"endColumn":13},"tokenRange":{"beginToken":{"kind":99,"text":"{"},"endToken":{"kind":100,"text":"}"}},"statements":[{"!":"com.github.javaparser.ast.stmt.ExpressionStmt","range":{"beginLine":9,"beginColumn":17,"endLine":10,"endColumn":43},"tokenRange":{"beginToken":{"kind":94,"text":"handleFireNotationEvent"},"endToken":{"kind":103,"text":";"}},"expression":{"!":"com.github.javaparser.ast.expr.MethodCallExpr","range":{"beginLine":9,"beginColumn":17,"endLine":10,"endColumn":42},"tokenRange":{"beginToken":{"kind":94,"text":"handleFireNotationEvent"},"endToken":{"kind":98,"text":")"}},"arguments":[{"!":"com.github.javaparser.ast.expr.CastExpr","range":{"beginLine":9,"beginColumn":41,"endLine":9,"endColumn":65},"tokenRange":{"beginToken":{"kind":97,"text":"("},"endToken":{"kind":94,"text":"event"}},"expression":{"!":"com.github.javaparser.ast.expr.NameExpr","range":{"beginLine":9,"beginColumn":61,"endLine":9,"endColumn":65},"tokenRange":{"beginToken":{"kind":94,"text":"event"},"endToken":{"kind":94,"text":"event"}},"name":{"!":"com.github.javaparser.ast.expr.SimpleName","range":{"beginLine":9,"beginColumn":61,"endLine":9,"endColumn":65},"tokenRange":{"beginToken":{"kind":94,"text":"event"},"endToken":{"kind":94,"text":"event"}},"identifier":"event"}},"type":{"!":"com.github.javaparser.ast.type.ClassOrInterfaceType","range":{"beginLine":9,"beginColumn":42,"endLine":9,"endColumn":58},"tokenRange":{"beginToken":{"kind":94,"text":"ArgoNotationEvent"},"endToken":{"kind":94,"text":"ArgoNotationEvent"}},"name":{"!":"com.github.javaparser.ast.expr.SimpleName","range":{"beginLine":9,"beginColumn":42,"endLine":9,"endColumn":58},"tokenRange":{"beginToken":{"kind":94,"text":"ArgoNotationEvent"},"endToken":{"kind":94,"text":"ArgoNotationEvent"}},"identifier":"ArgoNotationEvent"},"annotations":[]}},{"!":"com.github.javaparser.ast.expr.CastExpr","range":{"beginLine":10,"beginColumn":6,"endLine":10,"endColumn":41},"tokenRange":{"beginToken":{"kind":97,"text":"("},"endToken":{"kind":94,"text":"listener"}},"expression":{"!":"com.github.javaparser.ast.expr.NameExpr","range":{"beginLine":10,"beginColumn":34,"endLine":10,"endColumn":41},"tokenRange":{"beginToken":{"kind":94,"text":"listener"},"endToken":{"kind":94,"text":"listener"}},"name":{"!":"com.github.javaparser.ast.expr.SimpleName","range":{"beginLine":10,"beginColumn":34,"endLine":10,"endColumn":41},"tokenRange":{"beginToken":{"kind":94,"text":"listener"},"endToken":{"kind":94,"text":"listener"}},"identifier":"listener"}},"type":{"!":"com.github.javaparser.ast.type.ClassOrInterfaceType","range":{"beginLine":10,"beginColumn":7,"endLine":10,"endColumn":31},"tokenRange":{"beginToken":{"kind":94,"text":"ArgoNotationEventListener"},"endToken":{"kind":94,"text":"ArgoNotationEventListener"}},"name":{"!":"com.github.javaparser.ast.expr.SimpleName","range":{"beginLine":10,"beginColumn":7,"endLine":10,"endColumn":31},"tokenRange":{"beginToken":{"kind":94,"text":"ArgoNotationEventListener"},"endToken":{"kind":94,"text":"ArgoNotationEventListener"}},"identifier":"ArgoNotationEventListener"},"annotations":[]}}],"name":{"!":"com.github.javaparser.ast.expr.SimpleName","range":{"beginLine":9,"beginColumn":17,"endLine":9,"endColumn":39},"tokenRange":{"beginToken":{"kind":94,"text":"handleFireNotationEvent"},"endToken":{"kind":94,"text":"handleFireNotationEvent"}},"identifier":"handleFireNotationEvent"}}}]}}]}}]},"type":{"!":"com.github.javaparser.ast.type.VoidType","range":{"beginLine":2,"beginColumn":13,"endLine":2,"endColumn":16},"tokenRange":{"beginToken":{"kind":62,"text":"void"},"endToken":{"kind":62,"text":"void"}},"annotations":[]},"modifiers":[{"!":"com.github.javaparser.ast.Modifier","range":{"beginLine":2,"beginColumn":5,"endLine":2,"endColumn":11},"tokenRange":{"beginToken":{"kind":45,"text":"private"},"endToken":{"kind":45,"text":"private"}},"keyword":"PRIVATE"}],"name":{"!":"com.github.javaparser.ast.expr.SimpleName","range":{"beginLine":2,"beginColumn":18,"endLine":2,"endColumn":32},"tokenRange":{"beginToken":{"kind":94,"text":"handleFireEvent"},"endToken":{"kind":94,"text":"handleFireEvent"}},"identifier":"handleFireEvent"},"parameters":[{"!":"com.github.javaparser.ast.body.Parameter","range":{"beginLine":2,"beginColumn":34,"endLine":2,"endColumn":48},"tokenRange":{"beginToken":{"kind":94,"text":"ArgoEvent"},"endToken":{"kind":94,"text":"event"}},"annotations":[],"isVarArgs":"false","modifiers":[],"name":{"!":"com.github.javaparser.ast.expr.SimpleName","range":{"beginLine":2,"beginColumn":44,"endLine":2,"endColumn":48},"tokenRange":{"beginToken":{"kind":94,"text":"event"},"endToken":{"kind":94,"text":"event"}},"identifier":"event"},"type":{"!":"com.github.javaparser.ast.type.ClassOrInterfaceType","range":{"beginLine":2,"beginColumn":34,"endLine":2,"endColumn":42},"tokenRange":{"beginToken":{"kind":94,"text":"ArgoEvent"},"endToken":{"kind":94,"text":"ArgoEvent"}},"name":{"!":"com.github.javaparser.ast.expr.SimpleName","range":{"beginLine":2,"beginColumn":34,"endLine":2,"endColumn":42},"tokenRange":{"beginToken":{"kind":94,"text":"ArgoEvent"},"endToken":{"kind":94,"text":"ArgoEvent"}},"identifier":"ArgoEvent"},"annotations":[]},"varArgsAnnotations":[]},{"!":"com.github.javaparser.ast.body.Parameter","range":{"beginLine":2,"beginColumn":51,"endLine":2,"endColumn":76},"tokenRange":{"beginToken":{"kind":94,"text":"ArgoEventListener"},"endToken":{"kind":94,"text":"listener"}},"annotations":[],"isVarArgs":"false","modifiers":[],"name":{"!":"com.github.javaparser.ast.expr.SimpleName","range":{"beginLine":2,"beginColumn":69,"endLine":2,"endColumn":76},"tokenRange":{"beginToken":{"kind":94,"text":"listener"},"endToken":{"kind":94,"text":"listener"}},"identifier":"listener"},"type":{"!":"com.github.javaparser.ast.type.ClassOrInterfaceType","range":{"beginLine":2,"beginColumn":51,"endLine":2,"endColumn":67},"tokenRange":{"beginToken":{"kind":94,"text":"ArgoEventListener"},"endToken":{"kind":94,"text":"ArgoEventListener"}},"name":{"!":"com.github.javaparser.ast.expr.SimpleName","range":{"beginLine":2,"beginColumn":51,"endLine":2,"endColumn":67},"tokenRange":{"beginToken":{"kind":94,"text":"ArgoEventListener"},"endToken":{"kind":94,"text":"ArgoEventListener"}},"identifier":"ArgoEventListener"},"annotations":[]},"varArgsAnnotations":[]}],"thrownExceptions":[],"typeParameters":[],"annotations":[]}],"modifiers":[],"name":{"!":"com.github.javaparser.ast.expr.SimpleName","range":{"beginLine":1,"beginColumn":7,"endLine":1,"endColumn":10},"tokenRange":{"beginToken":{"kind":94,"text":"Test"},"endToken":{"kind":94,"text":"Test"}},"identifier":"Test"},"annotations":[]}]}