{"!":"com.github.javaparser.ast.CompilationUnit","range":{"beginLine":1,"beginColumn":1,"endLine":32,"endColumn":2},"tokenRange":{"beginToken":{"kind":19,"text":"class"},"endToken":{"kind":0,"text":""}},"imports":[],"types":[{"!":"com.github.javaparser.ast.body.ClassOrInterfaceDeclaration","range":{"beginLine":1,"beginColumn":1,"endLine":32,"endColumn":2},"tokenRange":{"beginToken":{"kind":19,"text":"class"},"endToken":{"kind":100,"text":"}"}},"extendedTypes":[],"implementedTypes":[],"isInterface":"false","typeParameters":[],"members":[{"!":"com.github.javaparser.ast.body.MethodDeclaration","range":{"beginLine":2,"beginColumn":2,"endLine":30,"endColumn":2},"tokenRange":{"beginToken":{"kind":107,"text":"@"},"endToken":{"kind":100,"text":"}"}},"body":{"!":"com.github.javaparser.ast.stmt.BlockStmt","range":{"beginLine":4,"beginColumn":45,"endLine":30,"endColumn":2},"tokenRange":{"beginToken":{"kind":99,"text":"{"},"endToken":{"kind":100,"text":"}"}},"statements":[{"!":"com.github.javaparser.ast.stmt.ExpressionStmt","range":{"beginLine":5,"beginColumn":3,"endLine":5,"endColumn":34},"tokenRange":{"beginToken":{"kind":29,"text":"final"},"endToken":{"kind":103,"text":";"}},"expression":{"!":"com.github.javaparser.ast.expr.VariableDeclarationExpr","range":{"beginLine":5,"beginColumn":3,"endLine":5,"endColumn":33},"tokenRange":{"beginToken":{"kind":29,"text":"final"},"endToken":{"kind":98,"text":")"}},"annotations":[],"modifiers":[{"!":"com.github.javaparser.ast.Modifier","range":{"beginLine":5,"beginColumn":3,"endLine":5,"endColumn":7},"tokenRange":{"beginToken":{"kind":29,"text":"final"},"endToken":{"kind":29,"text":"final"}},"keyword":"FINAL"}],"variables":[{"!":"com.github.javaparser.ast.body.VariableDeclarator","range":{"beginLine":5,"beginColumn":17,"endLine":5,"endColumn":33},"tokenRange":{"beginToken":{"kind":94,"text":"s"},"endToken":{"kind":98,"text":")"}},"initializer":{"!":"com.github.javaparser.ast.expr.MethodCallExpr","range":{"beginLine":5,"beginColumn":21,"endLine":5,"endColumn":33},"tokenRange":{"beginToken":{"kind":94,"text":"openSession"},"endToken":{"kind":98,"text":")"}},"arguments":[],"name":{"!":"com.github.javaparser.ast.expr.SimpleName","range":{"beginLine":5,"beginColumn":21,"endLine":5,"endColumn":31},"tokenRange":{"beginToken":{"kind":94,"text":"openSession"},"endToken":{"kind":94,"text":"openSession"}},"identifier":"openSession"}},"name":{"!":"com.github.javaparser.ast.expr.SimpleName","range":{"beginLine":5,"beginColumn":17,"endLine":5,"endColumn":17},"tokenRange":{"beginToken":{"kind":94,"text":"s"},"endToken":{"kind":94,"text":"s"}},"identifier":"s"},"type":{"!":"com.github.javaparser.ast.type.ClassOrInterfaceType","range":{"beginLine":5,"beginColumn":9,"endLine":5,"endColumn":15},"tokenRange":{"beginToken":{"kind":94,"text":"Session"},"endToken":{"kind":94,"text":"Session"}},"name":{"!":"com.github.javaparser.ast.expr.SimpleName","range":{"beginLine":5,"beginColumn":9,"endLine":5,"endColumn":15},"tokenRange":{"beginToken":{"kind":94,"text":"Session"},"endToken":{"kind":94,"text":"Session"}},"identifier":"Session"},"annotations":[]}}]}},{"!":"com.github.javaparser.ast.stmt.ExpressionStmt","range":{"beginLine":6,"beginColumn":3,"endLine":6,"endColumn":23},"tokenRange":{"beginToken":{"kind":94,"text":"s"},"endToken":{"kind":103,"text":";"}},"expression":{"!":"com.github.javaparser.ast.expr.MethodCallExpr","range":{"beginLine":6,"beginColumn":3,"endLine":6,"endColumn":22},"tokenRange":{"beginToken":{"kind":94,"text":"s"},"endToken":{"kind":98,"text":")"}},"arguments":[],"name":{"!":"com.github.javaparser.ast.expr.SimpleName","range":{"beginLine":6,"beginColumn":5,"endLine":6,"endColumn":20},"tokenRange":{"beginToken":{"kind":94,"text":"beginTransaction"},"endToken":{"kind":94,"text":"beginTransaction"}},"identifier":"beginTransaction"},"scope":{"!":"com.github.javaparser.ast.expr.NameExpr","range":{"beginLine":6,"beginColumn":3,"endLine":6,"endColumn":3},"tokenRange":{"beginToken":{"kind":94,"text":"s"},"endToken":{"kind":94,"text":"s"}},"name":{"!":"com.github.javaparser.ast.expr.SimpleName","range":{"beginLine":6,"beginColumn":3,"endLine":6,"endColumn":3},"tokenRange":{"beginToken":{"kind":94,"text":"s"},"endToken":{"kind":94,"text":"s"}},"identifier":"s"}}}},{"!":"com.github.javaparser.ast.stmt.ExpressionStmt","range":{"beginLine":7,"beginColumn":3,"endLine":7,"endColumn":22},"tokenRange":{"beginToken":{"kind":94,"text":"Foo"},"endToken":{"kind":103,"text":";"}},"expression":{"!":"com.github.javaparser.ast.expr.VariableDeclarationExpr","range":{"beginLine":7,"beginColumn":3,"endLine":7,"endColumn":21},"tokenRange":{"beginToken":{"kind":94,"text":"Foo"},"endToken":{"kind":98,"text":")"}},"annotations":[],"modifiers":[],"variables":[{"!":"com.github.javaparser.ast.body.VariableDeclarator","range":{"beginLine":7,"beginColumn":7,"endLine":7,"endColumn":21},"tokenRange":{"beginToken":{"kind":94,"text":"foo"},"endToken":{"kind":98,"text":")"}},"initializer":{"!":"com.github.javaparser.ast.expr.ObjectCreationExpr","range":{"beginLine":7,"beginColumn":13,"endLine":7,"endColumn":21},"tokenRange":{"beginToken":{"kind":42,"text":"new"},"endToken":{"kind":98,"text":")"}},"arguments":[],"type":{"!":"com.github.javaparser.ast.type.ClassOrInterfaceType","range":{"beginLine":7,"beginColumn":17,"endLine":7,"endColumn":19},"tokenRange":{"beginToken":{"kind":94,"text":"Foo"},"endToken":{"kind":94,"text":"Foo"}},"name":{"!":"com.github.javaparser.ast.expr.SimpleName","range":{"beginLine":7,"beginColumn":17,"endLine":7,"endColumn":19},"tokenRange":{"beginToken":{"kind":94,"text":"Foo"},"endToken":{"kind":94,"text":"Foo"}},"identifier":"Foo"},"annotations":[]}},"name":{"!":"com.github.javaparser.ast.expr.SimpleName","range":{"beginLine":7,"beginColumn":7,"endLine":7,"endColumn":9},"tokenRange":{"beginToken":{"kind":94,"text":"foo"},"endToken":{"kind":94,"text":"foo"}},"identifier":"foo"},"type":{"!":"com.github.javaparser.ast.type.ClassOrInterfaceType","range":{"beginLine":7,"beginColumn":3,"endLine":7,"endColumn":5},"tokenRange":{"beginToken":{"kind":94,"text":"Foo"},"endToken":{"kind":94,"text":"Foo"}},"name":{"!":"com.github.javaparser.ast.expr.SimpleName","range":{"beginLine":7,"beginColumn":3,"endLine":7,"endColumn":5},"tokenRange":{"beginToken":{"kind":94,"text":"Foo"},"endToken":{"kind":94,"text":"Foo"}},"identifier":"Foo"},"annotations":[]}}]}},{"!":"com.github.javaparser.ast.stmt.ExpressionStmt","range":{"beginLine":8,"beginColumn":3,"endLine":8,"endColumn":16},"tokenRange":{"beginToken":{"kind":94,"text":"s"},"endToken":{"kind":103,"text":";"}},"expression":{"!":"com.github.javaparser.ast.expr.MethodCallExpr","range":{"beginLine":8,"beginColumn":3,"endLine":8,"endColumn":15},"tokenRange":{"beginToken":{"kind":94,"text":"s"},"endToken":{"kind":98,"text":")"}},"arguments":[{"!":"com.github.javaparser.ast.expr.NameExpr","range":{"beginLine":8,"beginColumn":11,"endLine":8,"endColumn":13},"tokenRange":{"beginToken":{"kind":94,"text":"foo"},"endToken":{"kind":94,"text":"foo"}},"name":{"!":"com.github.javaparser.ast.expr.SimpleName","range":{"beginLine":8,"beginColumn":11,"endLine":8,"endColumn":13},"tokenRange":{"beginToken":{"kind":94,"text":"foo"},"endToken":{"kind":94,"text":"foo"}},"identifier":"foo"}}],"name":{"!":"com.github.javaparser.ast.expr.SimpleName","range":{"beginLine":8,"beginColumn":5,"endLine":8,"endColumn":8},"tokenRange":{"beginToken":{"kind":94,"text":"save"},"endToken":{"kind":94,"text":"save"}},"identifier":"save"},"scope":{"!":"com.github.javaparser.ast.expr.NameExpr","range":{"beginLine":8,"beginColumn":3,"endLine":8,"endColumn":3},"tokenRange":{"beginToken":{"kind":94,"text":"s"},"endToken":{"kind":94,"text":"s"}},"name":{"!":"com.github.javaparser.ast.expr.SimpleName","range":{"beginLine":8,"beginColumn":3,"endLine":8,"endColumn":3},"tokenRange":{"beginToken":{"kind":94,"text":"s"},"endToken":{"kind":94,"text":"s"}},"identifier":"s"}}}},{"!":"com.github.javaparser.ast.stmt.ExpressionStmt","range":{"beginLine":9,"beginColumn":3,"endLine":9,"endColumn":12},"tokenRange":{"beginToken":{"kind":94,"text":"s"},"endToken":{"kind":103,"text":";"}},"expression":{"!":"com.github.javaparser.ast.expr.MethodCallExpr","range":{"beginLine":9,"beginColumn":3,"endLine":9,"endColumn":11},"tokenRange":{"beginToken":{"kind":94,"text":"s"},"endToken":{"kind":98,"text":")"}},"arguments":[],"name":{"!":"com.github.javaparser.ast.expr.SimpleName","range":{"beginLine":9,"beginColumn":5,"endLine":9,"endColumn":9},"tokenRange":{"beginToken":{"kind":94,"text":"flush"},"endToken":{"kind":94,"text":"flush"}},"identifier":"flush"},"scope":{"!":"com.github.javaparser.ast.expr.NameExpr","range":{"beginLine":9,"beginColumn":3,"endLine":9,"endColumn":3},"tokenRange":{"beginToken":{"kind":94,"text":"s"},"endToken":{"kind":94,"text":"s"}},"name":{"!":"com.github.javaparser.ast.expr.SimpleName","range":{"beginLine":9,"beginColumn":3,"endLine":9,"endColumn":3},"tokenRange":{"beginToken":{"kind":94,"text":"s"},"endToken":{"kind":94,"text":"s"}},"identifier":"s"}}}},{"!":"com.github.javaparser.ast.stmt.ExpressionStmt","range":{"beginLine":10,"beginColumn":3,"endLine":19,"endColumn":4},"tokenRange":{"beginToken":{"kind":94,"text":"s"},"endToken":{"kind":103,"text":";"}},"expression":{"!":"com.github.javaparser.ast.expr.MethodCallExpr","range":{"beginLine":10,"beginColumn":3,"endLine":19,"endColumn":3},"tokenRange":{"beginToken":{"kind":94,"text":"s"},"endToken":{"kind":98,"text":")"}},"arguments":[{"!":"com.github.javaparser.ast.expr.ObjectCreationExpr","range":{"beginLine":11,"beginColumn":5,"endLine":18,"endColumn":5},"tokenRange":{"beginToken":{"kind":42,"text":"new"},"endToken":{"kind":100,"text":"}"}},"anonymousClassBody":[{"!":"com.github.javaparser.ast.body.MethodDeclaration","range":{"beginLine":12,"beginColumn":6,"endLine":17,"endColumn":6},"tokenRange":{"beginToken":{"kind":107,"text":"@"},"endToken":{"kind":100,"text":"}"}},"body":{"!":"com.github.javaparser.ast.stmt.BlockStmt","range":{"beginLine":13,"beginColumn":69,"endLine":17,"endColumn":6},"tokenRange":{"beginToken":{"kind":99,"text":"{"},"endToken":{"kind":100,"text":"}"}},"statements":[{"!":"com.github.javaparser.ast.stmt.ExpressionStmt","range":{"beginLine":14,"beginColumn":7,"endLine":14,"endColumn":119},"tokenRange":{"beginToken":{"kind":29,"text":"final"},"endToken":{"kind":103,"text":";"}},"expression":{"!":"com.github.javaparser.ast.expr.VariableDeclarationExpr","range":{"beginLine":14,"beginColumn":7,"endLine":14,"endColumn":118},"tokenRange":{"beginToken":{"kind":29,"text":"final"},"endToken":{"kind":90,"text":"\" set long_ = -3\""}},"annotations":[],"modifiers":[{"!":"com.github.javaparser.ast.Modifier","range":{"beginLine":14,"beginColumn":7,"endLine":14,"endColumn":11},"tokenRange":{"beginToken":{"kind":29,"text":"final"},"endToken":{"kind":29,"text":"final"}},"keyword":"FINAL"}],"variables":[{"!":"com.github.javaparser.ast.body.VariableDeclarator","range":{"beginLine":14,"beginColumn":20,"endLine":14,"endColumn":118},"tokenRange":{"beginToken":{"kind":94,"text":"sql"},"endToken":{"kind":90,"text":"\" set long_ = -3\""}},"initializer":{"!":"com.github.javaparser.ast.expr.BinaryExpr","range":{"beginLine":14,"beginColumn":26,"endLine":14,"endColumn":118},"tokenRange":{"beginToken":{"kind":90,"text":"\"update \""},"endToken":{"kind":90,"text":"\" set long_ = -3\""}},"left":{"!":"com.github.javaparser.ast.expr.BinaryExpr","range":{"beginLine":14,"beginColumn":26,"endLine":14,"endColumn":98},"tokenRange":{"beginToken":{"kind":90,"text":"\"update \""},"endToken":{"kind":98,"text":")"}},"left":{"!":"com.github.javaparser.ast.expr.BinaryExpr","range":{"beginLine":14,"beginColumn":26,"endLine":14,"endColumn":70},"tokenRange":{"beginToken":{"kind":90,"text":"\"update \""},"endToken":{"kind":90,"text":"\"foos\""}},"left":{"!":"com.github.javaparser.ast.expr.BinaryExpr","range":{"beginLine":14,"beginColumn":26,"endLine":14,"endColumn":61},"tokenRange":{"beginToken":{"kind":90,"text":"\"update \""},"endToken":{"kind":98,"text":")"}},"left":{"!":"com.github.javaparser.ast.expr.StringLiteralExpr","range":{"beginLine":14,"beginColumn":26,"endLine":14,"endColumn":34},"tokenRange":{"beginToken":{"kind":90,"text":"\"update \""},"endToken":{"kind":90,"text":"\"update \""}},"value":"update "},"operator":"PLUS","right":{"!":"com.github.javaparser.ast.expr.MethodCallExpr","range":{"beginLine":14,"beginColumn":38,"endLine":14,"endColumn":61},"tokenRange":{"beginToken":{"kind":94,"text":"getDialect"},"endToken":{"kind":98,"text":")"}},"arguments":[],"name":{"!":"com.github.javaparser.ast.expr.SimpleName","range":{"beginLine":14,"beginColumn":51,"endLine":14,"endColumn":59},"tokenRange":{"beginToken":{"kind":94,"text":"openQuote"},"endToken":{"kind":94,"text":"openQuote"}},"identifier":"openQuote"},"scope":{"!":"com.github.javaparser.ast.expr.MethodCallExpr","range":{"beginLine":14,"beginColumn":38,"endLine":14,"endColumn":49},"tokenRange":{"beginToken":{"kind":94,"text":"getDialect"},"endToken":{"kind":98,"text":")"}},"arguments":[],"name":{"!":"com.github.javaparser.ast.expr.SimpleName","range":{"beginLine":14,"beginColumn":38,"endLine":14,"endColumn":47},"tokenRange":{"beginToken":{"kind":94,"text":"getDialect"},"endToken":{"kind":94,"text":"getDialect"}},"identifier":"getDialect"}}}},"operator":"PLUS","right":{"!":"com.github.javaparser.ast.expr.StringLiteralExpr","range":{"beginLine":14,"beginColumn":65,"endLine":14,"endColumn":70},"tokenRange":{"beginToken":{"kind":90,"text":"\"foos\""},"endToken":{"kind":90,"text":"\"foos\""}},"value":"foos"}},"operator":"PLUS","right":{"!":"com.github.javaparser.ast.expr.MethodCallExpr","range":{"beginLine":14,"beginColumn":74,"endLine":14,"endColumn":98},"tokenRange":{"beginToken":{"kind":94,"text":"getDialect"},"endToken":{"kind":98,"text":")"}},"arguments":[],"name":{"!":"com.github.javaparser.ast.expr.SimpleName","range":{"beginLine":14,"beginColumn":87,"endLine":14,"endColumn":96},"tokenRange":{"beginToken":{"kind":94,"text":"closeQuote"},"endToken":{"kind":94,"text":"closeQuote"}},"identifier":"closeQuote"},"scope":{"!":"com.github.javaparser.ast.expr.MethodCallExpr","range":{"beginLine":14,"beginColumn":74,"endLine":14,"endColumn":85},"tokenRange":{"beginToken":{"kind":94,"text":"getDialect"},"endToken":{"kind":98,"text":")"}},"arguments":[],"name":{"!":"com.github.javaparser.ast.expr.SimpleName","range":{"beginLine":14,"beginColumn":74,"endLine":14,"endColumn":83},"tokenRange":{"beginToken":{"kind":94,"text":"getDialect"},"endToken":{"kind":94,"text":"getDialect"}},"identifier":"getDialect"}}}},"operator":"PLUS","right":{"!":"com.github.javaparser.ast.expr.StringLiteralExpr","range":{"beginLine":14,"beginColumn":102,"endLine":14,"endColumn":118},"tokenRange":{"beginToken":{"kind":90,"text":"\" set long_ = -3\""},"endToken":{"kind":90,"text":"\" set long_ = -3\""}},"value":" set long_ = -3"}},"name":{"!":"com.github.javaparser.ast.expr.SimpleName","range":{"beginLine":14,"beginColumn":20,"endLine":14,"endColumn":22},"tokenRange":{"beginToken":{"kind":94,"text":"sql"},"endToken":{"kind":94,"text":"sql"}},"identifier":"sql"},"type":{"!":"com.github.javaparser.ast.type.ClassOrInterfaceType","range":{"beginLine":14,"beginColumn":13,"endLine":14,"endColumn":18},"tokenRange":{"beginToken":{"kind":94,"text":"String"},"endToken":{"kind":94,"text":"String"}},"name":{"!":"com.github.javaparser.ast.expr.SimpleName","range":{"beginLine":14,"beginColumn":13,"endLine":14,"endColumn":18},"tokenRange":{"beginToken":{"kind":94,"text":"String"},"endToken":{"kind":94,"text":"String"}},"identifier":"String"},"annotations":[]}}]}},{"!":"com.github.javaparser.ast.stmt.ExpressionStmt","range":{"beginLine":15,"beginColumn":7,"endLine":15,"endColumn":50},"tokenRange":{"beginToken":{"kind":94,"text":"Statement"},"endToken":{"kind":103,"text":";"}},"expression":{"!":"com.github.javaparser.ast.expr.VariableDeclarationExpr","range":{"beginLine":15,"beginColumn":7,"endLine":15,"endColumn":49},"tokenRange":{"beginToken":{"kind":94,"text":"Statement"},"endToken":{"kind":98,"text":")"}},"annotations":[],"modifiers":[],"variables":[{"!":"com.github.javaparser.ast.body.VariableDeclarator","range":{"beginLine":15,"beginColumn":17,"endLine":15,"endColumn":49},"tokenRange":{"beginToken":{"kind":94,"text":"st"},"endToken":{"kind":98,"text":")"}},"initializer":{"!":"com.github.javaparser.ast.expr.MethodCallExpr","range":{"beginLine":15,"beginColumn":22,"endLine":15,"endColumn":49},"tokenRange":{"beginToken":{"kind":94,"text":"connection"},"endToken":{"kind":98,"text":")"}},"arguments":[],"name":{"!":"com.github.javaparser.ast.expr.SimpleName","range":{"beginLine":15,"beginColumn":33,"endLine":15,"endColumn":47},"tokenRange":{"beginToken":{"kind":94,"text":"createStatement"},"endToken":{"kind":94,"text":"createStatement"}},"identifier":"createStatement"},"scope":{"!":"com.github.javaparser.ast.expr.NameExpr","range":{"beginLine":15,"beginColumn":22,"endLine":15,"endColumn":31},"tokenRange":{"beginToken":{"kind":94,"text":"connection"},"endToken":{"kind":94,"text":"connection"}},"name":{"!":"com.github.javaparser.ast.expr.SimpleName","range":{"beginLine":15,"beginColumn":22,"endLine":15,"endColumn":31},"tokenRange":{"beginToken":{"kind":94,"text":"connection"},"endToken":{"kind":94,"text":"connection"}},"identifier":"connection"}}},"name":{"!":"com.github.javaparser.ast.expr.SimpleName","range":{"beginLine":15,"beginColumn":17,"endLine":15,"endColumn":18},"tokenRange":{"beginToken":{"kind":94,"text":"st"},"endToken":{"kind":94,"text":"st"}},"identifier":"st"},"type":{"!":"com.github.javaparser.ast.type.ClassOrInterfaceType","range":{"beginLine":15,"beginColumn":7,"endLine":15,"endColumn":15},"tokenRange":{"beginToken":{"kind":94,"text":"Statement"},"endToken":{"kind":94,"text":"Statement"}},"name":{"!":"com.github.javaparser.ast.expr.SimpleName","range":{"beginLine":15,"beginColumn":7,"endLine":15,"endColumn":15},"tokenRange":{"beginToken":{"kind":94,"text":"Statement"},"endToken":{"kind":94,"text":"Statement"}},"identifier":"Statement"},"annotations":[]}}]}},{"!":"com.github.javaparser.ast.stmt.ExpressionStmt","range":{"beginLine":16,"beginColumn":7,"endLine":16,"endColumn":30},"tokenRange":{"beginToken":{"kind":94,"text":"st"},"endToken":{"kind":103,"text":";"}},"expression":{"!":"com.github.javaparser.ast.expr.MethodCallExpr","range":{"beginLine":16,"beginColumn":7,"endLine":16,"endColumn":29},"tokenRange":{"beginToken":{"kind":94,"text":"st"},"endToken":{"kind":98,"text":")"}},"arguments":[{"!":"com.github.javaparser.ast.expr.NameExpr","range":{"beginLine":16,"beginColumn":25,"endLine":16,"endColumn":27},"tokenRange":{"beginToken":{"kind":94,"text":"sql"},"endToken":{"kind":94,"text":"sql"}},"name":{"!":"com.github.javaparser.ast.expr.SimpleName","range":{"beginLine":16,"beginColumn":25,"endLine":16,"endColumn":27},"tokenRange":{"beginToken":{"kind":94,"text":"sql"},"endToken":{"kind":94,"text":"sql"}},"identifier":"sql"}}],"name":{"!":"com.github.javaparser.ast.expr.SimpleName","range":{"beginLine":16,"beginColumn":10,"endLine":16,"endColumn":22},"tokenRange":{"beginToken":{"kind":94,"text":"executeUpdate"},"endToken":{"kind":94,"text":"executeUpdate"}},"identifier":"executeUpdate"},"scope":{"!":"com.github.javaparser.ast.expr.NameExpr","range":{"beginLine":16,"beginColumn":7,"endLine":16,"endColumn":8},"tokenRange":{"beginToken":{"kind":94,"text":"st"},"endToken":{"kind":94,"text":"st"}},"name":{"!":"com.github.javaparser.ast.expr.SimpleName","range":{"beginLine":16,"beginColumn":7,"endLine":16,"endColumn":8},"tokenRange":{"beginToken":{"kind":94,"text":"st"},"endToken":{"kind":94,"text":"st"}},"identifier":"st"}}}}]},"type":{"!":"com.github.javaparser.ast.type.VoidType","range":{"beginLine":13,"beginColumn":13,"endLine":13,"endColumn":16},"tokenRange":{"beginToken":{"kind":62,"text":"void"},"endToken":{"kind":62,"text":"void"}},"annotations":[]},"modifiers":[{"!":"com.github.javaparser.ast.Modifier","range":{"beginLine":13,"beginColumn":6,"endLine":13,"endColumn":11},"tokenRange":{"beginToken":{"kind":47,"text":"public"},"endToken":{"kind":47,"text":"public"}},"keyword":"PUBLIC"}],"name":{"!":"com.github.javaparser.ast.expr.SimpleName","range":{"beginLine":13,"beginColumn":18,"endLine":13,"endColumn":24},"tokenRange":{"beginToken":{"kind":94,"text":"execute"},"endToken":{"kind":94,"text":"execute"}},"identifier":"execute"},"parameters":[{"!":"com.github.javaparser.ast.body.Parameter","range":{"beginLine":13,"beginColumn":26,"endLine":13,"endColumn":46},"tokenRange":{"beginToken":{"kind":94,"text":"Connection"},"endToken":{"kind":94,"text":"connection"}},"annotations":[],"isVarArgs":"false","modifiers":[],"name":{"!":"com.github.javaparser.ast.expr.SimpleName","range":{"beginLine":13,"beginColumn":37,"endLine":13,"endColumn":46},"tokenRange":{"beginToken":{"kind":94,"text":"connection"},"endToken":{"kind":94,"text":"connection"}},"identifier":"connection"},"type":{"!":"com.github.javaparser.ast.type.ClassOrInterfaceType","range":{"beginLine":13,"beginColumn":26,"endLine":13,"endColumn":35},"tokenRange":{"beginToken":{"kind":94,"text":"Connection"},"endToken":{"kind":94,"text":"Connection"}},"name":{"!":"com.github.javaparser.ast.expr.SimpleName","range":{"beginLine":13,"beginColumn":26,"endLine":13,"endColumn":35},"tokenRange":{"beginToken":{"kind":94,"text":"Connection"},"endToken":{"kind":94,"text":"Connection"}},"identifier":"Connection"},"annotations":[]},"varArgsAnnotations":[]}],"thrownExceptions":[{"!":"com.github.javaparser.ast.type.ClassOrInterfaceType","range":{"beginLine":13,"beginColumn":56,"endLine":13,"endColumn":67},"tokenRange":{"beginToken":{"kind":94,"text":"SQLException"},"endToken":{"kind":94,"text":"SQLException"}},"name":{"!":"com.github.javaparser.ast.expr.SimpleName","range":{"beginLine":13,"beginColumn":56,"endLine":13,"endColumn":67},"tokenRange":{"beginToken":{"kind":94,"text":"SQLException"},"endToken":{"kind":94,"text":"SQLException"}},"identifier":"SQLException"},"annotations":[]}],"typeParameters":[],"annotations":[{"!":"com.github.javaparser.ast.expr.MarkerAnnotationExpr","range":{"beginLine":12,"beginColumn":6,"endLine":12,"endColumn":14},"tokenRange":{"beginToken":{"kind":107,"text":"@"},"endToken":{"kind":94,"text":"Override"}},"name":{"!":"com.github.javaparser.ast.expr.Name","range":{"beginLine":12,"beginColumn":7,"endLine":12,"endColumn":14},"tokenRange":{"beginToken":{"kind":94,"text":"Override"},"endToken":{"kind":94,"text":"Override"}},"identifier":"Override"}}]}],"arguments":[],"type":{"!":"com.github.javaparser.ast.type.ClassOrInterfaceType","range":{"beginLine":11,"beginColumn":9,"endLine":11,"endColumn":20},"tokenRange":{"beginToken":{"kind":94,"text":"AbstractWork"},"endToken":{"kind":94,"text":"AbstractWork"}},"name":{"!":"com.github.javaparser.ast.expr.SimpleName","range":{"beginLine":11,"beginColumn":9,"endLine":11,"endColumn":20},"tokenRange":{"beginToken":{"kind":94,"text":"AbstractWork"},"endToken":{"kind":94,"text":"AbstractWork"}},"identifier":"AbstractWork"},"annotations":[]}}],"name":{"!":"com.github.javaparser.ast.expr.SimpleName","range":{"beginLine":10,"beginColumn":5,"endLine":10,"endColumn":10},"tokenRange":{"beginToken":{"kind":94,"text":"doWork"},"endToken":{"kind":94,"text":"doWork"}},"identifier":"doWork"},"scope":{"!":"com.github.javaparser.ast.expr.NameExpr","range":{"beginLine":10,"beginColumn":3,"endLine":10,"endColumn":3},"tokenRange":{"beginToken":{"kind":94,"text":"s"},"endToken":{"kind":94,"text":"s"}},"name":{"!":"com.github.javaparser.ast.expr.SimpleName","range":{"beginLine":10,"beginColumn":3,"endLine":10,"endColumn":3},"tokenRange":{"beginToken":{"kind":94,"text":"s"},"endToken":{"kind":94,"text":"s"}},"identifier":"s"}}}},{"!":"com.github.javaparser.ast.stmt.ExpressionStmt","range":{"beginLine":20,"beginColumn":3,"endLine":20,"endColumn":17},"tokenRange":{"beginToken":{"kind":94,"text":"s"},"endToken":{"kind":103,"text":";"}},"expression":{"!":"com.github.javaparser.ast.expr.MethodCallExpr","range":{"beginLine":20,"beginColumn":3,"endLine":20,"endColumn":16},"tokenRange":{"beginToken":{"kind":94,"text":"s"},"endToken":{"kind":98,"text":")"}},"arguments":[{"!":"com.github.javaparser.ast.expr.NameExpr","range":{"beginLine":20,"beginColumn":13,"endLine":20,"endColumn":15},"tokenRange":{"beginToken":{"kind":94,"text":"foo"},"endToken":{"kind":94,"text":"foo"}},"name":{"!":"com.github.javaparser.ast.expr.SimpleName","range":{"beginLine":20,"beginColumn":13,"endLine":20,"endColumn":15},"tokenRange":{"beginToken":{"kind":94,"text":"foo"},"endToken":{"kind":94,"text":"foo"}},"identifier":"foo"}}],"name":{"!":"com.github.javaparser.ast.expr.SimpleName","range":{"beginLine":20,"beginColumn":5,"endLine":20,"endColumn":11},"tokenRange":{"beginToken":{"kind":94,"text":"refresh"},"endToken":{"kind":94,"text":"refresh"}},"identifier":"refresh"},"scope":{"!":"com.github.javaparser.ast.expr.NameExpr","range":{"beginLine":20,"beginColumn":3,"endLine":20,"endColumn":3},"tokenRange":{"beginToken":{"kind":94,"text":"s"},"endToken":{"kind":94,"text":"s"}},"name":{"!":"com.github.javaparser.ast.expr.SimpleName","range":{"beginLine":20,"beginColumn":3,"endLine":20,"endColumn":3},"tokenRange":{"beginToken":{"kind":94,"text":"s"},"endToken":{"kind":94,"text":"s"}},"identifier":"s"}}}},{"!":"com.github.javaparser.ast.stmt.ExpressionStmt","range":{"beginLine":21,"beginColumn":3,"endLine":21,"endColumn":53},"tokenRange":{"beginToken":{"kind":94,"text":"assertEquals"},"endToken":{"kind":103,"text":";"}},"expression":{"!":"com.github.javaparser.ast.expr.MethodCallExpr","range":{"beginLine":21,"beginColumn":3,"endLine":21,"endColumn":52},"tokenRange":{"beginToken":{"kind":94,"text":"assertEquals"},"endToken":{"kind":98,"text":")"}},"arguments":[{"!":"com.github.javaparser.ast.expr.MethodCallExpr","range":{"beginLine":21,"beginColumn":17,"endLine":21,"endColumn":35},"tokenRange":{"beginToken":{"kind":94,"text":"Long"},"endToken":{"kind":98,"text":")"}},"arguments":[{"!":"com.github.javaparser.ast.expr.UnaryExpr","range":{"beginLine":21,"beginColumn":31,"endLine":21,"endColumn":33},"tokenRange":{"beginToken":{"kind":125,"text":"-"},"endToken":{"kind":76,"text":"3l"}},"expression":{"!":"com.github.javaparser.ast.expr.LongLiteralExpr","range":{"beginLine":21,"beginColumn":32,"endLine":21,"endColumn":33},"tokenRange":{"beginToken":{"kind":76,"text":"3l"},"endToken":{"kind":76,"text":"3l"}},"value":"3l"},"operator":"MINUS"}],"name":{"!":"com.github.javaparser.ast.expr.SimpleName","range":{"beginLine":21,"beginColumn":22,"endLine":21,"endColumn":28},"tokenRange":{"beginToken":{"kind":94,"text":"valueOf"},"endToken":{"kind":94,"text":"valueOf"}},"identifier":"valueOf"},"scope":{"!":"com.github.javaparser.ast.expr.NameExpr","range":{"beginLine":21,"beginColumn":17,"endLine":21,"endColumn":20},"tokenRange":{"beginToken":{"kind":94,"text":"Long"},"endToken":{"kind":94,"text":"Long"}},"name":{"!":"com.github.javaparser.ast.expr.SimpleName","range":{"beginLine":21,"beginColumn":17,"endLine":21,"endColumn":20},"tokenRange":{"beginToken":{"kind":94,"text":"Long"},"endToken":{"kind":94,"text":"Long"}},"identifier":"Long"}}},{"!":"com.github.javaparser.ast.expr.MethodCallExpr","range":{"beginLine":21,"beginColumn":38,"endLine":21,"endColumn":50},"tokenRange":{"beginToken":{"kind":94,"text":"foo"},"endToken":{"kind":98,"text":")"}},"arguments":[],"name":{"!":"com.github.javaparser.ast.expr.SimpleName","range":{"beginLine":21,"beginColumn":42,"endLine":21,"endColumn":48},"tokenRange":{"beginToken":{"kind":94,"text":"getLong"},"endToken":{"kind":94,"text":"getLong"}},"identifier":"getLong"},"scope":{"!":"com.github.javaparser.ast.expr.NameExpr","range":{"beginLine":21,"beginColumn":38,"endLine":21,"endColumn":40},"tokenRange":{"beginToken":{"kind":94,"text":"foo"},"endToken":{"kind":94,"text":"foo"}},"name":{"!":"com.github.javaparser.ast.expr.SimpleName","range":{"beginLine":21,"beginColumn":38,"endLine":21,"endColumn":40},"tokenRange":{"beginToken":{"kind":94,"text":"foo"},"endToken":{"kind":94,"text":"foo"}},"identifier":"foo"}}}],"name":{"!":"com.github.javaparser.ast.expr.SimpleName","range":{"beginLine":21,"beginColumn":3,"endLine":21,"endColumn":14},"tokenRange":{"beginToken":{"kind":94,"text":"assertEquals"},"endToken":{"kind":94,"text":"assertEquals"}},"identifier":"assertEquals"}}},{"!":"com.github.javaparser.ast.stmt.ExpressionStmt","range":{"beginLine":22,"beginColumn":3,"endLine":22,"endColumn":61},"tokenRange":{"beginToken":{"kind":94,"text":"assertEquals"},"endToken":{"kind":103,"text":";"}},"expression":{"!":"com.github.javaparser.ast.expr.MethodCallExpr","range":{"beginLine":22,"beginColumn":3,"endLine":22,"endColumn":60},"tokenRange":{"beginToken":{"kind":94,"text":"assertEquals"},"endToken":{"kind":98,"text":")"}},"arguments":[{"!":"com.github.javaparser.ast.expr.FieldAccessExpr","range":{"beginLine":22,"beginColumn":17,"endLine":22,"endColumn":29},"tokenRange":{"beginToken":{"kind":94,"text":"LockMode"},"endToken":{"kind":94,"text":"READ"}},"name":{"!":"com.github.javaparser.ast.expr.SimpleName","range":{"beginLine":22,"beginColumn":26,"endLine":22,"endColumn":29},"tokenRange":{"beginToken":{"kind":94,"text":"READ"},"endToken":{"kind":94,"text":"READ"}},"identifier":"READ"},"scope":{"!":"com.github.javaparser.ast.expr.NameExpr","range":{"beginLine":22,"beginColumn":17,"endLine":22,"endColumn":24},"tokenRange":{"beginToken":{"kind":94,"text":"LockMode"},"endToken":{"kind":94,"text":"LockMode"}},"name":{"!":"com.github.javaparser.ast.expr.SimpleName","range":{"beginLine":22,"beginColumn":17,"endLine":22,"endColumn":24},"tokenRange":{"beginToken":{"kind":94,"text":"LockMode"},"endToken":{"kind":94,"text":"LockMode"}},"identifier":"LockMode"}}},{"!":"com.github.javaparser.ast.expr.MethodCallExpr","range":{"beginLine":22,"beginColumn":32,"endLine":22,"endColumn":58},"tokenRange":{"beginToken":{"kind":94,"text":"s"},"endToken":{"kind":98,"text":")"}},"arguments":[{"!":"com.github.javaparser.ast.expr.NameExpr","range":{"beginLine":22,"beginColumn":54,"endLine":22,"endColumn":56},"tokenRange":{"beginToken":{"kind":94,"text":"foo"},"endToken":{"kind":94,"text":"foo"}},"name":{"!":"com.github.javaparser.ast.expr.SimpleName","range":{"beginLine":22,"beginColumn":54,"endLine":22,"endColumn":56},"tokenRange":{"beginToken":{"kind":94,"text":"foo"},"endToken":{"kind":94,"text":"foo"}},"identifier":"foo"}}],"name":{"!":"com.github.javaparser.ast.expr.SimpleName","range":{"beginLine":22,"beginColumn":34,"endLine":22,"endColumn":51},"tokenRange":{"beginToken":{"kind":94,"text":"getCurrentLockMode"},"endToken":{"kind":94,"text":"getCurrentLockMode"}},"identifier":"getCurrentLockMode"},"scope":{"!":"com.github.javaparser.ast.expr.NameExpr","range":{"beginLine":22,"beginColumn":32,"endLine":22,"endColumn":32},"tokenRange":{"beginToken":{"kind":94,"text":"s"},"endToken":{"kind":94,"text":"s"}},"name":{"!":"com.github.javaparser.ast.expr.SimpleName","range":{"beginLine":22,"beginColumn":32,"endLine":22,"endColumn":32},"tokenRange":{"beginToken":{"kind":94,"text":"s"},"endToken":{"kind":94,"text":"s"}},"identifier":"s"}}}],"name":{"!":"com.github.javaparser.ast.expr.SimpleName","range":{"beginLine":22,"beginColumn":3,"endLine":22,"endColumn":14},"tokenRange":{"beginToken":{"kind":94,"text":"assertEquals"},"endToken":{"kind":94,"text":"assertEquals"}},"identifier":"assertEquals"}}},{"!":"com.github.javaparser.ast.stmt.ExpressionStmt","range":{"beginLine":23,"beginColumn":3,"endLine":23,"endColumn":35},"tokenRange":{"beginToken":{"kind":94,"text":"s"},"endToken":{"kind":103,"text":";"}},"expression":{"!":"com.github.javaparser.ast.expr.MethodCallExpr","range":{"beginLine":23,"beginColumn":3,"endLine":23,"endColumn":34},"tokenRange":{"beginToken":{"kind":94,"text":"s"},"endToken":{"kind":98,"text":")"}},"arguments":[{"!":"com.github.javaparser.ast.expr.NameExpr","range":{"beginLine":23,"beginColumn":13,"endLine":23,"endColumn":15},"tokenRange":{"beginToken":{"kind":94,"text":"foo"},"endToken":{"kind":94,"text":"foo"}},"name":{"!":"com.github.javaparser.ast.expr.SimpleName","range":{"beginLine":23,"beginColumn":13,"endLine":23,"endColumn":15},"tokenRange":{"beginToken":{"kind":94,"text":"foo"},"endToken":{"kind":94,"text":"foo"}},"identifier":"foo"}},{"!":"com.github.javaparser.ast.expr.FieldAccessExpr","range":{"beginLine":23,"beginColumn":18,"endLine":23,"endColumn":33},"tokenRange":{"beginToken":{"kind":94,"text":"LockMode"},"endToken":{"kind":94,"text":"UPGRADE"}},"name":{"!":"com.github.javaparser.ast.expr.SimpleName","range":{"beginLine":23,"beginColumn":27,"endLine":23,"endColumn":33},"tokenRange":{"beginToken":{"kind":94,"text":"UPGRADE"},"endToken":{"kind":94,"text":"UPGRADE"}},"identifier":"UPGRADE"},"scope":{"!":"com.github.javaparser.ast.expr.NameExpr","range":{"beginLine":23,"beginColumn":18,"endLine":23,"endColumn":25},"tokenRange":{"beginToken":{"kind":94,"text":"LockMode"},"endToken":{"kind":94,"text":"LockMode"}},"name":{"!":"com.github.javaparser.ast.expr.SimpleName","range":{"beginLine":23,"beginColumn":18,"endLine":23,"endColumn":25},"tokenRange":{"beginToken":{"kind":94,"text":"LockMode"},"endToken":{"kind":94,"text":"LockMode"}},"identifier":"LockMode"}}}],"name":{"!":"com.github.javaparser.ast.expr.SimpleName","range":{"beginLine":23,"beginColumn":5,"endLine":23,"endColumn":11},"tokenRange":{"beginToken":{"kind":94,"text":"refresh"},"endToken":{"kind":94,"text":"refresh"}},"identifier":"refresh"},"scope":{"!":"com.github.javaparser.ast.expr.NameExpr","range":{"beginLine":23,"beginColumn":3,"endLine":23,"endColumn":3},"tokenRange":{"beginToken":{"kind":94,"text":"s"},"endToken":{"kind":94,"text":"s"}},"name":{"!":"com.github.javaparser.ast.expr.SimpleName","range":{"beginLine":23,"beginColumn":3,"endLine":23,"endColumn":3},"tokenRange":{"beginToken":{"kind":94,"text":"s"},"endToken":{"kind":94,"text":"s"}},"identifier":"s"}}}},{"!":"com.github.javaparser.ast.stmt.IfStmt","range":{"beginLine":24,"beginColumn":3,"endLine":26,"endColumn":3},"tokenRange":{"beginToken":{"kind":34,"text":"if"},"endToken":{"kind":100,"text":"}"}},"condition":{"!":"com.github.javaparser.ast.expr.MethodCallExpr","range":{"beginLine":24,"beginColumn":8,"endLine":24,"endColumn":48},"tokenRange":{"beginToken":{"kind":94,"text":"getDialect"},"endToken":{"kind":98,"text":")"}},"arguments":[],"name":{"!":"com.github.javaparser.ast.expr.SimpleName","range":{"beginLine":24,"beginColumn":21,"endLine":24,"endColumn":46},"tokenRange":{"beginToken":{"kind":94,"text":"supportsOuterJoinForUpdate"},"endToken":{"kind":94,"text":"supportsOuterJoinForUpdate"}},"identifier":"supportsOuterJoinForUpdate"},"scope":{"!":"com.github.javaparser.ast.expr.MethodCallExpr","range":{"beginLine":24,"beginColumn":8,"endLine":24,"endColumn":19},"tokenRange":{"beginToken":{"kind":94,"text":"getDialect"},"endToken":{"kind":98,"text":")"}},"arguments":[],"name":{"!":"com.github.javaparser.ast.expr.SimpleName","range":{"beginLine":24,"beginColumn":8,"endLine":24,"endColumn":17},"tokenRange":{"beginToken":{"kind":94,"text":"getDialect"},"endToken":{"kind":94,"text":"getDialect"}},"identifier":"getDialect"}}},"thenStmt":{"!":"com.github.javaparser.ast.stmt.BlockStmt","range":{"beginLine":24,"beginColumn":52,"endLine":26,"endColumn":3},"tokenRange":{"beginToken":{"kind":99,"text":"{"},"endToken":{"kind":100,"text":"}"}},"statements":[{"!":"com.github.javaparser.ast.stmt.ExpressionStmt","range":{"beginLine":25,"beginColumn":4,"endLine":25,"endColumn":65},"tokenRange":{"beginToken":{"kind":94,"text":"assertEquals"},"endToken":{"kind":103,"text":";"}},"expression":{"!":"com.github.javaparser.ast.expr.MethodCallExpr","range":{"beginLine":25,"beginColumn":4,"endLine":25,"endColumn":64},"tokenRange":{"beginToken":{"kind":94,"text":"assertEquals"},"endToken":{"kind":98,"text":")"}},"arguments":[{"!":"com.github.javaparser.ast.expr.FieldAccessExpr","range":{"beginLine":25,"beginColumn":18,"endLine":25,"endColumn":33},"tokenRange":{"beginToken":{"kind":94,"text":"LockMode"},"endToken":{"kind":94,"text":"UPGRADE"}},"name":{"!":"com.github.javaparser.ast.expr.SimpleName","range":{"beginLine":25,"beginColumn":27,"endLine":25,"endColumn":33},"tokenRange":{"beginToken":{"kind":94,"text":"UPGRADE"},"endToken":{"kind":94,"text":"UPGRADE"}},"identifier":"UPGRADE"},"scope":{"!":"com.github.javaparser.ast.expr.NameExpr","range":{"beginLine":25,"beginColumn":18,"endLine":25,"endColumn":25},"tokenRange":{"beginToken":{"kind":94,"text":"LockMode"},"endToken":{"kind":94,"text":"LockMode"}},"name":{"!":"com.github.javaparser.ast.expr.SimpleName","range":{"beginLine":25,"beginColumn":18,"endLine":25,"endColumn":25},"tokenRange":{"beginToken":{"kind":94,"text":"LockMode"},"endToken":{"kind":94,"text":"LockMode"}},"identifier":"LockMode"}}},{"!":"com.github.javaparser.ast.expr.MethodCallExpr","range":{"beginLine":25,"beginColumn":36,"endLine":25,"endColumn":62},"tokenRange":{"beginToken":{"kind":94,"text":"s"},"endToken":{"kind":98,"text":")"}},"arguments":[{"!":"com.github.javaparser.ast.expr.NameExpr","range":{"beginLine":25,"beginColumn":58,"endLine":25,"endColumn":60},"tokenRange":{"beginToken":{"kind":94,"text":"foo"},"endToken":{"kind":94,"text":"foo"}},"name":{"!":"com.github.javaparser.ast.expr.SimpleName","range":{"beginLine":25,"beginColumn":58,"endLine":25,"endColumn":60},"tokenRange":{"beginToken":{"kind":94,"text":"foo"},"endToken":{"kind":94,"text":"foo"}},"identifier":"foo"}}],"name":{"!":"com.github.javaparser.ast.expr.SimpleName","range":{"beginLine":25,"beginColumn":38,"endLine":25,"endColumn":55},"tokenRange":{"beginToken":{"kind":94,"text":"getCurrentLockMode"},"endToken":{"kind":94,"text":"getCurrentLockMode"}},"identifier":"getCurrentLockMode"},"scope":{"!":"com.github.javaparser.ast.expr.NameExpr","range":{"beginLine":25,"beginColumn":36,"endLine":25,"endColumn":36},"tokenRange":{"beginToken":{"kind":94,"text":"s"},"endToken":{"kind":94,"text":"s"}},"name":{"!":"com.github.javaparser.ast.expr.SimpleName","range":{"beginLine":25,"beginColumn":36,"endLine":25,"endColumn":36},"tokenRange":{"beginToken":{"kind":94,"text":"s"},"endToken":{"kind":94,"text":"s"}},"identifier":"s"}}}],"name":{"!":"com.github.javaparser.ast.expr.SimpleName","range":{"beginLine":25,"beginColumn":4,"endLine":25,"endColumn":15},"tokenRange":{"beginToken":{"kind":94,"text":"assertEquals"},"endToken":{"kind":94,"text":"assertEquals"}},"identifier":"assertEquals"}}}]}},{"!":"com.github.javaparser.ast.stmt.ExpressionStmt","range":{"beginLine":27,"beginColumn":3,"endLine":27,"endColumn":16},"tokenRange":{"beginToken":{"kind":94,"text":"s"},"endToken":{"kind":103,"text":";"}},"expression":{"!":"com.github.javaparser.ast.expr.MethodCallExpr","range":{"beginLine":27,"beginColumn":3,"endLine":27,"endColumn":15},"tokenRange":{"beginToken":{"kind":94,"text":"s"},"endToken":{"kind":98,"text":")"}},"arguments":[{"!":"com.github.javaparser.ast.expr.NameExpr","range":{"beginLine":27,"beginColumn":12,"endLine":27,"endColumn":14},"tokenRange":{"beginToken":{"kind":94,"text":"foo"},"endToken":{"kind":94,"text":"foo"}},"name":{"!":"com.github.javaparser.ast.expr.SimpleName","range":{"beginLine":27,"beginColumn":12,"endLine":27,"endColumn":14},"tokenRange":{"beginToken":{"kind":94,"text":"foo"},"endToken":{"kind":94,"text":"foo"}},"identifier":"foo"}}],"name":{"!":"com.github.javaparser.ast.expr.SimpleName","range":{"beginLine":27,"beginColumn":5,"endLine":27,"endColumn":10},"tokenRange":{"beginToken":{"kind":94,"text":"delete"},"endToken":{"kind":94,"text":"delete"}},"identifier":"delete"},"scope":{"!":"com.github.javaparser.ast.expr.NameExpr","range":{"beginLine":27,"beginColumn":3,"endLine":27,"endColumn":3},"tokenRange":{"beginToken":{"kind":94,"text":"s"},"endToken":{"kind":94,"text":"s"}},"name":{"!":"com.github.javaparser.ast.expr.SimpleName","range":{"beginLine":27,"beginColumn":3,"endLine":27,"endColumn":3},"tokenRange":{"beginToken":{"kind":94,"text":"s"},"endToken":{"kind":94,"text":"s"}},"identifier":"s"}}}},{"!":"com.github.javaparser.ast.stmt.ExpressionStmt","range":{"beginLine":28,"beginColumn":3,"endLine":28,"endColumn":30},"tokenRange":{"beginToken":{"kind":94,"text":"s"},"endToken":{"kind":103,"text":";"}},"expression":{"!":"com.github.javaparser.ast.expr.MethodCallExpr","range":{"beginLine":28,"beginColumn":3,"endLine":28,"endColumn":29},"tokenRange":{"beginToken":{"kind":94,"text":"s"},"endToken":{"kind":98,"text":")"}},"arguments":[],"name":{"!":"com.github.javaparser.ast.expr.SimpleName","range":{"beginLine":28,"beginColumn":22,"endLine":28,"endColumn":27},"tokenRange":{"beginToken":{"kind":94,"text":"commit"},"endToken":{"kind":94,"text":"commit"}},"identifier":"commit"},"scope":{"!":"com.github.javaparser.ast.expr.MethodCallExpr","range":{"beginLine":28,"beginColumn":3,"endLine":28,"endColumn":20},"tokenRange":{"beginToken":{"kind":94,"text":"s"},"endToken":{"kind":98,"text":")"}},"arguments":[],"name":{"!":"com.github.javaparser.ast.expr.SimpleName","range":{"beginLine":28,"beginColumn":5,"endLine":28,"endColumn":18},"tokenRange":{"beginToken":{"kind":94,"text":"getTransaction"},"endToken":{"kind":94,"text":"getTransaction"}},"identifier":"getTransaction"},"scope":{"!":"com.github.javaparser.ast.expr.NameExpr","range":{"beginLine":28,"beginColumn":3,"endLine":28,"endColumn":3},"tokenRange":{"beginToken":{"kind":94,"text":"s"},"endToken":{"kind":94,"text":"s"}},"name":{"!":"com.github.javaparser.ast.expr.SimpleName","range":{"beginLine":28,"beginColumn":3,"endLine":28,"endColumn":3},"tokenRange":{"beginToken":{"kind":94,"text":"s"},"endToken":{"kind":94,"text":"s"}},"identifier":"s"}}}}},{"!":"com.github.javaparser.ast.stmt.ExpressionStmt","range":{"beginLine":29,"beginColumn":3,"endLine":29,"endColumn":12},"tokenRange":{"beginToken":{"kind":94,"text":"s"},"endToken":{"kind":103,"text":";"}},"expression":{"!":"com.github.javaparser.ast.expr.MethodCallExpr","range":{"beginLine":29,"beginColumn":3,"endLine":29,"endColumn":11},"tokenRange":{"beginToken":{"kind":94,"text":"s"},"endToken":{"kind":98,"text":")"}},"arguments":[],"name":{"!":"com.github.javaparser.ast.expr.SimpleName","range":{"beginLine":29,"beginColumn":5,"endLine":29,"endColumn":9},"tokenRange":{"beginToken":{"kind":94,"text":"close"},"endToken":{"kind":94,"text":"close"}},"identifier":"close"},"scope":{"!":"com.github.javaparser.ast.expr.NameExpr","range":{"beginLine":29,"beginColumn":3,"endLine":29,"endColumn":3},"tokenRange":{"beginToken":{"kind":94,"text":"s"},"endToken":{"kind":94,"text":"s"}},"name":{"!":"com.github.javaparser.ast.expr.SimpleName","range":{"beginLine":29,"beginColumn":3,"endLine":29,"endColumn":3},"tokenRange":{"beginToken":{"kind":94,"text":"s"},"endToken":{"kind":94,"text":"s"}},"identifier":"s"}}}}]},"type":{"!":"com.github.javaparser.ast.type.VoidType","range":{"beginLine":4,"beginColumn":9,"endLine":4,"endColumn":12},"tokenRange":{"beginToken":{"kind":62,"text":"void"},"endToken":{"kind":62,"text":"void"}},"annotations":[]},"modifiers":[{"!":"com.github.javaparser.ast.Modifier","range":{"beginLine":4,"beginColumn":2,"endLine":4,"endColumn":7},"tokenRange":{"beginToken":{"kind":47,"text":"public"},"endToken":{"kind":47,"text":"public"}},"keyword":"PUBLIC"}],"name":{"!":"com.github.javaparser.ast.expr.SimpleName","range":{"beginLine":4,"beginColumn":14,"endLine":4,"endColumn":24},"tokenRange":{"beginToken":{"kind":94,"text":"testRefresh"},"endToken":{"kind":94,"text":"testRefresh"}},"identifier":"testRefresh"},"parameters":[],"thrownExceptions":[{"!":"com.github.javaparser.ast.type.ClassOrInterfaceType","range":{"beginLine":4,"beginColumn":35,"endLine":4,"endColumn":43},"tokenRange":{"beginToken":{"kind":94,"text":"Exception"},"endToken":{"kind":94,"text":"Exception"}},"name":{"!":"com.github.javaparser.ast.expr.SimpleName","range":{"beginLine":4,"beginColumn":35,"endLine":4,"endColumn":43},"tokenRange":{"beginToken":{"kind":94,"text":"Exception"},"endToken":{"kind":94,"text":"Exception"}},"identifier":"Exception"},"annotations":[]}],"typeParameters":[],"annotations":[{"!":"com.github.javaparser.ast.expr.NormalAnnotationExpr","range":{"beginLine":2,"beginColumn":2,"endLine":2,"endColumn":205},"tokenRange":{"beginToken":{"kind":107,"text":"@"},"endToken":{"kind":98,"text":")"}},"pairs":[{"!":"com.github.javaparser.ast.expr.MemberValuePair","range":{"beginLine":2,"beginColumn":18,"endLine":2,"endColumn":50},"tokenRange":{"beginToken":{"kind":94,"text":"value"},"endToken":{"kind":19,"text":"class"}},"name":{"!":"com.github.javaparser.ast.expr.SimpleName","range":{"beginLine":2,"beginColumn":18,"endLine":2,"endColumn":22},"tokenRange":{"beginToken":{"kind":94,"text":"value"},"endToken":{"kind":94,"text":"value"}},"identifier":"value"},"value":{"!":"com.github.javaparser.ast.expr.ClassExpr","range":{"beginLine":2,"beginColumn":26,"endLine":2,"endColumn":50},"tokenRange":{"beginToken":{"kind":94,"text":"AbstractHANADialect"},"endToken":{"kind":19,"text":"class"}},"type":{"!":"com.github.javaparser.ast.type.ClassOrInterfaceType","range":{"beginLine":2,"beginColumn":26,"endLine":2,"endColumn":44},"tokenRange":{"beginToken":{"kind":94,"text":"AbstractHANADialect"},"endToken":{"kind":94,"text":"AbstractHANADialect"}},"name":{"!":"com.github.javaparser.ast.expr.SimpleName","range":{"beginLine":2,"beginColumn":26,"endLine":2,"endColumn":44},"tokenRange":{"beginToken":{"kind":94,"text":"AbstractHANADialect"},"endToken":{"kind":94,"text":"AbstractHANADialect"}},"identifier":"AbstractHANADialect"},"annotations":[]}}},{"!":"com.github.javaparser.ast.expr.MemberValuePair","range":{"beginLine":2,"beginColumn":53,"endLine":2,"endColumn":204},"tokenRange":{"beginToken":{"kind":94,"text":"comment"},"endToken":{"kind":90,"text":"\"HANA currently requires specifying table name by 'FOR UPDATE of t1.c1' if there are more than one tables/views/subqueries in the FROM clause\""}},"name":{"!":"com.github.javaparser.ast.expr.SimpleName","range":{"beginLine":2,"beginColumn":53,"endLine":2,"endColumn":59},"tokenRange":{"beginToken":{"kind":94,"text":"comment"},"endToken":{"kind":94,"text":"comment"}},"identifier":"comment"},"value":{"!":"com.github.javaparser.ast.expr.StringLiteralExpr","range":{"beginLine":2,"beginColumn":63,"endLine":2,"endColumn":204},"tokenRange":{"beginToken":{"kind":90,"text":"\"HANA currently requires specifying table name by 'FOR UPDATE of t1.c1' if there are more than one tables/views/subqueries in the FROM clause\""},"endToken":{"kind":90,"text":"\"HANA currently requires specifying table name by 'FOR UPDATE of t1.c1' if there are more than one tables/views/subqueries in the FROM clause\""}},"value":"HANA currently requires specifying table name by 'FOR UPDATE of t1.c1' if there are more than one tables/views/subqueries in the FROM clause"}}],"name":{"!":"com.github.javaparser.ast.expr.Name","range":{"beginLine":2,"beginColumn":3,"endLine":2,"endColumn":16},"tokenRange":{"beginToken":{"kind":94,"text":"SkipForDialect"},"endToken":{"kind":94,"text":"SkipForDialect"}},"identifier":"SkipForDialect"}},{"!":"com.github.javaparser.ast.expr.MarkerAnnotationExpr","range":{"beginLine":3,"beginColumn":2,"endLine":3,"endColumn":6},"tokenRange":{"beginToken":{"kind":107,"text":"@"},"endToken":{"kind":94,"text":"Test"}},"name":{"!":"com.github.javaparser.ast.expr.Name","range":{"beginLine":3,"beginColumn":3,"endLine":3,"endColumn":6},"tokenRange":{"beginToken":{"kind":94,"text":"Test"},"endToken":{"kind":94,"text":"Test"}},"identifier":"Test"}}]}],"modifiers":[],"name":{"!":"com.github.javaparser.ast.expr.SimpleName","range":{"beginLine":1,"beginColumn":7,"endLine":1,"endColumn":10},"tokenRange":{"beginToken":{"kind":94,"text":"Test"},"endToken":{"kind":94,"text":"Test"}},"identifier":"Test"},"annotations":[]}]}