{"!":"com.github.javaparser.ast.CompilationUnit","range":{"beginLine":1,"beginColumn":1,"endLine":33,"endColumn":2},"tokenRange":{"beginToken":{"kind":19,"text":"class"},"endToken":{"kind":0,"text":""}},"imports":[],"types":[{"!":"com.github.javaparser.ast.body.ClassOrInterfaceDeclaration","range":{"beginLine":1,"beginColumn":1,"endLine":33,"endColumn":2},"tokenRange":{"beginToken":{"kind":19,"text":"class"},"endToken":{"kind":100,"text":"}"}},"extendedTypes":[],"implementedTypes":[],"isInterface":"false","typeParameters":[],"members":[{"!":"com.github.javaparser.ast.body.MethodDeclaration","range":{"beginLine":2,"beginColumn":2,"endLine":31,"endColumn":2},"tokenRange":{"beginToken":{"kind":107,"text":"@"},"endToken":{"kind":100,"text":"}"}},"body":{"!":"com.github.javaparser.ast.stmt.BlockStmt","range":{"beginLine":3,"beginColumn":31,"endLine":31,"endColumn":2},"tokenRange":{"beginToken":{"kind":99,"text":"{"},"endToken":{"kind":100,"text":"}"}},"statements":[{"!":"com.github.javaparser.ast.stmt.ExpressionStmt","range":{"beginLine":4,"beginColumn":3,"endLine":4,"endColumn":61},"tokenRange":{"beginToken":{"kind":29,"text":"final"},"endToken":{"kind":103,"text":";"}},"expression":{"!":"com.github.javaparser.ast.expr.VariableDeclarationExpr","range":{"beginLine":4,"beginColumn":3,"endLine":4,"endColumn":60},"tokenRange":{"beginToken":{"kind":29,"text":"final"},"endToken":{"kind":98,"text":")"}},"annotations":[],"modifiers":[{"!":"com.github.javaparser.ast.Modifier","range":{"beginLine":4,"beginColumn":3,"endLine":4,"endColumn":7},"tokenRange":{"beginToken":{"kind":29,"text":"final"},"endToken":{"kind":29,"text":"final"}},"keyword":"FINAL"}],"variables":[{"!":"com.github.javaparser.ast.body.VariableDeclarator","range":{"beginLine":4,"beginColumn":26,"endLine":4,"endColumn":60},"tokenRange":{"beginToken":{"kind":94,"text":"ternaryMap"},"endToken":{"kind":98,"text":")"}},"initializer":{"!":"com.github.javaparser.ast.expr.ObjectCreationExpr","range":{"beginLine":4,"beginColumn":39,"endLine":4,"endColumn":60},"tokenRange":{"beginToken":{"kind":42,"text":"new"},"endToken":{"kind":98,"text":")"}},"arguments":[],"type":{"!":"com.github.javaparser.ast.type.ClassOrInterfaceType","range":{"beginLine":4,"beginColumn":43,"endLine":4,"endColumn":58},"tokenRange":{"beginToken":{"kind":94,"text":"TernaryMapEntity"},"endToken":{"kind":94,"text":"TernaryMapEntity"}},"name":{"!":"com.github.javaparser.ast.expr.SimpleName","range":{"beginLine":4,"beginColumn":43,"endLine":4,"endColumn":58},"tokenRange":{"beginToken":{"kind":94,"text":"TernaryMapEntity"},"endToken":{"kind":94,"text":"TernaryMapEntity"}},"identifier":"TernaryMapEntity"},"annotations":[]}},"name":{"!":"com.github.javaparser.ast.expr.SimpleName","range":{"beginLine":4,"beginColumn":26,"endLine":4,"endColumn":35},"tokenRange":{"beginToken":{"kind":94,"text":"ternaryMap"},"endToken":{"kind":94,"text":"ternaryMap"}},"identifier":"ternaryMap"},"type":{"!":"com.github.javaparser.ast.type.ClassOrInterfaceType","range":{"beginLine":4,"beginColumn":9,"endLine":4,"endColumn":24},"tokenRange":{"beginToken":{"kind":94,"text":"TernaryMapEntity"},"endToken":{"kind":94,"text":"TernaryMapEntity"}},"name":{"!":"com.github.javaparser.ast.expr.SimpleName","range":{"beginLine":4,"beginColumn":9,"endLine":4,"endColumn":24},"tokenRange":{"beginToken":{"kind":94,"text":"TernaryMapEntity"},"endToken":{"kind":94,"text":"TernaryMapEntity"}},"identifier":"TernaryMapEntity"},"annotations":[]}}]}},{"!":"com.github.javaparser.ast.stmt.ExpressionStmt","range":{"beginLine":5,"beginColumn":3,"endLine":5,"endColumn":35},"tokenRange":{"beginToken":{"kind":94,"text":"ternaryMap"},"endToken":{"kind":103,"text":";"}},"expression":{"!":"com.github.javaparser.ast.expr.MethodCallExpr","range":{"beginLine":5,"beginColumn":3,"endLine":5,"endColumn":34},"tokenRange":{"beginToken":{"kind":94,"text":"ternaryMap"},"endToken":{"kind":98,"text":")"}},"arguments":[{"!":"com.github.javaparser.ast.expr.NameExpr","range":{"beginLine":5,"beginColumn":21,"endLine":5,"endColumn":32},"tokenRange":{"beginToken":{"kind":94,"text":"ternaryMapId"},"endToken":{"kind":94,"text":"ternaryMapId"}},"name":{"!":"com.github.javaparser.ast.expr.SimpleName","range":{"beginLine":5,"beginColumn":21,"endLine":5,"endColumn":32},"tokenRange":{"beginToken":{"kind":94,"text":"ternaryMapId"},"endToken":{"kind":94,"text":"ternaryMapId"}},"identifier":"ternaryMapId"}}],"name":{"!":"com.github.javaparser.ast.expr.SimpleName","range":{"beginLine":5,"beginColumn":14,"endLine":5,"endColumn":18},"tokenRange":{"beginToken":{"kind":94,"text":"setId"},"endToken":{"kind":94,"text":"setId"}},"identifier":"setId"},"scope":{"!":"com.github.javaparser.ast.expr.NameExpr","range":{"beginLine":5,"beginColumn":3,"endLine":5,"endColumn":12},"tokenRange":{"beginToken":{"kind":94,"text":"ternaryMap"},"endToken":{"kind":94,"text":"ternaryMap"}},"name":{"!":"com.github.javaparser.ast.expr.SimpleName","range":{"beginLine":5,"beginColumn":3,"endLine":5,"endColumn":12},"tokenRange":{"beginToken":{"kind":94,"text":"ternaryMap"},"endToken":{"kind":94,"text":"ternaryMap"}},"identifier":"ternaryMap"}}}},{"!":"com.github.javaparser.ast.stmt.ExpressionStmt","range":{"beginLine":6,"beginColumn":3,"endLine":6,"endColumn":55},"tokenRange":{"beginToken":{"kind":94,"text":"ternaryMap"},"endToken":{"kind":103,"text":";"}},"expression":{"!":"com.github.javaparser.ast.expr.MethodCallExpr","range":{"beginLine":6,"beginColumn":3,"endLine":6,"endColumn":54},"tokenRange":{"beginToken":{"kind":94,"text":"ternaryMap"},"endToken":{"kind":98,"text":")"}},"arguments":[{"!":"com.github.javaparser.ast.expr.NameExpr","range":{"beginLine":6,"beginColumn":28,"endLine":6,"endColumn":37},"tokenRange":{"beginToken":{"kind":94,"text":"intEntity1"},"endToken":{"kind":94,"text":"intEntity1"}},"name":{"!":"com.github.javaparser.ast.expr.SimpleName","range":{"beginLine":6,"beginColumn":28,"endLine":6,"endColumn":37},"tokenRange":{"beginToken":{"kind":94,"text":"intEntity1"},"endToken":{"kind":94,"text":"intEntity1"}},"identifier":"intEntity1"}},{"!":"com.github.javaparser.ast.expr.NameExpr","range":{"beginLine":6,"beginColumn":40,"endLine":6,"endColumn":52},"tokenRange":{"beginToken":{"kind":94,"text":"stringEntity1"},"endToken":{"kind":94,"text":"stringEntity1"}},"name":{"!":"com.github.javaparser.ast.expr.SimpleName","range":{"beginLine":6,"beginColumn":40,"endLine":6,"endColumn":52},"tokenRange":{"beginToken":{"kind":94,"text":"stringEntity1"},"endToken":{"kind":94,"text":"stringEntity1"}},"identifier":"stringEntity1"}}],"name":{"!":"com.github.javaparser.ast.expr.SimpleName","range":{"beginLine":6,"beginColumn":23,"endLine":6,"endColumn":25},"tokenRange":{"beginToken":{"kind":94,"text":"put"},"endToken":{"kind":94,"text":"put"}},"identifier":"put"},"scope":{"!":"com.github.javaparser.ast.expr.MethodCallExpr","range":{"beginLine":6,"beginColumn":3,"endLine":6,"endColumn":21},"tokenRange":{"beginToken":{"kind":94,"text":"ternaryMap"},"endToken":{"kind":98,"text":")"}},"arguments":[],"name":{"!":"com.github.javaparser.ast.expr.SimpleName","range":{"beginLine":6,"beginColumn":14,"endLine":6,"endColumn":19},"tokenRange":{"beginToken":{"kind":94,"text":"getMap"},"endToken":{"kind":94,"text":"getMap"}},"identifier":"getMap"},"scope":{"!":"com.github.javaparser.ast.expr.NameExpr","range":{"beginLine":6,"beginColumn":3,"endLine":6,"endColumn":12},"tokenRange":{"beginToken":{"kind":94,"text":"ternaryMap"},"endToken":{"kind":94,"text":"ternaryMap"}},"name":{"!":"com.github.javaparser.ast.expr.SimpleName","range":{"beginLine":6,"beginColumn":3,"endLine":6,"endColumn":12},"tokenRange":{"beginToken":{"kind":94,"text":"ternaryMap"},"endToken":{"kind":94,"text":"ternaryMap"}},"identifier":"ternaryMap"}}}}},{"!":"com.github.javaparser.ast.stmt.ExpressionStmt","range":{"beginLine":7,"beginColumn":3,"endLine":7,"endColumn":142},"tokenRange":{"beginToken":{"kind":94,"text":"ternaryMap"},"endToken":{"kind":103,"text":";"}},"expression":{"!":"com.github.javaparser.ast.expr.MethodCallExpr","range":{"beginLine":7,"beginColumn":3,"endLine":7,"endColumn":141},"tokenRange":{"beginToken":{"kind":94,"text":"ternaryMap"},"endToken":{"kind":98,"text":")"}},"arguments":[{"!":"com.github.javaparser.ast.expr.ObjectCreationExpr","range":{"beginLine":7,"beginColumn":28,"endLine":7,"endColumn":76},"tokenRange":{"beginToken":{"kind":42,"text":"new"},"endToken":{"kind":98,"text":")"}},"arguments":[{"!":"com.github.javaparser.ast.expr.IntegerLiteralExpr","range":{"beginLine":7,"beginColumn":54,"endLine":7,"endColumn":54},"tokenRange":{"beginToken":{"kind":77,"text":"2"},"endToken":{"kind":77,"text":"2"}},"value":"2"},{"!":"com.github.javaparser.ast.expr.MethodCallExpr","range":{"beginLine":7,"beginColumn":57,"endLine":7,"endColumn":74},"tokenRange":{"beginToken":{"kind":94,"text":"intEntity2"},"endToken":{"kind":98,"text":")"}},"arguments":[],"name":{"!":"com.github.javaparser.ast.expr.SimpleName","range":{"beginLine":7,"beginColumn":68,"endLine":7,"endColumn":72},"tokenRange":{"beginToken":{"kind":94,"text":"getId"},"endToken":{"kind":94,"text":"getId"}},"identifier":"getId"},"scope":{"!":"com.github.javaparser.ast.expr.NameExpr","range":{"beginLine":7,"beginColumn":57,"endLine":7,"endColumn":66},"tokenRange":{"beginToken":{"kind":94,"text":"intEntity2"},"endToken":{"kind":94,"text":"intEntity2"}},"name":{"!":"com.github.javaparser.ast.expr.SimpleName","range":{"beginLine":7,"beginColumn":57,"endLine":7,"endColumn":66},"tokenRange":{"beginToken":{"kind":94,"text":"intEntity2"},"endToken":{"kind":94,"text":"intEntity2"}},"identifier":"intEntity2"}}}],"type":{"!":"com.github.javaparser.ast.type.ClassOrInterfaceType","range":{"beginLine":7,"beginColumn":32,"endLine":7,"endColumn":51},"tokenRange":{"beginToken":{"kind":94,"text":"IntTestPrivSeqEntity"},"endToken":{"kind":94,"text":"IntTestPrivSeqEntity"}},"name":{"!":"com.github.javaparser.ast.expr.SimpleName","range":{"beginLine":7,"beginColumn":32,"endLine":7,"endColumn":51},"tokenRange":{"beginToken":{"kind":94,"text":"IntTestPrivSeqEntity"},"endToken":{"kind":94,"text":"IntTestPrivSeqEntity"}},"identifier":"IntTestPrivSeqEntity"},"annotations":[]}},{"!":"com.github.javaparser.ast.expr.ObjectCreationExpr","range":{"beginLine":7,"beginColumn":80,"endLine":7,"endColumn":139},"tokenRange":{"beginToken":{"kind":42,"text":"new"},"endToken":{"kind":98,"text":")"}},"arguments":[{"!":"com.github.javaparser.ast.expr.StringLiteralExpr","range":{"beginLine":7,"beginColumn":106,"endLine":7,"endColumn":114},"tokenRange":{"beginToken":{"kind":90,"text":"\"Value 2\""},"endToken":{"kind":90,"text":"\"Value 2\""}},"value":"Value 2"},{"!":"com.github.javaparser.ast.expr.MethodCallExpr","range":{"beginLine":7,"beginColumn":117,"endLine":7,"endColumn":137},"tokenRange":{"beginToken":{"kind":94,"text":"stringEntity2"},"endToken":{"kind":98,"text":")"}},"arguments":[],"name":{"!":"com.github.javaparser.ast.expr.SimpleName","range":{"beginLine":7,"beginColumn":131,"endLine":7,"endColumn":135},"tokenRange":{"beginToken":{"kind":94,"text":"getId"},"endToken":{"kind":94,"text":"getId"}},"identifier":"getId"},"scope":{"!":"com.github.javaparser.ast.expr.NameExpr","range":{"beginLine":7,"beginColumn":117,"endLine":7,"endColumn":129},"tokenRange":{"beginToken":{"kind":94,"text":"stringEntity2"},"endToken":{"kind":94,"text":"stringEntity2"}},"name":{"!":"com.github.javaparser.ast.expr.SimpleName","range":{"beginLine":7,"beginColumn":117,"endLine":7,"endColumn":129},"tokenRange":{"beginToken":{"kind":94,"text":"stringEntity2"},"endToken":{"kind":94,"text":"stringEntity2"}},"identifier":"stringEntity2"}}}],"type":{"!":"com.github.javaparser.ast.type.ClassOrInterfaceType","range":{"beginLine":7,"beginColumn":84,"endLine":7,"endColumn":103},"tokenRange":{"beginToken":{"kind":94,"text":"StrTestPrivSeqEntity"},"endToken":{"kind":94,"text":"StrTestPrivSeqEntity"}},"name":{"!":"com.github.javaparser.ast.expr.SimpleName","range":{"beginLine":7,"beginColumn":84,"endLine":7,"endColumn":103},"tokenRange":{"beginToken":{"kind":94,"text":"StrTestPrivSeqEntity"},"endToken":{"kind":94,"text":"StrTestPrivSeqEntity"}},"identifier":"StrTestPrivSeqEntity"},"annotations":[]}}],"name":{"!":"com.github.javaparser.ast.expr.SimpleName","range":{"beginLine":7,"beginColumn":23,"endLine":7,"endColumn":25},"tokenRange":{"beginToken":{"kind":94,"text":"put"},"endToken":{"kind":94,"text":"put"}},"identifier":"put"},"scope":{"!":"com.github.javaparser.ast.expr.MethodCallExpr","range":{"beginLine":7,"beginColumn":3,"endLine":7,"endColumn":21},"tokenRange":{"beginToken":{"kind":94,"text":"ternaryMap"},"endToken":{"kind":98,"text":")"}},"arguments":[],"name":{"!":"com.github.javaparser.ast.expr.SimpleName","range":{"beginLine":7,"beginColumn":14,"endLine":7,"endColumn":19},"tokenRange":{"beginToken":{"kind":94,"text":"getMap"},"endToken":{"kind":94,"text":"getMap"}},"identifier":"getMap"},"scope":{"!":"com.github.javaparser.ast.expr.NameExpr","range":{"beginLine":7,"beginColumn":3,"endLine":7,"endColumn":12},"tokenRange":{"beginToken":{"kind":94,"text":"ternaryMap"},"endToken":{"kind":94,"text":"ternaryMap"}},"name":{"!":"com.github.javaparser.ast.expr.SimpleName","range":{"beginLine":7,"beginColumn":3,"endLine":7,"endColumn":12},"tokenRange":{"beginToken":{"kind":94,"text":"ternaryMap"},"endToken":{"kind":94,"text":"ternaryMap"}},"identifier":"ternaryMap"}}}}},{"!":"com.github.javaparser.ast.stmt.ExpressionStmt","range":{"beginLine":9,"beginColumn":3,"endLine":9,"endColumn":94},"tokenRange":{"beginToken":{"kind":94,"text":"TernaryMapEntity"},"endToken":{"kind":103,"text":";"}},"expression":{"!":"com.github.javaparser.ast.expr.VariableDeclarationExpr","range":{"beginLine":9,"beginColumn":3,"endLine":9,"endColumn":93},"tokenRange":{"beginToken":{"kind":94,"text":"TernaryMapEntity"},"endToken":{"kind":98,"text":")"}},"annotations":[],"modifiers":[],"variables":[{"!":"com.github.javaparser.ast.body.VariableDeclarator","range":{"beginLine":9,"beginColumn":20,"endLine":9,"endColumn":93},"tokenRange":{"beginToken":{"kind":94,"text":"entity"},"endToken":{"kind":98,"text":")"}},"initializer":{"!":"com.github.javaparser.ast.expr.MethodCallExpr","range":{"beginLine":9,"beginColumn":29,"endLine":9,"endColumn":93},"tokenRange":{"beginToken":{"kind":94,"text":"getAuditReader"},"endToken":{"kind":98,"text":")"}},"arguments":[{"!":"com.github.javaparser.ast.expr.ClassExpr","range":{"beginLine":9,"beginColumn":52,"endLine":9,"endColumn":73},"tokenRange":{"beginToken":{"kind":94,"text":"TernaryMapEntity"},"endToken":{"kind":19,"text":"class"}},"type":{"!":"com.github.javaparser.ast.type.ClassOrInterfaceType","range":{"beginLine":9,"beginColumn":52,"endLine":9,"endColumn":67},"tokenRange":{"beginToken":{"kind":94,"text":"TernaryMapEntity"},"endToken":{"kind":94,"text":"TernaryMapEntity"}},"name":{"!":"com.github.javaparser.ast.expr.SimpleName","range":{"beginLine":9,"beginColumn":52,"endLine":9,"endColumn":67},"tokenRange":{"beginToken":{"kind":94,"text":"TernaryMapEntity"},"endToken":{"kind":94,"text":"TernaryMapEntity"}},"identifier":"TernaryMapEntity"},"annotations":[]}},{"!":"com.github.javaparser.ast.expr.NameExpr","range":{"beginLine":9,"beginColumn":76,"endLine":9,"endColumn":87},"tokenRange":{"beginToken":{"kind":94,"text":"ternaryMapId"},"endToken":{"kind":94,"text":"ternaryMapId"}},"name":{"!":"com.github.javaparser.ast.expr.SimpleName","range":{"beginLine":9,"beginColumn":76,"endLine":9,"endColumn":87},"tokenRange":{"beginToken":{"kind":94,"text":"ternaryMapId"},"endToken":{"kind":94,"text":"ternaryMapId"}},"identifier":"ternaryMapId"}},{"!":"com.github.javaparser.ast.expr.IntegerLiteralExpr","range":{"beginLine":9,"beginColumn":90,"endLine":9,"endColumn":91},"tokenRange":{"beginToken":{"kind":77,"text":"15"},"endToken":{"kind":77,"text":"15"}},"value":"15"}],"name":{"!":"com.github.javaparser.ast.expr.SimpleName","range":{"beginLine":9,"beginColumn":46,"endLine":9,"endColumn":49},"tokenRange":{"beginToken":{"kind":94,"text":"find"},"endToken":{"kind":94,"text":"find"}},"identifier":"find"},"scope":{"!":"com.github.javaparser.ast.expr.MethodCallExpr","range":{"beginLine":9,"beginColumn":29,"endLine":9,"endColumn":44},"tokenRange":{"beginToken":{"kind":94,"text":"getAuditReader"},"endToken":{"kind":98,"text":")"}},"arguments":[],"name":{"!":"com.github.javaparser.ast.expr.SimpleName","range":{"beginLine":9,"beginColumn":29,"endLine":9,"endColumn":42},"tokenRange":{"beginToken":{"kind":94,"text":"getAuditReader"},"endToken":{"kind":94,"text":"getAuditReader"}},"identifier":"getAuditReader"}}},"name":{"!":"com.github.javaparser.ast.expr.SimpleName","range":{"beginLine":9,"beginColumn":20,"endLine":9,"endColumn":25},"tokenRange":{"beginToken":{"kind":94,"text":"entity"},"endToken":{"kind":94,"text":"entity"}},"identifier":"entity"},"type":{"!":"com.github.javaparser.ast.type.ClassOrInterfaceType","range":{"beginLine":9,"beginColumn":3,"endLine":9,"endColumn":18},"tokenRange":{"beginToken":{"kind":94,"text":"TernaryMapEntity"},"endToken":{"kind":94,"text":"TernaryMapEntity"}},"name":{"!":"com.github.javaparser.ast.expr.SimpleName","range":{"beginLine":9,"beginColumn":3,"endLine":9,"endColumn":18},"tokenRange":{"beginToken":{"kind":94,"text":"TernaryMapEntity"},"endToken":{"kind":94,"text":"TernaryMapEntity"}},"identifier":"TernaryMapEntity"},"annotations":[]}}]}},{"!":"com.github.javaparser.ast.stmt.ExpressionStmt","range":{"beginLine":11,"beginColumn":3,"endLine":11,"endColumn":62},"tokenRange":{"beginToken":{"kind":94,"text":"Assert"},"endToken":{"kind":103,"text":";"}},"expression":{"!":"com.github.javaparser.ast.expr.MethodCallExpr","range":{"beginLine":11,"beginColumn":3,"endLine":11,"endColumn":61},"tokenRange":{"beginToken":{"kind":94,"text":"Assert"},"endToken":{"kind":98,"text":")"}},"arguments":[{"!":"com.github.javaparser.ast.expr.MethodCallExpr","range":{"beginLine":11,"beginColumn":24,"endLine":11,"endColumn":42},"tokenRange":{"beginToken":{"kind":94,"text":"ternaryMap"},"endToken":{"kind":98,"text":")"}},"arguments":[],"name":{"!":"com.github.javaparser.ast.expr.SimpleName","range":{"beginLine":11,"beginColumn":35,"endLine":11,"endColumn":40},"tokenRange":{"beginToken":{"kind":94,"text":"getMap"},"endToken":{"kind":94,"text":"getMap"}},"identifier":"getMap"},"scope":{"!":"com.github.javaparser.ast.expr.NameExpr","range":{"beginLine":11,"beginColumn":24,"endLine":11,"endColumn":33},"tokenRange":{"beginToken":{"kind":94,"text":"ternaryMap"},"endToken":{"kind":94,"text":"ternaryMap"}},"name":{"!":"com.github.javaparser.ast.expr.SimpleName","range":{"beginLine":11,"beginColumn":24,"endLine":11,"endColumn":33},"tokenRange":{"beginToken":{"kind":94,"text":"ternaryMap"},"endToken":{"kind":94,"text":"ternaryMap"}},"identifier":"ternaryMap"}}},{"!":"com.github.javaparser.ast.expr.MethodCallExpr","range":{"beginLine":11,"beginColumn":45,"endLine":11,"endColumn":59},"tokenRange":{"beginToken":{"kind":94,"text":"entity"},"endToken":{"kind":98,"text":")"}},"arguments":[],"name":{"!":"com.github.javaparser.ast.expr.SimpleName","range":{"beginLine":11,"beginColumn":52,"endLine":11,"endColumn":57},"tokenRange":{"beginToken":{"kind":94,"text":"getMap"},"endToken":{"kind":94,"text":"getMap"}},"identifier":"getMap"},"scope":{"!":"com.github.javaparser.ast.expr.NameExpr","range":{"beginLine":11,"beginColumn":45,"endLine":11,"endColumn":50},"tokenRange":{"beginToken":{"kind":94,"text":"entity"},"endToken":{"kind":94,"text":"entity"}},"name":{"!":"com.github.javaparser.ast.expr.SimpleName","range":{"beginLine":11,"beginColumn":45,"endLine":11,"endColumn":50},"tokenRange":{"beginToken":{"kind":94,"text":"entity"},"endToken":{"kind":94,"text":"entity"}},"identifier":"entity"}}}],"name":{"!":"com.github.javaparser.ast.expr.SimpleName","range":{"beginLine":11,"beginColumn":10,"endLine":11,"endColumn":21},"tokenRange":{"beginToken":{"kind":94,"text":"assertEquals"},"endToken":{"kind":94,"text":"assertEquals"}},"identifier":"assertEquals"},"scope":{"!":"com.github.javaparser.ast.expr.NameExpr","range":{"beginLine":11,"beginColumn":3,"endLine":11,"endColumn":8},"tokenRange":{"beginToken":{"kind":94,"text":"Assert"},"endToken":{"kind":94,"text":"Assert"}},"name":{"!":"com.github.javaparser.ast.expr.SimpleName","range":{"beginLine":11,"beginColumn":3,"endLine":11,"endColumn":8},"tokenRange":{"beginToken":{"kind":94,"text":"Assert"},"endToken":{"kind":94,"text":"Assert"}},"identifier":"Assert"}}}},{"!":"com.github.javaparser.ast.stmt.ExpressionStmt","range":{"beginLine":13,"beginColumn":3,"endLine":13,"endColumn":30},"tokenRange":{"beginToken":{"kind":94,"text":"ternaryMap"},"endToken":{"kind":103,"text":";"}},"expression":{"!":"com.github.javaparser.ast.expr.MethodCallExpr","range":{"beginLine":13,"beginColumn":3,"endLine":13,"endColumn":29},"tokenRange":{"beginToken":{"kind":94,"text":"ternaryMap"},"endToken":{"kind":98,"text":")"}},"arguments":[],"name":{"!":"com.github.javaparser.ast.expr.SimpleName","range":{"beginLine":13,"beginColumn":23,"endLine":13,"endColumn":27},"tokenRange":{"beginToken":{"kind":94,"text":"clear"},"endToken":{"kind":94,"text":"clear"}},"identifier":"clear"},"scope":{"!":"com.github.javaparser.ast.expr.MethodCallExpr","range":{"beginLine":13,"beginColumn":3,"endLine":13,"endColumn":21},"tokenRange":{"beginToken":{"kind":94,"text":"ternaryMap"},"endToken":{"kind":98,"text":")"}},"arguments":[],"name":{"!":"com.github.javaparser.ast.expr.SimpleName","range":{"beginLine":13,"beginColumn":14,"endLine":13,"endColumn":19},"tokenRange":{"beginToken":{"kind":94,"text":"getMap"},"endToken":{"kind":94,"text":"getMap"}},"identifier":"getMap"},"scope":{"!":"com.github.javaparser.ast.expr.NameExpr","range":{"beginLine":13,"beginColumn":3,"endLine":13,"endColumn":12},"tokenRange":{"beginToken":{"kind":94,"text":"ternaryMap"},"endToken":{"kind":94,"text":"ternaryMap"}},"name":{"!":"com.github.javaparser.ast.expr.SimpleName","range":{"beginLine":13,"beginColumn":3,"endLine":13,"endColumn":12},"tokenRange":{"beginToken":{"kind":94,"text":"ternaryMap"},"endToken":{"kind":94,"text":"ternaryMap"}},"identifier":"ternaryMap"}}}}},{"!":"com.github.javaparser.ast.stmt.ExpressionStmt","range":{"beginLine":14,"beginColumn":3,"endLine":14,"endColumn":55},"tokenRange":{"beginToken":{"kind":94,"text":"ternaryMap"},"endToken":{"kind":103,"text":";"}},"expression":{"!":"com.github.javaparser.ast.expr.MethodCallExpr","range":{"beginLine":14,"beginColumn":3,"endLine":14,"endColumn":54},"tokenRange":{"beginToken":{"kind":94,"text":"ternaryMap"},"endToken":{"kind":98,"text":")"}},"arguments":[{"!":"com.github.javaparser.ast.expr.NameExpr","range":{"beginLine":14,"beginColumn":28,"endLine":14,"endColumn":37},"tokenRange":{"beginToken":{"kind":94,"text":"intEntity1"},"endToken":{"kind":94,"text":"intEntity1"}},"name":{"!":"com.github.javaparser.ast.expr.SimpleName","range":{"beginLine":14,"beginColumn":28,"endLine":14,"endColumn":37},"tokenRange":{"beginToken":{"kind":94,"text":"intEntity1"},"endToken":{"kind":94,"text":"intEntity1"}},"identifier":"intEntity1"}},{"!":"com.github.javaparser.ast.expr.NameExpr","range":{"beginLine":14,"beginColumn":40,"endLine":14,"endColumn":52},"tokenRange":{"beginToken":{"kind":94,"text":"stringEntity1"},"endToken":{"kind":94,"text":"stringEntity1"}},"name":{"!":"com.github.javaparser.ast.expr.SimpleName","range":{"beginLine":14,"beginColumn":40,"endLine":14,"endColumn":52},"tokenRange":{"beginToken":{"kind":94,"text":"stringEntity1"},"endToken":{"kind":94,"text":"stringEntity1"}},"identifier":"stringEntity1"}}],"name":{"!":"com.github.javaparser.ast.expr.SimpleName","range":{"beginLine":14,"beginColumn":23,"endLine":14,"endColumn":25},"tokenRange":{"beginToken":{"kind":94,"text":"put"},"endToken":{"kind":94,"text":"put"}},"identifier":"put"},"scope":{"!":"com.github.javaparser.ast.expr.MethodCallExpr","range":{"beginLine":14,"beginColumn":3,"endLine":14,"endColumn":21},"tokenRange":{"beginToken":{"kind":94,"text":"ternaryMap"},"endToken":{"kind":98,"text":")"}},"arguments":[],"name":{"!":"com.github.javaparser.ast.expr.SimpleName","range":{"beginLine":14,"beginColumn":14,"endLine":14,"endColumn":19},"tokenRange":{"beginToken":{"kind":94,"text":"getMap"},"endToken":{"kind":94,"text":"getMap"}},"identifier":"getMap"},"scope":{"!":"com.github.javaparser.ast.expr.NameExpr","range":{"beginLine":14,"beginColumn":3,"endLine":14,"endColumn":12},"tokenRange":{"beginToken":{"kind":94,"text":"ternaryMap"},"endToken":{"kind":94,"text":"ternaryMap"}},"name":{"!":"com.github.javaparser.ast.expr.SimpleName","range":{"beginLine":14,"beginColumn":3,"endLine":14,"endColumn":12},"tokenRange":{"beginToken":{"kind":94,"text":"ternaryMap"},"endToken":{"kind":94,"text":"ternaryMap"}},"identifier":"ternaryMap"}}}}},{"!":"com.github.javaparser.ast.stmt.ExpressionStmt","range":{"beginLine":15,"beginColumn":3,"endLine":15,"endColumn":55},"tokenRange":{"beginToken":{"kind":94,"text":"ternaryMap"},"endToken":{"kind":103,"text":";"}},"expression":{"!":"com.github.javaparser.ast.expr.MethodCallExpr","range":{"beginLine":15,"beginColumn":3,"endLine":15,"endColumn":54},"tokenRange":{"beginToken":{"kind":94,"text":"ternaryMap"},"endToken":{"kind":98,"text":")"}},"arguments":[{"!":"com.github.javaparser.ast.expr.NameExpr","range":{"beginLine":15,"beginColumn":28,"endLine":15,"endColumn":37},"tokenRange":{"beginToken":{"kind":94,"text":"intEntity2"},"endToken":{"kind":94,"text":"intEntity2"}},"name":{"!":"com.github.javaparser.ast.expr.SimpleName","range":{"beginLine":15,"beginColumn":28,"endLine":15,"endColumn":37},"tokenRange":{"beginToken":{"kind":94,"text":"intEntity2"},"endToken":{"kind":94,"text":"intEntity2"}},"identifier":"intEntity2"}},{"!":"com.github.javaparser.ast.expr.NameExpr","range":{"beginLine":15,"beginColumn":40,"endLine":15,"endColumn":52},"tokenRange":{"beginToken":{"kind":94,"text":"stringEntity2"},"endToken":{"kind":94,"text":"stringEntity2"}},"name":{"!":"com.github.javaparser.ast.expr.SimpleName","range":{"beginLine":15,"beginColumn":40,"endLine":15,"endColumn":52},"tokenRange":{"beginToken":{"kind":94,"text":"stringEntity2"},"endToken":{"kind":94,"text":"stringEntity2"}},"identifier":"stringEntity2"}}],"name":{"!":"com.github.javaparser.ast.expr.SimpleName","range":{"beginLine":15,"beginColumn":23,"endLine":15,"endColumn":25},"tokenRange":{"beginToken":{"kind":94,"text":"put"},"endToken":{"kind":94,"text":"put"}},"identifier":"put"},"scope":{"!":"com.github.javaparser.ast.expr.MethodCallExpr","range":{"beginLine":15,"beginColumn":3,"endLine":15,"endColumn":21},"tokenRange":{"beginToken":{"kind":94,"text":"ternaryMap"},"endToken":{"kind":98,"text":")"}},"arguments":[],"name":{"!":"com.github.javaparser.ast.expr.SimpleName","range":{"beginLine":15,"beginColumn":14,"endLine":15,"endColumn":19},"tokenRange":{"beginToken":{"kind":94,"text":"getMap"},"endToken":{"kind":94,"text":"getMap"}},"identifier":"getMap"},"scope":{"!":"com.github.javaparser.ast.expr.NameExpr","range":{"beginLine":15,"beginColumn":3,"endLine":15,"endColumn":12},"tokenRange":{"beginToken":{"kind":94,"text":"ternaryMap"},"endToken":{"kind":94,"text":"ternaryMap"}},"name":{"!":"com.github.javaparser.ast.expr.SimpleName","range":{"beginLine":15,"beginColumn":3,"endLine":15,"endColumn":12},"tokenRange":{"beginToken":{"kind":94,"text":"ternaryMap"},"endToken":{"kind":94,"text":"ternaryMap"}},"identifier":"ternaryMap"}}}}},{"!":"com.github.javaparser.ast.stmt.ExpressionStmt","range":{"beginLine":17,"beginColumn":3,"endLine":17,"endColumn":77},"tokenRange":{"beginToken":{"kind":94,"text":"entity"},"endToken":{"kind":103,"text":";"}},"expression":{"!":"com.github.javaparser.ast.expr.AssignExpr","range":{"beginLine":17,"beginColumn":3,"endLine":17,"endColumn":76},"tokenRange":{"beginToken":{"kind":94,"text":"entity"},"endToken":{"kind":98,"text":")"}},"operator":"ASSIGN","target":{"!":"com.github.javaparser.ast.expr.NameExpr","range":{"beginLine":17,"beginColumn":3,"endLine":17,"endColumn":8},"tokenRange":{"beginToken":{"kind":94,"text":"entity"},"endToken":{"kind":94,"text":"entity"}},"name":{"!":"com.github.javaparser.ast.expr.SimpleName","range":{"beginLine":17,"beginColumn":3,"endLine":17,"endColumn":8},"tokenRange":{"beginToken":{"kind":94,"text":"entity"},"endToken":{"kind":94,"text":"entity"}},"identifier":"entity"}},"value":{"!":"com.github.javaparser.ast.expr.MethodCallExpr","range":{"beginLine":17,"beginColumn":12,"endLine":17,"endColumn":76},"tokenRange":{"beginToken":{"kind":94,"text":"getAuditReader"},"endToken":{"kind":98,"text":")"}},"arguments":[{"!":"com.github.javaparser.ast.expr.ClassExpr","range":{"beginLine":17,"beginColumn":35,"endLine":17,"endColumn":56},"tokenRange":{"beginToken":{"kind":94,"text":"TernaryMapEntity"},"endToken":{"kind":19,"text":"class"}},"type":{"!":"com.github.javaparser.ast.type.ClassOrInterfaceType","range":{"beginLine":17,"beginColumn":35,"endLine":17,"endColumn":50},"tokenRange":{"beginToken":{"kind":94,"text":"TernaryMapEntity"},"endToken":{"kind":94,"text":"TernaryMapEntity"}},"name":{"!":"com.github.javaparser.ast.expr.SimpleName","range":{"beginLine":17,"beginColumn":35,"endLine":17,"endColumn":50},"tokenRange":{"beginToken":{"kind":94,"text":"TernaryMapEntity"},"endToken":{"kind":94,"text":"TernaryMapEntity"}},"identifier":"TernaryMapEntity"},"annotations":[]}},{"!":"com.github.javaparser.ast.expr.NameExpr","range":{"beginLine":17,"beginColumn":59,"endLine":17,"endColumn":70},"tokenRange":{"beginToken":{"kind":94,"text":"ternaryMapId"},"endToken":{"kind":94,"text":"ternaryMapId"}},"name":{"!":"com.github.javaparser.ast.expr.SimpleName","range":{"beginLine":17,"beginColumn":59,"endLine":17,"endColumn":70},"tokenRange":{"beginToken":{"kind":94,"text":"ternaryMapId"},"endToken":{"kind":94,"text":"ternaryMapId"}},"identifier":"ternaryMapId"}},{"!":"com.github.javaparser.ast.expr.IntegerLiteralExpr","range":{"beginLine":17,"beginColumn":73,"endLine":17,"endColumn":74},"tokenRange":{"beginToken":{"kind":77,"text":"16"},"endToken":{"kind":77,"text":"16"}},"value":"16"}],"name":{"!":"com.github.javaparser.ast.expr.SimpleName","range":{"beginLine":17,"beginColumn":29,"endLine":17,"endColumn":32},"tokenRange":{"beginToken":{"kind":94,"text":"find"},"endToken":{"kind":94,"text":"find"}},"identifier":"find"},"scope":{"!":"com.github.javaparser.ast.expr.MethodCallExpr","range":{"beginLine":17,"beginColumn":12,"endLine":17,"endColumn":27},"tokenRange":{"beginToken":{"kind":94,"text":"getAuditReader"},"endToken":{"kind":98,"text":")"}},"arguments":[],"name":{"!":"com.github.javaparser.ast.expr.SimpleName","range":{"beginLine":17,"beginColumn":12,"endLine":17,"endColumn":25},"tokenRange":{"beginToken":{"kind":94,"text":"getAuditReader"},"endToken":{"kind":94,"text":"getAuditReader"}},"identifier":"getAuditReader"}}}}},{"!":"com.github.javaparser.ast.stmt.ExpressionStmt","range":{"beginLine":19,"beginColumn":3,"endLine":19,"endColumn":62},"tokenRange":{"beginToken":{"kind":94,"text":"Assert"},"endToken":{"kind":103,"text":";"}},"expression":{"!":"com.github.javaparser.ast.expr.MethodCallExpr","range":{"beginLine":19,"beginColumn":3,"endLine":19,"endColumn":61},"tokenRange":{"beginToken":{"kind":94,"text":"Assert"},"endToken":{"kind":98,"text":")"}},"arguments":[{"!":"com.github.javaparser.ast.expr.MethodCallExpr","range":{"beginLine":19,"beginColumn":24,"endLine":19,"endColumn":42},"tokenRange":{"beginToken":{"kind":94,"text":"ternaryMap"},"endToken":{"kind":98,"text":")"}},"arguments":[],"name":{"!":"com.github.javaparser.ast.expr.SimpleName","range":{"beginLine":19,"beginColumn":35,"endLine":19,"endColumn":40},"tokenRange":{"beginToken":{"kind":94,"text":"getMap"},"endToken":{"kind":94,"text":"getMap"}},"identifier":"getMap"},"scope":{"!":"com.github.javaparser.ast.expr.NameExpr","range":{"beginLine":19,"beginColumn":24,"endLine":19,"endColumn":33},"tokenRange":{"beginToken":{"kind":94,"text":"ternaryMap"},"endToken":{"kind":94,"text":"ternaryMap"}},"name":{"!":"com.github.javaparser.ast.expr.SimpleName","range":{"beginLine":19,"beginColumn":24,"endLine":19,"endColumn":33},"tokenRange":{"beginToken":{"kind":94,"text":"ternaryMap"},"endToken":{"kind":94,"text":"ternaryMap"}},"identifier":"ternaryMap"}}},{"!":"com.github.javaparser.ast.expr.MethodCallExpr","range":{"beginLine":19,"beginColumn":45,"endLine":19,"endColumn":59},"tokenRange":{"beginToken":{"kind":94,"text":"entity"},"endToken":{"kind":98,"text":")"}},"arguments":[],"name":{"!":"com.github.javaparser.ast.expr.SimpleName","range":{"beginLine":19,"beginColumn":52,"endLine":19,"endColumn":57},"tokenRange":{"beginToken":{"kind":94,"text":"getMap"},"endToken":{"kind":94,"text":"getMap"}},"identifier":"getMap"},"scope":{"!":"com.github.javaparser.ast.expr.NameExpr","range":{"beginLine":19,"beginColumn":45,"endLine":19,"endColumn":50},"tokenRange":{"beginToken":{"kind":94,"text":"entity"},"endToken":{"kind":94,"text":"entity"}},"name":{"!":"com.github.javaparser.ast.expr.SimpleName","range":{"beginLine":19,"beginColumn":45,"endLine":19,"endColumn":50},"tokenRange":{"beginToken":{"kind":94,"text":"entity"},"endToken":{"kind":94,"text":"entity"}},"identifier":"entity"}}}],"name":{"!":"com.github.javaparser.ast.expr.SimpleName","range":{"beginLine":19,"beginColumn":10,"endLine":19,"endColumn":21},"tokenRange":{"beginToken":{"kind":94,"text":"assertEquals"},"endToken":{"kind":94,"text":"assertEquals"}},"identifier":"assertEquals"},"scope":{"!":"com.github.javaparser.ast.expr.NameExpr","range":{"beginLine":19,"beginColumn":3,"endLine":19,"endColumn":8},"tokenRange":{"beginToken":{"kind":94,"text":"Assert"},"endToken":{"kind":94,"text":"Assert"}},"name":{"!":"com.github.javaparser.ast.expr.SimpleName","range":{"beginLine":19,"beginColumn":3,"endLine":19,"endColumn":8},"tokenRange":{"beginToken":{"kind":94,"text":"Assert"},"endToken":{"kind":94,"text":"Assert"}},"identifier":"Assert"}}}},{"!":"com.github.javaparser.ast.stmt.ExpressionStmt","range":{"beginLine":21,"beginColumn":3,"endLine":24,"endColumn":21},"tokenRange":{"beginToken":{"kind":94,"text":"List"},"endToken":{"kind":103,"text":";"}},"expression":{"!":"com.github.javaparser.ast.expr.VariableDeclarationExpr","range":{"beginLine":21,"beginColumn":3,"endLine":24,"endColumn":20},"tokenRange":{"beginToken":{"kind":94,"text":"List"},"endToken":{"kind":98,"text":")"}},"annotations":[],"modifiers":[],"variables":[{"!":"com.github.javaparser.ast.body.VariableDeclarator","range":{"beginLine":21,"beginColumn":8,"endLine":24,"endColumn":20},"tokenRange":{"beginToken":{"kind":94,"text":"queryResult"},"endToken":{"kind":98,"text":")"}},"initializer":{"!":"com.github.javaparser.ast.expr.MethodCallExpr","range":{"beginLine":21,"beginColumn":22,"endLine":24,"endColumn":20},"tokenRange":{"beginToken":{"kind":94,"text":"getAuditReader"},"endToken":{"kind":98,"text":")"}},"arguments":[],"name":{"!":"com.github.javaparser.ast.expr.SimpleName","range":{"beginLine":24,"beginColumn":6,"endLine":24,"endColumn":18},"tokenRange":{"beginToken":{"kind":94,"text":"getResultList"},"endToken":{"kind":94,"text":"getResultList"}},"identifier":"getResultList"},"scope":{"!":"com.github.javaparser.ast.expr.MethodCallExpr","range":{"beginLine":21,"beginColumn":22,"endLine":23,"endColumn":61},"tokenRange":{"beginToken":{"kind":94,"text":"getAuditReader"},"endToken":{"kind":98,"text":")"}},"arguments":[{"!":"com.github.javaparser.ast.expr.MethodCallExpr","range":{"beginLine":23,"beginColumn":11,"endLine":23,"endColumn":59},"tokenRange":{"beginToken":{"kind":94,"text":"AuditEntity"},"endToken":{"kind":98,"text":")"}},"arguments":[{"!":"com.github.javaparser.ast.expr.FieldAccessExpr","range":{"beginLine":23,"beginColumn":42,"endLine":23,"endColumn":57},"tokenRange":{"beginToken":{"kind":94,"text":"RevisionType"},"endToken":{"kind":94,"text":"DEL"}},"name":{"!":"com.github.javaparser.ast.expr.SimpleName","range":{"beginLine":23,"beginColumn":55,"endLine":23,"endColumn":57},"tokenRange":{"beginToken":{"kind":94,"text":"DEL"},"endToken":{"kind":94,"text":"DEL"}},"identifier":"DEL"},"scope":{"!":"com.github.javaparser.ast.expr.NameExpr","range":{"beginLine":23,"beginColumn":42,"endLine":23,"endColumn":53},"tokenRange":{"beginToken":{"kind":94,"text":"RevisionType"},"endToken":{"kind":94,"text":"RevisionType"}},"name":{"!":"com.github.javaparser.ast.expr.SimpleName","range":{"beginLine":23,"beginColumn":42,"endLine":23,"endColumn":53},"tokenRange":{"beginToken":{"kind":94,"text":"RevisionType"},"endToken":{"kind":94,"text":"RevisionType"}},"identifier":"RevisionType"}}}],"name":{"!":"com.github.javaparser.ast.expr.SimpleName","range":{"beginLine":23,"beginColumn":38,"endLine":23,"endColumn":39},"tokenRange":{"beginToken":{"kind":94,"text":"eq"},"endToken":{"kind":94,"text":"eq"}},"identifier":"eq"},"scope":{"!":"com.github.javaparser.ast.expr.MethodCallExpr","range":{"beginLine":23,"beginColumn":11,"endLine":23,"endColumn":36},"tokenRange":{"beginToken":{"kind":94,"text":"AuditEntity"},"endToken":{"kind":98,"text":")"}},"arguments":[],"name":{"!":"com.github.javaparser.ast.expr.SimpleName","range":{"beginLine":23,"beginColumn":23,"endLine":23,"endColumn":34},"tokenRange":{"beginToken":{"kind":94,"text":"revisionType"},"endToken":{"kind":94,"text":"revisionType"}},"identifier":"revisionType"},"scope":{"!":"com.github.javaparser.ast.expr.NameExpr","range":{"beginLine":23,"beginColumn":11,"endLine":23,"endColumn":21},"tokenRange":{"beginToken":{"kind":94,"text":"AuditEntity"},"endToken":{"kind":94,"text":"AuditEntity"}},"name":{"!":"com.github.javaparser.ast.expr.SimpleName","range":{"beginLine":23,"beginColumn":11,"endLine":23,"endColumn":21},"tokenRange":{"beginToken":{"kind":94,"text":"AuditEntity"},"endToken":{"kind":94,"text":"AuditEntity"}},"identifier":"AuditEntity"}}}}],"name":{"!":"com.github.javaparser.ast.expr.SimpleName","range":{"beginLine":23,"beginColumn":6,"endLine":23,"endColumn":8},"tokenRange":{"beginToken":{"kind":94,"text":"add"},"endToken":{"kind":94,"text":"add"}},"identifier":"add"},"scope":{"!":"com.github.javaparser.ast.expr.MethodCallExpr","range":{"beginLine":21,"beginColumn":22,"endLine":22,"endColumn":47},"tokenRange":{"beginToken":{"kind":94,"text":"getAuditReader"},"endToken":{"kind":98,"text":")"}},"arguments":[{"!":"com.github.javaparser.ast.expr.MethodCallExpr","range":{"beginLine":22,"beginColumn":11,"endLine":22,"endColumn":45},"tokenRange":{"beginToken":{"kind":94,"text":"AuditEntity"},"endToken":{"kind":98,"text":")"}},"arguments":[{"!":"com.github.javaparser.ast.expr.NameExpr","range":{"beginLine":22,"beginColumn":32,"endLine":22,"endColumn":43},"tokenRange":{"beginToken":{"kind":94,"text":"ternaryMapId"},"endToken":{"kind":94,"text":"ternaryMapId"}},"name":{"!":"com.github.javaparser.ast.expr.SimpleName","range":{"beginLine":22,"beginColumn":32,"endLine":22,"endColumn":43},"tokenRange":{"beginToken":{"kind":94,"text":"ternaryMapId"},"endToken":{"kind":94,"text":"ternaryMapId"}},"identifier":"ternaryMapId"}}],"name":{"!":"com.github.javaparser.ast.expr.SimpleName","range":{"beginLine":22,"beginColumn":28,"endLine":22,"endColumn":29},"tokenRange":{"beginToken":{"kind":94,"text":"eq"},"endToken":{"kind":94,"text":"eq"}},"identifier":"eq"},"scope":{"!":"com.github.javaparser.ast.expr.MethodCallExpr","range":{"beginLine":22,"beginColumn":11,"endLine":22,"endColumn":26},"tokenRange":{"beginToken":{"kind":94,"text":"AuditEntity"},"endToken":{"kind":98,"text":")"}},"arguments":[],"name":{"!":"com.github.javaparser.ast.expr.SimpleName","range":{"beginLine":22,"beginColumn":23,"endLine":22,"endColumn":24},"tokenRange":{"beginToken":{"kind":94,"text":"id"},"endToken":{"kind":94,"text":"id"}},"identifier":"id"},"scope":{"!":"com.github.javaparser.ast.expr.NameExpr","range":{"beginLine":22,"beginColumn":11,"endLine":22,"endColumn":21},"tokenRange":{"beginToken":{"kind":94,"text":"AuditEntity"},"endToken":{"kind":94,"text":"AuditEntity"}},"name":{"!":"com.github.javaparser.ast.expr.SimpleName","range":{"beginLine":22,"beginColumn":11,"endLine":22,"endColumn":21},"tokenRange":{"beginToken":{"kind":94,"text":"AuditEntity"},"endToken":{"kind":94,"text":"AuditEntity"}},"identifier":"AuditEntity"}}}}],"name":{"!":"com.github.javaparser.ast.expr.SimpleName","range":{"beginLine":22,"beginColumn":6,"endLine":22,"endColumn":8},"tokenRange":{"beginToken":{"kind":94,"text":"add"},"endToken":{"kind":94,"text":"add"}},"identifier":"add"},"scope":{"!":"com.github.javaparser.ast.expr.MethodCallExpr","range":{"beginLine":21,"beginColumn":22,"endLine":21,"endColumn":111},"tokenRange":{"beginToken":{"kind":94,"text":"getAuditReader"},"endToken":{"kind":98,"text":")"}},"arguments":[{"!":"com.github.javaparser.ast.expr.ClassExpr","range":{"beginLine":21,"beginColumn":75,"endLine":21,"endColumn":96},"tokenRange":{"beginToken":{"kind":94,"text":"TernaryMapEntity"},"endToken":{"kind":19,"text":"class"}},"type":{"!":"com.github.javaparser.ast.type.ClassOrInterfaceType","range":{"beginLine":21,"beginColumn":75,"endLine":21,"endColumn":90},"tokenRange":{"beginToken":{"kind":94,"text":"TernaryMapEntity"},"endToken":{"kind":94,"text":"TernaryMapEntity"}},"name":{"!":"com.github.javaparser.ast.expr.SimpleName","range":{"beginLine":21,"beginColumn":75,"endLine":21,"endColumn":90},"tokenRange":{"beginToken":{"kind":94,"text":"TernaryMapEntity"},"endToken":{"kind":94,"text":"TernaryMapEntity"}},"identifier":"TernaryMapEntity"},"annotations":[]}},{"!":"com.github.javaparser.ast.expr.BooleanLiteralExpr","range":{"beginLine":21,"beginColumn":99,"endLine":21,"endColumn":103},"tokenRange":{"beginToken":{"kind":28,"text":"false"},"endToken":{"kind":28,"text":"false"}},"value":"false"},{"!":"com.github.javaparser.ast.expr.BooleanLiteralExpr","range":{"beginLine":21,"beginColumn":106,"endLine":21,"endColumn":109},"tokenRange":{"beginToken":{"kind":60,"text":"true"},"endToken":{"kind":60,"text":"true"}},"value":"true"}],"name":{"!":"com.github.javaparser.ast.expr.SimpleName","range":{"beginLine":21,"beginColumn":53,"endLine":21,"endColumn":72},"tokenRange":{"beginToken":{"kind":94,"text":"forRevisionsOfEntity"},"endToken":{"kind":94,"text":"forRevisionsOfEntity"}},"identifier":"forRevisionsOfEntity"},"scope":{"!":"com.github.javaparser.ast.expr.MethodCallExpr","range":{"beginLine":21,"beginColumn":22,"endLine":21,"endColumn":51},"tokenRange":{"beginToken":{"kind":94,"text":"getAuditReader"},"endToken":{"kind":98,"text":")"}},"arguments":[],"name":{"!":"com.github.javaparser.ast.expr.SimpleName","range":{"beginLine":21,"beginColumn":39,"endLine":21,"endColumn":49},"tokenRange":{"beginToken":{"kind":94,"text":"createQuery"},"endToken":{"kind":94,"text":"createQuery"}},"identifier":"createQuery"},"scope":{"!":"com.github.javaparser.ast.expr.MethodCallExpr","range":{"beginLine":21,"beginColumn":22,"endLine":21,"endColumn":37},"tokenRange":{"beginToken":{"kind":94,"text":"getAuditReader"},"endToken":{"kind":98,"text":")"}},"arguments":[],"name":{"!":"com.github.javaparser.ast.expr.SimpleName","range":{"beginLine":21,"beginColumn":22,"endLine":21,"endColumn":35},"tokenRange":{"beginToken":{"kind":94,"text":"getAuditReader"},"endToken":{"kind":94,"text":"getAuditReader"}},"identifier":"getAuditReader"}}}}}}},"name":{"!":"com.github.javaparser.ast.expr.SimpleName","range":{"beginLine":21,"beginColumn":8,"endLine":21,"endColumn":18},"tokenRange":{"beginToken":{"kind":94,"text":"queryResult"},"endToken":{"kind":94,"text":"queryResult"}},"identifier":"queryResult"},"type":{"!":"com.github.javaparser.ast.type.ClassOrInterfaceType","range":{"beginLine":21,"beginColumn":3,"endLine":21,"endColumn":6},"tokenRange":{"beginToken":{"kind":94,"text":"List"},"endToken":{"kind":94,"text":"List"}},"name":{"!":"com.github.javaparser.ast.expr.SimpleName","range":{"beginLine":21,"beginColumn":3,"endLine":21,"endColumn":6},"tokenRange":{"beginToken":{"kind":94,"text":"List"},"endToken":{"kind":94,"text":"List"}},"identifier":"List"},"annotations":[]}}]}},{"!":"com.github.javaparser.ast.stmt.ExpressionStmt","range":{"beginLine":25,"beginColumn":3,"endLine":25,"endColumn":54},"tokenRange":{"beginToken":{"kind":94,"text":"Object"},"endToken":{"kind":103,"text":";"}},"expression":{"!":"com.github.javaparser.ast.expr.VariableDeclarationExpr","range":{"beginLine":25,"beginColumn":3,"endLine":25,"endColumn":53},"tokenRange":{"beginToken":{"kind":94,"text":"Object"},"endToken":{"kind":98,"text":")"}},"annotations":[],"modifiers":[],"variables":[{"!":"com.github.javaparser.ast.body.VariableDeclarator","range":{"beginLine":25,"beginColumn":12,"endLine":25,"endColumn":53},"tokenRange":{"beginToken":{"kind":94,"text":"objArray"},"endToken":{"kind":98,"text":")"}},"initializer":{"!":"com.github.javaparser.ast.expr.CastExpr","range":{"beginLine":25,"beginColumn":23,"endLine":25,"endColumn":53},"tokenRange":{"beginToken":{"kind":97,"text":"("},"endToken":{"kind":98,"text":")"}},"expression":{"!":"com.github.javaparser.ast.expr.MethodCallExpr","range":{"beginLine":25,"beginColumn":34,"endLine":25,"endColumn":53},"tokenRange":{"beginToken":{"kind":94,"text":"queryResult"},"endToken":{"kind":98,"text":")"}},"arguments":[{"!":"com.github.javaparser.ast.expr.IntegerLiteralExpr","range":{"beginLine":25,"beginColumn":51,"endLine":25,"endColumn":51},"tokenRange":{"beginToken":{"kind":77,"text":"0"},"endToken":{"kind":77,"text":"0"}},"value":"0"}],"name":{"!":"com.github.javaparser.ast.expr.SimpleName","range":{"beginLine":25,"beginColumn":46,"endLine":25,"endColumn":48},"tokenRange":{"beginToken":{"kind":94,"text":"get"},"endToken":{"kind":94,"text":"get"}},"identifier":"get"},"scope":{"!":"com.github.javaparser.ast.expr.NameExpr","range":{"beginLine":25,"beginColumn":34,"endLine":25,"endColumn":44},"tokenRange":{"beginToken":{"kind":94,"text":"queryResult"},"endToken":{"kind":94,"text":"queryResult"}},"name":{"!":"com.github.javaparser.ast.expr.SimpleName","range":{"beginLine":25,"beginColumn":34,"endLine":25,"endColumn":44},"tokenRange":{"beginToken":{"kind":94,"text":"queryResult"},"endToken":{"kind":94,"text":"queryResult"}},"identifier":"queryResult"}}},"type":{"!":"com.github.javaparser.ast.type.ArrayType","range":{"beginLine":25,"beginColumn":24,"endLine":25,"endColumn":31},"tokenRange":{"beginToken":{"kind":94,"text":"Object"},"endToken":{"kind":102,"text":"]"}},"componentType":{"!":"com.github.javaparser.ast.type.ClassOrInterfaceType","range":{"beginLine":25,"beginColumn":24,"endLine":25,"endColumn":29},"tokenRange":{"beginToken":{"kind":94,"text":"Object"},"endToken":{"kind":94,"text":"Object"}},"name":{"!":"com.github.javaparser.ast.expr.SimpleName","range":{"beginLine":25,"beginColumn":24,"endLine":25,"endColumn":29},"tokenRange":{"beginToken":{"kind":94,"text":"Object"},"endToken":{"kind":94,"text":"Object"}},"identifier":"Object"},"annotations":[]},"origin":"TYPE","annotations":[]}},"name":{"!":"com.github.javaparser.ast.expr.SimpleName","range":{"beginLine":25,"beginColumn":12,"endLine":25,"endColumn":19},"tokenRange":{"beginToken":{"kind":94,"text":"objArray"},"endToken":{"kind":94,"text":"objArray"}},"identifier":"objArray"},"type":{"!":"com.github.javaparser.ast.type.ArrayType","range":{"beginLine":25,"beginColumn":3,"endLine":25,"endColumn":10},"tokenRange":{"beginToken":{"kind":94,"text":"Object"},"endToken":{"kind":102,"text":"]"}},"componentType":{"!":"com.github.javaparser.ast.type.ClassOrInterfaceType","range":{"beginLine":25,"beginColumn":3,"endLine":25,"endColumn":8},"tokenRange":{"beginToken":{"kind":94,"text":"Object"},"endToken":{"kind":94,"text":"Object"}},"name":{"!":"com.github.javaparser.ast.expr.SimpleName","range":{"beginLine":25,"beginColumn":3,"endLine":25,"endColumn":8},"tokenRange":{"beginToken":{"kind":94,"text":"Object"},"endToken":{"kind":94,"text":"Object"}},"identifier":"Object"},"annotations":[]},"origin":"TYPE","annotations":[]}}]}},{"!":"com.github.javaparser.ast.stmt.ExpressionStmt","range":{"beginLine":27,"beginColumn":3,"endLine":27,"endColumn":62},"tokenRange":{"beginToken":{"kind":94,"text":"Assert"},"endToken":{"kind":103,"text":";"}},"expression":{"!":"com.github.javaparser.ast.expr.MethodCallExpr","range":{"beginLine":27,"beginColumn":3,"endLine":27,"endColumn":61},"tokenRange":{"beginToken":{"kind":94,"text":"Assert"},"endToken":{"kind":98,"text":")"}},"arguments":[{"!":"com.github.javaparser.ast.expr.IntegerLiteralExpr","range":{"beginLine":27,"beginColumn":24,"endLine":27,"endColumn":25},"tokenRange":{"beginToken":{"kind":77,"text":"17"},"endToken":{"kind":77,"text":"17"}},"value":"17"},{"!":"com.github.javaparser.ast.expr.MethodCallExpr","range":{"beginLine":27,"beginColumn":28,"endLine":27,"endColumn":59},"tokenRange":{"beginToken":{"kind":94,"text":"getRevisionNumber"},"endToken":{"kind":98,"text":")"}},"arguments":[{"!":"com.github.javaparser.ast.expr.ArrayAccessExpr","range":{"beginLine":27,"beginColumn":47,"endLine":27,"endColumn":57},"tokenRange":{"beginToken":{"kind":94,"text":"objArray"},"endToken":{"kind":102,"text":"]"}},"index":{"!":"com.github.javaparser.ast.expr.IntegerLiteralExpr","range":{"beginLine":27,"beginColumn":56,"endLine":27,"endColumn":56},"tokenRange":{"beginToken":{"kind":77,"text":"1"},"endToken":{"kind":77,"text":"1"}},"value":"1"},"name":{"!":"com.github.javaparser.ast.expr.NameExpr","range":{"beginLine":27,"beginColumn":47,"endLine":27,"endColumn":54},"tokenRange":{"beginToken":{"kind":94,"text":"objArray"},"endToken":{"kind":94,"text":"objArray"}},"name":{"!":"com.github.javaparser.ast.expr.SimpleName","range":{"beginLine":27,"beginColumn":47,"endLine":27,"endColumn":54},"tokenRange":{"beginToken":{"kind":94,"text":"objArray"},"endToken":{"kind":94,"text":"objArray"}},"identifier":"objArray"}}}],"name":{"!":"com.github.javaparser.ast.expr.SimpleName","range":{"beginLine":27,"beginColumn":28,"endLine":27,"endColumn":44},"tokenRange":{"beginToken":{"kind":94,"text":"getRevisionNumber"},"endToken":{"kind":94,"text":"getRevisionNumber"}},"identifier":"getRevisionNumber"}}],"name":{"!":"com.github.javaparser.ast.expr.SimpleName","range":{"beginLine":27,"beginColumn":10,"endLine":27,"endColumn":21},"tokenRange":{"beginToken":{"kind":94,"text":"assertEquals"},"endToken":{"kind":94,"text":"assertEquals"}},"identifier":"assertEquals"},"scope":{"!":"com.github.javaparser.ast.expr.NameExpr","range":{"beginLine":27,"beginColumn":3,"endLine":27,"endColumn":8},"tokenRange":{"beginToken":{"kind":94,"text":"Assert"},"endToken":{"kind":94,"text":"Assert"}},"name":{"!":"com.github.javaparser.ast.expr.SimpleName","range":{"beginLine":27,"beginColumn":3,"endLine":27,"endColumn":8},"tokenRange":{"beginToken":{"kind":94,"text":"Assert"},"endToken":{"kind":94,"text":"Assert"}},"identifier":"Assert"}}}},{"!":"com.github.javaparser.ast.stmt.ExpressionStmt","range":{"beginLine":29,"beginColumn":3,"endLine":29,"endColumn":42},"tokenRange":{"beginToken":{"kind":94,"text":"entity"},"endToken":{"kind":103,"text":";"}},"expression":{"!":"com.github.javaparser.ast.expr.AssignExpr","range":{"beginLine":29,"beginColumn":3,"endLine":29,"endColumn":41},"tokenRange":{"beginToken":{"kind":94,"text":"entity"},"endToken":{"kind":102,"text":"]"}},"operator":"ASSIGN","target":{"!":"com.github.javaparser.ast.expr.NameExpr","range":{"beginLine":29,"beginColumn":3,"endLine":29,"endColumn":8},"tokenRange":{"beginToken":{"kind":94,"text":"entity"},"endToken":{"kind":94,"text":"entity"}},"name":{"!":"com.github.javaparser.ast.expr.SimpleName","range":{"beginLine":29,"beginColumn":3,"endLine":29,"endColumn":8},"tokenRange":{"beginToken":{"kind":94,"text":"entity"},"endToken":{"kind":94,"text":"entity"}},"identifier":"entity"}},"value":{"!":"com.github.javaparser.ast.expr.CastExpr","range":{"beginLine":29,"beginColumn":12,"endLine":29,"endColumn":41},"tokenRange":{"beginToken":{"kind":97,"text":"("},"endToken":{"kind":102,"text":"]"}},"expression":{"!":"com.github.javaparser.ast.expr.ArrayAccessExpr","range":{"beginLine":29,"beginColumn":31,"endLine":29,"endColumn":41},"tokenRange":{"beginToken":{"kind":94,"text":"objArray"},"endToken":{"kind":102,"text":"]"}},"index":{"!":"com.github.javaparser.ast.expr.IntegerLiteralExpr","range":{"beginLine":29,"beginColumn":40,"endLine":29,"endColumn":40},"tokenRange":{"beginToken":{"kind":77,"text":"0"},"endToken":{"kind":77,"text":"0"}},"value":"0"},"name":{"!":"com.github.javaparser.ast.expr.NameExpr","range":{"beginLine":29,"beginColumn":31,"endLine":29,"endColumn":38},"tokenRange":{"beginToken":{"kind":94,"text":"objArray"},"endToken":{"kind":94,"text":"objArray"}},"name":{"!":"com.github.javaparser.ast.expr.SimpleName","range":{"beginLine":29,"beginColumn":31,"endLine":29,"endColumn":38},"tokenRange":{"beginToken":{"kind":94,"text":"objArray"},"endToken":{"kind":94,"text":"objArray"}},"identifier":"objArray"}}},"type":{"!":"com.github.javaparser.ast.type.ClassOrInterfaceType","range":{"beginLine":29,"beginColumn":13,"endLine":29,"endColumn":28},"tokenRange":{"beginToken":{"kind":94,"text":"TernaryMapEntity"},"endToken":{"kind":94,"text":"TernaryMapEntity"}},"name":{"!":"com.github.javaparser.ast.expr.SimpleName","range":{"beginLine":29,"beginColumn":13,"endLine":29,"endColumn":28},"tokenRange":{"beginToken":{"kind":94,"text":"TernaryMapEntity"},"endToken":{"kind":94,"text":"TernaryMapEntity"}},"identifier":"TernaryMapEntity"},"annotations":[]}}}},{"!":"com.github.javaparser.ast.stmt.ExpressionStmt","range":{"beginLine":30,"beginColumn":3,"endLine":30,"endColumn":62},"tokenRange":{"beginToken":{"kind":94,"text":"Assert"},"endToken":{"kind":103,"text":";"}},"expression":{"!":"com.github.javaparser.ast.expr.MethodCallExpr","range":{"beginLine":30,"beginColumn":3,"endLine":30,"endColumn":61},"tokenRange":{"beginToken":{"kind":94,"text":"Assert"},"endToken":{"kind":98,"text":")"}},"arguments":[{"!":"com.github.javaparser.ast.expr.MethodCallExpr","range":{"beginLine":30,"beginColumn":24,"endLine":30,"endColumn":42},"tokenRange":{"beginToken":{"kind":94,"text":"ternaryMap"},"endToken":{"kind":98,"text":")"}},"arguments":[],"name":{"!":"com.github.javaparser.ast.expr.SimpleName","range":{"beginLine":30,"beginColumn":35,"endLine":30,"endColumn":40},"tokenRange":{"beginToken":{"kind":94,"text":"getMap"},"endToken":{"kind":94,"text":"getMap"}},"identifier":"getMap"},"scope":{"!":"com.github.javaparser.ast.expr.NameExpr","range":{"beginLine":30,"beginColumn":24,"endLine":30,"endColumn":33},"tokenRange":{"beginToken":{"kind":94,"text":"ternaryMap"},"endToken":{"kind":94,"text":"ternaryMap"}},"name":{"!":"com.github.javaparser.ast.expr.SimpleName","range":{"beginLine":30,"beginColumn":24,"endLine":30,"endColumn":33},"tokenRange":{"beginToken":{"kind":94,"text":"ternaryMap"},"endToken":{"kind":94,"text":"ternaryMap"}},"identifier":"ternaryMap"}}},{"!":"com.github.javaparser.ast.expr.MethodCallExpr","range":{"beginLine":30,"beginColumn":45,"endLine":30,"endColumn":59},"tokenRange":{"beginToken":{"kind":94,"text":"entity"},"endToken":{"kind":98,"text":")"}},"arguments":[],"name":{"!":"com.github.javaparser.ast.expr.SimpleName","range":{"beginLine":30,"beginColumn":52,"endLine":30,"endColumn":57},"tokenRange":{"beginToken":{"kind":94,"text":"getMap"},"endToken":{"kind":94,"text":"getMap"}},"identifier":"getMap"},"scope":{"!":"com.github.javaparser.ast.expr.NameExpr","range":{"beginLine":30,"beginColumn":45,"endLine":30,"endColumn":50},"tokenRange":{"beginToken":{"kind":94,"text":"entity"},"endToken":{"kind":94,"text":"entity"}},"name":{"!":"com.github.javaparser.ast.expr.SimpleName","range":{"beginLine":30,"beginColumn":45,"endLine":30,"endColumn":50},"tokenRange":{"beginToken":{"kind":94,"text":"entity"},"endToken":{"kind":94,"text":"entity"}},"identifier":"entity"}}}],"name":{"!":"com.github.javaparser.ast.expr.SimpleName","range":{"beginLine":30,"beginColumn":10,"endLine":30,"endColumn":21},"tokenRange":{"beginToken":{"kind":94,"text":"assertEquals"},"endToken":{"kind":94,"text":"assertEquals"}},"identifier":"assertEquals"},"scope":{"!":"com.github.javaparser.ast.expr.NameExpr","range":{"beginLine":30,"beginColumn":3,"endLine":30,"endColumn":8},"tokenRange":{"beginToken":{"kind":94,"text":"Assert"},"endToken":{"kind":94,"text":"Assert"}},"name":{"!":"com.github.javaparser.ast.expr.SimpleName","range":{"beginLine":30,"beginColumn":3,"endLine":30,"endColumn":8},"tokenRange":{"beginToken":{"kind":94,"text":"Assert"},"endToken":{"kind":94,"text":"Assert"}},"identifier":"Assert"}}}}]},"type":{"!":"com.github.javaparser.ast.type.VoidType","range":{"beginLine":3,"beginColumn":9,"endLine":3,"endColumn":12},"tokenRange":{"beginToken":{"kind":62,"text":"void"},"endToken":{"kind":62,"text":"void"}},"annotations":[]},"modifiers":[{"!":"com.github.javaparser.ast.Modifier","range":{"beginLine":3,"beginColumn":2,"endLine":3,"endColumn":7},"tokenRange":{"beginToken":{"kind":47,"text":"public"},"endToken":{"kind":47,"text":"public"}},"keyword":"PUBLIC"}],"name":{"!":"com.github.javaparser.ast.expr.SimpleName","range":{"beginLine":3,"beginColumn":14,"endLine":3,"endColumn":27},"tokenRange":{"beginToken":{"kind":94,"text":"testTernaryMap"},"endToken":{"kind":94,"text":"testTernaryMap"}},"identifier":"testTernaryMap"},"parameters":[],"thrownExceptions":[],"typeParameters":[],"annotations":[{"!":"com.github.javaparser.ast.expr.MarkerAnnotationExpr","range":{"beginLine":2,"beginColumn":2,"endLine":2,"endColumn":6},"tokenRange":{"beginToken":{"kind":107,"text":"@"},"endToken":{"kind":94,"text":"Test"}},"name":{"!":"com.github.javaparser.ast.expr.Name","range":{"beginLine":2,"beginColumn":3,"endLine":2,"endColumn":6},"tokenRange":{"beginToken":{"kind":94,"text":"Test"},"endToken":{"kind":94,"text":"Test"}},"identifier":"Test"}}]}],"modifiers":[],"name":{"!":"com.github.javaparser.ast.expr.SimpleName","range":{"beginLine":1,"beginColumn":7,"endLine":1,"endColumn":10},"tokenRange":{"beginToken":{"kind":94,"text":"Test"},"endToken":{"kind":94,"text":"Test"}},"identifier":"Test"},"annotations":[]}]}