{"!":"com.github.javaparser.ast.CompilationUnit","range":{"beginLine":1,"beginColumn":1,"endLine":36,"endColumn":2},"tokenRange":{"beginToken":{"kind":19,"text":"class"},"endToken":{"kind":0,"text":""}},"imports":[],"types":[{"!":"com.github.javaparser.ast.body.ClassOrInterfaceDeclaration","range":{"beginLine":1,"beginColumn":1,"endLine":36,"endColumn":2},"tokenRange":{"beginToken":{"kind":19,"text":"class"},"endToken":{"kind":100,"text":"}"}},"extendedTypes":[],"implementedTypes":[],"isInterface":"false","typeParameters":[],"members":[{"!":"com.github.javaparser.ast.body.MethodDeclaration","range":{"beginLine":2,"beginColumn":2,"endLine":34,"endColumn":2},"tokenRange":{"beginToken":{"kind":107,"text":"@"},"endToken":{"kind":100,"text":"}"}},"body":{"!":"com.github.javaparser.ast.stmt.BlockStmt","range":{"beginLine":3,"beginColumn":36,"endLine":34,"endColumn":2},"tokenRange":{"beginToken":{"kind":99,"text":"{"},"endToken":{"kind":100,"text":"}"}},"statements":[{"!":"com.github.javaparser.ast.stmt.ExpressionStmt","range":{"beginLine":4,"beginColumn":3,"endLine":4,"endColumn":48},"tokenRange":{"beginToken":{"kind":94,"text":"EntityManager"},"endToken":{"kind":103,"text":";"}},"expression":{"!":"com.github.javaparser.ast.expr.VariableDeclarationExpr","range":{"beginLine":4,"beginColumn":3,"endLine":4,"endColumn":47},"tokenRange":{"beginToken":{"kind":94,"text":"EntityManager"},"endToken":{"kind":98,"text":")"}},"annotations":[],"modifiers":[],"variables":[{"!":"com.github.javaparser.ast.body.VariableDeclarator","range":{"beginLine":4,"beginColumn":17,"endLine":4,"endColumn":47},"tokenRange":{"beginToken":{"kind":94,"text":"em"},"endToken":{"kind":98,"text":")"}},"initializer":{"!":"com.github.javaparser.ast.expr.MethodCallExpr","range":{"beginLine":4,"beginColumn":22,"endLine":4,"endColumn":47},"tokenRange":{"beginToken":{"kind":94,"text":"getOrCreateEntityManager"},"endToken":{"kind":98,"text":")"}},"arguments":[],"name":{"!":"com.github.javaparser.ast.expr.SimpleName","range":{"beginLine":4,"beginColumn":22,"endLine":4,"endColumn":45},"tokenRange":{"beginToken":{"kind":94,"text":"getOrCreateEntityManager"},"endToken":{"kind":94,"text":"getOrCreateEntityManager"}},"identifier":"getOrCreateEntityManager"}},"name":{"!":"com.github.javaparser.ast.expr.SimpleName","range":{"beginLine":4,"beginColumn":17,"endLine":4,"endColumn":18},"tokenRange":{"beginToken":{"kind":94,"text":"em"},"endToken":{"kind":94,"text":"em"}},"identifier":"em"},"type":{"!":"com.github.javaparser.ast.type.ClassOrInterfaceType","range":{"beginLine":4,"beginColumn":3,"endLine":4,"endColumn":15},"tokenRange":{"beginToken":{"kind":94,"text":"EntityManager"},"endToken":{"kind":94,"text":"EntityManager"}},"name":{"!":"com.github.javaparser.ast.expr.SimpleName","range":{"beginLine":4,"beginColumn":3,"endLine":4,"endColumn":15},"tokenRange":{"beginToken":{"kind":94,"text":"EntityManager"},"endToken":{"kind":94,"text":"EntityManager"}},"identifier":"EntityManager"},"annotations":[]}}]}},{"!":"com.github.javaparser.ast.stmt.ExpressionStmt","range":{"beginLine":5,"beginColumn":3,"endLine":5,"endColumn":57},"tokenRange":{"beginToken":{"kind":94,"text":"Query"},"endToken":{"kind":103,"text":";"}},"expression":{"!":"com.github.javaparser.ast.expr.VariableDeclarationExpr","range":{"beginLine":5,"beginColumn":3,"endLine":5,"endColumn":56},"tokenRange":{"beginToken":{"kind":94,"text":"Query"},"endToken":{"kind":98,"text":")"}},"annotations":[],"modifiers":[],"variables":[{"!":"com.github.javaparser.ast.body.VariableDeclarator","range":{"beginLine":5,"beginColumn":9,"endLine":5,"endColumn":56},"tokenRange":{"beginToken":{"kind":94,"text":"jpaQuery"},"endToken":{"kind":98,"text":")"}},"initializer":{"!":"com.github.javaparser.ast.expr.MethodCallExpr","range":{"beginLine":5,"beginColumn":20,"endLine":5,"endColumn":56},"tokenRange":{"beginToken":{"kind":94,"text":"em"},"endToken":{"kind":98,"text":")"}},"arguments":[{"!":"com.github.javaparser.ast.expr.StringLiteralExpr","range":{"beginLine":5,"beginColumn":36,"endLine":5,"endColumn":54},"tokenRange":{"beginToken":{"kind":90,"text":"\"from SimpleEntity\""},"endToken":{"kind":90,"text":"\"from SimpleEntity\""}},"value":"from SimpleEntity"}],"name":{"!":"com.github.javaparser.ast.expr.SimpleName","range":{"beginLine":5,"beginColumn":23,"endLine":5,"endColumn":33},"tokenRange":{"beginToken":{"kind":94,"text":"createQuery"},"endToken":{"kind":94,"text":"createQuery"}},"identifier":"createQuery"},"scope":{"!":"com.github.javaparser.ast.expr.NameExpr","range":{"beginLine":5,"beginColumn":20,"endLine":5,"endColumn":21},"tokenRange":{"beginToken":{"kind":94,"text":"em"},"endToken":{"kind":94,"text":"em"}},"name":{"!":"com.github.javaparser.ast.expr.SimpleName","range":{"beginLine":5,"beginColumn":20,"endLine":5,"endColumn":21},"tokenRange":{"beginToken":{"kind":94,"text":"em"},"endToken":{"kind":94,"text":"em"}},"identifier":"em"}}},"name":{"!":"com.github.javaparser.ast.expr.SimpleName","range":{"beginLine":5,"beginColumn":9,"endLine":5,"endColumn":16},"tokenRange":{"beginToken":{"kind":94,"text":"jpaQuery"},"endToken":{"kind":94,"text":"jpaQuery"}},"identifier":"jpaQuery"},"type":{"!":"com.github.javaparser.ast.type.ClassOrInterfaceType","range":{"beginLine":5,"beginColumn":3,"endLine":5,"endColumn":7},"tokenRange":{"beginToken":{"kind":94,"text":"Query"},"endToken":{"kind":94,"text":"Query"}},"name":{"!":"com.github.javaparser.ast.expr.SimpleName","range":{"beginLine":5,"beginColumn":3,"endLine":5,"endColumn":7},"tokenRange":{"beginToken":{"kind":94,"text":"Query"},"endToken":{"kind":94,"text":"Query"}},"identifier":"Query"},"annotations":[]}}]}},{"!":"com.github.javaparser.ast.stmt.ExpressionStmt","range":{"beginLine":6,"beginColumn":3,"endLine":6,"endColumn":101},"tokenRange":{"beginToken":{"kind":94,"text":"AbstractQueryImpl"},"endToken":{"kind":103,"text":";"}},"expression":{"!":"com.github.javaparser.ast.expr.VariableDeclarationExpr","range":{"beginLine":6,"beginColumn":3,"endLine":6,"endColumn":100},"tokenRange":{"beginToken":{"kind":94,"text":"AbstractQueryImpl"},"endToken":{"kind":98,"text":")"}},"annotations":[],"modifiers":[],"variables":[{"!":"com.github.javaparser.ast.body.VariableDeclarator","range":{"beginLine":6,"beginColumn":21,"endLine":6,"endColumn":100},"tokenRange":{"beginToken":{"kind":94,"text":"hibQuery"},"endToken":{"kind":98,"text":")"}},"initializer":{"!":"com.github.javaparser.ast.expr.CastExpr","range":{"beginLine":6,"beginColumn":32,"endLine":6,"endColumn":100},"tokenRange":{"beginToken":{"kind":97,"text":"("},"endToken":{"kind":98,"text":")"}},"expression":{"!":"com.github.javaparser.ast.expr.MethodCallExpr","range":{"beginLine":6,"beginColumn":52,"endLine":6,"endColumn":100},"tokenRange":{"beginToken":{"kind":97,"text":"("},"endToken":{"kind":98,"text":")"}},"arguments":[],"name":{"!":"com.github.javaparser.ast.expr.SimpleName","range":{"beginLine":6,"beginColumn":82,"endLine":6,"endColumn":98},"tokenRange":{"beginToken":{"kind":94,"text":"getHibernateQuery"},"endToken":{"kind":94,"text":"getHibernateQuery"}},"identifier":"getHibernateQuery"},"scope":{"!":"com.github.javaparser.ast.expr.EnclosedExpr","range":{"beginLine":6,"beginColumn":52,"endLine":6,"endColumn":80},"tokenRange":{"beginToken":{"kind":97,"text":"("},"endToken":{"kind":98,"text":")"}},"inner":{"!":"com.github.javaparser.ast.expr.CastExpr","range":{"beginLine":6,"beginColumn":54,"endLine":6,"endColumn":78},"tokenRange":{"beginToken":{"kind":97,"text":"("},"endToken":{"kind":94,"text":"jpaQuery"}},"expression":{"!":"com.github.javaparser.ast.expr.NameExpr","range":{"beginLine":6,"beginColumn":71,"endLine":6,"endColumn":78},"tokenRange":{"beginToken":{"kind":94,"text":"jpaQuery"},"endToken":{"kind":94,"text":"jpaQuery"}},"name":{"!":"com.github.javaparser.ast.expr.SimpleName","range":{"beginLine":6,"beginColumn":71,"endLine":6,"endColumn":78},"tokenRange":{"beginToken":{"kind":94,"text":"jpaQuery"},"endToken":{"kind":94,"text":"jpaQuery"}},"identifier":"jpaQuery"}},"type":{"!":"com.github.javaparser.ast.type.ClassOrInterfaceType","range":{"beginLine":6,"beginColumn":55,"endLine":6,"endColumn":68},"tokenRange":{"beginToken":{"kind":94,"text":"HibernateQuery"},"endToken":{"kind":94,"text":"HibernateQuery"}},"name":{"!":"com.github.javaparser.ast.expr.SimpleName","range":{"beginLine":6,"beginColumn":55,"endLine":6,"endColumn":68},"tokenRange":{"beginToken":{"kind":94,"text":"HibernateQuery"},"endToken":{"kind":94,"text":"HibernateQuery"}},"identifier":"HibernateQuery"},"annotations":[]}}}},"type":{"!":"com.github.javaparser.ast.type.ClassOrInterfaceType","range":{"beginLine":6,"beginColumn":33,"endLine":6,"endColumn":49},"tokenRange":{"beginToken":{"kind":94,"text":"AbstractQueryImpl"},"endToken":{"kind":94,"text":"AbstractQueryImpl"}},"name":{"!":"com.github.javaparser.ast.expr.SimpleName","range":{"beginLine":6,"beginColumn":33,"endLine":6,"endColumn":49},"tokenRange":{"beginToken":{"kind":94,"text":"AbstractQueryImpl"},"endToken":{"kind":94,"text":"AbstractQueryImpl"}},"identifier":"AbstractQueryImpl"},"annotations":[]}},"name":{"!":"com.github.javaparser.ast.expr.SimpleName","range":{"beginLine":6,"beginColumn":21,"endLine":6,"endColumn":28},"tokenRange":{"beginToken":{"kind":94,"text":"hibQuery"},"endToken":{"kind":94,"text":"hibQuery"}},"identifier":"hibQuery"},"type":{"!":"com.github.javaparser.ast.type.ClassOrInterfaceType","range":{"beginLine":6,"beginColumn":3,"endLine":6,"endColumn":19},"tokenRange":{"beginToken":{"kind":94,"text":"AbstractQueryImpl"},"endToken":{"kind":94,"text":"AbstractQueryImpl"}},"name":{"!":"com.github.javaparser.ast.expr.SimpleName","range":{"beginLine":6,"beginColumn":3,"endLine":6,"endColumn":19},"tokenRange":{"beginToken":{"kind":94,"text":"AbstractQueryImpl"},"endToken":{"kind":94,"text":"AbstractQueryImpl"}},"identifier":"AbstractQueryImpl"},"annotations":[]}}]}},{"!":"com.github.javaparser.ast.stmt.ExpressionStmt","range":{"beginLine":8,"beginColumn":3,"endLine":8,"endColumn":84},"tokenRange":{"beginToken":{"kind":94,"text":"jpaQuery"},"endToken":{"kind":103,"text":";"}},"expression":{"!":"com.github.javaparser.ast.expr.MethodCallExpr","range":{"beginLine":8,"beginColumn":3,"endLine":8,"endColumn":83},"tokenRange":{"beginToken":{"kind":94,"text":"jpaQuery"},"endToken":{"kind":98,"text":")"}},"arguments":[{"!":"com.github.javaparser.ast.expr.FieldAccessExpr","range":{"beginLine":8,"beginColumn":21,"endLine":8,"endColumn":61},"tokenRange":{"beginToken":{"kind":94,"text":"AvailableSettings"},"endToken":{"kind":94,"text":"SHARED_CACHE_STORE_MODE"}},"name":{"!":"com.github.javaparser.ast.expr.SimpleName","range":{"beginLine":8,"beginColumn":39,"endLine":8,"endColumn":61},"tokenRange":{"beginToken":{"kind":94,"text":"SHARED_CACHE_STORE_MODE"},"endToken":{"kind":94,"text":"SHARED_CACHE_STORE_MODE"}},"identifier":"SHARED_CACHE_STORE_MODE"},"scope":{"!":"com.github.javaparser.ast.expr.NameExpr","range":{"beginLine":8,"beginColumn":21,"endLine":8,"endColumn":37},"tokenRange":{"beginToken":{"kind":94,"text":"AvailableSettings"},"endToken":{"kind":94,"text":"AvailableSettings"}},"name":{"!":"com.github.javaparser.ast.expr.SimpleName","range":{"beginLine":8,"beginColumn":21,"endLine":8,"endColumn":37},"tokenRange":{"beginToken":{"kind":94,"text":"AvailableSettings"},"endToken":{"kind":94,"text":"AvailableSettings"}},"identifier":"AvailableSettings"}}},{"!":"com.github.javaparser.ast.expr.FieldAccessExpr","range":{"beginLine":8,"beginColumn":64,"endLine":8,"endColumn":81},"tokenRange":{"beginToken":{"kind":94,"text":"CacheStoreMode"},"endToken":{"kind":94,"text":"USE"}},"name":{"!":"com.github.javaparser.ast.expr.SimpleName","range":{"beginLine":8,"beginColumn":79,"endLine":8,"endColumn":81},"tokenRange":{"beginToken":{"kind":94,"text":"USE"},"endToken":{"kind":94,"text":"USE"}},"identifier":"USE"},"scope":{"!":"com.github.javaparser.ast.expr.NameExpr","range":{"beginLine":8,"beginColumn":64,"endLine":8,"endColumn":77},"tokenRange":{"beginToken":{"kind":94,"text":"CacheStoreMode"},"endToken":{"kind":94,"text":"CacheStoreMode"}},"name":{"!":"com.github.javaparser.ast.expr.SimpleName","range":{"beginLine":8,"beginColumn":64,"endLine":8,"endColumn":77},"tokenRange":{"beginToken":{"kind":94,"text":"CacheStoreMode"},"endToken":{"kind":94,"text":"CacheStoreMode"}},"identifier":"CacheStoreMode"}}}],"name":{"!":"com.github.javaparser.ast.expr.SimpleName","range":{"beginLine":8,"beginColumn":12,"endLine":8,"endColumn":18},"tokenRange":{"beginToken":{"kind":94,"text":"setHint"},"endToken":{"kind":94,"text":"setHint"}},"identifier":"setHint"},"scope":{"!":"com.github.javaparser.ast.expr.NameExpr","range":{"beginLine":8,"beginColumn":3,"endLine":8,"endColumn":10},"tokenRange":{"beginToken":{"kind":94,"text":"jpaQuery"},"endToken":{"kind":94,"text":"jpaQuery"}},"name":{"!":"com.github.javaparser.ast.expr.SimpleName","range":{"beginLine":8,"beginColumn":3,"endLine":8,"endColumn":10},"tokenRange":{"beginToken":{"kind":94,"text":"jpaQuery"},"endToken":{"kind":94,"text":"jpaQuery"}},"identifier":"jpaQuery"}}}},{"!":"com.github.javaparser.ast.stmt.ExpressionStmt","range":{"beginLine":9,"beginColumn":3,"endLine":9,"endColumn":107},"tokenRange":{"beginToken":{"kind":94,"text":"assertEquals"},"endToken":{"kind":103,"text":";"}},"expression":{"!":"com.github.javaparser.ast.expr.MethodCallExpr","range":{"beginLine":9,"beginColumn":3,"endLine":9,"endColumn":106},"tokenRange":{"beginToken":{"kind":94,"text":"assertEquals"},"endToken":{"kind":98,"text":")"}},"arguments":[{"!":"com.github.javaparser.ast.expr.FieldAccessExpr","range":{"beginLine":9,"beginColumn":17,"endLine":9,"endColumn":34},"tokenRange":{"beginToken":{"kind":94,"text":"CacheStoreMode"},"endToken":{"kind":94,"text":"USE"}},"name":{"!":"com.github.javaparser.ast.expr.SimpleName","range":{"beginLine":9,"beginColumn":32,"endLine":9,"endColumn":34},"tokenRange":{"beginToken":{"kind":94,"text":"USE"},"endToken":{"kind":94,"text":"USE"}},"identifier":"USE"},"scope":{"!":"com.github.javaparser.ast.expr.NameExpr","range":{"beginLine":9,"beginColumn":17,"endLine":9,"endColumn":30},"tokenRange":{"beginToken":{"kind":94,"text":"CacheStoreMode"},"endToken":{"kind":94,"text":"CacheStoreMode"}},"name":{"!":"com.github.javaparser.ast.expr.SimpleName","range":{"beginLine":9,"beginColumn":17,"endLine":9,"endColumn":30},"tokenRange":{"beginToken":{"kind":94,"text":"CacheStoreMode"},"endToken":{"kind":94,"text":"CacheStoreMode"}},"identifier":"CacheStoreMode"}}},{"!":"com.github.javaparser.ast.expr.MethodCallExpr","range":{"beginLine":9,"beginColumn":37,"endLine":9,"endColumn":104},"tokenRange":{"beginToken":{"kind":94,"text":"jpaQuery"},"endToken":{"kind":98,"text":")"}},"arguments":[{"!":"com.github.javaparser.ast.expr.FieldAccessExpr","range":{"beginLine":9,"beginColumn":62,"endLine":9,"endColumn":102},"tokenRange":{"beginToken":{"kind":94,"text":"AvailableSettings"},"endToken":{"kind":94,"text":"SHARED_CACHE_STORE_MODE"}},"name":{"!":"com.github.javaparser.ast.expr.SimpleName","range":{"beginLine":9,"beginColumn":80,"endLine":9,"endColumn":102},"tokenRange":{"beginToken":{"kind":94,"text":"SHARED_CACHE_STORE_MODE"},"endToken":{"kind":94,"text":"SHARED_CACHE_STORE_MODE"}},"identifier":"SHARED_CACHE_STORE_MODE"},"scope":{"!":"com.github.javaparser.ast.expr.NameExpr","range":{"beginLine":9,"beginColumn":62,"endLine":9,"endColumn":78},"tokenRange":{"beginToken":{"kind":94,"text":"AvailableSettings"},"endToken":{"kind":94,"text":"AvailableSettings"}},"name":{"!":"com.github.javaparser.ast.expr.SimpleName","range":{"beginLine":9,"beginColumn":62,"endLine":9,"endColumn":78},"tokenRange":{"beginToken":{"kind":94,"text":"AvailableSettings"},"endToken":{"kind":94,"text":"AvailableSettings"}},"identifier":"AvailableSettings"}}}],"name":{"!":"com.github.javaparser.ast.expr.SimpleName","range":{"beginLine":9,"beginColumn":57,"endLine":9,"endColumn":59},"tokenRange":{"beginToken":{"kind":94,"text":"get"},"endToken":{"kind":94,"text":"get"}},"identifier":"get"},"scope":{"!":"com.github.javaparser.ast.expr.MethodCallExpr","range":{"beginLine":9,"beginColumn":37,"endLine":9,"endColumn":55},"tokenRange":{"beginToken":{"kind":94,"text":"jpaQuery"},"endToken":{"kind":98,"text":")"}},"arguments":[],"name":{"!":"com.github.javaparser.ast.expr.SimpleName","range":{"beginLine":9,"beginColumn":46,"endLine":9,"endColumn":53},"tokenRange":{"beginToken":{"kind":94,"text":"getHints"},"endToken":{"kind":94,"text":"getHints"}},"identifier":"getHints"},"scope":{"!":"com.github.javaparser.ast.expr.NameExpr","range":{"beginLine":9,"beginColumn":37,"endLine":9,"endColumn":44},"tokenRange":{"beginToken":{"kind":94,"text":"jpaQuery"},"endToken":{"kind":94,"text":"jpaQuery"}},"name":{"!":"com.github.javaparser.ast.expr.SimpleName","range":{"beginLine":9,"beginColumn":37,"endLine":9,"endColumn":44},"tokenRange":{"beginToken":{"kind":94,"text":"jpaQuery"},"endToken":{"kind":94,"text":"jpaQuery"}},"identifier":"jpaQuery"}}}}],"name":{"!":"com.github.javaparser.ast.expr.SimpleName","range":{"beginLine":9,"beginColumn":3,"endLine":9,"endColumn":14},"tokenRange":{"beginToken":{"kind":94,"text":"assertEquals"},"endToken":{"kind":94,"text":"assertEquals"}},"identifier":"assertEquals"}}},{"!":"com.github.javaparser.ast.stmt.ExpressionStmt","range":{"beginLine":10,"beginColumn":3,"endLine":10,"endColumn":60},"tokenRange":{"beginToken":{"kind":94,"text":"assertEquals"},"endToken":{"kind":103,"text":";"}},"expression":{"!":"com.github.javaparser.ast.expr.MethodCallExpr","range":{"beginLine":10,"beginColumn":3,"endLine":10,"endColumn":59},"tokenRange":{"beginToken":{"kind":94,"text":"assertEquals"},"endToken":{"kind":98,"text":")"}},"arguments":[{"!":"com.github.javaparser.ast.expr.FieldAccessExpr","range":{"beginLine":10,"beginColumn":17,"endLine":10,"endColumn":32},"tokenRange":{"beginToken":{"kind":94,"text":"CacheMode"},"endToken":{"kind":94,"text":"NORMAL"}},"name":{"!":"com.github.javaparser.ast.expr.SimpleName","range":{"beginLine":10,"beginColumn":27,"endLine":10,"endColumn":32},"tokenRange":{"beginToken":{"kind":94,"text":"NORMAL"},"endToken":{"kind":94,"text":"NORMAL"}},"identifier":"NORMAL"},"scope":{"!":"com.github.javaparser.ast.expr.NameExpr","range":{"beginLine":10,"beginColumn":17,"endLine":10,"endColumn":25},"tokenRange":{"beginToken":{"kind":94,"text":"CacheMode"},"endToken":{"kind":94,"text":"CacheMode"}},"name":{"!":"com.github.javaparser.ast.expr.SimpleName","range":{"beginLine":10,"beginColumn":17,"endLine":10,"endColumn":25},"tokenRange":{"beginToken":{"kind":94,"text":"CacheMode"},"endToken":{"kind":94,"text":"CacheMode"}},"identifier":"CacheMode"}}},{"!":"com.github.javaparser.ast.expr.MethodCallExpr","range":{"beginLine":10,"beginColumn":35,"endLine":10,"endColumn":57},"tokenRange":{"beginToken":{"kind":94,"text":"hibQuery"},"endToken":{"kind":98,"text":")"}},"arguments":[],"name":{"!":"com.github.javaparser.ast.expr.SimpleName","range":{"beginLine":10,"beginColumn":44,"endLine":10,"endColumn":55},"tokenRange":{"beginToken":{"kind":94,"text":"getCacheMode"},"endToken":{"kind":94,"text":"getCacheMode"}},"identifier":"getCacheMode"},"scope":{"!":"com.github.javaparser.ast.expr.NameExpr","range":{"beginLine":10,"beginColumn":35,"endLine":10,"endColumn":42},"tokenRange":{"beginToken":{"kind":94,"text":"hibQuery"},"endToken":{"kind":94,"text":"hibQuery"}},"name":{"!":"com.github.javaparser.ast.expr.SimpleName","range":{"beginLine":10,"beginColumn":35,"endLine":10,"endColumn":42},"tokenRange":{"beginToken":{"kind":94,"text":"hibQuery"},"endToken":{"kind":94,"text":"hibQuery"}},"identifier":"hibQuery"}}}],"name":{"!":"com.github.javaparser.ast.expr.SimpleName","range":{"beginLine":10,"beginColumn":3,"endLine":10,"endColumn":14},"tokenRange":{"beginToken":{"kind":94,"text":"assertEquals"},"endToken":{"kind":94,"text":"assertEquals"}},"identifier":"assertEquals"}}},{"!":"com.github.javaparser.ast.stmt.ExpressionStmt","range":{"beginLine":12,"beginColumn":3,"endLine":12,"endColumn":87},"tokenRange":{"beginToken":{"kind":94,"text":"jpaQuery"},"endToken":{"kind":103,"text":";"}},"expression":{"!":"com.github.javaparser.ast.expr.MethodCallExpr","range":{"beginLine":12,"beginColumn":3,"endLine":12,"endColumn":86},"tokenRange":{"beginToken":{"kind":94,"text":"jpaQuery"},"endToken":{"kind":98,"text":")"}},"arguments":[{"!":"com.github.javaparser.ast.expr.FieldAccessExpr","range":{"beginLine":12,"beginColumn":21,"endLine":12,"endColumn":61},"tokenRange":{"beginToken":{"kind":94,"text":"AvailableSettings"},"endToken":{"kind":94,"text":"SHARED_CACHE_STORE_MODE"}},"name":{"!":"com.github.javaparser.ast.expr.SimpleName","range":{"beginLine":12,"beginColumn":39,"endLine":12,"endColumn":61},"tokenRange":{"beginToken":{"kind":94,"text":"SHARED_CACHE_STORE_MODE"},"endToken":{"kind":94,"text":"SHARED_CACHE_STORE_MODE"}},"identifier":"SHARED_CACHE_STORE_MODE"},"scope":{"!":"com.github.javaparser.ast.expr.NameExpr","range":{"beginLine":12,"beginColumn":21,"endLine":12,"endColumn":37},"tokenRange":{"beginToken":{"kind":94,"text":"AvailableSettings"},"endToken":{"kind":94,"text":"AvailableSettings"}},"name":{"!":"com.github.javaparser.ast.expr.SimpleName","range":{"beginLine":12,"beginColumn":21,"endLine":12,"endColumn":37},"tokenRange":{"beginToken":{"kind":94,"text":"AvailableSettings"},"endToken":{"kind":94,"text":"AvailableSettings"}},"identifier":"AvailableSettings"}}},{"!":"com.github.javaparser.ast.expr.FieldAccessExpr","range":{"beginLine":12,"beginColumn":64,"endLine":12,"endColumn":84},"tokenRange":{"beginToken":{"kind":94,"text":"CacheStoreMode"},"endToken":{"kind":94,"text":"BYPASS"}},"name":{"!":"com.github.javaparser.ast.expr.SimpleName","range":{"beginLine":12,"beginColumn":79,"endLine":12,"endColumn":84},"tokenRange":{"beginToken":{"kind":94,"text":"BYPASS"},"endToken":{"kind":94,"text":"BYPASS"}},"identifier":"BYPASS"},"scope":{"!":"com.github.javaparser.ast.expr.NameExpr","range":{"beginLine":12,"beginColumn":64,"endLine":12,"endColumn":77},"tokenRange":{"beginToken":{"kind":94,"text":"CacheStoreMode"},"endToken":{"kind":94,"text":"CacheStoreMode"}},"name":{"!":"com.github.javaparser.ast.expr.SimpleName","range":{"beginLine":12,"beginColumn":64,"endLine":12,"endColumn":77},"tokenRange":{"beginToken":{"kind":94,"text":"CacheStoreMode"},"endToken":{"kind":94,"text":"CacheStoreMode"}},"identifier":"CacheStoreMode"}}}],"name":{"!":"com.github.javaparser.ast.expr.SimpleName","range":{"beginLine":12,"beginColumn":12,"endLine":12,"endColumn":18},"tokenRange":{"beginToken":{"kind":94,"text":"setHint"},"endToken":{"kind":94,"text":"setHint"}},"identifier":"setHint"},"scope":{"!":"com.github.javaparser.ast.expr.NameExpr","range":{"beginLine":12,"beginColumn":3,"endLine":12,"endColumn":10},"tokenRange":{"beginToken":{"kind":94,"text":"jpaQuery"},"endToken":{"kind":94,"text":"jpaQuery"}},"name":{"!":"com.github.javaparser.ast.expr.SimpleName","range":{"beginLine":12,"beginColumn":3,"endLine":12,"endColumn":10},"tokenRange":{"beginToken":{"kind":94,"text":"jpaQuery"},"endToken":{"kind":94,"text":"jpaQuery"}},"identifier":"jpaQuery"}}}},{"!":"com.github.javaparser.ast.stmt.ExpressionStmt","range":{"beginLine":13,"beginColumn":3,"endLine":13,"endColumn":110},"tokenRange":{"beginToken":{"kind":94,"text":"assertEquals"},"endToken":{"kind":103,"text":";"}},"expression":{"!":"com.github.javaparser.ast.expr.MethodCallExpr","range":{"beginLine":13,"beginColumn":3,"endLine":13,"endColumn":109},"tokenRange":{"beginToken":{"kind":94,"text":"assertEquals"},"endToken":{"kind":98,"text":")"}},"arguments":[{"!":"com.github.javaparser.ast.expr.FieldAccessExpr","range":{"beginLine":13,"beginColumn":17,"endLine":13,"endColumn":37},"tokenRange":{"beginToken":{"kind":94,"text":"CacheStoreMode"},"endToken":{"kind":94,"text":"BYPASS"}},"name":{"!":"com.github.javaparser.ast.expr.SimpleName","range":{"beginLine":13,"beginColumn":32,"endLine":13,"endColumn":37},"tokenRange":{"beginToken":{"kind":94,"text":"BYPASS"},"endToken":{"kind":94,"text":"BYPASS"}},"identifier":"BYPASS"},"scope":{"!":"com.github.javaparser.ast.expr.NameExpr","range":{"beginLine":13,"beginColumn":17,"endLine":13,"endColumn":30},"tokenRange":{"beginToken":{"kind":94,"text":"CacheStoreMode"},"endToken":{"kind":94,"text":"CacheStoreMode"}},"name":{"!":"com.github.javaparser.ast.expr.SimpleName","range":{"beginLine":13,"beginColumn":17,"endLine":13,"endColumn":30},"tokenRange":{"beginToken":{"kind":94,"text":"CacheStoreMode"},"endToken":{"kind":94,"text":"CacheStoreMode"}},"identifier":"CacheStoreMode"}}},{"!":"com.github.javaparser.ast.expr.MethodCallExpr","range":{"beginLine":13,"beginColumn":40,"endLine":13,"endColumn":107},"tokenRange":{"beginToken":{"kind":94,"text":"jpaQuery"},"endToken":{"kind":98,"text":")"}},"arguments":[{"!":"com.github.javaparser.ast.expr.FieldAccessExpr","range":{"beginLine":13,"beginColumn":65,"endLine":13,"endColumn":105},"tokenRange":{"beginToken":{"kind":94,"text":"AvailableSettings"},"endToken":{"kind":94,"text":"SHARED_CACHE_STORE_MODE"}},"name":{"!":"com.github.javaparser.ast.expr.SimpleName","range":{"beginLine":13,"beginColumn":83,"endLine":13,"endColumn":105},"tokenRange":{"beginToken":{"kind":94,"text":"SHARED_CACHE_STORE_MODE"},"endToken":{"kind":94,"text":"SHARED_CACHE_STORE_MODE"}},"identifier":"SHARED_CACHE_STORE_MODE"},"scope":{"!":"com.github.javaparser.ast.expr.NameExpr","range":{"beginLine":13,"beginColumn":65,"endLine":13,"endColumn":81},"tokenRange":{"beginToken":{"kind":94,"text":"AvailableSettings"},"endToken":{"kind":94,"text":"AvailableSettings"}},"name":{"!":"com.github.javaparser.ast.expr.SimpleName","range":{"beginLine":13,"beginColumn":65,"endLine":13,"endColumn":81},"tokenRange":{"beginToken":{"kind":94,"text":"AvailableSettings"},"endToken":{"kind":94,"text":"AvailableSettings"}},"identifier":"AvailableSettings"}}}],"name":{"!":"com.github.javaparser.ast.expr.SimpleName","range":{"beginLine":13,"beginColumn":60,"endLine":13,"endColumn":62},"tokenRange":{"beginToken":{"kind":94,"text":"get"},"endToken":{"kind":94,"text":"get"}},"identifier":"get"},"scope":{"!":"com.github.javaparser.ast.expr.MethodCallExpr","range":{"beginLine":13,"beginColumn":40,"endLine":13,"endColumn":58},"tokenRange":{"beginToken":{"kind":94,"text":"jpaQuery"},"endToken":{"kind":98,"text":")"}},"arguments":[],"name":{"!":"com.github.javaparser.ast.expr.SimpleName","range":{"beginLine":13,"beginColumn":49,"endLine":13,"endColumn":56},"tokenRange":{"beginToken":{"kind":94,"text":"getHints"},"endToken":{"kind":94,"text":"getHints"}},"identifier":"getHints"},"scope":{"!":"com.github.javaparser.ast.expr.NameExpr","range":{"beginLine":13,"beginColumn":40,"endLine":13,"endColumn":47},"tokenRange":{"beginToken":{"kind":94,"text":"jpaQuery"},"endToken":{"kind":94,"text":"jpaQuery"}},"name":{"!":"com.github.javaparser.ast.expr.SimpleName","range":{"beginLine":13,"beginColumn":40,"endLine":13,"endColumn":47},"tokenRange":{"beginToken":{"kind":94,"text":"jpaQuery"},"endToken":{"kind":94,"text":"jpaQuery"}},"identifier":"jpaQuery"}}}}],"name":{"!":"com.github.javaparser.ast.expr.SimpleName","range":{"beginLine":13,"beginColumn":3,"endLine":13,"endColumn":14},"tokenRange":{"beginToken":{"kind":94,"text":"assertEquals"},"endToken":{"kind":94,"text":"assertEquals"}},"identifier":"assertEquals"}}},{"!":"com.github.javaparser.ast.stmt.ExpressionStmt","range":{"beginLine":14,"beginColumn":3,"endLine":14,"endColumn":57},"tokenRange":{"beginToken":{"kind":94,"text":"assertEquals"},"endToken":{"kind":103,"text":";"}},"expression":{"!":"com.github.javaparser.ast.expr.MethodCallExpr","range":{"beginLine":14,"beginColumn":3,"endLine":14,"endColumn":56},"tokenRange":{"beginToken":{"kind":94,"text":"assertEquals"},"endToken":{"kind":98,"text":")"}},"arguments":[{"!":"com.github.javaparser.ast.expr.FieldAccessExpr","range":{"beginLine":14,"beginColumn":17,"endLine":14,"endColumn":29},"tokenRange":{"beginToken":{"kind":94,"text":"CacheMode"},"endToken":{"kind":94,"text":"GET"}},"name":{"!":"com.github.javaparser.ast.expr.SimpleName","range":{"beginLine":14,"beginColumn":27,"endLine":14,"endColumn":29},"tokenRange":{"beginToken":{"kind":94,"text":"GET"},"endToken":{"kind":94,"text":"GET"}},"identifier":"GET"},"scope":{"!":"com.github.javaparser.ast.expr.NameExpr","range":{"beginLine":14,"beginColumn":17,"endLine":14,"endColumn":25},"tokenRange":{"beginToken":{"kind":94,"text":"CacheMode"},"endToken":{"kind":94,"text":"CacheMode"}},"name":{"!":"com.github.javaparser.ast.expr.SimpleName","range":{"beginLine":14,"beginColumn":17,"endLine":14,"endColumn":25},"tokenRange":{"beginToken":{"kind":94,"text":"CacheMode"},"endToken":{"kind":94,"text":"CacheMode"}},"identifier":"CacheMode"}}},{"!":"com.github.javaparser.ast.expr.MethodCallExpr","range":{"beginLine":14,"beginColumn":32,"endLine":14,"endColumn":54},"tokenRange":{"beginToken":{"kind":94,"text":"hibQuery"},"endToken":{"kind":98,"text":")"}},"arguments":[],"name":{"!":"com.github.javaparser.ast.expr.SimpleName","range":{"beginLine":14,"beginColumn":41,"endLine":14,"endColumn":52},"tokenRange":{"beginToken":{"kind":94,"text":"getCacheMode"},"endToken":{"kind":94,"text":"getCacheMode"}},"identifier":"getCacheMode"},"scope":{"!":"com.github.javaparser.ast.expr.NameExpr","range":{"beginLine":14,"beginColumn":32,"endLine":14,"endColumn":39},"tokenRange":{"beginToken":{"kind":94,"text":"hibQuery"},"endToken":{"kind":94,"text":"hibQuery"}},"name":{"!":"com.github.javaparser.ast.expr.SimpleName","range":{"beginLine":14,"beginColumn":32,"endLine":14,"endColumn":39},"tokenRange":{"beginToken":{"kind":94,"text":"hibQuery"},"endToken":{"kind":94,"text":"hibQuery"}},"identifier":"hibQuery"}}}],"name":{"!":"com.github.javaparser.ast.expr.SimpleName","range":{"beginLine":14,"beginColumn":3,"endLine":14,"endColumn":14},"tokenRange":{"beginToken":{"kind":94,"text":"assertEquals"},"endToken":{"kind":94,"text":"assertEquals"}},"identifier":"assertEquals"}}},{"!":"com.github.javaparser.ast.stmt.ExpressionStmt","range":{"beginLine":16,"beginColumn":3,"endLine":16,"endColumn":88},"tokenRange":{"beginToken":{"kind":94,"text":"jpaQuery"},"endToken":{"kind":103,"text":";"}},"expression":{"!":"com.github.javaparser.ast.expr.MethodCallExpr","range":{"beginLine":16,"beginColumn":3,"endLine":16,"endColumn":87},"tokenRange":{"beginToken":{"kind":94,"text":"jpaQuery"},"endToken":{"kind":98,"text":")"}},"arguments":[{"!":"com.github.javaparser.ast.expr.FieldAccessExpr","range":{"beginLine":16,"beginColumn":21,"endLine":16,"endColumn":61},"tokenRange":{"beginToken":{"kind":94,"text":"AvailableSettings"},"endToken":{"kind":94,"text":"SHARED_CACHE_STORE_MODE"}},"name":{"!":"com.github.javaparser.ast.expr.SimpleName","range":{"beginLine":16,"beginColumn":39,"endLine":16,"endColumn":61},"tokenRange":{"beginToken":{"kind":94,"text":"SHARED_CACHE_STORE_MODE"},"endToken":{"kind":94,"text":"SHARED_CACHE_STORE_MODE"}},"identifier":"SHARED_CACHE_STORE_MODE"},"scope":{"!":"com.github.javaparser.ast.expr.NameExpr","range":{"beginLine":16,"beginColumn":21,"endLine":16,"endColumn":37},"tokenRange":{"beginToken":{"kind":94,"text":"AvailableSettings"},"endToken":{"kind":94,"text":"AvailableSettings"}},"name":{"!":"com.github.javaparser.ast.expr.SimpleName","range":{"beginLine":16,"beginColumn":21,"endLine":16,"endColumn":37},"tokenRange":{"beginToken":{"kind":94,"text":"AvailableSettings"},"endToken":{"kind":94,"text":"AvailableSettings"}},"identifier":"AvailableSettings"}}},{"!":"com.github.javaparser.ast.expr.FieldAccessExpr","range":{"beginLine":16,"beginColumn":64,"endLine":16,"endColumn":85},"tokenRange":{"beginToken":{"kind":94,"text":"CacheStoreMode"},"endToken":{"kind":94,"text":"REFRESH"}},"name":{"!":"com.github.javaparser.ast.expr.SimpleName","range":{"beginLine":16,"beginColumn":79,"endLine":16,"endColumn":85},"tokenRange":{"beginToken":{"kind":94,"text":"REFRESH"},"endToken":{"kind":94,"text":"REFRESH"}},"identifier":"REFRESH"},"scope":{"!":"com.github.javaparser.ast.expr.NameExpr","range":{"beginLine":16,"beginColumn":64,"endLine":16,"endColumn":77},"tokenRange":{"beginToken":{"kind":94,"text":"CacheStoreMode"},"endToken":{"kind":94,"text":"CacheStoreMode"}},"name":{"!":"com.github.javaparser.ast.expr.SimpleName","range":{"beginLine":16,"beginColumn":64,"endLine":16,"endColumn":77},"tokenRange":{"beginToken":{"kind":94,"text":"CacheStoreMode"},"endToken":{"kind":94,"text":"CacheStoreMode"}},"identifier":"CacheStoreMode"}}}],"name":{"!":"com.github.javaparser.ast.expr.SimpleName","range":{"beginLine":16,"beginColumn":12,"endLine":16,"endColumn":18},"tokenRange":{"beginToken":{"kind":94,"text":"setHint"},"endToken":{"kind":94,"text":"setHint"}},"identifier":"setHint"},"scope":{"!":"com.github.javaparser.ast.expr.NameExpr","range":{"beginLine":16,"beginColumn":3,"endLine":16,"endColumn":10},"tokenRange":{"beginToken":{"kind":94,"text":"jpaQuery"},"endToken":{"kind":94,"text":"jpaQuery"}},"name":{"!":"com.github.javaparser.ast.expr.SimpleName","range":{"beginLine":16,"beginColumn":3,"endLine":16,"endColumn":10},"tokenRange":{"beginToken":{"kind":94,"text":"jpaQuery"},"endToken":{"kind":94,"text":"jpaQuery"}},"identifier":"jpaQuery"}}}},{"!":"com.github.javaparser.ast.stmt.ExpressionStmt","range":{"beginLine":17,"beginColumn":3,"endLine":17,"endColumn":111},"tokenRange":{"beginToken":{"kind":94,"text":"assertEquals"},"endToken":{"kind":103,"text":";"}},"expression":{"!":"com.github.javaparser.ast.expr.MethodCallExpr","range":{"beginLine":17,"beginColumn":3,"endLine":17,"endColumn":110},"tokenRange":{"beginToken":{"kind":94,"text":"assertEquals"},"endToken":{"kind":98,"text":")"}},"arguments":[{"!":"com.github.javaparser.ast.expr.FieldAccessExpr","range":{"beginLine":17,"beginColumn":17,"endLine":17,"endColumn":38},"tokenRange":{"beginToken":{"kind":94,"text":"CacheStoreMode"},"endToken":{"kind":94,"text":"REFRESH"}},"name":{"!":"com.github.javaparser.ast.expr.SimpleName","range":{"beginLine":17,"beginColumn":32,"endLine":17,"endColumn":38},"tokenRange":{"beginToken":{"kind":94,"text":"REFRESH"},"endToken":{"kind":94,"text":"REFRESH"}},"identifier":"REFRESH"},"scope":{"!":"com.github.javaparser.ast.expr.NameExpr","range":{"beginLine":17,"beginColumn":17,"endLine":17,"endColumn":30},"tokenRange":{"beginToken":{"kind":94,"text":"CacheStoreMode"},"endToken":{"kind":94,"text":"CacheStoreMode"}},"name":{"!":"com.github.javaparser.ast.expr.SimpleName","range":{"beginLine":17,"beginColumn":17,"endLine":17,"endColumn":30},"tokenRange":{"beginToken":{"kind":94,"text":"CacheStoreMode"},"endToken":{"kind":94,"text":"CacheStoreMode"}},"identifier":"CacheStoreMode"}}},{"!":"com.github.javaparser.ast.expr.MethodCallExpr","range":{"beginLine":17,"beginColumn":41,"endLine":17,"endColumn":108},"tokenRange":{"beginToken":{"kind":94,"text":"jpaQuery"},"endToken":{"kind":98,"text":")"}},"arguments":[{"!":"com.github.javaparser.ast.expr.FieldAccessExpr","range":{"beginLine":17,"beginColumn":66,"endLine":17,"endColumn":106},"tokenRange":{"beginToken":{"kind":94,"text":"AvailableSettings"},"endToken":{"kind":94,"text":"SHARED_CACHE_STORE_MODE"}},"name":{"!":"com.github.javaparser.ast.expr.SimpleName","range":{"beginLine":17,"beginColumn":84,"endLine":17,"endColumn":106},"tokenRange":{"beginToken":{"kind":94,"text":"SHARED_CACHE_STORE_MODE"},"endToken":{"kind":94,"text":"SHARED_CACHE_STORE_MODE"}},"identifier":"SHARED_CACHE_STORE_MODE"},"scope":{"!":"com.github.javaparser.ast.expr.NameExpr","range":{"beginLine":17,"beginColumn":66,"endLine":17,"endColumn":82},"tokenRange":{"beginToken":{"kind":94,"text":"AvailableSettings"},"endToken":{"kind":94,"text":"AvailableSettings"}},"name":{"!":"com.github.javaparser.ast.expr.SimpleName","range":{"beginLine":17,"beginColumn":66,"endLine":17,"endColumn":82},"tokenRange":{"beginToken":{"kind":94,"text":"AvailableSettings"},"endToken":{"kind":94,"text":"AvailableSettings"}},"identifier":"AvailableSettings"}}}],"name":{"!":"com.github.javaparser.ast.expr.SimpleName","range":{"beginLine":17,"beginColumn":61,"endLine":17,"endColumn":63},"tokenRange":{"beginToken":{"kind":94,"text":"get"},"endToken":{"kind":94,"text":"get"}},"identifier":"get"},"scope":{"!":"com.github.javaparser.ast.expr.MethodCallExpr","range":{"beginLine":17,"beginColumn":41,"endLine":17,"endColumn":59},"tokenRange":{"beginToken":{"kind":94,"text":"jpaQuery"},"endToken":{"kind":98,"text":")"}},"arguments":[],"name":{"!":"com.github.javaparser.ast.expr.SimpleName","range":{"beginLine":17,"beginColumn":50,"endLine":17,"endColumn":57},"tokenRange":{"beginToken":{"kind":94,"text":"getHints"},"endToken":{"kind":94,"text":"getHints"}},"identifier":"getHints"},"scope":{"!":"com.github.javaparser.ast.expr.NameExpr","range":{"beginLine":17,"beginColumn":41,"endLine":17,"endColumn":48},"tokenRange":{"beginToken":{"kind":94,"text":"jpaQuery"},"endToken":{"kind":94,"text":"jpaQuery"}},"name":{"!":"com.github.javaparser.ast.expr.SimpleName","range":{"beginLine":17,"beginColumn":41,"endLine":17,"endColumn":48},"tokenRange":{"beginToken":{"kind":94,"text":"jpaQuery"},"endToken":{"kind":94,"text":"jpaQuery"}},"identifier":"jpaQuery"}}}}],"name":{"!":"com.github.javaparser.ast.expr.SimpleName","range":{"beginLine":17,"beginColumn":3,"endLine":17,"endColumn":14},"tokenRange":{"beginToken":{"kind":94,"text":"assertEquals"},"endToken":{"kind":94,"text":"assertEquals"}},"identifier":"assertEquals"}}},{"!":"com.github.javaparser.ast.stmt.ExpressionStmt","range":{"beginLine":18,"beginColumn":3,"endLine":18,"endColumn":61},"tokenRange":{"beginToken":{"kind":94,"text":"assertEquals"},"endToken":{"kind":103,"text":";"}},"expression":{"!":"com.github.javaparser.ast.expr.MethodCallExpr","range":{"beginLine":18,"beginColumn":3,"endLine":18,"endColumn":60},"tokenRange":{"beginToken":{"kind":94,"text":"assertEquals"},"endToken":{"kind":98,"text":")"}},"arguments":[{"!":"com.github.javaparser.ast.expr.FieldAccessExpr","range":{"beginLine":18,"beginColumn":17,"endLine":18,"endColumn":33},"tokenRange":{"beginToken":{"kind":94,"text":"CacheMode"},"endToken":{"kind":94,"text":"REFRESH"}},"name":{"!":"com.github.javaparser.ast.expr.SimpleName","range":{"beginLine":18,"beginColumn":27,"endLine":18,"endColumn":33},"tokenRange":{"beginToken":{"kind":94,"text":"REFRESH"},"endToken":{"kind":94,"text":"REFRESH"}},"identifier":"REFRESH"},"scope":{"!":"com.github.javaparser.ast.expr.NameExpr","range":{"beginLine":18,"beginColumn":17,"endLine":18,"endColumn":25},"tokenRange":{"beginToken":{"kind":94,"text":"CacheMode"},"endToken":{"kind":94,"text":"CacheMode"}},"name":{"!":"com.github.javaparser.ast.expr.SimpleName","range":{"beginLine":18,"beginColumn":17,"endLine":18,"endColumn":25},"tokenRange":{"beginToken":{"kind":94,"text":"CacheMode"},"endToken":{"kind":94,"text":"CacheMode"}},"identifier":"CacheMode"}}},{"!":"com.github.javaparser.ast.expr.MethodCallExpr","range":{"beginLine":18,"beginColumn":36,"endLine":18,"endColumn":58},"tokenRange":{"beginToken":{"kind":94,"text":"hibQuery"},"endToken":{"kind":98,"text":")"}},"arguments":[],"name":{"!":"com.github.javaparser.ast.expr.SimpleName","range":{"beginLine":18,"beginColumn":45,"endLine":18,"endColumn":56},"tokenRange":{"beginToken":{"kind":94,"text":"getCacheMode"},"endToken":{"kind":94,"text":"getCacheMode"}},"identifier":"getCacheMode"},"scope":{"!":"com.github.javaparser.ast.expr.NameExpr","range":{"beginLine":18,"beginColumn":36,"endLine":18,"endColumn":43},"tokenRange":{"beginToken":{"kind":94,"text":"hibQuery"},"endToken":{"kind":94,"text":"hibQuery"}},"name":{"!":"com.github.javaparser.ast.expr.SimpleName","range":{"beginLine":18,"beginColumn":36,"endLine":18,"endColumn":43},"tokenRange":{"beginToken":{"kind":94,"text":"hibQuery"},"endToken":{"kind":94,"text":"hibQuery"}},"identifier":"hibQuery"}}}],"name":{"!":"com.github.javaparser.ast.expr.SimpleName","range":{"beginLine":18,"beginColumn":3,"endLine":18,"endColumn":14},"tokenRange":{"beginToken":{"kind":94,"text":"assertEquals"},"endToken":{"kind":94,"text":"assertEquals"}},"identifier":"assertEquals"}}},{"!":"com.github.javaparser.ast.stmt.ExpressionStmt","range":{"beginLine":20,"beginColumn":3,"endLine":20,"endColumn":93},"tokenRange":{"beginToken":{"kind":94,"text":"jpaQuery"},"endToken":{"kind":103,"text":";"}},"expression":{"!":"com.github.javaparser.ast.expr.MethodCallExpr","range":{"beginLine":20,"beginColumn":3,"endLine":20,"endColumn":92},"tokenRange":{"beginToken":{"kind":94,"text":"jpaQuery"},"endToken":{"kind":98,"text":")"}},"arguments":[{"!":"com.github.javaparser.ast.expr.FieldAccessExpr","range":{"beginLine":20,"beginColumn":21,"endLine":20,"endColumn":64},"tokenRange":{"beginToken":{"kind":94,"text":"AvailableSettings"},"endToken":{"kind":94,"text":"SHARED_CACHE_RETRIEVE_MODE"}},"name":{"!":"com.github.javaparser.ast.expr.SimpleName","range":{"beginLine":20,"beginColumn":39,"endLine":20,"endColumn":64},"tokenRange":{"beginToken":{"kind":94,"text":"SHARED_CACHE_RETRIEVE_MODE"},"endToken":{"kind":94,"text":"SHARED_CACHE_RETRIEVE_MODE"}},"identifier":"SHARED_CACHE_RETRIEVE_MODE"},"scope":{"!":"com.github.javaparser.ast.expr.NameExpr","range":{"beginLine":20,"beginColumn":21,"endLine":20,"endColumn":37},"tokenRange":{"beginToken":{"kind":94,"text":"AvailableSettings"},"endToken":{"kind":94,"text":"AvailableSettings"}},"name":{"!":"com.github.javaparser.ast.expr.SimpleName","range":{"beginLine":20,"beginColumn":21,"endLine":20,"endColumn":37},"tokenRange":{"beginToken":{"kind":94,"text":"AvailableSettings"},"endToken":{"kind":94,"text":"AvailableSettings"}},"identifier":"AvailableSettings"}}},{"!":"com.github.javaparser.ast.expr.FieldAccessExpr","range":{"beginLine":20,"beginColumn":67,"endLine":20,"endColumn":90},"tokenRange":{"beginToken":{"kind":94,"text":"CacheRetrieveMode"},"endToken":{"kind":94,"text":"BYPASS"}},"name":{"!":"com.github.javaparser.ast.expr.SimpleName","range":{"beginLine":20,"beginColumn":85,"endLine":20,"endColumn":90},"tokenRange":{"beginToken":{"kind":94,"text":"BYPASS"},"endToken":{"kind":94,"text":"BYPASS"}},"identifier":"BYPASS"},"scope":{"!":"com.github.javaparser.ast.expr.NameExpr","range":{"beginLine":20,"beginColumn":67,"endLine":20,"endColumn":83},"tokenRange":{"beginToken":{"kind":94,"text":"CacheRetrieveMode"},"endToken":{"kind":94,"text":"CacheRetrieveMode"}},"name":{"!":"com.github.javaparser.ast.expr.SimpleName","range":{"beginLine":20,"beginColumn":67,"endLine":20,"endColumn":83},"tokenRange":{"beginToken":{"kind":94,"text":"CacheRetrieveMode"},"endToken":{"kind":94,"text":"CacheRetrieveMode"}},"identifier":"CacheRetrieveMode"}}}],"name":{"!":"com.github.javaparser.ast.expr.SimpleName","range":{"beginLine":20,"beginColumn":12,"endLine":20,"endColumn":18},"tokenRange":{"beginToken":{"kind":94,"text":"setHint"},"endToken":{"kind":94,"text":"setHint"}},"identifier":"setHint"},"scope":{"!":"com.github.javaparser.ast.expr.NameExpr","range":{"beginLine":20,"beginColumn":3,"endLine":20,"endColumn":10},"tokenRange":{"beginToken":{"kind":94,"text":"jpaQuery"},"endToken":{"kind":94,"text":"jpaQuery"}},"name":{"!":"com.github.javaparser.ast.expr.SimpleName","range":{"beginLine":20,"beginColumn":3,"endLine":20,"endColumn":10},"tokenRange":{"beginToken":{"kind":94,"text":"jpaQuery"},"endToken":{"kind":94,"text":"jpaQuery"}},"identifier":"jpaQuery"}}}},{"!":"com.github.javaparser.ast.stmt.ExpressionStmt","range":{"beginLine":21,"beginColumn":3,"endLine":21,"endColumn":116},"tokenRange":{"beginToken":{"kind":94,"text":"assertEquals"},"endToken":{"kind":103,"text":";"}},"expression":{"!":"com.github.javaparser.ast.expr.MethodCallExpr","range":{"beginLine":21,"beginColumn":3,"endLine":21,"endColumn":115},"tokenRange":{"beginToken":{"kind":94,"text":"assertEquals"},"endToken":{"kind":98,"text":")"}},"arguments":[{"!":"com.github.javaparser.ast.expr.FieldAccessExpr","range":{"beginLine":21,"beginColumn":17,"endLine":21,"endColumn":40},"tokenRange":{"beginToken":{"kind":94,"text":"CacheRetrieveMode"},"endToken":{"kind":94,"text":"BYPASS"}},"name":{"!":"com.github.javaparser.ast.expr.SimpleName","range":{"beginLine":21,"beginColumn":35,"endLine":21,"endColumn":40},"tokenRange":{"beginToken":{"kind":94,"text":"BYPASS"},"endToken":{"kind":94,"text":"BYPASS"}},"identifier":"BYPASS"},"scope":{"!":"com.github.javaparser.ast.expr.NameExpr","range":{"beginLine":21,"beginColumn":17,"endLine":21,"endColumn":33},"tokenRange":{"beginToken":{"kind":94,"text":"CacheRetrieveMode"},"endToken":{"kind":94,"text":"CacheRetrieveMode"}},"name":{"!":"com.github.javaparser.ast.expr.SimpleName","range":{"beginLine":21,"beginColumn":17,"endLine":21,"endColumn":33},"tokenRange":{"beginToken":{"kind":94,"text":"CacheRetrieveMode"},"endToken":{"kind":94,"text":"CacheRetrieveMode"}},"identifier":"CacheRetrieveMode"}}},{"!":"com.github.javaparser.ast.expr.MethodCallExpr","range":{"beginLine":21,"beginColumn":43,"endLine":21,"endColumn":113},"tokenRange":{"beginToken":{"kind":94,"text":"jpaQuery"},"endToken":{"kind":98,"text":")"}},"arguments":[{"!":"com.github.javaparser.ast.expr.FieldAccessExpr","range":{"beginLine":21,"beginColumn":68,"endLine":21,"endColumn":111},"tokenRange":{"beginToken":{"kind":94,"text":"AvailableSettings"},"endToken":{"kind":94,"text":"SHARED_CACHE_RETRIEVE_MODE"}},"name":{"!":"com.github.javaparser.ast.expr.SimpleName","range":{"beginLine":21,"beginColumn":86,"endLine":21,"endColumn":111},"tokenRange":{"beginToken":{"kind":94,"text":"SHARED_CACHE_RETRIEVE_MODE"},"endToken":{"kind":94,"text":"SHARED_CACHE_RETRIEVE_MODE"}},"identifier":"SHARED_CACHE_RETRIEVE_MODE"},"scope":{"!":"com.github.javaparser.ast.expr.NameExpr","range":{"beginLine":21,"beginColumn":68,"endLine":21,"endColumn":84},"tokenRange":{"beginToken":{"kind":94,"text":"AvailableSettings"},"endToken":{"kind":94,"text":"AvailableSettings"}},"name":{"!":"com.github.javaparser.ast.expr.SimpleName","range":{"beginLine":21,"beginColumn":68,"endLine":21,"endColumn":84},"tokenRange":{"beginToken":{"kind":94,"text":"AvailableSettings"},"endToken":{"kind":94,"text":"AvailableSettings"}},"identifier":"AvailableSettings"}}}],"name":{"!":"com.github.javaparser.ast.expr.SimpleName","range":{"beginLine":21,"beginColumn":63,"endLine":21,"endColumn":65},"tokenRange":{"beginToken":{"kind":94,"text":"get"},"endToken":{"kind":94,"text":"get"}},"identifier":"get"},"scope":{"!":"com.github.javaparser.ast.expr.MethodCallExpr","range":{"beginLine":21,"beginColumn":43,"endLine":21,"endColumn":61},"tokenRange":{"beginToken":{"kind":94,"text":"jpaQuery"},"endToken":{"kind":98,"text":")"}},"arguments":[],"name":{"!":"com.github.javaparser.ast.expr.SimpleName","range":{"beginLine":21,"beginColumn":52,"endLine":21,"endColumn":59},"tokenRange":{"beginToken":{"kind":94,"text":"getHints"},"endToken":{"kind":94,"text":"getHints"}},"identifier":"getHints"},"scope":{"!":"com.github.javaparser.ast.expr.NameExpr","range":{"beginLine":21,"beginColumn":43,"endLine":21,"endColumn":50},"tokenRange":{"beginToken":{"kind":94,"text":"jpaQuery"},"endToken":{"kind":94,"text":"jpaQuery"}},"name":{"!":"com.github.javaparser.ast.expr.SimpleName","range":{"beginLine":21,"beginColumn":43,"endLine":21,"endColumn":50},"tokenRange":{"beginToken":{"kind":94,"text":"jpaQuery"},"endToken":{"kind":94,"text":"jpaQuery"}},"identifier":"jpaQuery"}}}}],"name":{"!":"com.github.javaparser.ast.expr.SimpleName","range":{"beginLine":21,"beginColumn":3,"endLine":21,"endColumn":14},"tokenRange":{"beginToken":{"kind":94,"text":"assertEquals"},"endToken":{"kind":94,"text":"assertEquals"}},"identifier":"assertEquals"}}},{"!":"com.github.javaparser.ast.stmt.ExpressionStmt","range":{"beginLine":22,"beginColumn":3,"endLine":22,"endColumn":111},"tokenRange":{"beginToken":{"kind":94,"text":"assertEquals"},"endToken":{"kind":103,"text":";"}},"expression":{"!":"com.github.javaparser.ast.expr.MethodCallExpr","range":{"beginLine":22,"beginColumn":3,"endLine":22,"endColumn":110},"tokenRange":{"beginToken":{"kind":94,"text":"assertEquals"},"endToken":{"kind":98,"text":")"}},"arguments":[{"!":"com.github.javaparser.ast.expr.FieldAccessExpr","range":{"beginLine":22,"beginColumn":17,"endLine":22,"endColumn":38},"tokenRange":{"beginToken":{"kind":94,"text":"CacheStoreMode"},"endToken":{"kind":94,"text":"REFRESH"}},"name":{"!":"com.github.javaparser.ast.expr.SimpleName","range":{"beginLine":22,"beginColumn":32,"endLine":22,"endColumn":38},"tokenRange":{"beginToken":{"kind":94,"text":"REFRESH"},"endToken":{"kind":94,"text":"REFRESH"}},"identifier":"REFRESH"},"scope":{"!":"com.github.javaparser.ast.expr.NameExpr","range":{"beginLine":22,"beginColumn":17,"endLine":22,"endColumn":30},"tokenRange":{"beginToken":{"kind":94,"text":"CacheStoreMode"},"endToken":{"kind":94,"text":"CacheStoreMode"}},"name":{"!":"com.github.javaparser.ast.expr.SimpleName","range":{"beginLine":22,"beginColumn":17,"endLine":22,"endColumn":30},"tokenRange":{"beginToken":{"kind":94,"text":"CacheStoreMode"},"endToken":{"kind":94,"text":"CacheStoreMode"}},"identifier":"CacheStoreMode"}}},{"!":"com.github.javaparser.ast.expr.MethodCallExpr","range":{"beginLine":22,"beginColumn":41,"endLine":22,"endColumn":108},"tokenRange":{"beginToken":{"kind":94,"text":"jpaQuery"},"endToken":{"kind":98,"text":")"}},"arguments":[{"!":"com.github.javaparser.ast.expr.FieldAccessExpr","range":{"beginLine":22,"beginColumn":66,"endLine":22,"endColumn":106},"tokenRange":{"beginToken":{"kind":94,"text":"AvailableSettings"},"endToken":{"kind":94,"text":"SHARED_CACHE_STORE_MODE"}},"name":{"!":"com.github.javaparser.ast.expr.SimpleName","range":{"beginLine":22,"beginColumn":84,"endLine":22,"endColumn":106},"tokenRange":{"beginToken":{"kind":94,"text":"SHARED_CACHE_STORE_MODE"},"endToken":{"kind":94,"text":"SHARED_CACHE_STORE_MODE"}},"identifier":"SHARED_CACHE_STORE_MODE"},"scope":{"!":"com.github.javaparser.ast.expr.NameExpr","range":{"beginLine":22,"beginColumn":66,"endLine":22,"endColumn":82},"tokenRange":{"beginToken":{"kind":94,"text":"AvailableSettings"},"endToken":{"kind":94,"text":"AvailableSettings"}},"name":{"!":"com.github.javaparser.ast.expr.SimpleName","range":{"beginLine":22,"beginColumn":66,"endLine":22,"endColumn":82},"tokenRange":{"beginToken":{"kind":94,"text":"AvailableSettings"},"endToken":{"kind":94,"text":"AvailableSettings"}},"identifier":"AvailableSettings"}}}],"name":{"!":"com.github.javaparser.ast.expr.SimpleName","range":{"beginLine":22,"beginColumn":61,"endLine":22,"endColumn":63},"tokenRange":{"beginToken":{"kind":94,"text":"get"},"endToken":{"kind":94,"text":"get"}},"identifier":"get"},"scope":{"!":"com.github.javaparser.ast.expr.MethodCallExpr","range":{"beginLine":22,"beginColumn":41,"endLine":22,"endColumn":59},"tokenRange":{"beginToken":{"kind":94,"text":"jpaQuery"},"endToken":{"kind":98,"text":")"}},"arguments":[],"name":{"!":"com.github.javaparser.ast.expr.SimpleName","range":{"beginLine":22,"beginColumn":50,"endLine":22,"endColumn":57},"tokenRange":{"beginToken":{"kind":94,"text":"getHints"},"endToken":{"kind":94,"text":"getHints"}},"identifier":"getHints"},"scope":{"!":"com.github.javaparser.ast.expr.NameExpr","range":{"beginLine":22,"beginColumn":41,"endLine":22,"endColumn":48},"tokenRange":{"beginToken":{"kind":94,"text":"jpaQuery"},"endToken":{"kind":94,"text":"jpaQuery"}},"name":{"!":"com.github.javaparser.ast.expr.SimpleName","range":{"beginLine":22,"beginColumn":41,"endLine":22,"endColumn":48},"tokenRange":{"beginToken":{"kind":94,"text":"jpaQuery"},"endToken":{"kind":94,"text":"jpaQuery"}},"identifier":"jpaQuery"}}}}],"name":{"!":"com.github.javaparser.ast.expr.SimpleName","range":{"beginLine":22,"beginColumn":3,"endLine":22,"endColumn":14},"tokenRange":{"beginToken":{"kind":94,"text":"assertEquals"},"endToken":{"kind":94,"text":"assertEquals"}},"identifier":"assertEquals"}}},{"!":"com.github.javaparser.ast.stmt.ExpressionStmt","range":{"beginLine":23,"beginColumn":3,"endLine":23,"endColumn":61},"tokenRange":{"beginToken":{"kind":94,"text":"assertEquals"},"endToken":{"kind":103,"text":";"}},"expression":{"!":"com.github.javaparser.ast.expr.MethodCallExpr","range":{"beginLine":23,"beginColumn":3,"endLine":23,"endColumn":60},"tokenRange":{"beginToken":{"kind":94,"text":"assertEquals"},"endToken":{"kind":98,"text":")"}},"arguments":[{"!":"com.github.javaparser.ast.expr.FieldAccessExpr","range":{"beginLine":23,"beginColumn":17,"endLine":23,"endColumn":33},"tokenRange":{"beginToken":{"kind":94,"text":"CacheMode"},"endToken":{"kind":94,"text":"REFRESH"}},"name":{"!":"com.github.javaparser.ast.expr.SimpleName","range":{"beginLine":23,"beginColumn":27,"endLine":23,"endColumn":33},"tokenRange":{"beginToken":{"kind":94,"text":"REFRESH"},"endToken":{"kind":94,"text":"REFRESH"}},"identifier":"REFRESH"},"scope":{"!":"com.github.javaparser.ast.expr.NameExpr","range":{"beginLine":23,"beginColumn":17,"endLine":23,"endColumn":25},"tokenRange":{"beginToken":{"kind":94,"text":"CacheMode"},"endToken":{"kind":94,"text":"CacheMode"}},"name":{"!":"com.github.javaparser.ast.expr.SimpleName","range":{"beginLine":23,"beginColumn":17,"endLine":23,"endColumn":25},"tokenRange":{"beginToken":{"kind":94,"text":"CacheMode"},"endToken":{"kind":94,"text":"CacheMode"}},"identifier":"CacheMode"}}},{"!":"com.github.javaparser.ast.expr.MethodCallExpr","range":{"beginLine":23,"beginColumn":36,"endLine":23,"endColumn":58},"tokenRange":{"beginToken":{"kind":94,"text":"hibQuery"},"endToken":{"kind":98,"text":")"}},"arguments":[],"name":{"!":"com.github.javaparser.ast.expr.SimpleName","range":{"beginLine":23,"beginColumn":45,"endLine":23,"endColumn":56},"tokenRange":{"beginToken":{"kind":94,"text":"getCacheMode"},"endToken":{"kind":94,"text":"getCacheMode"}},"identifier":"getCacheMode"},"scope":{"!":"com.github.javaparser.ast.expr.NameExpr","range":{"beginLine":23,"beginColumn":36,"endLine":23,"endColumn":43},"tokenRange":{"beginToken":{"kind":94,"text":"hibQuery"},"endToken":{"kind":94,"text":"hibQuery"}},"name":{"!":"com.github.javaparser.ast.expr.SimpleName","range":{"beginLine":23,"beginColumn":36,"endLine":23,"endColumn":43},"tokenRange":{"beginToken":{"kind":94,"text":"hibQuery"},"endToken":{"kind":94,"text":"hibQuery"}},"identifier":"hibQuery"}}}],"name":{"!":"com.github.javaparser.ast.expr.SimpleName","range":{"beginLine":23,"beginColumn":3,"endLine":23,"endColumn":14},"tokenRange":{"beginToken":{"kind":94,"text":"assertEquals"},"endToken":{"kind":94,"text":"assertEquals"}},"identifier":"assertEquals"}}},{"!":"com.github.javaparser.ast.stmt.ExpressionStmt","range":{"beginLine":25,"beginColumn":3,"endLine":25,"endColumn":87},"tokenRange":{"beginToken":{"kind":94,"text":"jpaQuery"},"endToken":{"kind":103,"text":";"}},"expression":{"!":"com.github.javaparser.ast.expr.MethodCallExpr","range":{"beginLine":25,"beginColumn":3,"endLine":25,"endColumn":86},"tokenRange":{"beginToken":{"kind":94,"text":"jpaQuery"},"endToken":{"kind":98,"text":")"}},"arguments":[{"!":"com.github.javaparser.ast.expr.FieldAccessExpr","range":{"beginLine":25,"beginColumn":21,"endLine":25,"endColumn":61},"tokenRange":{"beginToken":{"kind":94,"text":"AvailableSettings"},"endToken":{"kind":94,"text":"SHARED_CACHE_STORE_MODE"}},"name":{"!":"com.github.javaparser.ast.expr.SimpleName","range":{"beginLine":25,"beginColumn":39,"endLine":25,"endColumn":61},"tokenRange":{"beginToken":{"kind":94,"text":"SHARED_CACHE_STORE_MODE"},"endToken":{"kind":94,"text":"SHARED_CACHE_STORE_MODE"}},"identifier":"SHARED_CACHE_STORE_MODE"},"scope":{"!":"com.github.javaparser.ast.expr.NameExpr","range":{"beginLine":25,"beginColumn":21,"endLine":25,"endColumn":37},"tokenRange":{"beginToken":{"kind":94,"text":"AvailableSettings"},"endToken":{"kind":94,"text":"AvailableSettings"}},"name":{"!":"com.github.javaparser.ast.expr.SimpleName","range":{"beginLine":25,"beginColumn":21,"endLine":25,"endColumn":37},"tokenRange":{"beginToken":{"kind":94,"text":"AvailableSettings"},"endToken":{"kind":94,"text":"AvailableSettings"}},"identifier":"AvailableSettings"}}},{"!":"com.github.javaparser.ast.expr.FieldAccessExpr","range":{"beginLine":25,"beginColumn":64,"endLine":25,"endColumn":84},"tokenRange":{"beginToken":{"kind":94,"text":"CacheStoreMode"},"endToken":{"kind":94,"text":"BYPASS"}},"name":{"!":"com.github.javaparser.ast.expr.SimpleName","range":{"beginLine":25,"beginColumn":79,"endLine":25,"endColumn":84},"tokenRange":{"beginToken":{"kind":94,"text":"BYPASS"},"endToken":{"kind":94,"text":"BYPASS"}},"identifier":"BYPASS"},"scope":{"!":"com.github.javaparser.ast.expr.NameExpr","range":{"beginLine":25,"beginColumn":64,"endLine":25,"endColumn":77},"tokenRange":{"beginToken":{"kind":94,"text":"CacheStoreMode"},"endToken":{"kind":94,"text":"CacheStoreMode"}},"name":{"!":"com.github.javaparser.ast.expr.SimpleName","range":{"beginLine":25,"beginColumn":64,"endLine":25,"endColumn":77},"tokenRange":{"beginToken":{"kind":94,"text":"CacheStoreMode"},"endToken":{"kind":94,"text":"CacheStoreMode"}},"identifier":"CacheStoreMode"}}}],"name":{"!":"com.github.javaparser.ast.expr.SimpleName","range":{"beginLine":25,"beginColumn":12,"endLine":25,"endColumn":18},"tokenRange":{"beginToken":{"kind":94,"text":"setHint"},"endToken":{"kind":94,"text":"setHint"}},"identifier":"setHint"},"scope":{"!":"com.github.javaparser.ast.expr.NameExpr","range":{"beginLine":25,"beginColumn":3,"endLine":25,"endColumn":10},"tokenRange":{"beginToken":{"kind":94,"text":"jpaQuery"},"endToken":{"kind":94,"text":"jpaQuery"}},"name":{"!":"com.github.javaparser.ast.expr.SimpleName","range":{"beginLine":25,"beginColumn":3,"endLine":25,"endColumn":10},"tokenRange":{"beginToken":{"kind":94,"text":"jpaQuery"},"endToken":{"kind":94,"text":"jpaQuery"}},"identifier":"jpaQuery"}}}},{"!":"com.github.javaparser.ast.stmt.ExpressionStmt","range":{"beginLine":26,"beginColumn":3,"endLine":26,"endColumn":116},"tokenRange":{"beginToken":{"kind":94,"text":"assertEquals"},"endToken":{"kind":103,"text":";"}},"expression":{"!":"com.github.javaparser.ast.expr.MethodCallExpr","range":{"beginLine":26,"beginColumn":3,"endLine":26,"endColumn":115},"tokenRange":{"beginToken":{"kind":94,"text":"assertEquals"},"endToken":{"kind":98,"text":")"}},"arguments":[{"!":"com.github.javaparser.ast.expr.FieldAccessExpr","range":{"beginLine":26,"beginColumn":17,"endLine":26,"endColumn":40},"tokenRange":{"beginToken":{"kind":94,"text":"CacheRetrieveMode"},"endToken":{"kind":94,"text":"BYPASS"}},"name":{"!":"com.github.javaparser.ast.expr.SimpleName","range":{"beginLine":26,"beginColumn":35,"endLine":26,"endColumn":40},"tokenRange":{"beginToken":{"kind":94,"text":"BYPASS"},"endToken":{"kind":94,"text":"BYPASS"}},"identifier":"BYPASS"},"scope":{"!":"com.github.javaparser.ast.expr.NameExpr","range":{"beginLine":26,"beginColumn":17,"endLine":26,"endColumn":33},"tokenRange":{"beginToken":{"kind":94,"text":"CacheRetrieveMode"},"endToken":{"kind":94,"text":"CacheRetrieveMode"}},"name":{"!":"com.github.javaparser.ast.expr.SimpleName","range":{"beginLine":26,"beginColumn":17,"endLine":26,"endColumn":33},"tokenRange":{"beginToken":{"kind":94,"text":"CacheRetrieveMode"},"endToken":{"kind":94,"text":"CacheRetrieveMode"}},"identifier":"CacheRetrieveMode"}}},{"!":"com.github.javaparser.ast.expr.MethodCallExpr","range":{"beginLine":26,"beginColumn":43,"endLine":26,"endColumn":113},"tokenRange":{"beginToken":{"kind":94,"text":"jpaQuery"},"endToken":{"kind":98,"text":")"}},"arguments":[{"!":"com.github.javaparser.ast.expr.FieldAccessExpr","range":{"beginLine":26,"beginColumn":68,"endLine":26,"endColumn":111},"tokenRange":{"beginToken":{"kind":94,"text":"AvailableSettings"},"endToken":{"kind":94,"text":"SHARED_CACHE_RETRIEVE_MODE"}},"name":{"!":"com.github.javaparser.ast.expr.SimpleName","range":{"beginLine":26,"beginColumn":86,"endLine":26,"endColumn":111},"tokenRange":{"beginToken":{"kind":94,"text":"SHARED_CACHE_RETRIEVE_MODE"},"endToken":{"kind":94,"text":"SHARED_CACHE_RETRIEVE_MODE"}},"identifier":"SHARED_CACHE_RETRIEVE_MODE"},"scope":{"!":"com.github.javaparser.ast.expr.NameExpr","range":{"beginLine":26,"beginColumn":68,"endLine":26,"endColumn":84},"tokenRange":{"beginToken":{"kind":94,"text":"AvailableSettings"},"endToken":{"kind":94,"text":"AvailableSettings"}},"name":{"!":"com.github.javaparser.ast.expr.SimpleName","range":{"beginLine":26,"beginColumn":68,"endLine":26,"endColumn":84},"tokenRange":{"beginToken":{"kind":94,"text":"AvailableSettings"},"endToken":{"kind":94,"text":"AvailableSettings"}},"identifier":"AvailableSettings"}}}],"name":{"!":"com.github.javaparser.ast.expr.SimpleName","range":{"beginLine":26,"beginColumn":63,"endLine":26,"endColumn":65},"tokenRange":{"beginToken":{"kind":94,"text":"get"},"endToken":{"kind":94,"text":"get"}},"identifier":"get"},"scope":{"!":"com.github.javaparser.ast.expr.MethodCallExpr","range":{"beginLine":26,"beginColumn":43,"endLine":26,"endColumn":61},"tokenRange":{"beginToken":{"kind":94,"text":"jpaQuery"},"endToken":{"kind":98,"text":")"}},"arguments":[],"name":{"!":"com.github.javaparser.ast.expr.SimpleName","range":{"beginLine":26,"beginColumn":52,"endLine":26,"endColumn":59},"tokenRange":{"beginToken":{"kind":94,"text":"getHints"},"endToken":{"kind":94,"text":"getHints"}},"identifier":"getHints"},"scope":{"!":"com.github.javaparser.ast.expr.NameExpr","range":{"beginLine":26,"beginColumn":43,"endLine":26,"endColumn":50},"tokenRange":{"beginToken":{"kind":94,"text":"jpaQuery"},"endToken":{"kind":94,"text":"jpaQuery"}},"name":{"!":"com.github.javaparser.ast.expr.SimpleName","range":{"beginLine":26,"beginColumn":43,"endLine":26,"endColumn":50},"tokenRange":{"beginToken":{"kind":94,"text":"jpaQuery"},"endToken":{"kind":94,"text":"jpaQuery"}},"identifier":"jpaQuery"}}}}],"name":{"!":"com.github.javaparser.ast.expr.SimpleName","range":{"beginLine":26,"beginColumn":3,"endLine":26,"endColumn":14},"tokenRange":{"beginToken":{"kind":94,"text":"assertEquals"},"endToken":{"kind":94,"text":"assertEquals"}},"identifier":"assertEquals"}}},{"!":"com.github.javaparser.ast.stmt.ExpressionStmt","range":{"beginLine":27,"beginColumn":3,"endLine":27,"endColumn":110},"tokenRange":{"beginToken":{"kind":94,"text":"assertEquals"},"endToken":{"kind":103,"text":";"}},"expression":{"!":"com.github.javaparser.ast.expr.MethodCallExpr","range":{"beginLine":27,"beginColumn":3,"endLine":27,"endColumn":109},"tokenRange":{"beginToken":{"kind":94,"text":"assertEquals"},"endToken":{"kind":98,"text":")"}},"arguments":[{"!":"com.github.javaparser.ast.expr.FieldAccessExpr","range":{"beginLine":27,"beginColumn":17,"endLine":27,"endColumn":37},"tokenRange":{"beginToken":{"kind":94,"text":"CacheStoreMode"},"endToken":{"kind":94,"text":"BYPASS"}},"name":{"!":"com.github.javaparser.ast.expr.SimpleName","range":{"beginLine":27,"beginColumn":32,"endLine":27,"endColumn":37},"tokenRange":{"beginToken":{"kind":94,"text":"BYPASS"},"endToken":{"kind":94,"text":"BYPASS"}},"identifier":"BYPASS"},"scope":{"!":"com.github.javaparser.ast.expr.NameExpr","range":{"beginLine":27,"beginColumn":17,"endLine":27,"endColumn":30},"tokenRange":{"beginToken":{"kind":94,"text":"CacheStoreMode"},"endToken":{"kind":94,"text":"CacheStoreMode"}},"name":{"!":"com.github.javaparser.ast.expr.SimpleName","range":{"beginLine":27,"beginColumn":17,"endLine":27,"endColumn":30},"tokenRange":{"beginToken":{"kind":94,"text":"CacheStoreMode"},"endToken":{"kind":94,"text":"CacheStoreMode"}},"identifier":"CacheStoreMode"}}},{"!":"com.github.javaparser.ast.expr.MethodCallExpr","range":{"beginLine":27,"beginColumn":40,"endLine":27,"endColumn":107},"tokenRange":{"beginToken":{"kind":94,"text":"jpaQuery"},"endToken":{"kind":98,"text":")"}},"arguments":[{"!":"com.github.javaparser.ast.expr.FieldAccessExpr","range":{"beginLine":27,"beginColumn":65,"endLine":27,"endColumn":105},"tokenRange":{"beginToken":{"kind":94,"text":"AvailableSettings"},"endToken":{"kind":94,"text":"SHARED_CACHE_STORE_MODE"}},"name":{"!":"com.github.javaparser.ast.expr.SimpleName","range":{"beginLine":27,"beginColumn":83,"endLine":27,"endColumn":105},"tokenRange":{"beginToken":{"kind":94,"text":"SHARED_CACHE_STORE_MODE"},"endToken":{"kind":94,"text":"SHARED_CACHE_STORE_MODE"}},"identifier":"SHARED_CACHE_STORE_MODE"},"scope":{"!":"com.github.javaparser.ast.expr.NameExpr","range":{"beginLine":27,"beginColumn":65,"endLine":27,"endColumn":81},"tokenRange":{"beginToken":{"kind":94,"text":"AvailableSettings"},"endToken":{"kind":94,"text":"AvailableSettings"}},"name":{"!":"com.github.javaparser.ast.expr.SimpleName","range":{"beginLine":27,"beginColumn":65,"endLine":27,"endColumn":81},"tokenRange":{"beginToken":{"kind":94,"text":"AvailableSettings"},"endToken":{"kind":94,"text":"AvailableSettings"}},"identifier":"AvailableSettings"}}}],"name":{"!":"com.github.javaparser.ast.expr.SimpleName","range":{"beginLine":27,"beginColumn":60,"endLine":27,"endColumn":62},"tokenRange":{"beginToken":{"kind":94,"text":"get"},"endToken":{"kind":94,"text":"get"}},"identifier":"get"},"scope":{"!":"com.github.javaparser.ast.expr.MethodCallExpr","range":{"beginLine":27,"beginColumn":40,"endLine":27,"endColumn":58},"tokenRange":{"beginToken":{"kind":94,"text":"jpaQuery"},"endToken":{"kind":98,"text":")"}},"arguments":[],"name":{"!":"com.github.javaparser.ast.expr.SimpleName","range":{"beginLine":27,"beginColumn":49,"endLine":27,"endColumn":56},"tokenRange":{"beginToken":{"kind":94,"text":"getHints"},"endToken":{"kind":94,"text":"getHints"}},"identifier":"getHints"},"scope":{"!":"com.github.javaparser.ast.expr.NameExpr","range":{"beginLine":27,"beginColumn":40,"endLine":27,"endColumn":47},"tokenRange":{"beginToken":{"kind":94,"text":"jpaQuery"},"endToken":{"kind":94,"text":"jpaQuery"}},"name":{"!":"com.github.javaparser.ast.expr.SimpleName","range":{"beginLine":27,"beginColumn":40,"endLine":27,"endColumn":47},"tokenRange":{"beginToken":{"kind":94,"text":"jpaQuery"},"endToken":{"kind":94,"text":"jpaQuery"}},"identifier":"jpaQuery"}}}}],"name":{"!":"com.github.javaparser.ast.expr.SimpleName","range":{"beginLine":27,"beginColumn":3,"endLine":27,"endColumn":14},"tokenRange":{"beginToken":{"kind":94,"text":"assertEquals"},"endToken":{"kind":94,"text":"assertEquals"}},"identifier":"assertEquals"}}},{"!":"com.github.javaparser.ast.stmt.ExpressionStmt","range":{"beginLine":28,"beginColumn":3,"endLine":28,"endColumn":60},"tokenRange":{"beginToken":{"kind":94,"text":"assertEquals"},"endToken":{"kind":103,"text":";"}},"expression":{"!":"com.github.javaparser.ast.expr.MethodCallExpr","range":{"beginLine":28,"beginColumn":3,"endLine":28,"endColumn":59},"tokenRange":{"beginToken":{"kind":94,"text":"assertEquals"},"endToken":{"kind":98,"text":")"}},"arguments":[{"!":"com.github.javaparser.ast.expr.FieldAccessExpr","range":{"beginLine":28,"beginColumn":17,"endLine":28,"endColumn":32},"tokenRange":{"beginToken":{"kind":94,"text":"CacheMode"},"endToken":{"kind":94,"text":"IGNORE"}},"name":{"!":"com.github.javaparser.ast.expr.SimpleName","range":{"beginLine":28,"beginColumn":27,"endLine":28,"endColumn":32},"tokenRange":{"beginToken":{"kind":94,"text":"IGNORE"},"endToken":{"kind":94,"text":"IGNORE"}},"identifier":"IGNORE"},"scope":{"!":"com.github.javaparser.ast.expr.NameExpr","range":{"beginLine":28,"beginColumn":17,"endLine":28,"endColumn":25},"tokenRange":{"beginToken":{"kind":94,"text":"CacheMode"},"endToken":{"kind":94,"text":"CacheMode"}},"name":{"!":"com.github.javaparser.ast.expr.SimpleName","range":{"beginLine":28,"beginColumn":17,"endLine":28,"endColumn":25},"tokenRange":{"beginToken":{"kind":94,"text":"CacheMode"},"endToken":{"kind":94,"text":"CacheMode"}},"identifier":"CacheMode"}}},{"!":"com.github.javaparser.ast.expr.MethodCallExpr","range":{"beginLine":28,"beginColumn":35,"endLine":28,"endColumn":57},"tokenRange":{"beginToken":{"kind":94,"text":"hibQuery"},"endToken":{"kind":98,"text":")"}},"arguments":[],"name":{"!":"com.github.javaparser.ast.expr.SimpleName","range":{"beginLine":28,"beginColumn":44,"endLine":28,"endColumn":55},"tokenRange":{"beginToken":{"kind":94,"text":"getCacheMode"},"endToken":{"kind":94,"text":"getCacheMode"}},"identifier":"getCacheMode"},"scope":{"!":"com.github.javaparser.ast.expr.NameExpr","range":{"beginLine":28,"beginColumn":35,"endLine":28,"endColumn":42},"tokenRange":{"beginToken":{"kind":94,"text":"hibQuery"},"endToken":{"kind":94,"text":"hibQuery"}},"name":{"!":"com.github.javaparser.ast.expr.SimpleName","range":{"beginLine":28,"beginColumn":35,"endLine":28,"endColumn":42},"tokenRange":{"beginToken":{"kind":94,"text":"hibQuery"},"endToken":{"kind":94,"text":"hibQuery"}},"identifier":"hibQuery"}}}],"name":{"!":"com.github.javaparser.ast.expr.SimpleName","range":{"beginLine":28,"beginColumn":3,"endLine":28,"endColumn":14},"tokenRange":{"beginToken":{"kind":94,"text":"assertEquals"},"endToken":{"kind":94,"text":"assertEquals"}},"identifier":"assertEquals"}}},{"!":"com.github.javaparser.ast.stmt.ExpressionStmt","range":{"beginLine":30,"beginColumn":3,"endLine":30,"endColumn":84},"tokenRange":{"beginToken":{"kind":94,"text":"jpaQuery"},"endToken":{"kind":103,"text":";"}},"expression":{"!":"com.github.javaparser.ast.expr.MethodCallExpr","range":{"beginLine":30,"beginColumn":3,"endLine":30,"endColumn":83},"tokenRange":{"beginToken":{"kind":94,"text":"jpaQuery"},"endToken":{"kind":98,"text":")"}},"arguments":[{"!":"com.github.javaparser.ast.expr.FieldAccessExpr","range":{"beginLine":30,"beginColumn":21,"endLine":30,"endColumn":61},"tokenRange":{"beginToken":{"kind":94,"text":"AvailableSettings"},"endToken":{"kind":94,"text":"SHARED_CACHE_STORE_MODE"}},"name":{"!":"com.github.javaparser.ast.expr.SimpleName","range":{"beginLine":30,"beginColumn":39,"endLine":30,"endColumn":61},"tokenRange":{"beginToken":{"kind":94,"text":"SHARED_CACHE_STORE_MODE"},"endToken":{"kind":94,"text":"SHARED_CACHE_STORE_MODE"}},"identifier":"SHARED_CACHE_STORE_MODE"},"scope":{"!":"com.github.javaparser.ast.expr.NameExpr","range":{"beginLine":30,"beginColumn":21,"endLine":30,"endColumn":37},"tokenRange":{"beginToken":{"kind":94,"text":"AvailableSettings"},"endToken":{"kind":94,"text":"AvailableSettings"}},"name":{"!":"com.github.javaparser.ast.expr.SimpleName","range":{"beginLine":30,"beginColumn":21,"endLine":30,"endColumn":37},"tokenRange":{"beginToken":{"kind":94,"text":"AvailableSettings"},"endToken":{"kind":94,"text":"AvailableSettings"}},"identifier":"AvailableSettings"}}},{"!":"com.github.javaparser.ast.expr.FieldAccessExpr","range":{"beginLine":30,"beginColumn":64,"endLine":30,"endColumn":81},"tokenRange":{"beginToken":{"kind":94,"text":"CacheStoreMode"},"endToken":{"kind":94,"text":"USE"}},"name":{"!":"com.github.javaparser.ast.expr.SimpleName","range":{"beginLine":30,"beginColumn":79,"endLine":30,"endColumn":81},"tokenRange":{"beginToken":{"kind":94,"text":"USE"},"endToken":{"kind":94,"text":"USE"}},"identifier":"USE"},"scope":{"!":"com.github.javaparser.ast.expr.NameExpr","range":{"beginLine":30,"beginColumn":64,"endLine":30,"endColumn":77},"tokenRange":{"beginToken":{"kind":94,"text":"CacheStoreMode"},"endToken":{"kind":94,"text":"CacheStoreMode"}},"name":{"!":"com.github.javaparser.ast.expr.SimpleName","range":{"beginLine":30,"beginColumn":64,"endLine":30,"endColumn":77},"tokenRange":{"beginToken":{"kind":94,"text":"CacheStoreMode"},"endToken":{"kind":94,"text":"CacheStoreMode"}},"identifier":"CacheStoreMode"}}}],"name":{"!":"com.github.javaparser.ast.expr.SimpleName","range":{"beginLine":30,"beginColumn":12,"endLine":30,"endColumn":18},"tokenRange":{"beginToken":{"kind":94,"text":"setHint"},"endToken":{"kind":94,"text":"setHint"}},"identifier":"setHint"},"scope":{"!":"com.github.javaparser.ast.expr.NameExpr","range":{"beginLine":30,"beginColumn":3,"endLine":30,"endColumn":10},"tokenRange":{"beginToken":{"kind":94,"text":"jpaQuery"},"endToken":{"kind":94,"text":"jpaQuery"}},"name":{"!":"com.github.javaparser.ast.expr.SimpleName","range":{"beginLine":30,"beginColumn":3,"endLine":30,"endColumn":10},"tokenRange":{"beginToken":{"kind":94,"text":"jpaQuery"},"endToken":{"kind":94,"text":"jpaQuery"}},"identifier":"jpaQuery"}}}},{"!":"com.github.javaparser.ast.stmt.ExpressionStmt","range":{"beginLine":31,"beginColumn":3,"endLine":31,"endColumn":116},"tokenRange":{"beginToken":{"kind":94,"text":"assertEquals"},"endToken":{"kind":103,"text":";"}},"expression":{"!":"com.github.javaparser.ast.expr.MethodCallExpr","range":{"beginLine":31,"beginColumn":3,"endLine":31,"endColumn":115},"tokenRange":{"beginToken":{"kind":94,"text":"assertEquals"},"endToken":{"kind":98,"text":")"}},"arguments":[{"!":"com.github.javaparser.ast.expr.FieldAccessExpr","range":{"beginLine":31,"beginColumn":17,"endLine":31,"endColumn":40},"tokenRange":{"beginToken":{"kind":94,"text":"CacheRetrieveMode"},"endToken":{"kind":94,"text":"BYPASS"}},"name":{"!":"com.github.javaparser.ast.expr.SimpleName","range":{"beginLine":31,"beginColumn":35,"endLine":31,"endColumn":40},"tokenRange":{"beginToken":{"kind":94,"text":"BYPASS"},"endToken":{"kind":94,"text":"BYPASS"}},"identifier":"BYPASS"},"scope":{"!":"com.github.javaparser.ast.expr.NameExpr","range":{"beginLine":31,"beginColumn":17,"endLine":31,"endColumn":33},"tokenRange":{"beginToken":{"kind":94,"text":"CacheRetrieveMode"},"endToken":{"kind":94,"text":"CacheRetrieveMode"}},"name":{"!":"com.github.javaparser.ast.expr.SimpleName","range":{"beginLine":31,"beginColumn":17,"endLine":31,"endColumn":33},"tokenRange":{"beginToken":{"kind":94,"text":"CacheRetrieveMode"},"endToken":{"kind":94,"text":"CacheRetrieveMode"}},"identifier":"CacheRetrieveMode"}}},{"!":"com.github.javaparser.ast.expr.MethodCallExpr","range":{"beginLine":31,"beginColumn":43,"endLine":31,"endColumn":113},"tokenRange":{"beginToken":{"kind":94,"text":"jpaQuery"},"endToken":{"kind":98,"text":")"}},"arguments":[{"!":"com.github.javaparser.ast.expr.FieldAccessExpr","range":{"beginLine":31,"beginColumn":68,"endLine":31,"endColumn":111},"tokenRange":{"beginToken":{"kind":94,"text":"AvailableSettings"},"endToken":{"kind":94,"text":"SHARED_CACHE_RETRIEVE_MODE"}},"name":{"!":"com.github.javaparser.ast.expr.SimpleName","range":{"beginLine":31,"beginColumn":86,"endLine":31,"endColumn":111},"tokenRange":{"beginToken":{"kind":94,"text":"SHARED_CACHE_RETRIEVE_MODE"},"endToken":{"kind":94,"text":"SHARED_CACHE_RETRIEVE_MODE"}},"identifier":"SHARED_CACHE_RETRIEVE_MODE"},"scope":{"!":"com.github.javaparser.ast.expr.NameExpr","range":{"beginLine":31,"beginColumn":68,"endLine":31,"endColumn":84},"tokenRange":{"beginToken":{"kind":94,"text":"AvailableSettings"},"endToken":{"kind":94,"text":"AvailableSettings"}},"name":{"!":"com.github.javaparser.ast.expr.SimpleName","range":{"beginLine":31,"beginColumn":68,"endLine":31,"endColumn":84},"tokenRange":{"beginToken":{"kind":94,"text":"AvailableSettings"},"endToken":{"kind":94,"text":"AvailableSettings"}},"identifier":"AvailableSettings"}}}],"name":{"!":"com.github.javaparser.ast.expr.SimpleName","range":{"beginLine":31,"beginColumn":63,"endLine":31,"endColumn":65},"tokenRange":{"beginToken":{"kind":94,"text":"get"},"endToken":{"kind":94,"text":"get"}},"identifier":"get"},"scope":{"!":"com.github.javaparser.ast.expr.MethodCallExpr","range":{"beginLine":31,"beginColumn":43,"endLine":31,"endColumn":61},"tokenRange":{"beginToken":{"kind":94,"text":"jpaQuery"},"endToken":{"kind":98,"text":")"}},"arguments":[],"name":{"!":"com.github.javaparser.ast.expr.SimpleName","range":{"beginLine":31,"beginColumn":52,"endLine":31,"endColumn":59},"tokenRange":{"beginToken":{"kind":94,"text":"getHints"},"endToken":{"kind":94,"text":"getHints"}},"identifier":"getHints"},"scope":{"!":"com.github.javaparser.ast.expr.NameExpr","range":{"beginLine":31,"beginColumn":43,"endLine":31,"endColumn":50},"tokenRange":{"beginToken":{"kind":94,"text":"jpaQuery"},"endToken":{"kind":94,"text":"jpaQuery"}},"name":{"!":"com.github.javaparser.ast.expr.SimpleName","range":{"beginLine":31,"beginColumn":43,"endLine":31,"endColumn":50},"tokenRange":{"beginToken":{"kind":94,"text":"jpaQuery"},"endToken":{"kind":94,"text":"jpaQuery"}},"identifier":"jpaQuery"}}}}],"name":{"!":"com.github.javaparser.ast.expr.SimpleName","range":{"beginLine":31,"beginColumn":3,"endLine":31,"endColumn":14},"tokenRange":{"beginToken":{"kind":94,"text":"assertEquals"},"endToken":{"kind":94,"text":"assertEquals"}},"identifier":"assertEquals"}}},{"!":"com.github.javaparser.ast.stmt.ExpressionStmt","range":{"beginLine":32,"beginColumn":3,"endLine":32,"endColumn":107},"tokenRange":{"beginToken":{"kind":94,"text":"assertEquals"},"endToken":{"kind":103,"text":";"}},"expression":{"!":"com.github.javaparser.ast.expr.MethodCallExpr","range":{"beginLine":32,"beginColumn":3,"endLine":32,"endColumn":106},"tokenRange":{"beginToken":{"kind":94,"text":"assertEquals"},"endToken":{"kind":98,"text":")"}},"arguments":[{"!":"com.github.javaparser.ast.expr.FieldAccessExpr","range":{"beginLine":32,"beginColumn":17,"endLine":32,"endColumn":34},"tokenRange":{"beginToken":{"kind":94,"text":"CacheStoreMode"},"endToken":{"kind":94,"text":"USE"}},"name":{"!":"com.github.javaparser.ast.expr.SimpleName","range":{"beginLine":32,"beginColumn":32,"endLine":32,"endColumn":34},"tokenRange":{"beginToken":{"kind":94,"text":"USE"},"endToken":{"kind":94,"text":"USE"}},"identifier":"USE"},"scope":{"!":"com.github.javaparser.ast.expr.NameExpr","range":{"beginLine":32,"beginColumn":17,"endLine":32,"endColumn":30},"tokenRange":{"beginToken":{"kind":94,"text":"CacheStoreMode"},"endToken":{"kind":94,"text":"CacheStoreMode"}},"name":{"!":"com.github.javaparser.ast.expr.SimpleName","range":{"beginLine":32,"beginColumn":17,"endLine":32,"endColumn":30},"tokenRange":{"beginToken":{"kind":94,"text":"CacheStoreMode"},"endToken":{"kind":94,"text":"CacheStoreMode"}},"identifier":"CacheStoreMode"}}},{"!":"com.github.javaparser.ast.expr.MethodCallExpr","range":{"beginLine":32,"beginColumn":37,"endLine":32,"endColumn":104},"tokenRange":{"beginToken":{"kind":94,"text":"jpaQuery"},"endToken":{"kind":98,"text":")"}},"arguments":[{"!":"com.github.javaparser.ast.expr.FieldAccessExpr","range":{"beginLine":32,"beginColumn":62,"endLine":32,"endColumn":102},"tokenRange":{"beginToken":{"kind":94,"text":"AvailableSettings"},"endToken":{"kind":94,"text":"SHARED_CACHE_STORE_MODE"}},"name":{"!":"com.github.javaparser.ast.expr.SimpleName","range":{"beginLine":32,"beginColumn":80,"endLine":32,"endColumn":102},"tokenRange":{"beginToken":{"kind":94,"text":"SHARED_CACHE_STORE_MODE"},"endToken":{"kind":94,"text":"SHARED_CACHE_STORE_MODE"}},"identifier":"SHARED_CACHE_STORE_MODE"},"scope":{"!":"com.github.javaparser.ast.expr.NameExpr","range":{"beginLine":32,"beginColumn":62,"endLine":32,"endColumn":78},"tokenRange":{"beginToken":{"kind":94,"text":"AvailableSettings"},"endToken":{"kind":94,"text":"AvailableSettings"}},"name":{"!":"com.github.javaparser.ast.expr.SimpleName","range":{"beginLine":32,"beginColumn":62,"endLine":32,"endColumn":78},"tokenRange":{"beginToken":{"kind":94,"text":"AvailableSettings"},"endToken":{"kind":94,"text":"AvailableSettings"}},"identifier":"AvailableSettings"}}}],"name":{"!":"com.github.javaparser.ast.expr.SimpleName","range":{"beginLine":32,"beginColumn":57,"endLine":32,"endColumn":59},"tokenRange":{"beginToken":{"kind":94,"text":"get"},"endToken":{"kind":94,"text":"get"}},"identifier":"get"},"scope":{"!":"com.github.javaparser.ast.expr.MethodCallExpr","range":{"beginLine":32,"beginColumn":37,"endLine":32,"endColumn":55},"tokenRange":{"beginToken":{"kind":94,"text":"jpaQuery"},"endToken":{"kind":98,"text":")"}},"arguments":[],"name":{"!":"com.github.javaparser.ast.expr.SimpleName","range":{"beginLine":32,"beginColumn":46,"endLine":32,"endColumn":53},"tokenRange":{"beginToken":{"kind":94,"text":"getHints"},"endToken":{"kind":94,"text":"getHints"}},"identifier":"getHints"},"scope":{"!":"com.github.javaparser.ast.expr.NameExpr","range":{"beginLine":32,"beginColumn":37,"endLine":32,"endColumn":44},"tokenRange":{"beginToken":{"kind":94,"text":"jpaQuery"},"endToken":{"kind":94,"text":"jpaQuery"}},"name":{"!":"com.github.javaparser.ast.expr.SimpleName","range":{"beginLine":32,"beginColumn":37,"endLine":32,"endColumn":44},"tokenRange":{"beginToken":{"kind":94,"text":"jpaQuery"},"endToken":{"kind":94,"text":"jpaQuery"}},"identifier":"jpaQuery"}}}}],"name":{"!":"com.github.javaparser.ast.expr.SimpleName","range":{"beginLine":32,"beginColumn":3,"endLine":32,"endColumn":14},"tokenRange":{"beginToken":{"kind":94,"text":"assertEquals"},"endToken":{"kind":94,"text":"assertEquals"}},"identifier":"assertEquals"}}},{"!":"com.github.javaparser.ast.stmt.ExpressionStmt","range":{"beginLine":33,"beginColumn":3,"endLine":33,"endColumn":57},"tokenRange":{"beginToken":{"kind":94,"text":"assertEquals"},"endToken":{"kind":103,"text":";"}},"expression":{"!":"com.github.javaparser.ast.expr.MethodCallExpr","range":{"beginLine":33,"beginColumn":3,"endLine":33,"endColumn":56},"tokenRange":{"beginToken":{"kind":94,"text":"assertEquals"},"endToken":{"kind":98,"text":")"}},"arguments":[{"!":"com.github.javaparser.ast.expr.FieldAccessExpr","range":{"beginLine":33,"beginColumn":17,"endLine":33,"endColumn":29},"tokenRange":{"beginToken":{"kind":94,"text":"CacheMode"},"endToken":{"kind":94,"text":"PUT"}},"name":{"!":"com.github.javaparser.ast.expr.SimpleName","range":{"beginLine":33,"beginColumn":27,"endLine":33,"endColumn":29},"tokenRange":{"beginToken":{"kind":94,"text":"PUT"},"endToken":{"kind":94,"text":"PUT"}},"identifier":"PUT"},"scope":{"!":"com.github.javaparser.ast.expr.NameExpr","range":{"beginLine":33,"beginColumn":17,"endLine":33,"endColumn":25},"tokenRange":{"beginToken":{"kind":94,"text":"CacheMode"},"endToken":{"kind":94,"text":"CacheMode"}},"name":{"!":"com.github.javaparser.ast.expr.SimpleName","range":{"beginLine":33,"beginColumn":17,"endLine":33,"endColumn":25},"tokenRange":{"beginToken":{"kind":94,"text":"CacheMode"},"endToken":{"kind":94,"text":"CacheMode"}},"identifier":"CacheMode"}}},{"!":"com.github.javaparser.ast.expr.MethodCallExpr","range":{"beginLine":33,"beginColumn":32,"endLine":33,"endColumn":54},"tokenRange":{"beginToken":{"kind":94,"text":"hibQuery"},"endToken":{"kind":98,"text":")"}},"arguments":[],"name":{"!":"com.github.javaparser.ast.expr.SimpleName","range":{"beginLine":33,"beginColumn":41,"endLine":33,"endColumn":52},"tokenRange":{"beginToken":{"kind":94,"text":"getCacheMode"},"endToken":{"kind":94,"text":"getCacheMode"}},"identifier":"getCacheMode"},"scope":{"!":"com.github.javaparser.ast.expr.NameExpr","range":{"beginLine":33,"beginColumn":32,"endLine":33,"endColumn":39},"tokenRange":{"beginToken":{"kind":94,"text":"hibQuery"},"endToken":{"kind":94,"text":"hibQuery"}},"name":{"!":"com.github.javaparser.ast.expr.SimpleName","range":{"beginLine":33,"beginColumn":32,"endLine":33,"endColumn":39},"tokenRange":{"beginToken":{"kind":94,"text":"hibQuery"},"endToken":{"kind":94,"text":"hibQuery"}},"identifier":"hibQuery"}}}],"name":{"!":"com.github.javaparser.ast.expr.SimpleName","range":{"beginLine":33,"beginColumn":3,"endLine":33,"endColumn":14},"tokenRange":{"beginToken":{"kind":94,"text":"assertEquals"},"endToken":{"kind":94,"text":"assertEquals"}},"identifier":"assertEquals"}}}]},"type":{"!":"com.github.javaparser.ast.type.VoidType","range":{"beginLine":3,"beginColumn":9,"endLine":3,"endColumn":12},"tokenRange":{"beginToken":{"kind":62,"text":"void"},"endToken":{"kind":62,"text":"void"}},"annotations":[]},"modifiers":[{"!":"com.github.javaparser.ast.Modifier","range":{"beginLine":3,"beginColumn":2,"endLine":3,"endColumn":7},"tokenRange":{"beginToken":{"kind":47,"text":"public"},"endToken":{"kind":47,"text":"public"}},"keyword":"PUBLIC"}],"name":{"!":"com.github.javaparser.ast.expr.SimpleName","range":{"beginLine":3,"beginColumn":14,"endLine":3,"endColumn":32},"tokenRange":{"beginToken":{"kind":94,"text":"testQueryCacheModes"},"endToken":{"kind":94,"text":"testQueryCacheModes"}},"identifier":"testQueryCacheModes"},"parameters":[],"thrownExceptions":[],"typeParameters":[],"annotations":[{"!":"com.github.javaparser.ast.expr.MarkerAnnotationExpr","range":{"beginLine":2,"beginColumn":2,"endLine":2,"endColumn":6},"tokenRange":{"beginToken":{"kind":107,"text":"@"},"endToken":{"kind":94,"text":"Test"}},"name":{"!":"com.github.javaparser.ast.expr.Name","range":{"beginLine":2,"beginColumn":3,"endLine":2,"endColumn":6},"tokenRange":{"beginToken":{"kind":94,"text":"Test"},"endToken":{"kind":94,"text":"Test"}},"identifier":"Test"}}]}],"modifiers":[],"name":{"!":"com.github.javaparser.ast.expr.SimpleName","range":{"beginLine":1,"beginColumn":7,"endLine":1,"endColumn":10},"tokenRange":{"beginToken":{"kind":94,"text":"Test"},"endToken":{"kind":94,"text":"Test"}},"identifier":"Test"},"annotations":[]}]}