{"!":"com.github.javaparser.ast.CompilationUnit","range":{"beginLine":1,"beginColumn":1,"endLine":26,"endColumn":2},"tokenRange":{"beginToken":{"kind":19,"text":"class"},"endToken":{"kind":0,"text":""}},"imports":[],"types":[{"!":"com.github.javaparser.ast.body.ClassOrInterfaceDeclaration","range":{"beginLine":1,"beginColumn":1,"endLine":26,"endColumn":2},"tokenRange":{"beginToken":{"kind":19,"text":"class"},"endToken":{"kind":100,"text":"}"}},"extendedTypes":[],"implementedTypes":[],"isInterface":"false","typeParameters":[],"members":[{"!":"com.github.javaparser.ast.body.MethodDeclaration","range":{"beginLine":2,"beginColumn":2,"endLine":24,"endColumn":2},"tokenRange":{"beginToken":{"kind":107,"text":"@"},"endToken":{"kind":100,"text":"}"}},"body":{"!":"com.github.javaparser.ast.stmt.BlockStmt","range":{"beginLine":3,"beginColumn":38,"endLine":24,"endColumn":2},"tokenRange":{"beginToken":{"kind":99,"text":"{"},"endToken":{"kind":100,"text":"}"}},"statements":[{"!":"com.github.javaparser.ast.stmt.ExpressionStmt","range":{"beginLine":4,"beginColumn":3,"endLine":4,"endColumn":90},"tokenRange":{"beginToken":{"kind":94,"text":"EntityPersister"},"endToken":{"kind":103,"text":";"}},"expression":{"!":"com.github.javaparser.ast.expr.VariableDeclarationExpr","range":{"beginLine":4,"beginColumn":3,"endLine":4,"endColumn":89},"tokenRange":{"beginToken":{"kind":94,"text":"EntityPersister"},"endToken":{"kind":98,"text":")"}},"annotations":[],"modifiers":[],"variables":[{"!":"com.github.javaparser.ast.body.VariableDeclarator","range":{"beginLine":4,"beginColumn":19,"endLine":4,"endColumn":89},"tokenRange":{"beginToken":{"kind":94,"text":"ep"},"endToken":{"kind":98,"text":")"}},"initializer":{"!":"com.github.javaparser.ast.expr.CastExpr","range":{"beginLine":4,"beginColumn":24,"endLine":4,"endColumn":89},"tokenRange":{"beginToken":{"kind":97,"text":"("},"endToken":{"kind":98,"text":")"}},"expression":{"!":"com.github.javaparser.ast.expr.MethodCallExpr","range":{"beginLine":4,"beginColumn":42,"endLine":4,"endColumn":89},"tokenRange":{"beginToken":{"kind":94,"text":"sessionFactory"},"endToken":{"kind":98,"text":")"}},"arguments":[{"!":"com.github.javaparser.ast.expr.ClassExpr","range":{"beginLine":4,"beginColumn":76,"endLine":4,"endColumn":88},"tokenRange":{"beginToken":{"kind":94,"text":"Message"},"endToken":{"kind":19,"text":"class"}},"type":{"!":"com.github.javaparser.ast.type.ClassOrInterfaceType","range":{"beginLine":4,"beginColumn":76,"endLine":4,"endColumn":82},"tokenRange":{"beginToken":{"kind":94,"text":"Message"},"endToken":{"kind":94,"text":"Message"}},"name":{"!":"com.github.javaparser.ast.expr.SimpleName","range":{"beginLine":4,"beginColumn":76,"endLine":4,"endColumn":82},"tokenRange":{"beginToken":{"kind":94,"text":"Message"},"endToken":{"kind":94,"text":"Message"}},"identifier":"Message"},"annotations":[]}}],"name":{"!":"com.github.javaparser.ast.expr.SimpleName","range":{"beginLine":4,"beginColumn":59,"endLine":4,"endColumn":74},"tokenRange":{"beginToken":{"kind":94,"text":"getClassMetadata"},"endToken":{"kind":94,"text":"getClassMetadata"}},"identifier":"getClassMetadata"},"scope":{"!":"com.github.javaparser.ast.expr.MethodCallExpr","range":{"beginLine":4,"beginColumn":42,"endLine":4,"endColumn":57},"tokenRange":{"beginToken":{"kind":94,"text":"sessionFactory"},"endToken":{"kind":98,"text":")"}},"arguments":[],"name":{"!":"com.github.javaparser.ast.expr.SimpleName","range":{"beginLine":4,"beginColumn":42,"endLine":4,"endColumn":55},"tokenRange":{"beginToken":{"kind":94,"text":"sessionFactory"},"endToken":{"kind":94,"text":"sessionFactory"}},"identifier":"sessionFactory"}}},"type":{"!":"com.github.javaparser.ast.type.ClassOrInterfaceType","range":{"beginLine":4,"beginColumn":25,"endLine":4,"endColumn":39},"tokenRange":{"beginToken":{"kind":94,"text":"EntityPersister"},"endToken":{"kind":94,"text":"EntityPersister"}},"name":{"!":"com.github.javaparser.ast.expr.SimpleName","range":{"beginLine":4,"beginColumn":25,"endLine":4,"endColumn":39},"tokenRange":{"beginToken":{"kind":94,"text":"EntityPersister"},"endToken":{"kind":94,"text":"EntityPersister"}},"identifier":"EntityPersister"},"annotations":[]}},"name":{"!":"com.github.javaparser.ast.expr.SimpleName","range":{"beginLine":4,"beginColumn":19,"endLine":4,"endColumn":20},"tokenRange":{"beginToken":{"kind":94,"text":"ep"},"endToken":{"kind":94,"text":"ep"}},"identifier":"ep"},"type":{"!":"com.github.javaparser.ast.type.ClassOrInterfaceType","range":{"beginLine":4,"beginColumn":3,"endLine":4,"endColumn":17},"tokenRange":{"beginToken":{"kind":94,"text":"EntityPersister"},"endToken":{"kind":94,"text":"EntityPersister"}},"name":{"!":"com.github.javaparser.ast.expr.SimpleName","range":{"beginLine":4,"beginColumn":3,"endLine":4,"endColumn":17},"tokenRange":{"beginToken":{"kind":94,"text":"EntityPersister"},"endToken":{"kind":94,"text":"EntityPersister"}},"identifier":"EntityPersister"},"annotations":[]}}]}},{"!":"com.github.javaparser.ast.stmt.ExpressionStmt","range":{"beginLine":5,"beginColumn":3,"endLine":10,"endColumn":4},"tokenRange":{"beginToken":{"kind":94,"text":"CascadeStyleLoadPlanBuildingAssociationVisitationStrategy"},"endToken":{"kind":103,"text":";"}},"expression":{"!":"com.github.javaparser.ast.expr.VariableDeclarationExpr","range":{"beginLine":5,"beginColumn":3,"endLine":10,"endColumn":3},"tokenRange":{"beginToken":{"kind":94,"text":"CascadeStyleLoadPlanBuildingAssociationVisitationStrategy"},"endToken":{"kind":98,"text":")"}},"annotations":[],"modifiers":[],"variables":[{"!":"com.github.javaparser.ast.body.VariableDeclarator","range":{"beginLine":5,"beginColumn":61,"endLine":10,"endColumn":3},"tokenRange":{"beginToken":{"kind":94,"text":"strategy"},"endToken":{"kind":98,"text":")"}},"initializer":{"!":"com.github.javaparser.ast.expr.ObjectCreationExpr","range":{"beginLine":5,"beginColumn":72,"endLine":10,"endColumn":3},"tokenRange":{"beginToken":{"kind":42,"text":"new"},"endToken":{"kind":98,"text":")"}},"arguments":[{"!":"com.github.javaparser.ast.expr.FieldAccessExpr","range":{"beginLine":6,"beginColumn":5,"endLine":6,"endColumn":26},"tokenRange":{"beginToken":{"kind":94,"text":"CascadingActions"},"endToken":{"kind":94,"text":"MERGE"}},"name":{"!":"com.github.javaparser.ast.expr.SimpleName","range":{"beginLine":6,"beginColumn":22,"endLine":6,"endColumn":26},"tokenRange":{"beginToken":{"kind":94,"text":"MERGE"},"endToken":{"kind":94,"text":"MERGE"}},"identifier":"MERGE"},"scope":{"!":"com.github.javaparser.ast.expr.NameExpr","range":{"beginLine":6,"beginColumn":5,"endLine":6,"endColumn":20},"tokenRange":{"beginToken":{"kind":94,"text":"CascadingActions"},"endToken":{"kind":94,"text":"CascadingActions"}},"name":{"!":"com.github.javaparser.ast.expr.SimpleName","range":{"beginLine":6,"beginColumn":5,"endLine":6,"endColumn":20},"tokenRange":{"beginToken":{"kind":94,"text":"CascadingActions"},"endToken":{"kind":94,"text":"CascadingActions"}},"identifier":"CascadingActions"}}},{"!":"com.github.javaparser.ast.expr.MethodCallExpr","range":{"beginLine":7,"beginColumn":5,"endLine":7,"endColumn":20},"tokenRange":{"beginToken":{"kind":94,"text":"sessionFactory"},"endToken":{"kind":98,"text":")"}},"arguments":[],"name":{"!":"com.github.javaparser.ast.expr.SimpleName","range":{"beginLine":7,"beginColumn":5,"endLine":7,"endColumn":18},"tokenRange":{"beginToken":{"kind":94,"text":"sessionFactory"},"endToken":{"kind":94,"text":"sessionFactory"}},"identifier":"sessionFactory"}},{"!":"com.github.javaparser.ast.expr.FieldAccessExpr","range":{"beginLine":8,"beginColumn":5,"endLine":8,"endColumn":29},"tokenRange":{"beginToken":{"kind":94,"text":"LoadQueryInfluencers"},"endToken":{"kind":94,"text":"NONE"}},"name":{"!":"com.github.javaparser.ast.expr.SimpleName","range":{"beginLine":8,"beginColumn":26,"endLine":8,"endColumn":29},"tokenRange":{"beginToken":{"kind":94,"text":"NONE"},"endToken":{"kind":94,"text":"NONE"}},"identifier":"NONE"},"scope":{"!":"com.github.javaparser.ast.expr.NameExpr","range":{"beginLine":8,"beginColumn":5,"endLine":8,"endColumn":24},"tokenRange":{"beginToken":{"kind":94,"text":"LoadQueryInfluencers"},"endToken":{"kind":94,"text":"LoadQueryInfluencers"}},"name":{"!":"com.github.javaparser.ast.expr.SimpleName","range":{"beginLine":8,"beginColumn":5,"endLine":8,"endColumn":24},"tokenRange":{"beginToken":{"kind":94,"text":"LoadQueryInfluencers"},"endToken":{"kind":94,"text":"LoadQueryInfluencers"}},"identifier":"LoadQueryInfluencers"}}},{"!":"com.github.javaparser.ast.expr.FieldAccessExpr","range":{"beginLine":9,"beginColumn":5,"endLine":9,"endColumn":17},"tokenRange":{"beginToken":{"kind":94,"text":"LockMode"},"endToken":{"kind":94,"text":"NONE"}},"name":{"!":"com.github.javaparser.ast.expr.SimpleName","range":{"beginLine":9,"beginColumn":14,"endLine":9,"endColumn":17},"tokenRange":{"beginToken":{"kind":94,"text":"NONE"},"endToken":{"kind":94,"text":"NONE"}},"identifier":"NONE"},"scope":{"!":"com.github.javaparser.ast.expr.NameExpr","range":{"beginLine":9,"beginColumn":5,"endLine":9,"endColumn":12},"tokenRange":{"beginToken":{"kind":94,"text":"LockMode"},"endToken":{"kind":94,"text":"LockMode"}},"name":{"!":"com.github.javaparser.ast.expr.SimpleName","range":{"beginLine":9,"beginColumn":5,"endLine":9,"endColumn":12},"tokenRange":{"beginToken":{"kind":94,"text":"LockMode"},"endToken":{"kind":94,"text":"LockMode"}},"identifier":"LockMode"}}}],"type":{"!":"com.github.javaparser.ast.type.ClassOrInterfaceType","range":{"beginLine":5,"beginColumn":76,"endLine":5,"endColumn":132},"tokenRange":{"beginToken":{"kind":94,"text":"CascadeStyleLoadPlanBuildingAssociationVisitationStrategy"},"endToken":{"kind":94,"text":"CascadeStyleLoadPlanBuildingAssociationVisitationStrategy"}},"name":{"!":"com.github.javaparser.ast.expr.SimpleName","range":{"beginLine":5,"beginColumn":76,"endLine":5,"endColumn":132},"tokenRange":{"beginToken":{"kind":94,"text":"CascadeStyleLoadPlanBuildingAssociationVisitationStrategy"},"endToken":{"kind":94,"text":"CascadeStyleLoadPlanBuildingAssociationVisitationStrategy"}},"identifier":"CascadeStyleLoadPlanBuildingAssociationVisitationStrategy"},"annotations":[]}},"name":{"!":"com.github.javaparser.ast.expr.SimpleName","range":{"beginLine":5,"beginColumn":61,"endLine":5,"endColumn":68},"tokenRange":{"beginToken":{"kind":94,"text":"strategy"},"endToken":{"kind":94,"text":"strategy"}},"identifier":"strategy"},"type":{"!":"com.github.javaparser.ast.type.ClassOrInterfaceType","range":{"beginLine":5,"beginColumn":3,"endLine":5,"endColumn":59},"tokenRange":{"beginToken":{"kind":94,"text":"CascadeStyleLoadPlanBuildingAssociationVisitationStrategy"},"endToken":{"kind":94,"text":"CascadeStyleLoadPlanBuildingAssociationVisitationStrategy"}},"name":{"!":"com.github.javaparser.ast.expr.SimpleName","range":{"beginLine":5,"beginColumn":3,"endLine":5,"endColumn":59},"tokenRange":{"beginToken":{"kind":94,"text":"CascadeStyleLoadPlanBuildingAssociationVisitationStrategy"},"endToken":{"kind":94,"text":"CascadeStyleLoadPlanBuildingAssociationVisitationStrategy"}},"identifier":"CascadeStyleLoadPlanBuildingAssociationVisitationStrategy"},"annotations":[]}}]}},{"!":"com.github.javaparser.ast.stmt.ExpressionStmt","range":{"beginLine":11,"beginColumn":3,"endLine":11,"endColumn":89},"tokenRange":{"beginToken":{"kind":94,"text":"LoadPlan"},"endToken":{"kind":103,"text":";"}},"expression":{"!":"com.github.javaparser.ast.expr.VariableDeclarationExpr","range":{"beginLine":11,"beginColumn":3,"endLine":11,"endColumn":88},"tokenRange":{"beginToken":{"kind":94,"text":"LoadPlan"},"endToken":{"kind":98,"text":")"}},"annotations":[],"modifiers":[],"variables":[{"!":"com.github.javaparser.ast.body.VariableDeclarator","range":{"beginLine":11,"beginColumn":12,"endLine":11,"endColumn":88},"tokenRange":{"beginToken":{"kind":94,"text":"plan"},"endToken":{"kind":98,"text":")"}},"initializer":{"!":"com.github.javaparser.ast.expr.MethodCallExpr","range":{"beginLine":11,"beginColumn":19,"endLine":11,"endColumn":88},"tokenRange":{"beginToken":{"kind":94,"text":"MetamodelDrivenLoadPlanBuilder"},"endToken":{"kind":98,"text":")"}},"arguments":[{"!":"com.github.javaparser.ast.expr.NameExpr","range":{"beginLine":11,"beginColumn":75,"endLine":11,"endColumn":82},"tokenRange":{"beginToken":{"kind":94,"text":"strategy"},"endToken":{"kind":94,"text":"strategy"}},"name":{"!":"com.github.javaparser.ast.expr.SimpleName","range":{"beginLine":11,"beginColumn":75,"endLine":11,"endColumn":82},"tokenRange":{"beginToken":{"kind":94,"text":"strategy"},"endToken":{"kind":94,"text":"strategy"}},"identifier":"strategy"}},{"!":"com.github.javaparser.ast.expr.NameExpr","range":{"beginLine":11,"beginColumn":85,"endLine":11,"endColumn":86},"tokenRange":{"beginToken":{"kind":94,"text":"ep"},"endToken":{"kind":94,"text":"ep"}},"name":{"!":"com.github.javaparser.ast.expr.SimpleName","range":{"beginLine":11,"beginColumn":85,"endLine":11,"endColumn":86},"tokenRange":{"beginToken":{"kind":94,"text":"ep"},"endToken":{"kind":94,"text":"ep"}},"identifier":"ep"}}],"name":{"!":"com.github.javaparser.ast.expr.SimpleName","range":{"beginLine":11,"beginColumn":50,"endLine":11,"endColumn":72},"tokenRange":{"beginToken":{"kind":94,"text":"buildRootEntityLoadPlan"},"endToken":{"kind":94,"text":"buildRootEntityLoadPlan"}},"identifier":"buildRootEntityLoadPlan"},"scope":{"!":"com.github.javaparser.ast.expr.NameExpr","range":{"beginLine":11,"beginColumn":19,"endLine":11,"endColumn":48},"tokenRange":{"beginToken":{"kind":94,"text":"MetamodelDrivenLoadPlanBuilder"},"endToken":{"kind":94,"text":"MetamodelDrivenLoadPlanBuilder"}},"name":{"!":"com.github.javaparser.ast.expr.SimpleName","range":{"beginLine":11,"beginColumn":19,"endLine":11,"endColumn":48},"tokenRange":{"beginToken":{"kind":94,"text":"MetamodelDrivenLoadPlanBuilder"},"endToken":{"kind":94,"text":"MetamodelDrivenLoadPlanBuilder"}},"identifier":"MetamodelDrivenLoadPlanBuilder"}}},"name":{"!":"com.github.javaparser.ast.expr.SimpleName","range":{"beginLine":11,"beginColumn":12,"endLine":11,"endColumn":15},"tokenRange":{"beginToken":{"kind":94,"text":"plan"},"endToken":{"kind":94,"text":"plan"}},"identifier":"plan"},"type":{"!":"com.github.javaparser.ast.type.ClassOrInterfaceType","range":{"beginLine":11,"beginColumn":3,"endLine":11,"endColumn":10},"tokenRange":{"beginToken":{"kind":94,"text":"LoadPlan"},"endToken":{"kind":94,"text":"LoadPlan"}},"name":{"!":"com.github.javaparser.ast.expr.SimpleName","range":{"beginLine":11,"beginColumn":3,"endLine":11,"endColumn":10},"tokenRange":{"beginToken":{"kind":94,"text":"LoadPlan"},"endToken":{"kind":94,"text":"LoadPlan"}},"identifier":"LoadPlan"},"annotations":[]}}]}},{"!":"com.github.javaparser.ast.stmt.ExpressionStmt","range":{"beginLine":12,"beginColumn":3,"endLine":12,"endColumn":44},"tokenRange":{"beginToken":{"kind":94,"text":"assertFalse"},"endToken":{"kind":103,"text":";"}},"expression":{"!":"com.github.javaparser.ast.expr.MethodCallExpr","range":{"beginLine":12,"beginColumn":3,"endLine":12,"endColumn":43},"tokenRange":{"beginToken":{"kind":94,"text":"assertFalse"},"endToken":{"kind":98,"text":")"}},"arguments":[{"!":"com.github.javaparser.ast.expr.MethodCallExpr","range":{"beginLine":12,"beginColumn":16,"endLine":12,"endColumn":41},"tokenRange":{"beginToken":{"kind":94,"text":"plan"},"endToken":{"kind":98,"text":")"}},"arguments":[],"name":{"!":"com.github.javaparser.ast.expr.SimpleName","range":{"beginLine":12,"beginColumn":21,"endLine":12,"endColumn":39},"tokenRange":{"beginToken":{"kind":94,"text":"hasAnyScalarReturns"},"endToken":{"kind":94,"text":"hasAnyScalarReturns"}},"identifier":"hasAnyScalarReturns"},"scope":{"!":"com.github.javaparser.ast.expr.NameExpr","range":{"beginLine":12,"beginColumn":16,"endLine":12,"endColumn":19},"tokenRange":{"beginToken":{"kind":94,"text":"plan"},"endToken":{"kind":94,"text":"plan"}},"name":{"!":"com.github.javaparser.ast.expr.SimpleName","range":{"beginLine":12,"beginColumn":16,"endLine":12,"endColumn":19},"tokenRange":{"beginToken":{"kind":94,"text":"plan"},"endToken":{"kind":94,"text":"plan"}},"identifier":"plan"}}}],"name":{"!":"com.github.javaparser.ast.expr.SimpleName","range":{"beginLine":12,"beginColumn":3,"endLine":12,"endColumn":13},"tokenRange":{"beginToken":{"kind":94,"text":"assertFalse"},"endToken":{"kind":94,"text":"assertFalse"}},"identifier":"assertFalse"}}},{"!":"com.github.javaparser.ast.stmt.ExpressionStmt","range":{"beginLine":13,"beginColumn":3,"endLine":13,"endColumn":46},"tokenRange":{"beginToken":{"kind":94,"text":"assertEquals"},"endToken":{"kind":103,"text":";"}},"expression":{"!":"com.github.javaparser.ast.expr.MethodCallExpr","range":{"beginLine":13,"beginColumn":3,"endLine":13,"endColumn":45},"tokenRange":{"beginToken":{"kind":94,"text":"assertEquals"},"endToken":{"kind":98,"text":")"}},"arguments":[{"!":"com.github.javaparser.ast.expr.IntegerLiteralExpr","range":{"beginLine":13,"beginColumn":17,"endLine":13,"endColumn":17},"tokenRange":{"beginToken":{"kind":77,"text":"1"},"endToken":{"kind":77,"text":"1"}},"value":"1"},{"!":"com.github.javaparser.ast.expr.MethodCallExpr","range":{"beginLine":13,"beginColumn":20,"endLine":13,"endColumn":43},"tokenRange":{"beginToken":{"kind":94,"text":"plan"},"endToken":{"kind":98,"text":")"}},"arguments":[],"name":{"!":"com.github.javaparser.ast.expr.SimpleName","range":{"beginLine":13,"beginColumn":38,"endLine":13,"endColumn":41},"tokenRange":{"beginToken":{"kind":94,"text":"size"},"endToken":{"kind":94,"text":"size"}},"identifier":"size"},"scope":{"!":"com.github.javaparser.ast.expr.MethodCallExpr","range":{"beginLine":13,"beginColumn":20,"endLine":13,"endColumn":36},"tokenRange":{"beginToken":{"kind":94,"text":"plan"},"endToken":{"kind":98,"text":")"}},"arguments":[],"name":{"!":"com.github.javaparser.ast.expr.SimpleName","range":{"beginLine":13,"beginColumn":25,"endLine":13,"endColumn":34},"tokenRange":{"beginToken":{"kind":94,"text":"getReturns"},"endToken":{"kind":94,"text":"getReturns"}},"identifier":"getReturns"},"scope":{"!":"com.github.javaparser.ast.expr.NameExpr","range":{"beginLine":13,"beginColumn":20,"endLine":13,"endColumn":23},"tokenRange":{"beginToken":{"kind":94,"text":"plan"},"endToken":{"kind":94,"text":"plan"}},"name":{"!":"com.github.javaparser.ast.expr.SimpleName","range":{"beginLine":13,"beginColumn":20,"endLine":13,"endColumn":23},"tokenRange":{"beginToken":{"kind":94,"text":"plan"},"endToken":{"kind":94,"text":"plan"}},"identifier":"plan"}}}}],"name":{"!":"com.github.javaparser.ast.expr.SimpleName","range":{"beginLine":13,"beginColumn":3,"endLine":13,"endColumn":14},"tokenRange":{"beginToken":{"kind":94,"text":"assertEquals"},"endToken":{"kind":94,"text":"assertEquals"}},"identifier":"assertEquals"}}},{"!":"com.github.javaparser.ast.stmt.ExpressionStmt","range":{"beginLine":14,"beginColumn":3,"endLine":14,"endColumn":42},"tokenRange":{"beginToken":{"kind":94,"text":"Return"},"endToken":{"kind":103,"text":";"}},"expression":{"!":"com.github.javaparser.ast.expr.VariableDeclarationExpr","range":{"beginLine":14,"beginColumn":3,"endLine":14,"endColumn":41},"tokenRange":{"beginToken":{"kind":94,"text":"Return"},"endToken":{"kind":98,"text":")"}},"annotations":[],"modifiers":[],"variables":[{"!":"com.github.javaparser.ast.body.VariableDeclarator","range":{"beginLine":14,"beginColumn":10,"endLine":14,"endColumn":41},"tokenRange":{"beginToken":{"kind":94,"text":"rtn"},"endToken":{"kind":98,"text":")"}},"initializer":{"!":"com.github.javaparser.ast.expr.MethodCallExpr","range":{"beginLine":14,"beginColumn":16,"endLine":14,"endColumn":41},"tokenRange":{"beginToken":{"kind":94,"text":"plan"},"endToken":{"kind":98,"text":")"}},"arguments":[{"!":"com.github.javaparser.ast.expr.IntegerLiteralExpr","range":{"beginLine":14,"beginColumn":39,"endLine":14,"endColumn":39},"tokenRange":{"beginToken":{"kind":77,"text":"0"},"endToken":{"kind":77,"text":"0"}},"value":"0"}],"name":{"!":"com.github.javaparser.ast.expr.SimpleName","range":{"beginLine":14,"beginColumn":34,"endLine":14,"endColumn":36},"tokenRange":{"beginToken":{"kind":94,"text":"get"},"endToken":{"kind":94,"text":"get"}},"identifier":"get"},"scope":{"!":"com.github.javaparser.ast.expr.MethodCallExpr","range":{"beginLine":14,"beginColumn":16,"endLine":14,"endColumn":32},"tokenRange":{"beginToken":{"kind":94,"text":"plan"},"endToken":{"kind":98,"text":")"}},"arguments":[],"name":{"!":"com.github.javaparser.ast.expr.SimpleName","range":{"beginLine":14,"beginColumn":21,"endLine":14,"endColumn":30},"tokenRange":{"beginToken":{"kind":94,"text":"getReturns"},"endToken":{"kind":94,"text":"getReturns"}},"identifier":"getReturns"},"scope":{"!":"com.github.javaparser.ast.expr.NameExpr","range":{"beginLine":14,"beginColumn":16,"endLine":14,"endColumn":19},"tokenRange":{"beginToken":{"kind":94,"text":"plan"},"endToken":{"kind":94,"text":"plan"}},"name":{"!":"com.github.javaparser.ast.expr.SimpleName","range":{"beginLine":14,"beginColumn":16,"endLine":14,"endColumn":19},"tokenRange":{"beginToken":{"kind":94,"text":"plan"},"endToken":{"kind":94,"text":"plan"}},"identifier":"plan"}}}},"name":{"!":"com.github.javaparser.ast.expr.SimpleName","range":{"beginLine":14,"beginColumn":10,"endLine":14,"endColumn":12},"tokenRange":{"beginToken":{"kind":94,"text":"rtn"},"endToken":{"kind":94,"text":"rtn"}},"identifier":"rtn"},"type":{"!":"com.github.javaparser.ast.type.ClassOrInterfaceType","range":{"beginLine":14,"beginColumn":3,"endLine":14,"endColumn":8},"tokenRange":{"beginToken":{"kind":94,"text":"Return"},"endToken":{"kind":94,"text":"Return"}},"name":{"!":"com.github.javaparser.ast.expr.SimpleName","range":{"beginLine":14,"beginColumn":3,"endLine":14,"endColumn":8},"tokenRange":{"beginToken":{"kind":94,"text":"Return"},"endToken":{"kind":94,"text":"Return"}},"identifier":"Return"},"annotations":[]}}]}},{"!":"com.github.javaparser.ast.stmt.ExpressionStmt","range":{"beginLine":15,"beginColumn":3,"endLine":15,"endColumn":86},"tokenRange":{"beginToken":{"kind":94,"text":"EntityReturn"},"endToken":{"kind":103,"text":";"}},"expression":{"!":"com.github.javaparser.ast.expr.VariableDeclarationExpr","range":{"beginLine":15,"beginColumn":3,"endLine":15,"endColumn":85},"tokenRange":{"beginToken":{"kind":94,"text":"EntityReturn"},"endToken":{"kind":98,"text":")"}},"annotations":[],"modifiers":[],"variables":[{"!":"com.github.javaparser.ast.body.VariableDeclarator","range":{"beginLine":15,"beginColumn":16,"endLine":15,"endColumn":85},"tokenRange":{"beginToken":{"kind":94,"text":"entityReturn"},"endToken":{"kind":98,"text":")"}},"initializer":{"!":"com.github.javaparser.ast.expr.MethodCallExpr","range":{"beginLine":15,"beginColumn":31,"endLine":15,"endColumn":85},"tokenRange":{"beginToken":{"kind":94,"text":"ExtraAssertions"},"endToken":{"kind":98,"text":")"}},"arguments":[{"!":"com.github.javaparser.ast.expr.ClassExpr","range":{"beginLine":15,"beginColumn":61,"endLine":15,"endColumn":78},"tokenRange":{"beginToken":{"kind":94,"text":"EntityReturn"},"endToken":{"kind":19,"text":"class"}},"type":{"!":"com.github.javaparser.ast.type.ClassOrInterfaceType","range":{"beginLine":15,"beginColumn":61,"endLine":15,"endColumn":72},"tokenRange":{"beginToken":{"kind":94,"text":"EntityReturn"},"endToken":{"kind":94,"text":"EntityReturn"}},"name":{"!":"com.github.javaparser.ast.expr.SimpleName","range":{"beginLine":15,"beginColumn":61,"endLine":15,"endColumn":72},"tokenRange":{"beginToken":{"kind":94,"text":"EntityReturn"},"endToken":{"kind":94,"text":"EntityReturn"}},"identifier":"EntityReturn"},"annotations":[]}},{"!":"com.github.javaparser.ast.expr.NameExpr","range":{"beginLine":15,"beginColumn":81,"endLine":15,"endColumn":83},"tokenRange":{"beginToken":{"kind":94,"text":"rtn"},"endToken":{"kind":94,"text":"rtn"}},"name":{"!":"com.github.javaparser.ast.expr.SimpleName","range":{"beginLine":15,"beginColumn":81,"endLine":15,"endColumn":83},"tokenRange":{"beginToken":{"kind":94,"text":"rtn"},"endToken":{"kind":94,"text":"rtn"}},"identifier":"rtn"}}],"name":{"!":"com.github.javaparser.ast.expr.SimpleName","range":{"beginLine":15,"beginColumn":47,"endLine":15,"endColumn":58},"tokenRange":{"beginToken":{"kind":94,"text":"assertTyping"},"endToken":{"kind":94,"text":"assertTyping"}},"identifier":"assertTyping"},"scope":{"!":"com.github.javaparser.ast.expr.NameExpr","range":{"beginLine":15,"beginColumn":31,"endLine":15,"endColumn":45},"tokenRange":{"beginToken":{"kind":94,"text":"ExtraAssertions"},"endToken":{"kind":94,"text":"ExtraAssertions"}},"name":{"!":"com.github.javaparser.ast.expr.SimpleName","range":{"beginLine":15,"beginColumn":31,"endLine":15,"endColumn":45},"tokenRange":{"beginToken":{"kind":94,"text":"ExtraAssertions"},"endToken":{"kind":94,"text":"ExtraAssertions"}},"identifier":"ExtraAssertions"}}},"name":{"!":"com.github.javaparser.ast.expr.SimpleName","range":{"beginLine":15,"beginColumn":16,"endLine":15,"endColumn":27},"tokenRange":{"beginToken":{"kind":94,"text":"entityReturn"},"endToken":{"kind":94,"text":"entityReturn"}},"identifier":"entityReturn"},"type":{"!":"com.github.javaparser.ast.type.ClassOrInterfaceType","range":{"beginLine":15,"beginColumn":3,"endLine":15,"endColumn":14},"tokenRange":{"beginToken":{"kind":94,"text":"EntityReturn"},"endToken":{"kind":94,"text":"EntityReturn"}},"name":{"!":"com.github.javaparser.ast.expr.SimpleName","range":{"beginLine":15,"beginColumn":3,"endLine":15,"endColumn":14},"tokenRange":{"beginToken":{"kind":94,"text":"EntityReturn"},"endToken":{"kind":94,"text":"EntityReturn"}},"identifier":"EntityReturn"},"annotations":[]}}]}},{"!":"com.github.javaparser.ast.stmt.ExpressionStmt","range":{"beginLine":16,"beginColumn":3,"endLine":16,"endColumn":45},"tokenRange":{"beginToken":{"kind":94,"text":"assertNotNull"},"endToken":{"kind":103,"text":";"}},"expression":{"!":"com.github.javaparser.ast.expr.MethodCallExpr","range":{"beginLine":16,"beginColumn":3,"endLine":16,"endColumn":44},"tokenRange":{"beginToken":{"kind":94,"text":"assertNotNull"},"endToken":{"kind":98,"text":")"}},"arguments":[{"!":"com.github.javaparser.ast.expr.MethodCallExpr","range":{"beginLine":16,"beginColumn":18,"endLine":16,"endColumn":42},"tokenRange":{"beginToken":{"kind":94,"text":"entityReturn"},"endToken":{"kind":98,"text":")"}},"arguments":[],"name":{"!":"com.github.javaparser.ast.expr.SimpleName","range":{"beginLine":16,"beginColumn":31,"endLine":16,"endColumn":40},"tokenRange":{"beginToken":{"kind":94,"text":"getFetches"},"endToken":{"kind":94,"text":"getFetches"}},"identifier":"getFetches"},"scope":{"!":"com.github.javaparser.ast.expr.NameExpr","range":{"beginLine":16,"beginColumn":18,"endLine":16,"endColumn":29},"tokenRange":{"beginToken":{"kind":94,"text":"entityReturn"},"endToken":{"kind":94,"text":"entityReturn"}},"name":{"!":"com.github.javaparser.ast.expr.SimpleName","range":{"beginLine":16,"beginColumn":18,"endLine":16,"endColumn":29},"tokenRange":{"beginToken":{"kind":94,"text":"entityReturn"},"endToken":{"kind":94,"text":"entityReturn"}},"identifier":"entityReturn"}}}],"name":{"!":"com.github.javaparser.ast.expr.SimpleName","range":{"beginLine":16,"beginColumn":3,"endLine":16,"endColumn":15},"tokenRange":{"beginToken":{"kind":94,"text":"assertNotNull"},"endToken":{"kind":94,"text":"assertNotNull"}},"identifier":"assertNotNull"}}},{"!":"com.github.javaparser.ast.stmt.ExpressionStmt","range":{"beginLine":17,"beginColumn":3,"endLine":17,"endColumn":54},"tokenRange":{"beginToken":{"kind":94,"text":"assertEquals"},"endToken":{"kind":103,"text":";"}},"expression":{"!":"com.github.javaparser.ast.expr.MethodCallExpr","range":{"beginLine":17,"beginColumn":3,"endLine":17,"endColumn":53},"tokenRange":{"beginToken":{"kind":94,"text":"assertEquals"},"endToken":{"kind":98,"text":")"}},"arguments":[{"!":"com.github.javaparser.ast.expr.IntegerLiteralExpr","range":{"beginLine":17,"beginColumn":17,"endLine":17,"endColumn":17},"tokenRange":{"beginToken":{"kind":77,"text":"1"},"endToken":{"kind":77,"text":"1"}},"value":"1"},{"!":"com.github.javaparser.ast.expr.FieldAccessExpr","range":{"beginLine":17,"beginColumn":20,"endLine":17,"endColumn":51},"tokenRange":{"beginToken":{"kind":94,"text":"entityReturn"},"endToken":{"kind":94,"text":"length"}},"name":{"!":"com.github.javaparser.ast.expr.SimpleName","range":{"beginLine":17,"beginColumn":46,"endLine":17,"endColumn":51},"tokenRange":{"beginToken":{"kind":94,"text":"length"},"endToken":{"kind":94,"text":"length"}},"identifier":"length"},"scope":{"!":"com.github.javaparser.ast.expr.MethodCallExpr","range":{"beginLine":17,"beginColumn":20,"endLine":17,"endColumn":44},"tokenRange":{"beginToken":{"kind":94,"text":"entityReturn"},"endToken":{"kind":98,"text":")"}},"arguments":[],"name":{"!":"com.github.javaparser.ast.expr.SimpleName","range":{"beginLine":17,"beginColumn":33,"endLine":17,"endColumn":42},"tokenRange":{"beginToken":{"kind":94,"text":"getFetches"},"endToken":{"kind":94,"text":"getFetches"}},"identifier":"getFetches"},"scope":{"!":"com.github.javaparser.ast.expr.NameExpr","range":{"beginLine":17,"beginColumn":20,"endLine":17,"endColumn":31},"tokenRange":{"beginToken":{"kind":94,"text":"entityReturn"},"endToken":{"kind":94,"text":"entityReturn"}},"name":{"!":"com.github.javaparser.ast.expr.SimpleName","range":{"beginLine":17,"beginColumn":20,"endLine":17,"endColumn":31},"tokenRange":{"beginToken":{"kind":94,"text":"entityReturn"},"endToken":{"kind":94,"text":"entityReturn"}},"identifier":"entityReturn"}}}}],"name":{"!":"com.github.javaparser.ast.expr.SimpleName","range":{"beginLine":17,"beginColumn":3,"endLine":17,"endColumn":14},"tokenRange":{"beginToken":{"kind":94,"text":"assertEquals"},"endToken":{"kind":94,"text":"assertEquals"}},"identifier":"assertEquals"}}},{"!":"com.github.javaparser.ast.stmt.ExpressionStmt","range":{"beginLine":18,"beginColumn":3,"endLine":18,"endColumn":45},"tokenRange":{"beginToken":{"kind":94,"text":"Fetch"},"endToken":{"kind":103,"text":";"}},"expression":{"!":"com.github.javaparser.ast.expr.VariableDeclarationExpr","range":{"beginLine":18,"beginColumn":3,"endLine":18,"endColumn":44},"tokenRange":{"beginToken":{"kind":94,"text":"Fetch"},"endToken":{"kind":102,"text":"]"}},"annotations":[],"modifiers":[],"variables":[{"!":"com.github.javaparser.ast.body.VariableDeclarator","range":{"beginLine":18,"beginColumn":9,"endLine":18,"endColumn":44},"tokenRange":{"beginToken":{"kind":94,"text":"fetch"},"endToken":{"kind":102,"text":"]"}},"initializer":{"!":"com.github.javaparser.ast.expr.ArrayAccessExpr","range":{"beginLine":18,"beginColumn":17,"endLine":18,"endColumn":44},"tokenRange":{"beginToken":{"kind":94,"text":"entityReturn"},"endToken":{"kind":102,"text":"]"}},"index":{"!":"com.github.javaparser.ast.expr.IntegerLiteralExpr","range":{"beginLine":18,"beginColumn":43,"endLine":18,"endColumn":43},"tokenRange":{"beginToken":{"kind":77,"text":"0"},"endToken":{"kind":77,"text":"0"}},"value":"0"},"name":{"!":"com.github.javaparser.ast.expr.MethodCallExpr","range":{"beginLine":18,"beginColumn":17,"endLine":18,"endColumn":41},"tokenRange":{"beginToken":{"kind":94,"text":"entityReturn"},"endToken":{"kind":98,"text":")"}},"arguments":[],"name":{"!":"com.github.javaparser.ast.expr.SimpleName","range":{"beginLine":18,"beginColumn":30,"endLine":18,"endColumn":39},"tokenRange":{"beginToken":{"kind":94,"text":"getFetches"},"endToken":{"kind":94,"text":"getFetches"}},"identifier":"getFetches"},"scope":{"!":"com.github.javaparser.ast.expr.NameExpr","range":{"beginLine":18,"beginColumn":17,"endLine":18,"endColumn":28},"tokenRange":{"beginToken":{"kind":94,"text":"entityReturn"},"endToken":{"kind":94,"text":"entityReturn"}},"name":{"!":"com.github.javaparser.ast.expr.SimpleName","range":{"beginLine":18,"beginColumn":17,"endLine":18,"endColumn":28},"tokenRange":{"beginToken":{"kind":94,"text":"entityReturn"},"endToken":{"kind":94,"text":"entityReturn"}},"identifier":"entityReturn"}}}},"name":{"!":"com.github.javaparser.ast.expr.SimpleName","range":{"beginLine":18,"beginColumn":9,"endLine":18,"endColumn":13},"tokenRange":{"beginToken":{"kind":94,"text":"fetch"},"endToken":{"kind":94,"text":"fetch"}},"identifier":"fetch"},"type":{"!":"com.github.javaparser.ast.type.ClassOrInterfaceType","range":{"beginLine":18,"beginColumn":3,"endLine":18,"endColumn":7},"tokenRange":{"beginToken":{"kind":94,"text":"Fetch"},"endToken":{"kind":94,"text":"Fetch"}},"name":{"!":"com.github.javaparser.ast.expr.SimpleName","range":{"beginLine":18,"beginColumn":3,"endLine":18,"endColumn":7},"tokenRange":{"beginToken":{"kind":94,"text":"Fetch"},"endToken":{"kind":94,"text":"Fetch"}},"identifier":"Fetch"},"annotations":[]}}]}},{"!":"com.github.javaparser.ast.stmt.ExpressionStmt","range":{"beginLine":19,"beginColumn":3,"endLine":19,"endColumn":85},"tokenRange":{"beginToken":{"kind":94,"text":"EntityFetch"},"endToken":{"kind":103,"text":";"}},"expression":{"!":"com.github.javaparser.ast.expr.VariableDeclarationExpr","range":{"beginLine":19,"beginColumn":3,"endLine":19,"endColumn":84},"tokenRange":{"beginToken":{"kind":94,"text":"EntityFetch"},"endToken":{"kind":98,"text":")"}},"annotations":[],"modifiers":[],"variables":[{"!":"com.github.javaparser.ast.body.VariableDeclarator","range":{"beginLine":19,"beginColumn":15,"endLine":19,"endColumn":84},"tokenRange":{"beginToken":{"kind":94,"text":"entityFetch"},"endToken":{"kind":98,"text":")"}},"initializer":{"!":"com.github.javaparser.ast.expr.MethodCallExpr","range":{"beginLine":19,"beginColumn":29,"endLine":19,"endColumn":84},"tokenRange":{"beginToken":{"kind":94,"text":"ExtraAssertions"},"endToken":{"kind":98,"text":")"}},"arguments":[{"!":"com.github.javaparser.ast.expr.ClassExpr","range":{"beginLine":19,"beginColumn":59,"endLine":19,"endColumn":75},"tokenRange":{"beginToken":{"kind":94,"text":"EntityFetch"},"endToken":{"kind":19,"text":"class"}},"type":{"!":"com.github.javaparser.ast.type.ClassOrInterfaceType","range":{"beginLine":19,"beginColumn":59,"endLine":19,"endColumn":69},"tokenRange":{"beginToken":{"kind":94,"text":"EntityFetch"},"endToken":{"kind":94,"text":"EntityFetch"}},"name":{"!":"com.github.javaparser.ast.expr.SimpleName","range":{"beginLine":19,"beginColumn":59,"endLine":19,"endColumn":69},"tokenRange":{"beginToken":{"kind":94,"text":"EntityFetch"},"endToken":{"kind":94,"text":"EntityFetch"}},"identifier":"EntityFetch"},"annotations":[]}},{"!":"com.github.javaparser.ast.expr.NameExpr","range":{"beginLine":19,"beginColumn":78,"endLine":19,"endColumn":82},"tokenRange":{"beginToken":{"kind":94,"text":"fetch"},"endToken":{"kind":94,"text":"fetch"}},"name":{"!":"com.github.javaparser.ast.expr.SimpleName","range":{"beginLine":19,"beginColumn":78,"endLine":19,"endColumn":82},"tokenRange":{"beginToken":{"kind":94,"text":"fetch"},"endToken":{"kind":94,"text":"fetch"}},"identifier":"fetch"}}],"name":{"!":"com.github.javaparser.ast.expr.SimpleName","range":{"beginLine":19,"beginColumn":45,"endLine":19,"endColumn":56},"tokenRange":{"beginToken":{"kind":94,"text":"assertTyping"},"endToken":{"kind":94,"text":"assertTyping"}},"identifier":"assertTyping"},"scope":{"!":"com.github.javaparser.ast.expr.NameExpr","range":{"beginLine":19,"beginColumn":29,"endLine":19,"endColumn":43},"tokenRange":{"beginToken":{"kind":94,"text":"ExtraAssertions"},"endToken":{"kind":94,"text":"ExtraAssertions"}},"name":{"!":"com.github.javaparser.ast.expr.SimpleName","range":{"beginLine":19,"beginColumn":29,"endLine":19,"endColumn":43},"tokenRange":{"beginToken":{"kind":94,"text":"ExtraAssertions"},"endToken":{"kind":94,"text":"ExtraAssertions"}},"identifier":"ExtraAssertions"}}},"name":{"!":"com.github.javaparser.ast.expr.SimpleName","range":{"beginLine":19,"beginColumn":15,"endLine":19,"endColumn":25},"tokenRange":{"beginToken":{"kind":94,"text":"entityFetch"},"endToken":{"kind":94,"text":"entityFetch"}},"identifier":"entityFetch"},"type":{"!":"com.github.javaparser.ast.type.ClassOrInterfaceType","range":{"beginLine":19,"beginColumn":3,"endLine":19,"endColumn":13},"tokenRange":{"beginToken":{"kind":94,"text":"EntityFetch"},"endToken":{"kind":94,"text":"EntityFetch"}},"name":{"!":"com.github.javaparser.ast.expr.SimpleName","range":{"beginLine":19,"beginColumn":3,"endLine":19,"endColumn":13},"tokenRange":{"beginToken":{"kind":94,"text":"EntityFetch"},"endToken":{"kind":94,"text":"EntityFetch"}},"identifier":"EntityFetch"},"annotations":[]}}]}},{"!":"com.github.javaparser.ast.stmt.ExpressionStmt","range":{"beginLine":20,"beginColumn":3,"endLine":20,"endColumn":44},"tokenRange":{"beginToken":{"kind":94,"text":"assertNotNull"},"endToken":{"kind":103,"text":";"}},"expression":{"!":"com.github.javaparser.ast.expr.MethodCallExpr","range":{"beginLine":20,"beginColumn":3,"endLine":20,"endColumn":43},"tokenRange":{"beginToken":{"kind":94,"text":"assertNotNull"},"endToken":{"kind":98,"text":")"}},"arguments":[{"!":"com.github.javaparser.ast.expr.MethodCallExpr","range":{"beginLine":20,"beginColumn":18,"endLine":20,"endColumn":41},"tokenRange":{"beginToken":{"kind":94,"text":"entityFetch"},"endToken":{"kind":98,"text":")"}},"arguments":[],"name":{"!":"com.github.javaparser.ast.expr.SimpleName","range":{"beginLine":20,"beginColumn":30,"endLine":20,"endColumn":39},"tokenRange":{"beginToken":{"kind":94,"text":"getFetches"},"endToken":{"kind":94,"text":"getFetches"}},"identifier":"getFetches"},"scope":{"!":"com.github.javaparser.ast.expr.NameExpr","range":{"beginLine":20,"beginColumn":18,"endLine":20,"endColumn":28},"tokenRange":{"beginToken":{"kind":94,"text":"entityFetch"},"endToken":{"kind":94,"text":"entityFetch"}},"name":{"!":"com.github.javaparser.ast.expr.SimpleName","range":{"beginLine":20,"beginColumn":18,"endLine":20,"endColumn":28},"tokenRange":{"beginToken":{"kind":94,"text":"entityFetch"},"endToken":{"kind":94,"text":"entityFetch"}},"identifier":"entityFetch"}}}],"name":{"!":"com.github.javaparser.ast.expr.SimpleName","range":{"beginLine":20,"beginColumn":3,"endLine":20,"endColumn":15},"tokenRange":{"beginToken":{"kind":94,"text":"assertNotNull"},"endToken":{"kind":94,"text":"assertNotNull"}},"identifier":"assertNotNull"}}},{"!":"com.github.javaparser.ast.stmt.ExpressionStmt","range":{"beginLine":21,"beginColumn":3,"endLine":21,"endColumn":53},"tokenRange":{"beginToken":{"kind":94,"text":"assertEquals"},"endToken":{"kind":103,"text":";"}},"expression":{"!":"com.github.javaparser.ast.expr.MethodCallExpr","range":{"beginLine":21,"beginColumn":3,"endLine":21,"endColumn":52},"tokenRange":{"beginToken":{"kind":94,"text":"assertEquals"},"endToken":{"kind":98,"text":")"}},"arguments":[{"!":"com.github.javaparser.ast.expr.IntegerLiteralExpr","range":{"beginLine":21,"beginColumn":17,"endLine":21,"endColumn":17},"tokenRange":{"beginToken":{"kind":77,"text":"0"},"endToken":{"kind":77,"text":"0"}},"value":"0"},{"!":"com.github.javaparser.ast.expr.FieldAccessExpr","range":{"beginLine":21,"beginColumn":20,"endLine":21,"endColumn":50},"tokenRange":{"beginToken":{"kind":94,"text":"entityFetch"},"endToken":{"kind":94,"text":"length"}},"name":{"!":"com.github.javaparser.ast.expr.SimpleName","range":{"beginLine":21,"beginColumn":45,"endLine":21,"endColumn":50},"tokenRange":{"beginToken":{"kind":94,"text":"length"},"endToken":{"kind":94,"text":"length"}},"identifier":"length"},"scope":{"!":"com.github.javaparser.ast.expr.MethodCallExpr","range":{"beginLine":21,"beginColumn":20,"endLine":21,"endColumn":43},"tokenRange":{"beginToken":{"kind":94,"text":"entityFetch"},"endToken":{"kind":98,"text":")"}},"arguments":[],"name":{"!":"com.github.javaparser.ast.expr.SimpleName","range":{"beginLine":21,"beginColumn":32,"endLine":21,"endColumn":41},"tokenRange":{"beginToken":{"kind":94,"text":"getFetches"},"endToken":{"kind":94,"text":"getFetches"}},"identifier":"getFetches"},"scope":{"!":"com.github.javaparser.ast.expr.NameExpr","range":{"beginLine":21,"beginColumn":20,"endLine":21,"endColumn":30},"tokenRange":{"beginToken":{"kind":94,"text":"entityFetch"},"endToken":{"kind":94,"text":"entityFetch"}},"name":{"!":"com.github.javaparser.ast.expr.SimpleName","range":{"beginLine":21,"beginColumn":20,"endLine":21,"endColumn":30},"tokenRange":{"beginToken":{"kind":94,"text":"entityFetch"},"endToken":{"kind":94,"text":"entityFetch"}},"identifier":"entityFetch"}}}}],"name":{"!":"com.github.javaparser.ast.expr.SimpleName","range":{"beginLine":21,"beginColumn":3,"endLine":21,"endColumn":14},"tokenRange":{"beginToken":{"kind":94,"text":"assertEquals"},"endToken":{"kind":94,"text":"assertEquals"}},"identifier":"assertEquals"}}},{"!":"com.github.javaparser.ast.stmt.ExpressionStmt","range":{"beginLine":23,"beginColumn":3,"endLine":23,"endColumn":99},"tokenRange":{"beginToken":{"kind":94,"text":"LoadPlanTreePrinter"},"endToken":{"kind":103,"text":";"}},"expression":{"!":"com.github.javaparser.ast.expr.MethodCallExpr","range":{"beginLine":23,"beginColumn":3,"endLine":23,"endColumn":98},"tokenRange":{"beginToken":{"kind":94,"text":"LoadPlanTreePrinter"},"endToken":{"kind":98,"text":")"}},"arguments":[{"!":"com.github.javaparser.ast.expr.NameExpr","range":{"beginLine":23,"beginColumn":41,"endLine":23,"endColumn":44},"tokenRange":{"beginToken":{"kind":94,"text":"plan"},"endToken":{"kind":94,"text":"plan"}},"name":{"!":"com.github.javaparser.ast.expr.SimpleName","range":{"beginLine":23,"beginColumn":41,"endLine":23,"endColumn":44},"tokenRange":{"beginToken":{"kind":94,"text":"plan"},"endToken":{"kind":94,"text":"plan"}},"identifier":"plan"}},{"!":"com.github.javaparser.ast.expr.ObjectCreationExpr","range":{"beginLine":23,"beginColumn":47,"endLine":23,"endColumn":96},"tokenRange":{"beginToken":{"kind":42,"text":"new"},"endToken":{"kind":98,"text":")"}},"arguments":[{"!":"com.github.javaparser.ast.expr.MethodCallExpr","range":{"beginLine":23,"beginColumn":79,"endLine":23,"endColumn":94},"tokenRange":{"beginToken":{"kind":94,"text":"sessionFactory"},"endToken":{"kind":98,"text":")"}},"arguments":[],"name":{"!":"com.github.javaparser.ast.expr.SimpleName","range":{"beginLine":23,"beginColumn":79,"endLine":23,"endColumn":92},"tokenRange":{"beginToken":{"kind":94,"text":"sessionFactory"},"endToken":{"kind":94,"text":"sessionFactory"}},"identifier":"sessionFactory"}}],"type":{"!":"com.github.javaparser.ast.type.ClassOrInterfaceType","range":{"beginLine":23,"beginColumn":51,"endLine":23,"endColumn":76},"tokenRange":{"beginToken":{"kind":94,"text":"AliasResolutionContextImpl"},"endToken":{"kind":94,"text":"AliasResolutionContextImpl"}},"name":{"!":"com.github.javaparser.ast.expr.SimpleName","range":{"beginLine":23,"beginColumn":51,"endLine":23,"endColumn":76},"tokenRange":{"beginToken":{"kind":94,"text":"AliasResolutionContextImpl"},"endToken":{"kind":94,"text":"AliasResolutionContextImpl"}},"identifier":"AliasResolutionContextImpl"},"annotations":[]}}],"name":{"!":"com.github.javaparser.ast.expr.SimpleName","range":{"beginLine":23,"beginColumn":32,"endLine":23,"endColumn":38},"tokenRange":{"beginToken":{"kind":94,"text":"logTree"},"endToken":{"kind":94,"text":"logTree"}},"identifier":"logTree"},"scope":{"!":"com.github.javaparser.ast.expr.FieldAccessExpr","range":{"beginLine":23,"beginColumn":3,"endLine":23,"endColumn":30},"tokenRange":{"beginToken":{"kind":94,"text":"LoadPlanTreePrinter"},"endToken":{"kind":94,"text":"INSTANCE"}},"name":{"!":"com.github.javaparser.ast.expr.SimpleName","range":{"beginLine":23,"beginColumn":23,"endLine":23,"endColumn":30},"tokenRange":{"beginToken":{"kind":94,"text":"INSTANCE"},"endToken":{"kind":94,"text":"INSTANCE"}},"identifier":"INSTANCE"},"scope":{"!":"com.github.javaparser.ast.expr.NameExpr","range":{"beginLine":23,"beginColumn":3,"endLine":23,"endColumn":21},"tokenRange":{"beginToken":{"kind":94,"text":"LoadPlanTreePrinter"},"endToken":{"kind":94,"text":"LoadPlanTreePrinter"}},"name":{"!":"com.github.javaparser.ast.expr.SimpleName","range":{"beginLine":23,"beginColumn":3,"endLine":23,"endColumn":21},"tokenRange":{"beginToken":{"kind":94,"text":"LoadPlanTreePrinter"},"endToken":{"kind":94,"text":"LoadPlanTreePrinter"}},"identifier":"LoadPlanTreePrinter"}}}}}]},"type":{"!":"com.github.javaparser.ast.type.VoidType","range":{"beginLine":3,"beginColumn":9,"endLine":3,"endColumn":12},"tokenRange":{"beginToken":{"kind":62,"text":"void"},"endToken":{"kind":62,"text":"void"}},"annotations":[]},"modifiers":[{"!":"com.github.javaparser.ast.Modifier","range":{"beginLine":3,"beginColumn":2,"endLine":3,"endColumn":7},"tokenRange":{"beginToken":{"kind":47,"text":"public"},"endToken":{"kind":47,"text":"public"}},"keyword":"PUBLIC"}],"name":{"!":"com.github.javaparser.ast.expr.SimpleName","range":{"beginLine":3,"beginColumn":14,"endLine":3,"endColumn":34},"tokenRange":{"beginToken":{"kind":94,"text":"testCascadeBasedBuild"},"endToken":{"kind":94,"text":"testCascadeBasedBuild"}},"identifier":"testCascadeBasedBuild"},"parameters":[],"thrownExceptions":[],"typeParameters":[],"annotations":[{"!":"com.github.javaparser.ast.expr.MarkerAnnotationExpr","range":{"beginLine":2,"beginColumn":2,"endLine":2,"endColumn":6},"tokenRange":{"beginToken":{"kind":107,"text":"@"},"endToken":{"kind":94,"text":"Test"}},"name":{"!":"com.github.javaparser.ast.expr.Name","range":{"beginLine":2,"beginColumn":3,"endLine":2,"endColumn":6},"tokenRange":{"beginToken":{"kind":94,"text":"Test"},"endToken":{"kind":94,"text":"Test"}},"identifier":"Test"}}]}],"modifiers":[],"name":{"!":"com.github.javaparser.ast.expr.SimpleName","range":{"beginLine":1,"beginColumn":7,"endLine":1,"endColumn":10},"tokenRange":{"beginToken":{"kind":94,"text":"Test"},"endToken":{"kind":94,"text":"Test"}},"identifier":"Test"},"annotations":[]}]}